open,high,low,close,volume,rsi_7,rsi_14,cci_7,cci_14,sma_50,ema_50,sma_100,ema_100,macd,bollinger,truerange,atr_7,atr_14,year,month,day,weekday,target
179.279999,181.139999,170.75,172.259995,150185800,52.65988145528091,59.45787705479027,-53.75059860161283,52.79031649843572,155.77800048,159.31003081277953,151.6462001,152.53707880953735,6.163046935156928,167.13650055,10.389998999999989,6.146629500383199,5.112466001444907,2021,12,16,3,bearish
151.889999,152.199997,150.059998,151.279999,65463900,62.90120144081709,59.874834852372416,47.00956304818438,97.9991696592749,147.5506,147.04164934521114,145.68640016,144.08763424083733,1.5210953939857177,147.92300115,2.139998999999989,2.530389907769664,2.604125230020033,2021,11,5,4,bearish
132.440002,134.660004,131.929993,134.429993,91266500,78.03041097725627,66.62534189997402,106.1385180215992,137.5802581692015,126.6835997,126.12515985966438,127.16359984,124.49718930991104,1.9061547072406315,124.70749975,3.41999899999999,2.840514402866895,3.049688109440535,2021,4,13,1,bearish
147.080002,147.949997,142.529999,142.639999,69473000,39.010773168261935,42.07143241908828,-129.5114819138747,-10.16488688747425,156.73180054,153.43399479355833,161.6149005,157.5800878195476,-2.389755858273503,144.86050185000002,5.430007999999987,4.89360071263797,5.230665803089983,2022,6,9,3,bearish
118.330002,118.830002,113.610001,115.540001,184642000,43.140798930356745,48.76798308231096,18.626378491554345,-62.32755311234267,109.68369964,110.44315560658008,95.68127474,99.74844148281736,1.2577313078825512,121.19637385,5.220000999999996,6.20590674298906,5.436043075868343,2020,9,15,1,bearish
26.655001,26.860001,26.5725,26.705,99881200,36.61463014432618,54.488239514699664,-99.239710631281,-153.587877626389,25.43510016,25.95122747366226,25.116475060000003,25.605408385705545,0.3887074758698645,26.97687525,0.2875009999999989,0.3113947407818446,0.3314510593806211,2016,8,29,0,bearish
51.072498,52.209999,50.875,52.119999,129772400,58.239687094287454,63.05393870412492,-2.782994926254985,30.22672170979723,47.98245004,48.50775539328279,44.11742499,47.054985111932886,1.2266066925853494,50.9679999,2.0625,1.2524796146215154,1.0681054407393558,2019,5,6,0,bearish
135.490005,136.009995,132.789993,133.190002,80576300,37.49893270939962,47.92679023245262,-132.62211482564553,-77.57078454824126,131.43020018,131.13861903499668,123.87400006999998,124.56236919448077,1.04302139509835,136.11050029999998,3.220001999999994,2.936349809778282,3.316325672009969,2021,2,16,1,bearish
36.790001,36.862499,36.287498,36.647499,136661600,27.96671495936773,38.19253744213934,-89.2649183292959,-173.9544204334204,37.16109968,37.123411735673,35.43949979,35.424229961231994,0.0094866621645834,38.1839994,0.5750010000000003,0.7894676737101192,0.6497731694024471,2017,6,13,1,bearish
141.899994,142.919998,139.110001,142.649994,94639600,37.31950934544592,40.20048092488459,-92.16764585037932,-115.03113624505086,147.95579985999998,145.94976252688855,140.58489976,142.07562888416098,-1.72820854923836,147.54599990000003,3.809996999999981,3.006209278309773,2.913200240950913,2021,10,1,4,bearish
38.220001,38.424999,37.877499,38.072498,108092800,45.85830828555424,40.40854345761174,68.12878647637413,12.373390303229986,43.87810006,43.08826705296841,49.5819751,46.12750837653061,-1.7356561911093138,38.9432497,0.5725020000000001,1.263588628940144,1.4027328892777655,2019,1,11,4,bearish
156.009995,159.440002,154.179993,157.279999,116124600,41.29456534999994,42.46217924955823,-81.22474479028907,-90.82766264272712,165.32080014,165.12869057710847,168.46530026,164.54193793658325,-2.630672010683924,163.10749965,5.260008999999997,6.278998372762219,5.546762684375598,2022,5,6,4,bearish
195.039993,195.179993,191.850006,192.580002,50389300,44.27839060001069,53.70870311654628,-109.38988033714575,-47.81698325501224,186.53880008,186.517413108934,175.52990023,177.46340819471345,2.3118686396199166,192.63150025,3.759995000000004,2.8435107897354324,2.861393897052416,2023,8,2,2,bearish
190.330002,191.559998,189.229996,191.240005,45679300,69.44393808575506,67.43491321411788,49.56774352362435,64.55769465496273,179.45160058000002,182.64577195337355,181.57890055,180.15164109123623,3.496254147236812,187.1584991,2.3300020000000075,2.3537673690565355,2.6074215016702595,2023,12,1,4,bearish
173.050003,173.669998,171.449997,173.440002,43816600,34.435919646045576,42.01154155045297,-80.74731611787956,-120.25547469258872,177.3402008,177.63702473881767,182.38510071,177.27319390728545,-0.7950070149408361,175.3885017,2.2200009999999963,3.044650360365895,3.1909430614411054,2023,10,24,1,bearish
27.25,27.25,26.987499,27.0075,54281600,34.38198391848944,36.63768160985639,-0.4053340531724679,-65.28818816652742,28.89485,28.53908362177841,28.50994998,28.916934565726866,-0.6244544154569667,28.32450005,0.2625010000000003,0.5471374137914059,0.5824723600496444,2015,12,24,3,bearish
133.990005,137.339996,133.509995,136.690002,124486200,81.65275415624201,73.5979535392931,135.7483132898932,166.082539483432,120.05660002,121.72720075790706,118.48979973,115.50901544664131,3.7944964198778166,125.9080006,5.369995000000017,3.501796533013616,3.312413193427509,2020,12,28,0,bearish
28.41,28.48,28.0275,28.129999,119526000,50.23626311867546,50.98832953729652,-10.93766500560071,50.67436074373431,27.82264996,27.61446224430923,26.39147501,26.49139338230139,0.0625604374768649,28.095000150000004,0.4525000000000005,0.5204459393863518,0.57493797595717,2014,12,30,1,bearish
42.75,42.962502,42.619999,42.77,65920800,39.94388398150116,48.11829642229577,-62.86711625940775,-62.89245658849395,42.435100160000005,42.3297323755037,40.98202515,41.061318474492246,0.1761147873992214,43.0056253,0.3425030000000006,0.5596992062867066,0.6016420912316702,2017,12,28,3,bearish
32.7425,33.2425,32.674999,33.017502,235600800,76.38351576736125,64.51255145499127,140.62439262299077,214.91640277019889,31.96100002,31.76121890440864,31.82319997,31.342096470054656,0.0714349985360698,31.57375015,0.8375010000000032,0.5573536504438955,0.5256205028713778,2015,7,20,0,bearish
28.4475,28.692499,28.424999,28.477501,110395600,59.81266683124487,55.28960969287592,152.5768864835473,106.02837620188645,27.74839998,27.593419927710496,26.346375030000004,26.458288794978124,0.0668135932325952,28.1268752,0.2675000000000018,0.5317702626174103,0.5843562818000293,2014,12,29,0,bearish
23.370001,23.3925,23.115,23.127501,114876400,21.05349383300264,25.896055014056746,-59.62208188360395,-61.643348220825935,25.91280008,25.36054029778008,25.35630004,25.90255817917393,-0.9350637548963014,24.98287505,0.2774999999999998,0.4687342919298056,0.5074347478470226,2016,5,11,2,bearish
32.197498,32.717499,31.6525,32.605,365150000,64.92587523641235,67.55322023410312,-28.51855001368762,52.19599842347527,29.02345,29.68549032461432,28.08264998,28.28130154488861,1.1416527007982928,31.13512475,1.0649989999999967,0.6760715831741239,0.6588916724411252,2015,2,26,3,bearish
135.580002,135.990005,133.399994,133.720001,96452100,65.2636683411348,65.45132518981424,48.73414557624101,90.1219350803306,120.72839994,122.6926984358842,118.9255497,116.24542295897773,3.9795667669018258,127.2490002,2.590011000000004,3.487647636499799,3.33626502392474,2020,12,30,2,bearish
18.868214,18.993929,18.803572,18.989286,202563200,59.89009615122924,52.59874015672965,113.386873545517,35.379172089026305,18.97786438,18.944382419176417,19.21382501,18.84658235930681,-0.0682248710049577,18.95967865,0.1903570000000023,0.2612616668101603,0.2624428921338996,2014,4,22,1,bearish
142.470001,144.449997,142.029999,142.830002,74602000,33.733842878259026,39.182467250261936,-80.77751591222696,-99.3906682292232,148.11679992,146.27156724049857,140.27099983999997,142.07542000401244,-1.4193074703901516,148.64649964999998,2.5399930000000097,2.834284434366083,2.824539711398693,2021,9,29,2,bearish
128.410004,129.949997,127.43,129.929993,77034200,37.03667329471783,37.45788702074158,-55.37471614379033,-78.70794474697564,143.07599932,141.31134289957507,149.06219950000002,145.61114071749884,-4.416426615012767,137.35500005,2.5199969999999894,4.045463894098292,4.286136941136324,2022,12,30,4,bearish
73.879997,74.887497,72.852501,73.230003,187572800,45.661152747532384,44.99196896665937,47.768610789485365,-29.0164437316948,76.90659959999999,75.05843466971804,70.79312485,70.89905711787762,-1.4260448341706535,76.86212385,2.8324969999999894,3.751554987030685,3.079519941352924,2020,3,5,3,bearish
51.0,51.470001,50.924999,51.415001,74162400,64.69571164800857,62.307523642051606,88.5862618488976,102.24865537128812,48.329100180000005,49.17428232818759,48.22735012,48.18350402819549,0.7491461710624492,50.38787565,0.6324990000000028,0.6860787382717776,0.7980716106606959,2019,7,18,3,bearish
23.725,24.155001,23.702499,24.032499,194044000,47.88239469831274,54.49500770368111,-109.33064951237364,-15.136426480371854,23.318485560000003,23.17143760138843,21.576453540000003,22.06177173071164,0.3203536979527861,23.98587485,0.452501999999999,0.4264087373329102,0.40871372025089,2014,8,1,4,bearish
79.457497,79.922501,77.727501,77.852501,162301200,73.56682140106206,65.77831206489554,100.17806152410274,128.31937608019385,68.0789,70.79092209181411,72.37829973,69.64911359097383,2.684079455367538,72.466375,2.194999999999993,2.0168487016240992,2.291677231506859,2020,5,12,1,bearish
31.807501,32.009998,31.639999,31.672501,131369200,51.19589733315861,53.20993611590684,21.003473425854875,45.54394767552262,30.46119988,30.67737082681693,29.233799940000004,29.293106670874828,0.2238430521198502,31.7169998,0.3699990000000035,0.6055227113235512,0.6321743502675475,2015,3,24,1,bearish
29.674999,30.172501,29.567499,30.1325,204909200,71.30544011577727,64.19973304815082,118.32195347396194,148.34167018652323,28.08550002,28.608517068365312,29.47435003,29.14313746085579,0.3741894525678972,28.3105,0.6050019999999989,0.7147147038757078,0.6939254541344378,2015,10,29,3,bearish
174.75,175.880005,173.330002,175.839996,84914300,71.18334362423649,59.88726488928348,86.90939566612698,101.79651750160092,170.65120024,167.71167546345148,159.01180007000002,161.51151791632702,-0.1688160131558902,169.29850004999997,2.550003000000004,5.018743310829931,4.803266556979047,2022,2,2,2,bearish
191.410004,192.669998,190.240005,190.679993,46778000,59.94604647860876,65.17387697523307,1.1465472441052182,67.1604268223704,178.71560000000002,179.52443516668754,167.91460027000002,170.74288466423954,3.941697961731421,186.92899945,2.429992999999996,2.668696699182771,2.7134824908519923,2023,7,7,4,bearish
44.662498,44.779999,44.404999,44.505001,157618800,53.28722438752685,56.47608551793064,-51.23097662522437,12.10529674578343,43.14105007999999,43.31010066112697,42.89240011,42.494796737130855,0.599090263566616,44.15350025,0.375,0.7116371300090248,0.8140834884048294,2018,3,16,4,bearish
172.479996,173.850006,172.110001,173.5,55962800,71.89632312827092,67.42549771313499,121.50592129388713,160.50515304663335,160.27659978,161.3105129849843,150.41989961000002,155.90495729595574,2.8955277489035893,166.6029999,1.7400049999999965,3.3696639602546687,3.1545664012348427,2023,5,8,0,bearish
131.610001,134.410004,129.649994,131.880005,168904800,76.04076635890722,69.05069099770418,170.04840056259474,174.84298931029252,119.3241998,120.25361455448945,117.78024964,114.41224876628132,2.995821226082967,123.31649975,6.180007999999987,3.5814197769614333,3.3240299484593,2020,12,22,1,bearish
55.060001,55.57,54.787498,55.0075,106435200,48.07805688524464,53.85657288465924,-21.635053361405184,-51.6872661080041,52.38935036,52.833599419499336,49.58502515,50.2604249394015,0.6644921642302108,55.40725045000001,0.9775010000000036,1.2211644555199783,1.121901682897653,2018,9,20,3,bearish
126.25,127.889999,125.849998,127.449997,81918000,47.10366622797007,46.897011924011885,10.201902043284216,-52.87181797034747,127.04800018000002,128.56231615257636,129.35310019,126.7400660368673,-0.9202074843090317,130.58650085,2.9199980000000068,3.140413276292413,3.037818318870869,2021,5,14,4,bearish
53.9575,55.8125,53.674999,55.682499,155071200,54.44621602961728,52.1595212484186,32.138961032480324,-21.92502035086375,55.22315016,54.4409668982803,51.69392512,52.213392543459314,-0.0279773930920512,55.68712475,2.1375010000000003,1.5284287525152076,1.4039667460369505,2018,10,23,1,bearish
196.160004,196.949997,195.889999,196.940002,40714100,62.465189317172346,64.48429377212472,29.44649921200872,74.59315235803922,184.51460076,187.4449079158921,181.78360073,183.34093924319384,3.502231264538892,193.10900035,1.059998000000007,2.6342854954382595,2.751931146337092,2023,12,19,1,bearish
29.01,29.4125,28.875,29.290001,163538800,48.21715691490987,42.97738243182686,59.618428070172186,-12.64641229110902,30.98175004,30.630098098460728,31.47904998,30.838564166101705,-0.677925441263401,29.9286249,0.5375000000000014,0.8167518641953068,0.7627956472600741,2015,8,17,0,bearish
137.460007,140.669998,136.669998,139.229996,66242400,51.92945482477781,47.11717945055373,9.389973599152876,40.01475463785202,147.52940068,146.51967661712737,157.58070068,152.68543598449764,-2.655113675979919,139.9525018,4.0,4.3436377653051546,4.670340082058843,2022,6,29,2,bearish
28.780001,29.032499,28.51,28.73,319547600,74.4309170799028,69.25818628489363,100.2815209209154,191.7264916432305,26.2995001,26.43596852166994,25.12200002,25.94767710171142,0.4273594298479146,27.0375,0.5224989999999998,0.6575565389843548,0.5300546181814508,2016,9,16,4,bearish
197.529999,198.399994,197.0,197.570007,128256700,69.07390071431034,67.92877607879822,83.04093412242084,124.8129844687001,183.78760094,186.6968368943088,181.74580075,182.8071442724029,3.750711998177195,192.52450025,1.3999939999999924,2.849443202124294,2.859162299893904,2023,12,15,4,bearish
47.625,48.7425,47.365002,48.3825,147713200,36.91629569803034,37.706829829259945,-42.27196692300177,-87.01363131079188,54.07665006,52.709052777300656,52.47267514999999,51.94017440950078,-1.8199105992939195,51.9385,1.3774980000000028,1.7125887837130682,1.7010628828850995,2018,11,16,4,bearish
51.9175,52.287498,51.7925,52.1675,59966400,67.17655222482271,63.88881613137479,110.39799020050698,155.481319145148,48.53310022,49.55251465250214,48.55235013000001,48.45540001330532,0.805657101980664,50.82450035,0.4949980000000025,0.7076375063724374,0.7873538455872584,2019,7,24,2,bearish
33.235001,33.400002,32.7925,33.0425,276912400,82.8845336266805,76.33251245521814,125.37054741410424,114.06710488492182,28.83415008,29.458931915908423,27.932325,28.11307099604648,1.2209284237699445,30.700624800000003,0.6075020000000038,0.5456250715425585,0.5986257739553883,2015,2,24,1,bearish
193.779999,193.880005,191.759995,192.460007,31458200,73.39868654009153,72.19429988007606,103.71314131312148,157.3605575307556,177.12160034,178.02739917978286,166.71440022,169.47357933591255,4.209104189328684,185.0685006,2.210005999999993,2.744874911202269,2.7571396831578814,2023,7,3,0,bearish
86.974998,88.692497,86.522499,88.209999,166651600,90.55940035676588,80.31507860015054,160.4373796690084,235.81847092303948,74.14264998,76.4125900521487,73.592625,73.29414799357622,2.991188074206306,80.4177503,2.69499900000001,1.952062316751901,1.940601243193485,2020,6,10,2,bearish
134.990005,143.589996,134.369995,142.990005,113224000,47.54492694139286,42.47885157591914,-37.5833043807641,-61.78073626059382,156.89939941999998,151.31567943603542,151.2804999,153.43671625487548,-4.406286389133925,146.66099775,9.220001000000025,4.838921065767387,4.699999070010124,2022,10,13,3,bearish
24.6325,25.1875,24.6,25.1875,249482000,50.09380901215019,51.85971801211959,-74.31578424135513,-67.09846139941635,24.7198,24.64818055469845,23.70215708,23.63714547053675,0.1241623350344731,25.1645001,0.7199990000000014,0.5727777104166855,0.5169804651836032,2014,9,26,4,bearish
155.389999,156.279999,153.410004,154.089996,66675400,69.76091489430806,62.79449859517568,100.43052728715416,139.1348723379393,143.21880066,147.06797326088304,154.03580032,151.1959714585606,2.9707187065955623,145.44599985,2.869995000000017,3.777885431871496,4.054020612689027,2022,7,22,4,bearish
24.815001,24.825001,24.577499,24.665001,113254800,55.58613605340711,56.12120916953192,-66.26493842578807,41.97537293376013,24.19045002,24.430131360407493,25.05162505,24.84985440763708,0.1997972312570404,24.18312515,0.2800010000000021,0.3037565587630216,0.3356016564102007,2016,7,22,4,bearish
57.695,58.087502,56.682499,56.997501,128168000,59.10547807551424,59.76768666886517,51.98404585092716,96.8677568641301,54.04175036000001,53.9838023903384,50.62655016,51.34903047457664,0.8403142947865518,55.7208754,1.405003000000001,1.0749960105152578,1.0692536824246692,2018,10,4,3,bearish
42.797501,43.330002,42.747501,43.0075,104457600,67.8774849342887,61.60087215778616,214.7716341371768,71.78354412412021,40.22270002,42.00557429921539,45.86820001,44.11435061282981,0.7887945421624849,41.61587475,0.5975040000000007,0.6854619232460009,0.870209173397357,2019,2,20,2,bearish
160.020004,162.300003,154.699997,161.619995,162294600,19.27608200985844,34.36301971685461,-138.4875718582811,-190.2256733754716,168.58160030000002,167.52691386615194,158.02230010000002,160.53386059742914,-1.6785541230289596,173.40999985,7.71000699999999,4.64526464770452,4.362128285957701,2022,1,24,0,bearish
173.979996,174.710007,173.449997,174.199997,43570900,62.74101100371169,63.2416219862362,47.91338057091215,78.88165341531635,165.03500032,165.28691550863098,154.20949996000002,159.06356691069405,2.8278195977646305,170.84750055,1.7100069999999905,2.320614617670046,2.589476101016992,2023,5,22,0,bearish
142.270004,144.809998,141.809998,142.809998,64452200,46.95572816113258,44.31113629383816,71.57209941070063,-2.2862646783198555,147.3647995,145.09770163686136,141.58739969,142.05761480409106,-1.6960592976352302,144.17399830000002,3.0,2.920708943508408,2.92275491399497,2021,10,11,0,bearish
43.0,43.0,42.514999,42.877499,156572000,29.98846838589876,41.9317984229565,-117.6062705694664,-150.9145698489314,43.26395006,43.07960188498654,41.67552503,41.90209412017474,0.1198852670417025,43.65074985,0.4850009999999969,0.6718378480988196,0.6295782765523391,2018,1,26,4,bearish
23.0725,23.075001,22.834999,22.965,142112000,51.76179230395395,61.77657539186026,-57.01350242633306,-30.94525666540934,21.33412856,21.676228487833587,20.09987496,20.68431998703138,0.4845073008610399,22.82008895,0.2400020000000005,0.3286008757683993,0.3375463013962617,2014,6,19,3,bearish
173.029999,173.740005,171.309998,171.520004,70346300,62.63152465921301,67.47817898365835,-9.191779453465273,63.51647969962437,151.31880004,157.90902668053636,154.38850037,156.09005438193293,6.170308392817844,165.30350034999998,2.839995999999985,3.0009923101812723,3.3662921826465992,2022,8,19,4,bearish
23.965,24.2225,23.9125,24.112499,171240000,78.31431940232346,72.63116128261383,144.7165287579126,112.94144381171368,22.5456713,22.497180706428946,20.85455357,21.41959541539554,0.4121742652154445,23.262,0.4175000000000004,0.3799961048898789,0.3633646287538644,2014,7,14,0,bearish
22.83,22.905001,22.65,22.7075,174776000,40.4014690557431,55.38833182728656,-140.41316075680962,-127.87672350338347,21.49011426,21.75628018911397,20.19449282,20.764088600111137,0.3811616338102546,22.91076765,0.255001,0.3283600924012728,0.3366216935508571,2014,6,23,0,bearish
112.370003,116.93,112.199997,115.32,146129200,48.18424940254532,49.040601911124405,-30.64887325802649,-76.9650010611024,117.37134952,114.1207899488456,107.62152458,107.07351510629982,-0.1578570340807488,116.7720005,5.730003000000011,3.953885371091694,3.986809878198017,2020,10,29,3,bearish
39.967499,39.990002,39.477501,39.912498,179629600,42.582252964364685,50.805874371640265,-126.26011905101652,-120.22059070826649,38.8496001,39.16878033748503,38.08502484,37.900612829630106,0.3389757327259417,40.1760002,0.7374990000000068,0.7194532667845761,0.6800612274838072,2017,9,13,2,bearish
48.535,48.549999,48.084999,48.365002,85388800,75.44452338596052,69.6448836188132,66.90541989179303,125.51090818126416,44.72705004,45.51633781513779,43.86740012999999,44.29493813520065,0.943873227866476,47.2458746,0.4649999999999963,0.5938717181435774,0.6808167865099778,2018,6,7,3,bearish
112.599998,113.775002,110.0,112.727501,212403600,76.0836892189592,74.11446856143861,77.03961611636133,85.29224186878476,93.4159996,94.53249645261802,82.02272484999999,86.79476258838129,5.4640885657379386,100.88412505,3.7750020000000006,3.564333053275828,3.183859434450311,2020,8,10,0,bearish
171.850006,173.339996,170.050003,172.550003,61177400,54.099826288449385,52.705032044278354,-6.466443599219778,-15.450099497714003,172.66379974,169.20150302959155,161.56700010999998,163.4612164167528,0.5282024690883418,169.29149935,3.2899930000000097,3.9551695808500384,4.202470999518953,2022,2,16,2,bearish
35.915001,36.685001,35.915001,36.584999,130165600,42.22925239706327,42.82826487081357,1.2176338710202217,-65.84107346737582,37.17064962,36.97664429073274,35.679824790000005,35.478475547575044,-0.3619624191090125,37.7682495,1.1174999999999995,0.8159070650263699,0.6987940928338006,2017,6,19,0,bearish
146.100006,146.720001,140.679993,142.479996,128138200,22.987897775314792,32.056977037988844,-174.9912492846351,-208.18877526591464,160.07719974,155.97413712584716,151.61930011,155.9924011701217,-3.346549228763223,153.74299860000002,9.160003000000016,5.485510355659875,4.870169514685763,2022,9,29,3,bearish
38.950001,38.950001,38.1875,38.3475,150046800,22.4812240551084,36.16756778200956,-158.3032923398784,-203.2747443647233,39.23805022,39.2064717564346,38.28289992,38.065730910685645,-0.0686006622424244,40.0727503,0.8300020000000004,0.728040978224219,0.6913726374795055,2017,9,21,3,bearish
29.200001,29.35,29.195,29.264999,95132800,82.53901094806834,69.09812356187629,96.01445305747016,91.2335713562918,28.22944988,28.112765111164485,27.857524980000004,27.633778911793,0.3678470867497481,28.227999950000005,0.1550000000000011,0.3633465678940445,0.4180768655542995,2016,12,21,2,bearish
52.3825,52.445,51.799999,52.220001,93970400,78.45780394717212,73.77060722203804,74.85658277022014,88.24058312447666,47.9682501,48.162234421971824,46.02695012,46.65558293267549,1.2945381866753962,49.2677503,0.6450010000000006,0.9132560169205473,0.8611860828649629,2018,8,9,3,bearish
128.899994,129.580002,128.039993,128.699997,94359800,75.20938403658451,67.03011698352489,106.29304083336926,186.36136286445648,118.71559978,119.13919862507608,116.88744964,113.51274771562416,2.549455431473916,121.46949915,1.7700040000000143,2.843548340267461,2.9684642337607263,2020,12,17,3,bearish
35.8125,36.2225,35.7925,36.192501,79565600,76.95372801963094,74.53100317226809,73.32023527936886,103.59237682505866,33.9598499,33.95236758376052,31.26429992,32.13381178570535,0.5897079480618999,35.31612515,0.4299999999999997,0.3907412913186298,0.3816198995112479,2017,4,4,1,bearish
193.100006,198.229996,192.649994,195.100006,80507300,74.84299036703602,70.12116842211813,117.54426516690545,159.38526626288893,182.39000062,182.81271748318864,171.06540027,173.80052550548888,3.158420053457405,190.0285004,5.580002000000008,3.0074769785934623,2.869637794747558,2023,7,19,2,bearish
138.050003,138.789993,134.339996,134.869995,121047300,71.34002766967218,68.52263316248603,107.34466296596104,134.08649186814648,120.37359998,122.2426044536754,118.69947472,115.8924011803712,3.975103348310185,126.6990002,4.449996999999996,3.6372537425830975,3.393669179611258,2020,12,29,1,bearish
37.884998,38.067501,37.639999,37.9725,186581600,19.364124802408355,33.50746658188615,-137.95769980278698,-222.7724962997543,39.258650200000005,39.15808070716265,38.29384993,38.06388475403833,-0.1932513181474036,39.98050025,0.7075009999999935,0.7251066956207582,0.692524663373826,2017,9,22,4,bearish
25.0975,25.129999,24.6425,24.6875,254754400,38.26524615494223,44.75781240636841,-92.3969274700951,-74.71195928004659,24.92575008,24.77395176415764,24.14421068,23.92351920090992,-0.012230636646489,25.0930001,0.4874990000000032,0.4795926021057674,0.4819381319222542,2014,10,14,1,bearish
176.389999,176.389999,174.940002,175.160004,55772400,71.52934213239178,66.71353419225102,145.4895534570972,130.7489240898653,164.52100038,164.92311626408534,153.76779998,158.75778044424342,2.900625743323644,170.4040008,1.4499969999999962,2.4223825539483888,2.657127570325992,2023,5,19,4,bearish
160.199997,160.389999,155.979996,158.520004,105342000,37.73861060034895,40.144824828072,-101.85227757642424,-131.43369414181913,169.13040035999998,166.414909339169,164.70820064,163.39396496905724,-2.5818315481983234,165.2815009,6.970000999999996,5.45716286220119,5.056929140776267,2022,3,10,3,bearish
31.67,31.905001,31.5275,31.905001,222201600,51.79267042564385,51.28222868898914,19.7416121446978,-41.90817529821744,31.67139994,31.46858312185252,30.34742497,30.447645331384305,0.0269049587610972,31.903375,0.5899999999999999,0.7079615169851797,0.6667981941652136,2015,5,8,4,bearish
115.489998,117.279999,114.540001,116.599998,92276800,49.44423035053445,50.58879555590057,-16.269725377331863,-54.47114708664852,117.46634952,114.1890607875666,107.04994957,106.82019061252572,0.3381223024398565,117.0760006,2.739998,3.350843393985915,3.7260041072592376,2020,10,27,1,bearish
44.814999,45.154999,44.512501,44.529999,151128400,72.54398413544689,62.80924303679719,83.06671447354545,94.21021075202069,42.85014998,42.58341233688335,42.26955006,41.95938417527681,0.5278584986674133,41.9071249,0.6424979999999962,0.9035079564283128,0.9491667330231772,2018,2,28,2,bearish
145.350006,146.660004,141.160004,143.210007,82291200,44.00558969221509,46.26348764754406,11.901404020677816,-38.78818766692235,145.28039946,146.6760095657744,152.32239961000002,149.02230406528034,-0.8765836868030021,146.30849995,5.5,4.4877524178274495,4.568882723827071,2022,12,14,2,bearish
196.240005,196.729996,195.279999,195.610001,35175100,62.59517067695708,63.47252997960609,81.3151322445322,106.96865224375628,186.19040012,186.2699605011354,175.11000016999998,177.1580224612733,2.6136343048755464,192.56900025,1.4499969999999962,2.690763421358004,2.792270735287217,2023,8,1,1,bearish
38.450001,38.68,38.384998,38.557499,102016800,41.67762853846089,42.739220727671885,4.510141274712812,-57.44781884461779,39.30485026,39.046587336069685,38.33227492,38.06983894236625,-0.36183403211934,39.6515002,0.3950000000000031,0.6878512193996613,0.6806027093412157,2017,9,27,2,bearish
49.669998,50.185001,49.544998,50.154999,86781200,81.85740270606513,75.7446604610555,80.40681063941406,116.68363226844936,45.08605004,45.79468476926421,43.039125090000006,45.37029370330789,1.441013716617114,47.9361252,0.6400030000000001,0.8325552300536302,0.8697233612061295,2019,4,10,2,bearish
29.025,29.129999,28.67,28.752501,193146000,39.07533903825464,38.8685178909264,-2.8752755503512915,-37.730560676131056,30.863200039999995,30.49975803014348,31.4391,30.76399581107995,-0.6393668173222977,29.622874950000003,0.4599989999999998,0.709552247163899,0.7142854611579211,2015,8,19,2,bearish
80.3675,81.805,80.3675,81.800003,113730400,63.939517889737104,63.00395380926684,136.06393698505573,105.20641992198532,74.59919972,75.05535013229775,67.79919998999999,69.35268715763429,1.6364250418200044,79.55050055000001,1.9025040000000075,1.8672629351920864,1.7487541279903196,2020,2,12,2,bearish
31.75,32.290001,31.592501,32.1175,261083600,62.077387765265016,58.61391310651469,142.4837424222088,50.17843400757594,30.1142499,30.499056964746185,29.020299920000003,29.09217025471724,0.2630292387122388,31.914749700000005,0.697499999999998,0.6787084327838323,0.6685906369482199,2015,3,18,2,bearish
19.455357,19.531786,19.083929,19.191786,313768000,57.05240422449911,52.81233345791038,14.138169053359992,71.44022766896201,19.36890706,19.06279218386421,18.89789285,18.733178561559225,0.0113869991805444,18.8207856,0.447856999999999,0.3428581396227058,0.3630522816586642,2014,2,19,2,bearish
69.285004,71.610001,67.342499,71.334999,285290000,45.8525617072286,44.60543982100026,-64.73565655119285,-69.97728947031592,76.81839968,74.49016132746574,71.12597484,70.848974583167,-1.9551331569614088,75.2839992,5.0674980000000005,4.189994983086378,3.439213709603635,2020,3,10,1,bearish
173.75,174.899994,173.119995,174.149994,62290100,81.06439344272079,74.96432155212794,78.77493368735915,104.41922310202254,150.8476001,157.35347658586437,154.42930039,155.7783382280326,6.458114458350906,164.43199995,1.7799990000000037,3.0278250285448207,3.4067765043886467,2022,8,18,3,bearish
78.942497,79.807503,78.837502,79.722504,81803200,69.93172833382143,65.83760498781538,65.95280365533918,91.71105762435968,69.37285014,72.89302924820471,72.95147494,70.94601699616977,2.647354420441374,75.8995007,0.9700009999999964,1.766464427724749,2.0579389135806703,2020,5,22,4,bearish
54.502499,56.075001,54.139999,55.962502,142996000,58.819543764592645,64.2400901712539,-61.51487613903593,1.218973050095991,51.22655028,52.07741319568888,48.59380013,49.51947399184851,1.3254415015642351,54.7897505,1.9350019999999968,1.1789599227940986,1.0205887159206226,2018,9,11,1,bearish
150.630005,151.419998,148.75,149.550003,102404300,40.0968345099943,48.99399556364835,-138.47746712353535,-58.92797673783178,147.90840024000002,146.77029431109878,138.6135002,141.12823630129282,1.6149397228892042,150.8095001,2.6699979999999925,3.0758696627268565,2.8331791986775565,2021,9,13,0,bearish
23.51,23.530001,22.975,23.0725,218996000,58.131286134542925,67.10095664961656,-19.35221530621181,58.39482178500205,20.93617852,21.3870426346762,19.93420713,20.44258870725054,0.6853799909200085,22.4356962,0.5550009999999972,0.3864353206069292,0.3610152071171817,2014,6,12,3,bearish
76.127502,77.447502,75.3825,77.385002,158929200,67.24773049755558,63.57284141434428,-19.105070246084885,59.5325485545311,68.20455,71.28016107283571,72.52187478,69.94328078748501,2.644351657104451,73.04225005,2.065002000000007,2.166767290989136,2.334737475125813,2020,5,14,3,bearish
124.279999,125.239998,124.050003,125.059998,59278900,43.25061411426484,44.36587251775765,-76.49270137441441,-83.04814374755594,128.01920013999998,127.4607793379388,128.64990005,126.51753427766988,-1.0965824762507737,126.23150025,1.189994999999996,2.0096548933264056,2.3764408167271545,2021,6,2,2,bearish
27.967501,28.1625,27.665001,28.1625,236024800,54.64480088797342,52.3338127586762,63.55834156563383,-15.091557350263816,27.33309994,27.421660613046164,26.092325,26.233534306264364,-0.0691062535934285,28.499,0.8099990000000012,0.8061974432157839,0.7148154392749873,2014,12,18,3,bearish
35.099998,35.375,35.057499,35.365002,86168000,74.57971729247855,76.63696769697941,110.6670499991834,180.0437667928901,32.6909499,32.999680647639174,30.4420999,31.26789952136664,0.6669822122432549,34.69900015,0.3774990000000002,0.303906176172356,0.3229875251783164,2017,3,20,0,bearish
174.570007,178.490005,174.440002,178.440002,76468400,70.44769434348606,63.752174483064245,51.32580049515855,77.1157632519478,167.34160060000002,168.02300840886227,167.82460047999996,164.97995445983344,3.4217571703291583,166.8215011,4.180006999999989,3.826639912376919,4.18585047771536,2022,4,4,0,bearish
56.4375,56.709999,55.630001,55.959999,127997200,54.79950853217433,60.12432562026506,66.12053926207783,26.89434384789612,51.8006504,52.51564891677862,49.03735012999999,49.89384886903608,1.172536293085976,55.26487545,1.0799980000000031,1.2549716656662544,1.0944472251740551,2018,9,14,4,bearish
31.99,32.392502,31.264999,31.785,354114000,46.760554135208736,56.3718830180182,-74.52661664880418,-119.101728795626,29.629949940000003,30.243141758083123,28.570774960000005,28.764163508852192,0.6426524552951278,31.93299975,1.1275030000000008,0.6857109695576692,0.65814980786167,2015,3,9,0,bearish
126.18,126.9925,125.082497,126.522499,163022400,83.90114304643481,79.38795792682271,78.94617998271322,134.42514716325667,101.65564983999998,103.8179917987509,88.86972483,93.56594769978952,7.024150691693208,114.34437520000002,2.1675030000000106,3.248506314349193,3.163863470116309,2020,8,26,2,bearish
168.470001,168.910004,165.550003,166.229996,76678400,49.55587350055268,47.26504346127797,122.94674084716388,10.036517765238044,170.79340024,167.78406942154922,163.83270048,163.7242463354335,-1.544999459894143,168.6155006,3.3600009999999827,4.605701197018448,4.585619926777115,2022,3,3,3,bearish
137.589996,137.979996,127.0,131.399994,200119000,73.06872089377809,74.63151854738567,95.92674972067528,114.00398802422724,105.65219952,108.39485112904362,91.9910747,96.9357589620026,7.511569679835773,120.0104992,10.979996,4.876214847645583,4.03254969715352,2020,9,2,2,bearish
171.160004,173.360001,169.850006,172.139999,77594700,48.2605548308696,53.20987209037717,-99.26574733665458,-34.723082513810624,168.10040066,168.58263904142623,168.55710049,165.44647394578084,2.692010913625296,168.8275009,3.5099950000000035,3.936804157648439,4.176717172573122,2022,4,7,3,bearish
24.6325,24.8375,24.620001,24.7075,126851600,55.1663697200521,52.66923355015503,14.624197890904224,9.010680521549467,25.12584994,24.80021486705049,25.03192501,25.35601245685904,0.0659319937423958,24.32024985,0.2924990000000029,0.4095747484117806,0.4451618472522952,2016,6,10,4,bearish
128.410004,128.720001,125.010002,125.120003,102260900,41.08659655064567,41.28885369053005,67.82532163198798,-40.03927609923923,131.92160032,129.45796864956066,125.1824001,124.85156953395176,-2.4366211454460966,130.89350009999998,3.709998999999996,4.352951890889104,4.0158267186744965,2021,3,2,1,bearish
184.410004,186.100006,184.410004,185.009995,49799100,71.67328386393201,70.04312966478003,69.36604352549647,104.09833415031385,172.7904004,173.37585037113584,163.09509999,165.69835363031902,3.675517330422679,179.33699955,1.690002000000021,2.610471869177084,2.722310005813694,2023,6,20,1,bearish
32.505001,33.25,32.415001,33.25,283896400,90.4499206473346,79.47022774907911,189.72307018386724,123.5136171576198,28.73305006,29.31266383078029,27.853775,28.01348449991444,1.187624534524215,30.4622498,0.875,0.5353122501329842,0.5979429873365717,2015,2,23,0,bearish
40.6525,40.990002,39.692501,40.215,286856000,49.11461694724282,54.303801994462994,-29.11795043644853,-16.43776064185572,38.76885014,39.13842451452524,38.04157487,37.85996868477199,0.3966245733450506,40.2003754,1.297500999999997,0.7164456445820043,0.6756429372902534,2017,9,12,1,bearish
148.949997,152.169998,145.0,145.029999,93604600,43.44286638210488,46.57680235521699,-87.16372527919673,3.449463073146046,150.65419924,149.7299789193284,151.53679963,151.95720526843135,0.268942389297365,145.30049965,7.1699979999999925,5.79078391781973,5.309959242726167,2022,11,2,2,bearish
41.952499,42.9375,41.724998,41.945,153594000,39.378757845583976,42.59145030147854,-26.07546695116509,-76.02957651214163,42.90260014,43.05414843705211,43.06757513,42.494812890915306,-0.3524164705782837,43.61775045,1.317501,1.201000592520725,1.0601989785214982,2018,3,29,3,bearish
27.5,27.514999,26.665001,26.705,240056000,35.30951276876084,40.83436223668198,-103.42908516646266,-78.69438252189585,28.02825002,27.49424146725607,26.68742504,26.646049003565988,-0.201661263494838,27.6463752,0.8499979999999994,0.7584151479112707,0.7104107555205902,2015,1,15,3,bearish
191.630005,194.479996,191.259995,193.970001,85069600,84.03978344013404,77.6102819094078,166.7321859297544,228.140584209336,176.60540008,177.4383131463046,166.33630009,169.0092070598704,4.093561869484631,184.4930001,4.889999999999986,2.834019729735982,2.7992268895546424,2023,6,30,4,bearish
61.8475,63.209999,60.6525,61.195,271857200,37.53188513477312,38.75869544425883,-59.65466842408017,-97.46840756035029,75.40444980000001,71.85280526075655,71.41312484,69.92504611270321,-3.8750264676733934,69.39149929999999,2.557499,4.884540271153138,4.242742531567036,2020,3,19,3,bearish
145.259995,147.550003,145.0,147.039993,64547800,70.61712309047732,57.62981522697653,111.80551982411328,152.79533859277578,144.94940068,145.66262553176858,155.75670059,151.5199038406992,-0.2174818950267933,138.22299965,2.550003000000004,3.892933320853367,4.32044240463959,2022,7,8,4,bearish
168.910004,171.529999,165.910004,166.419998,87227800,41.51322337344459,46.2152283161993,41.13616442883375,-43.48852312237396,167.27540034,168.16070979209832,169.4693002,165.73886576938608,-0.3505825934237521,171.64100034999998,5.619995000000017,4.150679236751903,4.184948164937156,2022,4,21,3,bearish
27.615,27.967501,27.395,27.432501,224112400,27.88975995523801,41.37481909980412,-131.67734265658237,-143.73441020608723,27.14184996,27.43667690022424,25.97997496,26.14262061729257,0.1703435794935508,28.76487485,0.572500999999999,0.695629396729241,0.6329950879586815,2014,12,12,4,bearish
39.82,39.9375,39.040001,39.285,279747200,76.34469744960234,68.8260388071513,161.37578468946504,271.1785567403814,37.23259968,37.12224197875523,36.77332483,36.20675414563144,0.3628029823650323,37.319874850000005,2.424999,0.836683123215335,0.7018746289484847,2017,8,2,2,bearish
153.399994,158.080002,153.080002,156.899994,107689800,51.27061909650438,47.90510504127153,23.83744196127878,11.774347201383888,159.86440004,157.89604909958385,152.28990024,156.87209666341843,-2.1328771662487327,158.45199904999998,5.0,4.732300711470474,4.357833237134139,2022,9,20,1,bearish
42.017502,43.275002,41.610001,43.192501,150164800,47.98898102760696,48.52888311983039,-41.90183742901557,-96.6109164190114,43.05150022,43.203673929429065,43.07117513,42.53268264310595,-0.0979122525722075,43.9791255,2.040001000000004,1.0305589177528172,0.9483266449990853,2018,3,26,0,bearish
27.147499,27.33,27.1325,27.2125,85030800,62.550361456638015,67.05157681906081,-43.809693961094304,49.30496263748161,25.22570016,25.798781968562206,25.144150050000004,25.503217117789635,0.6017925328935654,26.82925015,0.2024989999999995,0.2934227851984646,0.3311611516811719,2016,8,23,1,bearish
174.820007,175.199997,171.660004,171.960007,64588900,33.42693139197574,38.38666813142614,-134.20777087733356,-154.62231987847383,182.65840056,180.16248682963155,182.02950057,178.14580212836862,-2.247585553622742,179.3680001,4.419998000000021,3.536700229357224,3.5586836874800207,2023,9,26,1,bearish
143.600006,144.300003,141.369995,143.160004,98390600,79.28881668858409,69.8793356870821,98.11515552130189,166.41041542356623,126.59680004,127.77220380648258,120.98039985,120.97006126233671,3.4309484954781624,132.7280002,2.930008000000015,4.467797799068431,4.037656488586963,2021,1,26,1,bearish
194.199997,195.990005,193.669998,195.710007,53377300,73.85398518617181,70.02192865957234,103.07238636823058,172.03325238092737,181.47560082,184.54772100810908,181.58990062,181.38231431061027,3.5507689349343536,190.26599955,2.320007000000004,2.7660938155996666,2.792243487329787,2023,12,8,4,bearish
43.762501,43.77,43.334999,43.522499,82867200,61.3832334011766,63.02032040361995,64.07534151412911,39.90700021826342,40.61089998,41.32236761229878,39.80860007,39.98022603564962,0.7849468869362823,43.0236249,0.4350009999999997,0.5402439939609417,0.5970472209705813,2017,11,27,0,bearish
23.227501,23.665001,23.1625,23.35,301245600,25.75257810454572,34.95633017947334,-225.3981350349516,-162.10803264888787,24.41684998,24.53403015551906,25.009875030000003,25.11155335746855,-0.1995815425576168,24.3783751,0.8624999999999972,0.464123045527413,0.4562776185027193,2016,6,24,4,bearish
19.645357,19.814285,19.491072,19.660713,554878800,52.147395341838966,51.37378705297818,12.021517659379834,52.11549377602726,19.54186428,19.378072402376056,18.66003929,18.76143015925601,0.0171237287688121,19.5613572,0.3232130000000026,0.3715985757224156,0.3606180728218844,2014,1,27,0,bearish
40.772499,40.849998,39.767502,39.884998,206434400,31.958741078588503,33.68217122092149,-55.75021017648145,-98.71013131091908,42.938850040000005,42.47012999997801,41.73935003,41.75260709521741,-0.8531798019871673,42.75312485,1.082495999999999,1.1954155696289157,0.9507471861413286,2018,2,7,2,bearish
32.395,32.645,32.227501,32.34,153800400,44.18868115485791,50.38744256364374,-118.62545891819164,-88.3442427584269,31.94999994,31.982173910887848,31.20559991,31.051110969881744,0.1890986067720561,32.334375,0.4174990000000065,0.4369002558059304,0.4991398337324537,2015,6,4,3,bearish
47.505001,49.0825,47.452499,48.772499,204136800,88.03239141237194,80.46532262515402,183.7852507970549,151.48800179177647,42.34359996,43.75170473100575,43.58320006,44.38181473942383,1.3932234569842166,44.8125,2.0424990000000065,0.9866829706031648,0.8815110208355335,2019,3,21,3,bearish
26.8475,26.969999,26.67,26.8925,100344800,44.690821769653645,58.91460438636516,-158.82885849553068,-162.06155610653798,25.330700160000003,25.887214727611635,25.13082505,25.55992559331029,0.5020948979369848,26.93312525,0.3374999999999986,0.2996065360641776,0.329049666500602,2016,8,25,3,bearish
148.820007,148.820007,145.759995,146.059998,129868800,29.827490957397544,41.3816218111231,-99.66260653824398,-131.69801528221896,148.35259947999998,146.9472827250269,139.17979996,141.65533130468452,0.3089085492559889,150.6909996,3.0600120000000004,3.015515628027494,2.871984123241091,2021,9,17,4,bearish
19.243214,19.484285,19.23893,19.409286,258529600,39.76849736719852,46.1041072276652,-58.52553941423009,-82.15003241790555,19.32917136,19.27931314936817,18.44941429,18.5524934474926,0.0210116255562695,19.8168749,0.245355,0.3273473529520967,0.3278684746246258,2014,1,8,2,bearish
43.985001,44.0,43.634998,43.8825,78949600,67.94498014295937,63.85154309365226,84.42498552085868,95.23937885369624,40.54174982,42.47436787627228,44.69617497,44.01997634754824,0.7762732325750221,43.14262465,0.3650019999999969,0.6082177625230507,0.7292895320440452,2019,3,5,1,bearish
46.165001,46.427502,45.637501,45.695,118994400,28.967258640164843,34.981798289439965,-92.77888439030308,-85.09884274768132,48.97165002,48.20590715350816,45.03677496,47.21834653962485,-0.9107953068937888,49.44087485,1.0125010000000003,1.4291762783215585,1.3330593077592665,2019,5,22,2,bearish
41.7075,41.73,41.022499,41.310001,146062000,29.291799182381283,39.10007991091675,-134.18012719316255,-169.02817923423953,43.17600034,43.01059660905096,43.01007518,42.62042927836993,-0.1272153245363725,42.7937502,0.7075009999999935,0.9575526967498676,0.9674303451058088,2018,4,23,0,bearish
128.759995,131.449997,128.490005,130.889999,88636800,53.10597393659774,55.07475481092784,36.16715572843905,-40.11546140306611,123.5113998,124.93802803453856,120.34722465,118.53330658983424,1.8334201181421008,130.53600004999998,2.959992,3.571264460077473,3.5268543912303247,2021,1,13,2,bearish
54.637501,55.375,54.285,55.2575,87613600,60.38121881372648,59.61160490319836,-13.635462407870117,25.33288476161589,52.44439986,52.65644554785923,50.39257498,51.07761387679441,0.8544370965629255,54.00624965,1.0900000000000034,1.0208648727065723,1.077473506964402,2019,9,25,2,bearish
165.0,165.600006,163.889999,165.330002,41949600,55.07730686429794,59.22508216827684,-68.30567648457243,22.878180751250888,156.85840036,157.6871919671702,148.03029986,153.10712129678387,2.739433682959316,163.71050044999998,1.7100070000000187,2.499105541254884,2.79510575749058,2023,4,24,0,bearish
152.380005,154.470001,150.910004,152.740005,86652500,41.36902549107357,42.77390080789007,-35.82616577081139,-89.44955798401223,160.16660004,157.53650691891616,152.14160037,156.72909132498418,-2.257521389398761,157.0369996,3.55999700000001,4.614750992100757,4.352723275896273,2022,9,22,3,bearish
69.347504,70.305,67.964996,68.857498,255598800,40.424077751588925,41.29493556398389,-70.70070964434713,-80.56961308659085,76.7465497,74.26927256952591,71.22862483,70.80953940330231,-2.1130477938947223,74.7317493,3.370002999999997,4.072853271216895,3.434270087489089,2020,3,11,2,bearish
26.8125,26.817499,26.309999,26.379999,212008000,33.87978876093676,45.702795406209695,-67.5756234875837,-106.9812074176201,25.867350140000003,26.1401150919722,25.06285004,25.75129399792682,0.1758443613029534,26.968625100000004,0.7800009999999986,0.3751138162287901,0.3535999563385438,2016,9,8,3,bearish
65.677498,66.610001,65.629997,66.592499,84020400,68.39057317066555,70.93244205598805,33.32139542399602,80.42667113565689,60.32445028,61.13802635002372,56.083575120000006,57.4542231497601,1.7221681555408068,64.8292506,1.1650010000000035,0.8961893462313227,0.9363420017684148,2019,11,25,0,bearish
35.922501,36.197498,35.68,36.022499,86278400,42.1884241654369,42.030965167863535,-64.92157598631684,-65.36303642776315,37.32269956,36.69760937492938,36.16469982,35.62175157645773,-0.4176704314746899,36.53587475,0.5174980000000033,0.613421701422675,0.6240318796319098,2017,7,5,2,bearish
47.5,47.674999,46.247501,46.465,167701200,28.746328808040445,33.21160532369227,-101.02399163712909,-109.95169358004804,53.91430006,52.46418796250455,52.47357515,51.831755114263125,-1.96428187955091,51.5036251,2.1349990000000005,1.7729331003254871,1.7320583198218782,2018,11,19,0,bearish
32.240002,32.380001,32.022499,32.34,151265200,58.21078227475381,63.413328310813576,-59.91504863350134,14.915187834497054,29.33604998,29.97501052249585,28.30494997,28.51208275950981,0.9660479216612714,31.537874800000004,0.3575019999999966,0.5985686704536752,0.6217885872278249,2015,3,3,1,bearish
29.379999,29.65,29.215,29.557501,137238000,54.2095488603334,52.96331119717272,29.94977965891116,1.503970787186567,28.90444994,29.16745995323488,28.90519999,29.28335842510864,0.0963355708611501,29.2413749,0.4349999999999987,0.5619983945338445,0.5791344261330625,2015,12,8,1,bearish
54.9375,55.705002,54.924999,55.547501,98217600,55.865488271740816,56.597255323663305,155.90465738577967,15.408041208466573,52.82620034000001,53.08634060891119,49.93022511,50.5399903409629,0.5260933103018104,55.5453753,0.7800030000000007,1.1289698466248257,1.093411464769002,2018,9,25,1,bearish
23.965,24.3325,23.797501,24.15,185886800,47.75990435789704,43.13924467158144,74.135075052593,-15.62907527657986,26.51384994,25.941109538608764,27.62244996,27.16350019405404,-0.6740226783340475,24.3156249,0.5349989999999991,0.7373059110640747,0.7509913076434956,2016,2,4,3,bearish
149.5,149.970001,144.240005,145.470001,93886200,52.45855487767911,49.69314248409095,93.83863942131532,33.87100740331259,145.33819944,146.81747905825495,152.41979951,149.1397242080133,-0.8094512210453786,146.64999925,5.729996,4.319044487465358,4.497258317967614,2022,12,13,1,bearish
146.850006,147.360001,139.899994,140.820007,109742900,31.875053795230656,35.02400103598421,-90.87313730240824,-112.98267111589236,162.77020018000002,160.173792828259,166.33180021,161.9724335319058,-5.70188367007384,155.0800003,9.340011000000004,6.307829042336826,5.880920116151631,2022,5,18,2,bearish
27.705,28.112499,27.67,27.9475,132197200,52.27841155712432,48.75152871051371,77.58308320782355,18.134743882192648,28.14719996,28.503591671530582,29.93317495,29.25552277851827,-0.1743479909115812,28.075750000000006,0.442498999999998,0.6054431513498137,0.6855853152562199,2015,10,13,1,bearish
46.115002,46.235001,45.302502,46.205002,163210000,52.55678546112344,42.77965444722295,123.39970412418955,16.219640126153006,51.97154996,50.04919969675132,52.24702517,50.61466873893139,-2.2155294120556377,47.138375100000005,1.5900009999999938,1.434933035486487,1.5413471591882468,2018,12,3,0,bearish
24.4925,24.7875,23.795,24.385,403734400,31.242576400551457,40.69988165839462,-160.68817077782316,-245.91531256981784,24.937850059999995,24.758698753575853,24.168728540000004,23.93265853977332,-0.0602035861167991,25.0425001,0.9924999999999996,0.5528650875192291,0.5184068367849505,2014,10,15,2,bearish
50.049999,50.8825,49.8475,50.857498,108038000,50.3972534967617,50.77764799804614,-9.921417855741767,-48.8572530880532,49.66385,50.08618838705769,49.25440001,48.9799068113754,0.0566346569919744,51.2607498,1.1225019999999972,1.4514015639684728,1.2388972526786268,2019,8,8,3,bearish
175.110001,179.5,172.309998,179.300003,131063300,72.55779223552074,71.8511116631951,59.327683007218745,85.23503465594233,155.17280058,158.7814608459542,151.39130019,152.13863605821484,6.589195974888213,166.19800105,7.190001999999993,5.439401250447067,4.706501924632978,2021,12,15,2,bearish
38.125,38.4925,37.715,38.450001,143122800,49.30834508718138,41.70570824246182,52.61026883020271,10.979726662128806,44.17785012,43.29299232043651,49.74520012,46.29023585888478,-1.8452062535490013,39.1533749,0.7774999999999963,1.3787697337635014,1.4665968038375936,2019,1,10,3,bearish
129.800003,133.039993,129.470001,133.0,106686700,83.16872712963,66.73419967827179,136.9992138526146,180.4605102473947,126.7511998,125.56358226530072,126.90249991,124.15625431837594,1.0698168356917392,123.6749997,3.569992000000014,2.806256742791056,3.0712955529606223,2021,4,9,4,bearish
45.237499,45.5975,44.067501,44.172501,165377200,38.77497601468913,37.04182118688845,9.620352143952166,-32.692949843057484,51.75105002,49.81874092432971,52.21042518,50.48710106093274,-2.177395611845533,46.8271252,2.1375010000000003,1.535299887559846,1.5839295763890864,2018,12,4,1,bearish
118.639999,118.769997,117.290001,117.339996,73604300,47.62823869553006,50.94092075676807,-120.21752929476494,8.642756687032138,115.42999984,115.4878508915493,112.0927497,109.73355589464212,0.8701373779953769,116.1429996,1.479996,2.698225480012053,3.264405000836041,2020,11,20,4,bearish
42.25,42.27,41.32,41.369999,162814800,29.002929389240293,32.08794241785182,-125.87088336311618,-112.1234355424666,49.776350060000006,47.99669418932909,51.82612522,49.42731760295234,-2.186524609251869,44.16575035,1.4174989999999994,1.349857345983091,1.4614472925606223,2018,12,14,4,bearish
28.997499,29.02,28.66,28.75,153275600,47.36689937935706,57.935178456686,-50.544438062290176,-52.19343364746567,26.84619992,27.31744753955033,25.76384995,25.949036704762275,0.6097441859382364,28.66224975,0.3599999999999994,0.5948127620664037,0.5572451358611393,2014,12,5,4,bearish
179.610001,180.169998,174.639999,174.919998,94537600,43.91093384937823,53.49126124573153,-153.5162417174529,1.3026784840192196,163.8940011,166.50247168366468,155.56770003,158.1111319783213,4.123607287838695,176.3959999,5.529999000000004,4.040615423020929,4.162241465483345,2022,1,5,2,bearish
169.820007,170.539993,166.190002,167.300003,82772700,37.8614836649038,44.462683163990334,-98.95936435937304,-149.6958076993735,172.46220000000002,169.1148210573046,162.0560002,163.64240993006513,-0.0508691649677075,169.75449980000002,4.349991000000017,4.026858243073501,4.2048851985648135,2022,2,18,4,bearish
25.5975,25.7075,25.24,25.467501,143315600,68.87798883116014,59.92690312424853,70.71093237960903,115.8370739371251,24.6876,25.074522141600752,26.804625,26.196062319234407,0.2099517115204285,24.3088752,0.5125010000000003,0.5159579656285126,0.5640409736097411,2016,3,7,0,bearish
66.974998,67.0,66.347504,66.572502,76167200,77.33925269039605,77.01950790979191,103.86186906240982,108.85213375846315,59.484350160000005,60.32097206588862,55.4825001,56.75575000632076,2.138516526837968,63.94225045,0.6524959999999993,0.8362760025473778,0.9234315462321132,2019,11,19,1,bearish
66.650002,67.0,66.474998,66.8125,46617600,64.97632240907384,68.44291651475787,101.27407779593707,109.40151561358424,60.99920026000001,61.75854321987727,56.57080012,57.98800849188255,1.5772651987171855,65.63012585,0.5250020000000006,0.8745978856733695,0.9201254084858628,2019,11,29,4,bearish
44.932499,45.067501,44.137501,44.195,124496800,21.99778843028774,28.82339993072874,-117.44457459546004,-136.0564420788098,53.45849996000001,51.83022499037809,52.42725016,51.53327435319013,-2.420484751286885,50.45287515,0.9299999999999996,1.7522570941166848,1.731506984948456,2018,11,21,2,bearish
183.960007,186.520004,183.779999,186.009995,65433200,80.70211924283657,74.1101914381197,116.93439405361842,152.62734212644006,171.96020052,172.41041546077648,162.23970006,164.91202191499687,3.665569841047443,178.35100025000003,2.7400049999999965,2.771197266379916,2.8080042611803773,2023,6,15,3,bearish
27.2225,27.237499,26.735001,26.870001,243286000,38.60371313876672,50.171782469847365,-126.28765324296197,-160.0043898724241,25.724800100000003,26.396178027855832,26.11932502,26.5030367173026,0.4618004135753715,27.19825,0.7274989999999981,0.5114020405203631,0.4962979672475349,2016,4,18,0,bearish
45.072498,45.5975,45.052502,45.43,128828400,74.1951341022655,65.33600093028512,160.4246379791246,159.03903654129093,42.98965002,43.07142005116028,42.68585009,42.31204276976378,0.6734432987691221,43.5576253,0.6025009999999966,0.7868447184812266,0.8725104619432069,2018,3,12,0,bearish
31.57,31.775,31.5275,31.5425,113476000,49.74446318048347,51.28200852307469,4.2422447857842,50.15460936997232,31.52789986,31.04187703584112,29.83919996,29.877631151587888,0.0940510615700915,31.46575005,0.2474999999999987,0.4394812873080703,0.5152603430834146,2015,4,16,3,bearish
28.8475,28.965,28.525,28.620001,138248000,33.92253993072106,48.0726064939346,-112.13247427059638,-165.48156556142837,28.03925002,28.11086764968332,26.52987508,27.21075433795646,0.3129646605299392,28.9455001,0.4400000000000013,0.4830878308380986,0.4619877313674491,2016,10,27,3,bearish
152.160004,156.460007,151.639999,155.850006,76161100,68.3734179211934,61.82073448824477,157.51264456231715,116.6002935731769,145.40899986,147.5358460241903,144.0592996,146.46896337973715,1.7078645205581324,150.33150105,4.820008000000001,3.767845773961723,3.666283642488893,2023,3,16,3,bearish
66.870003,67.75,66.824997,67.677498,106075600,67.4501168844586,66.32101029317397,117.12588640457592,157.49377182833268,62.13215026,62.54946899434932,57.32962504,58.760127909239294,1.1693062269326475,66.06162574999999,1.3550029999999964,1.0960748648774994,1.036498573205996,2019,12,6,4,bearish
25.6525,26.342501,25.5,26.3375,270597600,30.63690600338144,34.28465113207959,-151.29837639364868,-159.06072436435403,28.75149998,28.19869424002903,28.39552501,28.702916955390776,-0.6667374219021411,27.68150015,0.8425009999999986,0.585325975286605,0.5896460789624722,2016,1,4,0,bearish
27.8475,27.860001,26.8375,27.3325,212818400,34.59339405937803,42.5918469021821,-168.7318799364099,-77.1652628547156,27.910049919999995,27.602671568833085,26.46392502,26.529471355086333,-0.0418899134673402,27.959375150000007,1.022501000000002,0.6178276493450754,0.6171914231467438,2015,1,2,4,bearish
44.487499,44.807499,44.1675,44.575001,84873600,26.832856571178525,32.352300051268344,-64.65147579320777,-94.32401266119878,48.80380004,47.555544160586365,45.36227498,46.97133240099478,-1.3985135168829004,47.78037485,0.6399990000000031,1.1005063803908166,1.1791298232411749,2019,5,30,3,bearish
27.5425,27.885,27.182501,27.575001,265892000,37.70077951046597,43.24889516730847,-115.67550957126883,-176.5124136469449,28.68865,28.83773479837435,30.33265,29.5573399080498,-0.1637204654466337,28.262874900000003,0.7024990000000031,0.7503158094491944,0.7877402811771962,2015,9,30,2,bearish
24.700001,24.8475,24.577499,24.7425,233828000,41.478446857456994,50.28745121788314,-93.85103388854692,-114.93969521752156,24.2304,24.193922254696048,22.939967820000003,23.091799457670938,0.2744346597320195,24.87775005,0.3174990000000015,0.4245991318250414,0.3893580679531073,2014,9,5,4,bearish
28.1675,28.3125,27.5525,28.002501,214798000,58.3346479126332,52.66445804363405,91.64086533891714,25.97914765356205,28.0064,27.537356167015428,26.60470003,26.595680988522407,-0.1473389088444818,27.649375300000003,0.7600000000000016,0.7185580109066052,0.6752760587542097,2015,1,9,4,bearish
27.192499,27.422501,27.09,27.34,101472400,73.90524617860903,71.62256738379651,36.87866675043392,70.29346005862425,25.11975012,25.6844905465349,25.14820002,25.435174738618645,0.6709851583491755,26.53737505,0.3325010000000006,0.2970895409645768,0.3382550279852644,2016,8,19,4,bearish
55.105,55.720001,54.209999,55.5275,161351600,49.18161760244958,50.64766588794063,-37.05758460383787,-70.4347906860226,54.8096003,54.26178711131993,51.13940012,51.79656876034104,0.1826469406804065,55.634,2.107502000000004,1.5620458565444657,1.35100590210121,2018,10,12,4,bearish
71.6325,74.470001,71.625,73.162498,198054800,27.16833101499111,36.63036614720655,-86.36549348742042,-164.97381289499728,76.62634952,75.81888560478893,69.85747486999999,70.73524003468792,-0.5024190963308541,79.06224940000001,2.8450009999999963,2.664278658825729,2.2255433176996906,2020,2,26,2,bearish
167.479996,170.300003,164.529999,164.770004,152052500,71.98297027948774,69.86984782398441,151.7010361600875,126.12049728970966,149.44380064,151.9584649952364,148.8658,147.66205988999351,3.956450315425599,155.2580016,5.770004,4.2310764229072495,3.59667505104211,2021,12,1,2,bearish
29.174999,29.807501,29.0825,29.77,237467600,81.33138115016813,66.45091491764353,154.50304784512983,238.89925805998573,28.060500060000003,28.475061892755303,29.58335002,29.1246841491584,0.1662386295207305,27.957375050000003,0.9325009999999984,0.5972986620413385,0.636488827142907,2015,10,23,4,bearish
38.7075,40.93,38.5,40.7575,272975200,38.19069896743123,37.79171196843082,-82.69776253644227,-116.4722785344008,43.016000080000005,42.57564559181385,41.73620005000001,41.79033657188874,-0.763590063215041,42.937999950000005,2.43,1.214235497900402,0.940612661998354,2018,2,6,1,bearish
24.9825,25.219999,24.5175,24.997499,300308000,51.60003599163223,43.790262872563645,62.42476154998475,62.21561780501769,27.22679998,26.601344071662457,27.90372495,27.655376140309063,-0.7422812360598989,25.1679999,0.7024990000000031,0.8364076214793423,0.7738461852837233,2016,1,26,1,bearish
24.657499,25.365,24.592501,25.355,263202000,57.88180767444671,46.16681285157259,139.55228230522965,46.69586682405024,27.39404996,26.740554325028768,27.95634996,27.76662761297441,-0.8804304933232423,25.3831249,1.289998999999998,0.905180012569104,0.7946678480213593,2016,1,22,4,bearish
23.532499,23.690001,23.3675,23.465,182724000,79.41322471479873,78.14185623231012,92.92500332778005,114.84946030100748,20.861621380000003,21.318248422556344,19.89657856,20.38942181316034,0.7246559170227016,22.3425533,0.322500999999999,0.3583410407080845,0.3460932230492419,2014,6,11,2,bearish
153.110001,155.5,152.880005,155.330002,65573800,70.61789338313027,67.37541027571015,143.72807299523143,90.95286115508206,139.7635995,143.77134768520955,142.7576991,144.50537000861948,4.512927204529888,147.4564988,2.6199949999999887,3.62324985815228,3.8234435180780366,2023,2,15,2,bearish
24.9,25.1,24.705,24.965,169228800,71.65715778487336,57.36145963868525,58.061174735428246,99.12538311623648,25.45919992,24.848706970127324,25.01547499,25.47560690839821,-0.0583795199216261,23.76037485,0.3950000000000031,0.4402380019671045,0.4752331077304896,2016,5,31,1,bearish
29.487499,29.59,29.327499,29.5625,192516000,73.69976056299602,68.66155110681404,102.21815027288918,95.08437402925082,27.9819,28.057131092389124,26.44885007,27.147633914372925,0.439652686473849,28.896250050000003,0.2625010000000003,0.366147158640745,0.4043466411125445,2016,10,25,1,bearish
178.550003,179.610001,176.699997,177.770004,92633200,76.2451366787645,65.22121595798194,99.80634585655298,104.31535459261691,166.65740048,167.02646519081327,167.07630046000003,164.31009674287083,3.0621703689338915,164.8885009,2.910004000000015,3.951652041413345,4.332335433705483,2022,3,30,2,bearish
132.429993,132.630005,130.229996,132.050003,105158200,55.95850174513929,57.63366780602709,22.47987961989785,8.596560711825369,122.4455998,124.34581021704882,119.95597466,117.85084619445016,2.4890834543190863,129.4740002,2.4000090000000114,3.857610887993396,3.63337247543742,2021,1,8,4,bearish
29.52,29.532499,28.73,28.82,265335200,57.12876269016354,55.23247410319901,64.36347121060274,119.77958670482064,28.057100060000003,28.488588877353145,29.54815002,29.11865079556456,0.1877743461555709,27.992875000000005,1.0399999999999991,0.6605417103211472,0.6653110537755564,2015,10,26,0,bearish
48.674999,49.197498,48.400002,48.537498,86698400,72.3360281426954,58.605423410888825,66.133401988637,107.9198863059058,48.60089996,47.29094373431151,46.19447494,46.912698002058434,-0.0362426879447923,46.07175,0.7974960000000024,1.0838099215739576,1.1553876833842132,2019,6,13,3,bearish
161.119995,163.169998,158.460007,162.880005,96046400,34.84279244993094,41.92263838210559,-146.96790844529414,-163.39226209804286,166.80080042,167.71358863315191,169.46060010000002,165.6056075904081,-1.134753354585456,170.43499985,4.709991000000002,4.502333867817724,4.367377800379486,2022,4,25,0,bearish
29.225,29.5175,29.014999,29.192499,236511600,39.00577837291945,49.57285314807295,-227.9359287802316,-66.43102553133055,28.53869992,29.023645919427803,29.33342501,29.289621503207904,0.4931166394637145,29.26437495,1.1275009999999988,0.6472051698297825,0.6511992103917448,2015,11,10,1,bearish
157.320007,159.399994,156.539993,159.279999,73938300,74.55399832394865,65.96903164186307,121.76175193382686,161.16047107091808,147.22259986,148.63826487331391,144.28549955999998,147.09712435298576,2.477262277718097,151.17850040000002,2.8600009999999827,3.48890815794674,3.534646041744933,2023,3,21,1,bearish
19.640715,19.875,19.4575,19.863571,403239200,59.46221028245486,54.940547231452165,38.14049209586389,94.85197245876311,19.50078574,19.360986069283275,18.61690716,18.72776325087373,0.0223902142137966,19.6238573,0.4175000000000004,0.374904311399954,0.3600554927387382,2014,1,23,3,bearish
160.75,162.139999,159.639999,161.940002,69463600,87.60664083072864,76.57501052748441,62.9449597043752,110.41523204074444,148.12580016,150.22911128492075,148.16880003,146.48016806273353,3.4327906712744323,152.96950214999998,2.5,3.25945997793234,2.9916953480562216,2021,11,24,2,bearish
53.360001,54.487499,53.290001,54.395,141708000,87.55142409625407,80.10000666353432,165.9116437845822,162.90209690839566,48.55625014,49.16422075993159,46.641650090000006,47.35387073946561,1.5003277308549556,50.7662504,1.197498000000003,0.8635731423764347,0.8421480227933503,2018,8,17,4,bearish
28.434999,28.59,28.200001,28.275,222460000,65.36114119772196,56.724331723405406,102.88835720740636,130.78646983568714,28.07345006,27.52885998576177,26.812750050000005,26.75793232209839,0.0035348327172073,27.5390001,0.3899989999999995,0.6605785415426241,0.6738302749373377,2015,1,26,0,bearish
155.080002,155.449997,149.130005,150.649994,80379300,54.79379068539918,52.93644949297117,34.88606292155939,83.62673400014806,151.09819918000002,149.92181483440302,151.45779969,152.09714882940975,0.6141093935250126,145.36899939999998,6.319991999999985,5.56091490412302,5.166879338320489,2022,11,1,1,bearish
77.910004,79.267502,77.787498,79.239998,121532000,90.43219821399836,85.41700174807907,117.96695122794488,157.49722522375512,68.71144985999999,69.01549819600952,62.3167249,64.02292438978945,2.792442618742527,73.04812394999999,1.6850049999999896,1.3955294896195531,1.2705806608458463,2020,1,13,0,bearish
29.6875,29.702499,29.215,29.334999,139409600,47.66125922105199,50.70711992962878,-133.54199569873313,30.42031969706881,28.818699960000004,29.123751082478403,29.02819998,29.275512914044555,0.132124040661882,29.49262485,0.4874989999999997,0.5004404525373355,0.560041356633678,2015,12,1,1,bearish
47.252499,47.3825,46.965,47.037498,83115200,75.96599800259276,68.28592138996247,65.56878970258512,80.02751295938937,43.55735026,43.72840268388855,43.20580014,43.0782669095439,1.1719285007549516,43.87462515,0.4174999999999969,0.8560450202305115,0.9339157757498244,2018,5,14,0,bearish
57.247501,57.4175,56.275002,56.717499,133332000,80.81740247881265,79.61994768105981,62.35698580261035,111.1537254323815,50.48965015999999,51.49896487715458,48.13910011,49.02877795691246,1.7693905542667352,54.11412525,1.1424979999999962,0.8883233338183886,0.8539924347119023,2018,9,5,2,bearish
120.059998,125.18,119.279999,124.400002,240226800,73.48690652168526,62.67186470763311,225.6611064081017,235.8824486722608,116.23629948,112.3791310750036,102.92899959,104.17100268496606,0.9898834563484372,113.5054997,8.20999900000001,4.02697217647358,4.268951141064111,2020,10,12,0,bearish
27.934999,27.942499,27.352501,27.695,187062400,43.49455482293399,45.17854858416442,71.5555691005374,-48.24938801747156,28.34764998,28.622056334629573,30.12492496,29.37533210313273,-0.2307543738741451,28.2427499,0.5899980000000014,0.687543897678166,0.7432128040643868,2015,10,7,2,bearish
42.939999,43.695,42.605,43.68,172393600,36.09892232979193,35.78918907307889,-116.5441482692954,-91.2858928075755,51.5137,49.5780059861207,52.16995017,50.352306980518215,-2.161992906702615,46.46400015,1.567501,1.539900046479868,1.5827561066470088,2018,12,6,3,bearish
125.699997,127.220001,124.720001,125.57,115227900,58.59143996164136,50.061867615063335,159.7756315315345,123.95953695889084,129.8659999,126.83793897610948,125.44899992,124.2319400026028,-2.34726922354605,123.8189995,3.2300029999999964,3.855233237247566,3.927661175949541,2021,3,16,1,bearish
173.850006,174.589996,172.169998,173.75,49514700,68.18921638127908,65.68344567487212,60.6282989711933,102.9490146539722,161.84539982,162.6385060902852,151.35889955,156.9028469522213,3.1611288354113185,168.23399965000002,2.419998000000021,2.9480660041253928,2.9679587771548666,2023,5,11,3,bearish
80.135002,81.022499,79.6875,80.967499,126743200,67.48776229158682,69.56318986827168,78.58342821819005,117.83505426546178,72.16944982,72.9570698773173,65.57059994000001,67.28454800333009,2.3876986664704702,78.00912525,1.3974989999999965,1.7005303589292546,1.4947254799905745,2020,1,30,3,bearish
25.4475,25.5425,25.32,25.385,161080000,86.88998994733913,74.10623123671841,103.61140619082364,114.33019934243062,23.84839996,23.81653151742072,22.42672139,22.72444944989248,0.411566855213227,24.3941249,0.2225000000000001,0.3044493015672204,0.3350025072557342,2014,8,25,0,bearish
90.175003,91.25,89.392502,91.209999,137522400,70.94320479451989,70.22648751481262,59.25965973303581,105.7020411338826,79.09704993999999,80.64675270652742,74.56649974,76.2312484012843,3.388189684890748,85.56837435,1.8574980000000068,2.376451911459473,2.272079530411619,2020,6,25,3,bearish
31.120001,31.16,30.635,30.6425,243046400,23.7655720193287,33.46099876988454,-198.19974114513656,-194.0595310207642,31.99315,31.78737163347808,31.88294993,31.28816653750605,-0.2440767200882909,31.6900001,0.7875009999999989,0.4718181326384257,0.4554310008541226,2015,7,8,2,bearish
55.462502,56.342499,55.177502,55.325001,150479200,51.10339741063572,63.33478177742938,-88.06049426551472,24.248842358787275,50.86870024,51.81011725030686,48.36495011,49.284398917135576,1.5474046068318117,54.46750035,1.1649969999999996,1.0042780615808569,0.9198836350322016,2018,9,7,4,bearish
27.055,27.575001,27.002501,27.35,209130400,84.44869401089876,73.22792853642335,153.9383042989487,111.7393994303988,25.34660006,25.32362519780443,24.57185001,24.42528213933626,0.5490197412009081,25.627125,0.5750010000000003,0.4273742002337695,0.4615378090536087,2014,11,3,0,bearish
38.985001,39.014999,38.68,38.8675,80194000,79.85970470194961,77.3378923101226,65.17093870319546,86.22292981663547,36.04655,36.02619591087867,33.7889749,34.17795639723888,0.8997581166533948,37.03499965,0.3349990000000034,0.4931635478795294,0.466586571949766,2017,5,16,1,bearish
42.5,43.169998,42.150002,42.212502,165963200,22.0509641054109,38.46428450747412,-145.45359939137035,-192.2082014734882,43.11080014,43.2845025782778,43.05132512,42.5452994839633,0.117768045180945,44.1886254,1.019995999999999,0.7985384991635558,0.8350711326616606,2018,3,22,3,bearish
176.119995,177.179993,174.820007,175.529999,74805200,51.68128717939993,54.72653947124434,29.534763874817543,-23.78625210108156,166.24340052,167.7663943974565,156.81180007,159.56934293361522,2.040451936511147,175.78649975000002,2.359985999999992,3.756935313584264,3.9701082579128255,2022,1,12,2,bearish
27.695,28.0075,27.5175,27.865,114115200,55.99929518375208,50.40874575335744,-10.309852919549137,61.8356130718745,28.26084994,27.819195876989344,27.32242502,27.35305468492912,-0.1018729573525796,27.5339998,0.490000000000002,0.447775857202298,0.4877107956104387,2016,11,29,1,bearish
26.9575,27.190001,26.7675,27.09,169457200,64.22826184996745,61.75057197261012,101.62356050594782,30.79387675368406,25.80770014,26.1303239120527,25.06775006,25.7385928866634,0.2321660818200754,26.999625150000004,0.4225010000000004,0.3076326189335887,0.3207998760568934,2016,9,7,2,bearish
145.470001,145.960007,143.820007,145.369995,74150700,39.06767050228259,43.14456986077017,-13.420747783015562,-72.410609198816,148.19399962,146.5957958336263,140.0230999,142.06320969951344,-0.885556521532493,149.6569992,3.0999909999999886,2.750556341220501,2.782307529196117,2021,9,27,0,bearish
41.5,41.862499,39.772499,40.2225,196189200,26.628666025952484,30.573388587628955,-127.16981715487768,-118.11183603424764,48.85060012,47.193876936309394,51.60335022,48.93089619676677,-2.193041733346142,43.16700045,2.0899999999999963,1.4059890750214217,1.4654628377389527,2018,12,19,2,bearish
21.076429,21.464287,21.071428,21.462856,287067200,85.34731181334381,77.44149905629854,91.85807459491828,82.91898538186241,19.26139294,19.506044624573832,19.29013215,19.163892674854235,0.6230867574454564,19.6299466,0.3928589999999978,0.3831045752889223,0.3579039624481334,2014,5,5,0,bearish
153.5,155.449997,145.809998,146.5,142689800,29.11962227704076,34.59603039403258,-136.57770297355765,-192.9974824611067,164.51880003999997,163.52497442998722,167.73710019,163.75247796394916,-4.032197567336425,160.5859993,9.639998999999989,6.512022383430434,5.7966281638386254,2022,5,11,2,bearish
176.690002,179.009995,176.339996,178.960007,100589400,82.23807442101818,67.48298141665222,118.02916274944177,124.5300002789381,166.49800046,166.58795340268318,166.80820049,164.03817942454498,2.604211072226206,164.3280006,3.409988999999996,4.125260048315567,4.441745543990519,2022,3,29,1,bearish
19.745001,19.775,19.301071,19.320715,392467600,33.094332451293155,43.88352854378321,-152.1509986405939,-124.51198329280182,19.2973142,19.26724297943566,18.39889643,18.50137088446704,0.1328868566841663,19.9363748,0.4739289999999982,0.3297519308452281,0.3275605463657038,2014,1,3,4,bullish
19.440001,19.498571,19.21143,19.287144,317209200,34.05562434655792,43.67570769542832,-89.58700901612744,-108.0890186268538,19.31667136,19.2740079458513,18.43314642,18.535080464411525,0.046767558372565,19.85789275,0.2871409999999983,0.3410127451107795,0.3342156650169512,2014,1,7,1,bullish
19.279642,19.314285,18.968214,19.033571,304976000,29.93419658795078,40.21069862590191,-132.25236643591066,-113.59541786438014,19.3455285,19.265234102010183,18.47062499,18.573959863423937,-0.0606484507950497,19.7142856,0.346071000000002,0.3402741572709286,0.3346872562129061,2014,1,10,4,bullish
18.925358,19.375,18.924286,19.133215,378492800,35.3920016088162,42.41698056069352,-97.18696590252895,-91.9998753575602,19.35326422,19.260056724981457,18.48300357,18.58509564316256,-0.0844987069743581,19.6699821,0.4507140000000014,0.3560512776607961,0.3429748808046422,2014,1,13,0,bullish
19.222143,19.526072,19.202143,19.513929,332561600,52.04351576926664,50.007549563326265,92.90648250519892,-37.81016099193791,19.37018568,19.270012791174835,18.49872857,18.60358836171872,-0.0718515093671534,19.655625,0.3928569999999993,0.361309237994968,0.3465378893327743,2014,1,14,1,bullish
19.695715,19.716785,19.282143,19.309643,426739600,42.9281532921712,46.1404320545884,0.6784598866072795,-20.15533111039776,19.42736426,19.31434753145189,18.55063214,18.665778090589143,-0.0250317339437629,19.6360179,0.5124999999999993,0.3773499574545567,0.3578961607009484,2014,1,17,4,bullish
19.675358,19.903214,19.564644,19.696787,379985200,54.72607140637987,52.37773931191597,53.501118805454006,87.30498179102646,19.4753429,19.34047190824884,18.5938786,18.70470484066384,-0.0019991106590779,19.6486966,0.3385699999999971,0.3678050299666129,0.355636684475733,2014,1,22,2,bullish
19.785713,19.843571,19.455357,19.502501,429354800,47.03482891756482,48.815800072473216,-35.087563589378554,42.07323045639367,19.52008576,19.366535796874967,18.63792502,18.74317703826227,0.0124401956765574,19.58528585,0.4082140000000009,0.3796628383428179,0.3634953861226907,2014,1,24,4,bullish
17.950357,18.133215,17.832144,17.911785,401464000,24.93711333891161,32.78880062443281,-45.447756385342096,-92.25652025802415,19.46843568,19.11369167789504,18.66581432,18.681129804570684,-0.4069371213158419,19.096035800000003,0.3010710000000003,0.4480556368071339,0.4206451767572237,2014,2,3,0,bullish
18.066071,18.195,17.955713,18.17107,376681200,35.63693751239691,37.61611657180387,-17.207826394147837,-67.0076629055597,19.46399994,19.07672550540627,18.68048572,18.670988171482616,-0.4145841329576498,19.03328575,0.283215000000002,0.424506974406115,0.4108287355464384,2014,2,4,1,bullish
18.216429,18.339287,18.13607,18.303928,257765200,40.71079706168611,40.00819708216167,99.47448482027276,-39.69016372108695,19.45268566,19.01740916852588,18.71173929,18.65659403088508,-0.3931469568390255,18.92899995,0.2032169999999986,0.3804034709922478,0.3901407872572369,2014,2,6,3,bullish
18.620714,18.676071,18.477858,18.559999,370280400,50.80735214984736,44.71163751265125,144.12645955294747,-7.827970354756137,19.44978564,18.99947124953614,18.73658214,18.6546738690925,-0.3589336221356944,18.8989285,0.3721430000000012,0.3792234037076412,0.3888552310231259,2014,2,7,4,bullish
18.523571,18.999643,18.5,18.8925,345559200,60.89535696838384,50.17418683152634,143.97859452824474,20.20098785465938,19.44663566,18.99527623895829,18.76289285,18.65940112800428,-0.3015135949906238,18.89187495,0.4996429999999989,0.396426203177978,0.3967686431011979,2014,2,10,0,bullish
19.176786,19.27,19.044287,19.139999,308100800,66.76762459855482,53.82579760264499,104.55111406727733,78.7441708137364,19.42509994,19.00645854259444,18.81107142,18.678342674775223,-0.1771924647636318,18.8735892,0.2257129999999989,0.3618056390695348,0.3789848146987343,2014,2,12,2,bullish
18.700357,18.75,18.414286,18.476786,276217200,32.54285306646368,41.09932709957942,-105.21283467843092,-89.8039011412867,19.23280708,19.002361772166573,18.96936425,18.73324548232707,-0.0831809064186295,18.664714,0.3357139999999994,0.3272623100913998,0.3476526329748171,2014,2,26,2,bullish
18.693571,18.951786,18.671785,18.848572,238781200,50.13558720557823,48.60331140158156,54.04541952263527,-49.145847939370846,19.1719143,18.98280726240292,19.01489284,18.73886299454563,-0.0698018418720458,18.80853565,0.2800009999999986,0.3402943031479368,0.3515317374816424,2014,3,3,0,bullish
18.870001,19.047501,18.869286,18.96143,178584000,54.22253275664087,50.745685644782746,46.54518201795948,39.80798067570698,19.08170002,18.980236461940247,19.08978213,18.760819977729227,-0.0173291808696376,18.9881966,0.1782150000000015,0.2640956352875798,0.3041404335920961,2014,3,10,0,bullish
18.84643,18.9275,18.780357,18.812143,199544800,42.51313348917573,46.65196599299616,-80.05831539521202,-33.503494526201884,18.98321434,18.97547807116203,19.13272498,18.77966154756537,-0.0142648707898089,18.92657155,0.1885699999999985,0.261714163027085,0.2909804190617323,2014,3,17,0,bullish
18.924643,19.02393,18.833929,18.882143,208398400,46.45115240227601,48.36568290229336,-23.42636137172904,-35.73928616939116,18.95922146,18.971858003038,19.13794641,18.78926010944165,-0.0084416175511563,18.88523225,0.1900009999999987,0.2489928577663273,0.2785881062951187,2014,3,20,3,bullish
18.997499,19.0625,18.797501,19.031071,374046400,56.5052176339504,52.48106155132766,38.72555902412244,-1.375525993833793,18.95165716,18.97418009211566,19.14041426,18.79405878256588,0.0004044525630746,18.898839400000004,0.2649989999999995,0.2512794495139948,0.2776174558453396,2014,3,21,4,bullish
19.229286,19.303572,19.109285,19.256786,355700800,67.34596600274658,57.9511487064931,185.9859424090305,179.67975886843945,18.95356432,18.98526272610384,19.14373926,18.803241089137348,0.0253362801153897,18.9196252,0.2725009999999983,0.2543110995834239,0.2772519947134849,2014,3,24,0,bullish
19.258215,19.314644,19.140356,19.169287,168669200,53.85944492403738,53.55715864855911,-10.446652596618843,51.19102821791341,18.93153574,19.03333915140606,19.17401428,18.8461409786632,0.0733921570010558,19.053107200000003,0.1742880000000006,0.2376293456512584,0.2621489027683192,2014,3,31,0,bullish
18.756786,18.790001,18.525,18.694286,243888400,27.908468686331204,39.95742533773,-128.84229421014695,-168.2787656054003,18.86562136,19.03461519728936,19.20374282,18.86907443366108,-0.0080163705833911,19.07082135,0.2650010000000016,0.2475820905209997,0.2563916459683442,2014,4,8,1,bullish
18.501785,18.610357,18.362143,18.536072,214765600,34.04856775816431,39.77482818891365,-73.21734490846714,-92.5880790259162,18.94712864,18.949314945537857,19.20556429,18.84301988360913,-0.1230594163606291,18.98280365,0.2482140000000008,0.2628020959068737,0.2625629485732493,2014,4,16,2,bullish
18.571428,18.848572,18.542856,18.747856,284334400,48.25168152272872,46.2775339370338,39.82635088568846,-37.6931321456642,18.95595004,18.941414577605027,19.20692142,18.84113266974597,-0.1154288474513407,18.9760893,0.3125,0.269901796491606,0.266129880818132,2014,4,17,3,bullish
18.895,18.968929,18.730356,18.741072,394940000,45.694537349188536,46.161273955451314,47.97713670447081,14.014532178060728,18.97483582,18.93640944623164,19.21073574,18.844490142215964,-0.0698855275949377,18.92353585,0.2589299999999994,0.2609285715515658,0.2621919712671859,2014,4,23,2,bullish
20.293215,20.357143,20.026072,20.2775,759911600,79.97372110825263,70.35067312075805,233.33333333333465,368.90496354926063,18.99755722,18.98900132980934,19.21852503,18.872905221505352,0.0521738614300275,18.973518,1.6160710000000016,0.4545203470441995,0.3588976161789874,2014,4,24,3,bullish
20.161785,20.428213,20.14143,20.42643,390275200,81.30803692623886,71.67896666286097,122.73156430474296,243.0602033439513,19.02328584,19.045371181632444,19.22419289,18.90370915426001,0.1590903187978547,19.0350895,0.2867829999999998,0.4305578688950281,0.3537465721660881,2014,4,25,4,bullish
21.155001,21.22143,21.061071,21.16357,191514400,82.23024403329285,75.08682369620628,53.05297120245411,83.3820384018516,19.20731438,19.42617465645437,19.27780002,19.11739288010322,0.5747002493557289,19.5064823,0.1603590000000032,0.3814788378370765,0.355215113405641,2014,5,2,4,bullish
20.876429,20.9375,20.72607,20.912144,291597600,58.51752323982973,64.26314112267815,-161.17677189969166,17.880476358973702,19.45113584,19.73706427233592,19.33241433,19.310688810905223,0.5776801850642599,20.09344665,0.2735729999999989,0.3488658061534539,0.3460576486483839,2014,5,9,4,bullish
21.239286,21.307142,21.001429,21.029285,230846000,56.14690146305513,63.08266701689434,9.108152762677944,-21.335750181283,19.630907200000003,19.94631418199379,19.39011432,19.45249601255005,0.5070985896964189,20.613125000000004,0.3057129999999972,0.2972171827467197,0.3175574717315142,2014,5,15,3,bullish
21.022499,21.340357,20.907143,21.339643,276256400,67.02864954948089,67.39015189230034,69.81353821915707,34.34572784770156,19.67859292,20.00095458101817,19.40743218,19.48990220225756,0.5005106098166436,20.74271435,0.4332139999999995,0.3166452994971883,0.3258186523221807,2014,5,16,4,bullish
21.664286,21.780357,21.575001,21.688213,200760000,75.82494618830408,71.60437431030286,84.78592886900883,135.02038245831966,19.88489294,20.24252674693116,19.4649786,19.654882383834742,0.5088193750640109,21.220375,0.2053559999999983,0.2739282099743251,0.3007912260508268,2014,5,22,3,bullish
21.6875,21.954643,21.659643,21.933214,232209600,81.55185895442851,74.55995191035605,112.593710563447,147.8320673385347,19.9445215,20.3088282607066,19.48626789,19.700038213370124,0.5202339254887143,21.2957142,0.2950000000000017,0.2769384656922789,0.3003775670471943,2014,5,23,4,bullish
22.357857,22.493929,22.277857,22.286072,315481600,83.0702895873727,76.74255786057748,130.2119211942039,162.24312913713726,20.08610006,20.46304549604968,19.5346572,19.802652460059807,0.5730914693084266,21.4086071,0.2160720000000004,0.2856297298963683,0.3022187797498848,2014,5,28,2,bullish
22.64143,22.672501,22.232143,22.451786,369350800,72.06076715724916,72.90184146081843,41.20626538556601,89.87419987144163,20.30443576,20.702514249221124,19.63182861,19.964650317674323,0.6230670004608001,21.6280357,0.4403579999999998,0.3577634217423192,0.3378859821832499,2014,6,2,0,bullish
22.445,22.812143,22.4375,22.769285,292709200,78.39595846091278,76.09350792755092,77.04884457741636,100.28442011194656,20.37920004,20.783564133424363,19.6654286,20.02023168987956,0.636393006996034,21.69335715,0.3746429999999989,0.3601747900648449,0.3405114834558834,2014,6,3,1,bullish
23.210714,23.259287,23.016787,23.05607,349938400,79.06841173005998,77.09267822293293,95.33866429199996,108.41469779302663,20.60332856,21.041996134447743,19.78419643,20.197887797456445,0.6803864117579721,21.98444625,0.2424999999999997,0.3351778794577449,0.3318785139039775,2014,6,6,4,bullish
23.174999,23.469999,22.9375,23.424999,301660000,84.54775935342188,80.20181905017725,103.73574558097437,116.56479957263878,20.68792854,21.13544727716455,19.82330713,20.261837777073573,0.7033429029178215,22.110089,0.5324990000000014,0.3633666109637816,0.3462085486251565,2014,6,9,0,bullish
23.049999,23.110001,22.719999,22.82,218100000,48.3969776337515,61.11824569368322,-123.94182046829188,-3.363778509151412,21.00504282,21.44323706675408,19.96631069,20.48969797498574,0.6266552056154033,22.52523195,0.390001999999999,0.3869448462345106,0.3630856923231009,2014,6,13,4,bullish
22.5525,22.674999,22.4125,22.59,147476000,36.37377041600349,52.51849472027498,-126.51139153985608,-144.06571954100474,21.649535640000003,21.819634290103888,20.28881426,20.835338757544985,0.2831882192544057,22.9372676,0.2624989999999982,0.3261927413560369,0.3347016643372166,2014,6,25,2,bullish
22.592501,22.762501,22.450001,22.725,130516000,45.97466421382463,55.52152896209317,-65.76483334718613,-99.66249550607064,21.73406422,21.85513883902851,20.33694641,20.872778912667165,0.2560715804984745,22.9389105,0.3125,0.3242366354480316,0.3331158311702711,2014,6,26,3,bullish
22.705,23.0,22.692499,22.995001,256116000,60.043096295133,60.854118649899526,72.22210002522277,-22.87765366239268,21.8232428,21.89983932957601,20.38518572,20.91482636239001,0.2534466973649216,22.9583034,0.3075009999999984,0.3218458303840269,0.3312862003723929,2014,6,27,4,bullish
23.025,23.432501,23.022499,23.2325,197929200,68.4691941148882,64.84654926676728,172.39011780335144,99.14638308376396,21.91293568,21.95210054766693,20.43444286,20.960745778038262,0.2674476727176653,22.9973391,0.4375,0.3383678546148801,0.3388729003457994,2014,6,30,0,bullish
23.467501,23.514999,23.272499,23.370001,113860000,71.89480837207462,66.78004137916744,88.35468455192584,147.58877302181315,22.0887428,22.06150461207114,20.53330359,21.05546049500022,0.2984907870744315,23.0449106,0.2424999999999997,0.3181376074721564,0.3284159191757074,2014,7,2,2,bullish
23.4175,23.525,23.299999,23.5075,91567200,75.9049537357865,68.91604534228387,74.97469249219739,133.24830183263512,22.18407136,22.11821032831033,20.57945359,21.10404052953833,0.3149543068443492,23.0643035,0.2250009999999989,0.3048323778332767,0.3210291392345807,2014,7,3,3,bullish
23.84,23.9725,23.715,23.805,136072000,69.9723633811956,68.30677476130678,55.62914086370517,85.93524691907442,22.48590706,22.431249333465345,20.80534644,21.365168185199536,0.3936818053710418,23.19737505,0.2575000000000003,0.3737454557048587,0.3592003694272367,2014,7,11,4,bullish
23.7575,23.82,23.1425,23.272499,229192000,37.8347175740318,50.48673279016282,-174.8296944659911,-49.64420843395808,22.68451416,22.6209649811063,20.99683215,21.54636508363943,0.3163300859273583,23.346125,0.677500000000002,0.4560836753825474,0.4064785974388769,2014,7,17,3,bullish
23.747499,23.75,23.43,23.485001,156316000,46.82702775253724,53.9366812569432,-58.90560191128984,-43.27602210040786,22.78327848,22.692019243598043,21.0965393,21.62479238355299,0.2636815679861186,23.416125,0.3200000000000003,0.4334492308933001,0.4018616477916834,2014,7,21,0,bullish
23.67,23.7225,23.530001,23.68,220788000,53.95469068800163,57.2933300451093,-23.154506430921003,-22.024024355098984,22.838635600000003,22.7307635932228,21.14488572,21.665505911250225,0.2523461398055353,23.46475,0.2374989999999996,0.4054563407656858,0.3901214586637029,2014,7,22,1,bullish
24.26,24.33,24.105,24.2575,182916000,67.51525065947553,64.89275972408888,108.86614163979948,148.37268481882714,22.96217134,22.84966687092696,21.25400714,21.76795871124414,0.3127369760940972,23.634500050000003,0.2249999999999978,0.426763719746218,0.4048495587457471,2014,7,24,3,bullish
24.2125,24.459999,24.16,24.4175,173876000,70.83840129264078,66.84851683526048,94.98778868771898,149.46978487373588,23.0263285,22.911150531824862,21.30845357,21.82044472210817,0.3398689601547815,23.71912505,0.2999989999999997,0.4086544740681868,0.3973602331210493,2014,7,25,4,bullish
24.290001,24.362499,23.8325,23.9,227372000,43.55353966266892,52.48747014816608,-112.0367939700614,-3.46064661580007,23.27091416,23.13629223390438,21.527589249999995,22.02194515672168,0.3544701533994789,23.9596249,0.7050000000000018,0.4220598602217288,0.4053453910394196,2014,7,31,3,bullish
23.565001,23.705,23.32,23.684999,167460000,39.15734802128219,48.429314244711065,-122.72152436688472,-107.04428799620376,23.47406416,23.274489058562946,21.81721782,22.221737528234147,0.1186977378163085,23.95987485,0.384999999999998,0.3859900069911768,0.3897841362325086,2014,8,8,4,bullish
24.01,24.219999,23.9025,23.9925,135180000,53.62461791026477,54.291735871002096,116.23470283520584,-9.831627692838923,23.53268556,23.32988779097944,21.91856066,22.291290104637746,0.1158406886874132,23.96224985,0.3174990000000015,0.3699620255445381,0.3809873368535399,2014,8,12,1,bullish
24.475,24.547501,24.215,24.495001,195804000,70.71400183536579,62.71296842183872,103.48466943195398,89.736864548864,23.61792132,23.450436335750947,22.07284281,22.4138137496068,0.1833996426024668,24.0924999,0.3325010000000006,0.3373739606927704,0.3611120714530698,2014,8,15,4,bullish
24.622499,24.842501,24.495001,24.790001,190288000,77.64602058831039,66.97015440565919,127.79190621627347,159.8231633695181,23.65259994,23.50296828732262,22.12796425,22.460879885835137,0.2238426066900878,24.1577499,0.3475000000000001,0.3388205377366604,0.3601397806349933,2014,8,18,0,bullish
25.1425,25.235001,25.0275,25.145,133912000,83.25195271506222,71.23964602043696,83.91925105749584,127.75474898690912,23.75194996,23.68812513795493,22.306785670000004,22.61694994282,0.3514417386754189,24.31699985,0.2075010000000006,0.3177922715776056,0.345476357527361,2014,8,21,3,bullish
25.355,25.375,25.215,25.2225,132608000,72.84396215537205,68.81364948025019,59.60485188099073,82.73692608721272,23.891849980000003,23.87166753960985,22.486521390000004,22.77392784680986,0.4146066774101058,24.42549995,0.1700000000000017,0.2852422584861891,0.3232166138803243,2014,8,26,1,bullish
25.715,25.725,25.549999,25.625,178380000,81.88550004947683,73.93153945497404,114.51547268489924,98.22750876815212,24.04564996,24.06425508218608,22.68988926,22.937031146013805,0.4634949445524263,24.63799995,0.1750010000000017,0.2910421423703117,0.3203079255448514,2014,8,29,4,bullish
24.7125,25.022499,24.4475,24.530001,342872000,33.77698612976731,46.65805658232936,-151.69184773213058,-114.23301936138728,24.18735,24.17153132527349,22.87885712,23.058444767708743,0.3248943526693324,24.8216251,0.5749989999999983,0.4424491537958813,0.3948856885648849,2014,9,4,3,bullish
24.77,25.77,24.035,24.497499,759385200,35.56491946364916,46.26537376474606,-46.880800077507246,-90.42675553812964,24.29774996,24.22075057070647,23.06049638,23.1487265371937,0.1667710043996422,24.9480001,1.7349999999999994,0.5983787090959486,0.4805433034901811,2014,9,9,1,bullish
24.950001,25.315001,24.7225,25.215,267632400,53.753739318184415,55.91218436683416,-0.8982859743780659,-19.093729400103367,24.48099996,24.42161798902971,23.36968566,23.356241611822416,0.221797259463365,25.182125050000003,0.6849990000000012,0.5586297916897784,0.4949610066300129,2014,9,16,1,bullish
25.450001,25.535,25.145,25.264999,211153600,52.53575807145226,55.3989468365663,-22.78391957145515,53.39437674160889,24.60294994,24.556518641615124,23.5444285,23.50843571596955,0.2033488695598215,25.212,0.3900000000000005,0.4618241957642451,0.4559838497074079,2014,9,22,0,bullish
25.127501,25.1775,24.43,24.467501,400368000,30.71837665625948,41.4286475429241,-233.33333333333064,-130.51116871925743,24.68149998,24.626167515552115,23.66257138,23.6058201647358,0.1339228804020997,25.1832501,1.0075000000000005,0.5482408288194661,0.5013636548131108,2014,9,25,3,bullish
24.6625,25.110001,24.657499,25.0275,199065200,46.707294521722126,49.73979358788692,-62.507056445450765,-93.67500970562963,24.7482,24.66305582741417,23.74088566,23.66468147659252,0.1023366959568825,25.1346251,0.5300009999999986,0.5666667517857302,0.5179105033847743,2014,9,29,0,bullish
25.147499,25.172501,24.674999,24.795,205965200,41.84768535377371,46.661208620750585,-56.58585067691409,-103.91265749635498,24.80454998,24.68799002038978,23.82159279,23.716629391626142,0.0601089544216115,25.10575,0.5125010000000003,0.5333165319242102,0.5068846381225861,2014,10,1,2,bullish
24.8575,25.030001,24.682501,24.6875,168376800,38.94597049893996,45.077801894030586,-98.15249103790028,-79.03955788228463,24.83945002,24.71398554685909,23.970146400000004,23.80500916312411,-0.0160125903511456,25.1613751,0.3475000000000001,0.4548961788312269,0.471251617800374,2014,10,7,1,bullish
23.887501,24.43,23.852501,24.065001,288618000,25.47295739660602,36.88967498047097,-132.0384603647759,-228.44130143885,24.944350080000003,24.73149491972076,24.18593926,23.935279493225085,-0.1226301352902119,24.973375150000003,0.5774989999999995,0.5563842178736249,0.5226277055860254,2014,10,16,3,bullish
24.375,24.75,24.202499,24.4175,272718800,39.767951661086194,43.19798568873286,-51.91026117085023,-104.40057424937676,24.960300060000005,24.719181393291265,24.20725354,23.944829523749124,-0.1420227520466994,24.93225015,0.6849990000000012,0.5747577581773929,0.5342256551870237,2014,10,17,4,bullish
24.58,24.99,24.555,24.940001,310069200,54.77057460309924,51.01420505044058,24.3056144086392,-1.5726598462236108,24.985400100000003,24.72784098582333,24.22973213,23.96453813417256,-0.1139169132998212,24.91600025,0.572499999999998,0.574435221294908,0.536959536959379,2014,10,20,0,bullish
25.754999,25.754999,25.317499,25.6175,378495600,67.14881522730772,58.90968734746112,141.91032088954333,159.71776229531295,25.01780012,24.76272957504855,24.259835700000004,23.99727370664321,-0.0365529665517065,24.91387525,0.8149980000000028,0.608801332538493,0.5568194271765665,2014,10,21,1,bullish
25.709999,26.0275,25.65,25.747499,273052400,69.04527215353608,60.234135519951856,133.66372473311583,165.91186820823657,25.0529001,24.80134798433171,24.29279283,24.031935425978407,0.034846660861227,24.9293752,0.4100000000000001,0.5804011421758511,0.5463323252353832,2014,10,22,2,bullish
26.2125,26.370001,26.174999,26.2775,136750800,75.01679996740728,64.9662520176013,76.31455859238429,121.7996031464094,25.1651001,24.96679368599759,24.39151071,24.161926537235445,0.2627206308646777,25.13475015,0.1950019999999988,0.4767981769970372,0.4989896743958223,2014,10,27,0,bullish
26.35,26.684999,26.3375,26.684999,192243600,80.08708774090087,68.64197783254895,97.13756193077064,125.94537744904676,25.20300006,25.0341742872329,24.4278,24.211893415256647,0.3369233268784128,25.209625100000004,0.4074990000000014,0.4668982945688892,0.4924546262246922,2014,10,28,1,bullish
26.74,26.8375,26.475,26.745001,162619200,77.34322592675748,68.13615638165032,81.62263993718598,93.8185391732548,25.26910006,25.169116674719632,24.49372501,24.312977888333755,0.4433264016987444,25.4001251,0.3624999999999971,0.4257315225404078,0.4672568613876169,2014,10,30,3,bullish
27.002501,27.01,26.8025,27.0,178557200,80.72820046455007,70.40730936614659,111.4310365992042,98.0739733224745,25.306200059999995,25.24091602145756,24.52907501,24.36619130895816,0.490065417409447,25.504875050000003,0.2649990000000031,0.4027697336060643,0.4528098712885017,2014,10,31,4,bullish
27.254999,27.3325,27.1675,27.2075,108782000,72.28291255251833,68.59043018394357,52.14382158811211,77.9097345187419,25.52005008,25.66401329654181,24.78285002,24.689419762155243,0.5879806686637394,26.16325,0.1649999999999991,0.3331224898564756,0.3997293527175087,2014,11,10,0,bullish
27.174999,27.4375,27.1,27.424999,109769200,77.371117166766,70.9473556242649,105.99010530673512,83.03832723079324,25.552050040000005,25.73307155989392,24.829825,24.74359412817289,0.5919315654514072,26.300124950000004,0.3374999999999986,0.3337478484484074,0.3952843989519723,2014,11,11,1,bullish
27.344999,27.8575,27.342501,27.8125,187769600,83.62094620394421,74.60375488372613,208.62396610344587,135.09569694328482,25.613600020000003,25.81461777376624,24.880875,24.804369467959525,0.6191930992257788,26.47149995,0.5149990000000031,0.3596408700986354,0.4038354418839745,2014,11,12,2,bullish
27.950001,28.362499,27.9,28.205,238091600,87.65127701846481,77.66938742826957,173.71172095167833,206.1151227359246,25.6871,25.908358253817063,24.937225,24.871714037305544,0.6648060604538379,26.6784999,0.5499989999999997,0.3868348886559731,0.4142756960351191,2014,11,13,3,bullish
28.567499,29.32,28.325001,28.497499,186986800,87.27747645920054,78.73060965971294,121.00057297575869,190.46018373645109,25.84129998,26.10923608937097,25.05449999,25.01482065687895,0.75140659131619,27.0627498,0.994999,0.5175725508492867,0.4776917940302815,2014,11,17,0,bullish
28.860001,28.934999,28.450001,28.6675,167476800,79.02953250130511,76.15329530782819,69.17792979390477,111.78896357331824,25.99705,26.31348552611774,25.16757498,25.161941705223985,0.8074996681468534,27.37124985,0.4849980000000009,0.50464497613417,0.4763770315873347,2014,11,19,2,bullish
29.377501,29.3925,29.0075,29.1175,228717200,84.2022108303471,79.24612246072164,125.27309918614311,112.98471052861508,26.14549996,26.52758887080697,25.28202497,25.31628089446041,0.8578618649141703,27.6553748,0.384999999999998,0.4928003906291858,0.4745674405013241,2014,11,21,4,bullish
29.7675,29.9375,29.362499,29.4,275361600,76.58390237887109,76.43412363065056,111.10616104207551,112.60817912799136,26.31419996,26.75816062420281,25.39759996,25.481420243801104,0.9123104880006494,27.9601248,0.5750010000000003,0.5146084706663407,0.4884025430853255,2014,11,25,1,bullish
28.375,28.9375,28.1875,28.657499,237395600,45.69874202333545,58.32359460298915,-125.06391849507096,-39.43888835789189,26.62539996,27.12008192569729,25.61417495,25.76859588963981,0.7738117755660738,28.40899975,0.75,0.6983601082813734,0.5912360791092249,2014,12,2,1,bullish
28.525,28.6625,27.905001,28.1,230659600,33.509484338281595,48.64119769418132,-144.17313611679188,-153.5694887888333,26.90444992,27.348135871434625,25.81212496,25.991632494941456,0.5035188311193863,28.7046247,0.8449990000000014,0.6305536531997747,0.5777989832996294,2014,12,8,0,bullish
26.592501,27.540001,26.565001,26.6875,243162800,20.06163439384018,34.755530685335174,-123.05911809761868,-151.33121785770263,27.22054994,27.393010893941405,26.03067497,26.17116947069666,-0.0635855744490818,28.59999995,0.9750000000000014,0.8110746588214833,0.7024932135970265,2014,12,16,1,bullish
26.780001,27.459999,26.705,27.352501,213647200,39.207806510235926,43.73170521707525,-65.52760506358517,-112.99982251977708,27.27384996,27.391422270645595,26.05664999,26.19456334764025,-0.1035728295575424,28.52425,0.7724989999999998,0.8055638504184143,0.7074936269115246,2014,12,17,2,bullish
28.065001,28.309999,27.915001,27.945,353719200,50.6181603825608,50.11818933392593,79.21589316452888,-1.1887747555107648,27.38689996,27.44218372630761,26.1264,26.267426349344063,-0.0586654176831515,28.44237505,0.394998000000001,0.7474546656135291,0.6919713364696312,2014,12,19,4,bullish
28.145,28.1775,28.002501,28.002501,57918400,50.38925331385372,50.37502611645627,40.31488660083206,24.219937501155897,27.5779,27.51896094444294,26.25182504,26.375472620710013,-0.0061417672119112,28.2522502,0.1749989999999996,0.5672015241181411,0.6072861374722229,2014,12,24,2,bullish
26.635,26.8575,26.157499,26.565001,263188400,25.003795203127865,36.13359293777094,-110.11371717862376,-141.44279193910435,27.93349996,27.52278721201285,26.51217504,26.53081604689929,-0.2293634389592362,27.73462525,0.7000010000000003,0.6739142117637288,0.6471701607744882,2015,1,6,1,bullish
26.799999,27.049999,26.674999,26.9375,160423600,36.65045802062028,41.162771120803846,-55.75987168399046,-97.68165513540691,27.946149960000003,27.49983477229182,26.53780004,26.538869505946263,-0.2607300857577215,27.67650025,0.4849980000000009,0.6469261815117677,0.635586435004882,2015,1,7,2,bullish
28.15,28.157499,27.200001,27.3125,198603200,44.85759922744696,45.9322698401945,45.44427975052263,-21.18821226545909,28.01595002,27.52853827810119,26.626500030000003,26.60987594140021,-0.1596243860616333,27.61975025,0.9574980000000012,0.7526922950628047,0.6954347688431948,2015,1,12,0,bullish
26.7575,26.895,26.299999,26.497499,314053200,32.58381996121341,39.20396914978499,-152.2950632809838,-112.3456090384848,28.015200000000004,27.455153527319585,26.69855003,26.643107320433018,-0.2597333663516359,27.6036251,0.5950009999999999,0.7350702696382321,0.7021672015548337,2015,1,16,4,bullish
26.959999,27.2425,26.625,27.18,199599600,47.990190367766296,46.736851194377394,-48.94277060080568,-42.6261844959704,28.0145,27.4443631929032,26.71812503,26.653739209024405,-0.2478270040160595,27.554500099999995,0.7450009999999985,0.7364889454041987,0.7052267585866312,2015,1,20,1,bullish
27.237499,27.764999,27.067499,27.387501,194303600,51.88993218203628,48.81340765455509,37.83909111921814,25.49570674201026,28.01875004,27.44213330298311,26.73667505,26.66826961485777,-0.2191216317700508,27.52662515,0.697499999999998,0.7309190960607415,0.7046748472590145,2015,1,21,2,bullish
27.565001,28.1175,27.43,28.1,215185600,63.00288174854615,55.26300320613316,112.62703053777588,101.30867276658802,28.03570002,27.467931997009583,26.76205005,26.69662160931718,-0.1372970280813596,27.5198751,0.7299989999999994,0.7307876537663497,0.7064837153119421,2015,1,22,3,bullish
28.105,28.120001,27.2575,27.285,382274800,44.24730393080191,46.82066940458773,-1.6899591089813646,7.598235090841109,28.06290006,27.51929684905674,26.83825004,26.768369617054343,-0.0256565506839123,27.47837515,1.0174999999999983,0.711567321322249,0.6983781124418136,2015,1,27,1,bullish
29.407499,29.530001,28.827499,28.827499,585908400,64.8734930263507,58.869927151219024,144.7601727154022,204.52689952442435,28.07535004,27.570598894235506,26.88122502,26.8091456481646,0.0748134429554845,27.495875049999995,2.2450009999999985,0.9306292754190704,0.8088511758388268,2015,1,28,2,bullish
29.6,30.0,29.2125,29.290001,334982000,64.59287137198436,60.08437247817886,93.5519097427032,147.0728400072839,28.11480008,27.719199556848764,26.97805003,26.914870795720248,0.3041129270184051,27.660375200000004,0.7875000000000014,0.9150033860221743,0.8180146669222539,2015,1,30,4,bullish
29.625,29.772499,29.4025,29.6625,207662800,67.87195703291495,62.21021948677203,67.22311827944802,103.97653678118836,28.15050006,27.86843830768008,27.07377503,27.02251623362896,0.4577045735682112,27.931625149999995,0.3699989999999999,0.8196962223836384,0.7829947179074537,2015,2,3,1,bullish
30.004999,30.0625,29.612499,29.7325,174826400,64.45337211910007,61.34615037399429,50.68874551227606,73.55837542007681,28.1856001,28.094467238660627,27.20805003,27.18824022599309,0.5873795734387599,28.338250100000003,0.4500010000000003,0.6682056764864893,0.7091764253799837,2015,2,6,4,bullish
29.637501,29.959999,29.6075,29.93,155559200,67.27047861627449,62.7267648907569,45.72928436397999,69.47779750296775,28.196200099999995,28.166448915620457,27.25520003,27.242533851048275,0.6073233221305294,28.43462505,0.3524989999999981,0.6231047227027048,0.6836994664242705,2015,2,9,0,bullish
30.0425,30.5375,30.040001,30.504999,248034000,74.21218427287036,66.4804865136262,187.3322983892202,107.39940370572172,28.21130008,28.258156762121256,27.30630002,27.30713869858698,0.6618965688590634,28.59425,0.6075000000000017,0.6208754766023186,0.6782566473939655,2015,2,10,1,bullish
30.692499,31.23,30.625,31.219999,294247200,80.27985907242856,70.46378983730193,178.29748110838477,162.31276486704184,28.241050060000003,28.37430743818288,27.36402501,27.384622935033544,0.7541474422918597,28.777499950000003,0.7250009999999989,0.6357505513734159,0.681595529722968,2015,2,11,2,bullish
31.82,31.82,31.4125,31.77,217088800,83.85022357534754,73.16299559716845,99.14742394543514,161.8127230934839,28.36025008,28.62957407129079,27.49282502,27.553577003559592,0.926605843370414,29.2389999,0.4074999999999988,0.6048884050906723,0.6599217883835793,2015,2,13,4,bullish
31.872499,32.220001,31.73,31.9575,252609600,85.04984837402021,74.07966927117153,92.70508373858476,147.666282703928,28.41975008,28.760080970522,27.55580002,27.64078536493464,0.9915397703935902,29.51199995,0.490001000000003,0.588475918649148,0.6477845892133238,2015,2,17,1,bullish
32.119999,32.2575,32.0825,32.112499,149449600,83.68206775225649,74.15054099396563,80.85292585153533,105.53922121194064,28.55315008,29.020403425044247,27.699675000000003,27.81744350364717,1.0764379092312666,29.99824985,0.1749999999999971,0.4980640626810064,0.593102594780876,2015,2,19,3,bullish
32.154999,32.375,32.012501,32.375,195793600,85.74797847082883,75.53192553661083,86.77871530640284,95.6058258323115,28.63865008,29.15195623196439,27.77155,27.907694062654045,1.1067148499302242,30.21199985,0.3624989999999997,0.4786976251551483,0.5766309094393849,2015,2,20,4,bullish
32.889999,32.900002,32.037498,32.197498,298846800,59.31410939959322,65.06604414190772,-6.340710902944066,61.5442070093626,28.92000002,29.566326664346988,28.00634998,28.19395235538437,1.1656999333069713,30.946249700000003,1.0050019999999975,0.6112503470364784,0.6276526472442889,2015,2,25,2,bullish
31.1875,31.192499,30.5275,30.559999,275756000,26.44448476290914,43.63895139473546,-162.84154239394925,-204.6851603209764,29.73369994,30.28888825728157,28.69692496,28.845597994398435,0.3930610683084587,31.9956248,0.6649990000000017,0.7034812633484918,0.6716953598399094,2015,3,11,2,bullish
31.1,31.35,30.645,30.897499,207309200,37.650051241702194,47.37726611219849,-61.51480380044448,-112.99627760588632,29.8417499,30.343787199449547,28.83219993,28.93023126337523,0.2494100030260106,31.95437475,0.7050000000000018,0.717659826133586,0.6837450449640036,2015,3,13,4,bullish
30.969999,31.237499,30.717501,31.237499,143497200,45.89989131251602,50.82340043619466,-32.46183051444456,-85.00461146717758,29.9145999,30.37883472104807,28.89517491,28.97592043756528,0.2150911762341998,31.9277497,0.5199980000000011,0.6894224224002168,0.6720488274665748,2015,3,16,0,bullish
31.475,31.83,31.4125,31.76,204092400,56.27310002705777,55.63202923159884,93.21648193656776,-0.8147347930120254,30.003149900000004,30.432998065333027,28.95659991,29.03105155878145,0.2274330164829585,31.9178747,0.5925009999999986,0.6755765049144714,0.6663668397903908,2015,3,17,1,bullish
32.0625,32.099998,31.290001,31.475,274780400,47.48887078902744,51.582808646695625,25.486601384698208,6.229536378404369,30.31119988,30.589171769474408,29.12867492,29.19337078263249,0.2379518774509641,31.85787475,0.8099969999999992,0.6709894404126112,0.6650218145114751,2015,3,20,4,bullish
31.635,31.705,30.844999,30.844999,206620800,36.1109038559106,45.06111260441198,-187.90123620696008,-58.94657528309217,30.53184986,30.683944480668423,29.27389994,29.32383762379173,0.1446806410084136,31.64937485,0.8600009999999969,0.6418767525630434,0.6484476823912939,2015,3,25,2,bullish
31.1425,31.174999,30.727501,30.8125,158184800,37.24770623281038,45.024994923841376,-94.7560193139112,-74.504370845515,30.669199820000003,30.703154786656345,29.355174920000003,29.3870155523159,0.0408518762466272,31.506999700000005,0.4474979999999995,0.6053070018830526,0.6288909047149422,2015,3,27,4,bullish
31.205,31.280001,30.775,31.0625,162485600,44.46464154761187,47.81598631058749,-50.76807366623725,-68.71425072982554,30.93679986,30.764676159987705,29.47564993,29.495549624493105,0.0071377145289446,31.3577499,0.505001,0.6011846046843716,0.6234168482721315,2015,4,1,2,bullish
31.2575,31.389999,31.047501,31.33,128880400,50.40600455061243,50.527425845450864,53.3615295997069,-33.30105499244702,31.015649839999995,30.786845722344253,29.51719994,29.5318758061774,0.0092550884931341,31.344124850000004,0.3424979999999991,0.564229375443747,0.6033512162526934,2015,4,2,3,bullish
31.4625,31.6,31.2425,31.4,149316800,49.914422134907205,50.67863070685514,14.29062191062594,-1.3012972526349884,31.21804984,30.87588926873943,29.64574995,29.65098493180579,0.05250394054665,31.352999850000003,0.3575000000000017,0.5553381839529135,0.5930602868466353,2015,4,8,2,bullish
31.387501,31.535,31.115,31.1875,207828000,39.01750451115026,46.68940352459233,-173.751718019915,-76.71447011846513,31.55384988,31.04758774031848,29.86029997,29.9035694009431,0.0577603447639205,31.43137505,0.427500000000002,0.4377696748354891,0.5089917471488852,2015,4,17,4,bullish
32.025002,32.049999,31.6675,31.727501,129740400,54.32955517487661,53.090268120653576,85.96820752655283,98.39202167615544,31.63204988,31.10636803787696,29.90882499,29.978438000172904,0.0925104641337668,31.4488751,0.3824989999999992,0.4794325570219914,0.5220769299395998,2015,4,21,1,bullish
31.747499,32.217499,31.58,32.154999,150618000,63.47202360386789,57.6731280827207,139.77450955673845,164.70706806992357,31.67654985999999,31.14749082070876,29.93637498,30.021538612902525,0.1310458068845328,31.473000000000003,0.6374989999999983,0.502013477447421,0.5303213635153425,2015,4,22,2,bullish
32.622501,32.657501,32.307499,32.57,178103600,70.55633351290099,61.69589213192843,124.2575488860789,206.04624297554423,31.7417999,31.25112666687527,29.99142498,30.118509327833628,0.2296807815448289,31.6271251,0.3500020000000035,0.4886224324103506,0.5200731552759843,2015,4,24,4,bullish
32.16,32.16,31.145,31.2875,332781600,36.046993368147085,44.67262180966394,-152.72381068596687,-73.71248966883705,31.77634984,31.403553679321448,30.13112497,30.286023323624125,0.212073184538827,31.8608749,1.014999999999997,0.7039663858408228,0.6309820003341681,2015,4,30,3,bullish
31.192499,31.52,31.004999,31.315001,175763600,39.71280199484386,45.45916517459488,-84.72320066979782,-115.15163453335128,31.68539992,31.450770147233293,30.30269997,30.418203586238484,0.019187875607173,31.89687495,0.515000999999998,0.727621769816043,0.6727057475625378,2015,5,7,3,bullish
31.5375,31.797501,31.467501,31.502501,138776800,44.74659804083332,47.56175785632663,26.81799490296808,-49.61887272398548,31.62784996,31.4739057821114,30.48194997,30.50987286528697,-0.0346313850762527,31.88175005,0.3300000000000018,0.6082499057399386,0.6222460964216381,2015,5,13,2,bullish
32.267502,32.372501,32.052502,32.192501,152832000,58.94826911255512,54.42268497045124,123.9556492750041,59.05686571101892,31.64169998,31.5308565116708,30.56517497,30.57672565475448,0.0438889213612192,31.96675005,0.3199990000000028,0.5825913797273022,0.6081354606900862,2015,5,15,4,bullish
32.5,32.744999,32.334999,32.514999,145819600,64.13595770233042,57.30756869562775,77.34093068602871,105.20256808065226,31.70205,31.64342777165736,30.69724997,30.69027320539454,0.1634658752414601,32.056625149999995,0.4099999999999966,0.5253346356300213,0.5730917598892563,2015,5,20,2,bullish
32.517502,32.907501,32.4575,32.8475,158921600,70.66384922714286,60.6155732220291,97.3946442471245,116.6621823579443,31.74780002,31.6906462904176,30.74074998,30.73299082482984,0.210204554938997,32.07812515,0.4500010000000003,0.5145726876828755,0.5642995627543095,2015,5,21,3,bullish
33.150002,33.227501,32.279999,32.404999,282790400,51.53303994088223,53.43332599304916,14.417720311004402,72.04195004312265,31.8184,31.773080140445902,30.83007495,30.81272298604276,0.2508630725682579,32.0685001,0.947502,0.5617781787057865,0.5804421127830528,2015,5,26,1,bullish
31.674999,32.02,31.405001,31.855,224301600,31.642662558154115,44.11419772776865,-135.3066075579796,-199.8271194395164,32.01499996,31.98250227164549,31.34209989,31.10562185683721,0.046336908662127,32.392749849999994,0.6149990000000045,0.4707449745016934,0.5035105873579446,2015,6,9,1,bullish
31.525,31.809999,31.4275,31.73,175955600,33.34173742429002,43.02077206679416,-114.60672831914393,-135.34257550162948,32.07094994,31.979674631763324,31.54329989,31.17192231726388,-0.0526924265301644,32.41724975,0.3824990000000028,0.4418333535835891,0.4798314772628665,2015,6,15,0,bullish
31.9275,31.955,31.6,31.65,218867600,35.46042035856428,42.669023220394216,-70.13485862431476,-81.9758082781988,32.09024994,31.95801129883139,31.69769988,31.22288286942893,-0.1073138830568716,32.263124649999995,0.3699989999999999,0.3879134415844784,0.4399539080878993,2015,6,19,4,bullish
31.870001,31.9025,31.719999,31.7575,121075600,41.89379276456387,44.98818223333413,-16.44304565862485,-59.138501779385365,32.09369994,31.948056566126027,31.74877489,31.246660714018333,-0.1140142535301791,32.1691248,0.1825009999999984,0.3557629570824742,0.4165929156472195,2015,6,23,1,bullish
31.365,31.6175,31.120001,31.1325,196645600,27.62846269327791,37.1045855980676,-196.43055544600085,-226.4431655794893,32.108149919999995,31.906375180198832,31.8309999,31.279473015642555,-0.1622549329041049,31.947250000000004,0.5674990000000015,0.4253145878296075,0.440578268294467,2015,6,29,0,bullish
31.3925,31.530001,31.215,31.3575,177482800,37.12322001787879,41.28580447996789,-105.8244037055149,-164.88263589608317,32.09729992,31.884850663328024,31.84472489,31.28101810986216,-0.1839676490171555,31.8906249,0.3975009999999983,0.4213412181396633,0.4375013205591478,2015,6,30,1,bullish
30.9625,31.014999,29.805,30.0175,314380000,17.18398003142498,28.10621832742441,-164.37265274068912,-226.15497051444788,31.94070002,31.71796490275278,31.86542493,31.26300474560249,-0.3421416580226619,31.57987505,1.2099989999999998,0.5772725422615077,0.5093287150788282,2015,7,9,3,bullish
30.485001,30.9625,30.3025,30.82,245418000,41.46670691820916,41.13268673364183,-62.50260005143186,-121.5406219822068,31.91390002,31.68275059284058,31.85404993,31.25423234764808,-0.3510570178513355,31.5135001,0.9450000000000004,0.6298050362241495,0.5404480925731976,2015,7,10,4,bullish
31.51,31.592501,31.26,31.4025,127072400,53.0459357679695,48.43438188178794,68.044121335651,12.043114319749082,31.899750059999995,31.661672153560083,31.83929995,31.26028885583144,-0.2692312274536697,31.47825015,0.332500999999997,0.5861325368177418,0.5308711971677058,2015,7,14,1,bullish
31.43,31.7875,31.395,31.705,134596800,58.78731861484908,52.00117617291175,93.90672245918456,63.65544353102058,31.890350080000005,31.66337128479304,31.83259995,31.269095042395406,-0.2127726051300911,31.46850015,0.3925000000000018,0.5584707458437789,0.5209875402271555,2015,7,15,2,bullish
31.934999,32.142502,31.8375,32.127499,144889600,65.63451640849692,56.52440311351759,117.6357667957283,147.29452784187586,31.90390004,31.68157237166404,31.82137494,31.286093188421425,-0.1324102588067184,31.48362505,0.437502000000002,0.541189496437525,0.5150242873537875,2015,7,16,3,bullish
32.27,32.404999,32.077499,32.404999,184658800,69.51552666057542,59.24122337825966,115.02800586235776,175.79781343565048,31.92695,31.7099420433637,31.81499993,31.30824980028903,-0.045802605603999,31.50537505,0.3274999999999934,0.5106624255178777,0.5016296953999451,2015,7,17,4,bullish
29.355,29.424999,28.3125,28.66,496554400,14.441641106031753,26.532295655962628,-184.1485792080736,-179.8696850227081,31.62964998,31.34924303774604,31.70894999,31.2074337190086,-0.5265069380447649,31.0716251,1.2975010000000005,0.7377541561974843,0.6563224667953629,2015,8,4,1,bullish
28.645,29.0625,28.625,28.879999,154681600,23.032243834700765,30.245969866310688,-53.47110270501193,-104.74585089051948,31.3927,31.06522739329237,31.63512499,31.06942659867189,-0.7308760357222859,30.82325,0.4375,0.7400652820369003,0.6784239965559086,2015,8,7,4,bullish
29.452499,29.545,28.3325,28.372499,388331200,31.13687451000316,33.41102154920925,-53.6814367555846,-91.32427516939934,31.25465002,30.916857312300458,31.57822498,30.99390583064477,-0.7393298088652607,30.597499900000003,1.5975,0.9087724521087432,0.7731946704997376,2015,8,11,1,bullish
29.01,29.1,28.635,28.7875,194143200,38.47189439949067,37.706279178192446,-6.584607028682511,-58.34766231387498,31.10619998,30.753971283672392,31.52142497,30.9078251339104,-0.7518537336717408,30.285749900000003,0.4649999999999998,0.911343148488056,0.7959051648696716,2015,8,13,3,bullish
28.58,29.077499,28.502501,28.99,171718000,42.44202664339618,39.84861645617483,-6.749243221084042,-49.40756391976195,31.03919998,30.68479593921441,31.494599959999995,30.86984832833643,-0.7284752968539898,30.114999950000005,0.5749980000000008,0.863293841561191,0.7801260816646951,2015,8,14,4,bullish
23.717501,27.200001,23.0,25.780001,648825200,15.595742976712884,23.863934646027445,-165.15007358399944,-291.19671604601547,30.547650080000004,30.077097403624546,31.30530001,30.531879542526333,-1.0009591130884523,28.98662505,4.200001,1.3498058495259535,1.0400111851909448,2015,8,24,0,bullish
27.7775,27.7775,25.875,25.934999,414406400,19.019669500428503,25.595894968524547,-63.95430705391131,-133.5230308368096,30.43175006,29.91466217210944,31.25135,30.44085205866744,-1.1080870060504149,28.741125050000004,1.9974990000000008,1.4423334424508174,1.1084031719630203,2015,8,25,1,bullish
26.772499,27.4725,26.262501,27.422501,387098400,44.31244498851111,39.75893012239294,-23.146518351511283,-76.76977362403125,30.34220008,29.816930361438235,31.20720001,30.38108263655992,-1.0607302155670446,28.574875150000004,1.537500999999999,1.4559288078149863,1.1390530168228044,2015,8,26,2,bullish
27.5375,27.969999,26.84,26.93,307383600,37.94978787757736,38.34011403481605,1.2458256289039586,-47.84235868665222,30.0287001,29.53312505193023,31.06075002,30.19093488222549,-0.7838441855567027,28.19912505,1.350000999999999,1.1824649703990926,1.0632364560983991,2015,9,1,1,bullish
27.2425,27.612499,27.127501,27.317499,199985200,43.913803717817565,42.47081018471219,-100.41700869598644,-23.92115855444322,29.77540008,29.32069674731806,30.940875,30.04353321715816,-0.662069096206853,28.023250099999995,0.4849980000000009,1.019030028006426,1.0024981534432156,2015,9,4,4,bullish
28.440001,28.504999,27.442499,27.5375,340043200,46.8157648964362,44.624314616848096,21.71620777139976,39.40557137386441,29.631300060000004,29.20392648685511,30.86972499,29.95574822903157,-0.5624357364066448,27.8888751,1.0625,1.0011751226169658,0.994845346591344,2015,9,9,2,bullish
27.567499,28.32,27.475,28.1425,251571200,54.1412315016403,48.69903932193289,79.76219984413775,58.920204981503815,29.56700006,29.16230191874308,30.83214999,29.919842277168225,-0.4894633380358044,27.85550015,0.8449999999999989,0.978864390814542,0.984142107549105,2015,9,10,3,bullish
27.9475,28.5525,27.940001,28.5525,199662000,58.64480934951019,51.31360720431746,167.80185039000554,88.63214608421104,29.50505006,29.13838811800802,30.80039998,29.892766158221026,-0.3940067485653671,27.84375015,0.6124989999999997,0.926526477841036,0.9575961712955976,2015,9,11,4,bullish
29.145,29.2225,28.715,28.827499,233453600,61.59605381904466,53.04228218686798,170.90082108597585,170.1496811138451,29.44940002,29.12619638789004,30.76712498,29.871671732892658,-0.2927914747800919,27.8356251,0.6700000000000017,0.8898798381494596,0.9370535876316264,2015,9,14,0,bullish
28.0525,28.575001,27.967501,28.362499,297141200,50.13617178507188,49.07883367283293,-59.43191728753602,18.36023838829744,29.278050000000004,29.069087876724485,30.60937501,29.785190817334307,-0.082611801307447,27.819875000000003,0.6075000000000017,0.7282345790261145,0.8330961084534281,2015,9,18,4,bullish
28.344999,28.545,28.129999,28.35,201384800,48.82770518852923,48.86678636646771,-105.58828157983638,9.55847992820625,29.17639998,29.030843903120093,30.546425010000004,29.73769725202435,-0.046060945041912,28.066499900000004,0.6725009999999969,0.6898768131620427,0.7982055220848434,2015,9,22,1,bullish
28.407499,28.68,28.325001,28.58,143026800,53.07328904984726,50.71168444195263,-35.40451632265786,32.61145659617849,29.11994998,29.013163750056545,30.50985002,29.71477252925297,-0.0302546810103798,28.19874995,0.3549989999999994,0.6420371255674652,0.7665479133644975,2015,9,23,2,bullish
28.2075,28.377501,26.965,27.264999,293461600,30.160347525147543,40.24629487983075,-197.9296847276356,-205.6145119906699,28.79089998,28.889274953410087,30.37595,29.597387198567016,-0.1164502326806911,28.23062485,1.412500999999999,0.7582852776907263,0.794297302806211,2015,9,29,1,bullish
27.2675,27.405001,26.827499,27.395,255716400,35.13129762416577,41.93134670462681,-104.89806859112116,-178.14342798452174,28.61045,28.78115696314393,30.2908,29.5145212550727,-0.2132488419390767,28.22837495,0.7475020000000008,0.7499138366707382,0.784866118235968,2015,10,1,3,bullish
27.547501,27.547501,27.0525,27.375,247918400,36.25968335839235,42.20694685738821,-73.66294588384675,-81.94155079146837,28.280200000000004,28.573152164644064,30.073199950000003,29.33572153217145,-0.254296721175848,28.2043749,0.6425000000000018,0.6811090551527139,0.7360190323455021,2015,10,8,3,bullish
27.8225,27.879999,27.389999,27.5525,177849600,41.86023086643164,44.64792328926875,-46.70604841490509,-30.996514523002777,28.12504996,28.466293958921515,29.87734997,29.22179952825157,-0.1863377089546034,27.99824995,0.557501000000002,0.598594272585555,0.6764364355950614,2015,10,14,2,bullish
27.945,28.0,27.6325,27.76,156930400,47.80381081774916,47.24790425498057,15.053797647010848,56.14500672539509,28.08689998,28.41970849495213,29.78045,29.16845865688819,-0.1551387325502595,27.942375,0.3674999999999997,0.5501406900628567,0.6408431510998234,2015,10,16,4,bullish
27.700001,27.9375,27.5275,27.932501,119036800,52.543987007629084,49.28103775731221,-23.41201073869927,49.69091444323513,28.06795002,28.40060231867949,29.73032501,29.14398422943504,-0.1352514203280854,27.89887505,0.4100000000000001,0.5301205914824486,0.6243543545926932,2015,10,19,0,bullish
28.5,28.895,28.424999,28.440001,167180800,63.77652458404973,54.7930188003317,164.31301903055012,234.9366234236535,28.03955004,28.40372594046499,29.64710003,29.116428216212448,-0.0314722455850322,27.896500050000004,0.4700009999999999,0.5591703733340442,0.627466326153904,2015,10,21,2,bullish
28.5825,28.875,28.525,28.875,166616400,71.62368504191741,59.20162201715129,119.773509413639,205.45164452321828,28.04085006,28.422207276133044,29.61095001,29.111647456069804,0.0396059347683142,27.90275005,0.4349990000000012,0.5414316057148952,0.6137186600000537,2015,10,22,3,bullish
28.85,29.135,28.497499,28.637501,279537600,53.55683402885499,53.36850735848506,13.89430825345711,69.76175498149016,28.04405006,28.49442856843734,29.51290005,29.109123070485506,0.1879488552437784,28.0615001,0.6375010000000003,0.657250180275269,0.6633246213630167,2015,10,27,1,bullish
29.2325,29.825001,29.014999,29.817499,342205600,68.44133208409832,62.24139643033068,107.69697504911134,137.9351905569393,28.05790004,28.546313683400605,29.49157503,29.123150325785424,0.2800746061790491,28.173625,1.1875,0.7330001545216592,0.700765719837087,2015,10,28,2,bullish
30.247499,30.305,29.862499,29.875,197461200,65.62535928151324,61.39646410970174,94.47579376344147,127.49389051136352,28.11975002,28.658183065684337,29.45090002,29.157629797467056,0.4231205777720603,28.42450005,0.442501,0.6758270318934638,0.6759665645534065,2015,10,30,4,bullish
30.200001,30.34,29.9025,30.295,128813200,70.15009892172215,64.146391077772,98.97093620707932,118.9368040427082,28.19685,28.72237196506929,29.432375030000003,29.18015199356276,0.4901393160058305,28.55450005,0.4649999999999998,0.6457088844801119,0.6608975242281632,2015,11,2,0,bullish
28.799999,28.8925,28.067499,28.084999,183249600,24.2972112524087,39.732761147602304,-115.53481402903144,-147.10425001500352,28.6073999,28.983447381269347,29.236975,29.253800375384028,0.1739387111498516,29.4026249,0.8625009999999982,0.6245885296887256,0.636422143305635,2015,11,13,4,bullish
28.73,28.762501,28.33,28.422501,110467600,34.78537308009304,43.72313527235133,-60.704763556066965,-99.01252312621298,28.63884996,28.944929744109064,29.17102501,29.22358126936756,0.0313386302142753,29.43224995,0.432501000000002,0.6198507769141662,0.6333690980543487,2015,11,17,1,bullish
28.940001,29.372499,28.875,29.3225,186698800,53.74232873038204,52.51974592817443,69.74648152037815,-32.7270958262158,28.67454996,28.959736420810675,29.152925010000004,29.225540057061465,0.048902440357267,29.476374900000003,0.9499980000000008,0.6670146659264283,0.6559854481933238,2015,11,18,2,bullish
29.817499,29.932501,29.334999,29.4375,129930000,52.636209832832414,52.63559258425365,60.317638444388166,14.134140497448604,28.74325,29.037690256160584,29.09632501,29.25030446293147,0.1359733153225732,29.55099995,0.5975019999999986,0.6187543144026487,0.6328381022888968,2015,11,23,0,bullish
29.137501,29.1975,28.555,28.799999,166278000,35.29476995932045,44.79688083915489,-172.56322356838535,-58.84975638427566,28.83749994,29.10902969897372,28.97872496,29.262107814363866,0.042454432435143,29.3289998,0.6425000000000018,0.5215991079866141,0.5624463738321002,2015,12,3,3,bullish
27.985001,28.200001,27.5875,27.622499,213292400,23.432575763220967,35.204814271070944,-105.28598353351784,-177.70639632629573,28.99364998,29.022707314272896,28.730799970000003,29.19767757236644,-0.2339227245488544,29.15162505,0.6125010000000017,0.6312923610933053,0.613158092534404,2015,12,15,1,bullish
27.227501,27.379999,26.452499,26.5075,385813200,17.774973878305033,29.14545901877232,-146.38145746324545,-156.3259422414922,28.96745,28.814096297901184,28.623825,29.08057985752971,-0.5039020957809477,28.859,0.927500000000002,0.7138528746243562,0.6605176054293318,2015,12,18,4,bullish
26.85,26.93,26.612499,26.807501,131157600,26.63794471135484,33.21403532240487,-73.24943487137264,-104.97256886487185,28.92165,28.66074406507524,28.551049990000003,28.99193344859965,-0.6161558587046017,28.577875,0.317501,0.6249227854383026,0.6220535832528421,2015,12,22,1,bullish
26.897499,26.922501,26.545,26.705,106816800,29.81268614577408,34.32834829576571,-64.0776690113333,-85.37393187551858,28.86965,28.467158773865528,28.48849998,28.8731338686449,-0.6463114702280741,28.187125100000003,0.4624999999999986,0.5350463546783477,0.573902905760384,2015,12,28,0,bullish
24.67,25.032499,24.1075,24.112499,324377600,12.804945259519885,22.109968117432373,-151.31079774011278,-221.98156831939897,28.50149994,27.833257181967515,28.279300000000003,28.485981041024715,-0.938701844565685,26.9855,1.067498999999998,0.6983025762737799,0.6484117669389763,2016,1,7,3,bullish
24.637501,24.7775,24.190001,24.24,283192000,16.46132294434922,23.878921482102697,-101.42826001514894,-164.97780904498146,28.41354992,27.69234513561584,28.22879999,28.40190218789893,-1.0246132197300213,26.75224995,0.6650010000000002,0.6935452082346686,0.6495967121576208,2016,1,8,4,bullish
24.7425,24.764999,24.334999,24.6325,198957600,27.395707693950712,29.208882396192138,-66.01598173645155,-118.76124880604915,28.30984994,27.572351208728943,28.18387499,28.32726054246379,-1.0489356564572887,26.53174995,0.5249990000000011,0.669467178486859,0.6406968755749337,2016,1,11,0,bullish
25.08,25.297501,24.325001,24.3475,249758400,28.869758146481715,30.023885904944265,-35.64620270845535,-81.46060096838485,28.096449940000003,27.34858910117576,28.10809998,28.183677603982915,-1.0502843892376037,26.1778749,0.9725,0.6969045801127943,0.6577182906743051,2016,1,13,2,bullish
24.264999,24.469999,23.735001,24.075001,208646000,31.216324025840493,31.72345871789483,-67.7546067383629,-80.35631556817428,27.48979996,26.797107562785047,27.98602496,27.81534737291816,-1.002401048155665,25.45574995,0.7349980000000009,0.841043514663955,0.7565654517153101,2016,1,21,3,bullish
25.379999,25.3825,24.8025,24.860001,207178000,49.26503965880317,42.42883258706116,94.0018671148193,55.32331815894867,27.3074,26.66680713581195,27.92304996,27.70907063877869,-0.8143232210947176,25.26849995,0.5800000000000018,0.8587257250592322,0.7793344303055479,2016,1,25,0,bullish
24.01,24.157499,23.334999,23.355,533478800,31.436446460781085,33.57589697473195,-109.01231530081004,-166.7634032395573,27.11529998,26.47403646100902,27.85642496,27.570220160698533,-0.8084046012199764,25.0004999,1.6625000000000014,0.9544208184108652,0.8373214577634575,2016,1,27,2,bullish
23.4475,23.629999,23.0975,23.522499,222715200,34.48244318366204,35.23497266580465,-99.9450477078358,-158.6565751485989,27.02404998,26.358289893910623,27.81572494,27.490067251263177,-0.8376363249069776,24.8173749,0.5324990000000014,0.8941462729235988,0.8155484250660677,2016,1,28,3,bullish
23.855,24.01,23.57,23.620001,149428800,38.74541112728423,38.30093257666755,-53.0122945271732,-83.82980779923618,26.73949996,26.09285752183316,27.70702496,27.287750300634457,-0.7609473078162239,24.44637485,0.5375000000000014,0.7845278511705462,0.7735758775036992,2016,2,2,1,bullish
24.129999,24.23,23.422501,23.504999,185672400,38.54489824583929,38.87520803988091,-46.46494190579768,-74.21509780086828,26.39519992,25.84557579199665,27.56922496,27.091054613698905,-0.6820842522549029,24.2852499,0.807499,0.7473334951977783,0.755027571383246,2016,2,5,4,bullish
23.547501,23.625,23.252501,23.497499,161405600,39.90731302350642,39.73525148888233,-99.09517899045646,-87.63875362008427,25.8031999,25.436909261727703,27.310949930000003,26.758319759917665,-0.6042619788028105,24.0302498,0.3724990000000012,0.619705636440645,0.6818642558059878,2016,2,12,4,bullish
23.754999,24.2125,23.6525,24.16,196231600,56.59549997364707,47.19161286885204,156.6881435403179,84.48001018484985,25.7049999,25.386834388718768,27.26904993,26.70686787582655,-0.5315210068936267,24.02412485,0.7150009999999973,0.6333192598062668,0.6842311661055599,2016,2,16,1,bullish
24.0,24.190001,23.950001,24.01,141496800,50.36886044509032,45.989031221465126,31.71262438964187,49.534419726670215,25.39454996,25.252019500783064,27.13502495,26.56077026184586,-0.3666975854741956,24.03249985,0.2399999999999984,0.5728775571957827,0.643123561929269,2016,2,19,4,bullish
24.1,24.125,23.637501,23.672501,127770400,42.48315258380038,43.13606222324917,-61.95761714056096,-20.446465375743085,25.18314992,25.15119332002312,27.06019995,26.45814275064968,-0.3249104580963298,23.9163748,0.5824980000000011,0.5341036338581263,0.6123870100308493,2016,2,23,1,bullish
23.495001,24.094999,23.33,24.025,145022800,51.0056831233894,47.05124646222278,-100.36791149056737,-16.639557240843665,25.08279992,25.10702887610065,27.02469994,26.40996169972287,-0.2962861407320645,23.86774985,0.7649990000000031,0.5670886861641087,0.6232878664572175,2016,2,24,2,bullish
24.215,24.557501,24.1625,24.172501,140865200,53.76507908395432,48.618717319166585,101.44954412660336,86.8970651696856,24.85384998,25.004045391639448,26.92374998,26.281058390482578,-0.1941793079167908,23.9366251,0.395000999999997,0.4972483942024703,0.574380876678756,2016,2,29,0,bullish
25.127501,25.2225,24.91,25.1875,132678400,72.80602956819713,59.007289509912994,135.13222965259774,189.31874019636763,24.75864998,25.01607957913353,26.87172499,26.237110404036606,-0.010895117126445,24.06625005,0.3125,0.5348659222712028,0.5852313375444376,2016,3,2,2,bullish
25.145,25.4275,25.112499,25.375,147822800,75.33701043590845,60.7024653899013,105.90490790834696,184.2599253938473,24.735999979999995,25.03015488975575,26.85172499,26.22003890888888,0.0696691806024603,24.13062505,0.3150009999999987,0.5034566476610307,0.5659291705769777,2016,3,3,3,bullish
25.352501,25.559999,25.0375,25.2925,134054400,62.45879065065085,57.45824776320233,-20.78409420510345,59.8653454952447,24.58690002,25.097436132672858,26.72827501,26.142532741836508,0.2507169090195482,24.5470003,0.5224989999999998,0.4782345468681007,0.5332801290162538,2016,3,10,3,bullish
25.477501,25.727501,25.445,25.629999,100304400,70.45568045586323,61.17450743512255,75.73372707026222,79.85427021461213,24.53050004,25.13593777414361,26.6833,26.121173745374502,0.2988120194922743,24.7606254,0.2825009999999999,0.4256928711684005,0.4984023255293208,2016,3,14,0,bullish
25.99,26.295,25.9625,26.145,160270800,79.32037520913511,66.30720878952303,201.8542250013569,146.78381887097817,24.52710002,25.175508841824257,26.66032501,26.12164555244385,0.3539360895336045,24.8598754,0.6650010000000002,0.4598797467157719,0.510302230848655,2016,3,15,1,bullish
26.4825,26.9125,26.285,26.477501,142010800,81.29776846539099,68.68799419430349,75.60463405997866,115.95095940967268,24.6190501,25.36766046819028,26.56027502,26.14881091455624,0.5157524642282887,25.31362545,0.6275000000000013,0.4565060981856064,0.4939201054318107,2016,3,21,0,bullish
26.5,26.547501,26.264999,26.297501,77645600,59.39740191049233,62.11376247393964,-98.2920259770244,42.1554271112477,24.7734001,25.531491920208097,26.43492502,26.174176374228026,0.5022007954670542,25.8042503,0.2825020000000009,0.4058809201368372,0.4576960802592136,2016,3,28,0,bullish
26.2225,26.9475,26.219999,26.92,124760400,75.50207280827627,69.17584819847258,115.73064616260385,81.42056422897907,24.81420012,25.58594321745484,26.40117502,26.18894516012735,0.5253452442439475,25.94162525,0.7275010000000002,0.4518266458315748,0.4769678602406983,2016,3,29,1,bullish
27.43,27.475,27.219999,27.247499,103553600,74.97810928741563,70.21532309403736,109.91042503668795,167.18013086278128,24.93800008,25.71907514998426,26.336125000000003,26.23321891486757,0.5959552787135571,26.15750015,0.255001,0.4522605357129935,0.4749111345952959,2016,3,31,3,bullish
27.195,27.5,27.049999,27.497499,103496000,78.64534273012431,72.36652381765283,77.91380280530745,148.46941484906958,25.00400006,25.788817261749585,26.30879999,26.258254166042647,0.6255370263924007,26.2636251,0.4500010000000003,0.4519377448968517,0.4731318392670605,2016,4,1,4,bullish
27.377501,27.682501,27.355,27.452499,106314800,67.35237652727287,67.76399683766269,51.67399269436297,97.64655074066134,25.12005004,25.92908313781652,26.25705,26.31143947831469,0.6606563274512176,26.464250000000003,0.4250009999999982,0.4600975064548294,0.4747924532455775,2016,4,5,1,bullish
27.2425,27.6525,27.2075,27.254999,117630000,55.61523390463572,60.922766338462445,-28.3051428408598,43.9494740583159,25.37125006,26.13428586402145,26.19765002,26.389000889142,0.5551026500859138,26.8592499,0.4874989999999997,0.4815237031926109,0.4835216834950786,2016,4,11,0,bullish
27.334999,27.625,27.165001,27.610001,108929200,64.20788974430417,64.74416650115867,4.110436284800813,54.20456940686966,25.436750100000005,26.19215704582453,26.18830003,26.41317911080839,0.5524454026670007,26.95825,0.4599989999999998,0.4784487455936665,0.4818414918168587,2016,4,12,1,bullish
23.4925,23.52,23.1,23.41,192640400,7.771611064275163,21.43506522037086,-80.67340537159556,-137.80909633306496,26.035350120000004,26.01194457811004,25.714950040000005,26.285875707138626,-0.671161494675129,26.425625000000004,0.4199999999999981,0.6596591889530024,0.5923978398458738,2016,5,2,0,bullish
23.25,23.442499,23.147499,23.1975,131745600,16.86607154087754,24.50333294646204,-64.35922115359045,-67.70275484431401,25.96925008,25.53726372866555,25.44605001,26.01121832807224,-0.933566279672263,25.43975005,0.2950000000000017,0.5232077862377912,0.5374391158462511,2016,5,9,0,bullish
22.5,22.9175,22.5,22.629999,177571200,17.599649151756054,23.42729461577457,-121.6387608388614,-108.95685028305836,25.80585004,25.1488839119454,25.27092501,25.77336165643833,-0.9854132279636828,24.46924995,0.4175000000000004,0.505345602234143,0.5222396550313614,2016,5,13,4,bullish
23.637501,23.674999,23.252501,23.372499,187667600,44.46744381885843,36.88298831536056,83.41208007146932,33.86058070229502,25.718299960000003,25.01596504136136,25.202949980000003,25.681111867053783,-0.8626121635788735,24.13149975,0.4224980000000009,0.5501006873556968,0.5446478913280616,2016,5,17,1,bullish
23.66,23.66,23.3925,23.549999,121768400,49.07547668688432,39.95771719263439,69.6643677569347,69.31118816214929,25.6513499,24.90663278135664,25.133249960000004,25.59929389038476,-0.7277390666503827,23.827249700000003,0.2675000000000018,0.4950230764245935,0.5172474828287876,2016,5,19,3,bullish
23.66,23.8575,23.629999,23.805,128104000,55.986446957457645,43.79768224933858,90.37558685446162,115.51040612009766,25.6215999,24.86343149581324,25.10424996,25.56376331691343,-0.6518923670857077,23.6964997,0.307501000000002,0.4682342083639376,0.50226559119816,2016,5,20,4,bullish
23.967501,24.297501,23.9175,24.1075,152074400,62.94594718805083,48.0427480671897,135.19344978710348,177.66678914215407,25.592449880000004,24.833787123428408,25.07347497,25.53492641844739,-0.5609082877448834,23.5883747,0.4925010000000007,0.4717008928833752,0.5015681203982915,2016,5,23,0,bullish
24.305,24.522499,24.209999,24.475,140560800,69.72991807000346,52.71543072598431,147.394948148733,193.4046878303672,25.5693499,24.819717040156704,25.04992497,25.51393777571216,-0.4539161083440142,23.5077497,0.4149989999999981,0.4636006224714641,0.4953846117984133,2016,5,24,1,bullish
24.6675,24.934999,24.5275,24.905001,152675200,75.78245319582092,57.52842441807172,135.442831563913,190.3186995831276,25.54454992,24.823061509170163,25.03582497,25.501879621295164,-0.330615419544543,23.530249750000003,0.4599989999999998,0.4630861049755407,0.4928570680985267,2016,5,25,2,bullish
24.4475,24.567499,24.362499,24.48,114019600,52.681491205669005,50.16244368907911,-88.92563916573849,28.76737286814475,25.335899920000003,24.810011657119126,25.020875,25.419223349022413,-0.0249779141884332,23.90399985,0.2050000000000018,0.4026864443874477,0.449043301634069,2016,6,3,4,bullish
24.754999,24.889999,24.67,24.735001,83392400,60.34243271980402,53.807576533796016,28.771137354340137,42.40945894490887,25.2261999,24.79957054110718,25.020200010000003,25.37833823886604,0.0353069185082901,24.12487485,0.2199989999999978,0.4368521020049227,0.4626286926713004,2016,6,8,2,bullish
24.0,24.1425,23.7575,23.775,137647600,26.957716084375264,38.381015457094406,-121.70489493131213,-159.6307036808747,24.73004994,24.66120936211809,25.013325,25.22032541019597,-0.1069536736984275,24.5458751,0.384999999999998,0.4281496391291045,0.4436477536641039,2016,6,20,0,bullish
24.0625,24.2225,23.8375,23.887501,116876400,35.20634603109201,41.28167886771583,-41.77834241259761,-95.68249421647684,24.59004998,24.60510721970224,25.01340004,25.16980979633358,-0.1431369098408161,24.5100002,0.3850000000000015,0.4206813675234236,0.4377243386185385,2016,6,22,2,bullish
23.25,23.262501,22.875,23.01,181958400,20.89432644467135,31.38729305304821,-155.6999299056328,-178.64408180005745,24.32779998,24.47426426706733,24.99910003,25.06993843851535,-0.266782588602048,24.2745001,0.4750000000000014,0.4656768961663542,0.4576149314668109,2016,6,27,0,bullish
23.225,23.415001,23.035,23.397499,161779600,36.7579878783345,39.02797628651644,-69.75614028255411,-122.65706604582684,24.25834994,24.43203817816273,24.99157502,25.03682082510429,-0.2854811222425262,24.19612505,0.4050009999999986,0.457008910999732,0.4538567935048958,2016,6,28,1,bullish
23.4925,23.637501,23.407499,23.6,146124000,43.647837769433394,42.62381792433211,-9.112435843428724,-71.23996964637915,24.19579992,24.39940922999949,24.992525030000003,25.008368926931404,-0.2807236984880035,24.14537505,0.2400020000000005,0.4260079237140561,0.438581451111689,2016,6,29,2,bullish
23.8475,23.85,23.615,23.747499,110820800,47.28386510322773,45.3854710181794,50.82654106204272,-13.920364437827,24.03429992,24.339680374050776,24.99805003,24.942207849524472,-0.2068294260299552,24.04800005,0.3575000000000017,0.3928138178490852,0.4182254409957658,2016,7,5,1,bullish
23.924999,24.125,23.905001,23.985001,100558400,55.211345317548925,49.43451746329998,98.08600469434238,75.64472581607605,23.94449994,24.30854582087501,25.00750006,24.90268447474812,-0.158833435410699,23.96675005,0.2424999999999997,0.3627305600523893,0.3993244873892063,2016,7,7,3,bullish
24.352501,24.4175,24.209999,24.217501,103568800,58.849550963710485,52.76886053245018,64.60272321816885,96.225882032541,23.9841,24.29960667716009,25.00972506,24.852309581136247,-0.0260136700326363,23.9001252,0.2075010000000006,0.2942943960132849,0.352162240611285,2016,7,13,2,bullish
24.73,24.825001,24.625,24.695,120548000,71.90284242664995,60.21745227440537,136.0041043779174,134.56382766612822,24.02509998,24.330104049158543,25.02472506,24.8461897072423,0.0699375817831295,23.93612515,0.2000010000000003,0.309685576662822,0.3530888095066694,2016,7,15,4,bullish
24.205,24.4925,24.105,24.1675,224959200,35.28549386049305,45.929486452856,-133.56888958366784,-65.02128548798265,24.256200040000003,24.41624771177947,25.03102504,24.826349166498616,0.1221715836086225,24.2902501,0.3874999999999993,0.3373006146014035,0.3488860557822648,2016,7,26,1,bullish
26.067499,26.0875,25.6875,25.737499,369379200,73.96171691514184,67.18772584837944,179.49059864865896,231.67637219312988,24.30155004,24.46806148778812,25.03087502,24.84439173773921,0.2126094187264797,24.4072501,1.9199999999999984,0.5634005268012027,0.4611084803692458,2016,7,27,2,bullish
26.047501,26.137501,25.92,26.0525,110934800,76.32946010747662,69.40031973667459,86.70269796002749,161.91652792322307,24.40405006,24.591119005835942,25.045,24.892394689823323,0.3779861256300485,24.63912505,0.2175009999999986,0.4948963258131285,0.4401522152163394,2016,7,29,4,bullish
26.512501,26.5175,26.0,26.120001,135266400,67.90186562181702,65.94002267664983,58.333355585219415,106.57075144199734,24.50960012,24.72346864014306,25.065600010000004,24.948149766014232,0.4958695181060619,24.8847502,0.5174999999999983,0.4969136271280129,0.4486516549569458,2016,8,2,1,bullish
26.395,26.5,26.32,26.467501,109634800,72.50072934851474,68.80373794921888,85.84794259221381,90.09294972161511,24.59625014,24.856819802761816,25.08280002,25.00733811067748,0.5714987202522508,25.1371252,0.1799999999999997,0.4324260934001729,0.4222556310598156,2016,8,4,3,bullish
26.567499,26.9125,26.545,26.870001,162213600,77.52836530921047,71.95707674915576,152.03023414888287,104.76084916993824,24.63555014,24.93576808500645,25.09005003,25.04422252482535,0.6211174884205555,25.27212525,0.4449990000000028,0.4342222229144343,0.4238801574126861,2016,8,5,4,bullish
26.945,27.110001,26.945,27.045,74641600,72.6216505439034,70.46070785916287,38.10481601591072,79.9895217417352,24.85800012,25.321234393516463,25.11747501,25.23636390397582,0.7072874778265685,25.92775015,0.1650010000000001,0.3316866568919291,0.3692380743109802,2016,8,12,4,bullish
26.415001,26.6425,26.41,26.525,118649600,31.05075296521612,50.36218285893381,-91.70341133584095,-131.8393911004869,25.54055014,25.99440490744448,25.10252506,25.64098202055856,0.2744962339694794,26.9997502,0.2324999999999981,0.3024022585335997,0.3242868828332904,2016,8,31,2,bullish
26.535,26.700001,26.405001,26.682501,106806000,43.05657577303362,53.859053127849926,-52.68609142733022,-92.30655891204324,25.59645014,26.02138906793685,25.09325006,25.66160615895572,0.2438690858112586,27.0105002,0.2950000000000017,0.3013447930287999,0.3221949626309126,2016,9,1,3,bullish
26.975,27.075001,26.877501,26.924999,107521600,56.45909541182874,58.614677958514086,119.49999362025774,8.40787240064847,25.72610014,26.091153459483422,25.07147506,25.711291732616463,0.2283851057263533,27.0052501,0.1975000000000015,0.2884878887558534,0.3129767126766544,2016,9,6,1,bullish
26.16,26.43,25.782499,25.782499,186228000,23.14330968888564,36.99057913503518,-159.91011349796668,-204.6365835007961,25.91100012,26.126090931502706,25.05340002,25.75191191876512,0.0820499151849496,26.90862505,0.6475009999999983,0.4140262710532484,0.3745928880286477,2016,9,9,4,bullish
25.6625,26.43,25.6325,26.360001,181171200,43.37704590952514,47.42293691284738,-93.10830839332692,-135.97301028541196,25.96020014,26.135263875365343,25.04917504,25.763953286808952,0.053697731871015,26.8743751,0.7974999999999994,0.4688082323313557,0.4048005388837443,2016,9,12,0,bullish
26.877501,27.1975,26.809999,26.987499,248704800,57.54553208310509,55.95603816956234,64.72936769457908,83.38942299884788,26.02050012,26.168684860645133,25.05412503,25.788181914987383,0.0809293633843566,26.85525,0.8374990000000011,0.5214783419983051,0.4357075718206198,2016,9,13,1,bullish
27.182501,28.2575,27.15,27.942499,443554800,70.60534821275485,65.21021897329136,141.2559868130306,230.1528190157248,26.10440012,26.23824619944336,25.06935002,25.830841659580653,0.1775247514545341,26.885125,1.2700010000000006,0.6284101502842615,0.4952999595477184,2016,9,14,2,bullish
28.4625,28.497499,28.110001,28.387501,144012800,66.25174307152969,64.45479748125031,15.76898114687436,70.80615122629725,26.5476001,26.6571344792572,25.25777504,26.09000568334816,0.5240230752820452,27.21225,0.3874980000000008,0.5956111207598271,0.5238801399944051,2016,9,21,2,bullish
28.25,28.295,28.084999,28.272499,98429600,58.39308847492452,60.43303457425058,-67.19676989993135,33.05527264259107,26.84275006,26.90389211913355,25.45040003,26.26211588554264,0.4967117316321214,27.5114999,0.2100010000000018,0.5240990460244633,0.5047578094642912,2016,9,27,1,bullish
28.290001,28.450001,27.950001,28.045,143548000,49.25077269020626,55.72087172946022,-78.9132082368292,4.829688264854787,26.97425002,27.00830829682416,25.55195002,26.34061490062335,0.4529016996692654,27.68687485,0.5374979999999994,0.5092868909567485,0.4993191571401286,2016,9,29,3,bullish
28.35,28.415001,28.172501,28.262501,85812400,54.88222428355455,57.73919318086468,16.465338301927062,-28.076207120922657,27.27185004,27.188503666563378,25.76402504,26.48561769733971,0.3612805945715429,27.95062485,0.2424999999999997,0.4198536287713224,0.4525323904903999,2016,10,5,2,bullish
28.577499,28.639999,28.377501,28.514999,97433600,62.80144848514151,60.91908077534359,125.2187039100714,103.94255422752146,27.37515006,27.288901269288218,25.86547505,26.56436857701447,0.3566221776516478,28.1918749,0.2624980000000008,0.3854531558319921,0.4303337754738652,2016,10,7,4,bullish
29.424999,29.672501,29.049999,29.075001,256164000,75.60730964033709,67.23346785586142,149.17740368874544,225.45440420323325,27.48560008,27.423885869881207,25.97445009,26.66160198300704,0.4172826953552118,28.428875,0.6600000000000001,0.4598228491826882,0.4628006176279757,2016,10,11,1,bullish
29.1975,29.360001,28.93,29.245001,140769600,74.59834240776036,67.82761083956854,57.01145021088461,115.29507562623536,27.60585006,27.56730871879461,26.08112509,26.764648666295976,0.4710911162293882,28.51612505,0.4300010000000007,0.4506863177668728,0.457618971322081,2016,10,13,3,bullish
29.202499,29.227501,29.07,29.15,92770800,57.49849456443286,62.58243193580738,-60.91624251368618,29.32560482633135,27.89070002,27.937858380384885,26.348200070000004,27.05210831101176,0.4430832651639491,28.77212495,0.1949989999999992,0.3998252714832357,0.4252777553731282,2016,10,21,4,bullish
29.275,29.434999,29.25,29.4125,94154800,68.96810751231556,66.59397962297322,45.931203662737786,66.18051110507481,27.93805002,27.995687463507046,26.39802507,27.0988487407067,0.4372443583157661,28.83175,0.2849990000000026,0.3834215184142024,0.4152578442750478,2016,10,24,0,bullish
27.1325,27.5625,27.0275,27.209999,123348000,13.501104351290875,29.733758634444712,-124.76644388105728,-155.62118609653757,28.12729994,28.054314121310096,26.72900005,27.2842455206186,-0.1726492394713901,28.813499950000004,0.5350000000000001,0.4816503753672561,0.4671380630215441,2016,11,4,4,bullish
27.52,27.627501,27.365,27.602501,130240000,31.85086732938469,38.01021284445461,-64.22264256725919,-105.14304150598386,28.14464994,28.036595959690093,26.76115005,27.29054760934241,-0.2103335714562817,28.74299995,0.4175019999999989,0.4724863217433622,0.4635926299485766,2016,11,7,0,bullish
27.772499,27.772499,26.4575,26.9475,228538000,23.405947825954183,31.863624091855243,-151.31478963293014,-111.93570156854967,28.1986999,27.97212575300284,26.86962502,27.301116858311367,-0.3050580907435609,28.481874800000003,1.3149990000000005,0.6385043454710385,0.5504310491971657,2016,11,10,3,bullish
26.9275,26.952499,26.02,26.4275,204702000,21.10970628589004,28.94252630006796,-153.31817883288167,-155.51690932700637,28.19709986,27.878974983836912,26.92585001,27.28005943805457,-0.4220554072090294,28.2188748,1.087500000000002,0.6954827844277018,0.59075432303225,2016,11,14,0,bullish
26.6425,26.92,26.540001,26.7775,129058000,32.759728526845265,35.12957804837167,-70.49766219036908,-109.01986551570216,28.19414988,27.835779886431546,26.96012501,27.27010776598141,-0.4517087964993145,28.0893748,0.4925000000000032,0.6664852437951735,0.5837361571013752,2016,11,15,1,bullish
27.43,27.635,27.415001,27.514999,113715600,50.80855200952261,45.89590484751604,107.57198353908343,33.180441558274815,28.259099860000003,27.79783192630877,27.08504999,27.28350286495345,-0.3439173428282807,27.82962465,0.2199990000000014,0.592917783264599,0.5641821465567497,2016,11,18,4,bullish
27.84,27.877501,27.5825,27.807501,109705600,55.68728573533439,49.71025829884985,56.52742097910669,77.99151281281881,28.30709994,27.808819558844643,27.20575003,27.319163221689383,-0.1919737245990092,27.62049985,0.3675010000000007,0.5090604028721675,0.5253655371666106,2016,11,23,2,bullish
27.5,27.5075,27.0625,27.2775,137298000,36.193909238672624,41.79167151967503,-106.37713367471508,-69.90177875763601,28.18369986,27.7622334237614,27.444824980000003,27.359460101799417,-0.1474033566926031,27.49987485,0.4450000000000003,0.4367523818967839,0.4719462034420486,2016,12,5,0,bullish
27.375,27.59,27.297501,27.487499,104782000,46.204525318617335,45.86309599445028,-39.930463044587256,-48.58634628105765,28.16904986,27.751459524790366,27.47274997,27.36199552553241,-0.1438545438139833,27.49412475,0.3125,0.4190020416258148,0.4605571889104736,2016,12,6,1,bullish
27.315001,27.797501,27.290001,27.7575,119994800,56.45285889293845,50.64323745946151,33.06641528925431,-11.396654193040645,28.15874988,27.75169640617114,27.50074997,27.36982729732298,-0.1178962255322844,27.4937498,0.5075000000000003,0.4316446071078413,0.4639102468454398,2016,12,7,2,bullish
27.715,28.1075,27.65,28.030001,108273200,64.43140466204967,54.96521802306399,139.2624730943359,83.29578789192186,28.14959992,27.76261031181149,27.53137497,27.38290004394162,-0.074476993539136,27.5092499,0.4575000000000031,0.4353382346638644,0.4634523720707658,2016,12,8,3,bullish
28.3225,28.75,28.122499,28.325001,105497600,66.5426182863642,58.08390937924556,103.39157835981868,156.8330089828793,28.1596999,27.81197707138,27.60102497,27.4229956215668,0.0398684980987802,27.6471249,0.6275009999999988,0.488462682610186,0.4872114228569357,2016,12,12,0,bullish
28.76,29.049999,28.745001,28.797501,136127200,74.93126221136419,63.72732194051942,96.19253155974754,159.4503834950185,28.18399996,27.8877574580482,27.68697499,27.476892509379347,0.1650799790332655,27.866625,0.3049980000000012,0.4826456443666674,0.4853249462388885,2016,12,14,2,bullish
29.1175,29.125,28.9125,28.9925,177404400,78.11266202043349,65.95374536766279,81.62552798760817,110.44015474083736,28.20824994,27.97129206335014,27.7674,27.53559440110629,0.2605060841325475,28.0147501,0.2124999999999985,0.4320967999428573,0.4591832444610821,2016,12,16,4,bullish
28.897499,29.129999,28.897499,29.129999,56998000,70.05889160833911,64.89061709391265,-36.9876978777772,53.51153762131089,28.221899860000004,28.18881735098268,27.91387496,27.69133240992055,0.3712492379235037,28.35037485,0.2325000000000017,0.343632049881339,0.4006376391769216,2016,12,23,4,bullish
28.9625,29.127501,28.9375,29.004999,84472400,52.73108550090672,58.31838244068671,-51.9529877337125,-41.17057636167245,28.1984499,28.38471169826789,28.04457496,27.85181189764792,0.297573895593608,28.80900005,0.1900009999999987,0.3306210637086904,0.3741498436668496,2017,1,4,2,bullish
28.98,29.215,28.952499,29.1525,88774400,60.85652790641264,61.19473805935601,-7.894658334384881,-4.630103191242998,28.1932499,28.41482104343385,28.06564996,27.877568097737065,0.2886366902831625,28.8922501,0.2625010000000003,0.3208896260360204,0.3661749262620746,2017,1,5,3,bullish
29.195,29.540001,29.1175,29.477501,127007600,72.85254414533443,66.65488845422082,137.3289720655112,139.1201085687553,28.191549920000003,28.45649476722076,28.08672496,27.90924993743717,0.3042713050367034,28.97825015,0.4225010000000004,0.3354055366023032,0.370198217243355,2017,1,6,4,bullish
29.692499,29.844999,29.575001,29.7775,97848400,79.67298035370754,70.7742300337368,108.47280601369224,186.28035441526785,28.2316999,28.55694111422416,28.13547496,27.98192514851248,0.3569268186314964,29.1286251,0.269998000000001,0.3315220268914884,0.3636911107863624,2017,1,10,1,bullish
29.7775,29.905001,29.702499,29.76,104447600,68.59520713088973,67.05878504767851,55.539464263477285,99.12343306859204,28.32814992,28.70140319445279,28.21319995,28.089871561650003,0.3855295216659549,29.30812495,0.202501999999999,0.3197415621240864,0.351669920698848,2017,1,13,4,bullish
29.887501,30.025,29.875,29.9925,92844000,70.34065617399665,68.76621500108318,13.349282915008214,65.15769708185344,28.61419996,28.97698319668784,28.40222493,28.305043111776847,0.3747299983314107,29.57175,0.1499999999999985,0.2637572668060194,0.310167562552259,2017,1,24,1,bullish
30.2875,30.3475,30.155001,30.3375,196804000,67.76081519204828,69.73324356705989,-0.6618273829342479,59.633375494769695,28.96279994,29.241258031978106,28.5825499,28.50784829056865,0.4047342075331492,29.8924998,0.2524980000000028,0.2772247635320767,0.3053895882011885,2017,1,31,1,bullish
32.077499,32.297501,32.040001,32.27,98029200,90.57003409471798,85.42207954550183,79.71282190907623,158.04215468854534,29.23589996,29.57562262029078,28.76322491,28.72270757646139,0.7059052053173076,30.36224985,0.2575000000000003,0.5004754662476049,0.4303320314424238,2017,2,3,4,bullish
32.282501,32.625,32.224998,32.572498,107383600,91.9993790555255,86.80204927501337,74.41148333056967,134.34576181601972,29.3283499,29.693147144985257,28.8190749,28.79894105027762,0.7819329045604029,30.5169997,0.4000020000000006,0.4861221139265185,0.4281656006251079,2017,2,6,0,bullish
33.115002,33.235001,33.012501,33.029999,80262000,89.41343461495805,86.58830127579198,81.81863538546675,86.88330245329398,29.73864982,30.183553815245425,28.99974988,29.122575216010816,0.9778219604414602,31.1546246,0.2224999999999966,0.401618898645884,0.3974057662550423,2017,2,10,4,bullish
33.27,33.455002,33.1875,33.322498,92141600,91.35175913894987,87.90351508146384,111.4514752368181,91.68627172519078,29.8524998,30.30664966562796,29.04904986,29.20574200389431,1.0035844852724871,31.3327495,0.4250030000000038,0.4049594845536154,0.3993769972368252,2017,2,13,0,bullish
33.775002,33.9575,33.775002,33.93,88792800,91.94512790751276,89.08985282859642,75.83468659814217,100.27172480919158,30.368249880000004,30.83097815264524,29.268649870000004,29.562914102811664,1.0902616320033864,32.10562465,0.1824980000000025,0.3617843814999945,0.3792481236224744,2017,2,17,4,bullish
34.27,34.360001,34.174999,34.247501,93931600,84.93495782939222,86.20994038860401,88.20474207240545,83.50153932145854,31.0689498,31.55117805253097,29.62647488,30.08790563756548,0.992849077454146,33.273999700000005,0.1850019999999972,0.3046504197338145,0.3397918990689552,2017,2,28,1,bullish
35.0,35.07,34.689999,34.740002,104844000,79.06844603716468,83.03101282653824,121.63330608671954,151.6134592829737,31.3037498,31.804195890860004,29.75599987,30.27435037381134,0.9991379827943304,33.632124700000006,0.380001,0.3748449818452514,0.3725245201155787,2017,3,2,3,bullish
34.825001,34.912498,34.709999,34.747501,61236400,63.18165727628696,73.97137589273777,26.68376590286925,46.75043913164777,32.20094976,32.623843939468024,30.20667484,30.94339727424629,0.7306279234200872,34.43649995,0.202498999999996,0.2898852499921494,0.3238240599506389,2017,3,14,1,bullish
35.25,35.25,34.9725,34.997501,175540000,63.86840194397967,72.48689879046455,73.11906805742763,131.1479616683307,32.56669986,32.903136918971384,30.38257488,31.185129774272188,0.6710048559811881,34.62725005,0.2775000000000034,0.2916407055344153,0.3187943348074177,2017,3,17,4,bullish
35.5275,35.700001,34.932499,34.959999,158119600,53.99806156273879,65.00059796013724,68.14043713540987,114.68819511546684,32.800599860000005,33.07655587714352,30.49607489,31.341010402175225,0.6239216997734403,34.738250150000006,0.7675020000000004,0.3701341510048766,0.354738559094151,2017,3,21,1,bullish
34.8475,35.305,34.654999,35.220001,94300400,58.79084068858111,65.76598916578075,-123.08463603393255,15.846417965870994,33.2343999,33.39631313724674,30.7623999,31.640794110697,0.5328125427001495,34.94612525,0.6500010000000032,0.4020323018335364,0.3744559499502305,2017,3,27,0,bullish
35.927502,36.029999,35.762501,35.924999,79942800,70.57048253092616,71.55870877320656,47.926510477429495,94.48804407556756,33.83639988,33.86093356677115,31.1800249,32.051818064163626,0.5828884477679637,35.25050015,0.2674979999999962,0.3841981732050681,0.3778983533198055,2017,4,3,0,bullish
35.477501,35.595001,35.262501,35.262501,71291600,32.288708907168015,49.82424934004874,-84.93954731130091,-98.69229632148031,34.66585002,34.36609209408549,31.86132499,32.5940402915478,0.3034415501320993,35.59750029999999,0.3325000000000031,0.3821776709614095,0.3786453700769384,2017,4,13,3,bullish
35.470001,35.5,35.112499,35.169998,69313600,33.32078826330836,47.54033569801773,-102.59400174290587,-102.55301183423322,34.8449,34.47231463294708,32.08662495,32.752050415472354,0.1801354394833083,35.62775005,0.3875010000000003,0.3509997490602469,0.3618154329661205,2017,4,19,2,bullish
35.610001,35.669998,35.462502,35.567501,69283600,52.5514024271336,55.424126849623406,126.35575272986794,-20.72292073144994,34.95060008,34.55812865578852,32.24084996,32.86327433805314,0.1689504628703488,35.65737515,0.207495999999999,0.3560913258401809,0.3639376437309914,2017,4,21,4,bullish
35.875,35.987499,35.794998,35.91,68537200,64.15717349308079,61.23128133189229,173.5268211318189,61.73397249346294,35.006700079999995,34.611143218306616,32.32102496,32.92360553930251,0.1881223945440524,35.69487515,0.4199979999999996,0.365220850720155,0.3679419548930634,2017,4,24,0,bullish
36.022499,36.075001,35.817501,35.912498,83441600,58.3992836057089,58.93128793911625,32.83167821105392,74.78995409064666,35.20525002,34.81282230355509,32.65672492,33.1583346721859,0.2236576942799502,35.731374900000006,0.2575000000000003,0.3202932655282461,0.342839135821032,2017,4,28,4,bullish
36.275002,36.799999,36.240002,36.645,134411600,76.48953284141413,69.16615398950333,194.91043181696048,180.43620579752007,35.26139998,34.88467240929803,32.75039992,33.22737754998791,0.2773050919087652,35.76787485,0.8875010000000003,0.4013229418813538,0.3817435546909583,2017,5,1,0,bullish
36.630001,36.785,36.452499,36.6325,93487600,67.2499514964941,65.50818557656939,52.0808469112029,105.7799427311163,35.419249959999995,35.09620209784702,33.0203999,33.43291587588832,0.3773945206298847,35.8754997,0.3325009999999935,0.4390326077153706,0.4063694433877676,2017,5,4,3,bullish
36.689999,37.244999,36.689999,37.240002,109310800,77.9501550788124,72.05845206531886,112.4357478971306,139.08993723000614,35.4814,35.180272682245175,33.10792493,33.50830371995383,0.4297618182099043,35.94174975,0.6124989999999997,0.4638135208988891,0.4210929831457842,2017,5,5,4,bullish
37.2575,38.424999,37.2575,38.252499,195009600,86.51625874497098,79.16144332314394,182.33660071774543,198.6356275264249,35.563149960000004,35.30075214568654,33.20719991000001,33.60224818097378,0.5466617485850165,36.062624750000005,1.1849970000000027,0.5668397321990482,0.4756575557782284,2017,5,8,0,bullish
38.112499,38.517502,38.077499,38.487499,109020400,82.4325521832837,77.7135285878955,65.01885291825552,119.72302515506593,35.8006,35.655015972664174,33.49469988,33.883594335089235,0.7645881094667999,36.4951246,0.4400029999999972,0.5264362774198081,0.4722333301912416,2017,5,11,3,bullish
38.400002,38.642502,37.427502,37.5625,203070800,44.252615669766016,55.66673699122425,-138.22545643981928,15.16908431241572,36.10019998,36.0864431300599,33.87194991,34.244977062658045,0.7994937020454174,37.15462475,1.4399980000000028,0.6284256124681685,0.5361159596676401,2017,5,17,2,bullish
38.345001,38.494999,38.157501,38.264999,107843200,56.73995795856576,61.93781156642393,-31.521740689799103,35.270857512006245,36.23979996,36.249061767502425,34.05392489,34.40008622620514,0.7263320993712981,37.4157495,0.3600009999999969,0.6077208785480421,0.5392147866521999,2017,5,19,4,bullish
38.2925,38.3325,38.055,38.294998,65616400,52.43957848844789,59.03881272449998,-122.57827303313148,-64.73775144206714,36.7820498,36.83145600900524,34.79132483,34.98836654845904,0.4844128335457327,38.26299975,0.2775000000000034,0.4143069678216722,0.4497519154068781,2017,6,1,3,bullish
38.474998,38.952499,38.445,38.612499,106499600,57.5645741938197,60.29013217208521,114.03458319579428,125.39650888929658,36.986299720000005,37.03703276268899,35.056274800000004,35.201659494311514,0.4540685022393091,38.4546245,0.5074990000000028,0.4614944432929492,0.468760585695668,2017,6,6,1,bullish
36.435001,36.522499,35.627499,36.355,289229200,20.59218390134409,34.48147816156116,-176.7436144180531,-339.1289528799503,37.14644972,37.14283674529231,35.3724748,35.39951745539359,0.1285014083329301,38.2978744,1.6174999999999995,0.8252121193284724,0.6555248747410969,2017,6,12,0,bullish
35.945,36.125,35.549999,35.567501,201444400,18.8832922374906,30.663448283672096,-80.96745515710488,-118.1788226025382,37.157249660000005,36.992629812803465,35.61867479,35.45612153843122,-0.3490704318642841,37.8522495,0.5750010000000003,0.7656415758640982,0.6665859461287083,2017,6,16,4,bullish
36.717499,36.717499,36.235001,36.252499,99600400,38.05379312351836,40.3377034114988,47.140670655349005,-56.26533314694049,37.178999620000006,36.94824643619421,35.73749977000001,35.493802744655355,-0.3944622675872651,37.6559994,0.4824979999999996,0.7682771985940313,0.6833443719171005,2017,6,20,1,bullish
36.252499,36.540001,35.904999,35.932499,99047600,33.773457533772614,38.423746142882216,-184.2777577162776,-64.88575040327054,37.26824958,36.84126375385815,36.0002998,35.57645975186787,-0.4114131197602475,37.1439995,0.6350020000000001,0.6524153981238275,0.6387362748561161,2017,6,27,1,bullish
35.755001,35.875,35.602501,35.682499,96515200,35.4228311912766,38.9080906025703,-157.2504172015015,-123.48017426931668,37.31369954,36.65780112493215,36.19122482,35.62295449573596,-0.43304973390007,36.37787475,0.4199980000000067,0.5857897440765795,0.6094580310867739,2017,7,6,3,bullish
35.724998,36.1875,35.724998,36.044998,76806800,46.16211333015253,43.71015326547008,-0.8691368703081865,-61.65345936033226,37.31619954,36.63376962983677,36.21844982,35.631311792851214,-0.4112467060692424,36.2427496,0.505001,0.5742484949227824,0.6019968145805756,2017,7,7,4,bullish
36.467499,36.544998,36.205002,36.435001,99538000,56.20685915180828,48.60043280056315,110.477772512546,65.63339144934461,37.32774962,36.60315789990777,36.2945748,35.67386311097167,-0.2847909596245443,36.1844997,0.3399959999999993,0.5228936469484575,0.5703776966594476,2017,7,12,2,bullish
36.375,37.122501,36.360001,36.942501,100797600,67.58122773402515,54.72033761092074,154.38072595426212,165.34676570166863,37.32904966,36.616465472460405,36.32469981,35.69898465333176,-0.2075909967454379,36.2171247,0.7625000000000028,0.5571231259558211,0.58410071832663,2017,7,13,3,bullish
37.299999,37.532501,37.1675,37.52,71475200,76.6061060571065,60.75211618585062,90.59579317013728,147.9016389160292,37.35969958,36.7043392945963,36.42054979,35.79756578995157,0.0355303663742034,36.41437465,0.3650010000000065,0.5267885603686813,0.5631646305260961,2017,7,18,1,bullish
37.497501,37.610001,37.220001,37.567501,105010400,70.60180215707295,59.9871467143722,26.238086034012127,75.95138352395418,37.31654962,36.80940432922451,36.5231748,35.90454904289351,0.1890836791084496,36.60337475,0.3899999999999934,0.4734733674624922,0.527093790913204,2017,7,21,4,bullish
37.474998,37.5825,37.032501,37.182499,79383600,41.929536444944056,49.58246219565835,-94.08648995835358,-39.84929678122234,37.23189966,37.01443410609844,36.6998998,36.11693233766976,0.2519591371399912,37.074874750000006,0.5499989999999997,0.5918746121542056,0.5783133388988342,2017,7,31,0,bullish
37.275002,37.555,37.102501,37.512501,141474400,51.61674622652192,53.78728259978045,-65.93605201369068,-36.21640690840237,37.2168497,37.0339661411534,36.72832483,36.14456736068882,0.2363386455363709,37.1567498,0.4524990000000031,0.571963810417891,0.5693266004060605,2017,8,1,1,bullish
39.262501,39.302502,38.755001,38.892502,108389200,67.44018662094044,63.86948357834301,83.08879077214155,148.89261431090048,37.2414497,37.19166394037267,36.81424986,36.25993727146536,0.4264398390556891,37.480375,0.5475009999999969,0.7953713913274295,0.69084794116645,2017,8,3,3,bullish
39.017502,39.349998,38.922501,39.0975,82239600,69.60068502948866,65.27602793354855,73.68463043440526,127.80276765180987,37.25669972,37.266402609377664,36.85774985,36.316126632431455,0.4877911787528646,37.6330001,0.457495999999999,0.7471034782806537,0.6741799453688463,2017,8,4,4,bullish
39.264999,39.73,39.1675,39.702499,87481200,75.25427225096017,69.09931639789696,77.44120021188293,136.3395383180383,37.28139972,37.36193580116677,36.90362482,36.38318351100303,0.5785616223474861,37.8048751,0.6325000000000003,0.7307315528119889,0.6712028064139287,2017,8,7,0,bullish
39.650002,40.4575,39.567501,40.02,144823600,77.78394567678782,70.90954454395317,93.60535526543478,142.66719045155097,37.31374972,37.46617361288572,36.95209981,36.45519967910815,0.6684124870173775,37.9867501,0.8899990000000031,0.7534840452674195,0.6868311059557912,2017,8,8,1,bullish
39.974998,40.0,38.657501,38.830002,163217200,50.54724118290893,55.89342709891881,-60.23176077343111,42.39531611747139,37.36349976,37.6251107076273,37.039424790000005,36.576173145872026,0.6922051597254963,38.27262505,1.6074979999999996,0.8493452577474915,0.7428542954414726,2017,8,10,3,bullish
39.150002,39.642502,39.017502,39.369999,105028400,57.38422465967865,59.601511890951976,-23.1726163731712,49.037219094005536,37.38499978,37.693537699485056,37.08352479,36.63149643011665,0.6815365125550628,38.3781251,0.8125,0.8440816494978499,0.7478289886242245,2017,8,11,4,bullish
39.830002,40.052502,39.6875,39.962502,88490800,63.79221639600697,63.252099413177575,56.81155208783617,81.71715949210078,37.406999840000005,37.78251669166211,37.12959981,36.69745693645619,0.7126762845718986,38.50675025,0.682502999999997,0.8209989852838709,0.7431628465796369,2017,8,14,0,bullish
39.375,39.4725,38.7775,39.302502,105474000,48.60202915372504,54.9338954406687,-102.24257380699726,-74.73042126630413,37.54399998,38.13588512121311,37.34149983,36.98736466372096,0.6068407225778287,39.0232504,0.6949999999999932,0.7442185240416112,0.7216170817406675,2017,8,21,0,bullish
39.912498,40.139999,39.817501,39.965,101920400,58.56809472824958,59.31552954555971,79.63867654625956,39.27979127522195,37.83115002,38.40119729445592,37.49857484,37.213638313531824,0.5601587855668555,39.431125300000005,0.322498000000003,0.6192912691203369,0.6602185475738028,2017,8,25,4,bullish
40.035,40.5,39.982498,40.3675,103864000,65.60594517697263,62.45431474857683,123.06061892082585,98.82443385051764,37.927150000000005,38.47830720447725,37.54219983,37.276091020198606,0.5747114719567534,39.59037535,0.5349999999999966,0.6072496592460025,0.6512743656042452,2017,8,28,0,bullish
40.215,40.287498,39.6325,39.657501,114446000,33.752299764280764,48.73299550137534,-150.16944008694864,-64.51231357499616,38.595550120000006,39.042216644015056,37.94347486,37.76062244192484,0.4582780792026568,40.13750045,0.682499,0.5803702662366181,0.6103313710585193,2017,9,8,4,bullish
39.747501,39.849998,39.522499,39.57,95042800,36.21908150050734,47.10612397421118,-106.07871074288296,-141.09182847273297,38.92055012,39.184514441897385,38.12162484,37.93367000132228,0.2626245130645301,40.14262525,0.389998999999996,0.672388371529636,0.6593424969492492,2017,9,14,3,bullish
37.497501,37.9575,37.290001,37.637501,177549200,16.91918018896071,31.29321975356315,-109.84556667019471,-175.39725233615607,39.26620026,39.09845013041117,38.30257495,38.05544151138373,-0.3154333611709958,39.8641253,0.682499,0.7190198819606499,0.6918085445614099,2017,9,25,0,bullish
37.945,38.48,37.922501,38.285,146640000,35.33142776504742,39.60115909888795,-42.547502348813055,-95.262285961409,39.28410028,39.06655012529701,38.31909995,38.05998722402979,-0.3559130089966515,39.7600003,0.8424989999999966,0.736659755966271,0.702572148521309,2017,9,26,1,bullish
38.4725,38.57,38.174999,38.32,88022000,37.896168621344685,40.75192478384466,9.379689459659328,-62.76771757092092,39.31615024,39.01809371504735,38.33294993,38.07479262667604,-0.3812953347696748,39.5256251,0.3950010000000006,0.6460154737711383,0.6602025872454147,2017,9,28,3,bullish
38.407501,38.465,38.115002,38.369999,80655200,40.65082778904417,42.16380675468716,-56.46619524327048,-42.763261502380594,39.36840015999999,38.94022797862158,38.329424880000005,38.10689577028029,-0.3535348091215127,39.0737498,0.504997000000003,0.553327775513285,0.6052247811671256,2017,10,4,2,bullish
39.087502,39.342499,38.932499,39.0,64500400,55.675724424916645,50.02039819504014,64.25466906546255,101.88803423713176,39.49610012,38.945123478191285,38.3643499,38.20340669362878,-0.1321716910981933,38.75874985,0.4099999999999966,0.4742268027807095,0.5392671593509226,2017,10,12,3,bullish
39.182499,39.32,39.102501,39.247501,65576800,63.26658707970074,53.465104927328255,104.54331894894732,115.4285200900811,39.5032001,38.956981420223,38.3723249,38.2240818284091,-0.0914604389071698,38.72262485,0.3200000000000003,0.4521944023834653,0.5236052193972853,2017,10,13,4,bullish
39.2225,39.422501,38.875,39.0425,87937200,44.59499992006962,48.14842662388549,-60.539810022418415,-12.55348563248886,39.5000501,39.071181955055394,38.44252494,38.36912177153589,0.0460023834068223,38.9627497,0.5475009999999969,0.5430259080876412,0.5521780436638842,2017,10,23,0,bullish
39.227501,39.387501,38.817501,39.102501,84828400,46.51261750460612,48.90977923467685,-50.27947474710752,-37.73702329550656,39.460350080000005,39.080089647092656,38.452850000000005,38.40122714251864,0.0327389634601971,39.0394999,0.5700000000000003,0.5186516875745936,0.5375540274448798,2017,10,25,2,bullish
39.307499,39.4575,39.195,39.352501,68002000,54.16734432082287,52.29474978468139,16.679278068907475,6.572810910140548,39.44265012,39.09077244524588,38.46025002,38.42006424860792,0.0414656550700271,39.09112495,0.3549990000000065,0.4952727322067954,0.5245143826273888,2017,10,26,3,bullish
39.822498,40.900002,39.674999,40.762501,177816800,76.39538454455132,65.98365126506823,233.33333333333408,182.2230156536108,39.46860014000001,39.156330427785264,38.47945004,38.46644913477537,0.1603088960170993,39.202750050000006,1.547501000000004,0.6455910561772538,0.5975848552968613,2017,10,27,4,bullish
40.9725,42.017502,40.93,41.68,178803200,82.7474260361312,71.67858350280272,166.25753294518006,233.77436079841584,39.51470014,39.25529786198976,38.50877503,38.53008380537558,0.3247836187418187,39.3641251,1.255001,0.7326496195805033,0.6445431513470855,2017,10,30,0,bullish
42.467499,42.485001,41.4025,41.7225,134551200,72.60505885111036,67.66680855918362,78.98275302433885,144.36105632724488,39.60940006,39.465261426619534,38.61260002,38.66569708661129,0.5819897964670062,39.713750100000006,1.0825009999999935,0.7826098225489402,0.6816595947839661,2017,11,1,2,bullish
41.650002,42.125,41.32,42.0275,165573600,75.10750445362866,69.39933598668156,57.168531461435,110.99006734832344,39.65005008,39.56574137067367,38.66640003,38.73226744133354,0.6668927526543982,39.8727501,0.8049999999999997,0.785808419327663,0.6904696237279686,2017,11,2,3,bullish
43.5,43.564999,42.779999,43.125,237594400,82.00736740841978,74.66087236015846,124.14016212645834,151.4056649525002,39.71620006,39.70532014045117,38.73475002,38.81925224447761,0.8133621029134233,40.08775005,1.5374989999999968,0.8931927879951392,0.7509717220331136,2017,11,3,4,bullish
43.477501,43.8125,43.400002,43.702499,97446000,84.71364003650832,76.94874475890845,98.33477240007755,114.0657488424287,39.85485004,40.007402366483376,38.89100002,39.00801598335172,1.064036912608671,40.55425015,0.4124979999999993,0.815253721792347,0.731207683793858,2017,11,7,1,bullish
42.4925,42.580002,42.095001,42.27,116632400,43.573303207016906,56.08938762352633,-170.51692714729774,-30.8905522877728,40.16924996,40.71866190478853,39.30657503,39.500325675411005,1.0092188254687713,41.6983751,0.7399979999999999,0.675282147625086,0.6751365633011579,2017,11,15,2,bullish
42.572498,42.639999,42.389999,42.494999,65049600,47.62850448658708,56.91159711565339,-64.80539827170391,-55.66509708834134,40.31844994,40.93129199058029,39.50155005,39.68087961317647,0.7814184084131099,42.2337501,0.25,0.5877431716822692,0.630385335485657,2017,11,20,0,bullish
42.695,43.424999,42.695,43.285,100525200,61.65927638004069,62.86113166643697,62.7005758569133,6.527314872971622,40.37984994,41.0235942654595,39.57435004,39.75224833370902,0.7745515771856759,42.43425,0.9299999999999996,0.6366370042990879,0.6517863829509672,2017,11,21,1,bullish
43.157501,43.23,41.790001,42.369999,166665600,37.67118524286492,50.28758946689581,-116.09374388980162,-99.17798565457208,40.73665002,41.43673961212201,39.94187511,40.09135384466444,0.6245704684916618,43.10850005,1.4775010000000035,0.7001282608692628,0.6702473537960623,2017,11,29,2,bullish
42.622501,42.75,42.205002,42.342499,93420800,40.27207108479621,49.37013180072122,-23.906909448932943,-59.70945303137412,41.32410006,41.69278756559213,40.32012515,40.4051399086352,0.1946269722165681,42.8755002,0.5449979999999996,0.6963821897492881,0.6888130812640495,2017,12,8,4,bullish
43.099998,43.282501,42.912498,43.055,81906000,57.79572613194817,56.250407332538096,71.76615596647913,63.61874601059301,41.68895014,41.89390166691411,40.52867515,40.60874465112786,0.2391235211539708,42.87300025,0.3700030000000041,0.6090345609808738,0.6462983069549803,2017,12,14,3,bullish
43.407501,43.5425,43.115002,43.4925,160677200,67.3302316826242,60.62167001094082,113.9181354242368,132.07849397384436,41.78185014,41.95659179762337,40.57995013,40.66584871744295,0.2744120533933625,42.90887515,0.4874999999999971,0.5916724808407486,0.63495557074391,2017,12,15,4,bullish
42.630001,42.647499,42.305,42.307499,103999600,31.496259354445712,43.1498477415379,-82.07072323464612,-118.66760266336472,42.48245016,42.32886047842513,41.00490014,41.085995316581794,0.0983581859078697,42.97287515,0.4650000000000034,0.546170748245749,0.5918819418579798,2017,12,29,4,bullish
43.134998,43.3675,43.02,43.2575,89738400,55.61756576791155,53.99029952977516,114.19015048662108,0.5118054124255884,42.72805013999999,42.41937962492735,41.11405012,41.204913573883104,0.1063415095091144,43.06074995,0.3474999999999966,0.5534268560381392,0.5889312253141332,2018,1,4,3,bullish
43.290001,43.575001,43.25,43.572498,95839600,59.57645392209864,56.5292191643704,27.42171204717807,39.95212582291048,43.04805004000001,42.59698994092872,41.25832509,41.39073773260099,0.2016686524425779,43.28074995,0.3325000000000031,0.49344581650372,0.5482834539045446,2018,1,10,2,bullish
43.647499,43.872501,43.622501,43.82,74670800,65.75964000738833,59.34058176434213,104.20730664437596,85.16954424652656,43.09085003999999,42.64495111971582,41.30277509,41.4388419359163,0.2262619624464221,43.3255,0.3000029999999967,0.4658111284317595,0.5305491357685055,2018,1,11,3,bullish
44.474998,44.8475,44.035,44.047501,118263600,64.91849514163789,60.28675990554744,134.26461707060642,136.6837298738524,43.177600080000005,42.76127552573536,41.39350007,41.545499442988536,0.2992769246489715,43.43537495,0.8125,0.5219734821131299,0.54998879563713,2018,1,16,1,bullish
39.775002,40.970001,39.0,39.122501,290954000,10.00228881413183,21.024935331508388,-156.20769290238567,-156.89455091753968,43.07565012,42.64985561596952,41.72775003,41.81120195717957,-0.7269707811718433,43.07950005,1.970001000000004,1.0116080808838024,0.8260444052289965,2018,2,5,0,bullish
40.072498,40.25,38.7575,38.787498,217562000,25.784191197327857,29.35762602707045,-101.72906720310512,-124.96560932695024,42.84415002,42.32571305880241,41.72752499999999,41.69389206362855,-1.0011982035666236,42.51387484999999,1.4924999999999995,1.2378562025390707,0.9894438157026624,2018,2,8,3,bullish
39.267502,39.4725,37.560001,39.102501,282690400,30.293850025569768,32.05411330595096,-125.20617463912114,-126.1179705505242,42.76085,42.1993125859082,41.721875010000005,41.64257738910091,-1.0806289261309558,42.277999900000005,1.9124989999999968,1.334233745033489,1.0553763288667577,2018,2,9,4,bullish
39.625,40.9725,39.377499,40.677502,243278000,48.53561894929039,43.63835428498661,64.07037862887482,-40.76109129547927,42.72700006,42.13963373940199,41.73182504,41.62346698535621,-1.0049050087539513,42.09825005,1.869999,1.4107716386001332,1.113563662519132,2018,2,12,0,bullish
40.487499,41.1875,40.412498,41.084999,130196800,52.30330343167579,46.19435246582052,121.27029428846372,-2.3968004521126587,42.68945,42.0982755143274,41.752500010000006,41.61280425297286,-0.9016183611365848,41.95012495,0.7750020000000006,1.3199474045144,1.0893806866249085,2018,2,13,1,bullish
40.759998,41.884998,40.720001,41.842499,162579600,58.83856910354547,50.67259913817446,133.6009263691281,44.64851136677433,42.67104996,42.08824506278515,41.78745000000001,41.61735266380511,-0.7499935704262626,41.8034998,1.1649969999999996,1.2978116324409144,1.0947818518659864,2018,2,14,2,bullish
43.2075,43.529999,42.752499,42.767502,149886400,61.53735961234984,54.588891982781554,54.37956437946187,98.0353205993834,42.72389998,42.22503955789088,41.98377503,41.724988086806086,-0.10101549189595,41.51075,0.7774999999999963,1.107212133962277,1.045303761170982,2018,2,21,2,bullish
42.950001,43.487499,42.927502,43.125,123967600,64.94464727695424,56.5922878435466,53.51822743240365,94.41869682979906,42.73955,42.260332124248094,42.03182503,41.7527110949883,0.0010294492089428,41.48925,0.7199969999999993,1.05189568625338,1.0220675639444834,2018,2,22,3,bullish
43.4175,43.912498,43.384998,43.875,135249600,71.19106881667896,60.526704825308805,118.38633197979787,99.82862567523748,42.7537,42.32365243310111,42.08527504,41.79473661786005,0.1407965176049757,41.544125,0.7874979999999994,1.0141245882171828,1.005312595091306,2018,2,23,4,bullish
44.634998,44.945,43.165001,43.75,195208000,57.50549060276361,56.53971631131423,-3.75280439172055,57.95463444284689,42.85529998,42.62916087269185,42.31857506,41.99484191438042,0.5273091107313732,42.00175,1.7799990000000037,1.0287209626528402,1.0085118949500935,2018,3,1,3,bullish
43.735001,43.962502,43.567501,43.7575,126814000,52.976991173288006,55.1955267993054,-83.05719818118274,-3.598934674545422,42.87735008000001,42.8379212862197,42.52142511,42.152339266685495,0.5364763773869257,42.71337515,0.5999989999999968,0.8769688307363929,0.9324289315303416,2018,3,7,2,bullish
43.869999,44.279999,43.767502,44.235001,95096400,60.83712974075327,58.42135392591964,1.0639107754690014,31.090997457546475,42.88700012,42.892708725975794,42.57377512,42.19358009308795,0.5414740276956778,42.9308753,0.5224989999999963,0.8263302834883363,0.903148222135317,2018,3,8,3,bullish
44.490002,45.0,44.3475,44.994999,128740800,70.11352810882978,62.9888215261068,189.79409398648968,110.46266956502174,42.93405006,42.975151481819886,42.6312501,42.24905373480923,0.5998455425792173,43.24125035,0.7649990000000031,0.8175686715614315,0.8932804205542231,2018,3,9,4,bullish
42.0975,42.48,41.235001,41.235001,164115200,16.30050978586155,33.12740823608705,-135.57069562634928,-206.24787148766453,43.06405019999999,43.20412996736494,43.05605012,42.51935297933026,-0.0913038395949925,44.05662545,1.244999,0.8623185707116193,0.8643516946143991,2018,3,23,4,bullish
41.8125,42.505001,41.297501,41.619999,166674000,34.969418861909006,40.3138292684836,-96.92970569108296,-112.749460770654,42.95920018,43.09941980182976,43.06840013,42.50592022204495,-0.2976473958319445,43.70800045,1.2075000000000031,1.181583857940846,1.0404065153308442,2018,3,28,2,bullish
41.66,42.235001,41.1175,41.669998,150347200,36.90829791028536,41.160182574249255,-84.1733412553808,-95.01349886803251,42.83970012,42.99986802775595,43.05302511000001,42.47847992277831,-0.413248053692044,43.49862525,1.1175009999999972,1.1890720793034784,1.0642919800556767,2018,4,2,0,bullish
41.91,42.1875,41.220001,42.0975,121112000,43.353519090161946,44.29409370053793,-41.04282420504282,-76.84354563824407,42.78935007999999,42.96448104627533,43.03837511,42.47093576589158,-0.4220960227561932,43.39325015,0.9674989999999966,1.1574187822601236,1.0573781957659851,2018,4,3,1,bullish
41.220001,43.002499,41.192501,42.9025,138422000,53.73623701002905,49.72429514249523,41.65128138885854,-34.74135813874574,42.76240008,42.96205041700964,43.03037512000001,42.4794815923096,-0.3600014569488436,43.33000015,1.809998,1.2506443847943918,1.111136753211272,2018,4,4,2,bullish
42.7425,43.119999,42.049999,42.095001,140021200,43.36259086023385,44.89510980146246,33.58138295968978,-16.17034614394925,42.71200016,42.93701393742411,43.00302512,42.485853297346,-0.3085104904161682,43.1951252,1.1500020000000006,1.1633307316856754,1.0836588076158415,2018,4,6,4,bullish
42.470001,43.272499,42.462502,42.512501,116070800,48.79973818525309,47.66294940715379,66.92879484496208,36.41612339484904,42.70670018,42.920366371250616,42.99147513,42.48638097462628,-0.2912716414515799,43.0710003,1.177498,1.1653546271591502,1.090361607071853,2018,4,9,0,bullish
43.057499,43.48,42.924999,43.110001,89726400,54.977644470032594,51.26575851672413,68.78390323033668,110.85986340289728,42.73780018,42.94257776215792,42.99242515,42.51476474211479,-0.1611999962869958,42.87100035,0.5550009999999972,1.0563830117903958,1.045299043852771,2018,4,11,2,bullish
43.695,43.959999,43.462502,43.682499,100497200,61.538821408297736,54.77125911663664,113.9975930829042,130.6743415299001,42.8101502,42.99391545749373,43.01415012,42.55769081810296,-0.015636737847231,42.76825035,0.4974970000000027,0.925556355601108,0.9792881806689712,2018,4,13,4,bullish
43.7575,44.047501,43.7075,43.955002,86313600,64.73161338771419,56.466318833398056,110.69847089594457,124.83786625615988,42.85035024,43.031605125827305,43.02832516,42.58536034645744,0.0619824694836879,42.7407504,0.3650019999999969,0.8454771619438064,0.935410596335473,2018,4,16,0,bullish
41.0,41.0825,40.157501,40.580002,142623200,27.38984008804144,36.52902594367185,-83.57006618576598,-105.00647392417302,43.18750034,42.68649819473975,42.92927515,42.481984842015926,-0.5547716549488513,42.5157503,0.9249989999999996,0.9151573094493252,0.9438612941630318,2018,4,27,4,bullish
40.532501,41.814999,40.459999,41.314999,169709600,41.66849458340882,42.61345184044444,13.770954363232564,-63.70744968833572,43.14885030000001,42.63271391259309,42.91792513,42.458876211480906,-0.5580731168029587,42.49800035,1.3549999999999969,0.9779919795279924,0.973228344579958,2018,4,30,0,bullish
41.602501,42.299999,41.317501,42.275002,214277600,55.11775200689113,49.43200020806559,178.88647053313622,-21.42854046429678,43.13220038,42.618685994452186,42.91657515000001,42.45523513798622,-0.4777184887193826,42.50687545,0.9849999999999994,0.9789931253097078,0.9740691771099608,2018,5,1,1,bullish
43.970001,44.375,43.610001,44.2225,136272800,71.03299040326746,59.879404946626245,118.34863995586728,78.59134315073487,43.184900340000006,42.73899472075344,42.95440016,42.52298009836334,-0.080688108805333,42.6200005,0.7649990000000031,1.0933415002275408,1.0379599537325683,2018,5,3,3,bullish
44.5625,46.0625,44.5425,45.9575,224805200,79.7016531993191,66.91880358951104,118.33641798468004,130.73983364741093,43.24155034,42.865210614057226,42.990550170000006,42.5909903934454,0.1993921213839939,42.81312545,1.840000000000004,1.2000070001950356,1.0952485284659566,2018,5,4,4,bullish
46.247501,46.555,45.9175,46.512501,113611200,81.86264571575147,68.85910363312281,87.01557390058902,127.54258293273844,43.32525038,43.13728023235348,43.0576502,42.74044135341255,0.6467038855211129,43.1620005,0.6375000000000028,1.0902602450412502,1.053581639340544,2018,5,8,1,bullish
46.637501,46.849998,46.305,46.84,92844800,83.20851157620312,70.02624586974669,78.07605731149185,114.61312623149148,43.37010038,43.282484929123925,43.095375190000006,42.82162073255306,0.8249935274519231,43.34850045,0.5449979999999996,1.012365638606786,1.017254236530505,2018,5,9,2,bullish
46.695,46.767502,46.275002,46.610001,94780800,66.92582397255617,64.57905788226708,-49.04824297140664,55.432657881269805,43.60545024,43.84140653942233,43.23555017,43.1482022380679,1.171219075499387,43.97712515,0.7624959999999987,0.8426808744832954,0.9216715060534084,2018,5,15,1,bullish
46.797501,46.952499,46.532501,46.577499,73190800,60.98156118199986,62.39949131625684,-75.02498330069294,39.91932873532367,43.76965018,44.17417040315188,43.32832515,43.36010951536242,1.1276187000361872,44.541125050000005,0.4199979999999996,0.7332772154180507,0.8481021963554434,2018,5,18,4,bullish
47.095001,47.220001,46.695,46.790001,60962800,62.46516348710023,63.03735532361187,22.25296625393356,44.74057926791319,43.83510024,44.37973792309407,43.41237513,43.49688253701297,1.06905052371188,45.12375005,0.5250010000000032,0.7043469133683639,0.8178536284901526,2018,5,22,1,bullish
46.805,47.057499,46.535,46.717499,109931200,52.07690636752185,59.66779756914079,-127.77860639107656,-73.77594584964427,44.1438001,44.93138735517356,43.64870011,43.88953206202516,0.82758726918874,46.70174965,0.5224990000000034,0.5815980857560586,0.708072378207891,2018,5,31,3,bullish
46.997501,47.564999,46.9375,47.560001,93770000,70.05096891199986,65.92594009213143,159.74510202275275,204.92945846886155,44.2386501,45.034470243205966,43.6884251,43.962214615252485,0.8339460177255944,46.868624700000005,0.8475000000000037,0.6195840735051936,0.7180314940501847,2018,6,1,4,bullish
47.91,48.355,47.837502,47.9575,105064800,75.17588801165164,68.41600334667235,190.38698030933568,310.35767634056714,44.35355006,45.149098861119455,43.73217509999999,44.0413291773268,0.8611336068330928,46.9686247,0.7949989999999971,0.644643348718737,0.7235291730465999,2018,6,4,0,bullish
47.837502,47.9925,47.552502,47.807499,73234000,56.50196977056121,62.01585392093434,-46.24261425293151,39.64900330124129,44.97040002,45.69694036683807,43.93650008,44.43495277552233,0.8515498196797964,47.29962465,0.4399980000000028,0.6121300786360978,0.6796455200009502,2018,6,11,0,bullish
45.849998,46.23,45.182499,45.5425,126652400,18.71647516825935,36.41382737933374,-151.2748761492805,-149.5749460322662,45.78855006,46.06674108867512,44.29935012999999,44.87463418826263,0.0021917380965632,47.30149995000001,1.047500999999997,0.6746304585583047,0.6729019945094917,2018,6,25,0,bullish
46.307499,46.82,46.0075,46.040001,101141200,35.439437152862595,43.00069814834403,7.6819051971208925,-64.27044113970477,45.86119998,46.06722808916147,44.400125120000006,44.92164047496936,-0.0968747371785951,47.216375,0.8125,0.7451876838387549,0.7105379442454294,2018,6,27,2,bullish
46.572498,46.797501,45.727501,46.2775,90950800,42.766321996378885,46.04042643513913,18.898343074396948,-51.89262328483299,45.96104998,46.0870702199449,44.52785011,44.97669868593032,-0.1183998694477352,47.135125,1.0700000000000005,0.7741176044529624,0.7290480896810079,2018,6,29,4,bullish
46.947498,46.987499,45.884998,45.98,55819200,39.34970134501431,43.78303185587448,31.392739664927507,-41.11876228831747,46.161749920000005,46.10954456058736,44.66887513,45.03185897704181,-0.1247682524606119,46.95962495,1.1025009999999966,0.8450152400062579,0.7717048681433181,2018,7,3,1,bullish
46.314999,46.602501,46.07,46.349998,66416800,47.52440948617438,47.8306033551273,41.82266354388363,-19.35541003501706,46.274049860000005,46.11897410723099,44.7413501,45.0579607398727,-0.1241523727394664,46.8523749,0.6225009999999997,0.8132274914339354,0.7610474489902239,2018,7,5,3,bullish
46.355,47.107498,46.299999,46.9925,69940800,58.78001856720099,54.02135106470636,188.40614958033603,117.91254941007892,46.3956499,46.153230024594485,44.80450008,45.09626844799406,-0.0710012832401076,46.7837498,0.807499,0.8124091355148018,0.7643654169194937,2018,7,6,4,bullish
47.125,47.445,46.9025,46.970001,75326000,52.37173177042104,52.15834733364095,30.95626898467192,88.94669493623562,46.78069994,46.29330294804801,44.96477511999999,45.23021747452279,0.0965781196797195,46.70375005,0.6850019999999972,0.714243391461216,0.7208887532697258,2018,7,11,2,bullish
47.945,47.950001,47.482498,47.599998,65573600,56.75601705747007,55.87527880045112,17.667038471264473,64.11560895016842,47.0985498,46.55805098013448,45.19420008,45.470474903819714,0.283348501952112,46.8331249,0.4675030000000006,0.6266802105671692,0.6699801610299582,2018,7,18,2,bullish
47.669998,47.990002,47.389999,47.9025,63957600,61.1485516147018,58.18197814219094,-27.71665988198709,50.60845267085394,47.15594986,46.71094205518119,45.29282511,45.612568941796106,0.3275395241036563,47.0587499,0.6000029999999938,0.6245859722522112,0.6607914131861581,2018,7,23,0,bullish
48.112499,48.415001,48.012501,48.25,74791600,68.05153964233425,61.43164728633459,231.82730470887032,127.71177089366084,47.17799988000001,46.7712972687035,45.33782511,45.66479529938434,0.3570858979344606,47.1941249,0.5125009999999932,0.6085738333590373,0.6501992408157177,2018,7,24,1,bullish
47.575001,48.035,47.334999,47.572498,157492000,44.19376129244992,50.7885062007133,-79.57444797411344,-71.10233888498746,47.29869998,46.99114281790244,45.53417508,45.88675846082394,0.2802414546452638,47.61700015,0.7000009999999932,0.7104437317308169,0.6948724131987224,2018,7,31,1,bullish
49.782501,50.439999,49.327499,50.375,271742800,77.7740159689769,70.31767893745564,189.38225547330623,296.51061783052967,47.36804996000001,47.12384309955333,45.58797509,45.97563453090669,0.4644101253934138,47.83675015,2.867500999999997,1.0185947700549856,0.8500601693988136,2018,8,1,2,bullish
51.7575,52.185001,51.369999,51.997501,133789600,84.26694740520907,76.23861490701995,111.58307909611774,203.60814494591207,47.56734996,47.492944015389305,45.7222001,46.20885150861854,0.9255576546459352,48.3618753,0.8150019999999998,1.1106004024893774,0.9243249164714262,2018,8,3,4,bullish
51.512501,51.952499,51.130001,51.8125,90102000,75.68792403550052,72.08108909711083,38.51948619125694,83.37515572094053,47.86135008,47.99661129633803,45.94300012,46.54317044646685,1.2336924409112129,49.04462525,0.8224980000000031,0.957965186407305,0.8778157046238061,2018,8,8,2,bullish
51.84,52.275002,51.6675,51.8825,98444800,70.67723069604224,69.99272550658914,27.30743897665309,69.9925749644628,48.071550120000005,48.30812718973764,46.10767511,46.7590862409394,1.3005336263860698,49.4702503,0.6075020000000038,0.8695768716461839,0.8430657912317515,2018,8,10,4,bullish
52.305,52.685001,52.0825,52.560001,115230400,76.7276801871403,73.12796382011285,93.83570533280208,65.8449634479246,48.33895012,48.771973344682245,46.417175070000006,47.08802214236173,1.3394435869411367,50.1715004,0.6025009999999966,0.7938224993457015,0.8088376714053052,2018,8,15,2,bullish
52.9375,53.452499,52.8675,53.330002,114001600,82.53707119194469,76.44317191159102,186.06136837157783,101.28676208807155,48.43565018,48.95071956645941,46.51855008,47.21162570389919,1.3909036590657564,50.43950045,0.8924980000000033,0.8079189994391732,0.8148134091620693,2018,8,16,3,bullish
54.150002,54.224998,53.7775,54.040001,73905600,75.73482938272831,74.10538508328708,51.1482019185101,78.81103125233543,49.15870024,50.0162130733488,47.23230015,47.9732089939809,1.4525388877495828,52.1735004,0.4474979999999959,0.7541257261331074,0.7919906467227403,2018,8,24,4,bullish
54.287498,54.685001,54.0825,54.485001,82100400,80.15352099347217,76.18562568808689,168.7988821410581,95.8344164638665,49.30420028,50.19145965870767,47.34515015,48.10215537033776,1.4534949774609132,52.5238754,0.6450000000000031,0.738536336685521,0.7814913148139734,2018,8,27,0,bullish
54.752499,55.134998,54.73,54.924999,91107200,83.59879377697779,78.06222703916943,173.92907378231368,120.32080807795532,49.45900024,50.37708865248384,47.47345013,48.237261184786576,1.4727795608249323,52.89150045,0.6499970000000062,0.7258878600161617,0.7720988637558328,2018,8,28,1,bullish
55.037498,55.872501,54.852501,55.744999,109019200,88.09299579849785,81.05798581348898,148.0669229401581,146.80797617636142,49.6454502,50.58759494062173,47.60577511,48.385929260335416,1.536517857639204,53.1600004,1.0200000000000031,0.7679038800138533,0.7898060877732735,2018,8,29,2,bullish
55.8125,57.064999,55.599998,56.2575,195175200,90.07587661414752,82.65246085886042,142.31432874610752,192.04062048520257,49.8381002,50.80994415863656,47.73522511,48.54180194824964,1.6098283653126089,53.3805004,1.4650010000000009,0.8674891828690173,0.8380342957894684,2018,8,30,3,bullish
55.237499,55.462502,54.1175,54.5825,158066000,40.77821806407715,56.3768664491942,-152.23256354225632,-35.20405905501284,51.03285024,51.91883814245169,48.46617512,49.3893118098656,1.3699777780189637,54.60250035,1.345002000000001,1.0529529099264487,0.9502492325299016,2018,9,10,0,bullish
56.235001,56.25,54.959999,55.267502,197114800,49.88959734150586,58.51910021296417,-38.62797155606061,-0.5057011867404108,51.39600036,52.20251471742657,48.73217515,49.63329632864363,1.220002065577603,54.9312506,1.2900009999999966,1.1948229338235126,1.0398324504977208,2018,9,12,2,bullish
54.625,54.904999,53.825001,54.592499,108495200,42.42571934876069,51.37053546771248,-105.8937755704844,-121.0924911521038,52.22860038,52.74486878356053,49.44810014000001,50.16452443312676,0.7331104733793055,55.345000500000005,1.0799979999999962,1.261775031439974,1.1330094277359333,2018,9,19,2,bullish
55.195,55.34,54.322498,54.415001,384986800,41.32102561854055,49.93185004415573,-55.41847473648451,-81.91926854133558,52.52250038,52.895615167754265,49.70642513999999,50.34269377228466,0.5558939429398464,55.434375450000005,1.0175020000000004,1.1920698190171244,1.1144445626906774,2018,9,21,4,bullish
54.205002,55.314999,54.157501,55.197498,110773600,51.76593615701248,54.63384338154677,-16.468873505290446,-54.61326120619238,52.66980034,52.98588508274429,49.8169751,50.43882850946717,0.5268963058270018,55.4922503,1.1574979999999968,1.1871309877289633,1.1175198082127715,2018,9,24,0,bullish
55.25,55.9375,54.939999,55.105,95938800,49.64216258441756,53.44779318609688,88.74056424093854,14.266064736005854,52.97105036,53.16550372228722,50.02170010999999,50.63038657183496,0.484169592322786,55.55437535000001,0.9975009999999996,1.110188582821279,1.086560717285502,2018,9,26,2,bullish
56.197498,56.459999,56.005001,56.435001,91717600,64.037718183302,60.62166405952137,120.50730975348309,116.7143011598244,53.31310038,53.40946537532165,50.220400090000005,50.854162709004505,0.5865162634242367,55.5878754,0.4549980000000033,1.064934305746246,1.0692027868431115,2018,9,28,4,bullish
56.987499,57.355,56.587502,56.814999,94403200,67.55724478761616,62.51420771392688,119.35745694002551,146.81847865530975,53.49220034,53.543015713544335,50.320150080000005,50.97219907120248,0.6496081974340058,55.5832503,0.9199989999999972,1.0442292620682103,1.0585453734971748,2018,10,1,0,bullish
56.8125,57.5,56.657501,57.32,99152800,71.83148291197783,64.92667325160527,105.52608542662212,131.70853195254102,53.68055034,53.69113274438573,50.4182501,51.09789809949553,0.7319212374993924,55.59475030000001,0.8424989999999966,1.015410653201323,1.0431134896759475,2018,10,2,1,bullish
55.552502,56.200001,55.049999,55.942501,118655600,46.057801012231366,52.61267664492392,-111.44370154217434,-17.798470823134465,54.35610032,54.13931158985101,50.81015015999999,51.53167213874386,0.6679204467964155,55.826250300000005,1.1500020000000006,1.1937729873173315,1.13393578229474,2018,10,8,0,bullish
53.630001,54.875,53.080002,53.612499,212497600,30.040775163380246,40.66886957268019,-141.0714127421824,-166.8979835794263,54.73600029999999,54.210125360761566,51.05202513,51.72119641206508,0.2055901116636889,55.65562494999999,1.7949979999999996,1.471136499301876,1.2928138945705334,2018,10,11,3,bullish
55.290001,55.4575,54.317501,54.34,123164000,41.05525469595972,45.53348883320009,-53.284272147806,-95.491128139053,54.85645028,54.264854283425024,51.21190012,51.8469337353838,0.0678607304720841,55.62749995,1.2099990000000034,1.5117534484666852,1.3409339805225522,2018,10,15,0,bullish
54.465,54.935001,53.25,54.005001,130325200,39.65745495828956,44.46688082876933,-99.42754365923024,-109.4153854216319,55.03610024,54.33964185861147,51.44872516,52.02685763452157,-0.0599521105719347,55.66149994999999,2.047500999999997,1.5089982736699812,1.3705211994198414,2018,10,18,3,bullish
54.514999,55.314999,54.357498,54.827499,132314800,47.021102988795306,48.29497296799384,17.417363953925634,-52.11900223425337,55.0882502,54.35877351121494,51.528250150000005,52.08231587938253,-0.084883071410438,55.68212485,1.3099980000000002,1.4805696631456982,1.3661981137469954,2018,10,19,4,bullish
54.947498,55.84,54.735001,55.162498,115168400,49.92477625873785,49.81244161300177,66.57010307991598,-17.26766549664478,55.153850160000005,54.39029211861828,51.61270014,52.14330958474131,-0.0767249800855012,55.68037485,1.1049990000000065,1.426916711267742,1.3475410341936391,2018,10,22,0,bullish
55.650002,56.057499,53.634998,53.772499,163702000,39.25670801273044,44.01688658207941,-72.73383434583378,-75.66487329434594,55.24985014,54.41475247089676,51.75207511000001,52.24426593863835,-0.1418306808539782,55.6204997,2.422500999999997,1.656153359298749,1.4767191927485968,2018,10,24,2,bullish
52.787498,53.794998,52.317501,53.325001,146640000,39.53819237685341,43.42692484789884,-108.56658851485498,-150.66202312865514,55.27505012,54.32729023710871,51.97505016,52.36678922065937,-0.4026944272139801,55.05062495,1.4774969999999996,1.860132235173335,1.6346549091027869,2018,10,30,1,bullish
54.220001,55.112499,54.154999,54.715,153435600,52.04998304248038,49.700885901136765,48.03031142784791,12.00056189402722,55.29415016000001,54.34249454153581,52.04412517,52.413288444012665,-0.3464854871079694,54.88549985,1.7874979999999994,1.8497559158628585,1.645572272738302,2018,10,31,2,bullish
51.075001,51.0975,49.5425,50.397499,264654800,29.740274107445387,36.48881644349008,-164.25862110161427,-236.74976127508629,55.21710006,54.13852360794224,52.18790015,52.42259930693752,-0.7029048674611289,54.32599975,2.327499000000003,2.1569674892897304,1.847647638559056,2018,11,5,0,bullish
50.48,51.18,50.422501,50.942501,127531600,34.157281496670635,38.78404976031364,-91.33284664795022,-150.87226235604544,55.14625006,54.01318938802294,52.22522517,52.39329042957242,-0.863105023727158,54.03724985,0.7825009999999963,1.9606151336769115,1.7715657358048371,2018,11,6,1,bullish
48.474998,48.619999,46.482498,46.700001,243204000,21.84532095984183,30.407704829117225,-117.14198466228174,-156.5842174599676,54.3739501,53.09108128936235,52.43180013,52.096077844436046,-1.7044054332967988,52.56837495,2.1375010000000003,1.8477602889427869,1.7592950653578667,2018,11,14,2,bullish
47.0975,47.9925,46.724998,47.852501,185915200,32.36199630975348,35.46495088835184,-77.60914353679533,-122.73390356404272,54.21550008,52.88564676821089,52.44925016,52.01204661979373,-1.8044052837761697,52.260749950000005,1.2924989999999994,1.7684372476652457,1.7259524892608762,2018,11,15,3,bullish
43.735001,44.150002,43.025002,43.072498,94496000,19.00569775533737,26.79633393929357,-106.98684124878598,-143.4400764922089,53.187899900000005,51.486784716245616,52.39817513999999,51.365734227384365,-2.630038209112556,49.859,1.1699979999999996,1.6690772235285871,1.6913992003092806,2018,11,23,4,bullish
42.877499,43.692501,42.720001,43.560001,165549600,24.808819686529773,29.369537555474025,-68.01429106140597,-103.70911346375274,52.7235999,50.88084586993684,52.33690016,51.061500947612366,-2.7631281449021614,48.8629999,0.9724999999999966,1.5087608172863085,1.605632473736063,2018,11,27,1,bullish
45.072498,45.0825,44.2575,44.645,158126000,38.07734108090581,35.67863781672931,52.14865745786462,-40.54817423819208,52.13574994,50.20610572519016,52.26255015000001,50.70375291547547,-2.438921681966626,47.42162495,0.8250000000000028,1.4090883747342358,1.5376045560488818,2018,11,30,4,bullish
43.372501,43.622501,42.075001,42.122501,169126400,28.77254864487133,32.093055779563755,-145.71083716507542,-126.11016808627872,51.25405002,49.28563324156695,52.11255019,50.18934052545843,-2.249532098893184,45.94575025,1.6049989999999994,1.549199896982744,1.5843448847436512,2018,12,7,4,bullish
42.599998,42.98,42.255001,42.275002,142510800,31.92632047969921,33.43628038491765,-47.92927672135284,-80.33804425163676,50.400950140000006,48.49287246415866,51.94657524,49.728527932631074,-2.2524254253554616,44.69825045,0.8224989999999934,1.4170976931436514,1.5107762327922012,2018,12,12,2,bullish
41.362499,42.087502,40.682499,40.985001,177151600,26.885563845474863,31.07427842117565,-129.90059426855836,-116.41875501834537,49.45610006,47.72172582896324,51.74892521,49.26014301675525,-2.206705239935772,43.82237535,1.405003000000001,1.3577352965569351,1.4574155573777203,2018,12,17,0,bullish
37.037498,37.887501,36.647499,36.7075,148676800,14.357841908076963,22.95779801368932,-132.00441657383146,-194.49360831809412,47.83415014,46.13516963823766,51.28507522,48.28552635960611,-2.6194900841150783,42.27125055,1.240001999999997,1.5023577323750053,1.5081995544870546,2018,12,24,0,bullish
39.375,39.630001,38.637501,39.057499,169165600,40.04871999340069,35.882889838503246,25.67753128199627,-52.36850561325159,46.873800120000006,45.34248277488314,50.89782516,47.75219329671757,-2.342820121236265,41.518125350000005,0.9924999999999996,1.5809960647026269,1.557996132728884,2018,12,28,4,bullish
35.994999,36.43,35.5,35.547501,365248800,23.15294110053837,27.883314481300133,-157.44853846340703,-169.03100755926943,45.88045014,44.52362794842275,50.48435017,47.19171528380126,-2.2660125391213484,40.4543753,3.979999999999997,1.7877414343316833,1.6565053639232354,2019,1,3,3,bullish
37.174999,37.2075,36.474998,36.982498,219111200,36.38809601063504,34.895927983327184,-56.45476168834699,-91.3455109069034,45.14450014,43.946872511404464,50.18382515,46.79299440197392,-2.245668401238796,39.7641251,0.7325020000000038,1.6127797068559315,1.5860940535868715,2019,1,7,0,bullish
37.389999,37.955002,37.130001,37.6875,164101200,42.745065384606285,38.20837966218479,-13.200581555480664,-48.2060657590202,44.82280016000001,43.70140692272194,50.03632515,46.61268758213283,-2.14838530204122,39.54237505,0.9725040000000008,1.5213117487336558,1.542266192616381,2019,1,8,1,bullish
37.712502,37.817501,37.305,37.5,129756800,40.80664343010898,38.455138528096434,-8.375584096305532,-30.333076269010224,43.56160004,42.86911932540102,49.41832508,45.95666662650029,-1.6757161685014736,38.68137475,0.7674980000000033,1.192718539091553,1.3573589686150682,2019,1,14,0,bullish
37.567501,38.3475,37.512501,38.267502,114843600,49.506366969902615,42.470286192672894,43.674278321719065,4.257178976228091,43.23265007999999,42.68866374401275,49.26340012,45.80440594082702,-1.5484329010052915,38.5262499,0.8474999999999966,1.143401604935616,1.3209404708568488,2019,1,15,1,bullish
38.27,38.970001,38.25,38.735001,122278800,54.28137000774476,44.83124682789169,149.49579416038193,54.67313423924059,42.8962501,42.533618146208326,49.11312511999999,45.66441772417697,-1.3937702167731771,38.4137499,0.7200010000000034,1.0829158042305285,1.2780162229385028,2019,1,16,2,bullish
38.549999,39.415001,38.314999,38.965,119284800,56.63515547772576,46.005273128438034,142.99919343528367,72.26032580079334,42.63815012,42.393672336553095,48.96405011,45.53175598706455,-1.2383648292206786,38.2861248,1.1000019999999964,1.0853566893404525,1.265300921300038,2019,1,17,3,bullish
38.5275,38.619999,37.935001,38.174999,101766000,45.23512888652222,42.74169105001759,-72.89697819330345,20.00288984191366,41.60285016,41.82258461494783,48.31395013,44.994105696144445,-0.9016632575346152,38.30437495,0.6849980000000002,0.9446471675906818,1.1402272742672428,2019,1,24,3,bullish
39.0625,39.532501,38.5275,38.669998,166348800,49.90706991134353,46.00690700018194,30.138972664275563,68.83345270110908,40.99220014,41.50918061044391,47.7832501,44.648317134949146,-0.6132784035163183,38.29425,1.005001,1.0064397236139575,1.1363072126695095,2019,1,29,1,bullish
40.8125,41.537498,40.057499,41.3125,244439200,71.88483708043573,58.56554287468861,214.8756497090116,275.9371511587361,40.88445012,41.50146764532847,47.62920011,44.58226135009866,-0.357322705580458,38.388124950000005,2.8675,1.2723054773833924,1.259963840335973,2019,1,30,2,bullish
41.740002,42.244999,41.482498,41.630001,130672400,73.52987326506098,59.78184147192084,93.64951492536578,176.60312961504283,40.62455014,41.51059746883263,47.3506001,44.4661095865422,0.0529804536312994,38.79875,0.7625010000000003,1.179602248689839,1.2144842653917318,2019,2,1,4,bullish
41.852501,42.915001,41.82,42.8125,125982000,79.53647483176569,64.28811060349527,97.00478058371542,158.67771829180566,40.55150014,41.56165247005488,47.23290010000001,44.43336484225423,0.2892712769645413,39.08612505000001,1.2849999999999966,1.1946590703055755,1.2195211035780362,2019,2,4,0,bullish
42.762501,42.802502,42.3125,42.357498,83973600,61.43196723561808,58.73829637593534,-34.22095975054784,53.748116898147,40.472950180000005,41.81033519239497,46.59827504,44.29188347520944,0.8165417878116727,40.3501252,0.4900019999999969,0.9372100504965876,1.0684824875104115,2019,2,11,0,bullish
42.427502,42.860001,42.372501,42.732498,75891200,63.5485106673171,59.95801549583328,46.066965877939765,21.515292516220423,40.23615002,41.96467937265275,45.99360002,44.13671123127081,0.7873876766388079,41.3817498,0.4874999999999971,0.7001215771203342,0.8911864944279229,2019,2,19,1,bullish
42.950001,43.092499,42.575001,42.764999,68998800,60.48725313374421,59.29075797068535,49.36296534680254,16.225354801159874,40.23554998,42.03535566003048,45.744800000000005,44.087630778912384,0.761562866522496,41.8301247,0.5174979999999962,0.6614670770680002,0.8450155181546884,2019,2,21,3,bullish
42.895,43.25,42.845001,43.2425,75652800,68.39271214838585,62.2895972579011,132.06968424466407,67.51475281410485,40.25239994,42.08269465375477,45.61485001,44.07089551596362,0.7696399768726749,42.08349975,0.4850009999999969,0.6362576374868569,0.8193001954293533,2019,2,22,4,bullish
43.580002,43.727501,43.23,43.287498,112861600,59.17574524667307,60.21222915181629,25.760708844785665,82.15057586967414,40.36449984,42.29712567178125,45.07042495,44.02965713234715,0.7773857415556833,42.86587465,0.4975009999999997,0.6051095673398447,0.756556860231616,2019,2,28,3,bullish
43.57,43.787498,43.2225,43.7425,103544800,67.57037999951757,63.38835412598412,54.02438666338965,95.34902571160649,40.41964982,42.35380701798591,44.93787494,44.023970852498685,0.7768458165359959,42.9724996,0.5649980000000028,0.599379343434153,0.7428740845007864,2019,3,1,4,bullish
42.580002,43.267502,42.375,43.227501,95997600,47.70764704918697,55.74567972658311,-138.80003683144378,-80.08498710941812,40.86944988,42.57025111970175,44.35180001,43.979492920082286,0.6038830406384719,43.14974975,0.8925020000000004,0.6287685093439624,0.7135957816693761,2019,3,8,4,bullish
43.872501,44.779999,43.837502,44.724998,128044000,72.66340818649302,66.61767917464428,146.46252268267267,188.7783526288072,40.97809984,42.65475099736051,44.24377499,43.99425539691234,0.6697599038055557,43.2558746,1.552498,0.7607298651519677,0.7735173686929921,2019,3,11,0,bullish
45.5625,45.825001,45.23,45.427502,124130000,78.53574758918622,70.37507417969493,113.68594918698766,203.56252097195545,41.22929996,42.86042193258847,44.05155004,44.04657364446014,0.8270535457006432,43.53462485,0.5975000000000037,0.7596691254177724,0.7721528638220189,2019,3,13,2,bullish
45.974998,46.025002,45.639999,45.932499,94318000,82.12299962293116,72.86665361827629,99.86168138608946,173.95573578182933,41.35924992,42.98089554307519,43.95790002,44.08391870100549,0.9152851439744863,43.7039999,0.5975000000000037,0.7365021075009484,0.7596776592633034,2019,3,14,3,bullish
46.212502,46.8325,45.935001,46.529999,156171600,85.47408519180976,75.49294215144333,99.79043689612216,162.42339941087536,41.5002499,43.12007607079774,43.88314999999999,44.13235593464894,1.02164568229189,43.8954998,0.9000010000000032,0.7598590921436704,0.7697007550302106,2019,3,15,4,bullish
47.087502,47.247501,46.48,46.6325,126585600,77.16867978785578,72.6717065935861,87.0285950439121,114.88284196584394,41.920749920000006,43.404193673196986,43.71962504,44.237621381579686,1.1744725269417984,44.31049995,0.7675010000000029,0.747498904432084,0.7616044265311507,2019,3,19,1,bullish
46.557499,47.372501,46.182499,47.040001,124140800,80.18640829242568,74.49570365420277,73.26575159412967,100.41264571550072,42.12189998,43.54677435267946,43.63320006,44.29311404729097,1.2274781902097374,44.512125,1.1900019999999998,0.8107136323703577,0.7922042532074971,2019,3,20,2,bullish
47.915001,48.220001,46.145,46.697498,199202000,54.14279861169225,60.9726480423806,-39.57411777413378,47.03720988766699,42.8795,44.14177698844409,43.37880003,44.54639858511658,1.30742638472627,45.37562505,2.0750010000000003,1.2637856578725466,1.0496053322797618,2019,3,26,1,bullish
47.237499,47.389999,46.8825,47.18,83121600,59.35987374216808,63.42675825790651,-37.14149111311362,39.47766155098312,43.25009996,44.37304173366178,43.24137502000001,44.64845383126434,1.2151664288289368,45.740250200000006,0.5074990000000028,1.099260503743096,0.9944936793636724,2019,3,28,3,bullish
47.4575,47.52,47.134998,47.487499,94256000,62.93991459155196,65.0357620605062,-18.84191684443057,52.61152911121856,43.42514992,44.49517731273387,43.16070001,44.70467254747693,1.1899718825744472,45.92750015,0.385002,0.9972235746369394,0.9509585594091244,2019,3,29,4,bullish
47.91,47.919998,47.095001,47.810001,111448000,66.54585363085951,66.69088441103153,44.20334741277101,67.4687889116172,43.60204994,44.62517039850901,43.12010003,44.766164200002144,1.1823982878443005,46.1198751,0.8249969999999962,0.9726197782602332,0.9419613051656152,2019,4,1,0,bullish
47.772499,48.615002,47.762501,48.505001,91062800,73.12122903986057,69.98802652077185,189.17904332052345,127.61598084496232,43.788049920000006,44.77732061817533,43.10117505,44.84020057227933,1.2184315308580622,46.35100015,0.8525009999999966,0.9554599527944851,0.935571283368071,2019,4,2,1,bullish
48.697498,49.092499,48.285,48.922501,76457200,76.47214317948132,71.82079794808514,94.81882645635416,120.22664670162828,44.20714996,45.09285547952287,43.04447507999999,44.99862527270952,1.28375209065387,46.90125025,0.807499,0.9198788428694178,0.9199186678020612,2019,4,4,3,bullish
49.112499,49.275002,48.982498,49.25,74106400,79.15562130606645,73.28226032372852,100.62909745730389,128.65788928361252,44.42864998,45.2558807548357,43.01575007,45.08281091087369,1.314403970525312,47.2023752,0.3525010000000037,0.8388248653166445,0.8793888343876285,2019,4,5,4,bullish
50.080002,50.712502,49.807499,49.875,143072800,79.83046053169785,74.5863807453159,124.93644441035418,153.59102468897376,44.85635002,45.616712759846415,43.01815009,45.27363299024341,1.413027837009558,47.69975035,0.9050030000000008,0.8646472683959018,0.8873941582219855,2019,4,9,1,bullish
49.865002,50.342499,49.639999,49.8125,102785600,70.4637167943574,70.85653912559076,38.29781963022378,70.89960264391603,45.72024994,46.38258069308526,43.13587504,45.7085345022106,1.288641218007221,48.5848751,0.7024999999999935,0.7667718617865485,0.8244113034779325,2019,4,16,1,bullish
50.7075,51.235001,50.584999,51.1325,77758000,84.31617240582852,77.45458121922158,108.72798589360394,143.1132317666592,46.18104996,46.90078582719155,43.34955008,46.01450181894656,1.3504961706489451,49.0501251,0.6500019999999935,0.7507805543612074,0.8069712641184461,2019,4,22,0,bullish
50.764999,50.849998,49.7775,50.1675,186139600,41.12446578408066,56.98525255562275,-155.86643394431007,-37.04513515928338,47.21790002,47.81682240795477,43.74142505,46.6021758844946,1.1233549152686066,50.2450002,1.375,0.7922312752363092,0.8033582633116162,2019,4,30,1,bullish
52.459999,53.162498,52.032501,52.287498,127985200,65.60025166489187,67.63640614560462,83.27110558530957,125.63509748437284,47.60145004,48.17349307785444,43.91207503,46.831755772760665,1.214565683504425,50.62375,1.129996999999996,1.1916387532348394,1.0161606709166489,2019,5,2,3,bullish
46.927502,47.369999,45.712502,46.43,229722400,18.23033760487135,32.131854199409574,-165.85509818336334,-255.89054255376607,48.57160004,48.66734797262319,44.495624930000005,47.28088689425351,0.176578382692135,50.859749750000006,3.582495999999999,1.726576975147076,1.3740643832953487,2019,5,13,0,bullish
46.602501,47.424999,46.352501,47.165001,146118800,27.205522367857924,36.849120783293046,-99.65935969513204,-165.25312648392725,48.63565001999999,48.608432405069344,44.55209992,47.278592124070265,-0.0763767291444494,50.72762485,1.072498000000003,1.6331371215546369,1.352523927345681,2019,5,14,1,bullish
45.880001,46.087502,45.07,45.772499,154449200,22.956054456708983,32.761679376554866,-146.67564501893082,-113.2947236298085,48.92379996,48.3760825948666,44.89662492,47.261224635722186,-0.6918837389108887,50.00662475,2.18,1.543809017715455,1.367734303673469,2019,5,20,0,bullish
44.105,44.837502,44.0,44.345001,113924800,22.18471152942533,30.496135786718483,-93.20346670136291,-113.40755656097431,48.84495002,47.67719898346744,45.28717496,47.01974313636841,-1.370162257318917,48.18312485,0.8375020000000006,1.1772576104559522,1.2206014250289572,2019,5,29,2,bullish
43.900002,44.48,42.567501,43.325001,161584400,19.151442054282512,27.87641181024253,-160.657565320442,-120.98363423840372,48.62940009999999,47.24691535085269,45.48650003,46.83694191355258,-1.5431452224105584,46.8737501,1.9124989999999968,1.183075973348355,1.2081909496314207,2019,6,3,0,bullish
43.860001,44.9575,43.630001,44.91,123872000,44.87130090671605,39.79963096245908,23.99590474725099,-54.03741148010477,48.57235008000001,47.15527161160357,45.55232504,46.79878464793767,-1.4570516669673097,46.51325015,1.6324990000000028,1.247279262870019,1.238498667514891,2019,6,4,1,bullish
46.07,46.247501,45.285,45.634998,119093600,52.8720312033276,44.332859498850574,185.7418810013425,28.619073800603417,48.54135002,47.09565303859951,45.62417501,46.77573936778049,-1.3151602754722518,46.25925005,1.3375010000000032,1.2601680824600163,1.245570262692399,2019,6,5,2,bullish
45.77,46.3675,45.537498,46.305,90105200,59.24851684574023,48.21387892626896,133.1478119054697,67.96955386794315,48.53350006,47.064647037085805,45.70650003,46.76641779614127,-1.1355567718738795,46.03825015,0.8300020000000004,1.1987157849657284,1.2158868153572278,2019,6,6,3,bullish
46.627499,47.98,46.442501,47.537498,122737600,68.41888934580284,54.498351589162574,135.15934323509305,161.98502373732376,48.54190002,47.083190212102046,45.80687500999999,46.78168671106916,-0.8835820294891263,45.90612505,1.6749999999999972,1.2667563871134813,1.2486806142602829,2019,6,7,4,bullish
47.952499,48.842499,47.904999,48.145,104883600,72.03739653643049,57.25205327669411,126.9694552855914,177.9436698681329,48.56120002000001,47.12482981162745,45.90564999,46.80868301382027,-0.6276349119000528,45.84862515,1.3050009999999972,1.2722199032401262,1.2527034989559764,2019,6,10,0,bullish
47.887501,48.397499,47.575001,48.185001,75046000,65.42210043418027,56.14754217545924,7.66515514678551,69.00436818688775,48.587849940000005,47.3260048035542,46.29307494,46.93789212082955,0.053390225440161,46.10500005,0.962496999999999,1.0664795042062492,1.141609777428198,2019,6,14,4,bullish
48.224998,48.740002,48.0425,48.4725,58676400,68.30475127962814,57.70555840759752,21.41135249965713,70.84658393175255,48.57884992,47.37096539949326,46.39299994,46.96828039566461,0.1459414000245047,46.16612505,0.6975020000000001,1.013768432176785,1.1098877933261837,2019,6,17,0,bullish
49.919998,49.970001,49.327499,49.467499,84496800,74.06724512045426,62.155480009184494,123.93320346072204,90.1128034705957,48.57494984,47.53763849449571,46.60764994,47.069093790599815,0.4194135071320204,46.4989999,0.6425020000000004,1.0325135828237613,1.1090104034292096,2019,6,19,2,bullish
49.607498,49.814999,48.822498,48.892502,84281200,54.4516911039747,55.794990778714286,-47.79124782355356,40.51044250191694,48.54719998,47.82921539757759,46.98194998,47.257298303261365,0.6148806959733406,47.4083751,0.9925009999999972,0.8924997769011226,1.0091500438708263,2019,6,25,1,bullish
49.669998,49.875,49.262501,49.48,124442400,57.525708684586434,57.7424592674864,-58.11217660399667,33.77976812306291,48.52645002,48.05006643078156,47.19572501,47.40451607438622,0.6784928269278794,48.24225,0.6724999999999994,0.8615522326840888,0.9726339203295208,2019,6,28,4,bullish
50.7925,51.122501,50.162498,50.387501,109012000,68.02437331712808,62.75463125130012,169.75648931933443,136.9725688945898,48.51490004,48.14173053153523,47.26400001,47.46358508281423,0.7278719651880152,48.595375,1.6425010000000029,0.973116342300648,1.0204815688774125,2019,7,1,0,bullish
50.352501,50.782501,50.34,50.682499,67740800,70.76488395687575,64.23947998872148,108.88491202845658,130.95478529243118,48.50590002,48.24136851069071,47.34347499,47.52732595246147,0.7817970910022183,48.88399995,0.442501,0.8973141505434127,0.979197242529026,2019,7,2,1,bullish
50.202499,50.349998,49.602501,50.005001,101354400,51.64940288442707,56.47006639643514,-60.03587401162457,-4.692831850151751,48.44960003999999,48.52020994127636,47.588300010000005,47.71292851734921,0.8243156179203766,49.5183752,1.4549980000000031,0.8855826312459983,0.9510217980452884,2019,7,8,0,bullish
49.799999,50.377499,49.702499,50.310001,82312000,56.03499973749377,58.32466452399102,-40.70819721064239,10.609801948649798,48.43430004,48.59039782593219,47.66595004,47.76435569522348,0.7895521946301614,49.62662525,0.6749999999999972,0.8554993982108553,0.9313059553277676,2019,7,9,1,bullish
50.827499,51.0975,50.427502,50.4375,80767200,55.42737778629736,57.99236307994885,16.543349688208206,64.15939345159619,48.43280002,48.74636873589512,47.82535002,47.87635623673026,0.7571567944362343,49.8263752,0.6699979999999996,0.8004684150120569,0.8921589410734322,2019,7,11,3,bullish
50.612499,51.0,50.549999,50.825001,70380800,60.845690204973856,60.35431999123337,39.16279911199792,71.51842760030613,48.39670002,48.82788372664432,47.90627505,47.93474524194353,0.7513541011570268,49.94075035,0.5625,0.7664729271531916,0.8686118738539013,2019,7,12,4,bullish
51.012501,51.272499,50.817501,50.837502,56430000,56.19417087219979,58.63439168981824,39.14249147387226,63.96906234975803,48.31510015999999,49.08282442321565,48.1487751,48.11822126108833,0.7384705166145906,50.29050055,0.4549980000000033,0.6950086946504068,0.810807965326903,2019,7,17,2,bullish
51.447498,51.625,50.59,50.647499,83717200,49.731009387239794,55.28178291816163,-19.891047272302075,36.87623308547316,48.3275502,49.23205553100376,48.29800011,48.2322960078352,0.6877477787231498,50.427000500000005,1.0349999999999966,0.7359246328043803,0.8149950670420745,2019,7,19,4,bullish
50.912498,51.807499,50.9025,51.805,89111600,64.27190353694095,62.20371434720779,128.38862303163495,133.61351403708318,48.3600502,49.33295531410166,48.37887512,48.30304262154143,0.7241423057653193,50.5325005,1.1599999999999966,0.7965068281180397,0.839638276539069,2019,7,22,0,bullish
51.869999,52.432499,51.785,51.935001,70475600,61.18839213487311,61.11691279260495,61.23749487590308,109.72821595022624,48.70900024,49.72893036549698,48.71080013,48.588347802216,0.7764400609395778,51.01475035,0.6774979999999999,0.6935193516205663,0.7689045811441158,2019,7,26,4,bullish
52.189999,52.540001,51.827499,52.195,135742800,62.02486726049332,61.71700153915037,56.33685328659764,86.55218318248906,48.905900200000005,49.92703253039532,48.8894001,48.73413845833928,0.7889066796769129,51.2521252,0.7125019999999935,0.7000858093538841,0.7619637204763032,2019,7,30,1,bullish
49.497501,49.662498,48.145,48.334999,209572000,24.296310754029847,36.55123795730889,-183.9699467227104,-242.27074662784267,49.33940008,50.100071408440265,49.15040004,48.918893406534366,0.3479072804790775,51.345125,2.860000999999997,1.5740192427832702,1.23737424139743,2019,8,5,0,bullish
49.077499,49.517502,48.509998,49.25,143299200,34.75434381407965,42.141542869051015,-99.65191576560878,-168.91309345790066,49.42955008,50.06673527477594,49.18357505,48.92544997274161,0.1612439481263266,51.29212495,1.182502999999997,1.5180883509570882,1.233454867011899,2019,8,6,1,bullish
48.852501,49.889999,48.455002,49.759998,133457600,40.13232242893805,45.04776808849707,-65.30958064105414,-120.15088898272587,49.53360006,50.05470636203963,49.21587504,48.94197567625167,0.0538438108342731,51.23974990000001,1.4349970000000027,1.5062181579632188,1.2478507336539062,2019,8,7,2,bullish
49.904999,50.512501,49.787498,50.119999,89927600,44.27436252338183,47.1709180370593,25.614873469490163,-52.85220048002133,49.90434994,50.09359220043273,49.32135,49.027086722310585,-0.0376815032481303,51.17274965,0.725003000000001,1.2966423939360203,1.1886667229728975,2019,8,12,0,bullish
50.865002,51.285,49.9175,50.435001,108909600,46.83849466635931,48.63905783658353,3.7893257091351074,-24.32571161490069,50.29424998,50.20714893962889,49.4178,49.14836947646681,0.0364551038697484,51.17212455,1.3674999999999995,1.513155495889738,1.334714337234495,2019,8,15,3,bullish
51.07,51.790001,50.959999,51.625,110481600,56.17616054619239,53.85049242782908,83.66973344751793,33.68586217410221,50.40064998,50.26275094199639,49.46707502,49.19741166505163,0.101569719665747,51.220999600000006,1.3549999999999969,1.4905618536197751,1.3361633131463166,2019,8,16,4,bullish
52.720001,53.337502,52.580002,52.59,107537200,62.42321775768702,57.60768386949789,107.7864122896951,122.29591429412528,50.59055006,50.44160715406895,49.57587504,49.33039281689747,0.3250259485840701,51.27912475000001,0.7575000000000003,1.3940351169451408,1.3095106475598344,2019,8,20,1,bullish
52.357498,53.012501,50.25,50.66,187272000,41.11977914339642,47.18613586530928,-62.9465788541901,4.027964980257382,50.81350014,50.64930577278013,49.70720005,49.50304063554125,0.3897623276548714,51.33299975,2.865001999999997,1.4864479686884842,1.36495358188373,2019,8,23,4,bullish
51.965,52.137501,50.8825,51.040001,103493200,45.07038724582542,48.87813477586737,-82.48873873074393,-16.235113171753973,50.93360016,50.70129502516152,49.75622504,49.57461392696203,0.2776656145865885,51.23537495000001,1.255001,1.4106559157711314,1.3420136853997469,2019,8,27,1,bullish
51.025002,51.43,50.830002,51.3825,63755200,48.37966303767754,50.44664361745824,-70.05000658805933,-32.47808642366373,50.96900018,50.72800894574341,49.77755004000001,49.61041365118061,0.2410505892253027,51.141500050000005,0.5999979999999994,1.2948476420895412,1.2890125650140507,2019,8,28,2,bullish
51.607498,51.744999,51.055,51.424999,80092000,47.07478445869393,50.03478741028873,-38.343246888205385,-41.674446600240685,51.10570014,50.86542509631866,49.83562502,49.74658543505335,0.2527487814505349,51.3622501,1.130001,1.1757790428318975,1.2250159035480572,2019,9,3,1,bullish
52.0975,52.369999,51.830002,52.297501,76752400,55.97210042417913,54.13501872102156,80.74402824908363,22.027074225805723,51.15875016,50.92158493567871,49.86122504,49.79709861455724,0.2822922570133102,51.51462515000001,0.9450000000000004,1.1428106081416267,1.2050147675803389,2019,9,4,2,bullish
53.709999,54.110001,52.767502,53.5425,109237600,66.05150278974091,59.393331432724615,89.80030916964775,102.25056323886112,51.38675006,51.20136777031204,49.96962505,50.00657192762918,0.530021680032533,51.980250250000005,1.3424989999999966,1.0953485374886038,1.1659647453986897,2019,9,9,0,bullish
53.465,54.195,52.927502,54.174999,127111600,71.07248691564384,62.076691141601536,86.02010888371224,111.07666376715748,51.48065004,51.31798075971157,50.00355003000001,50.08911503797315,0.6304444960843583,52.18300025,1.2674980000000031,1.1199413178473752,1.173217120727355,2019,9,10,1,bullish
55.0,55.197498,54.255001,54.6875,159053200,61.73006501710501,60.314893437538935,30.291911773513423,88.97942871252695,51.76434998,51.78373501593885,50.12745002,50.40099331906921,0.998643036162072,52.8326251,1.5174980000000031,1.2149703634257516,1.2147013954948973,2019,9,13,4,bullish
54.990002,55.205002,54.779999,55.174999,73274800,65.76839798861194,62.28822445340648,30.705264340091823,82.52352138275815,51.94609992,52.03696558064944,50.19784998,50.5843088836582,1.0447447743667126,53.12949985,0.4250030000000038,1.032019715986267,1.1203423665236616,2019,9,17,1,bullish
55.2575,55.622501,54.297501,54.419998,124763200,49.58942931134379,55.283416656253976,-55.55395695481327,13.79822358684866,52.36174986,52.55028006001675,50.36937498,50.99317173289126,0.8581222588124007,53.7953747,1.3250000000000028,1.0093423514910005,1.0765099305770482,2019,9,24,1,bullish
55.134998,55.240002,54.32,54.705002,101408000,51.25479663951559,55.64282667780994,-59.49924841022509,-40.596418074215606,52.59289984,52.82404496901577,50.46100001,51.22504254587413,0.7607012784559686,54.3083748,0.9200019999999968,0.948798967702787,1.0312400544744076,2019,9,27,4,bullish
55.764999,55.895,54.482498,54.740002,138449200,47.02059166167331,53.13867678510584,-28.134842715193688,-13.90041962866004,52.8372499,53.139099908524905,50.62780006,51.48089320307864,0.7601375849546628,54.8569998,1.6650010000000035,1.116590536512543,1.1037570181050564,2019,10,2,2,bullish
54.607498,55.240002,53.782501,55.205002,114426000,52.58946641634189,55.59288114508015,-67.55183696202654,-68.20301660275433,52.89799994,53.22011567681805,50.71555007999999,51.55463793173055,0.7181718174001332,54.95124989999999,1.4575009999999935,1.1652920312964643,1.1290244453832663,2019,10,3,3,bullish
56.455002,57.014999,56.0825,56.099998,111820000,56.81667807341558,58.09287016786732,42.1384225128364,92.67050864323237,53.16814986,53.59448887726415,50.98757503,51.844669397696606,0.8383637345729724,55.3804998,0.932499,1.1672607923033125,1.1410855173130594,2019,10,8,1,bullish
56.7575,56.947498,56.41,56.7575,74770400,62.99037752676114,61.1121845580328,57.58438707176671,98.82898936628548,53.25939986,53.71852852913614,51.08265003,51.94195317199965,0.8666785734009608,55.42349985,0.8475000000000037,1.1215806791171252,1.1201151232192696,2019,10,9,2,bullish
56.982498,57.610001,56.825001,57.522499,113013600,69.00527004578574,64.3321133654448,94.21219074346028,123.70344643494494,53.34464988,53.86770384171903,51.20015003,52.05245902997986,0.9400114462901072,55.510999850000005,0.8525009999999966,1.0831407249575356,1.1009998287036074,2019,10,10,3,bullish
58.647499,59.395,58.572498,59.102501,97433600,73.63716090041919,68.27610411672498,61.7854785589844,85.7042132308924,54.38565006,54.94009499714456,52.02475002999999,52.82606796291638,1.3373393447919213,56.669125050000005,0.8225020000000001,0.936931624574954,1.019412812107948,2019,10,18,4,bullish
60.290001,60.549999,59.904999,59.990002,82293600,77.37913596839114,70.92372486056776,134.198765725286,107.70030322920698,54.78065008000001,55.33358062058596,52.34250001,53.10964781007191,1.4568525256896765,57.2200002,0.6450000000000031,0.9207048670346608,1.0009988022767515,2019,10,22,1,bullish
61.127499,61.200001,60.452499,60.895,69275200,82.71422666592733,74.15610367219614,97.78333693736464,128.84295379268156,55.15585004,55.75744977855705,52.67704998,53.41298478487547,1.5843635003501788,57.79300009999999,0.7475019999999972,0.8836302696581182,0.970886798901893,2019,10,24,3,bullish
60.790001,61.682499,60.720001,61.645,73477200,86.29445466868331,76.63189529835525,112.28103230248956,139.8479806694048,55.38005002,55.98833410096658,52.83715,53.57599498715516,1.66585018799249,58.14,0.9624979999999964,0.8948970882783865,0.970287598980329,2019,10,25,4,bullish
61.189999,61.325001,60.302502,60.814999,124522000,60.9054652726747,65.50897807449152,-29.866719471035257,52.58709705710634,55.921999940000006,56.58688225681387,53.256275,54.025260413457495,1.6308810481868363,58.99099985,1.0224990000000034,0.999475621189888,1.0100688028279092,2019,10,30,2,bullish
61.810001,62.2925,59.314999,62.189999,139162000,72.14463045275659,70.81464402377726,14.844147959569584,72.04961970561726,56.10259992,56.80661232517412,53.39115,54.18693840527022,1.668785753778046,59.3402497,2.9775009999999966,1.2820506753056178,1.150599674054487,2019,10,31,3,bullish
62.384998,63.982498,62.290001,63.955002,151125200,80.52799318142519,75.93254075886037,182.95954371197223,176.82361199210186,56.31939992,57.08694133203003,53.54522501,54.38036540714606,1.8202636313349387,59.70037484999999,1.7924989999999994,1.3549718645476725,1.196449625907738,2019,11,1,4,bullish
64.192497,64.372498,63.842499,64.309998,75864400,80.56675380229937,76.26714718520883,65.193195934153,118.7808350850258,57.11229986,57.905141011873255,54.02295001,54.95934387948999,2.0616536186435965,60.86762495000001,0.5299989999999966,1.05104626163935,1.06484042241957,2019,11,6,2,bullish
64.672501,65.110001,64.212502,65.035004,69986400,83.99603576797418,78.29068501643539,71.460081983673,98.76865820452356,57.63744992,58.44669311092184,54.33107505000001,55.35098370501729,2.138883005641425,61.53349999999999,0.8974989999999963,0.995615967735033,1.0338294356576905,2019,11,8,4,bullish
65.387497,65.697502,65.230003,65.489998,87388800,84.62979552361841,79.05111315651536,121.08687439777104,96.41239590488134,58.18604994,58.99053835037422,54.64587504,55.74971782010337,2.1787321795243386,62.19562499999999,0.4674990000000036,0.9265238334379856,0.9942839827864792,2019,11,12,1,bullish
65.9375,66.220001,65.525002,65.660004,89182800,75.5187351447039,75.85019617069202,86.4630690034449,89.86166394431467,58.70925,59.52061437418244,54.97827506000001,56.14719832985327,2.163372144936225,62.91387525,0.6949989999999957,0.8935681429340298,0.9684768014842596,2019,11,14,3,bullish
65.919998,66.445,65.752502,66.440002,100206400,80.75790957026454,78.28690940487176,116.15380258426056,100.65653031320797,58.97175006,59.79196290852823,55.14317507,56.351016224311614,2.168584373187357,63.2807503,0.7849959999999925,0.8780578368005959,0.9553710299496692,2019,11,15,4,bullish
65.647499,65.794998,65.209999,65.445,65325200,53.668395325104505,65.60898939308456,-90.58432762027124,-0.0544263296823665,60.09210026000001,60.91539481328999,55.92822512,57.269611516421925,1.7547567059572555,64.6127507,0.5849990000000105,0.8513874039365427,0.9187528480582926,2019,11,22,4,bullish
66.735001,66.790001,65.625,66.072502,105207600,58.55394626128863,65.95048843141994,15.060571081788815,57.90656203358397,60.54240034,61.33153519904239,56.24425013,57.62488213689357,1.6355287253793165,65.0917508,1.1650010000000035,0.93459101105542,0.9526747873563856,2019,11,26,1,bullish
64.577499,64.8825,64.072502,64.862503,114430400,38.16542425975372,52.69837709993149,-167.4040239058204,-211.53194608950344,61.43500036,62.041583112235806,56.86720015,58.2804251576258,1.265239141267827,65.75875094999999,1.967499000000004,1.070571405800843,1.0135007195617898,2019,12,3,1,bullish
65.267502,65.827499,65.169998,65.434998,67181600,46.221935979222536,55.99233852671635,-66.37050875593323,-75.71795056222746,61.65530036,62.17465820587362,57.00852511,58.42209986737579,1.1405022374584348,65.8163758,0.9649959999999992,1.0554892049721512,1.0100360967359476,2019,12,4,2,bullish
65.947502,66.472504,65.682503,66.394997,74424400,57.14537180565242,60.90832333022114,16.86169064167284,17.099508259739036,61.8780503,62.34016168799623,57.16122508,58.57997901851686,1.1063578343318738,65.92062575,1.0375060000000076,1.0529201756904163,1.0119982326833803,2019,12,5,3,bullish
67.5,67.699997,66.227501,66.730003,128042400,55.87063489294543,59.73992958341696,62.055455979593184,85.91074887015034,62.37265028,62.713411504374825,57.48277506,58.91794721796723,1.1297156943328872,66.14637570000001,1.4724959999999925,1.1498493127521414,1.0676412465484244,2019,12,9,0,bullish
67.150002,67.517502,66.464996,67.120003,90420400,59.231603993498055,61.43621190125204,69.21946121719503,95.80354059437748,62.59520034,62.88621901400718,57.64750010000001,59.0803641641461,1.116934328970288,66.22487570000001,1.052505999999994,1.1359431252161205,1.066560157509251,2019,12,10,1,bullish
66.945,68.139999,66.830002,67.864998,137310400,65.34141528227536,64.5624892430953,81.84644360566786,112.71877225308116,63.08860022,63.26255530743224,57.96292506,59.42147761737045,1.1585941724648592,66.42237555,1.3099970000000098,1.1019168470975598,1.0566510796891,2019,12,12,3,bullish
67.864998,68.824997,67.732498,68.787498,133587600,72.12150576490427,68.19989309967538,148.5044773700389,164.17740953665518,63.360250140000005,63.47921972674862,58.12912504,59.60694336752153,1.2336576451037615,66.57875025,1.0924989999999897,1.1005714403693354,1.059211645425592,2019,12,13,4,bullish
70.557503,70.662498,69.639999,69.860001,275978000,72.88667319889547,70.01153302001126,50.916632939096914,91.18909339546568,64.6796501,64.65611941798666,59.01214999,60.59336451940637,1.5488797668066638,67.51774945,1.0224989999999965,0.971999271096088,1.001396811613101,2019,12,20,4,bullish
71.172501,71.222504,70.730003,71.067497,48478800,81.1704525426945,74.43658813406893,144.05788911567709,100.97370234364742,65.16060002,65.14656955654978,59.40169997,61.00276443963354,1.656652705691144,68.01924935,0.4925010000000043,0.931723974682841,0.9783855212378272,2019,12,24,1,bullish
72.779999,73.4925,72.029999,72.449997,146266000,86.64637095770303,78.40565919147306,138.34336440024293,139.5444592802913,65.71069996,65.7091919635817,59.87512496,61.45216536269467,1.85702742219776,68.6139992,1.4625010000000032,1.0682572671139237,1.0427538014754734,2019,12,27,4,bullish
72.364998,73.172501,71.305,72.879997,144114400,88.22270156399492,79.59896585293343,82.41975815808122,123.41591206673502,65.99189989999999,65.99040000422556,60.10632495,61.67845905848289,1.9292483744836773,68.91737405,1.86750099999999,1.1824349432405046,1.101664315655796,2019,12,30,0,bullish
72.482498,73.419998,72.379997,73.412498,100805600,89.93864590155877,80.99926003281972,93.90071360033528,130.34919082892804,66.27809984000001,66.28146267072653,60.33187495,61.910816265245614,2.0063247174486065,69.2859989,1.0400010000000035,1.16208723706329,1.0972597931089538,2019,12,31,1,bullish
74.287498,75.144997,74.125,74.357498,146322800,79.38172768365213,77.70369298192009,107.25935766175613,132.78663968652452,66.86464982,66.92996227005551,60.822649950000006,62.41304285929539,2.2285037826821963,70.24337385,1.0199970000000036,1.212247827230173,1.1342061991602717,2020,1,3,4,bullish
74.959999,75.224998,74.370003,74.597504,108872000,75.42391558659087,75.95355411248056,69.26371305135596,105.78320571352856,67.42179988,67.53282757570291,61.28882496,62.89765986451859,2.284600985668675,71.01712415,0.8549950000000024,1.2334872404140051,1.158588018663704,2020,1,7,1,bullish
74.290001,76.110001,74.290001,75.797501,132079200,81.33135467926331,79.08192898472004,100.5027363640912,114.8039185649864,67.7048499,67.85693241587143,61.542449960000006,63.15310226324099,2.3497806482371573,71.47049905,1.8199999999999927,1.3172747774977176,1.205831731616296,2020,1,8,2,bullish
77.650002,78.167503,77.0625,77.582497,140644800,86.88966730997767,82.71201494209734,129.47720367702345,140.65130885812806,68.34294987999999,68.59817167339766,62.05022492,63.71550876130036,2.6075971893967136,72.47937395,1.1050029999999964,1.3472835712228135,1.238701865526297,2020,1,10,4,bullish
77.962502,78.875,77.387497,77.834999,121923600,70.76963242720748,74.57053736297235,47.08044831883007,92.85818315148214,69.30864978,69.70628253387883,62.81402485,64.57102356105543,2.78288209444041,73.9107491,1.4875030000000038,1.4030934005368143,1.2913426565456534,2020,1,15,2,bullish
78.397499,78.925003,78.022499,78.809998,108829200,75.59094689947506,76.8898092981044,66.60183908711123,93.18032192126304,69.59734974,70.06329098353064,63.09552483,64.85298345093553,2.799797909973435,74.34612395,1.0900040000000075,1.3583663433172706,1.2769613239352502,2020,1,16,3,bullish
77.514999,77.942497,76.220001,77.237503,161940000,43.6522659622822,58.61185167314063,-187.0752440242614,-53.36282175777198,71.30429996,71.99369031350896,64.74517495,66.46720289640304,2.398812390117413,76.87249990000001,3.3574980000000068,1.4957157412626605,1.3500569304024292,2020,1,27,0,bullish
78.150002,79.599998,78.047501,79.422501,162234000,60.384566765392826,65.92365941823321,-11.380145889558364,40.98757241928591,71.57039997999999,72.28501622278313,65.01642495,66.72374345290991,2.330509636585788,77.2211251,2.362494999999996,1.619541349653708,1.422373935373684,2020,1,28,1,bullish
76.074997,78.372498,75.555,77.165001,173788400,41.04119009949414,52.15944027709297,-102.47665121338476,-145.07706013290797,72.5933498,73.28863901324063,66.03884998,67.67610337992727,1.7942694821457792,78.2640004,2.8174979999999863,2.128807365743941,1.7484109138694233,2020,2,3,0,bullish
78.827499,79.910004,78.407501,79.712502,136616400,56.45723520890464,59.9177515321184,21.83461821174756,20.74915356377961,72.87164981999999,73.54055520879982,66.27700001,67.91444790705742,1.754947282594216,78.50212565,2.745002999999997,2.2168353134948062,1.81959606287875,2020,2,4,1,bullish
80.879997,81.190002,79.737503,80.362503,118826800,59.60161313562989,61.627662686507534,61.144449689817534,92.05016347167452,73.16884984000001,73.80808257316062,66.52290005,68.16094404751172,1.755991823884642,78.79037559999999,1.4775000000000065,2.111215982995549,1.7951606298159826,2020,2,5,2,bullish
80.900002,80.974998,79.677498,79.902496,94323200,52.87158621696672,57.6174344400404,39.68837852258337,45.22618296186775,74.29944966,74.78005817851397,67.53359998,69.1012262315259,1.5804681931179658,79.36900030000001,1.2974999999999994,1.8613894243907665,1.7369272147588053,2020,2,11,1,bullish
78.839996,79.9375,78.652496,79.75,152531200,46.58303548255989,54.07443272638733,-101.39963248158288,-45.24886552217344,75.51654972,75.6954554274502,68.58592503999999,70.01499124698258,1.4187541542868871,79.84437564999999,2.5850070000000045,1.742009373182189,1.695973776310034,2020,2,18,1,bullish
75.237503,75.6325,71.532501,72.019997,230673600,18.68053572134997,32.46134213694599,-132.55429399378744,-243.20338668038133,76.52039952,75.92730958865788,69.67324991000001,70.68620452023717,-0.1214284538970247,79.37524954999999,4.099998999999997,2.634158268630017,2.1778927267535133,2020,2,25,1,bullish
64.315002,69.602501,64.092499,68.339996,426510000,17.936319897197805,28.600141765917627,-123.64132857140524,-160.2975024303427,76.5856995,75.24531473859984,70.10509979,70.64209451798611,-1.6947649499309565,77.79562415000001,5.510002,3.347327463627065,2.6390272892410604,2020,2,28,4,bullish
75.917503,76.0,71.449997,72.330002,319475600,42.07776594569593,42.26480984599084,42.94837795595488,-45.85745816384546,76.72559954,75.11053663720809,70.44677483000001,70.75433031828074,-1.6503371004529015,77.42012405,4.550003000000004,3.968853871236211,3.066100606539486,2020,3,3,1,bullish
65.9375,69.522499,65.75,66.542503,286744800,30.34277901063639,35.286776313018535,-117.65702967202272,-143.18052167020798,76.84124972000001,74.61894346328067,71.00092487,70.83915590807946,-1.9773930035379688,75.7366241,6.507499999999993,4.043744480267441,3.313961071880837,2020,3,9,0,bullish
63.985001,67.5,62.0,62.057499,418474000,29.31187133274473,33.865672696063726,-144.09530118544362,-174.92873721591783,76.53009974000001,73.79037948836803,71.26099982,70.63623167254384,-2.755139833726872,73.7446241,6.857498000000007,4.470659661043054,3.6787863669541534,2020,3,12,3,bullish
60.487499,64.769997,60.0,60.552502,322423600,34.939042182341254,37.04167389818472,-142.4253196102503,-169.75574039581042,76.16099978,73.1093123243259,71.36914984,70.41435418357045,-3.221703920937415,72.1241241,9.492500000000009,5.610740240766325,4.375522693955369,2020,3,16,0,bullish
57.02,57.125,53.1525,56.092499,336752800,30.045943859211235,34.294168653140005,-166.03026952959002,-138.66727388362662,74.60839976,70.68681292851845,71.30807483000001,69.40627800672523,-4.665017817612856,67.42124955,4.157500999999996,4.912060342071692,4.350387764463413,2020,3,23,0,bullish
62.6875,64.5625,61.075001,61.380001,303602000,44.977433733426366,42.25149590396171,71.78775171516816,-27.15266553118367,73.9339499,69.98399001975116,71.32269988,69.09815225408431,-4.2686171184435935,66.3171249,3.487499,4.820952598256753,4.386890531603657,2020,3,25,2,bullish
63.1875,63.967499,61.762501,61.935001,204216800,46.463670130791904,43.69762577884735,58.470910942017966,-9.633224460851189,73.34475,69.4658632208468,71.32669989,68.86919327931382,-3.6303713287994768,65.80837535,2.8474999999999966,4.351566847698839,4.2041809226582565,2020,3,27,4,bullish
61.625,62.18,59.782501,60.227501,176218400,41.49272214764387,41.98427257844002,-112.4267034349673,-42.97438211848985,72.3420999,68.672890121246,71.27204988,68.49696355291212,-3.02928969662117,64.04762529999999,3.789997,3.807035592136877,3.9305482999563375,2020,4,1,2,bullish
60.700001,61.424999,59.7425,60.352501,129880000,42.40614099951424,42.477735965423896,-82.64238565687248,-34.18586256128563,71.58914976,68.06626262480265,71.18897485,68.19468479444089,-2.875740451226484,62.85250010000001,1.682499,3.289913761569951,3.64607218720725,2020,4,3,4,bullish
67.699997,67.925003,64.75,64.857498,202887200,56.2538370455073,49.45195777098573,107.7004525818059,137.3413495109939,71.06234968000001,67.84816468979282,71.18332482,68.07857908698315,-2.036317037102449,62.4823749,3.175003000000004,3.534936457479965,3.7304141665205375,2020,4,7,1,bullish
65.684998,66.842499,65.307503,66.517502,168895200,60.86362949946125,51.86284561412326,89.43255484404915,122.79525266749228,70.8042497,67.79598183921271,71.18732484,68.04766666941913,-1.606464271525681,62.3653751,1.985000999999997,3.3135171064113984,3.605741797483356,2020,4,8,2,bullish
67.175003,67.517502,66.175003,66.997498,161834800,62.20709630529068,52.567317268105626,84.39260299098183,124.5541818216506,70.52249968,67.76466874747888,71.20069978,68.02687125022271,-1.2130874748883116,62.61237505,1.3424989999999897,3.0319430912097687,3.444081597663116,2020,4,9,3,bullish
67.077499,68.425003,66.457497,68.3125,131022800,65.94371862572399,54.53056951234074,88.43050634793335,138.33515558050857,70.26939970000001,67.78615232600912,71.21942476,68.03252726506979,-0.7861614778090171,62.55337505,1.967506,2.8798806496083733,3.3386119121157503,2020,4,13,0,bullish
70.599998,71.582497,70.157501,71.107498,131154400,70.24119511534508,58.04856101224395,112.03221036259652,146.0032245369078,70.03594954,68.06622115984156,71.31464967,68.16581597166443,0.266859600364441,63.5084997,1.604996,2.8042994976714577,3.24206814871205,2020,4,15,2,bullish
69.07,69.3125,66.357498,67.092499,180991600,46.44202649594568,49.734894005136354,-114.40006509628654,18.013278564424446,69.18219938,68.29275080799074,71.4682496,68.27887574884039,0.7562506040818846,65.63012445000001,2.955001999999993,2.5142996022416524,2.959098745376011,2020,4,21,1,bullish
68.967499,70.4375,68.717499,68.7575,124814400,53.69807954608613,52.66647907878421,-28.83699845606161,39.15919779795054,68.73204956,68.33856589234361,71.51574961,68.30283566418828,0.7776971520624727,66.36424945,1.7200009999999963,2.3846895240959065,2.832347902900744,2020,4,23,3,bullish
71.269997,71.457497,69.550003,69.644997,112004800,54.54930749042322,53.61921568505755,61.397527438748405,40.09634230093065,68.07054946,68.56928050339864,71.65039957,68.42415306877722,1.007001931198829,67.4108744,1.907494,2.1241258694015053,2.602965496600924,2020,4,28,1,bullish
71.182503,72.417503,70.972504,71.932503,137280800,64.70928617928863,57.95207653121802,125.4388983511108,107.11818107204805,67.91419952,68.70117158169674,71.71537461999999,68.49362534464302,1.1621611130554896,67.82887465,2.772505999999993,2.2167516023441465,2.615075532558001,2020,4,29,2,bullish
71.5625,74.75,71.462502,72.267502,240616800,61.64818390319376,57.560670320820975,93.0066572703848,135.8021964991454,67.60894958,69.01995304792536,71.83182466,68.66455806419432,1.4610544795749831,69.04174965,3.287498,2.3064392996814127,2.602411724501542,2020,5,1,4,bullish
72.292503,73.422501,71.580002,73.290001,133568000,65.73510483859317,59.44457272251802,67.99097030075491,111.9554085291358,67.50949966,69.18740590879102,71.89742464,68.75615099361622,1.580438593197627,69.68862465,1.842499000000004,2.24016211401264,2.548132244180004,2020,5,4,0,bullish
73.764999,75.25,73.614998,74.389999,147751200,69.77731705463265,61.42825823520408,123.9385885068895,153.0154169780854,67.50639968,69.3914291672698,71.9701246,68.86771234027728,1.7437115871390318,70.1272496,1.9599989999999965,2.2001388120108336,2.5061227267385746,2020,5,5,1,bullish
75.114998,75.809998,74.717499,75.157501,142333600,72.4252984722939,62.795640601658285,135.6186821582877,146.74481561306663,67.56914976,69.61754963129844,72.04477464,68.99226261076684,1.9129858976385488,70.64224974999999,1.41999899999999,2.088690267437856,2.4285424605429613,2020,5,6,2,bullish
75.805,76.292503,75.4925,75.934998,115215200,75.01271843362652,64.1809251143963,115.89394185535888,136.12545106088976,67.62459976,69.86529270458087,72.12547464,69.12974251946454,2.0858303642961573,71.11312455000001,1.135002,1.952449086375305,2.336146713361321,2020,5,7,3,bullish
76.410004,77.587502,76.072502,77.532501,133838400,79.60104028652412,66.90741264382379,126.2821246711293,140.93705887404724,67.80764984,70.16596753969534,72.21292467,69.29613377650485,2.324915808380638,71.6398747,1.6525040000000075,1.909599788321691,2.2873150909783697,2020,5,8,4,bullish
78.037498,78.987503,75.802498,76.912498,200622400,65.014966852674,62.62862696973256,30.186387768289297,81.90493739504484,68.17054992,71.03098389213513,72.44807473,69.79294298521198,2.657651398504399,72.756625,3.185005000000004,2.183728172820657,2.355486357827798,2020,5,13,2,bullish
75.087502,76.974998,75.052498,76.927498,166348400,62.72561562246076,61.940978264772966,-75.4824516104862,40.0796096544783,68.2784999,71.50162526605784,72.59254975,70.0815821184259,2.567300524587637,73.3536251,2.332504,2.1904439637049733,2.334577941188255,2020,5,15,4,bullish
78.7575,79.629997,78.252502,78.285004,101729600,66.91692123271672,63.99011249610053,76.2180325058253,97.8781915726592,68.64299987999999,72.0403661960034,72.7421248,70.41208477156086,2.599145145242531,74.38862535,1.377494999999996,2.075172646803653,2.257123102351097,2020,5,19,1,bullish
79.665001,80.222504,78.967499,79.212502,102688800,67.39333168045711,64.74054680294711,81.83504089534682,103.07359424878987,69.01955004,72.61427517670286,72.88304987000001,70.76871422841563,2.652700196159131,75.4505005,1.255004999999997,1.899208332345541,2.1416264453945684,2020,5,21,3,bullish
79.8125,80.287498,79.1175,79.485001,153532400,65.0517969262344,64.12607672306106,30.10889434565632,71.44825625075669,70.6294501,73.8617503278421,73.15097499000001,71.59921782532315,2.340356193163956,77.4963757,1.1699979999999923,1.6812584457856192,1.9402763448244869,2020,5,29,4,bullish
80.1875,80.860001,79.732498,80.834999,87642800,74.83572883735629,67.79653135561924,153.32496165574503,101.28441507395576,71.48530009999999,74.38391296853091,73.25999995000001,71.95413970198923,2.305990299490688,78.2833756,1.1275029999999902,1.553629572413923,1.8387591646700927,2020,6,2,1,bullish
81.097504,81.404999,80.195,80.580002,87560400,64.78676164176701,64.927150123279,71.33047822919352,108.1496768244294,72.36625011999999,74.88672631428017,73.32869998,72.30596249634316,2.221805529074061,78.89900065,1.2099990000000105,1.4336876246306396,1.7365579736186014,2020,6,4,3,bullish
80.837502,82.9375,80.807503,82.875,137250400,78.38148745449581,70.95808058335342,163.14698549113237,209.75428564483985,72.79615009999999,75.19999194901428,73.36505,72.51525036770269,2.3145190291653392,79.24600075,2.3574980000000068,1.565660535397692,1.7809108326458447,2020,6,5,4,bullish
82.5625,83.400002,81.830002,83.364998,95654400,80.27807372764107,72.06265523161764,136.94575270035733,195.9511151401381,73.17125003999999,75.5201882647392,73.417,72.73009685547096,2.39986968559964,79.5376256,1.5700000000000074,1.5662804589123085,1.765845773171142,2020,6,8,0,bullish
83.035004,86.402496,83.002502,85.997498,147712400,87.27518866498322,77.10154342127245,162.33948610021147,239.96766844301803,73.65249998,75.93106315631805,73.49862499,72.99281767021411,2.649390915733619,79.8998754,3.3999939999999924,1.8282395362105488,1.88257064651606,2020,6,9,1,bullish
87.327499,87.764999,83.870003,83.974998,201662400,57.44829080427102,62.29409621585696,51.116319323671206,110.94932913752837,74.55069998,76.7091550697115,73.63554995,73.50564997390144,2.88705541974241,80.7708753,4.339995999999999,2.293195700073057,2.111986582965379,2020,6,11,3,bullish
86.18,86.949997,83.555,84.699997,200146000,60.344154335385504,63.791902515976126,32.480510052125695,88.22354862082915,75.0401499,77.02252141991889,73.6911249,73.72732021204202,2.8304037682992487,81.13662504999999,3.3949969999999894,2.450595885776905,2.203630184182137,2020,6,12,4,bullish
83.3125,86.419998,83.144997,85.747498,138808800,64.42516563631892,65.89959641798475,17.449889743085933,75.13559320771925,75.5304499,77.36467736423579,73.75434985,73.96534353457584,2.837324591034076,81.57762505,3.275001000000003,2.568368044951633,2.2801566710262704,2020,6,15,0,bullish
88.660004,89.139999,86.287498,87.43,264476000,66.25426852968943,67.35667816546137,49.61727021384033,80.46976946515254,77.40914986,78.90945812222311,74.10669978,75.03023930079878,3.043708880550625,83.33937465,2.852501000000004,2.266051453251696,2.1814491667060945,2020,6,19,4,bullish
87.834999,89.864998,87.787498,89.717499,135445200,75.06925903634107,71.75042232959859,105.33147061057802,110.67779436157493,77.86354988,79.33330286252809,74.19302478,75.32107612652554,3.1497604353003226,83.83912439999999,2.434997999999993,2.290186674215738,2.1995597976556587,2020,6,22,0,bullish
91.25,92.197502,89.629997,90.014999,192623200,66.76376172491834,68.10365177224377,83.46783289638725,112.39928524411194,78.69499991999999,80.21559979658976,74.42604976000001,75.92864737908802,3.3391753622388194,84.9859994,2.567504999999997,2.462944230036052,2.303970417366358,2020,6,24,2,bullish
91.102501,91.330002,88.254997,88.407501,205256800,52.78287324348177,60.12087166295743,-12.536820352348933,54.35351406384228,79.43174994,80.95109577685969,74.65344973,76.47236231413017,3.164418277454047,86.01449935,3.07500499999999,2.476245209822405,2.329431349667931,2020,6,26,4,bullish
88.3125,90.542503,87.82,90.445,130646000,61.20604903912112,64.15898843122201,-13.60212603955586,54.719140664032295,79.82664999999999,81.3234057463946,74.75427470000001,76.74904820889986,3.115572584704992,86.51362424999999,2.7225030000000032,2.5114248941334902,2.357507896120222,2020,6,29,0,bullish
91.962502,92.6175,90.910004,91.027496,114041600,62.78537478179001,64.9304982673938,103.89434812179633,93.4249939159204,81.1847498,82.42712235453618,75.06984964,77.5838690903351,2.9608373795689147,88.04162369999999,1.707496000000006,2.0879882773552008,2.1587987101953816,2020,7,2,3,bullish
93.852501,94.654999,93.057503,93.172501,112424400,70.05701676670358,68.45784951414231,121.57681019855308,143.39631933006493,82.12744986,83.2642987586472,75.31917468,78.20075694072878,3.07528502318668,89.06137394999999,1.597496000000007,2.119491305811984,2.169027949097038,2020,7,7,1,bullish
97.264999,99.955002,95.2575,95.477501,191649200,73.54184219099322,71.08634599630398,112.30591492101792,138.87112322589334,84.06089985999999,85.09225061356787,75.91299967,79.54040189696558,3.3847278609093365,91.04187435,4.697502,2.342037896015133,2.259975169959405,2020,7,13,0,bullish
94.839996,97.254997,93.877502,97.057503,170989200,79.27207177661107,73.95756140294675,61.25538833998507,93.74080288734513,84.55669988,85.56147619734952,76.08282473,79.88727518613459,3.454243412727834,91.6073746,3.377494999999996,2.489960339441542,2.339798014962305,2020,7,14,1,bullish
96.987503,97.147499,95.839996,96.327499,92186800,65.48504686842483,68.35022627078565,1.959815841897896,64.43416702053942,85.91144978,86.83698316136311,76.74029977000001,80.87508330694352,3.320656492649235,92.94362445,1.307502999999997,2.267081744371348,2.2573120061487546,2020,7,17,4,bullish
90.987503,92.970001,89.144997,92.614998,185438800,35.26862560542756,50.06329994066451,-161.73723569753355,-203.4904091664229,87.7335497,88.4061629799514,77.95204981,82.27213976531017,2.220636686209545,94.3478744,3.8250039999999927,2.7973050385096427,2.537995713235164,2020,7,24,4,bullish
94.3675,94.550003,93.247498,93.252502,103625600,41.8742224763892,51.351175981533615,-49.26932184603047,-98.329645031312,88.40854970000001,88.83749800955914,78.3435248,82.73293077617929,1.7517632095404565,94.80837435,1.5625,2.558785456864228,2.4518688190650137,2020,7,28,1,bullish
93.75,95.230003,93.712502,95.040001,90329200,51.80458987122325,55.93922634800701,-3.782358952016253,-47.33678280385898,88.73454976000001,89.08073342094897,78.57134981,82.97663513704701,1.6482211034543326,95.00037455,1.9775009999999893,2.475744820169336,2.417985403417512,2020,7,29,2,bullish
94.1875,96.297501,93.767502,96.190002,158130000,57.28235093653608,58.64166574138258,56.65240680627033,-13.411153634829052,89.09264972,89.35952826718626,78.86782480000001,83.23828596601639,1.6400531957976625,95.25849985,2.529999000000004,2.483495417288004,2.425986374601976,2020,7,30,3,bullish
102.885002,106.415001,100.824997,106.260002,374336800,80.23351931373064,73.7971166870737,233.33333333333368,272.69368819232125,89.6216997,90.02229194298287,79.21707483,83.69416153104576,2.4182686163424307,96.02012514999998,10.224998999999997,3.589424500532574,2.983058704987549,2020,7,31,4,bullish
108.199997,111.637497,107.892502,108.9375,308151200,83.057275406951,76.28543198821085,147.89576205169928,271.9681363249607,90.21619966,90.76406480796392,79.61787485,84.1940296195399,3.2140125200018304,96.79387505,5.377494999999996,3.8448631433136335,3.15408986891701,2020,8,3,0,bullish
109.377502,110.392502,108.897499,110.0625,121776800,84.22687212324708,77.28789437447836,72.55138071960653,134.62440022687426,91.43264954,92.23301218835886,80.49964987,85.2006645916195,4.351826625253324,98.3545001,1.495002999999997,3.3325534318222623,2.985733580851912,2020,8,5,2,bullish
113.205002,113.675003,110.292503,111.112503,198045600,73.42490040635802,72.52041433142281,62.48933279521007,96.74852800304744,92.7511496,93.7898432057861,81.51212484,86.27086888309604,5.219034964701706,100.02162505,3.609993000000003,3.5292215621551324,3.138386929408027,2020,8,7,4,bullish
111.970001,112.482498,109.107498,109.375,187902400,61.24423651933412,65.60657776761403,-28.705791968927425,60.76575045977693,93.99424956,95.11455541526044,82.50452485,87.24189600247276,5.326377335031438,101.4999999,3.620002999999997,3.572285902807852,3.2150125462752883,2020,8,11,1,bullish
110.497498,113.275002,110.297501,113.010002,165598000,68.91388270984432,69.671813806564,58.5941935468801,68.92458008571948,94.63774962,95.81633763426984,83.06152485999999,87.75215552717627,5.4477561333664255,102.2642501,3.9000020000000006,3.619102488121016,3.263940364398482,2020,8,12,2,bullish
116.0625,116.087502,113.962502,114.607498,119561600,70.32538686076563,70.59795927434182,84.4405704358067,83.54487550133412,96.63354962,97.96737476937386,84.71484986,89.32962036750583,5.691057177790995,104.93012535,2.125,3.141549100391076,3.082179437894848,2020,8,17,0,bullish
115.982498,117.162498,115.610001,115.707497,145538000,72.96649059351773,71.85723556729016,91.2239538650548,116.88996757287688,97.87169964,99.32601173212866,85.76209981,90.36113112596064,5.619425825069683,106.78000025,1.5999979999999994,2.7806276247771176,2.904034678593007,2020,8,19,2,bullish
115.75,118.392502,115.732498,118.275002,126907200,78.825120813369,74.75477736582924,152.54269650297832,137.11468163322238,98.4729997,100.06910938969224,86.30782484000001,90.91388104425846,5.712190287973556,108.0515003,2.6850049999999896,2.7669672498089564,2.888389701550649,2020,8,20,3,bullish
119.262497,124.8675,119.25,124.370003,338054800,86.76743391392233,80.0150972998987,203.5834497819412,223.54657808284776,99.2808998,101.02208560970432,86.91579989,91.57637850872858,6.205983718590858,109.63925055,6.592498000000006,3.313471642693392,3.152968865725603,2020,8,21,4,bullish
124.697502,125.18,123.052498,124.824997,211495600,81.66316604569725,78.02446729956112,76.08953075447724,145.36638153283403,100.8855998,102.89127721910806,88.20802485,92.90015878463376,6.823417593042663,112.7702503,2.805000000000007,3.4286735334073897,3.240506583202178,2020,8,25,1,bullish
126.012497,126.442497,124.577499,124.807503,187630000,73.16824308742021,74.32491684540386,40.04033475209012,80.69158922295142,103.1353999,105.4395785508654,90.06314989999998,94.79491710691472,6.850983218280675,116.71275025,1.864998,3.100331373807569,3.103497196171716,2020,8,28,4,bullish
127.580002,131.0,126.0,129.039993,225702700,81.12323316715859,78.2579893069006,166.18988616970245,106.04846840154944,103.96759976,106.36508499985106,90.68837481,95.47303742162929,7.008899899036564,117.7178749,6.192497000000003,3.542069320406488,3.3241400393023075,2020,8,31,0,bullish
113.949997,118.989998,112.68,112.82,231366600,30.298869991398888,44.38673958286035,-128.8447021642721,-140.15354794310278,107.35274946,109.4937791729942,93.3922497,98.17215686121644,4.546761141102209,120.856374,8.27999899999999,6.966186758284096,5.3410751132092855,2020,9,8,1,bullish
114.57,115.230003,110.0,112.0,180860300,33.71499086134018,44.19528858999251,-91.17684087834608,-134.82855429836704,108.75549956,110.02594232932732,94.75009974,99.10759016082235,2.0395437483232257,121.1271237,5.230002999999996,6.776928427957332,5.569789519941984,2020,9,11,4,bullish
110.400002,110.879997,106.089996,106.839996,287104900,27.71871094870704,38.97452725080657,-145.77224104238584,-112.41601088777524,110.58454937999998,110.35903248940863,96.86257463,100.33001429866631,-0.6273483787123979,120.18462335,4.790001000000004,5.435352144272994,5.169914832610331,2020,9,18,4,bullish
104.540001,110.190002,103.099998,110.080002,195713800,38.70443305688401,43.83196350021461,-101.04431969176392,-107.86424410774067,110.86774946,110.34809011727498,97.24404962,100.52308336205908,-0.9419991106449004,119.4701233,7.090004000000008,5.6717309808054255,5.307064058852451,2020,9,21,0,bullish
111.620003,112.110001,106.769997,107.120003,150718700,34.55368779820952,41.04554003644939,-59.33874533756339,-97.64400868613068,111.3956494,110.27657996215964,97.97617464,100.87279288712293,-1.4786701415815455,117.8824986,5.340003999999993,5.38290459814276,5.202825729316655,2020,9,23,2,bullish
105.169998,110.25,105.0,108.220001,167743300,38.18671520580134,42.68574830994047,-66.96422919050961,-101.81198931029208,111.60554946,110.19592980678084,98.32547464,101.01828215668483,-1.7179299256554827,116.96737369999998,5.25,5.363918226979509,5.206195320079751,2020,9,24,3,bullish
108.43,112.440002,107.669998,112.279999,149981400,50.11181256443637,48.39279326468832,76.14331660592532,-29.83481490728636,111.92069946,110.27765801043648,98.70437464,101.24128645061188,-1.5619321390962568,116.33087355,4.770004,5.279073337411008,5.175038797216912,2020,9,25,4,bullish
114.550003,115.309998,113.57,114.089996,99382200,53.92329720826959,50.63414825177346,106.79803876373028,65.18334925805594,112.60799942,110.60358184431296,99.4839496,101.76199465703822,-0.9865557071490798,115.0909985,1.739998,4.499319023404005,4.788069090457438,2020,9,29,1,bullish
113.790001,117.260002,113.620003,115.809998,142675200,58.40399504030548,52.89935468065752,99.5484920237478,97.06673220936013,112.98419938,110.80775502688894,99.86672457,102.04017294105724,-0.6645124120379506,114.17249875,3.639999000000003,4.376559020060576,4.706064083996193,2020,9,30,2,bullish
112.889999,115.370003,112.220001,113.019997,144712000,47.88175114328152,48.66781950976184,6.581775966040346,35.4573871549636,113.77804934,111.11990757845454,100.59877452,102.54388732352731,-0.3586064464012253,113.0489991,4.570000000000007,4.1021661780036895,4.510892189772228,2020,10,2,4,bullish
115.699997,116.120003,112.25,113.160004,161498200,47.649969200924296,48.75426784229544,-70.22186236827979,42.678487007170425,114.6227495,111.4026214932216,101.35239956,103.02499367374683,-0.1664203213558721,112.84299935,4.25,4.065469640982302,4.433830842201564,2020,10,6,1,bullish
116.25,116.400002,114.589996,114.970001,83477200,52.73755064425202,51.206688270502006,19.47280954898747,62.35619506549954,115.4578995,111.6810743957036,102.09622463,103.4955145176348,0.0121859569273112,112.8049996,1.810006000000001,3.538100879089039,4.110854506796247,2020,10,8,3,bullish
115.279999,117.0,114.919998,116.970001,100506900,58.78452221095049,54.0301424515469,80.34860085142937,84.2981770634192,115.87349948,111.8884832821466,102.48307459999998,103.76233603213709,0.2295180117898922,113.05349965,2.080001999999993,3.329801039219175,3.965793613453657,2020,10,9,4,bullish
119.959999,120.419998,115.660004,115.980003,120639300,43.751205729385,49.29771478147911,-94.46737299158976,-4.193137222877326,117.12269946,113.67000481949736,104.93692453,105.63456061497988,1.342774416761955,115.65900005,4.759994000000006,3.9481497454785854,4.1565378442541006,2020,10,19,0,bullish
114.010002,116.550003,112.879997,115.050003,111850700,40.49808160411753,47.571295874522114,-109.13442279078193,-87.77193077140797,117.42649952,114.09065518705908,106.71269959,106.62261874611212,0.3745686649395736,116.9505005,3.6700060000000008,3.452650959650234,3.801850730894564,2020,10,26,0,bullish
115.050003,115.43,111.099998,111.199997,143937800,30.689648280026603,41.60479581330717,-167.32586042063858,-143.69226607865377,117.37909946,114.07184259981888,107.32829956000002,106.90691945188163,-0.1250550961276246,116.84550055,5.5,3.657865766273641,3.852718099597863,2020,10,28,2,bullish
109.110001,110.68,107.32,108.769997,122866900,32.79547342933161,40.25522178138801,-116.9429051020312,-169.9136992844598,116.87104938,113.71273989203316,108.07597459,107.14178425143068,-1.1187931775068731,116.17750055000002,3.3600000000000136,4.315507497128594,4.181688042936045,2020,11,2,0,bullish
109.660004,111.489998,108.730003,110.440002,107624400,39.486983826797,43.2578225633881,-59.81384567106626,-116.42425151245274,116.56269946,113.5843972296005,108.33337464,107.20709549397662,-1.3032216347659045,116.04150045,2.7599950000000035,4.093291426110224,4.080138539869185,2020,11,3,1,bullish
114.139999,115.589996,112.349998,114.949997,138235500,53.93736967668529,50.493843616876575,53.867472112989496,-8.460491396136485,116.36519946,113.63795016177303,108.62539963,107.36042027627413,-1.0730936552991182,116.0350002,5.149993999999992,4.2442489366659055,4.156556787021385,2020,11,4,2,bullish
115.550003,117.589996,114.129997,115.970001,138023400,52.40626797590463,51.05311364454612,21.90526092883502,37.68532068932152,115.65779956,114.20088137371636,109.81269966000002,108.13798551123024,0.0069579140299822,115.6635002,3.4599989999999963,4.254912996634324,4.187536081115102,2020,11,10,1,bullish
119.440002,119.669998,117.870003,119.260002,81581900,61.38620603012772,55.75558514712017,65.92994412388816,79.96474029588362,115.08779986,114.7794782439511,110.67864967,108.78910751825262,0.7480703712636938,115.51550025,1.7999950000000098,3.560760280679344,3.8367620015342143,2020,11,13,4,bullish
118.610001,119.82,118.0,118.029999,76322100,51.97228992122543,52.61968794225315,-6.240590634576927,47.11711807585365,115.2201999,115.2805084027154,111.55522468,109.39685794176556,0.993920183483155,115.8834999,1.8199999999999927,3.009807681127517,3.4902570187210893,2020,11,18,2,bullish
117.18,117.620003,113.75,113.849998,127959300,33.6205055698436,44.227664463041386,-195.47895715552733,-154.25181897523822,115.39979978,115.42362136639052,112.32097472,109.81506959969867,0.4887055669765061,116.08299935,3.870002999999997,2.86562226858176,3.307662000776324,2020,11,23,0,bullish
113.910004,115.849998,112.589996,115.169998,113874200,41.24550752586131,47.0689220732192,-127.59725595054816,-188.0178622712496,115.39239972,115.41367535202228,112.53804968,109.92110778584328,0.2895928310844908,116.01149935,3.260002,2.921962230212937,3.304257715006586,2020,11,24,1,bullish
116.57,117.489998,116.220001,116.589996,46691300,49.07047254633829,50.103110213054585,3.092764226316601,-41.69267860067615,115.59539976,115.48302730265492,112.97909963,110.17173771228804,0.1702439553374688,116.31649925000002,1.4599989999999965,2.548788679340116,3.0581610501842493,2020,11,27,4,bullish
116.970001,120.970001,116.809998,119.050003,169410200,60.66218502708004,55.11988848634347,109.50009271088612,54.76780317394425,115.8395999,115.62290870255082,113.21207464,110.34754494570808,0.3420950045761088,116.82599935,4.380004999999997,2.8103910108629555,3.1525784751710884,2020,11,30,0,bullish
122.599998,122.860001,121.519997,122.25,78260400,66.32213708274546,59.63972452383175,52.69901158755749,98.05091180761448,116.91479992,116.67527680053728,114.26017469,111.30062747013709,1.4957003747737474,118.71599985,1.4200050000000033,2.570007930478297,2.9549165092503498,2020,12,4,4,bullish
122.309998,124.57,122.25,123.75,86712000,71.69478159361086,62.370531098570304,76.63022639699267,113.99595401480153,117.14419994,116.95271692600642,114.53244970000002,111.5471496984512,1.6974817273634812,118.96899975,2.319999999999993,2.534292511838539,2.9095653300181814,2020,12,7,0,bullish
124.529999,125.949997,121.0,121.779999,115089200,54.66441316381393,56.0859045504414,1.4666506382809408,66.93531112214112,117.48639996,117.42186579905476,115.04719969,111.99886417003437,1.8056573824764257,119.6624995,4.949996999999996,2.800501049514028,2.9876866825156765,2020,12,9,2,bullish
122.599998,123.349998,121.540001,121.779999,79184500,51.83898130442394,54.95120677922953,-54.941992180610185,34.40164669149389,117.92260006,117.99133300600064,115.8503247,112.608497075812,1.6577752610212713,120.13599960000002,1.809996999999996,2.741976401443235,2.928923583267834,2020,12,14,0,bullish
127.410004,128.369995,126.559998,127.809998,98208600,73.01325718813291,65.68099512096597,130.58799667727118,192.3079816237505,118.44319988,118.74896195671184,116.53297469,113.20593459876812,2.29719151994938,120.93599924999998,1.809996999999996,3.0224723969787024,3.0606534825115506,2020,12,16,2,bullish
128.960007,129.100006,126.120003,126.660004,192541500,61.767683555585776,61.10101699404519,51.32262980827522,106.85571784730534,118.94939983999998,119.43413216919076,117.20364967,113.77308942422567,2.555309989717074,121.8704994,2.9800030000000106,2.863041863086397,2.9692884313492467,2020,12,18,4,bullish
125.019997,128.309998,123.449997,128.229996,121251600,67.0544958539837,63.75797504563826,24.395266908366533,70.60445667812051,119.17459974,119.77906800569308,117.52404961,114.05936480196378,2.656018079625909,122.4149994,4.860001000000011,3.1483217397883414,3.104339329110016,2020,12,21,0,bullish
132.160004,132.429993,130.779999,130.960007,88223700,70.39449477469904,66.41782700028287,102.82487054725644,129.84056308391715,119.52139998,120.67347308176436,118.00047471,114.73992714714704,3.1545181958019413,124.1060002,1.6499939999999924,3.305501808824085,3.204455952140778,2020,12,23,2,bullish
131.320007,133.460007,131.100006,131.970001,54930100,72.96555060621486,67.8663871957479,88.22275528206345,126.65095685217824,119.73699996,121.11647417659714,118.22352471,115.08111672839163,3.323473825116793,124.9030003,2.5,3.190430121849216,3.1541376698450083,2020,12,24,3,bullish
133.520004,133.610001,126.760002,129.410004,143301900,45.97128032242444,54.931995233137066,-120.04527444281952,-7.198876945543701,121.28279996,123.33279874992616,119.32552475,116.82529473825517,3.452791099214992,128.05300029999998,6.849999000000011,3.9107210594692416,3.566269525731027,2021,1,4,0,bullish
127.720001,131.050003,126.379997,126.599998,155088000,37.99510751229835,48.80796803820309,-114.0853504333366,-76.13957226102922,121.8191998,123.7501842001433,119.62142464,117.29417629013224,2.65891982466286,128.63349995,4.670006000000001,3.94563412532434,3.628111172696651,2021,1,6,2,bullish
128.360001,131.630005,127.860001,130.919998,109578200,52.75840622906418,55.965115686003855,-43.759973287266064,-27.955671288708626,122.1365997,124.03135336876512,119.78154961,117.5639945418128,2.529310456990828,128.9605,5.030007000000012,4.100544535992293,3.728246588932605,2021,1,7,3,bullish
128.5,129.690002,126.860001,128.800003,91951100,45.51721161629204,51.55701268257954,-85.32224080441571,-107.2105192746726,123.07079984,124.69509044411156,120.22107468,118.28367644013392,1.9062590070564625,130.08050005,2.830000999999996,3.6731432034237192,3.5704591905557344,2021,1,12,1,bullish
128.779999,130.220001,127.0,127.139999,111598500,40.39988916676503,48.08303217845052,-111.07097982606678,-88.55441891995203,124.24819988,125.17403521758058,120.40544967,118.90514640495692,1.253279006392944,130.55400045000002,3.2200009999999963,3.358072603322225,3.419584036315943,2021,1,15,4,bullish
127.779999,128.710007,126.940002,127.830002,90757300,43.53651006089433,49.40564876064059,-95.94853342818368,-95.40998367967516,124.50579998,125.27819077767548,120.43549972,119.08187621872014,1.0243424681468412,130.5105007,1.7700049999999834,3.131205802847618,3.3017569622933745,2021,1,19,1,bullish
128.660004,132.490005,128.550003,132.029999,104319500,58.89772626789824,56.64566952635125,130.859338328773,41.54443453662296,124.76579998,125.54296757070782,120.49057472,119.33827468963658,1.168345311764284,130.77900045,4.660003000000003,3.349605402440816,3.3987745364152766,2021,1,20,2,bullish
133.800003,139.669998,133.589996,136.869995,120150900,69.90528350888731,63.183849397147966,209.166491579188,265.1307713956516,125.12939984,125.98716472479772,120.60917465,119.68543746805962,1.6539501230114126,131.21100040000002,7.639998999999989,3.9625187735206975,3.701719140957042,2021,1,21,3,bullish
136.279999,139.850006,135.020004,139.070007,114459400,73.64783846208367,65.71486582620065,129.65678458345116,232.2754849750505,125.58439998,126.50021736304092,120.75179969,120.06929033007825,2.1910608312761326,131.5705005,4.830002000000008,4.086444948732028,3.7823107737458255,2021,1,22,4,bullish
135.830002,136.740005,130.210007,131.960007,177523800,40.05986372280807,49.029939811800766,-144.5085472426986,-14.94125198913772,127.64359998,128.80472723497653,121.35909996,121.90181641714612,2.903224882227533,133.01950035,6.879989000000023,4.861002307868172,4.319292697676956,2021,1,29,4,bullish
133.75,135.380005,130.929993,134.139999,106239800,46.64344900713522,52.16341317097269,-105.51185981151616,-12.854819925186773,127.93859998,129.01395357870294,121.57229995000002,122.14415666631156,2.563909945582509,133.0920002,4.450012000000015,4.8022894067441495,4.328629790700032,2021,2,1,0,bullish
135.759995,135.770004,133.610001,133.940002,89880900,46.026023506066885,51.63850783890474,-50.96053567632682,-12.166215926573509,128.58380015999998,129.43229651536552,121.95350004,122.6270739026095,2.048213787196317,133.5175006,2.160002999999989,4.102498645771213,4.030553385858702,2021,2,3,2,bullish
122.589996,124.849998,121.199997,121.260002,164560400,13.120024481994292,29.106770983437382,-79.82011066865758,-112.41798190687273,131.97720014,129.71033571574645,124.9499001,124.78667483030732,-2.613000640400898,131.5530002,3.86,4.091796157043502,3.836994537634327,2021,2,26,4,bullish
121.75,123.599998,118.620003,120.129997,178155000,29.685524278484223,34.65486088609937,-118.99567434954852,-113.07424298613446,131.65820019999998,128.81342646120535,125.30380002,124.7038890305128,-2.98302717659827,129.5564995,4.979995000000002,4.383392879020566,4.075023900285663,2021,3,4,3,bullish
120.93,121.0,116.209999,116.360001,154376600,25.7085507741854,31.60814639319453,-127.86517030097504,-145.98901711184874,131.21160016,128.04648859644522,125.26789998,124.474923653961,-3.5394730272025896,127.73799975,5.2099990000000105,4.499839768260012,4.1756584242259045,2021,3,8,0,bullish
121.690002,122.169998,119.449997,119.980003,111943300,40.40694114437562,39.65335439939057,-29.100719957301084,-72.02696217530418,130.77439998,127.46805037834102,125.25569996999998,124.3202143462868,-3.4737719637708864,126.14549975,2.7200010000000105,4.392535115456336,4.172786983133561,2021,3,10,2,bullish
120.400002,121.169998,119.160004,121.029999,88105100,44.31682297221617,42.02734162218717,5.699421397327103,-64.3816089598429,130.203,127.00804642768044,125.28829999,124.20925011351406,-3.156352975279219,124.76899945,2.799994999999996,4.0226776562536335,4.0121983579059775,2021,3,12,4,bullish
121.410004,124.0,120.419998,123.989998,92403800,54.073212324288185,47.400972864968175,138.1122489597447,22.68637523382301,130.00839994,126.88969158737925,125.36839993999996,124.20490848750389,-2.791203571810996,124.19999959999998,3.580001999999993,3.959438276788827,3.9813271894841216,2021,3,15,0,bullish
119.900002,121.43,119.68,119.989998,185549500,39.83849990847985,41.49012899341342,-88.12951891724107,-55.476614524962905,129.43119994,126.25650101998706,125.62519987,124.08613363569238,-2.183680069405085,122.56199955,1.75,3.5909056654387013,3.780988634315285,2021,3,19,4,bullish
119.540001,121.660004,119.0,120.589996,98844700,43.59773861785144,43.71371224688869,-78.64020578520156,-54.510961104710645,128.74839978,125.5677076801305,125.90959981,123.89694069788268,-1.860505921537765,121.9824993,2.6600040000000007,3.2342759393621656,3.539975038413131,2021,3,25,3,bullish
120.110001,120.400002,118.860001,119.900002,85671900,40.69627386449451,42.69404344115596,-108.04951403044764,-105.6998500174772,128.25959974,125.03028760781052,126.25389981,123.71801357410976,-1.7094876221252662,121.398999,2.529998000000006,2.893392544904454,3.2953882763825253,2021,3,30,1,bullish
121.650002,123.519997,121.150002,122.150002,118323800,52.52560607501915,47.73170959938847,77.94147122933838,19.93993691664233,128.14599974,124.91733523103365,126.32589986,123.68696383996898,-1.5294325341514536,121.40349919999998,3.619995000000003,2.997192895632389,3.3185744709266305,2021,3,31,2,bullish
123.660004,124.18,122.489998,123.0,75089100,56.36201677301319,49.53650113512609,139.01987317233005,57.01227314716415,127.96539976,124.84214561413036,126.36559986999998,123.67336059561316,-1.3031281941816246,121.54699935,2.029998000000006,2.8590221962563342,3.226533294431872,2021,4,1,3,bullish
126.5,127.129997,125.650002,126.209999,80171300,67.95498028052582,55.79091033153848,129.6671014005079,175.05372657450062,127.48879974,124.93564464187888,126.53659986,123.76680986095526,-0.513084139087951,122.26349945,1.4799950000000024,2.6988732258209813,3.0973679018315634,2021,4,6,1,bullish
125.830002,127.919998,125.139999,127.900002,83466700,73.01148548003471,58.87979608085453,104.4410773317406,171.26271158886425,127.18839982,125.05189395004048,126.65589987,123.84865524984724,-0.0852385866218554,122.60399975,2.779999000000004,2.71046262213227,3.0746986945578807,2021,4,7,2,bullish
128.949997,130.389999,128.520004,130.360001,88844600,78.71515808354522,62.93898884276536,128.50793729304448,194.5619200576239,126.93239976,125.2600550108232,126.7645999,123.97759278945423,0.4471786591749094,123.12299965,2.489996999999988,2.67896753325623,3.0329342878037457,2021,4,8,3,bullish
132.520004,132.850006,130.630005,131.240005,91420000,71.52827213020676,62.16385517009567,90.2299444637036,134.83966809487134,126.63419998,125.7861870784262,127.02229994,124.29652660910116,1.405048662470577,124.1855,2.3699949999999887,2.7439336366780465,3.021202656320577,2021,4,12,0,bullish
134.940002,135.0,131.660004,132.029999,87222800,65.00086088254491,60.815152172982536,69.71398722927047,104.76718641561683,126.6413997,126.35672217889322,127.28999983999998,124.64635385822965,2.0855840846845126,125.0304997,3.339996000000013,2.911868916743056,3.0704243873376407,2021,4,14,2,bullish
134.300003,134.669998,133.279999,134.160004,84922400,68.99554985612285,63.43989154069611,73.00102141217992,88.04598962519526,126.63599964,126.96955415591026,127.6098999,125.0260008795715,2.59085886721212,126.19899985000002,1.3899989999999889,2.701577142913264,2.943733267653373,2021,4,16,4,bullish
133.039993,134.149994,131.410004,131.940002,84566500,52.82871981320392,56.62900470941614,-100.69298409726112,28.656746740375745,126.36239976,127.906551338513,128.31989998,125.66421204619328,2.531925841645517,128.5680001,2.739990000000006,2.731728861814072,2.8977049699200315,2021,4,22,3,bullish
131.779999,133.559998,131.070007,131.460007,109839500,41.9799984545159,52.15527375694688,-136.1471400961075,-165.25263261630383,126.40879992,129.12037139684983,129.07310006,126.56463608519996,1.9898707203974768,132.2535008,2.4899910000000034,2.65116309182226,2.772156358914511,2021,4,30,4,bullish
129.199997,130.449997,127.970001,128.100006,84000900,31.5510388046626,44.27215839560625,-111.56167375035945,-193.748212875274,126.54399994,129.15628334554572,129.25890007,126.73367234821224,0.8960269321857481,132.6775005,2.599998999999997,3.030002947036761,2.953351529349557,2021,5,5,2,bullish
123.400002,124.639999,122.25,122.769997,112172300,21.74777723753111,35.01742154526556,-146.74930588871118,-159.21711840004903,126.84340012,128.75619513571473,129.38250022,126.76119314866682,-0.7047809425513947,131.39850115000002,3.6600040000000007,3.143339848286895,3.021256529578049,2021,5,12,2,bullish
124.580002,126.150002,124.260002,124.970001,105861300,35.17067281544399,40.98091719363731,-57.09750851702208,-100.93794634682637,126.90160018,128.60771693431417,129.34520026,126.72572399720806,-0.9425200549744376,130.9220012,3.380004999999997,3.177149155674481,3.046881420322474,2021,5,13,3,bullish
123.160004,124.919998,122.860001,124.690002,92612000,37.25119463863849,41.64897024255877,-73.97781459132783,-95.3570813020262,127.38680022,128.18760611707754,129.20050008,126.65384144779856,-1.26056769540655,129.30450085,2.05999700000001,2.781833943671024,2.866394281180503,2021,5,19,2,bullish
127.82,128.0,125.209999,125.43,79295400,43.15420727000675,44.35271887908542,31.37809789634084,-19.2337499441188,127.60280014,128.04639834336913,129.04130003,126.64234287166688,-1.167404079314352,128.62850029999998,2.790001000000004,2.813388223921568,2.8717889516301267,2021,5,21,4,bullish
125.080002,125.349998,123.940002,124.279999,67637100,36.571512975891146,41.87226462501895,-131.1763630028193,-82.34276654744254,127.98580016,127.55877041295668,128.70850005,126.54697945499656,-1.10713981472081,126.37100025000002,1.4099959999999925,2.146264875547474,2.4677058795523203,2021,6,1,1,bullish
124.68,124.849998,123.129997,123.540001,76229200,34.89633532999591,40.701585716809966,-102.11348418201896,-131.8946686386304,128.03920014000002,127.30702332468628,128.56480003,126.45857322266652,-1.1970677127628448,126.0035,1.93000099999999,1.998275765708346,2.3445522583895,2021,6,3,3,bullish
126.169998,126.32,124.830002,125.900002,71057600,51.78000310799756,47.89908305720866,80.45986286163368,4.094746979758233,128.26140032,127.1984556357446,128.50490005,126.43647645930344,-0.9657638882428898,125.59549945,1.489998,2.0017945217449067,2.301782360550129,2021,6,7,0,bullish
127.019997,128.190002,125.940002,126.110001,71186400,50.77263475094417,48.3666973156964,61.02904763204975,55.546869717214726,128.61100023999998,127.13659548509789,128.43529999,126.44924738808336,-0.576498076598142,125.8179993,2.249999999999986,2.001335051594457,2.242899867758246,2021,6,10,3,bullish
126.529999,127.440002,126.099998,127.349998,53522400,59.31819688241933,52.2182139447666,56.2347352299349,63.82564526792024,128.71500016,127.14496421117248,128.43049994999998,126.46708403386388,-0.4258269212081558,125.93699915,1.3400040000000075,1.906859187080964,2.1784073057755147,2021,6,11,4,bullish
130.369995,130.889999,128.460007,130.149994,91815000,68.23589710927448,58.72708339966326,84.9577996465269,138.26675265969297,129.01819992,127.47754497939884,128.25349983,126.67794647404602,0.387672727548221,126.521999,2.4299919999999986,2.0603242985699404,2.21169437820292,2021,6,16,2,bullish
130.710007,131.509995,130.240005,130.460007,108953300,62.89618643487827,57.86861771767175,71.29837166495079,109.97400725105986,129.09799986,127.75698789832242,128.01519980999998,126.85206287816146,0.8002252665843486,127.034499,1.5499880000000132,2.090237647928939,2.210083157736193,2021,6,18,4,bullish
130.300003,132.410004,129.210007,132.300003,79663300,70.2845473958819,62.09572896890242,89.5033842669263,105.21378846046952,129.08399992,127.93514535329015,127.91759986,126.9599428805741,1.0298519448124068,127.37799915,3.199996999999996,2.248774698224804,2.2807912893264644,2021,6,21,0,bullish
133.460007,133.889999,132.809998,133.110001,70783700,67.11146371438059,62.13646756889895,46.37459906815901,91.41300875990304,129.12399994,128.7632944411834,127.87779977,127.46606928190424,1.6946011402059753,128.7814992,1.0800009999999816,1.9132188254474565,2.094072767894969,2021,6,25,4,bullish
133.410004,135.25,133.350006,134.779999,62111300,74.4360872817034,66.0080245406899,95.12277364159776,111.55048777100984,129.13639984000002,128.99924363956836,127.88619974,127.61089957335167,1.8459630062731665,129.2899991,2.139998999999989,1.9456159932406751,2.097353213045328,2021,6,28,0,bullish
136.600006,137.330002,135.759995,137.270004,52485800,82.011995387409,70.9630643666093,96.78326478579272,124.36646848613452,129.31860016,129.88890668256988,127.88119989,128.14951920450582,2.422755111068654,131.17399985000003,1.570007000000004,1.8626931181923767,2.025345426406918,2021,7,1,3,bullish
137.899994,140.0,137.75,139.960007,78852600,87.74366387406295,75.58363361475452,144.80065457535343,171.889555875436,129.47900026000002,130.28385179305735,127.92070001,128.38339024996114,2.7316336241646866,131.87750024999997,2.729996,1.9865935298791808,2.075677610234995,2021,7,2,4,bullish
140.070007,143.149994,140.070007,142.020004,108181800,90.45962783530015,78.41614822289465,156.9041711052038,187.89680221392047,129.6330002,130.74409305607472,127.98700006,128.65342220540745,3.106832976314962,132.68350034999995,3.189987000000002,2.158506882753584,2.155271138075353,2021,7,6,1,bullish
141.580002,144.059998,140.669998,143.240005,105575500,80.84593124836653,75.61819819650145,74.00426033811276,125.94651469263272,130.00700044,131.75505906329695,128.16010018,129.25120413990768,3.783983712376312,134.3805012,3.9000090000000114,2.4944138934516125,2.3273004251772176,2021,7,8,3,bullish
146.210007,146.320007,144.0,144.5,76299700,78.94909337188002,75.41592190829878,84.39519401497292,112.72985453783843,130.4580005,132.7580457166382,128.41590021,129.86097754859674,4.178880043010423,136.18800130000002,2.320007000000004,2.5314071258011848,2.371397295178316,2021,7,12,0,bullish
144.029999,147.460007,143.630005,145.639999,100827100,81.46152423859778,76.92768901862976,89.83232248744875,104.12451149608336,130.74160034,133.2632203552014,128.57520012999998,130.17343341892155,4.316417388279717,136.94600145,3.830001999999979,2.7169206792581555,2.475583345522721,2021,7,13,1,bullish
143.75,144.070007,141.669998,142.449997,121434600,47.170218922638966,58.18737912588705,-119.30676709158254,-1.5256633172458178,132.10640002,135.22147772175367,129.36910005,131.43347606393783,4.272353358583359,140.16750109999998,4.720000999999996,3.274889354151839,2.838981940740171,2021,7,19,0,bullish
145.529999,146.130005,144.630005,145.399994,74993500,56.674757613173874,62.34401041185902,-34.15505310400671,33.842022817303935,132.79619968,136.0323978507999,129.86209993,131.99568635453926,3.983878369344211,141.43100055,1.5199889999999812,3.192571301009513,2.8648873009443308,2021,7,21,2,bullish
145.940002,148.199997,145.809998,146.800003,77338200,61.22874616597719,64.564400075549,19.66881926416517,68.96590435322882,133.21399966,136.45465687625872,130.05219995,132.2888411395979,3.903709994620528,142.08600084999998,2.800003000000004,3.136490115151012,2.860252708019736,2021,7,22,3,bullish
146.360001,146.949997,145.25,145.520004,62880000,49.552668795000486,57.31864102910785,-33.787743359513016,-27.02820611556476,136.17419999999998,138.91414496258434,131.85380006000003,134.15466273987738,2.675520204131459,145.811,1.6999969999999962,2.7179187689943456,2.733263187856275,2021,8,2,0,bullish
146.050003,146.720001,145.529999,145.860001,48493500,48.06445509685483,55.82766904138158,-79.06770158404252,-39.30610456701421,139.06640002,140.74026664490407,133.52610009,135.75627660650585,1.6658923282180922,146.3524994,1.190001999999993,2.0365651850349056,2.3232688488342976,2021,8,11,2,bullish
148.970001,149.440002,148.270004,149.100006,59375000,69.93207244319626,64.28947562182,151.33809041595978,194.512050837816,140.05420014,141.37516367874457,134.04670014,136.27543260801528,1.841410130080817,146.5084999,1.1699979999999923,2.056456625739928,2.299706624760184,2021,8,13,4,bullish
145.029999,148.0,144.5,146.699997,86960300,44.99020388044457,52.63884276307921,-91.26627389401014,-53.370823615138455,141.82840012,142.4298292900235,135.15760018999998,137.21916421735628,1.5996869586590208,147.18700025,3.5,2.866076345255703,2.6923176240310185,2021,8,19,3,bullish
147.440002,148.5,146.779999,148.190002,60549600,53.75100054240793,56.50539969029951,-36.1067356446959,22.886390518943,142.27000014,142.65571841590491,135.44050019,137.4364085298839,1.5312823559118272,147.16850044999998,1.8000030000000038,2.7137801530763177,2.6285808651716605,2021,8,20,4,bullish
148.350006,149.119995,147.509995,147.539993,48597200,46.04890295369631,52.714015158867696,-17.056981837441555,-1.265824813093582,143.82220032,143.5596447437537,136.42020012,138.30919131009696,1.3213162651911432,147.61100004999997,1.6099999999999852,2.389792863967892,2.473258315159512,2021,8,26,3,bullish
147.479996,148.75,146.830002,148.600006,55802400,53.293172335774,55.71368266074364,-21.116911996581823,-9.893002037108584,144.15840058,143.75730596948887,136.62720016,138.5129698188079,1.260220451127026,147.7480003,1.9199979999999923,2.322679311972478,2.433739721219546,2021,8,27,4,bullish
152.830002,154.979996,152.339996,152.509995,80313700,65.98810186228847,62.81281211855891,113.32302063604176,175.45771595881826,145.3728003,144.74364196259654,137.25580002,139.32652646381544,1.795422921453536,148.62949980000002,3.1499939999999924,2.6499955842159,2.596135272055151,2021,9,1,2,bullish
153.759995,154.630005,153.089996,154.300003,57808700,72.11594911895818,66.29927638351262,83.28426025117587,126.78021569791213,146.18960022,145.45397311426154,137.67070007,139.9010474747432,2.123572888497222,149.3669998,1.5400089999999975,2.4510193067708657,2.502383050904697,2021,9,3,4,bullish
150.350006,151.070007,146.910004,148.119995,109296300,35.265934277619905,45.76620931908913,-109.01346742260306,-88.84354915264562,148.0716,146.82322374987922,138.77530013,141.26668696859394,1.2092707919763654,150.6595001,4.160003000000017,3.2307458537658795,2.927952327343447,2021,9,14,1,bullish
143.929993,144.600006,142.779999,143.429993,75834000,25.81261369657705,37.15993539388574,-106.13867439215058,-130.05466971466078,148.28779935999998,146.658364207916,139.37289993000002,141.71540840106,-0.6698722956446659,150.1144989,1.820007000000004,3.0620117471222423,2.924057840957881,2021,9,21,1,bullish
144.449997,146.429993,143.699997,145.850006,76404300,40.63919748294703,43.92713475313283,-32.75472483176337,-84.65465549547324,148.2919995,146.62666388603697,139.51679991999998,141.79728162084098,-0.7875742335658913,149.92599945,3.0,3.0531529261047794,2.9294822808894607,2021,9,22,2,bullish
143.25,144.75,141.690002,141.910004,108972300,27.810634007655626,36.50070739639607,-95.14716765597572,-115.96645809262245,148.18319975999998,146.41203929113115,140.14479989,142.06017592328544,-1.233866414032775,149.09649965,3.679992999999996,2.8833330067604286,2.846427919967822,2021,9,28,1,bullish
143.660004,144.380005,141.279999,141.5,89056700,29.63301234660844,36.76513024222444,-93.9259221804524,-104.7386006937016,148.03880004,146.08444695655746,140.41749986,142.06402554848745,-1.654518628842368,148.09599989999998,3.100006000000008,2.8722446580280723,2.8442158748702155,2021,9,30,3,bullish
141.759995,142.210007,138.270004,139.139999,98322000,26.86845840676024,34.10952179039103,-132.01356909718814,-141.41779670611493,147.76739988,145.68271297681449,140.74859978,142.0174975993261,-2.0462477341726526,146.7879997,4.379989999999992,3.2024636671226614,3.017970938025848,2021,10,4,0,bullish
139.490005,142.240005,139.360001,141.110001,80861100,38.20067198048624,39.63750216510207,-71.14031512778821,-97.87151921959342,147.6097998,145.50339093850803,140.90999978,141.99952736963647,-2.114953514572221,146.00899965000002,3.100006000000008,3.187826857533711,3.023830585309716,2021,10,5,1,bullish
139.470001,142.149994,138.369995,142.0,83221100,42.86691485826404,42.00475033978052,-55.15656626849712,-92.45424080785315,147.51439972,145.36600305856655,141.05549981,141.99953672865357,-2.073683724120912,145.35349960000002,3.779999000000004,3.2724228778860387,3.0778426149304505,2021,10,6,2,bullish
141.240005,141.399994,139.199997,140.910004,78762700,37.11013196437301,40.05700707994989,-91.68552767579835,-97.50837400993449,147.15559938,144.7983012487905,141.8841997,142.024260612969,-1.7303169685720547,143.43749855,2.309998000000008,2.7464397952306667,2.831712466658928,2021,10,13,2,bullish
142.110001,143.880005,141.509995,143.759995,69907100,55.29226433939999,48.46075508734597,48.39762392623535,45.63821578828742,147.09179934,144.75758335668104,142.05079967,142.05863159093,-1.5075581376954688,143.18599865000002,2.9700010000000248,2.778377110197717,2.8415902190404347,2021,10,14,3,bullish
143.770004,144.899994,143.509995,144.839996,67940300,60.35908218852333,51.24992662155437,117.76600884111562,132.54810707164367,147.0473993,144.76081522504649,142.23019961,142.11370811388187,-1.229697912505003,143.12499855,1.3899989999999889,2.580037380169471,2.7379051319661167,2021,10,15,4,bullish
143.449997,146.839996,143.160004,146.550003,85589200,67.22130475999458,55.36841545167374,145.94551614131186,161.98677660424468,147.05559938,144.83097945151525,142.42719966,142.20155553736936,-0.8615766886377969,143.30549860000002,3.679992000000027,2.737173754430979,2.805197051111396,2021,10,18,0,bullish
149.360001,149.729996,148.490005,148.850006,56094900,65.8930867231594,58.58635024971461,13.987800915811526,68.30828619765661,147.17859928,145.84858456584962,144.11159967,143.08957213700168,0.9618724072491034,144.79849860000002,1.2399910000000034,2.091806498411612,2.394506304485757,2021,10,27,2,bullish
148.990005,149.699997,147.800003,148.960007,74588300,53.83423282712701,55.09883797155742,-49.62019074430864,35.97397079321828,147.38019962,146.36279915424413,144.82509988,143.51643699752074,1.292348781269112,146.2004998,2.0,2.810699829903523,2.734668201514289,2021,11,1,0,bullish
148.660004,151.570007,148.649994,150.020004,69122000,58.99139222703072,57.614779792824216,42.224022029898514,73.95632480281267,147.38639956,146.5062189521169,145.05179994,143.64522050252032,1.3200775487563874,146.64599994999998,2.9200130000000115,2.826315997060164,2.7479071156918407,2021,11,2,1,bullish
148.960007,149.429993,147.679993,147.869995,41000000,38.789132085747816,48.31306714917081,-126.52180241641682,-97.32845271045748,147.37019990000002,147.36183979920307,146.3715001,144.4832783262843,0.9386037607042964,149.3255012,1.75,2.2489264291834585,2.4224194364744425,2021,11,11,3,bullish
150.369995,151.880005,149.429993,150.0,59222800,53.94947135384493,54.612874797545885,35.49890546024117,26.763144286771468,147.21100006,147.56432058742277,146.70030014,144.69940514321272,0.891669149152591,149.75550149999998,2.450012000000015,2.3598249683796846,2.4573929936948,2021,11,15,0,bullish
149.940002,151.490005,149.339996,151.0,59256200,60.2376623957086,57.4365537798448,56.58756698093349,32.264710713833644,147.09720002,147.6990531134062,146.87920013,144.82416939780256,0.9408818835277089,149.86750175,2.150008999999983,2.329851258611156,2.435436994145171,2021,11,16,1,bullish
151.0,155.0,150.990005,153.490005,88807000,71.53077690775945,63.522073715975054,162.96432895045473,182.58177086959725,147.0648001,147.92614926582164,147.06630019,144.99577010279657,1.167349445975134,150.07900225,4.009995000000004,2.569871793095277,2.547905423134801,2021,11,17,2,bullish
153.710007,158.669998,153.050003,157.869995,137827700,82.01401942767987,71.2962886388152,167.76826596336522,285.79437740391825,147.14079986,148.3161040004953,147.28170012,145.25070524927585,1.6808790809869265,150.49850220000002,5.619994999999989,3.00560367979595,2.767340392910887,2021,11,18,3,bullish
159.570007,160.449997,156.360001,156.809998,76959800,53.34312518686304,59.12775433860504,-24.20899869396558,51.21598906951146,148.28620026000002,150.4871852737474,148.29119994,146.6847191506002,3.2198900683081035,153.18150169999998,5.580000999999982,3.590965838227717,3.1765743231950614,2021,11,26,4,bullish
159.369995,161.190002,158.789993,160.240005,88748200,64.24989808762648,64.88818938871819,12.612601790983229,70.83395038524472,148.5698004,150.86964879242396,148.46119994,146.9531406525685,3.2900124897070384,153.7035018,4.380003999999985,3.703685575623755,3.262533585823985,2021,11,29,0,bullish
164.020004,164.960007,159.720001,161.839996,118023100,57.9422295188758,62.02700094296667,9.257409587940693,54.46207989019277,150.1022003,152.7906318937188,149.17389998,148.25526979549323,3.876156335501406,156.41550055,5.240005999999994,4.710587739278794,3.937796839929165,2021,12,3,4,bullish
164.289993,167.880005,164.279999,165.320007,107497000,67.25193078696566,66.89940607137933,92.32402936208456,113.35051951604216,150.47020048000002,153.28197993710236,149.34230008999998,148.5931853837013,3.994531937192704,157.11750095,6.040008999999998,4.900505062238966,4.087954851362796,2021,12,6,0,bullish
169.080002,171.580002,168.339996,171.179993,120405400,77.17686360785399,73.14757368901653,145.14932478003377,186.71914695775288,150.98640044,153.98386280231404,149.59020003,149.04044890085572,4.50921789364952,158.15450049999998,6.259995000000004,5.094717910490543,4.243100576265454,2021,12,7,1,bullish
174.910004,176.75,173.919998,174.559998,108923700,79.17826628215536,75.06310487953036,107.36787844938932,167.37426861833376,152.28440031999995,155.58562652070592,150.20060012,150.05121063320132,5.591182441354931,160.7000007,2.8300020000000075,4.7914269138297865,4.209613037698275,2021,12,9,3,bullish
175.25,177.740005,172.210007,174.330002,139380400,64.42331581783213,67.39616392641108,22.900520934606096,75.46794267089781,154.40900054000002,157.94396932946253,151.08820021,151.58992157454242,6.3204734477832005,164.7830009,5.529998000000006,5.147634458854911,4.515463457297053,2021,12,14,1,bullish
168.279999,170.580002,167.460007,169.75,107499100,46.825517998916204,55.617579227622194,-145.72331312759792,-30.315149852824984,156.87200072,160.16516873644122,152.14890014,153.23900884366978,5.107486246317848,168.2600006,3.679991999999999,5.5044612247713305,4.921768516551986,2021,12,20,0,bullish
171.559998,173.199997,169.119995,172.990005,91185900,54.86852673206678,59.38438696110419,-53.23438217688569,0.9102890036015376,157.47560086,160.6681034918749,152.42020018,153.63011767844858,4.867347813336977,168.85850065,4.080002000000008,5.300967049803999,4.861642336798273,2021,12,21,1,bullish
175.850006,176.850006,175.270004,176.279999,68356600,61.91432494901344,62.88096922820609,73.23748670007815,60.64500833013119,158.86560084,161.84444301575994,153.01060010999998,154.5058389340726,4.805845218821673,170.28700025,1.5800020000000077,4.574589179447839,4.550855479178105,2021,12,23,3,bullish
178.089996,179.229996,177.259995,177.570007,64062300,57.63406629924546,61.365926005324496,0.6884929444512053,51.71078312784516,162.09760124000002,164.9366587112326,154.63990019000002,156.82994533355637,4.699998866679181,174.4815002,1.9700009999999963,3.5340783198897125,3.980282130762993,2021,12,31,4,bullish
169.080002,172.5,168.169998,172.190002,106765600,37.77945095666048,49.39582555311963,-100.97085727422817,-127.02476256425628,165.2064007,167.1380640290647,156.25460005,158.9270449007049,2.345429623586739,175.75950005,4.330002000000008,3.9280558990452494,4.073500571307183,2022,1,10,0,bullish
175.779999,176.619995,171.789993,172.190002,84505800,39.83352218106258,48.8229684767792,-8.650353715240112,-70.89606846194376,166.68680048,167.93986920539942,157.03660001999998,159.81925697453374,1.650708850677887,175.4309997,4.830001999999979,3.9102305545007945,4.03152923949048,2022,1,13,3,bullish
162.449997,163.839996,158.279999,159.220001,121954600,15.870336666892785,31.549093777021767,-50.53786736444288,-94.23976624181664,169.19820034,166.6254345601233,158.20460020000002,160.47712179704854,-3.0575362009771254,170.39449995,5.55999700000001,5.126519990974274,4.678991355411469,2022,1,27,3,bullish
165.710007,170.350006,162.800003,170.330002,179935700,61.86266372684133,53.04543426731374,123.87047832296486,6.35639162141529,169.58480038000002,166.77071171462828,158.3410002,160.67222833572086,-2.412173605435868,170.0010002,11.130005000000011,5.98416070654938,5.139778044310651,2022,1,28,4,bullish
174.009995,174.839996,172.309998,174.610001,86213900,68.99717044732276,58.360710859219694,105.07496477309245,85.32246278054234,170.34540038,167.37990727828625,158.74310012,161.22205371261646,-0.8244603640848425,169.4915001,2.529998000000006,5.430200029301586,4.976594522900511,2022,2,1,1,bullish
172.860001,173.949997,170.949997,171.660004,77251200,54.634792442893946,52.5706871112526,-17.823527148656343,60.90423826839279,171.30279998000003,168.2305993441256,159.71430007,162.1402993947324,0.3686251592478982,169.1915001,3.0,4.440260819648005,4.540634359213911,2022,2,7,0,bullish
171.729996,175.350006,171.429993,174.830002,74829200,63.95050583379688,57.33089536822671,35.106594094826264,71.6698189137614,171.66320005999998,168.48939944827754,159.97470016,162.3915806344407,0.6785012653819535,169.3235001,3.920013000000012,4.365939702555434,4.496304262127204,2022,2,8,1,bullish
167.369995,169.580002,166.559998,168.880005,86185500,41.75133148035938,46.88583605143134,-144.96659661206186,-42.23395520398528,172.30019988,168.91278207412228,161.05110015,163.08543510328488,0.3617568471069035,168.82599950000002,3.020004,4.065372401712553,4.288251585240916,2022,2,14,0,bullish
165.539993,166.149994,159.75,160.070007,90009200,23.83864756867166,35.42388751463673,-144.51509905644485,-191.4354053827284,171.86980038,168.57946434394017,162.45660032,163.5848213434534,-1.2633023366949487,169.9040008,6.399993999999992,4.503406301033592,4.424365467129864,2022,2,23,2,bullish
152.580002,162.850006,152.0,162.740005,141147500,34.88012503329773,40.38950392700473,-120.0066694747073,-187.97488811513867,171.60980038000002,168.35046593829546,162.65750043,163.56809230694938,-1.5994198358925755,170.05650095,10.850006000000008,5.410063400885937,4.883339790906303,2022,2,24,3,bullish
164.699997,166.600006,161.970001,163.199997,83474400,38.08607314335407,41.83169920799847,11.030559462279683,-60.922003580978696,170.95540034,167.90005213221554,163.36670041,163.6153145670602,-1.8448758410205528,169.49850075,4.630005000000011,4.88053687927511,4.7006594062030445,2022,3,1,1,bullish
158.820007,162.880005,155.800003,157.440002,131148300,27.28895174571153,35.604857819635725,-156.39161160113926,-137.3383751386231,169.89340024,166.89172806213182,164.37950054,163.50338704574563,-2.4897159326733345,166.7635009,7.080002000000008,5.0775267013294,4.828213441373659,2022,3,8,1,bullish
151.449997,154.119995,150.100006,150.619995,108732100,25.666191429503115,32.534970545878295,-161.96167816770955,-201.9741809385712,168.08580014,165.35523891631863,164.80860056999998,162.9728486285393,-3.674262255672062,163.51100075,4.629989999999992,5.256077286515159,5.008065672404025,2022,3,14,0,bullish
150.899994,155.570007,150.380005,155.089996,92964300,39.40387963481776,39.74219467666711,-80.8803116134437,-124.2829867851619,167.63619992,164.95268037058062,164.86690058,162.81675253688505,-3.780661471341346,162.8215003,5.190001999999993,5.246637959870135,5.021061124375166,2022,3,15,1,bullish
157.050003,160.0,154.460007,159.589996,102300200,50.211048430455264,45.99678032258792,27.686860123579606,-43.98453060332092,167.18779994,164.74237902271472,164.96800058,162.7528563678378,-3.461963860012844,162.16150045,5.53999300000001,5.288545822745832,5.058127686919797,2022,3,16,2,bullish
158.610001,161.0,157.630005,160.619995,75615400,52.47446857015112,47.34401105216345,64.4087558231259,-9.312933201753928,166.8061999,164.58071690417688,165.08730050999998,162.71062148926677,-3.0906542572909075,161.56500004999998,3.3699949999999887,5.01446713378214,4.937546780711239,2022,3,17,3,bullish
160.509995,164.479996,159.759995,163.979996,123511700,59.48426367742325,51.58699738401874,128.68766774669234,48.78127759205714,166.58739986,164.55715922166013,165.24070048000002,162.73575761819217,-2.496486776442765,161.3199996,4.720000999999996,4.972400543241833,4.9220077963747215,2022,3,18,4,bullish
163.509995,166.350006,163.009995,165.380005,95811400,62.19487490053257,53.276411631452106,121.5889700961234,86.61794298165374,166.45499996,164.5894276835558,165.40130046000002,162.7881189524854,-1.8908393224854765,161.22399969999998,3.340011000000004,4.739202037064429,4.809008025205098,2022,3,21,0,bullish
165.509995,169.419998,164.910004,168.820007,81532000,68.27861078852737,57.22612250652576,115.49623261536904,130.19090426355282,166.38800014,164.75533275478892,165.60100047,162.90756228015897,-1.120365068558982,161.4489997,4.509994000000006,4.706458031769512,4.787649880547591,2022,3,22,1,bullish
167.990005,172.639999,167.649994,170.210007,98062700,70.5153652839033,58.74373135991196,114.08047232850532,159.55358347038708,166.34840024000002,164.96924154871877,165.77740047000003,163.0521651458984,-0.3930662648438101,161.95599969999998,4.9900049999999965,4.746964741516725,4.802103817651335,2022,3,23,2,bullish
173.880005,175.279999,172.75,174.720001,80546200,76.84441473687414,63.33908219891308,105.14116115391116,142.7130167016352,166.31200038,165.69452124047436,166.27770045,163.49706618791785,1.226629803453136,163.01599955,2.529999000000004,4.3302178713184105,4.581966465219773,2022,3,25,4,bullish
172.169998,175.729996,172.0,175.600006,90371900,78.06554950898642,64.23080159729071,84.99665961573368,116.97589169186676,166.38020045999997,166.08297162320085,166.53350047,163.73672836241454,1.8606451033778344,163.5400001,3.729996,4.244471889701495,4.52111143198979,2022,3,28,0,bullish
174.029999,174.880005,171.940002,174.309998,78751300,60.95861776292799,58.98922952291783,-61.964273852431546,48.8813391053504,167.02100063999998,167.59782499697909,167.54830044,164.70803430750686,3.130618911510311,165.86450115,2.9400030000000186,3.767745397773073,4.186299976001158,2022,4,1,4,bullish
168.710007,169.029999,165.5,165.75,72246700,31.954118661688312,44.02232821248247,-144.8768930660369,-177.2580908541863,168.22620052,168.52834907591858,168.90550045,165.54261448393274,1.5677889872033577,170.35200115,4.5899960000000135,3.908059870925385,4.1242100620656,2022,4,11,0,bullish
168.020004,169.869995,166.639999,167.660004,79265200,39.43332130906561,47.035199063224574,-85.64930904839048,-131.24969058248206,168.08380062,168.49429632784333,169.04720044,165.5845429892014,1.1518993855702888,170.98050155,4.119994999999989,3.9383363179360416,4.123908986203771,2022,4,12,1,bullish
163.919998,166.600006,163.570007,165.070007,69023900,36.0459729057801,44.00228185326709,-119.98495506143328,-125.05201619483864,167.63200067999998,168.3082660612468,169.26040036000003,165.6602533852681,0.0918606542432769,171.8090019,3.029999000000004,4.123996098175468,4.19445990877904,2022,4,18,0,bullish
166.460007,167.869995,161.5,161.789993,84882400,29.78819613993805,39.91549469143988,-139.9516549395761,-121.13627512135947,166.98560022,167.91087776103566,169.48480008,165.6606702690022,-0.8444195766093685,171.02699965,6.369994999999989,4.467724345787344,4.341022938870215,2022,4,22,4,bullish
155.910004,159.789993,155.380005,156.570007,88063200,23.39760694089668,34.68004331288368,-113.05888841962047,-174.50381555377845,166.31780054000004,166.86538535801532,169.30900021000002,165.2557692384658,-2.379831301897269,168.3754997,4.409987999999999,4.692121617172206,4.489320062572109,2022,4,27,2,bullish
156.710007,158.229996,153.270004,157.960007,123055300,37.70730365495282,40.433988046221856,-106.7099166810873,-131.44253418622074,165.61840052,166.0521792041458,169.11810025,164.93293080326828,-2.740870275909259,166.00349955,4.959992,5.593695753088036,5.031940071600189,2022,5,2,0,bullish
158.149994,160.710007,156.320007,159.479996,88966500,42.54297047606795,42.82169391435152,-19.191761577554523,-75.8626188582215,165.46200037999998,165.7944465294734,168.96210019000003,164.82495189627286,-2.7454052849039385,165.05549925,4.389999999999986,5.4217392169326,4.986087209343032,2022,5,3,1,bullish
154.929993,155.830002,151.490005,152.059998,131577900,33.352291959178714,37.75589999420578,-144.38778569887822,-144.64416770587334,165.06499997999998,164.61619282898656,168.24260022,164.29477080912616,-3.1364419109202686,162.20599975,5.789994000000007,6.209140605224761,5.564136349777342,2022,5,9,0,bullish
142.770004,146.199997,138.800003,142.559998,182602000,25.256240533755715,31.933705113331428,-154.5062265660588,-240.2150524030705,164.03880004,162.70281849155637,167.45130018000003,163.3328248953561,-4.873019990073772,159.1939995,7.699996999999996,6.681733042940372,5.932583080707295,2022,5,12,3,bullish
145.550003,147.520004,144.179993,145.539993,86643800,34.4854056074728,36.68818822442866,-60.74419640340586,-113.59097963149485,163.30380004,161.44226319962587,166.95040007,162.6656088210357,-5.368503533095833,157.3084992,3.340011000000004,6.064541113180681,5.721361217548637,2022,5,16,0,bullish
139.089996,140.699997,132.610001,137.589996,137426100,28.90996389954914,33.10999294205044,-124.32061425117784,-125.24086848944631,161.83960019999998,158.42820329129177,165.48500027999998,161.01169507168007,-6.673117425270249,152.41650085,8.089995999999985,6.409628684165826,5.984262334845027,2022,5,20,4,bullish
138.429993,141.789993,138.339996,140.520004,92482700,38.87472680981157,38.18752959155823,-24.54472699447267,-67.85261753318667,161.11060058,156.49062773462083,164.37340024999995,159.86448365823588,-6.314972089720726,149.80350040000002,3.449996999999996,5.832097873993638,5.770340164232698,2022,5,25,2,bullish
137.389999,144.339996,137.139999,143.779999,90601500,47.47270911590488,42.38754457046718,69.6479206349881,-39.42084069564237,160.79440064,155.99217170581215,163.99110029,159.54597901153815,-5.89834622971361,148.8105004,7.199997000000025,6.027512034851694,5.87245850964465,2022,5,26,3,bullish
149.899994,151.740005,147.679993,148.710007,74286600,56.97885794592414,48.1184123484913,87.8927551367819,107.2576083103472,159.93860076,155.20716798695142,163.19680036,158.9351373551384,-3.8060449092286888,147.41550065,4.060012,5.462750167720013,5.608562004259946,2022,6,1,2,bullish
146.899994,147.970001,144.460007,145.380005,88570300,46.292306661519845,44.66690406105048,-7.538229044537577,30.72857571743248,159.08980072,154.67118474920045,162.71910048,158.51677518024815,-3.015861946937804,146.10550085,6.75,5.517735184447354,5.610597029183321,2022,6,3,4,bullish
147.029999,148.570007,144.899994,146.139999,71598400,48.33219168012337,45.6263602447151,-20.848185283798028,39.38958442961104,158.53120056,154.33662844531025,162.42970045,158.27169050341155,-2.837576939962503,145.54850085,3.670013000000012,5.253774872383448,5.471983884241657,2022,6,6,0,bullish
132.869995,135.199997,131.440002,131.880005,122207100,23.44804366058756,32.9326892553437,-157.58340617661185,-185.7938400458009,155.06440064,151.97444156068187,160.94470061,156.67424200758612,-3.7796810808854095,143.8275024,5.690003000000019,5.091421482754427,5.286645794501057,2022,6,13,0,bullish
133.130005,133.889999,131.479996,132.759995,84784300,26.46788029528041,34.23857117239535,-99.4127706683136,-155.18114883161826,154.23340058000002,151.22093385241982,160.62720061,156.20069256189134,-4.313986800885232,143.1885025,2.410002999999989,4.708361699503793,5.0811713091795525,2022,6,14,1,bullish
132.080002,132.389999,129.039993,130.059998,108123900,27.555342208821187,33.79387599167215,-86.41318886483626,-128.89803710316585,152.4732004,149.79612506330645,160.04180053,155.2798986382803,-4.970463472900292,141.96000145,6.389999999999986,5.006346391472176,5.1812135063844105,2022,6,16,3,bullish
130.070007,133.080002,129.809998,131.559998,134520300,32.46965521837542,36.00203289282357,-65.46804926807383,-96.9747624706972,151.66780032,149.08098282552973,159.75960052,154.81019763554207,-5.185911237579859,141.67050105,3.270004,4.758297478404722,5.044698541642667,2022,6,17,4,bullish
134.789993,137.759995,133.910004,135.350006,73409200,43.83776256318692,41.48483079403254,90.23174717539445,-40.7880430767138,150.24760044,148.0447519746624,159.2827005,154.05722059091732,-4.753417327236434,141.19650125,3.849991000000017,4.719360126991227,4.989560854783729,2022,6,22,2,bullish
136.820007,138.589996,135.630005,138.270004,72433800,51.85418546123088,45.44665502686615,108.84097423299896,-14.536205144273517,149.69800052,147.66142852467564,158.96210052,153.7446024406021,-4.310890311141662,141.09200140000002,3.239990000000006,4.508021537421053,4.864591508013463,2022,6,23,3,bullish
142.130005,143.419998,137.320007,137.440002,67083400,46.80591497937066,44.67098104752985,43.803484193522486,30.97473691612495,148.0462009,146.8172146014999,157.91740066,152.95726305489154,-2.9411010170038026,140.4330018,6.099990999999989,4.400910726189347,4.721904703755676,2022,6,28,1,bullish
137.25,138.369995,133.770004,136.720001,98964500,44.86072850186874,44.16831057909822,-84.78144891622941,1.525779592930841,146.91580082000002,146.13537561253412,157.2240007,152.36928875708185,-2.601019335565411,139.35300149999998,5.459992,4.503116941690132,4.726743790483211,2022,6,30,3,bullish
136.039993,139.039993,135.660004,138.929993,71051600,51.6248905014734,47.2959908993501,-47.87058332665757,39.88729868291577,146.34980076,145.8528115885132,156.89670059,152.10316408862477,-2.3527008257185287,138.7390008,3.3799890000000232,4.34267009287726,4.630547019734411,2022,7,1,4,bullish
137.770004,141.610001,136.929993,141.559998,73353800,58.66505771216397,50.82639328145344,30.317026302749536,78.14465855857212,145.85260076,145.6844659575911,156.56400055,151.89438852251337,-1.921536912582468,138.54800045000002,4.680008000000015,4.390861222466225,4.63407994689624,2022,7,5,1,bullish
141.350006,144.119995,141.080002,142.919998,74064300,62.00130913122152,52.59476623953413,121.19807297177589,122.34229107616642,145.47520085999997,145.57605544945025,156.23040054,151.71667781909727,-1.4533425428880378,138.3870004,3.0399929999999813,4.197880047828191,4.520216593546507,2022,7,6,2,bullish
145.669998,146.639999,143.779999,144.869995,63141600,60.97486486959038,54.16058074135972,61.60419536234858,106.02337323524854,144.71540044,145.63154198150315,155.51660049,151.38822247751705,0.0654144748574481,138.33449945,3.259994000000006,3.8025134178743154,4.244696090022477,2022,7,11,0,bullish
142.990005,146.449997,142.119995,145.490005,71185600,61.793449177536296,54.843310622366495,10.438490478253994,66.34804620180908,144.1166007,145.63459934855405,154.97670059,151.16412407706542,0.5665504619074682,139.45149925,4.330002000000008,3.8506226335403153,4.206702516396932,2022,7,13,2,bullish
144.080002,148.949997,143.25,148.470001,78140700,69.90710874841926,58.916315934360384,94.56123787056994,99.7917837975544,143.92680058,145.7457915701794,154.77260055,151.11077510524234,0.95550011929123,140.23699955,5.699996999999996,4.114818971605984,4.3133664080828655,2022,7,14,3,bullish
150.740005,151.570007,146.699997,147.070007,81420900,58.27970583099924,55.36488878183847,82.19878184057143,91.01100423635272,143.36160068,145.96441602383726,154.4288005,151.01249954166065,1.4583488675579588,141.82450025,4.870010000000008,4.044562795465623,4.243464872275534,2022,7,18,0,bullish
147.919998,151.229996,146.910004,151.0,82982400,68.11363646690369,60.41616614327665,93.72003590958566,102.17670585582684,143.2462006,146.1618899052554,154.33810043,151.0122520259842,1.8127346291343256,142.79650035,4.319992000000013,4.083909824684822,4.2489310956844255,2022,7,19,1,bullish
151.119995,153.720001,150.369995,153.039993,64823400,72.09671447256812,62.771343117087525,135.66399852224066,138.7693338933367,143.16140048,146.43161943838265,154.24110031,151.05240531259838,2.232463831176944,143.65500025,3.350006000000008,3.97906642115842,4.184722160278396,2022,7,20,2,bullish
152.259995,153.089996,150.800003,151.600006,55138700,57.75566921390043,57.88959851190458,-9.845693938453527,56.75644630971652,143.52860076000002,147.46732184443684,153.7837004,151.23801753586434,2.955919200408175,146.50749960000002,2.2899930000000097,3.440689603007632,3.842190344614519,2022,7,26,1,bullish
156.979996,157.639999,154.410004,157.350006,81378700,71.91450130504572,64.97579469147833,123.73511830357263,114.12895655905314,143.95840086,148.2061359763525,153.63110045,151.46681008675685,3.521032546502284,148.38099964999998,3.2299950000000024,3.6909136062913217,3.923673705305376,2022,7,28,3,bullish
160.100006,162.410004,159.630005,160.009995,59907000,67.86273026161527,64.91514081454798,62.03408599983083,115.6807171146382,145.09080020000002,149.6880961053584,153.67450028000002,152.04102110000878,4.490403994127547,151.7219993,2.7799989999999752,3.711186961979376,3.905943957564108,2022,8,2,1,bullish
164.020004,165.820007,163.25,164.919998,63135500,71.6217006711467,68.11890530580729,29.06755327699746,71.7728834124869,147.52520022000002,152.53457571331464,154.15980043,153.31258291447224,5.411137084771241,156.72399975000002,2.570007000000004,3.581030771068701,3.8023263345385314,2022,8,9,1,bullish
170.059998,170.990005,168.190002,168.490005,57149200,75.60225594310481,70.7667644882309,132.38157190119165,112.2073219855045,148.31020052,153.78970291721205,154.29110062,153.9222749872309,5.724925032364922,158.91249995,2.800003000000004,3.572186056295376,3.77169982927047,2022,8,11,3,bullish
169.820007,172.169998,169.399994,172.100006,68039400,81.60586627828377,74.22199002958492,126.1296347732756,127.5195823465811,148.7780005,154.50775401849785,154.35830063,154.2822300567907,6.001058266471659,160.00900035,3.679992999999996,3.587587048253179,3.765149341465436,2022,8,12,4,bullish
172.779999,173.710007,171.660004,173.029999,56377100,81.95356849872823,74.73876605192149,92.84172618857151,128.2452457932589,149.77060028,155.93802287290015,154.4302005,155.02047024611372,6.336179992535932,162.41650005000002,2.050003000000004,3.178430872186007,3.5282152536105023,2022,8,16,1,bullish
167.320007,168.110001,166.25,167.529999,53841500,45.11284268051586,57.86481918888755,-86.75316887128447,-50.812958296304,153.1323999,158.98724343094605,154.09840027,156.75122459704022,4.511474927552769,167.35300065,1.8600010000000111,2.867507620988792,3.2344924680300955,2022,8,24,2,bullish
156.470001,157.089996,153.690002,154.529999,73714800,20.61304130078389,36.11191816484018,-101.88672321855086,-112.26207512328308,157.1024002,159.13851389552073,153.14020036000002,157.19233571295104,-0.7815627078097123,166.1490013,3.399994000000021,3.859685127381282,3.714233645384505,2022,9,6,1,bullish
154.639999,156.360001,152.679993,154.460007,84923800,25.82342772455356,37.24440734579628,-100.55474159214783,-92.63950144619378,157.72880036,158.83528383819504,152.88750063,157.1143108638989,-1.516605755454492,164.96200185,3.680008000000015,3.736095971137268,3.66839570954072,2022,9,8,3,bullish
155.470001,157.820007,154.75,157.369995,68028800,41.42984278305884,43.75371386934405,21.487066525508983,-59.354636241157245,158.09160034,158.77782153081483,152.81050051,157.1193739160989,-1.5670619532703824,164.40600135,3.3600000000000136,3.682367975260518,3.646367444573527,2022,9,9,4,bullish
159.899994,160.539993,153.369995,153.839996,122656600,37.698480745471,41.13764805882306,-30.982044216274204,-63.809620040403686,158.92400024,158.7594649755811,152.6369005,157.17692398369624,-1.495967504867224,163.0050004,10.059998000000007,4.986229247130178,4.319622806800645,2022,9,13,1,bullish
151.210007,151.350006,148.369995,150.699997,162278800,33.37656757169027,38.278976350141896,-141.9393002296307,-181.396288047897,159.475,158.0777945489453,152.30980044,156.91984696128264,-2.402319261135148,159.8375001,4.0,4.55896619061259,4.219854547208825,2022,9,16,4,bullish
149.309998,154.559998,149.100006,154.479996,81474200,44.94871446878237,44.36403343670232,-59.25210703634993,-97.73070405479864,159.62380006,157.93670440977095,152.28660037,156.8715330808612,-2.3746585629669994,158.98549970000002,5.459992,4.68768416338222,4.308435793836765,2022,9,19,0,bullish
149.660004,153.770004,149.639999,150.770004,93339400,37.594028196109306,40.65661845303825,-46.66658395726512,-86.09289439727888,160.21779999999998,157.0033959378384,151.97920031,156.48882496796097,-2.6032343518247387,155.41449975,4.130005000000011,4.492267606441374,4.325359156257501,2022,9,26,0,bullish
141.279999,143.100006,138.0,138.199997,124925300,18.408372049812712,28.5341901353151,-147.1848994859086,-221.21541893953423,159.73419956,155.2771120228728,151.4807001,155.64007633506978,-4.154881313467399,152.7549981,5.100006000000008,5.4304383048513225,4.886586406493922,2022,9,30,4,bullish
138.210007,143.070007,137.690002,142.449997,114311700,33.70781537442225,36.049357623877405,-82.33667021578079,-151.37295861274973,159.50139958,154.77408790432875,151.36010012,155.37888664526642,-4.40180951301096,152.08699804999998,5.380005000000011,5.423233547015421,4.9218305917443566,2022,10,3,0,bullish
139.130005,140.360001,138.160004,138.339996,70433700,28.937915547034663,33.972574455092825,-80.73368290903683,-93.31253435256582,157.36219942,151.65550288240422,151.22649981,153.64776092669115,-4.718782365321431,147.12999725,2.1999970000000246,4.108741076728614,4.352306613857055,2022,10,12,2,bullish
144.309998,144.520004,138.190002,138.380005,88598000,36.49291865710069,37.34254548473552,-24.871201702418503,-53.8970788187569,156.35079955999998,150.80839808560268,151.23319994000002,153.13856355675912,-4.47898855720203,146.04499815,6.330002000000008,5.0519326278006185,4.816427850723687,2022,10,14,4,bullish
141.070007,142.899994,140.270004,142.410004,85250900,48.663562361274906,43.74607818489466,166.2794285452705,-11.229826851283066,155.89199952,150.479049297932,151.25369997,152.9261168328629,-4.16342493893967,145.44149854999998,4.519988999999981,4.975940680971957,4.795253647100566,2022,10,17,0,bullish
143.020004,145.889999,142.649994,143.389999,64522000,50.86135790448373,45.2530379113496,88.15537176938594,54.46646487693401,154.53139956,149.70806274093977,151.22429995000002,152.38673047624533,-3.1074092417723307,143.82349855,3.2400049999999965,4.658026711632483,4.67468003669094,2022,10,20,3,bullish
142.869995,147.850006,142.649994,147.270004,86548600,62.37569781167815,51.35681656418379,124.90844776751284,96.86381110966131,154.10699954,149.61245259423626,151.20860003,152.28540915988404,-2.536708852003642,143.66549909999998,5.200012000000015,4.735453181399273,4.712203748355873,2022,10,21,4,bullish
147.190002,150.229996,146.0,149.449997,75981900,67.38525646831121,54.43090695247469,163.60505081968964,152.90615115650206,153.65399936,149.60608178661917,151.21599993,152.22926238444077,-1.88676797851528,143.59949875,4.229996,4.663245012627948,4.677760337759025,2022,10,24,0,bullish
148.070007,149.050003,144.130005,144.800003,109180200,46.40722083018738,46.811995798602936,-27.25591515705421,44.2606146278202,152.16839937999998,149.50692812342132,151.25359987,152.02836913207543,-0.8186786197146034,143.71999965,5.220000999999996,4.537379713491651,4.596111836755313,2022,10,27,3,bullish
138.5,138.550003,134.589996,134.869995,74917800,29.233867104521835,37.402023988419245,-81.74224904953793,-124.04772166804678,148.03579926,147.6131375804695,151.82539977,150.63677006436978,-2.416568551117308,144.66500085,4.9100039999999865,5.458357334263471,5.299761086055153,2022,11,9,2,bullish
141.240005,146.869995,139.5,146.869995,118854000,56.97748276480692,51.89303941178959,84.16537399286943,-14.723854292241048,147.82879914,147.58399473417657,151.93539977,150.56218045913474,-1.876833737806152,144.85900035,12.0,6.392877715082975,5.778349579908357,2022,11,10,3,bullish
148.970001,150.279999,147.429993,148.279999,73374100,57.8680723704548,52.97481212859168,102.22809230390382,43.34468673690876,147.51299896,147.69101536361322,152.17899963,150.50025388530338,-0.7814055252721062,145.7184997,2.850006000000008,5.794564076387494,5.560005933696494,2022,11,14,0,bullish
149.130005,149.869995,147.289993,148.789993,64218300,57.47105880605626,53.21157246593493,52.80868390688201,38.16531412230288,147.27979856,147.82261687352377,152.33409941,150.45745373295347,-0.0169993446481839,146.27949895,2.75,5.300291607141834,5.34270899895259,2022,11,16,2,bullish
150.160004,150.369995,147.720001,148.009995,58724100,51.84902058051646,51.476104783977824,-45.3377250309753,52.483157043711536,146.77499844,148.06549423946444,152.70039931,150.4301437708369,0.6861115575729855,146.77499840000002,3.569992000000014,4.74149416659661,5.042011557105993,2022,11,21,0,bullish
148.130005,150.419998,146.929993,150.179993,51804100,57.482460998513815,54.06678908384529,-27.29835454601564,56.10148612978052,146.70179838,148.14841575948543,152.81289931,150.42519029022628,0.8459351317720802,146.66699825,3.4900049999999965,4.56270999993995,4.931153945884136,2022,11,22,1,bullish
144.289993,144.809998,140.350006,141.169998,83763800,33.011182825802976,42.47221147866065,-151.57905363289072,-110.34148834576364,146.1359988,147.82696240880048,152.87989943,150.08945467229933,-0.0330320301733024,145.7339981,4.459992,4.317747838368255,4.68412138896285,2022,11,29,1,bullish
142.190002,143.369995,140.0,140.940002,69721100,33.78995094005229,42.30758037988007,-109.7982209495562,-153.05132259353002,145.30219908,147.35036526929093,152.80689941999998,149.59117053484388,-0.6250406004497506,146.89749835,3.3699949999999887,4.366630316670003,4.606313723995793,2022,12,7,2,bullish
142.339996,145.570007,140.899994,142.160004,76097000,39.29121999656785,44.36614979597648,-53.34079016726434,-78.6985750016626,145.1519992,146.96972196523163,152.61459947,149.30929144515292,-0.997924360004049,147.05099875000002,4.670013000000012,4.191199885716739,4.476465445690252,2022,12,9,4,bullish
142.699997,144.5,141.059998,144.490005,70462700,48.80333837891527,48.14527890663048,-28.21065074001896,-57.46224290726551,145.27779936,146.87247816267353,152.50599946,149.2138600303974,-0.9421004269904358,146.79049915000002,3.4400019999999927,4.083885902042918,4.402432342426662,2022,12,12,0,bullish
131.389999,133.25,129.889999,132.300003,77432800,21.97186080217025,33.63016145623932,-95.58878497804206,-158.39439114684092,144.5471997,144.778884292971,151.39669954,147.85832081000063,-3.1187286162981707,143.1520005,3.360001000000011,4.434837884424977,4.5462075589136015,2022,12,20,1,bullish
129.669998,131.029999,125.870003,126.040001,85438400,19.559097937967508,29.714325169542064,-159.5275514173435,-114.02037837894636,143.63739945999998,142.27245460133057,149.76469949,146.25758674372062,-4.417704933037612,139.1950002,5.159996000000007,4.276327272522678,4.420609156584139,2022,12,28,2,bullish
130.279999,130.899994,124.169998,125.07,112117500,27.14347925750161,32.329408110194706,-123.82254360087046,-103.6793050932216,142.70959934,140.6744274917486,148.62049944999998,145.2043854557662,-4.719808263187048,136.21800015000002,6.729995999999986,4.428968480655677,4.460698302483728,2023,1,3,1,bullish
127.129997,127.769997,124.760002,125.019997,80962700,29.93780456523929,33.46799215921715,-101.77838232471974,-112.88106501004845,141.80279928,139.52119192606244,147.72839932,144.43892769767322,-4.916453087952192,134.3099996,3.0099950000000035,4.123527638849069,4.29932650571301,2023,1,5,3,bullish
130.259995,131.259995,128.119995,130.729996,63896200,51.45533958357568,44.084227404445,75.14598027275011,12.383537826934996,140.68299888,138.4649270197987,146.42569913,143.60817975185762,-3.85661372707284,132.54749884999998,3.140000000000015,4.07615781921691,4.2505251301208045,2023,1,10,1,bullish
133.880005,134.259995,131.440002,133.410004,71379600,59.96976208917074,48.7638901268582,97.37384841319324,120.35385410084626,139.83939904000002,138.07925054691913,145.63799924,143.2098433041816,-2.833773941644438,131.394499,2.819993000000011,3.771052254934876,4.068716800971512,2023,1,12,3,bullish
132.029999,134.919998,131.660004,134.759995,57809700,64.29410793796909,51.14197707347016,93.14005779220908,135.50866808854562,139.52159906,137.94908366272622,145.30989911999998,143.04251957538594,-2.328028871373732,130.97199840000002,3.259994000000006,3.6980439328013226,4.010950886616404,2023,1,13,4,bullish
134.080002,136.25,133.770004,135.270004,58280400,63.53716172708424,51.85976276926709,52.640701057287465,92.4418433917024,139.20419914,137.6680900199326,144.32619931000002,142.6014513838921,-1.1346654567939254,131.12399955,2.479996,3.453110628236402,3.820603735384928,2023,1,19,3,bullish
135.279999,138.020004,134.220001,137.869995,80223600,72.41693407125511,56.7009283971428,93.2744742850237,107.08997039898055,139.18319908,137.67600786228817,144.06869931,142.50775917827048,-0.6721739091989036,131.40249914999998,3.800003000000004,3.502666681345488,3.819132254286004,2023,1,20,4,bullish
138.119995,143.320007,137.899994,141.110001,81760300,79.6293039219308,61.84964462237188,188.9506570704613,155.84262949383526,139.21539909999998,137.8106742598455,143.86599927,142.48008079850274,-0.0437008629726278,131.68549935,5.450012000000015,3.7808588697247054,3.9356236646941474,2023,1,23,0,bullish
140.889999,142.429993,138.809998,141.860001,65799300,77.03100141176506,62.1975207236916,71.72991002277139,115.80086073799038,139.2683993,138.14728523717383,143.54859922,142.4687708960029,0.9775273992954964,132.7004995,3.720000999999996,3.6594067818385567,3.84887972619036,2023,1,25,2,bullish
143.169998,144.25,141.899994,143.960007,54105100,81.21781435734619,65.278972803736,95.52966590486548,137.40694498363948,139.1535995,138.37523511022584,143.40859922,142.4983003238048,1.4590992927435025,133.39699990000005,2.389998999999989,3.478062813004476,3.744673960033905,2023,1,26,3,bullish
144.960007,145.550003,142.850006,143.0,64015300,65.45255909933647,60.54260505151436,63.4286748895944,94.72479174608496,138.96579952,138.84124521862833,143.19449917999998,142.57484365136858,2.126361432652459,135.06099945,3.0799869999999885,3.5034721279216527,3.724079792070049,2023,1,30,0,bullish
142.699997,144.339996,142.279999,144.289993,65874500,69.0167597925748,62.47530534521324,37.89615371126246,79.40113349027781,138.87579952,139.05492160221152,143.07779904,142.60880700480683,2.322117639073525,135.77899945,2.05999700000001,3.297261395361418,3.6052167354936175,2023,1,31,1,bullish
143.970001,146.610001,141.320007,145.429993,77663600,71.99553564994116,64.14665738613746,66.24865519503768,82.20180622852533,138.76999936,139.3049244021248,142.9874989,142.66467207401857,2.539965178131922,136.7969991,5.289994000000007,3.58193748173836,3.725557968672645,2023,2,1,2,bullish
148.899994,151.179993,148.169998,150.820007,118339000,81.70032626178845,70.77462760074366,201.3801637083883,159.98129764625426,138.76059964,139.75649626870813,142.92199902000002,142.82616385473108,3.111670604139136,138.01999940000002,5.75,3.89166069863288,3.870160970910313,2023,2,2,3,bullish
152.570007,153.100006,150.779999,151.729996,69858300,71.98423737871859,67.70450553809579,80.51809166435852,138.04142737173197,138.9213998,140.78154830187165,142.81159909,143.22906490855988,4.106360175678532,140.5994996,3.720000999999996,4.559996125526197,4.236159474917566,2023,2,6,0,bullish
149.460007,151.339996,149.220001,151.009995,57450700,61.196682000795526,62.70899184706597,-95.91424781322904,44.50375513293709,139.3989993,142.44834259168144,142.76749905,143.90978777348906,4.365355123369653,144.63299875,2.119995000000017,4.0211798349362615,4.0370366821147625,2023,2,10,4,bullish
152.119995,153.770004,150.860001,153.199997,61707600,65.23094195475485,64.73815944659825,30.102103900678,60.41138908875241,139.61319942,143.2995658764426,142.73179913,144.28669057445018,4.419736176843856,146.45049905000002,2.9900049999999965,3.790459001177662,3.916016481007117,2023,2,14,1,bullish
147.110001,147.190002,145.720001,146.710007,55469600,35.78155337345309,48.59452333586847,-105.929868608313,-173.68145725327577,140.56319944,145.06090129242654,142.92049939999998,145.11392836182867,2.335545176371653,150.314499,3.679992999999996,3.424945550127525,3.626912519248031,2023,2,24,4,bullish
144.380005,146.710007,143.899994,145.910004,52238100,36.70462696758437,47.118551660263215,-103.38185315376968,-112.7562134779604,141.10039945999998,145.28806417901046,142.98219954,145.22951166025842,0.9266473237684067,150.70950025,2.810012999999998,3.0014679691650423,3.335647836662926,2023,3,2,3,bullish
148.039993,151.110001,147.330002,151.029999,70732300,59.71917676642555,56.98423646059204,114.77714160908388,0.0062788088480888,141.47359954,145.51323809355907,143.09159957,145.34437279569886,1.080500201261316,150.71999984999997,5.199997000000025,3.3155435449986115,3.468815634044147,2023,3,3,4,bullish
153.699997,154.029999,151.130005,151.600006,56182000,57.28187580341963,56.44960246395125,79.07214734435026,59.46743865141836,142.22719969999997,146.06529237625352,143.35189971,145.6329516104935,1.4778969713513277,150.68000045000002,2.8999939999999924,3.49550101265204,3.547652092619698,2023,3,7,1,bullish
150.210007,150.940002,147.610001,148.5,68572400,43.96931760345047,49.69882722226367,-51.72488332815282,-11.180407334904515,143.3839996,146.5775840270473,143.67439955999998,145.92362881983834,1.2627657978682123,150.40600064999998,3.3300009999999816,3.4009853111744595,3.4793441882235685,2023,3,10,4,bullish
147.809998,153.139999,147.699997,150.470001,84457100,51.67766267588858,53.22813255557776,-47.67349105286745,31.285541412665623,143.8725996,146.7302278299082,143.75499953,146.01365599172271,1.2038136959629355,150.37900095,5.440001999999993,3.692273409578107,3.619391174779028,2023,3,13,0,bullish
151.190002,153.25,149.919998,152.990005,77167900,60.08875251669296,57.39633048895418,38.91021728388902,60.87017491360375,144.79339974,147.19649255578992,143.93469953,146.2794473672066,1.4155337423620151,150.30550085,3.3300020000000075,3.5924854029553432,3.5775356149880384,2023,3,15,2,bullish
156.080002,156.740005,154.279999,155.0,98944600,63.78265505488096,59.831977956370416,131.00380398247756,116.19037891501988,145.98179983999998,147.82855794481029,144.13659956,146.63789479796017,1.849629016061556,150.3960007,2.460005999999993,3.581011520538619,3.580120953739686,2023,3,17,4,bullish
155.070007,157.820007,154.149994,157.399994,73641400,70.34217209668338,63.41104859388981,106.62307631274528,130.24482174071696,146.62939978,148.20390837834714,144.21609952999998,146.8510056732481,2.1310721847202103,150.63850025000002,3.670013000000012,3.5937260176045323,3.586541814186852,2023,3,20,0,bullish
159.300003,162.139999,157.809998,157.830002,75701800,66.1064647686459,62.34854614224648,114.45981558864796,151.93183758731152,147.77620002,148.9987251527918,144.37029952,147.3096565836197,2.6045936465600903,151.6245003,4.330000999999982,3.60906427824006,3.591457110191722,2023,3,22,2,bullish
158.830002,161.550003,157.679993,158.929993,67622100,69.19562351403782,63.964268580261326,89.2078613318231,129.13381471564847,148.34019995999998,149.38818663699604,144.51159942,147.53976225523118,2.7624212814470184,152.10100025,3.870010000000008,3.646342238491481,3.611353745178029,2023,3,23,3,bullish
157.970001,158.490005,155.979996,157.649994,45992200,57.20496698455132,59.14305371702704,-80.61927024819212,43.25957958110702,149.83059974,150.4404035660941,144.6760994,148.19025010562794,2.811816700154452,153.80799945,2.5100089999999966,3.2712547595165025,3.416441650931534,2023,3,28,1,bullish
159.369995,161.050003,159.350006,160.770004,51305700,67.9268847324833,64.13851383227446,133.4814154315988,93.60028174720809,150.32719978,150.84548593605118,144.83349945,148.43935414314026,2.940983121353753,154.58099975,3.4000090000000114,3.289648222442718,3.415267890150711,2023,3,29,2,bullish
161.529999,162.470001,161.270004,162.360001,49501700,72.08506101514702,66.39356810685223,174.58859844728332,118.59689536886567,150.87019966,151.29703554640213,145.06829941,148.71501051654343,3.1355037747566143,155.4034996,1.6999969999999962,3.0625551906651864,3.292748540854232,2023,3,30,3,bullish
162.440002,165.0,161.910004,164.899994,68749800,77.51744460383776,69.67422983864564,152.33092263774049,148.6225861244769,151.46279946,151.8304848975236,145.3334993,149.03550523898812,3.4547942835507968,156.09699935,3.089996000000013,3.066475306284448,3.2782662165075016,2023,3,31,4,bullish
164.740005,165.050003,161.800003,163.759995,51511700,63.59879501614818,64.24108776030417,24.62122311282984,77.21985402874365,152.94379952,153.33733863359308,146.15619935,149.97516867076803,3.855691624311305,157.9599991,3.830002000000008,2.907312729321988,3.140568151482137,2023,4,5,2,bullish
161.220001,162.059998,159.779999,160.100006,50133100,43.142247491145305,53.83513594531633,-94.17743050682658,-33.19040943365931,154.40059974,154.5922042057689,146.68319963,150.88897235719162,2.8315399693734946,160.23200004999998,2.279999000000004,2.8685300850484348,3.0718273539535943,2023,4,12,2,bullish
165.089996,165.389999,164.029999,165.229996,41516200,62.958675187731885,62.42047402245132,72.141538377753,66.75645971270319,155.5097999,155.80646506380282,147.13519977,151.73004604322878,2.962638526540019,161.83999955000002,1.3599999999999852,2.905079855307467,3.0734927804796075,2023,4,17,0,bullish
166.100006,167.410004,165.649994,166.470001,49923000,67.29396238357907,64.4505503877326,101.97385050684338,117.43450886535008,155.74919992000002,156.2246429436537,147.31979983,152.02192633940248,3.019530710540124,162.29349989999997,2.180007999999986,2.8014981616921126,3.0096724390167773,2023,4,18,1,bullish
163.059998,165.279999,162.800003,163.759995,45498800,45.64776945477015,54.74343604713986,-108.06604557659072,-16.51775771860664,157.31180031999995,158.15452817961383,148.41359988,153.52503437033414,2.211950340956207,164.29050075,2.479996,2.506281295615833,2.7583308317138173,2023,4,26,2,bullish
165.190002,168.559998,165.190002,168.410004,64902300,67.82843160598097,64.0764136542744,96.41931969021316,115.1082670346482,157.61600046,158.55670370198192,148.61459993999998,153.81978624418892,2.363470031512662,164.67250074999998,4.800003000000004,2.833955824813572,2.904164558019973,2023,4,27,3,bullish
164.889999,167.039993,164.309998,165.789993,81235400,45.43106904330313,54.159297144541625,-76.50320255399905,-41.13584059828454,159.25739966,160.29228804162608,149.81569963,155.18545127946584,2.243745382133511,165.5839997,3.139998999999989,2.829817751457745,2.859791802615558,2023,5,4,3,bullish
173.050003,173.539993,171.600006,171.770004,45326900,62.623002768391686,62.69240279970457,63.82854684943906,110.58064496115584,160.7535999,161.72068910322022,150.68289964000002,156.21911663662988,2.933239127912259,167.15149995,1.939987000000002,3.1654243945040017,3.0678107297180683,2023,5,9,1,bullish
171.710007,172.929993,170.419998,172.690002,57951600,61.172242162658726,62.0792649365352,-89.84754143069513,29.445567907376653,163.58600006,164.07488742227648,152.90659988,158.09059248135162,2.7633069192797564,169.47700035,2.5099950000000035,2.571854115096421,2.756905365585176,2023,5,17,2,bullish
171.089996,172.419998,170.520004,171.839996,45143500,46.86102177920646,55.47536482326327,-79.58411116634946,-110.63449081345476,165.84180026,165.78025510658324,155.08699988,159.55911950668684,2.286543412406047,171.6410003,1.8999939999999924,2.3339198415535014,2.562149750366691,2023,5,24,2,bullish
172.410004,173.899994,171.690002,172.990005,56058300,54.26821633614413,58.24975888008675,-18.86987135455712,-9.450269204448118,166.24180026,166.06299039652117,155.51760000000002,159.8250776352673,2.163085456096269,171.87000035,2.209992,2.3162158641887154,2.5369956253404986,2023,5,25,3,bullish
173.320007,175.770004,173.110001,175.429993,54835000,65.99977234738358,63.45317506401351,63.83711121966996,115.37180687802008,166.6334,166.4303238319517,156.02119993,160.1340858603115,2.2363515079208867,172.15750035,2.779999000000004,2.3824705978760425,2.5543530092447493,2023,5,26,4,bullish
177.330002,179.350006,176.759995,177.25,99625300,71.92478498247233,66.68284240107914,113.31733128822106,165.07210106873654,167.47640018,167.26417063226302,157.05289998,160.806202932155,2.5277853661831955,172.97850105,2.590011000000004,2.556307969868113,2.623601880420218,2023,5,31,2,bullish
178.440002,181.210007,177.320007,177.820007,61944600,56.33907508524013,61.248904210886224,-21.97683039349079,59.06561206939641,169.53800049999998,169.47865265478603,159.45540013000002,162.58566095606366,2.949586159938633,175.25700145000002,3.8899999999999855,3.2657523999342155,3.0066116554502265,2023,6,7,2,bullish
181.5,182.229996,180.630005,180.960007,48870700,69.37321944528814,67.25780494897707,103.12403727609608,94.99779385446648,170.40020082000004,170.3467998554945,160.3637003,163.29858306346242,3.052306504347541,175.96800224999998,1.659988999999996,3.0503457836251404,2.9351891467912683,2023,6,9,4,bullish
183.369995,184.389999,182.020004,183.949997,57462900,75.50590138456624,71.0428192907997,85.63500389369855,116.74934179303312,171.55260072000002,171.8553305816245,161.79070012,164.48580023651195,3.4691896265144067,177.68500060000002,2.3699949999999887,2.776395977443236,2.813234973578868,2023,6,14,2,bullish
184.899994,185.410004,182.589996,183.960007,49515700,62.3165650509546,65.87486516420041,-17.34104125334137,59.13773279258991,173.22900055999995,173.79091533697363,163.49509999,166.05997052872854,3.537972367452596,179.82500005,2.820007999999973,2.6404056021517825,2.729288433969857,2023,6,21,2,bullish
186.830002,188.050003,185.229996,185.270004,48088700,60.00167893620213,64.62815632002973,79.45641839856702,87.09461841936987,174.67880036,175.20488020671996,164.75240010000002,167.23899371705625,3.4910299130536373,181.95299995,2.820007000000004,2.7326188310926702,2.763953882081552,2023,6,26,0,bullish
185.889999,188.389999,185.669998,188.059998,50730800,70.64044842562313,69.58063716522717,134.28289547409398,111.70975677138384,175.13580018000002,175.7090024731231,165.17870015,167.65129083156998,3.5575230659688657,182.5845002,3.1199949999999887,2.787958283793716,2.7893853905042976,2023,6,27,1,bullish
189.080002,190.070007,188.940002,189.589996,46347300,75.0444310859678,71.94045777320467,119.98952395223203,159.4901775876804,176.07860016000004,176.76355037676603,165.91390004000002,168.50494859643345,3.732800292236618,183.79899985,1.1300050000000113,2.491356351358648,2.6383981887511543,2023,6,29,3,bullish
189.160004,189.300003,186.600006,188.080002,46638100,45.5033610926016,57.01544782778645,-128.92175433664798,-26.676331903130933,179.60600008,180.2022718712867,168.61100027,171.4329921768662,3.2415269578372943,187.6869989,2.699996999999996,2.7921032687873395,2.7739719334387063,2023,7,11,1,bullish
190.229996,191.179993,189.630005,190.690002,41573900,59.35021244917119,62.559007076645166,37.14811785949807,22.94805918128124,180.86980042,181.3494125035696,169.70510013999998,172.5340543156292,2.83646171086096,188.68449945000003,1.5499879999999848,2.5335377669331307,2.648845764127125,2023,7,14,4,bullish
193.350006,194.330002,192.419998,193.729996,48353800,70.38561414443086,67.78255029708258,119.16105426014788,116.9567715219521,181.95940064,182.31119550291064,170.60840015000002,173.3702329702462,3.03831455176109,189.52399985,1.910004000000015,2.5787228083590383,2.6611482404973694,2023,7,18,1,bullish
196.020004,197.199997,192.550003,193.220001,47460200,55.17113665699308,59.97781078224868,35.68161606855079,67.40643144679838,184.82880036,185.0343016143283,173.81410019999998,175.99521974181192,2.50765797213785,191.97550045,4.649993999999992,3.136395539471274,2.993918520540793,2023,7,27,3,bullish
182.130005,183.130005,177.350006,178.850006,97576100,15.552008489535211,29.5638593533877,-142.40945686910715,-264.89238262505205,187.22700044,186.2145723850628,176.53440035,177.83950103039817,-0.1937441565601432,191.6770011,5.779999000000004,3.947400237850886,3.4337726661166768,2023,8,7,0,bullish
177.320007,178.619995,176.550003,177.789993,51988100,17.720570268864734,29.613072989755267,-68.52986666751045,-96.29209450719064,187.4426004,185.0599649756844,177.45950029,177.88428305995205,-2.676573103444809,189.410501,2.069991999999985,3.46556273563296,3.3049477701728005,2023,8,11,4,bullish
172.300003,175.100006,171.960007,174.490005,61114200,21.452409291860903,28.788587765733425,-142.21516050004792,-93.71566803429172,187.12900054,183.46959117599872,178.33350052000003,177.73737598585805,-3.906981768169516,185.1145011,3.1399990000000173,3.161675113064909,3.1641913440321923,2023,8,18,4,bullish
175.070007,176.130005,173.740005,175.839996,46311900,31.1838699304742,33.03263615760038,-54.8794557206255,-79.41151791704462,187.03440032000003,183.1703913651752,178.51540054,177.69980410494998,-3.909343818770481,184.2690009,2.390000000000015,3.051435811198496,3.1088919623156084,2023,8,21,0,bullish
177.059998,177.679993,176.25,177.229996,42084200,40.09868315149479,37.183810085030174,26.70146111292314,-46.056490926853606,186.9598001,182.937434684188,178.68000045999997,177.69050097415888,-3.7557603106228328,183.44950095,1.8399969999999823,2.8783731238844226,3.018256607864492,2023,8,22,1,bullish
180.669998,181.100006,176.009995,176.380005,54945800,40.7040880278691,39.01320261514231,47.35850859440934,7.204706372358096,186.76780028,182.61180342050568,178.98240050999996,177.73111656383995,-3.25209979600362,181.9385009,5.109999999999985,3.37370356040488,3.2540074373933625,2023,8,24,3,bullish
177.380005,179.149994,175.820007,178.610001,51449600,49.01635082346786,43.88092518140148,42.75393128205696,16.07967861651754,186.66100036,182.45486999225056,179.10680054,177.7485202160411,-3.0134726864033894,181.07750085,3.3299869999999885,3.367458337489896,3.259434549008122,2023,8,25,4,bullish
180.089996,180.589996,178.550003,180.190002,43820700,54.31066179851756,47.10246417629697,89.8511158803654,107.454247891107,186.5446005,182.3660516396133,179.25240051,177.7968663899809,-2.6661325898629684,180.2645011,2.0399930000000097,3.1778204321341974,3.172331581221828,2023,8,28,0,bullish
179.699997,184.899994,179.5,184.119995,53003900,64.89060021388057,54.1524482759236,141.14076182312348,205.14124157334123,186.52860044,182.43483373217745,179.45600051000002,177.922076857506,-2.0501130431163688,179.6900008,5.399993999999992,3.495273798972168,3.3314503254202683,2023,8,29,1,bullish
187.839996,189.119995,187.479996,187.869995,60794500,72.1421121547757,59.697037019168135,121.59909877328111,191.0998496219193,186.65960018,182.84447316146023,179.94430037,178.30788286270132,-0.6135190556746011,179.27850025,1.6399989999999889,3.258977872714247,3.2370675203878845,2023,8,31,3,bullish
178.350006,180.240005,177.789993,178.179993,65551300,37.211473778097535,42.44196109895124,-95.90328957434258,-45.56874636252093,186.29060026,182.92432585199825,180.95340026,178.79469566663522,-0.5008000911342947,180.32899935,2.680006999999989,4.273096962886053,3.798937052917641,2023,9,8,4,bullish
176.509995,177.300003,173.979996,174.210007,84267900,30.18580984668006,37.760392798441366,-83.2453063119781,-97.19882848294714,185.3676004,182.20396837092628,181.24460037,178.66624333379326,-1.5366076520696763,180.08750005,3.320007000000004,4.126091705490926,3.813282396596231,2023,9,13,2,bullish
176.479996,176.5,173.820007,175.009995,109205100,34.9188566779121,39.79491911355471,-75.40275773255813,-85.6679482882124,184.71980040000005,181.67830374417292,181.44860031,178.53704449509928,-1.9649211654658243,180.0964997,2.679992999999996,3.722842375462721,3.6465544848202174,2023,9,15,4,bullish
176.479996,179.380005,176.169998,177.970001,67257600,47.30735782011847,45.59282426401949,43.72057558797536,-44.26822870074968,184.46560056,181.53288010714653,181.59060028000005,178.52581591103788,-1.8706140631714727,180.2704995,4.370010000000008,3.815294893253762,3.698229878761632,2023,9,18,0,bullish
174.669998,177.080002,174.050003,174.789993,56725400,39.69832946457101,41.74512564980989,-46.10184463270941,-67.63289283297279,183.39120052,180.677579064503,181.90900038,178.3150255791744,-2.0761797809117013,179.9059998,3.1500090000000114,3.484396756625105,3.544153489621797,2023,9,22,4,bullish
172.020004,173.070007,170.339996,171.210007,51814200,34.45151821849272,38.24576378629949,-51.972164004993154,-109.77821062063464,181.26580046000004,179.10218789014266,182.02420059,177.71694641172814,-2.781334774973061,177.002501,2.7300109999999904,3.5759696692162115,3.582521594531198,2023,9,29,4,bullish
172.259995,173.630005,170.820007,172.399994,49594600,42.43743457542776,41.791996756236735,-3.319149194386451,-62.2828772805708,180.4950003,178.63769800547198,182.03240051,177.5346623438239,-2.5345171203230734,175.35200049999997,2.929992999999996,3.458467736567013,3.521817252427411,2023,10,3,1,bullish
171.089996,174.210007,170.970001,173.660004,53020300,48.69798796147756,44.62608801280295,69.15676379662293,-36.19995137725896,180.09580048,178.44249431898288,182.03150055,177.4579364360254,-2.354467832937331,174.8895005,3.240005999999994,3.427258917057439,3.501687877254024,2023,10,4,2,bullish
173.789993,175.449997,172.679993,174.910004,48527900,54.43383863806716,47.36409125737385,129.2430855262286,8.51819307241983,179.70400056,178.30396528686592,182.05490052,177.40748232838132,-2.086856934467733,174.7570008,2.770004,3.333365357477805,3.4494247431644505,2023,10,5,3,bullish
173.800003,177.990005,173.179993,177.490005,57224100,64.09930731032968,52.57626681789463,159.57039938632957,75.02769075488396,179.38940064000002,178.27204527561625,182.1091005,177.4091164406906,-1.6475963851315782,174.7225014,4.810012,3.5443148778381186,3.546609547224133,2023,10,6,4,bullish
178.100006,179.720001,177.949997,178.389999,43698000,64.81065682982148,53.98717856192973,110.28689587401183,148.04188555902073,178.69140073999998,178.30372206641854,182.23530045,177.45922468612963,-0.8215064741171432,174.80850139999998,1.770004,3.2548033388198427,3.400036068779992,2023,10,10,1,bullish
178.199997,179.850006,177.600006,179.800003,47551100,69.45392759300765,56.67685421566152,89.5543037893699,130.9923987655513,178.37520077999997,178.36239975008843,182.28280045,177.50557673194885,-0.430537180076243,175.0880012,2.25,3.1112600047027223,3.317890635295707,2023,10,11,2,bullish
170.369995,171.380005,165.669998,166.889999,70625300,16.43988409515167,30.32644754609304,-163.75108995354978,-176.42721217843248,177.01960081999997,176.96927215836263,182.15970077000003,176.94776536332762,-1.6298508163768588,175.2320022,5.710007000000019,3.3942348974116805,3.344283568283404,2023,10,26,3,bullish
166.910004,168.960007,166.830002,168.220001,58499100,26.0829978991424,34.41961209066976,-113.45338256091472,-136.4966901385515,176.90400084,176.62616348548565,182.04980071,176.77493834623203,-1.934634103551048,175.08250189999998,2.130004999999983,3.2136306263528667,3.257549384834588,2023,10,27,4,bullish
169.350006,170.899994,167.899994,170.770004,44846000,41.62469564423058,41.605489756924136,-22.145814780703013,-76.2556929535402,176.71860075999996,176.15777710521,181.87650054,176.53015686240764,-1.9657625567301125,174.82800205,3.0,3.15083029691231,3.218754117535945,2023,10,31,1,bullish
171.0,174.229996,170.119995,173.970001,56934900,56.70160994417852,49.537912132367495,92.2273164705312,-11.517131094872,176.65340086,176.0719819638292,181.80660048,176.4794607067164,-1.672039069248882,174.8435019,4.110001000000011,3.287854683067696,3.2824146091405217,2023,11,1,2,bullish
174.240005,176.820007,173.350006,176.649994,79763700,62.914415790223664,54.54765399256914,88.9262385036096,70.4487521862159,176.58780088,176.1510914145152,181.67780058,176.50400495642853,-0.7759035238946979,174.93450149999998,4.220000999999996,3.484954358988511,3.3843778415548376,2023,11,3,4,bullish
176.380005,179.429993,176.210007,179.229996,63841300,69.8398611250373,59.16460588723628,104.875733544623,131.5561448598297,176.60020078000002,176.27183277080874,181.63060057,176.55798497709333,-0.279373594738928,174.94650105,3.219986000000006,3.447101736275868,3.372635567158064,2023,11,6,0,bullish
179.179993,182.440002,178.970001,181.820007,70530000,75.25243063253441,63.20525461419646,118.04750328310948,167.33597844571452,176.63280088,176.48940823077703,181.58870069,176.66218343299246,0.3194398892975414,175.11800145,3.4700009999999963,3.450373059665029,3.379590240932488,2023,11,7,1,bullish
182.960007,184.119995,181.809998,182.410004,53763500,74.13380495800708,63.4639480919278,91.10281702083388,127.26338511892588,176.50340115999998,176.96274873975227,181.54240079,176.89688270137822,1.2536967233109522,175.3575011,2.309996999999981,3.0927227581212406,3.202401641416276,2023,11,9,3,bullish
185.820007,186.029999,184.210007,184.800003,43627500,71.95470579580976,64.76308159430332,83.08392778176457,106.59912459385907,176.38080106,177.62566683665716,181.54480069,177.23783420980374,2.1827777520485654,176.03900059999998,2.189987000000002,3.0944478835176485,3.1936006857109738,2023,11,13,0,bullish
187.850006,189.5,187.779999,188.009995,53790500,78.06680663404569,68.94301049263596,116.4155787002254,109.85141157711932,176.43760097999998,178.40267810873274,181.57980069,177.6491669911074,2.983302985999984,177.16200095,2.059998000000008,2.9730632205435805,3.1203492953324226,2023,11,15,2,bullish
190.25,190.380005,188.570007,189.690002,50922700,80.82350394010209,70.96532522408282,83.13013764198092,99.05184178688936,176.91080134,179.2713537212869,181.6007008,178.12169860502337,3.628158289637696,178.71500079999998,1.8099980000000075,2.804088447746304,3.015454892403976,2023,11,17,4,bullish
189.839996,190.320007,188.190002,189.949997,48794400,63.04790468995795,64.95666499370574,-109.12357919687504,13.002854933520938,179.10540034000002,182.29498693106228,181.56420054,179.92763373954404,3.5503512704027003,186.4749992,2.130005000000012,2.3577282638992902,2.628761463337202,2023,11,30,3,bullish
189.979996,190.050003,187.449997,189.429993,43389500,54.11188934304982,60.92454704756661,-146.48406432566486,-71.94975719035199,179.74440058,182.91181983755496,181.56780055,180.3353708320038,3.269638587522905,187.79749905,3.790008,2.558944602048459,2.69189196583667,2023,12,4,0,bullish
194.449997,194.759995,192.110001,192.320007,41089700,63.35155674409104,64.63251659294221,127.64924382775712,181.23437009119644,180.4984005,183.6766935593885,181.57840053,180.82666116483367,3.3280081678047964,189.03199915,2.6499939999999924,2.8671830545662127,2.839998322583658,2023,12,6,2,bullish
193.630005,195.0,193.589996,194.270004,47477700,69.85602757506047,67.8518376205193,114.44669451275507,189.76553033372625,180.97520072,184.092117498236,181.58380061,181.09286597345087,3.410292698244831,189.6009994,2.679992999999996,2.8404416181996104,2.8285693709705395,2023,12,7,3,bullish
193.110001,193.490005,191.419998,193.179993,60943700,58.06773719301601,62.09147570829928,8.649644963551314,54.41683421937725,181.91500054,184.88624147837933,181.5904005,181.61593171040016,3.4185395826548017,190.6049995,4.290008999999998,2.983795984799713,2.8992267382348023,2023,12,11,0,bullish
193.080002,194.720001,191.720001,194.710007,52696900,63.56276252836638,64.69553418590056,41.01970871141189,82.17759659218669,182.33420068,185.27148718510955,181.61810055,181.87522032999613,3.398035770097863,191.1004997,3.0,2.9861108441140405,2.906424828360888,2023,12,12,1,bullish
196.089996,196.630005,194.389999,195.889999,55751900,58.12817611268183,62.61396223829863,-1.6477428238423288,59.27467147644867,184.15560082,187.05735305531627,181.77250073,183.0662107026523,3.587345481273076,192.8345001,3.180008000000015,2.8966667446779684,2.882079849901483,2023,12,18,0,bullish
55.955002,56.610001,55.884998,56.237499,120724800,62.211425278226784,59.63820754822377,170.15819556858833,130.57079672389403,53.14380038,53.28597412533478,50.12117509000001,50.74141850110558,0.5361475729110552,55.57900035,1.505001,1.1665903567039533,1.116449308907966,2018,9,27,3,neutral
38.467499,38.720001,38.362499,38.497501,156521600,87.84890774800975,80.456122373978,146.20209914335246,203.96234713049603,35.64845002,35.42611484585569,33.30419991,33.69918388038971,0.6515645686956049,36.1978748,0.4675020000000032,0.5526486275991845,0.4750750160797837,2017,5,9,1,neutral
31.995001,32.3475,31.945,32.1325,134841600,89.86454551350468,84.74901541448075,114.55698128029388,221.1804092321832,29.14914998,29.46564803336388,28.70412492,28.65104510317758,0.6293982989333209,30.206374850000003,0.4024999999999963,0.5409713772888723,0.443626803091841,2017,2,2,3,neutral
79.480003,79.889999,78.912498,79.807503,104472000,75.31139161670603,76.40249160292328,69.6922194392358,81.33320719475626,70.78879994,71.46137788314735,64.21312492999999,65.98037101706024,2.747123277638593,76.2089997,0.9775010000000036,1.1409051478297303,1.1758798009400948,2020,1,23,3,neutral
64.332497,64.462502,63.845001,64.375,103272000,82.02947048313635,76.96757027885809,143.05013099830038,186.9413015902303,56.59369992,57.37274755430336,53.70360003,54.5782789634402,1.951703249006755,60.080874900000005,0.6175009999999972,1.2496188838980042,1.155096152628614,2019,11,4,0,neutral
19.286428,19.339287,19.111429,19.195,222031600,55.5805518738229,54.30662329255449,22.540329267217643,64.4409493539546,18.95868572,19.021839979897862,19.1644357,18.832839691391964,0.0759225718978697,19.01810725,0.2278579999999976,0.2616341093586572,0.2767080825019605,2014,3,27,3,neutral
67.202499,67.775002,67.125,67.692497,78756800,63.93561657068693,63.8443988970922,82.1261936010745,126.47239842695603,62.8261003,63.074700503653965,57.80637507,59.2509014480244,1.1398608794244325,66.33500065000001,0.6549990000000037,1.0672368216138182,1.037162931972876,2019,12,11,2,neutral
33.9175,33.974998,33.709999,33.837502,90338400,91.35332224789032,88.71699845798587,91.21123336550215,99.98717495595514,30.23939986,30.704487464998103,29.21154986,29.474690145211056,1.0879357037155373,31.909124650000003,0.264998999999996,0.3916654450833265,0.3943827485165107,2017,2,16,3,neutral
52.654999,53.182499,52.5075,52.587502,97654400,62.407040825907934,57.5980623139588,145.02467916736342,106.26581812437598,50.50165006,50.3539176501534,49.52177504,49.264542166733776,0.228208740934221,51.260124700000006,1.557499,1.5001243031026643,1.351973005064437,2019,8,19,0,neutral
24.825001,24.827499,24.512501,24.59,185426800,37.79806042699243,47.77518657190127,-78.13496351443248,-130.52350294458657,24.2677,24.20945471596397,23.00088211,23.12147295298749,0.2196080095990034,24.9230001,0.3149979999999992,0.4089418272786068,0.3840466345278852,2014,9,8,0,neutral
165.020004,167.820007,163.910004,167.399994,67723800,44.62067157487952,47.67579711412549,-57.28380859421974,-89.19457948401623,167.53220058000002,168.27264754904107,169.32030026,165.69470369447072,-0.0570260114964185,171.91000135000002,3.9100030000000174,4.093425655578975,4.174141558151967,2022,4,19,1,neutral
27.129999,27.2325,26.9625,26.9825,109938000,71.3741960905943,69.8825659040197,57.3340874860031,87.475039896424,24.80570012,25.25087661366,25.11382501,25.199825800570512,0.7136091078431086,25.810250149999995,0.2700000000000031,0.3594675997072506,0.384948618488748,2016,8,11,3,neutral
151.279999,153.399994,150.100006,152.589996,73695900,58.794759431315605,56.74533336374108,11.279655407125643,69.30051074815074,144.3321995,146.96002266010788,143.84339949,146.14388054634207,1.3130238873936833,150.31600045,3.299987999999985,3.6362326367812328,3.59657666229481,2023,3,14,1,neutral
189.919998,190.669998,188.899994,189.789993,40552600,66.39505261532624,66.39986934576007,-58.33385511105283,50.80642200956339,178.36160088,181.32513171212963,181.54070064,179.31072719676513,3.9817332127170175,183.7404998,1.770004,2.3741225533215493,2.7055439387333964,2023,11,27,0,neutral
26.852501,26.987499,26.577499,26.735001,111065200,37.85858335132711,55.19410734257635,-122.816719895973,-172.76369696347143,25.37765016,25.920461248097453,25.12077506,25.583194413477443,0.4426888246993421,26.9672503,0.4100000000000001,0.3153770309121522,0.3348318331791304,2016,8,26,4,neutral
170.160004,175.0,169.509995,174.779999,115541600,69.62290013400646,58.64715015701088,160.21711876837105,74.74613610824,170.01060026,167.08480141209384,158.53770018,160.95159013105314,-1.5240729667019934,169.8614998,5.4900049999999965,5.913567034185182,5.164794255431318,2022,1,31,0,neutral
38.952499,39.182499,38.872501,38.959999,65051600,56.57087737741063,49.62328541306107,128.20161045413025,127.86787026227196,39.43345014,38.93330503541511,38.34219989,38.151817598551176,-0.2363920012996203,38.8879998,0.3574979999999996,0.4794208673786276,0.5557121553295095,2017,10,9,0,neutral
38.302502,38.532501,38.0,38.529999,105199200,43.211374486421455,43.264011889889055,36.19000210270081,-54.37980109272255,39.33505024,38.99895274582981,38.33327491,38.083806614266976,-0.3754454911507636,39.40212505,0.5325010000000034,0.629799120375262,0.6510810452993139,2017,9,29,4,neutral
21.165714,21.408215,21.064285,21.074642,456640800,81.29777897327668,74.37835160837673,81.16898494141532,121.69971932406028,19.12478582,19.283055174721216,19.25775001,19.034573584424727,0.4806702376151079,19.3230537,0.3439299999999967,0.4378161681671309,0.3754945102222874,2014,4,30,2,neutral
21.142857,21.242857,20.941429,21.124287,244048000,81.79452923803935,74.76579489791756,57.83894048324717,95.04605418802832,19.16343584,19.35526045354606,19.26617145,19.07600503517629,0.5350549499485915,19.4104288,0.3014280000000013,0.4183321441432553,0.3702040452063224,2014,5,1,3,neutral
19.225714,19.247856,19.080357,19.173571,200564000,54.17672745306353,53.68841785891228,-6.495048074359193,37.59096351548112,18.94404286,19.02779023856519,19.17044641,18.839600024949924,0.0751757337287521,19.037071450000003,0.1674989999999994,0.2481862365931346,0.2689074337511116,2014,3,28,4,neutral
48.3125,49.125,48.287498,48.837502,93087200,75.77844891421975,71.44435509813223,145.81990103077192,146.4203587107181,43.99829994,44.93654341746257,43.08012506,44.919355055996576,1.259301740844812,46.6113752,0.8375020000000006,0.9386088166809874,0.928566334556066,2019,4,3,2,neutral
70.1325,71.0625,70.092499,71.0,98572000,80.79125729349964,74.20846906686218,128.64785940651132,103.72310555312532,64.91860006,64.90489904865385,59.20107501,60.79943650912109,1.6166191632948994,67.79549945,1.202499000000003,1.0049278037966471,1.0157612536407368,2019,12,23,0,neutral
198.020004,199.619995,196.160004,198.110001,66831600,72.85343829967952,69.6944394217368,132.0303277662663,157.77723928038972,183.33440088,186.253034032852,181.71510068,182.50890462134032,3.733615908870348,192.13150025,3.4599910000000023,3.091018069145011,2.9714060152703587,2023,12,14,3,neutral
171.990005,173.139999,171.800003,172.070007,42110300,57.90155356388944,60.81193904476609,-61.55632804725136,45.56717291528053,163.16420014000002,163.7232500925735,152.53419983,157.7956549153183,2.848137438269106,169.22400050000002,1.339995999999985,2.5821639676124906,2.775898470630189,2023,5,16,1,neutral
127.142502,127.485001,123.832497,125.010002,155552400,74.45496846832185,74.92707878580342,55.42498150515549,99.22899928021478,102.3978999,104.64905102232927,89.46364985,94.18860224038774,6.980717880759087,115.7853752,3.652503999999993,3.3062202694421643,3.198766365108001,2020,8,27,3,neutral
28.307501,28.3325,28.115,28.135,104113600,53.48375627772071,51.87285114443542,69.34825807464645,32.24701236729752,27.51159998,27.499224615602465,26.21077502,26.34260183855047,-0.0092982991039605,28.32212515,0.2175000000000011,0.6325686114711646,0.6405389942008555,2014,12,23,1,neutral
36.112499,36.240002,35.945,36.005001,92096400,40.08374702712444,41.22127146627813,-67.31716947197526,-60.94110314250693,37.3142996,36.759865508617786,36.10687481,35.608375985453165,-0.4167376199408821,36.79574965,0.3200039999999973,0.6426439824919737,0.6385520083304985,2017,6,30,4,neutral
134.350006,134.559998,130.300003,132.229996,77852100,30.17399336839449,36.08124493526121,-71.47248760675109,-104.20733600982982,144.35439972,143.93527892557609,150.85829957,147.30800518153282,-3.4647083216200656,141.47350015,5.149993999999992,4.546205955904064,4.586933308451012,2022,12,22,3,neutral
124.339996,127.900002,124.129997,127.879997,157243700,73.45191793275396,65.87787029654993,183.4219192780789,164.85610835356442,118.1502,118.37912375086334,116.20297469,112.91090301490485,2.0324154216769728,120.5149993,6.120002999999997,3.224551629808486,3.156857827320132,2020,12,15,1,neutral
24.3325,24.3925,24.200001,24.375,112464000,67.16360944208029,60.8047518446142,117.58067691566356,56.78117363316945,23.59041414,23.40780103985615,22.02253208,22.37175754371225,0.1591484463655064,24.04812485,0.1924989999999979,0.338186120808232,0.3633129231033061,2014,8,14,3,neutral
24.674999,25.032499,24.65,24.9575,145975600,77.30782810084686,63.855561213276765,121.87807133699964,143.29394123813438,24.05805,24.35470781193664,25.03405006,24.848393871494693,0.1228769437124377,23.99237515,0.3824990000000028,0.3200874942824193,0.3551895373990503,2016,7,18,0,neutral
146.429993,151.479996,146.149994,150.720001,80389400,61.40256509644279,55.28102494948875,53.019595704155904,54.65861210401584,147.20499844,147.93623978044442,152.4668994,150.46265268873657,0.3579387302424948,146.64599905,5.330002000000008,5.3045359489787165,5.341801356170263,2022,11,17,3,neutral
36.884998,37.022499,36.709999,36.877499,181408800,79.75031041241994,71.58657865122527,150.43569951976738,185.7931485551848,35.32034996,34.9628224716785,32.84429992,33.299657182685536,0.3347232855848006,35.81549985,0.3774990000000002,0.3979195216125891,0.3814403722130327,2017,5,2,1,neutral
192.490005,193.5,191.089996,193.149994,48087700,41.56871812612291,53.29193844204126,-115.74560425873788,-116.86055264093672,185.9714004,188.6010669139068,181.89870068,184.3402869727656,2.029447962322479,193.969001,2.4100039999999865,2.490796340484787,2.648640915250968,2023,12,27,2,neutral
142.360001,143.520004,141.100006,142.649994,62128300,40.65269367998322,45.00666087439585,-84.10270113899627,-102.72285631047605,145.15839904,147.16603698422068,152.72339936,149.45372149454994,-0.8174242692686562,147.2864983,2.5800020000000075,4.11139770000286,4.4615771722818085,2022,12,8,3,neutral
31.780001,31.9625,31.629999,31.8025,150838800,54.247371050967935,54.651661847805066,42.27501181316281,41.9421774254044,30.387799880000003,30.63675326871994,29.183924920000003,29.245037428232383,0.2373724269985224,31.78549975,0.4874999999999971,0.6447766632108092,0.6523416849035124,2015,3,23,0,neutral
139.899994,141.910004,139.770004,141.660004,89116800,59.65424622962194,49.704209423792896,156.65141617977187,35.71410467804188,149.17800052,147.4260785433158,158.63090057000002,153.5053034615803,-3.644626804957539,141.1490014,3.6399999999999855,4.384018460646614,4.777120686012501,2022,6,24,4,neutral
54.432499,55.032501,54.389999,54.974998,84632400,64.0698233588822,61.467593638204605,23.21871673564645,81.87878019740211,51.84269996,51.90888258394125,50.15929999,50.49156766918665,1.0220775285326127,53.000125,0.6425020000000004,1.133189168650644,1.1738300101024046,2019,9,16,0,neutral
18.857857,18.960714,18.638929,18.695356,289850400,27.941225255677978,39.98032156485975,-191.6283803368352,-171.18322359218357,18.8849499,19.04850622640744,19.20251783,18.872611628939985,0.0260651775364308,19.09341055,0.3546409999999973,0.2446789389411661,0.2557293879658704,2014,4,7,0,neutral
42.700001,42.8675,42.419998,42.642502,132742000,35.916720566832126,46.54948475788608,-197.64043196450032,-66.84589771282236,42.32845014,42.29795656505004,40.91582512,40.994007689244704,0.2979414859460476,43.01650025,1.3325010000000006,0.6506320030013499,0.6488126265172031,2017,12,26,1,neutral
21.008928,21.22893,20.942858,20.999643,230297200,62.59512923054584,66.30823391663807,-103.22040413929,42.8610421064628,19.40980012,19.689101775082648,19.3213036,19.27830011527451,0.6091676550381209,19.9826252,0.2860719999999972,0.3614146071790298,0.3516333908521694,2014,5,8,3,neutral
70.275002,71.5,68.239998,68.379997,320605600,17.995413495842683,28.656222211938484,-114.89463605891814,-181.0034745011688,76.6181995,75.5271644830325,69.98922482,70.6886015587535,-1.176700515943324,78.4269993,4.922499999999999,2.9868817075649097,2.4181830807211417,2020,2,27,3,neutral
58.342499,58.810001,58.299999,58.592499,73903200,69.26850725929856,66.14702008288756,38.68532835808986,93.54078435918892,54.03954996,54.60490295109246,51.73455002,52.57562025178145,1.3013084151127572,56.25662504999999,0.5300030000000007,1.0057542667825763,1.0635646282435374,2019,10,16,2,neutral
126.010002,127.940002,125.940002,127.099998,63092900,51.08997851957468,48.30165589615683,81.01074013035795,18.939689083764826,127.72420012,128.00928460441347,128.96360005999998,126.65140534945564,-1.0490337599165829,128.24750015,2.510002,2.770047334789916,2.845947026513689,2021,5,24,0,neutral
54.797501,54.922501,51.522499,53.060001,183742000,36.84528717218083,42.14950017322306,-172.84059542445164,-196.22910490245948,55.28585014,54.36820000188867,51.921050140000006,52.347431406935314,-0.3270529300079872,55.25037490000001,3.400001999999993,1.9239047743688908,1.6467439790337706,2018,10,29,0,neutral
195.089996,198.0,194.850006,197.960007,70404200,72.49511697767126,69.48989004854059,161.69754684982212,158.65235902820584,182.84540094,185.7690761974582,181.67020062,182.19373095712496,3.602506734389692,191.62649995,3.2899930000000097,3.029522580669179,2.9338225549065395,2023,12,13,2,neutral
40.677502,40.747501,40.130001,40.477501,86606800,54.768132099593366,59.32033487434773,-58.67025011074532,36.402140529469975,38.4439001,38.96412764976391,37.85132485,37.66992393898829,0.6059646562312366,40.0936255,0.6174999999999997,0.5789067790442866,0.6151476315234901,2017,9,6,2,neutral
30.844999,30.977501,30.637501,30.844999,134472400,37.09779607117938,42.22157183140653,-66.0928059182356,-69.9755719566461,31.90219994,31.660095204441927,31.77194996,31.337970642773488,-0.1486255007498051,31.451875099999995,0.3399999999999998,0.6482277680312656,0.606405394431754,2015,7,28,1,neutral
39.1875,39.27,38.755001,38.994999,170336800,43.30463608291316,47.55705825851387,-74.5642971026438,-13.937312524453493,39.50195012,39.07275479595963,38.42632491,38.34123570976729,0.0936630472994082,38.83799975,1.1849980000000002,0.5580770693415117,0.5606178021190611,2017,10,19,3,neutral
25.195,25.440001,25.1,25.2575,126247600,61.64682376808365,57.08637606779052,24.68983311937269,75.4021834833967,24.649700000000003,25.08169774389092,26.777725,26.177476924725315,0.2282901393643257,24.38412515,0.3675009999999972,0.4947498276815819,0.5500024040661879,2016,3,8,1,neutral
23.540001,23.8025,23.4725,23.639999,168249600,51.52288603181475,40.87293575858297,110.75687186189506,107.1368819169789,25.68594994,24.962005588758952,25.16782497,25.64069378883924,-0.7879980022161988,23.97437475,0.4300009999999972,0.5329435891620254,0.5364588276617712,2016,5,18,2,neutral
43.637501,43.764999,43.352501,43.5825,86336000,59.95145721956492,56.67627438632773,67.85391455354036,52.33723726492125,42.9918501,42.557173285456415,41.21725011,41.346661767602576,0.1925454872748702,43.260500050000005,0.4124980000000064,0.5202701192543395,0.5648821811279708,2018,1,9,1,neutral
152.660004,152.800003,151.289993,151.830002,86453100,63.52713996099253,61.44401958650605,117.74493117473472,160.45901514152575,145.00220032,144.42664796106988,137.04310012,139.06019376611474,1.6716364317484818,148.3514999,1.830001999999979,2.566662514918551,2.5535307545209327,2021,8,31,1,neutral
23.817499,24.02,23.709999,23.997499,146340000,53.86656790669877,54.40002240765032,60.58462975921487,-41.00681211704804,23.50187128,23.30284239220641,21.86745709,22.256911795618755,0.1180738450623266,23.954124850000003,0.3350009999999983,0.3787058631352942,0.3858710550730432,2014,8,11,0,neutral
153.869995,154.720001,152.399994,153.649994,71115500,69.95341111185644,65.05278693479471,88.0350312608998,146.07127308796996,145.77180024,145.0929106699457,137.44800002999995,139.61015948433396,1.962886069553463,148.9589996,2.320007000000004,2.602854357899344,2.5764118240512124,2021,9,2,3,neutral
148.210007,149.130005,146.610001,148.309998,71250400,53.423816428550914,51.74311217173232,30.53609214647964,-5.203465664090295,145.85039884,147.85355495637444,152.93599944000002,150.01424415657343,0.1781347515568541,145.7669983,2.520004,4.532631391454227,4.760747677217966,2022,12,1,3,neutral
28.057501,28.309999,27.504999,28.23,338464400,53.50885650827633,45.79141979216728,52.92981440091,-7.741653231001201,30.27030006,29.75469779824444,31.174475,30.33848687497333,-0.9471233487716192,28.4567501,0.8874980000000008,1.3747244066985598,1.1210848013354613,2015,8,27,3,neutral
34.737499,34.950001,34.705002,34.75,74828800,67.80520496964206,77.00439339436424,27.88775154645393,73.5228607048271,31.75724984,32.254562252595555,29.990724870000005,30.6262426475624,0.9015329129464008,34.1097498,0.2449989999999999,0.3326108952400853,0.3500890276973405,2017,3,8,2,neutral
27.577499,27.93,27.424999,27.764999,97016800,38.18472946412007,41.10321357116244,-15.012291387046524,-73.33807204241955,28.16584992,28.02594509852577,26.80047504,27.299942686419016,-0.224498565786817,28.67749985,0.505001,0.4771312757800248,0.4665503706665354,2016,11,8,1,neutral
172.770004,176.149994,172.570007,174.550003,79542000,84.29876597965674,76.15759211370371,100.62918550416072,129.80378170151295,150.33880036,156.6679044465119,154.43500046,155.40719366698275,6.463742644418886,163.49200055,3.5799869999999885,3.23579603330229,3.531913235495465,2022,8,17,2,neutral
26.82,26.842501,26.3925,26.8325,190362400,26.903329048679097,33.37840458111447,-120.96214824819836,-132.78588601481448,28.94349998,28.73638663915996,28.58622499,29.03606341082149,-0.5693630397830773,28.70937495,0.4500010000000003,0.6761597496780196,0.6454807050415223,2015,12,21,0,neutral
96.5625,97.404999,95.904999,96.522499,110577600,67.57319598148854,69.2737941121015,34.84311284130947,77.80999655956074,85.48804982,86.44961516794935,76.49722475,80.56291329294238,3.440068629440489,92.52387465,1.819998999999996,2.427011535099907,2.3303742373909664,2020,7,16,3,neutral
181.270004,183.889999,180.970001,183.789993,54274900,77.46024230359689,71.78730265098915,144.59550573343913,119.81194410245855,170.82880065999998,170.87398390037708,160.84950016,163.70435355725525,3.277233843252162,176.52900155,2.9299919999999986,3.033152385964406,2.934817922020464,2023,6,12,0,neutral
43.25,43.5,42.8825,43.3125,113634400,57.84629351097024,52.57820816394055,98.3015378445116,121.01435400618615,42.715400200000005,42.93574416061334,42.98967513,42.502739767207984,-0.2106285017619242,42.9651253,0.9874989999999996,1.1399466804221288,1.083014277995292,2018,4,10,1,neutral
21.565357,21.667856,21.502144,21.653929,196859600,74.88998905523698,71.16914218000416,90.1917071382688,144.86134201321846,19.83442152,20.18351909379108,19.44812861,19.613766756548817,0.5117948052482291,21.14983935,0.1657119999999992,0.2853569116367129,0.3081323972855489,2014,5,21,2,neutral
46.587502,47.125,46.439999,47.09,80233600,66.90422462612764,64.77008260806905,36.57799913223495,30.203215485151475,43.87705024,44.48602271042371,43.45557513,43.56803337786432,1.0509811627239571,45.43262514999999,0.6850009999999997,0.7015832114585976,0.8083641550265702,2018,5,23,2,neutral
26.450001,26.625,26.375,26.5,99455600,29.014518490362548,49.80144974677414,-124.64381727985617,-179.65109483288356,25.48960016,25.972747964891195,25.10982505,25.62312307130733,0.3256314051245965,26.9958752,0.3299999999999983,0.3140526349558666,0.3313474122820051,2016,8,30,1,neutral
31.514999,31.870001,31.3925,31.615,297898000,82.87664184732589,72.41412509243673,151.97203678029285,192.90985169267412,28.29800006,28.50139342106901,27.42777501,27.46839474291244,0.8493395460663606,28.9857499,0.6500019999999971,0.6377864726057846,0.6793388490284701,2015,2,12,3,neutral
56.627499,57.217499,56.5,56.907501,173360400,92.03784073794029,84.4412910526679,124.36096612698724,182.5055906498717,50.04895017999999,51.04906403476845,47.87320011,48.70745935521506,1.700771681976235,53.6260004,0.9599989999999964,0.8807048710305858,0.8467460603759347,2018,8,31,4,neutral
44.325001,44.445,44.150002,44.25,108434400,56.04209235558274,58.16537713940075,-17.465189258392822,56.69681940831955,43.29835016,43.033885245615735,41.57660009999999,41.78106265543225,0.428394433114768,43.6171251,0.4649999999999963,0.5571584384917189,0.5663426119895897,2018,1,22,0,neutral
35.932499,36.044998,35.817501,35.834999,66688800,55.77548919169177,64.32290298412785,-80.72838576482586,42.17414106771276,34.29599992,34.17444986061049,31.52409994,32.35414632341466,0.5134767367028559,35.4936253,0.2274969999999996,0.3546141805388449,0.3649441334643625,2017,4,7,4,neutral
28.844999,29.182501,28.807501,28.955,186098000,77.49168858131294,65.52185033711015,98.97784471299188,135.03896383236184,28.19784994,27.9296101067522,27.73484999,27.506161964701903,0.2183032632872539,27.939500050000003,0.384999999999998,0.4686962666000004,0.4781588786503963,2016,12,15,3,neutral
131.25,133.509995,130.460007,133.490005,69458900,60.34096428062112,48.8948489634059,117.34597695065231,89.80827892757294,140.23799888,138.2698320386301,146.01909924,143.4078198557812,-3.3006163994569704,131.99749885,3.049988000000013,3.929562130757353,4.164772477969319,2023,1,11,2,neutral
54.732498,55.747501,54.189999,55.537498,116736000,50.64879923972288,50.91596865535044,4.239418352061855,-60.179903142314735,54.9218502,54.31476188015345,51.29690012,51.92001421587127,0.072682078821991,55.676374800000005,1.5575019999999995,1.5182889558285877,1.3564031247709412,2018,10,16,1,neutral
27.307501,28.0375,27.174999,27.9725,237458000,57.86284216099769,52.382681652796975,52.589604276866034,-3.881940429800384,27.98004996,27.518370663601075,26.572575030000003,26.567259304811017,-0.1997697083404972,27.6486252,1.1000000000000014,0.7116510127243725,0.6687588325045334,2015,1,8,3,neutral
30.112499,30.112499,29.932501,30.0,130391600,72.90688080747924,69.57558755202476,97.36680320175452,83.77482154354513,28.52364992,28.891269593746387,28.33414993,28.23561879219618,0.3923673129086502,29.48799995,0.1799980000000012,0.2865029464859714,0.3272949246168214,2017,1,20,4,neutral
62.2425,62.4375,60.642502,60.822498,142839600,61.02055993519918,65.56934397987445,46.15383422709412,90.70481579771128,55.75749996,56.41430606321444,53.12957501000001,53.88809397736572,1.6987789541676932,58.687250000000006,1.7949979999999996,0.995638391388202,1.0091126338146712,2019,10,29,1,neutral
37.645,38.110001,37.474998,38.022499,85972800,78.64374492370106,64.8639514362855,118.06419260859764,100.967324630289,37.30724962,36.85697666925493,36.553924810000005,35.946488646009,0.2483739210993931,36.6759997,0.6350029999999975,0.4965490292535643,0.5348015915622606,2017,7,24,0,neutral
133.770004,134.320007,133.229996,133.699997,60214200,73.0006129415007,64.4604318120981,131.54970033736373,133.07438702679931,129.12419982,128.3889747386581,127.90389976,127.22966755950463,1.531279591160228,128.06199880000003,1.090011000000004,2.1091022068590424,2.207622310694759,2021,6,23,2,neutral
50.212502,50.25,49.610001,49.737499,83603200,69.67652342317805,70.57920770766137,51.08613250034048,91.31255779525571,45.25455002,45.94930493517541,43.06950007,45.45677301611367,1.4132133235276854,48.1263752,0.6399990000000031,0.8050471971888263,0.8533144782628347,2019,4,11,3,neutral
164.419998,166.330002,162.300003,162.410004,122848900,20.424359585309304,35.29340735788574,-118.25576184971383,-169.34101519134455,168.30760036,167.76801259538263,157.92440016999998,160.51191848828628,-1.0931480380734797,174.14300005,4.029999000000004,4.134474255655276,4.104599154108295,2022,1,21,4,neutral
81.112503,81.962502,80.345001,81.084999,216229200,68.64861458868526,70.23272078475942,153.0592244293,177.92869990239143,71.87889988,72.63011358659556,65.29407494,67.0081247508721,2.3830584919489155,77.63137520000001,2.540001000000004,1.7510355854174644,1.5022044399898495,2020,1,29,2,neutral
30.2775,30.452499,30.155001,30.264999,132169200,63.229497957947245,61.63493271584698,4.650267740075016,68.00337701169633,28.48224996,28.970805138871995,29.37627501,29.274393334495738,0.6074314189597736,29.090000000000003,0.2974980000000009,0.5883488422683154,0.6279885043596567,2015,11,6,4,neutral
40.107498,40.185001,39.637501,39.817501,79275600,55.722198182473456,58.1242811049933,31.33897270626286,24.58160114946057,37.75329998,38.337368612596975,37.46084985,37.15805524915499,0.5744183198755124,39.3016253,0.5474999999999994,0.6687568139737259,0.6861970512333259,2017,8,24,3,neutral
92.5,93.945,92.467499,93.462502,118655600,72.63278087753982,69.63593837641292,167.26049241155803,150.47011920273988,81.67884984,82.85988234063281,75.2054497,77.89829746478391,3.0575166407073624,88.5709988,2.917503999999994,2.206490523447314,2.2129919451814253,2020,7,6,0,neutral
52.327499,52.737499,51.924999,52.217499,103563600,73.69776228923931,71.55011976896809,119.2953431461312,73.2540686335366,48.16470008,48.4614358881793,46.20167509,46.86717362230699,1.3171335791350458,49.6947502,0.8549989999999994,0.8674943185538718,0.8439181632866263,2018,8,13,0,neutral
24.1875,24.4125,24.182501,24.245001,95179600,63.26051917312301,53.74228198900121,135.86951867759214,125.48987145243277,23.94954996,24.300833763137607,25.004750060000003,24.87543973468483,-0.0843948885470275,23.9065001,0.2424999999999997,0.3302202890180819,0.3773894151468156,2016,7,11,0,neutral
27.700001,28.084999,27.700001,28.01,133029200,71.46876463653055,68.48392548261366,178.81100383695718,132.64449602770244,25.5148001,26.263445004811803,26.18417502,26.44479932855032,0.5759765916958628,27.0515,0.4749979999999993,0.4779557819374283,0.4813526709727973,2016,4,13,2,neutral
24.067499,24.200001,23.48,23.8375,260888000,74.53747483634635,70.27031408403137,115.10089909051844,137.10390591688994,22.32659276,22.25625262764162,20.6749393,21.21428710574009,0.3840584772196251,23.13175005,0.7200009999999999,0.386815644938734,0.3607343139318796,2014,7,8,1,neutral
27.8575,28.1175,27.8475,27.8925,108776000,57.22313217933683,50.86002136396717,78.0191028866925,91.11148965533754,28.27144994,27.81732632094809,27.28547502,27.342712355302965,-0.123490853453589,27.5599998,0.2699999999999996,0.4407385000693473,0.4875347029650876,2016,11,28,0,neutral
79.297501,79.754997,79.0,79.142502,110843200,71.58356517129461,74.73259521996289,99.64411547351864,88.48109271017427,70.20199986,70.78176937695387,63.65714986,65.42378313896863,2.8150985490372733,75.29037445,0.754997000000003,1.220329701212688,1.2169969170666186,2020,1,21,1,neutral
39.474998,40.0,39.412498,39.970001,96486000,76.79877629785638,61.7523439356885,210.73348153570404,189.640285170132,39.52065012,38.996707678253465,38.38867492,38.25865448527342,-0.0008865468611318,38.7377499,0.7524990000000003,0.4950950591858274,0.5399547751546221,2017,10,16,0,neutral
43.807499,44.4375,43.450001,44.142502,266157600,70.53568794325052,59.510519498087945,198.637149616736,78.71260142747813,43.15580038,42.678443484865824,42.935475180000005,42.488646362976674,-0.2603441392098133,42.56887555,2.162498,1.1480652502654638,1.058956950173535,2018,5,2,2,neutral
52.125,52.330002,51.665001,52.252499,83962000,56.19971435544432,54.28367801027227,10.355310322145606,30.077193951549468,51.02470018,50.78779286943975,49.799825010000006,49.66273217293941,0.2790182179111937,51.1487501,0.947502,1.2452268360767496,1.2646189532273326,2019,8,29,3,neutral
36.072498,36.130001,35.862499,35.915001,84596000,60.27565200002375,66.56548398466822,-26.617909361446948,60.77600228928996,34.188999960000004,34.10667234471703,31.43682495,32.283826067289056,0.5468618038863013,35.44112535,0.2675020000000003,0.3758003772953192,0.3755169898846981,2017,4,6,3,neutral
127.82,128.320007,126.32,126.900002,72009500,50.11254015969012,47.86359787167561,95.13868364047764,35.15623712156857,127.7824002,127.965783325809,128.89540007,126.65632805540702,-0.9602927773694604,127.8730003,2.0000070000000107,2.660041572677072,2.785522738905569,2021,5,25,1,neutral
24.122499,24.2225,24.012501,24.17,115648400,61.01054503779222,52.51280260497346,119.53842849706646,103.96539426511188,23.938799940000003,24.303112651428936,25.007600060000005,24.888175870995568,-0.1212248048520088,23.92962505,0.2374989999999996,0.3448403371877622,0.387765524004263,2016,7,8,4,neutral
31.907499,32.195,31.862499,32.18,179566800,86.4439301540993,75.16379436070844,81.54531862147837,124.211929960717,28.4859001,28.894195442331537,27.62322502,27.73067278892193,1.048863618968511,29.76199995,0.3325010000000006,0.5519080731278413,0.6252643328409436,2015,2,18,2,neutral
131.190002,131.490005,126.699997,127.849998,137564700,29.861157555880595,43.62092336494348,-185.4580572485577,-280.0691003689211,126.49919984,129.1993967065884,129.1957,126.70606964817614,1.301372395175349,132.6675003,5.8399960000000135,3.1016702715428885,2.980532493145678,2021,5,4,1,neutral
173.039993,175.860001,172.149994,175.639999,92135300,60.56084155616684,62.20945865476792,36.406754208218686,36.3282304373446,158.15820094,161.25523664905626,152.72140013,154.06595691253872,4.835132348029049,169.5700004,3.710007000000018,5.073687042689144,4.779382669884112,2021,12,22,2,neutral
146.199997,146.699997,145.520004,146.089996,48908700,49.5257957729925,56.81579537846704,-35.960533282579355,-32.38102364271101,138.21499988,140.32441185064368,133.01669999,135.34917419375228,2.0215452505883604,146.5189987,1.179992999999996,2.1389348907419583,2.4104770081155187,2021,8,9,0,neutral
36.1175,36.150002,35.845001,35.919998,80164800,59.41004394892369,59.3690638042398,72.70678753641197,84.40450019611627,35.1207001,34.719792258036975,32.48659995,33.04522424146185,0.2232988695501205,35.73899995,0.3050009999999972,0.3504682780801138,0.3599345835557536,2017,4,26,2,neutral
50.779999,51.037498,50.630001,50.965,96783200,83.0301123673479,76.70158890859707,161.1104340053731,133.10159608269657,46.01309998,46.72806279972998,43.26895006,45.911107916299,1.3361875980431677,48.881625150000005,0.4074969999999993,0.7675769800880764,0.8190458228967886,2019,4,18,3,neutral
39.557499,40.0,39.505001,39.945,86418400,59.22038176506497,59.734091949557005,0.2560931315407222,30.3105551908576,37.61579998,38.20683080273417,37.38112485,37.04593170008703,0.6042267840291515,39.11125035,0.6974980000000031,0.7375441634642386,0.7198942901877629,2017,8,22,1,neutral
37.822498,38.6325,37.407501,38.327499,180396400,48.22491090009796,41.13632138120701,26.611490620778547,-7.762430952529545,44.49035012,43.49066543555637,49.89400013,46.44862444189256,-1.9966292750113084,39.3387499,1.2249989999999968,1.478981356057419,1.5196042502866394,2019,1,9,2,neutral
182.800003,184.149994,182.440002,183.309998,54929100,73.61391316947193,70.01805191291376,114.33118349883812,121.14889678622174,171.19700074,171.36167072781325,161.3299001,164.09258414027988,3.377821372670269,177.0910011,1.7099919999999995,2.8441294736837763,2.8473303561618586,2023,6,13,1,neutral
48.715,49.0,48.400002,48.702499,107731600,75.09280972835383,59.66450282058722,103.32305897234627,167.27844286349878,48.58550002,47.186699191563626,46.00532497,46.8461843204773,-0.3754811541091953,45.9622501,0.8549999999999969,1.2126170599201078,1.2242961061734066,2019,6,11,1,neutral
44.037498,44.8125,43.767502,44.775002,137547200,76.15282024246211,66.86688678112822,105.0164895987318,133.94672178005035,43.23255012,42.8402451913928,41.4413001,41.60944998867252,0.3697490883655447,43.49950005,1.0449979999999996,0.5966912703826827,0.5853465959487636,2018,1,17,2,neutral
32.224998,32.302502,31.7075,31.950001,210699200,33.88526380237465,45.317694999504354,-154.33252682898836,-205.8287902163762,31.99414996,31.987706445998487,31.2980499,31.09048283130987,0.0954257075760409,32.37899985,0.5950019999999974,0.4467026369186416,0.4949345556162478,2015,6,8,0,neutral
34.057499,34.1875,33.994999,34.174999,98028800,93.3513183395208,90.02966485934554,102.60684880839656,118.06659829095078,30.49659986,30.96211622509052,29.32767487,29.654242516698588,1.099203386280152,32.3133746,0.2575000000000003,0.346886612714281,0.3705518290780119,2017,2,21,1,neutral
40.91,41.130001,40.869999,41.0,107140400,74.51043465326833,66.99762605630654,118.49322923315074,155.71003852676503,38.19235012,38.747507814472144,37.69242486,37.48462311539909,0.6641869290041882,39.93412535,0.2924989999999994,0.5452429778342162,0.6116032857990251,2017,8,31,3,neutral
26.7325,26.7325,26.379999,26.4925,126210000,32.13316752650425,45.370358735948905,-85.39453107584258,-146.9902914280818,25.904750120000003,26.42650506670293,26.03270003,26.51252294130126,0.2340460939740012,27.213875,0.4024999999999998,0.4881349992781297,0.487027684053511,2016,4,21,3,neutral
26.969999,27.0,26.557501,26.727501,129539600,36.02999072016767,48.38138933783181,-127.03350859666388,-170.31027712427976,25.789250140000004,26.409171085586973,26.09222503,26.5074815548581,0.3778699422775169,27.21075,0.4424990000000015,0.5015587490174543,0.492455183872711,2016,4,19,1,neutral
35.369999,35.470001,35.217499,35.4575,66328400,43.789166386434445,53.926690899173785,-62.51275035777413,-115.48918911297054,34.73235002,34.40889240412135,31.94075,32.65074246401598,0.2690367120491501,35.62050025,0.2525020000000069,0.3636525751097805,0.3696351293571576,2017,4,17,0,neutral
23.440001,23.887501,23.379999,23.76,158744000,68.45000777106358,67.6113582578382,15.541789318982987,73.57955206187292,22.4312999,22.375177865258653,20.76229287,21.31585541804872,0.3956614103642408,23.16075005,0.5075019999999988,0.3931196983223351,0.367023474767797,2014,7,10,3,neutral
25.5725,25.5875,25.125,25.24,283609600,51.46364817650451,54.96160897090075,-9.569904652581284,39.47825000029557,24.57374996,24.527601075099447,23.50252493,23.472943436991503,0.2157893091656646,25.21525005,0.4624999999999986,0.4737948950582859,0.4610595304541316,2014,9,19,4,neutral
159.990005,165.520004,159.919998,165.300003,174048100,74.5066468158552,71.3116900217295,129.3022095588021,102.89846597153633,149.01700042000002,151.4355450358583,148.66309996,147.31644485746813,3.71110525302862,154.5205016,5.600006000000008,3.974588493391792,3.429495901122272,2021,11,30,1,neutral
143.289993,146.550003,143.279999,146.350006,66253700,69.29372714080684,56.81304515442064,156.1244166890818,150.63236856341106,145.14460087999998,145.6064064514326,155.97270064999998,151.61040709000625,-0.7963424122968092,138.26900035,3.6300050000000113,4.116755040995594,4.456630051150328,2022,7,7,3,neutral
26.295,26.372499,26.1325,26.305,188215600,76.13819797394771,65.44698682169413,88.61372517113819,148.8696267003163,25.12945012,24.913295468509325,24.35993213,24.119183185759457,0.2056804242309304,25.07225015,0.2399990000000009,0.5237642064965436,0.5223733416570396,2014,10,24,4,neutral
66.449997,66.857498,66.057503,66.775002,86703200,82.62145709617187,79.25505165600379,123.9738929072863,109.71446980121348,59.2364001,60.06580757878203,55.31157508,56.55743178422623,2.174678462293649,63.613125450000005,0.7999950000000098,0.8669060029719408,0.944272742096122,2019,11,18,0,neutral
169.020004,171.169998,168.869995,170.289993,51131000,38.8886890021615,40.29828272876287,-28.57157048387968,-81.92964911000465,176.8200006,176.37768621154507,181.97450057000003,176.6465235869007,-1.986249749017361,174.90950155000002,2.949996999999996,3.175968679731028,3.2355813573464025,2023,10,30,0,neutral
55.345001,55.639999,54.3675,54.432499,221652400,50.29540555698053,55.80028325182759,-63.81752475057584,35.00382121663127,52.22229996,52.38392279887695,50.32754999,50.8480629783924,0.994446606052179,53.454499850000005,1.2724990000000034,1.0249380339738603,1.0966179490716057,2019,9,20,4,neutral
29.129999,29.450001,29.122499,29.315001,73187600,75.32726189734392,67.46944137230939,90.68209263067308,83.69651454284666,28.2200499,28.232981415650027,27.94234996,27.72348426324937,0.3831123692105294,28.421499900000004,0.327501999999999,0.3413277570411476,0.3954136649499985,2016,12,27,1,neutral
148.699997,149.75,148.119995,149.259995,58418800,75.35264087524394,61.06229372559388,117.02897403806588,189.2636386635,147.18219914,145.15270306154866,142.90849956,142.46862501928803,0.0290298201297218,143.74249815000002,1.6300050000000113,2.564658370602352,2.708970952233806,2021,10,20,2,neutral
168.490005,169.850006,167.880005,169.679993,55209200,71.53039056645346,66.1307657223222,140.43556868080003,164.21095955023205,157.90300028,158.9929111254336,148.83329989,154.13384974430397,2.556557572187785,165.03850035,1.9700009999999963,2.710533706983061,2.837438589589975,2023,4,28,4,neutral
43.560001,43.737499,42.564999,43.654999,179994000,25.16795317684757,29.56460044120948,-81.41839614597032,-121.28340531655287,52.94179990000001,51.17965586462815,52.37122515,51.213046401099504,-2.717779007020283,49.3379999,1.1724999999999994,1.5981376201673605,1.6543349717157605,2018,11,26,0,neutral
25.317499,25.450001,25.147499,25.395,243706000,59.64165384834208,58.66095098856484,47.2714916634153,33.075294319261424,24.51214996,24.459789833837416,23.41937136,23.396620349717427,0.2260954539371233,25.19525005,0.3025020000000005,0.5220401071626674,0.481213934727869,2014,9,17,2,neutral
32.465,32.665001,32.330002,32.490002,134670400,48.79274348553584,52.485666953273984,-103.88920517780394,-8.830408172528882,31.92209998,31.944612428245243,31.11664993,30.9946699629255,0.2413806161716394,32.22600015,0.3349989999999962,0.4701555981802933,0.5242981207784666,2015,6,2,1,neutral
190.869995,190.899994,189.25,189.970001,24048300,67.85208410986715,66.99617391666796,-10.527675821478327,62.653733138284736,178.06600092,180.97962716976755,181.56090069,179.0990248573058,4.097630811101936,182.6620002,2.059998000000008,2.474808978875141,2.777508549405196,2023,11,24,4,neutral
30.497499,31.375,30.497499,31.305,461802400,41.65390945993783,45.63733043734949,-113.90992262215129,-55.84878799012112,31.97115,31.778228215872904,31.81592495,31.367476049,0.0750140469354789,31.59037515,2.1900009999999988,0.8019331921628614,0.6527543519656265,2015,7,22,2,neutral
46.93,47.0,46.695,46.875,74762000,57.61788350885418,61.63279095636982,-94.9370356558953,-41.73902079243006,44.08565014,44.858484839058185,43.61902512,43.83240141681347,0.8932155825953174,46.572999800000005,0.3049999999999997,0.5914479333820678,0.7223472534546517,2018,5,30,2,neutral
145.029999,146.220001,144.259995,146.100006,87830100,44.19288660025113,41.71782657269017,-6.949435006776401,-62.58227645787322,159.36439976,154.4339278296492,151.35610018,155.19514643446905,-4.253939897120432,151.6654984,3.770004,5.18705789744179,4.839557263762616,2022,10,4,1,neutral
28.424999,28.584999,28.282499,28.4725,115117200,61.51105154560835,60.38569099164551,90.11830184375768,63.22988614980456,27.32655006,27.238856463953045,25.814050049999995,26.524961901577537,0.3590620190721907,28.0552499,0.3224979999999995,0.4059456818039906,0.4432442197410856,2016,10,6,3,neutral
48.407501,48.52,47.98,48.494999,83734400,80.66622975640901,71.51948044033864,89.19069682397249,164.1144253357919,44.601449980000005,45.40006580759239,43.8264751,44.21271462278035,0.9373423851956276,47.1696245,0.5400000000000063,0.6153503378341743,0.6974180777799763,2018,6,6,2,neutral
30.4175,30.610001,30.4,30.485001,105350400,84.8833643279861,76.3224529711251,143.9419145609542,193.3795162251142,28.75219996,29.092374724816423,28.47969992,28.39023208936482,0.415698319801411,29.69725,0.2100010000000018,0.2889850735717695,0.3177593473027132,2017,1,26,3,neutral
25.102501,25.360001,24.905001,25.3575,249412400,61.04724121522092,59.27523051856457,120.82739133815646,7.098080314540554,24.37764998,24.304108853722905,23.18938924,23.233266575087267,0.2030955872157349,25.06325015,0.4550000000000018,0.6071760719888607,0.5023944147440853,2014,9,11,3,neutral
126.010002,130.289993,124.889999,129.619995,87754700,47.690839754418185,42.118917368917344,38.9439092288081,-50.02425132205905,141.34839926,139.13290969366784,147.29269925,144.14548348583813,-4.584079331873028,133.74399925,5.399994000000007,4.305879976156346,4.377945612447796,2023,1,6,4,neutral
153.779999,154.330002,150.419998,150.869995,56007100,60.811685097282215,62.52870332564892,24.232580558425223,73.15286929639868,139.20219936,142.0988873913419,142.80219906,143.76634924366056,4.478676262304305,143.7529992,3.910004000000015,4.338043974092303,4.18450142689282,2023,2,9,3,neutral
25.397499,25.695,25.389999,25.5625,273840000,80.6084016859783,73.1618839027002,116.22378753248512,94.36025355933252,23.99244996,24.000551204507875,22.62058212,22.88271603632168,0.4519448874108072,24.5583749,0.3050010000000007,0.3103823327653634,0.3314853813559941,2014,8,28,3,neutral
179.470001,180.570007,178.089996,178.199997,59773000,60.52794228544594,62.65968006731087,48.393187926028816,74.9719109597982,161.53140100000002,164.42101184230333,154.32020018,156.41095418877973,4.93209900472263,173.7909996,2.4800109999999904,3.794757873204665,4.134919140821685,2021,12,30,3,neutral
95.334999,95.980003,94.705002,95.919998,90257200,78.76915149110712,73.18466854539368,86.37378080298788,126.91880592453604,83.62034978,84.6683628426931,75.76727465,79.21844029892448,3.407641264065973,90.50299915,1.2750010000000032,1.9494605453509888,2.072473106110129,2020,7,10,4,neutral
41.5275,42.25,41.139999,41.610001,162958400,73.41675341553548,59.70198087964495,138.57886826958307,241.53900624464487,40.75960012,41.50572385531559,47.4875501,44.52340470950265,-0.1289832874759469,38.494625,1.110000999999997,1.249119123471479,1.2492522088834033,2019,1,31,3,neutral
114.43,116.042503,113.927498,115.010002,210082000,72.41770136460445,71.65685036738458,169.8421729194931,86.45501404484749,95.31234968,96.56903035449456,83.65069989,88.29191486327178,5.640314951054918,103.18862525,3.0325009999999963,3.535302275532299,3.247408981227162,2020,8,13,3,neutral
189.259995,189.990005,187.039993,188.610001,59922200,48.17286189962585,58.600955929128176,-140.45163246593057,-4.175085618410156,179.21260012,179.88073186603313,168.26220022,171.096688948116,3.595792401410052,187.33099915,3.6399999999999855,2.80745431358523,2.779662312933992,2023,7,10,0,neutral
29.5725,29.602501,29.4,29.452499,52185600,51.40792478193931,52.27609783659836,-38.36222947079789,34.35739643560181,28.78379994,29.09635842129376,29.04747498,29.26823662988818,0.1489308423829847,29.55562485,0.2025010000000016,0.5171967548424844,0.5772077331372835,2015,11,27,4,neutral
28.467501,28.8025,28.362499,28.43,151446800,29.726194528119336,44.98842904029411,-102.3245167186954,-178.95646521071416,28.06245002,28.12338264381338,26.56682507,27.23489781651292,0.2389936856396843,28.953875050000004,0.4400009999999987,0.4769325692897986,0.4604172505554884,2016,10,28,4,neutral
40.130001,40.177502,39.459999,39.465,111762400,51.26694204964452,56.45185827552454,-24.318018802233063,36.93733089432501,37.49029994,38.03574843659946,37.27452481,36.891414297576524,0.7261775337806711,38.8688753,0.7774999999999963,0.7619918799455275,0.7258695149181712,2017,8,17,3,neutral
39.014999,39.5,38.775002,38.974998,62468000,56.99797630982117,49.81997953571125,113.19338260841836,142.46764430281794,39.46930012,38.93494005363412,38.35059989,38.16811820056064,-0.2004323225981892,38.8259997,0.7249979999999994,0.5145033148959665,0.5678040013774016,2017,10,10,1,neutral
24.709999,24.7225,24.022499,24.065001,156084000,51.643918052109264,46.49110707357571,89.1440196811072,109.12532782437292,25.50574996,25.30271417428441,27.18169995,26.61230098157451,-0.3985274401214624,24.0357499,0.7000010000000003,0.6283571500617466,0.6741330666930592,2016,2,18,3,neutral
32.57,32.8475,32.512501,32.634998,128451200,52.786578602375634,54.32914778705912,-60.27146461870591,39.11447197144549,31.90179994,31.922351629397475,31.06112491,30.964461073607644,0.2667008153057963,32.210249999999995,0.3349989999999962,0.4926816978770095,0.5388595916075797,2015,6,1,0,neutral
43.7575,43.8475,43.522499,43.634998,109745600,61.335639397903726,59.35545744400296,72.0157197374956,123.7977255324159,41.9809501,42.10335897812138,40.70720012,40.79139720377172,0.3638286333865466,43.0442502,0.5825009999999935,0.6167900063319777,0.6426530227332687,2017,12,19,1,neutral
47.7925,48.0,47.442501,47.924999,106627200,60.08561652892652,63.571215825054296,-8.293708050490585,47.70104443257103,44.85315004,45.61079511650493,43.90617511000001,44.3668205285631,0.9031336404676722,47.26662465,0.9225009999999968,0.6408187584087802,0.6980799446164078,2018,6,8,4,neutral
180.869995,180.929993,177.009995,178.190002,60378500,18.273983406896065,30.09837145639663,-75.50855038272098,-136.43121182120663,187.41840058000005,185.65819638390465,177.02590028999998,177.88449471590357,-1.6839704129170343,190.68400105,3.919997999999993,3.7895185012782,3.419171319253664,2023,8,9,2,neutral
144.809998,146.970001,142.539993,144.979996,118931200,47.34267752027151,56.59337820302844,-97.89640477028148,-63.84306188590756,134.97079988,138.05245792508032,131.05790002,133.44241362049678,3.39205878187218,144.6695007,4.430007999999987,3.170306512801209,2.9266747494208567,2021,7,28,2,neutral
43.012501,43.564999,42.855,42.962502,135722000,64.46694213248477,55.89552376326984,79.10105685606202,116.37688343817344,42.71514998000001,42.202898233723154,41.941675,41.70392719967073,-0.1933928313877118,41.5853748,0.7099990000000034,1.1621641562893237,1.0659040504918271,2018,2,20,1,neutral
133.820007,135.0,133.639999,134.5,89347100,70.84602898968801,64.26874251012686,101.19511980847813,107.95759717995163,126.63159960000002,126.67606640717192,127.45469985,124.84147556400728,2.3994324335686628,125.5174996,2.9700009999999963,2.920173500065476,3.063251288242095,2021,4,15,3,neutral
148.869995,149.949997,147.160004,148.910004,51011300,42.91908337420815,53.0914904659148,-130.33339532658647,-159.8432755636835,140.37399960000002,144.81373766580649,142.76619932,144.99444577012693,3.189897429961974,149.79999935,2.7899930000000097,3.429512082118017,3.66304774421665,2023,2,22,2,neutral
23.4475,23.68,23.147499,23.424999,200298800,37.65902113117597,38.85798697290095,-149.98879043253422,-97.78362548046444,25.9199499,25.51606886424721,27.36399994,26.824194936988377,-0.6208619978024963,24.0993748,0.5325009999999999,0.6609067425140857,0.7056615831756791,2016,2,11,3,neutral
24.455,24.602501,24.2575,24.285,117780800,39.20737087328071,45.674737778389655,-88.75119653027242,-103.17328647095084,24.93094994,24.746771483755293,25.02549999,25.296143573154936,-0.0029162113468714,24.49587495,0.3450009999999999,0.4131728065800132,0.4408531798153397,2016,6,15,2,neutral
42.650002,42.805,41.357498,41.43,261964400,30.0996274995766,39.66677325339726,-197.8836204656893,-132.15932580082347,43.12555028,43.08000867472651,43.03220016,42.646902576922926,0.0223811289784379,42.7900002,1.842503000000001,0.9992279795415134,0.9874249101139486,2018,4,20,4,neutral
47.945,48.107498,47.5425,47.860001,82704800,60.248181015124565,57.777973505506495,57.44666943869713,65.42858703930825,47.14809982,46.66230703702533,45.259100100000005,45.566307708297,0.3204452138817473,46.9751249,0.5649980000000028,0.6286831342942475,0.6654674449697092,2018,7,20,4,neutral
143.229996,143.25,141.039993,141.509995,73035900,40.0492058745055,41.37586690786669,1.7654805235103448,-45.818815546849805,147.28459932,144.95700725894525,141.72939966,142.0467708475744,-1.699289091348021,143.84349830000002,2.2100069999999903,2.8191800944357763,2.8718443487096144,2021,10,12,1,neutral
170.910004,174.009995,169.929993,173.0,55980100,30.477969520591177,40.652338894183856,-141.44425396108932,-138.1542078518763,177.4606009,177.80833178938167,182.45160065,177.35063212763467,-0.6557586118372853,175.31450194999996,4.080002000000008,3.182091920426878,3.265630912321191,2023,10,23,0,neutral
175.309998,175.419998,172.639999,172.880005,64189300,29.482883561467688,40.29797002297936,-131.94658242079635,-95.27185485568288,177.55640076,178.00459022976457,182.49410064999995,177.4385236857687,-0.4236885029766029,175.46850205,2.8200080000000014,3.032440240498023,3.2029869824997435,2023,10,20,4,neutral
37.875,37.935001,37.547501,37.584999,68974800,71.48917947978633,60.28595513655903,82.24926116346073,112.66768078752034,37.331499580000006,36.77846160796837,36.4899748,35.87095405385732,0.1569845312711635,36.54537475,0.3875000000000028,0.4873855953729086,0.537639467137297,2017,7,20,3,neutral
172.320007,175.179993,170.820007,175.080002,76138300,49.96259028016263,54.031141878077214,-34.90027007897529,-71.66664818412234,165.71200068000002,167.44951257694453,156.5384001,159.2469054373246,2.168154116079989,175.7264999,4.359985999999992,3.989760199181642,4.093963816213813,2022,1,11,1,neutral
38.5,38.560001,38.327499,38.4025,87710400,56.83573925649118,61.5995094490524,41.33067830585146,-7.113829205198626,36.5904499,36.6442931215102,34.518649860000004,34.783578112519585,0.5983878357981496,38.0322498,0.2325019999999966,0.4621060368649712,0.4787481911135524,2017,5,26,4,neutral
46.900002,47.1875,46.717499,46.974998,90056400,61.15919519149101,62.853103648848126,22.389613778249355,9.851564158295451,44.02465016,44.77617809779525,43.58285012,43.7709347787692,0.9479524832328678,46.3429999,0.4700010000000034,0.6391892556124125,0.7544508883357787,2018,5,29,1,neutral
196.899994,197.679993,194.830002,194.830002,52242800,50.26032708835063,58.18493546676248,-33.14356821465371,43.1133581566355,184.84340082000003,187.73451944860216,181.76740078,183.5684454363979,3.227315781176856,193.3185005,2.8499909999999886,2.6651005675185067,2.758935421598728,2023,12,20,2,neutral
21.589643,21.657143,21.454643,21.596786,234836000,73.42146863266885,70.4685898879124,123.15788915899331,173.98331970860266,19.78426434,20.1235023089635,19.43298218,19.572512212227863,0.511638982607014,21.0041965,0.2025000000000005,0.3052977302428319,0.3190878124614295,2014,5,20,1,neutral
30.0,30.125,29.9275,29.997499,94852000,75.63523717137616,70.54379667809816,155.55560412880297,106.40371868603016,28.42099992,28.80115877273401,28.27097494,28.164721691481937,0.4018322671855614,29.4106249,0.1975000000000015,0.3249630660503496,0.3508275693780885,2017,1,18,2,neutral
174.0,176.100006,173.580002,175.740005,60895800,36.74509562015117,40.79038002180521,-81.66322664933735,-91.24294266595167,185.05580046,181.95047961128208,181.35180038,178.6082980202528,-1.75532822089653,180.04599995,2.520004,3.896650604706508,3.720905368267928,2023,9,14,3,neutral
23.077499,23.174999,22.950001,23.02,118904000,54.92990629852288,63.52772361766683,-55.381830034483656,10.678265597267597,21.1617214,21.56561023956183,20.031407100000003,20.589562856081784,0.5554464964765984,22.6821247,0.2249979999999993,0.3614285809069873,0.3535150714418426,2014,6,17,1,neutral
26.674999,27.557501,26.65,27.497499,235362000,50.35480147538918,45.61936752123427,26.6887110660677,-37.910403721785,28.20229986,27.82251396931658,27.005,27.27461056270905,-0.4123580126498396,28.0002497,0.907501,0.7009160661101487,0.6068622173084198,2016,11,16,2,neutral
34.962502,35.400002,34.939999,35.355,103440800,64.99123561478194,69.81454744987957,67.38762280040736,103.647378644843,32.91274988,33.16590662705946,30.5606499,31.42049534475285,0.6145846635104917,34.79212515,0.4600030000000004,0.38297255800418,0.3622574477302831,2017,3,22,2,neutral
193.330002,194.440002,192.919998,193.619995,37283200,61.00144294308567,62.77710501717213,-4.821168944041136,65.2232281442147,183.96720062,184.3001992490079,172.90630022000002,175.26638061261335,2.657850783674519,191.4550003,1.690001999999993,2.9781519842803497,2.908569337431928,2023,7,25,1,neutral
163.850006,164.080002,154.949997,156.770004,130525300,40.10004322000895,41.80407286160078,-33.490309891435714,-70.97758957963354,165.43000026,165.44904533535782,168.64990032000003,164.68864377368595,-2.478352392408709,163.85049965000002,11.070007000000004,6.448829934889257,5.568820660096798,2022,5,5,3,neutral
79.035004,79.677498,78.272499,79.527496,112945200,66.018671396865,64.42056226643669,-13.936592713463275,58.409288852896566,69.94615008,73.39017805111092,73.05357493000001,71.27581632834622,2.507485713589304,76.81312564999999,1.4049990000000037,1.7354632734304276,2.003146104056802,2020,5,27,2,neutral
32.145,32.1875,31.440001,31.602501,226068400,41.64356838033802,54.63671708341169,-228.95809956248047,-136.35161146454945,29.488649960000004,30.120217289746627,28.43777496,28.643601775934275,0.7954177468165966,31.7471248,0.7474990000000012,0.5845091252312722,0.610087848170931,2015,3,5,3,neutral
36.397499,36.872501,36.067501,36.764999,182788000,73.95958953948816,68.77338027822199,58.04677869065468,114.49904981182031,35.372149959999994,35.033496061024444,32.934374909999995,33.36827781275381,0.3669201805095028,35.844124750000006,0.8099980000000002,0.4567878756679335,0.4120516313406733,2017,5,3,2,neutral
23.75,24.209999,23.52,24.0875,183857200,46.70158719294603,42.572479423686,-5.021027108798704,-46.21040309792373,26.62734996,26.014216050388715,27.66647496,27.2243789964852,-0.719602041390214,24.36687485,0.6899990000000003,0.771023729574754,0.7676061005391492,2016,2,3,2,neutral
31.8475,31.889999,31.407499,31.58,168143200,45.88414361687875,48.22770359019498,-18.868166641479284,-61.127854765838926,31.6606999,31.47295241119185,30.39264996,30.47006835452203,0.0067184916166063,31.89675,0.4975019999999972,0.6778958717015823,0.6547056088676981,2015,5,11,0,neutral
38.7425,38.872501,38.639999,38.825001,69630400,52.967085311609786,47.91706008009889,102.77288819668355,52.79334940649153,39.40175016,38.93221548584022,38.3282249,38.1354907015516,-0.2773240275505557,38.95874985,0.2325019999999966,0.4997413452750656,0.570959398047164,2017,10,6,4,neutral
24.3475,24.747499,24.33,24.6975,155676000,72.04292164531978,60.27110222976169,131.9017138498008,133.77693618789183,24.00215,24.3152103368793,25.01450007,24.84924404481913,0.0280777040946986,23.9207502,0.5299980000000026,0.3279663394399589,0.3648647948533363,2016,7,14,3,neutral
24.817499,25.055,24.51,24.975,191031200,46.77490423431282,49.17702094839591,-53.93458180765729,-93.7412253872788,24.81809996,24.699245313943337,23.85961778,23.74155122968054,0.045009633775642,25.12799995,0.5449999999999982,0.53498559879218,0.5096071639709727,2014,10,2,3,neutral
25.559999,25.57,25.375,25.565001,109632800,69.01899476008177,60.46874780298002,54.01564475440688,74.57938366508853,24.554500059999995,25.115772009822944,26.70632502,26.13109646853353,0.2765437698105515,24.6540004,0.2774999999999998,0.4495581830298006,0.515010119800807,2016,3,11,4,neutral
181.419998,181.929993,178.139999,178.850006,51427100,59.41100535685449,53.749159837589325,62.93041678553276,97.32039761979132,177.89140103999998,178.46997427833998,182.38480057,177.59439664227338,0.1061426219266081,175.52850185,3.789994000000007,3.231333391210165,3.350425879413136,2023,10,13,4,neutral
49.012501,50.072498,48.802502,49.612499,106204000,77.12629911293041,63.27701586688197,190.80356813492403,96.26133316863682,48.5860999,47.45886867794451,46.50737494,47.02064116010688,0.3077299453538273,46.35812505,1.5999980000000065,1.097515513294388,1.1448956652314566,2019,6,18,1,neutral
43.7775,43.845001,43.567501,43.6675,100582000,74.65611261720868,72.8676402857896,48.33555732673792,80.78510771234662,40.03750002,40.44694277325012,39.11492507,39.29271101866034,1.2358504875693015,41.26987515,0.4025000000000034,0.7159107344231694,0.6950077012737268,2017,11,10,4,neutral
59.0975,59.412498,58.720001,58.830002,87360000,73.73349981302036,68.04096650623651,79.32072265203227,135.75717986121032,53.85269998,54.44214392868807,51.59605003000001,52.45406714575684,1.2851426058463389,56.11162515000001,0.6924969999999959,1.0850461445796722,1.104607830416117,2019,10,15,1,neutral
27.34,27.372499,26.93,27.15,166297600,74.81926640164903,69.17070588378354,82.22376265447309,91.9653521530028,25.38190006,25.395247739664168,24.61515001,24.47924188015699,0.5729979750409377,25.75025,0.4424990000000015,0.4295348859146597,0.4601778941212082,2014,11,4,1,neutral
139.880005,141.660004,136.600006,137.350006,136095600,28.25928121314095,32.79257948339709,-137.65851750524573,-131.90149327409225,162.25820036,159.2787423644057,165.90200025,161.4848607094918,-6.297430780611194,153.6265007,5.059997999999979,6.129567464860133,5.822282822140799,2022,5,19,3,neutral
31.2575,31.440001,31.08,31.415001,165762000,53.308998146896045,48.572890279941824,42.98093592491919,-12.55229322843438,31.91645004,31.672250608807524,31.84639994,31.257415894835443,-0.3065768693655286,31.49462515,0.6200009999999985,0.6284044596206994,0.5461304431036834,2015,7,13,0,neutral
142.089996,142.669998,134.380005,138.380005,140814800,33.68809801498945,40.36202275033511,-119.60441421606652,-146.2576008139075,149.44819948,148.87607857951076,151.66299973,151.4345231679145,-1.1280416883991222,144.8875007,8.289992999999981,6.207717674316534,5.5871581684730725,2022,11,4,4,neutral
23.65,23.915001,23.592501,23.8825,123796400,51.80714178832192,47.68993457520367,50.22721423263057,11.157768008737508,23.98654992,24.32175173193114,25.00262504,24.92122353523264,-0.1856891575360002,24.004250050000003,0.3225000000000015,0.3827689867277876,0.4113879094960684,2016,7,6,2,neutral
39.1525,39.4375,38.990002,39.0625,95896400,45.07686433335327,48.39345139124134,-51.41466784615601,3.961060568697602,39.50660008,39.07235264709847,38.43504992,38.35551817096045,0.0682703771432997,38.89249975,0.447498000000003,0.5422800594355819,0.552537816253414,2017,10,20,4,neutral
177.899994,180.839996,177.460007,180.570007,50214900,68.01777529302522,66.57101446738761,18.736709294079,69.38240017531058,169.99640076,169.91360772714737,159.91350025,162.94178662030004,3.0089642717188383,175.6075019,3.3799890000000232,3.282071914229331,3.0332814657752123,2023,6,8,3,neutral
19.123215,19.240713,19.02107,19.14607,279224400,64.99035589792388,55.12338364479814,187.13362202417977,149.46315775642472,19.0618357,18.98673977946478,19.10314284,18.768468027776493,0.002591705836231,19.0008751,0.2792829999999995,0.2662652588179255,0.3023649026208093,2014,3,11,1,neutral
145.809998,148.039993,145.179993,147.360001,64786600,59.4787248425995,61.20946115035424,30.100539836732747,25.31867987410845,136.61280002,139.24535500326732,132.10780008,134.4161545866125,2.608284441297286,146.07799985000003,2.8600000000000136,2.738216087709441,2.742315817295113,2021,8,3,1,neutral
47.375,47.669998,47.325001,47.645,79026400,67.13273986393901,59.30311703743799,189.43263412832013,273.6468644460842,46.5274499,46.21173080794373,44.87010009,45.146738379717,0.0235017217322095,46.76974985,0.6774979999999999,0.7931361161555444,0.7581606014252441,2018,7,9,0,neutral
44.842499,45.025002,44.5625,44.814999,124773600,76.6327925704934,67.18877119522139,118.2131479983634,154.87952443074855,43.2663501,42.91768651722054,41.49127508000001,41.67292620671919,0.42393930109656,43.535,0.4625020000000006,0.5775213746137281,0.5765719819524233,2018,1,18,3,neutral
149.690002,150.179993,148.639999,148.690002,58883400,68.55178638269926,58.85413864171672,68.20691154793111,118.18994020133348,147.2505991,145.4544636150628,143.39679957,142.7279103446762,0.57386855315508,143.96349805,1.5399940000000072,2.320973129422137,2.5631941782015986,2021,10,22,4,neutral
150.199997,151.300003,148.410004,148.479996,58867200,40.99873575509712,52.351274284567054,-136.6187444909236,-87.2077634808434,140.2487994,144.6465431215537,142.77549924000002,144.91534358366485,3.6280058473905967,149.4809991,4.139999000000017,3.536098595804352,3.730205801464084,2023,2,21,1,neutral
29.725,29.825001,29.5525,29.8125,108344800,72.68764532609295,68.75678769062371,52.75440431291052,106.22699240937553,28.2903999,28.65819516157332,28.18687496,28.056131593148024,0.3893077427879312,29.26,0.3850000000000015,0.3392814891447676,0.363144376137221,2017,1,12,3,neutral
37.619999,37.855,37.487499,37.755001,83692000,79.8465041566837,63.12256906040244,100.53614588096389,140.92519091046705,37.34974962,36.745541714416056,36.45644978999999,35.836326883224245,0.1119493203039923,36.48949975000001,0.3675009999999972,0.5040331946017264,0.549188656917089,2017,7,19,2,neutral
136.479996,136.990005,134.399994,135.389999,73046600,48.158205185706144,52.71432576163498,-30.449163732817127,-44.11248886526175,130.65340026,130.70524223909547,123.12440001,123.94472590883709,1.654917171776532,135.2730003,2.590011000000004,3.137908299786812,3.5007822680907403,2021,2,10,2,neutral
43.540001,43.967499,43.487499,43.557499,87493600,72.61025528270952,64.16496967807727,170.88743905947925,154.71072803402944,40.2803999,42.14053011831341,45.48607499,44.060729248320776,0.7923254966413609,42.28937474999999,0.7249989999999968,0.6489349749887341,0.8125643957558278,2019,2,25,0,neutral
132.130005,134.080002,131.619995,133.979996,74783600,75.48458207483648,65.49934518767057,164.27535134319672,135.27357816686424,129.13879974,128.1721983198278,127.88649986,127.09895383343402,1.332039217557309,127.72199905,2.4600070000000187,2.278950741335549,2.2935924115174324,2021,6,22,1,neutral
160.839996,166.589996,160.75,166.130005,82507500,77.97169618921923,70.83471605630315,97.76953059902424,148.35826955895425,145.66160038,150.33287684632475,153.75060029,152.32001088020664,4.990504992892369,152.88249965,6.58000100000001,4.121017538839466,4.096948032023816,2022,8,3,2,neutral
24.155001,24.1625,23.825001,23.8325,244032800,28.173051816568982,39.14955266832344,-156.56704673631745,-174.58083149887406,24.79784996,24.697381172816787,25.009125,25.2495239041093,-0.0630114814154048,24.5473751,0.5625,0.4353412456506222,0.4481591193305736,2016,6,17,4,neutral
39.102501,39.182499,38.154999,38.325001,121576000,47.267166083001655,43.27530721958387,17.64947578009417,50.88375647301921,42.16195017999999,42.11397446292348,48.65410012,45.26624654712474,-1.0197543271940717,38.19112495,1.0500030000000038,1.0092422003317618,1.1994944423454414,2019,1,22,1,neutral
24.889999,25.0,24.834999,24.967501,95119600,77.50021321788202,63.99067413976477,102.4307600022424,132.98013679517106,24.09380002,24.378738917350887,25.04182506,24.850752428536097,0.1637511452956488,24.0520002,0.1650010000000001,0.2979322808135022,0.3416046418705467,2016,7,19,1,neutral
172.360001,173.630005,170.130005,171.830002,89058800,47.2551288827538,52.78804592115618,-150.28208056885862,-14.603991111413928,167.85140072000002,168.43744067577018,168.33560054999998,165.31125121741275,2.982403349435174,168.14650115,4.929992999999996,4.007939017256511,4.228003493540285,2022,4,6,2,neutral
38.674999,39.105,38.6675,39.025002,130108000,86.39914818210852,80.69904887873244,100.38477828546944,130.70761653937987,35.8863,35.78717228746166,33.5950249,33.9854043878887,0.8401346205012103,36.68324965,0.6175009999999972,0.5394455235026923,0.4826095923204385,2017,5,12,4,neutral
40.165001,40.549999,40.035,40.400002,117862000,67.94451175700078,65.71567262683737,101.70658472740084,102.18500157584982,37.44534992,37.885163174342026,37.18129983,36.77077466049244,0.7638521596896766,38.65075035,0.587496999999999,0.7876415588147464,0.7320438575382342,2017,8,15,1,neutral
33.977501,34.165001,33.82,34.165001,87106400,83.59611943754634,85.71942673027122,14.066552738904877,68.89018470458323,30.851249860000003,31.32719042425368,29.50547488,29.918446648445524,1.0528331851240154,32.89474965,0.3450009999999963,0.3303569601932486,0.3564448001036408,2017,2,24,4,neutral
43.09,43.705002,42.942501,43.107498,160704400,66.48419294661932,56.83481465853205,112.39613094395418,144.41122702495127,42.70094991999999,42.17189399836492,41.89489998,41.67850144612857,-0.3283414671551909,41.6497497,0.7625010000000003,1.237525015670877,1.0932813620681212,2018,2,16,4,neutral
28.2875,28.547501,27.8025,28.545,176254400,90.1105651098372,79.92951238536219,120.61022435838608,197.19870956179207,25.76315,26.01175596997963,24.996775,24.944458038650755,0.7200890806700748,26.8848749,0.745001000000002,0.4380014759908344,0.4378989320326108,2014,11,14,4,neutral
80.875,81.059998,79.125,79.182503,125522000,63.79664616946337,63.58183650160243,74.73966417705614,97.3596861395947,69.5666502,73.13967527768688,73.00917498999999,71.10911572891888,2.569919850628977,76.3190007,1.934997999999993,1.790540652335498,2.0491574197534788,2020,5,26,1,neutral
27.275,27.325001,27.032499,27.215,149743600,75.86284177737122,69.75717148487792,70.37141383888708,91.638952701628,25.42175006,25.466610573974496,24.65680002,24.5334201618922,0.5904396343168514,25.85099995,0.2925019999999989,0.4099587593554225,0.4482010445411218,2014,11,5,2,neutral
25.110001,25.272499,24.987499,25.1425,210796000,83.21188733502629,71.20935066868992,110.456982316967,161.14369706364974,23.71834996,23.628660853739763,22.24702854,22.56586474761712,0.3221357712419177,24.27262485,0.2850000000000001,0.3361741501738731,0.3560898465679278,2014,8,20,2,neutral
38.432499,38.587502,38.2575,38.467499,76942400,59.09447760159484,62.69285950175585,57.20036931399475,4.587177525418367,36.52584992,36.57252957544939,34.42499986,34.71046857942181,0.6298183042263403,37.9077497,0.3300020000000003,0.500373376342467,0.4976902058145951,2017,5,25,3,neutral
81.047501,81.555,80.837502,81.217499,94747600,58.97882777799625,60.46348219162871,86.30787916981176,86.46500393251743,74.90274968,75.29700302907038,68.06704999,69.58763392679005,1.6151496037168158,79.71962555,0.9625010000000032,1.738011230164646,1.6925931902767255,2020,2,13,3,neutral
122.82,122.900002,120.07,120.089996,88530500,41.41068226241215,42.71440359326793,-71.16426277126592,-27.575865258737736,128.91259992,125.77087958544192,125.85689985,123.96374766147628,-1.870863288955789,122.0024994,2.8300020000000075,3.3299879292558594,3.607665118291065,2021,3,24,2,neutral
23.7325,23.987499,23.525,23.620001,186844000,35.49042996875012,47.09132257703859,-88.31229834969001,-76.61561039974384,23.45420702,23.257733549080413,21.770153540000003,22.19216735091874,0.1495857211086111,23.9658749,0.4624990000000011,0.3861550081563733,0.3901521467119325,2014,8,7,3,neutral
24.690001,25.2775,24.577499,25.200001,229618800,55.504171250982985,52.8797663149559,41.79428807638467,-13.971875935484595,24.85155006,24.73304497673385,24.00874998,23.83263645620056,0.0025348995240896,25.15887515,0.7000010000000003,0.4899111532839088,0.4875908593860616,2014,10,8,2,neutral
73.447502,74.989998,73.1875,74.949997,118387200,81.95336865443294,79.18367257239123,66.99832888821611,107.74063018661585,67.1477498,67.24447343593569,61.04972492,62.66129937693311,2.2903589874715493,70.67112385,1.802498,1.2965692804830056,1.1819413277916808,2020,1,6,0,neutral
52.540001,52.639999,52.064999,52.4375,82992000,75.62177695911981,72.55742861874634,108.03209326958704,68.87886016139012,48.25430007999999,48.6173599709958,46.303925070000005,46.97747711493464,1.3326791081647542,49.92350025,0.5750000000000028,0.825709415903319,0.8247097230518674,2018,8,14,1,neutral
52.330002,52.375,51.689999,51.7775,102349600,75.45558821582843,71.93692251707562,63.68900838081833,113.8016870025876,47.764600040000005,47.84086073700489,45.86992512999999,46.43671934437522,1.179577537177131,48.8025003,0.6850009999999997,0.980543050808522,0.8820709126717909,2018,8,7,1,neutral
130.470001,133.410004,129.889999,130.149994,70790800,49.413837862216525,43.037926461365096,134.8444071172891,38.35654249309091,140.96439902,138.78063848999457,146.8638992,143.86834508017796,-4.229153200108755,133.11899925,3.7900089999999977,4.232184122419725,4.335950140130096,2023,1,9,0,neutral
22.877501,23.1875,22.862499,23.049999,142244000,56.192648982508224,64.24540774820323,-65.7418744783915,16.87047634990776,21.0811928,21.506247366219604,19.99984281,20.540430590208484,0.5918518871503551,22.61074975,0.3674999999999997,0.3841670110581519,0.3634010000143085,2014,6,16,0,neutral
117.949997,119.620003,116.870003,119.029999,126387100,63.20980543798374,55.96479489061142,142.2139632897954,108.89780594894252,116.21534946,113.84940305738976,108.93549965,107.59150104308056,-0.5550947237476862,116.2380001,4.670006000000001,4.305071374285062,4.193231730805572,2020,11,5,3,neutral
48.105,48.220001,47.610001,47.674999,86553600,50.44063278577125,58.82784608519987,-63.5326258492052,29.97145830957184,45.20995004,45.86392299837686,43.99965006,44.56966787088483,0.7586285215088537,47.40449965,0.6100000000000065,0.5815652006306039,0.6538016269395956,2018,6,13,2,neutral
18.964287,19.022858,18.848928,18.972857,259140000,55.65289951461096,51.06483717520995,128.93793857404353,-13.722682962012962,19.1579643,18.982417052991096,19.03285711,18.74350952271142,-0.054196051897037,18.86158925,0.1742859999999986,0.3165788312696599,0.3388713276571582,2014,3,4,1,neutral
32.837502,33.055,32.805,33.009998,92016400,93.69125940530267,88.53094919276168,99.167370316871,107.82064995199684,29.531099840000003,29.94338757828128,28.90964989,28.961589631555952,0.9167800264748642,30.83537465,0.25,0.4479673898235646,0.4168877525798124,2017,2,8,2,neutral
32.3125,32.57,32.075001,32.272499,192386800,57.01324528979756,62.93391729936579,-46.97009413833965,36.17685525338861,29.2363,29.87848033970645,28.228424970000003,28.43474964234501,1.0154969383928325,31.40374975,0.4949989999999999,0.6387464488626217,0.6421183247068887,2015,3,2,0,neutral
