Age,Height,Matches,Minutes/Match,Goals/Match,Assists/Match,Yellow Cards/Match,Red Cards/Match,Shots/Match,Pass Success Rate,Aerials Won,class
26,179,5.0,67.2,0.0,0.0,0.0,0.0,0.0,71.1,1.6,Defender
28,188,71.0,78.4507042253521,0.056338028169014,0.0,0.154929577464789,0.0140845070422535,0.5,88.0,2.1,Defender
24,191,2.0,9.5,0.0,0.0,0.0,0.0,0.0,100.0,0.5,Defender
24,193,2.0,24.0,0.0,0.0,0.0,0.0,0.0,70.8,0.0,Defender
36,189,285.0,80.3228070175439,0.0350877192982456,0.0385964912280701,0.0912280701754386,0.0035087719298245,0.5,82.1,2.3,Defender
30,188,148.0,81.7364864864865,0.0405405405405405,0.0,0.297297297297297,0.0202702702702702,0.4,81.9,2.7,Defender
29,182,18.0,49.1111111111111,0.0555555555555555,0.0,0.0555555555555555,0.0,0.6,81.0,0.8,Defender
25,186,81.0,78.9753086419753,0.074074074074074,0.0,0.17283950617284,0.0617283950617283,0.4,83.8,2.1,Defender
28,180,42.0,90.0,0.0714285714285714,0.0952380952380952,0.119047619047619,0.0,0.9,77.6,0.7,Defender
25,182,26.0,65.5384615384615,0.0384615384615384,0.0384615384615384,0.230769230769231,0.0384615384615384,0.6,82.1,1.9,Defender
21,173,6.0,28.6666666666667,0.0,0.0,0.0,0.0,0.8,87.2,0.3,Defender
24,190,99.0,74.8787878787879,0.0404040404040404,0.0101010101010101,0.191919191919192,0.0101010101010101,0.4,88.8,0.9,Defender
29,193,249.0,82.4658634538153,0.0401606425702811,0.0200803212851405,0.208835341365462,0.0200803212851405,0.6,82.2,3.6,Defender
22,176,12.0,51.8333333333333,0.0,0.0,0.0,0.0,0.5,74.4,0.6,Defender
25,188,109.0,83.1192660550459,0.036697247706422,0.0275229357798165,0.119266055045872,0.0,0.4,86.2,1.6,Defender
22,183,2.0,82.0,0.0,0.0,0.0,0.0,0.0,91.1,0.0,Defender
23,180,13.0,90.0,0.0769230769230769,0.0,0.153846153846154,0.0,0.5,85.9,1.0,Defender
30,191,98.0,81.734693877551,0.0612244897959183,0.0204081632653061,0.244897959183673,0.0306122448979591,0.6,82.6,2.6,Defender
30,184,47.0,69.4042553191489,0.0,0.0,0.148936170212766,0.0,0.1,75.7,0.9,Defender
24,183,78.0,76.0128205128205,0.0,0.0641025641025641,0.0769230769230769,0.0256410256410256,0.4,73.0,0.7,Defender
31,183,138.0,61.2391304347826,0.0,0.036231884057971,0.101449275362319,0.0,0.2,77.3,0.6,Defender
24,185,33.0,58.4545454545455,0.0,0.0606060606060606,0.181818181818182,0.0,0.2,84.1,0.5,Defender
21,189,1.0,1.0,0.0,0.0,0.0,0.0,0.0,0.0,0.0,Defender
37,183,198.0,82.9242424242424,0.0202020202020202,0.0353535353535353,0.212121212121212,0.0252525252525252,0.6,77.6,1.8,Defender
22,181,10.0,65.2,0.0,0.0,0.2,0.0,0.5,87.6,0.2,Defender
22,189,7.0,62.0,0.0,0.142857142857143,0.142857142857143,0.0,0.0,62.5,0.4,Defender
33,187,177.0,75.1129943502825,0.0451977401129943,0.0169491525423728,0.101694915254237,0.0169491525423728,0.4,77.6,2.7,Defender
32,185,79.0,85.379746835443,0.0,0.0253164556962025,0.227848101265823,0.0,0.5,76.8,1.9,Defender
23,193,82.0,81.5243902439025,0.048780487804878,0.048780487804878,0.182926829268293,0.0,0.4,89.2,1.3,Defender
23,190,36.0,77.7777777777778,0.0277777777777777,0.0,0.138888888888889,0.0,0.3,86.2,1.8,Defender
29,185,91.0,80.8241758241758,0.0219780219780219,0.0,0.0879120879120879,0.0109890109890109,0.3,88.0,1.9,Defender
25,187,8.0,78.875,0.0,0.0,0.375,0.0,0.5,70.1,2.0,Defender
30,189,22.0,65.7272727272727,0.0909090909090909,0.0,0.0454545454545454,0.0454545454545454,0.4,87.6,2.6,Defender
33,185,68.0,84.8235294117647,0.0,0.0588235294117647,0.220588235294118,0.0441176470588235,0.7,76.6,2.7,Defender
23,197,52.0,78.8461538461538,0.0769230769230769,0.0961538461538461,0.134615384615385,0.0192307692307692,0.5,82.9,1.9,Defender
19,192,5.0,61.2,0.0,0.0,0.2,0.0,0.0,62.1,0.4,Defender
30,185,154.0,73.7402597402598,0.0714285714285714,0.0519480519480519,0.175324675324675,0.0,0.6,79.3,0.7,Defender
28,190,166.0,87.0481927710843,0.0783132530120482,0.0240963855421686,0.132530120481928,0.0180722891566265,0.7,85.5,2.8,Defender
25,192,16.0,83.5,0.0,0.0625,0.125,0.0,0.6,85.5,2.4,Defender
23,187,43.0,63.6744186046512,0.0,0.0,0.116279069767442,0.0,0.2,80.8,1.6,Defender
22,186,6.0,45.8333333333333,0.0,0.0,0.166666666666667,0.0,0.2,79.3,0.8,Defender
21,179,2.0,64.5,0.0,0.0,0.0,0.0,0.0,66.7,0.5,Defender
20,187,1.0,1.0,0.0,0.0,0.0,0.0,0.0,0.0,0.0,Defender
30,178,2.0,76.0,0.0,0.0,0.5,0.0,0.0,83.2,0.5,Defender
28,185,28.0,78.1071428571429,0.0,0.0,0.285714285714286,0.0,0.1,86.6,0.9,Defender
19,190,12.0,79.8333333333333,0.0,0.0,0.25,0.0,0.3,89.9,0.9,Defender
24,194,31.0,77.6774193548387,0.032258064516129,0.0,0.193548387096774,0.032258064516129,0.9,85.5,2.5,Defender
23,185,94.0,81.468085106383,0.127659574468085,0.0319148936170212,0.159574468085106,0.0106382978723404,0.5,89.4,1.6,Defender
21,187,47.0,79.3191489361702,0.0212765957446808,0.0212765957446808,0.0851063829787234,0.0212765957446808,0.3,86.8,1.2,Defender
31,186,159.0,85.5849056603774,0.050314465408805,0.0440251572327044,0.226415094339623,0.0,0.9,67.3,4.6,Defender
24,184,58.0,66.3448275862069,0.0172413793103448,0.0517241379310344,0.189655172413793,0.0172413793103448,0.1,84.7,1.0,Defender
31,184,55.0,79.8,0.0,0.0909090909090909,0.145454545454545,0.0181818181818181,0.3,74.7,2.0,Defender
24,169,12.0,66.6666666666667,0.0,0.0833333333333333,0.0,0.0,0.3,81.2,0.6,Defender
27,189,145.0,79.248275862069,0.0137931034482758,0.0275862068965517,0.289655172413793,0.0275862068965517,0.5,80.1,2.2,Defender
32,185,177.0,81.2316384180791,0.0282485875706214,0.0056497175141242,0.175141242937853,0.0,0.3,82.4,1.9,Defender
26,190,72.0,80.8888888888889,0.0833333333333333,0.0,0.222222222222222,0.0,0.8,87.7,1.7,Defender
21,184,113.0,82.4159292035398,0.0442477876106194,0.0,0.141592920353982,0.0088495575221238,0.2,90.5,1.2,Defender
22,193,61.0,53.0983606557377,0.0163934426229508,0.0327868852459016,0.131147540983607,0.0,0.3,86.1,1.4,Defender
21,183,32.0,54.34375,0.03125,0.0,0.125,0.0,0.2,75.9,1.3,Defender
24,188,137.0,80.5036496350365,0.0437956204379562,0.0291970802919708,0.240875912408759,0.0072992700729927,0.5,76.0,2.4,Defender
19,185,14.0,64.1428571428571,0.0,0.0,0.142857142857143,0.0,0.1,83.7,2.6,Defender
23,182,8.0,76.75,0.0,0.125,0.125,0.125,0.8,64.1,1.0,Defender
26,188,111.0,80.5045045045045,0.027027027027027,0.009009009009009,0.117117117117117,0.0,0.3,83.0,1.9,Defender
23,188,111.0,78.3153153153153,0.027027027027027,0.018018018018018,0.153153153153153,0.018018018018018,0.4,87.5,1.9,Defender
24,172,4.0,2.5,0.0,0.0,0.0,0.0,0.0,72.7,0.3,Defender
29,183,206.0,79.1699029126214,0.0194174757281553,0.0097087378640776,0.145631067961165,0.0,0.4,83.6,1.7,Defender
24,181,74.0,75.6756756756757,0.0,0.0,0.054054054054054,0.0,0.1,87.5,0.6,Defender
25,181,5.0,39.2,0.0,0.0,0.0,0.0,0.0,78.5,0.2,Defender
27,196,195.0,82.8512820512821,0.041025641025641,0.0256410256410256,0.0717948717948717,0.0051282051282051,0.5,83.2,2.8,Defender
26,184,11.0,41.7272727272727,0.0,0.0,0.0909090909090909,0.0,0.0,93.4,1.7,Defender
30,186,113.0,80.4601769911505,0.0088495575221238,0.0088495575221238,0.309734513274336,0.0088495575221238,0.3,79.0,1.5,Defender
24,186,38.0,76.2368421052632,0.0,0.0,0.157894736842105,0.0263157894736842,0.4,86.1,1.8,Defender
21,172,15.0,67.6666666666667,0.0,0.133333333333333,0.133333333333333,0.0,0.1,84.1,0.7,Defender
24,175,144.0,83.625,0.0416666666666666,0.0138888888888888,0.180555555555556,0.0,0.5,69.9,3.0,Defender
31,185,325.0,85.1907692307692,0.0215384615384615,0.0246153846153846,0.153846153846154,0.0092307692307692,0.3,80.5,2.1,Defender
23,191,65.0,78.4615384615385,0.0461538461538461,0.0153846153846153,0.215384615384615,0.0153846153846153,0.5,88.3,1.9,Defender
30,182,151.0,87.6622516556291,0.119205298013245,0.0463576158940397,0.0596026490066225,0.0066225165562913,0.7,76.8,3.8,Defender
24,192,4.0,41.25,0.0,0.0,0.0,0.0,0.5,77.4,1.3,Defender
21,178,1.0,1.0,0.0,0.0,0.0,0.0,1.0,50.0,1.0,Defender
29,180,145.0,68.2758620689655,0.0137931034482758,0.0068965517241379,0.213793103448276,0.0,0.5,72.2,1.5,Defender
20,185,6.0,9.0,0.0,0.0,0.166666666666667,0.0,0.0,74.1,0.3,Defender
27,195,53.0,83.3396226415094,0.0566037735849056,0.0188679245283018,0.245283018867925,0.0,0.6,78.3,3.3,Defender
24,185,162.0,85.0555555555556,0.074074074074074,0.0061728395061728,0.148148148148148,0.0185185185185185,0.7,83.6,1.9,Defender
24,181,99.0,81.8787878787879,0.0202020202020202,0.0101010101010101,0.141414141414141,0.0202020202020202,0.4,84.4,2.0,Defender
18,178,1.0,10.0,0.0,0.0,0.0,0.0,0.0,100.0,0.0,Defender
30,182,191.0,77.2094240837696,0.031413612565445,0.0157068062827225,0.146596858638743,0.0157068062827225,0.3,80.3,1.9,Defender
29,192,29.0,85.1724137931034,0.0344827586206896,0.0,0.0689655172413793,0.0,0.2,80.7,2.8,Defender
20,191,40.0,62.375,0.05,0.05,0.125,0.0,0.4,84.4,1.1,Defender
19,180,4.0,29.75,0.0,0.0,0.0,0.0,0.3,85.1,0.3,Defender
28,185,10.0,87.7,0.0,0.0,0.1,0.0,0.9,74.6,1.6,Defender
27,186,179.0,83.9720670391062,0.0167597765363128,0.0111731843575419,0.256983240223464,0.0055865921787709,0.6,83.5,2.4,Defender
26,192,126.0,78.8412698412698,0.0476190476190476,0.0079365079365079,0.142857142857143,0.0,0.3,83.4,1.8,Defender
25,178,45.0,71.5555555555556,0.0444444444444444,0.0888888888888888,0.111111111111111,0.0,0.6,78.4,1.4,Defender
27,190,88.0,85.4090909090909,0.0795454545454545,0.0454545454545454,0.204545454545455,0.0,0.5,81.2,2.9,Defender
28,185,118.0,79.406779661017,0.0254237288135593,0.0084745762711864,0.14406779661017,0.0084745762711864,0.3,85.0,2.3,Defender
23,192,5.0,41.4,0.2,0.0,0.2,0.0,0.4,89.2,0.8,Defender
22,186,11.0,34.3636363636364,0.0,0.0909090909090909,0.0909090909090909,0.0,0.0,83.8,0.4,Defender
29,186,95.0,87.4631578947368,0.0421052631578947,0.0210526315789473,0.178947368421053,0.0210526315789473,0.3,80.4,2.5,Defender
28,181,72.0,77.3194444444444,0.0138888888888888,0.0277777777777777,0.194444444444444,0.0138888888888888,0.6,78.6,0.8,Defender
28,189,115.0,73.4869565217391,0.0434782608695652,0.0347826086956521,0.156521739130435,0.008695652173913,0.4,84.0,1.4,Defender
23,191,118.0,73.6610169491525,0.0338983050847457,0.0084745762711864,0.177966101694915,0.0169491525423728,0.5,86.5,2.1,Defender
21,183,34.0,67.4117647058824,0.0294117647058823,0.0,0.117647058823529,0.0,0.2,88.5,2.4,Defender
32,186,225.0,74.2666666666667,0.0444444444444444,0.0266666666666666,0.102222222222222,0.0177777777777777,0.5,79.1,3.0,Defender
25,182,45.0,88.3111111111111,0.0444444444444444,0.0222222222222222,0.0888888888888888,0.0222222222222222,0.2,87.1,1.9,Defender
20,190,57.0,74.8245614035088,0.0175438596491228,0.0,0.0701754385964912,0.0,0.2,87.6,1.9,Defender
26,184,105.0,78.4285714285714,0.0285714285714285,0.0095238095238095,0.238095238095238,0.0,0.7,77.6,2.0,Defender
23,190,95.0,82.8,0.031578947368421,0.0105263157894736,0.284210526315789,0.0,0.4,86.5,2.9,Defender
25,196,123.0,64.1869918699187,0.040650406504065,0.008130081300813,0.138211382113821,0.008130081300813,0.5,87.7,2.6,Defender
18,168,7.0,69.7142857142857,0.142857142857143,0.0,0.142857142857143,0.0,0.4,92.3,0.1,Defender
26,186,11.0,86.5454545454546,0.0,0.0,0.0,0.0,0.5,85.5,1.6,Defender
24,183,40.0,75.625,0.05,0.0,0.1,0.025,0.4,83.8,1.6,Defender
22,174,7.0,26.8571428571429,0.0,0.0,0.0,0.0,0.0,70.6,0.6,Defender
25,188,11.0,75.8181818181818,0.0,0.0909090909090909,0.0909090909090909,0.0909090909090909,0.2,90.6,0.6,Defender
32,172,140.0,84.8642857142857,0.0142857142857142,0.0714285714285714,0.207142857142857,0.0,0.5,67.4,1.0,Defender
28,192,163.0,82.4110429447853,0.0245398773006134,0.0245398773006134,0.128834355828221,0.0184049079754601,0.3,82.7,2.1,Defender
27,193,92.0,80.9891304347826,0.0434782608695652,0.0108695652173913,0.0978260869565217,0.0108695652173913,0.5,79.8,2.0,Defender
21,180,2.0,2.0,0.0,0.0,0.0,0.0,0.0,100.0,0.0,Defender
21,187,56.0,76.9821428571429,0.0,0.0,0.0714285714285714,0.0178571428571428,0.1,84.6,1.3,Defender
24,178,24.0,78.5,0.0,0.0416666666666666,0.0833333333333333,0.0,0.5,73.1,0.4,Defender
27,185,166.0,81.6807228915663,0.036144578313253,0.0301204819277108,0.150602409638554,0.0120481927710843,0.3,81.1,2.0,Defender
21,186,1.0,66.0,0.0,0.0,1.0,0.0,1.0,55.0,0.0,Defender
34,191,188.0,79.3723404255319,0.0212765957446808,0.0159574468085106,0.117021276595745,0.0106382978723404,0.3,84.8,1.5,Defender
21,186,8.0,54.25,0.0,0.0,0.0,0.0,0.0,86.3,0.6,Defender
22,189,3.0,30.6666666666667,0.0,0.333333333333333,0.0,0.0,0.0,94.5,0.3,Defender
22,187,37.0,76.4864864864865,0.054054054054054,0.054054054054054,0.162162162162162,0.0,0.6,81.4,1.4,Defender
20,187,5.0,33.6,0.0,0.0,0.0,0.0,0.2,94.2,0.2,Defender
26,195,162.0,76.3456790123457,0.0308641975308641,0.0308641975308641,0.234567901234568,0.0308641975308641,0.4,81.0,3.2,Defender
28,195,210.0,86.7047619047619,0.0619047619047619,0.0333333333333333,0.20952380952381,0.0142857142857142,0.7,81.4,4.0,Defender
20,193,40.0,70.425,0.025,0.0,0.175,0.0,0.1,75.5,2.2,Defender
19,190,22.0,70.2727272727273,0.0,0.0454545454545454,0.0454545454545454,0.0,0.3,82.7,0.8,Defender
25,183,33.0,65.9090909090909,0.151515151515152,0.0606060606060606,0.181818181818182,0.0303030303030303,0.5,70.4,0.9,Defender
21,179,5.0,46.0,0.0,0.0,0.0,0.0,0.2,75.0,0.6,Defender
30,173,69.0,61.5942028985507,0.0289855072463768,0.0434782608695652,0.231884057971015,0.0,0.3,77.7,0.9,Defender
26,188,123.0,78.4878048780488,0.016260162601626,0.032520325203252,0.178861788617886,0.0,0.1,70.1,2.5,Defender
30,192,211.0,85.0900473933649,0.0663507109004739,0.0236966824644549,0.14218009478673,0.0,0.8,88.2,2.6,Defender
27,179,38.0,78.8947368421053,0.0263157894736842,0.0263157894736842,0.210526315789474,0.0,0.4,77.3,2.9,Defender
25,187,306.0,80.797385620915,0.0816993464052287,0.022875816993464,0.137254901960784,0.0065359477124183,0.8,90.1,2.8,Defender
28,183,18.0,65.4444444444444,0.0,0.0555555555555555,0.222222222222222,0.0,0.2,82.8,0.8,Defender
31,188,173.0,75.6416184971098,0.0346820809248554,0.0173410404624277,0.15028901734104,0.0057803468208092,0.5,88.8,1.8,Defender
24,187,57.0,74.2105263157895,0.0175438596491228,0.087719298245614,0.298245614035088,0.0175438596491228,0.5,78.2,1.9,Defender
24,195,10.0,19.9,0.0,0.0,0.2,0.0,0.1,93.4,0.4,Defender
30,188,180.0,82.8166666666667,0.0111111111111111,0.0388888888888888,0.116666666666667,0.0,0.4,81.0,2.0,Defender
33,195,238.0,85.2731092436975,0.0588235294117647,0.0252100840336134,0.0798319327731092,0.0168067226890756,0.5,80.7,2.9,Defender
31,187,202.0,86.8960396039604,0.0643564356435643,0.0297029702970297,0.0247524752475247,0.0049504950495049,0.6,81.1,4.5,Defender
25,189,63.0,79.3333333333333,0.0476190476190476,0.0158730158730158,0.206349206349206,0.0158730158730158,0.6,89.5,1.5,Defender
25,188,39.0,83.7948717948718,0.0,0.0256410256410256,0.41025641025641,0.0,0.4,73.1,1.3,Defender
30,187,93.0,86.8064516129032,0.032258064516129,0.043010752688172,0.279569892473118,0.021505376344086,0.4,79.2,1.5,Defender
21,190,4.0,90.0,0.0,0.0,0.25,0.0,0.0,87.6,1.3,Defender
26,194,156.0,80.2628205128205,0.0448717948717948,0.0064102564102564,0.153846153846154,0.0128205128205128,0.9,82.5,2.6,Defender
22,188,38.0,79.8684210526316,0.0263157894736842,0.0,0.131578947368421,0.0,0.2,82.7,0.6,Defender
35,187,132.0,80.5227272727273,0.151515151515152,0.0681818181818181,0.295454545454545,0.053030303030303,0.6,81.6,2.0,Defender
21,176,6.0,47.3333333333333,0.0,0.0,0.166666666666667,0.0,0.7,79.1,0.2,Defender
20,190,66.0,76.6212121212121,0.0606060606060606,0.0151515151515151,0.166666666666667,0.0151515151515151,0.8,91.8,1.7,Defender
24,187,144.0,72.7083333333333,0.0486111111111111,0.0625,0.194444444444444,0.0,0.6,82.9,1.9,Defender
21,192,2.0,90.0,0.0,0.0,0.0,0.0,0.0,86.4,1.5,Defender
27,187,23.0,76.8695652173913,0.0869565217391304,0.0,0.130434782608696,0.0,0.7,88.0,2.5,Defender
18,183,1.0,9.0,0.0,0.0,0.0,0.0,0.0,57.1,0.0,Defender
21,185,35.0,42.2,0.0285714285714285,0.0571428571428571,0.0,0.0,0.3,74.8,0.7,Defender
25,185,47.0,82.6595744680851,0.0425531914893617,0.0638297872340425,0.276595744680851,0.0,0.8,81.6,1.4,Defender
28,189,315.0,85.0634920634921,0.0539682539682539,0.0253968253968253,0.114285714285714,0.0095238095238095,0.4,89.0,2.4,Defender
24,187,50.0,86.66,0.12,0.04,0.28,0.04,0.6,80.7,2.9,Defender
21,190,40.0,77.875,0.025,0.075,0.25,0.0,0.5,86.1,2.0,Defender
25,183,159.0,75.9119496855346,0.0188679245283018,0.0188679245283018,0.10062893081761,0.0,0.2,89.2,1.2,Defender
35,191,533.0,82.2757973733583,0.0712945590994371,0.0431519699812382,0.133208255159475,0.0075046904315197,0.8,84.4,2.8,Defender
21,185,26.0,68.5384615384615,0.115384615384615,0.0,0.0769230769230769,0.0,0.7,72.5,2.3,Defender
24,188,79.0,70.7088607594937,0.0253164556962025,0.0126582278481012,0.227848101265823,0.0,0.4,85.5,1.6,Defender
28,184,12.0,90.0,0.0,0.0,0.0,0.0,0.3,75.3,2.1,Defender
23,175,71.0,66.1830985915493,0.0140845070422535,0.028169014084507,0.154929577464789,0.0140845070422535,0.5,78.6,0.5,Defender
24,188,86.0,66.8372093023256,0.0116279069767441,0.0116279069767441,0.104651162790698,0.0232558139534883,0.1,82.7,1.0,Defender
22,188,164.0,81.7378048780488,0.0365853658536585,0.048780487804878,0.164634146341463,0.0,0.6,86.7,2.2,Defender
32,186,159.0,81.9748427672956,0.0628930817610062,0.0188679245283018,0.113207547169811,0.0,0.6,74.4,3.1,Defender
27,177,13.0,74.2307692307692,0.0,0.230769230769231,0.461538461538462,0.0,0.3,84.6,0.8,Defender
24,191,167.0,77.4790419161677,0.0658682634730539,0.0718562874251497,0.149700598802395,0.0119760479041916,0.7,84.9,2.1,Defender
22,190,16.0,32.125,0.0,0.0,0.0,0.0,0.1,64.5,0.4,Defender
24,185,49.0,74.1428571428571,0.0204081632653061,0.0,0.122448979591837,0.0204081632653061,0.3,90.9,1.3,Defender
24,190,108.0,81.037037037037,0.037037037037037,0.0,0.111111111111111,0.0,0.4,83.0,1.7,Defender
26,183,2.0,82.5,0.0,0.5,0.0,0.0,0.0,73.3,0.0,Defender
29,191,227.0,79.6872246696035,0.052863436123348,0.0220264317180616,0.13215859030837,0.0,0.5,76.9,3.9,Defender
23,187,35.0,81.7428571428572,0.0285714285714285,0.0285714285714285,0.142857142857143,0.0,0.6,83.4,2.1,Defender
34,188,357.0,85.8991596638656,0.0756302521008403,0.0196078431372549,0.179271708683473,0.0056022408963585,0.7,75.8,3.1,Defender
22,188,64.0,66.015625,0.0625,0.109375,0.25,0.0,0.5,84.7,1.5,Defender
30,185,173.0,79.1849710982659,0.0231213872832369,0.0231213872832369,0.184971098265896,0.0173410404624277,0.3,80.7,1.5,Defender
26,185,253.0,82.4189723320158,0.0355731225296442,0.0197628458498023,0.1699604743083,0.0079051383399209,0.4,85.8,1.8,Defender
32,190,245.0,77.8571428571429,0.0571428571428571,0.0285714285714285,0.106122448979592,0.0122448979591836,0.6,82.5,3.2,Defender
24,178,14.0,20.5,0.0714285714285714,0.0714285714285714,0.0,0.0714285714285714,0.3,84.9,0.4,Defender
25,191,131.0,85.9160305343512,0.0305343511450381,0.0229007633587786,0.183206106870229,0.0076335877862595,0.5,79.5,2.7,Defender
32,178,7.0,81.7142857142857,0.0,0.142857142857143,0.142857142857143,0.0,0.3,69.8,1.0,Defender
27,188,233.0,67.9098712446352,0.0,0.0429184549356223,0.141630901287554,0.0042918454935622,0.3,84.5,1.9,Defender
18,186,2.0,19.0,0.0,0.0,0.0,0.5,0.0,89.3,0.5,Defender
34,188,243.0,71.7078189300412,0.0411522633744856,0.0246913580246913,0.156378600823045,0.0041152263374485,0.3,82.2,2.1,Defender
22,185,165.0,82.1939393939394,0.0969696969696969,0.0242424242424242,0.0909090909090909,0.0,0.7,87.6,1.3,Defender
27,190,175.0,84.6971428571429,0.0285714285714285,0.0171428571428571,0.0971428571428571,0.0057142857142857,0.2,90.2,2.3,Defender
18,185,2.0,8.5,0.0,0.0,0.0,0.0,0.0,100.0,0.0,Defender
18,184,14.0,58.0,0.0,0.0,0.0714285714285714,0.0,0.4,85.2,0.1,Defender
24,170,7.0,71.4285714285714,0.142857142857143,0.0,0.0,0.0,0.4,80.4,0.0,Defender
22,190,6.0,67.0,0.0,0.0,0.166666666666667,0.0,0.5,80.1,2.2,Defender
29,188,170.0,68.5294117647059,0.0294117647058823,0.0352941176470588,0.111764705882353,0.0,0.5,79.2,1.7,Defender
20,185,11.0,55.7272727272727,0.0,0.0909090909090909,0.0,0.0,0.5,85.8,0.6,Defender
20,178,25.0,46.28,0.0,0.04,0.16,0.0,0.1,79.3,0.6,Defender
31,178,43.0,80.5813953488372,0.0465116279069767,0.0,0.232558139534884,0.0,0.2,86.8,1.4,Defender
22,183,25.0,52.32,0.12,0.0,0.32,0.0,0.5,85.4,0.6,Defender
30,189,261.0,86.6130268199234,0.0383141762452107,0.0268199233716475,0.10727969348659,0.003831417624521,0.3,86.3,1.7,Defender
25,181,25.0,35.84,0.0,0.0,0.04,0.0,0.2,78.5,0.4,Defender
19,185,4.0,49.25,0.0,0.0,0.25,0.0,0.0,64.9,1.0,Defender
20,188,12.0,53.0,0.0,0.0,0.166666666666667,0.0,0.5,90.1,1.0,Defender
28,195,11.0,90.0,0.0909090909090909,0.0,0.181818181818182,0.0,1.5,79.4,3.7,Defender
28,174,32.0,67.6875,0.03125,0.0625,0.15625,0.0,0.5,73.6,0.9,Defender
24,178,78.0,64.6794871794872,0.0384615384615384,0.0384615384615384,0.115384615384615,0.0,0.3,83.6,1.0,Defender
23,186,12.0,86.3333333333333,0.0,0.0,0.333333333333333,0.0,0.4,83.9,1.1,Defender
25,184,168.0,86.4940476190476,0.0416666666666666,0.0476190476190476,0.357142857142857,0.0,0.4,86.6,1.3,Defender
28,187,67.0,83.4925373134328,0.0895522388059701,0.0298507462686567,0.164179104477612,0.0149253731343283,0.6,85.0,1.9,Defender
29,190,23.0,82.5217391304348,0.0434782608695652,0.0,0.130434782608696,0.0,0.8,77.5,2.7,Defender
29,184,224.0,78.5714285714286,0.0580357142857142,0.0223214285714285,0.200892857142857,0.0267857142857142,0.6,84.2,1.6,Defender
27,193,184.0,78.6521739130435,0.0271739130434782,0.0054347826086956,0.114130434782609,0.0163043478260869,0.3,81.8,2.8,Defender
32,193,352.0,83.8664772727273,0.065340909090909,0.0255681818181818,0.201704545454545,0.0113636363636363,1.0,75.3,5.1,Defender
23,183,97.0,74.5567010309278,0.0309278350515463,0.0206185567010309,0.134020618556701,0.0103092783505154,0.4,86.7,1.1,Defender
33,185,382.0,86.7853403141361,0.0523560209424083,0.013089005235602,0.146596858638743,0.0052356020942408,0.6,79.0,3.6,Defender
22,187,53.0,79.5283018867925,0.0566037735849056,0.0188679245283018,0.245283018867925,0.0377358490566037,0.4,74.4,1.7,Defender
27,193,182.0,76.0,0.0164835164835164,0.0164835164835164,0.197802197802198,0.0164835164835164,0.3,82.5,2.9,Defender
28,187,278.0,80.6906474820144,0.0503597122302158,0.0215827338129496,0.118705035971223,0.0035971223021582,0.5,86.5,2.3,Defender
26,195,17.0,83.0588235294118,0.0588235294117647,0.0,0.352941176470588,0.0588235294117647,0.9,83.3,2.4,Defender
31,190,159.0,83.9748427672956,0.0440251572327044,0.0188679245283018,0.264150943396226,0.0062893081761006,0.6,78.5,2.4,Defender
41,188,492.0,86.5548780487805,0.0365853658536585,0.0284552845528455,0.197154471544715,0.0182926829268292,0.5,89.3,2.0,Defender
29,175,38.0,49.5263157894737,0.0,0.0789473684210526,0.0263157894736842,0.0,0.1,75.9,0.6,Defender
22,184,65.0,61.8,0.0153846153846153,0.0461538461538461,0.107692307692308,0.0153846153846153,0.4,77.5,0.6,Defender
27,182,89.0,73.2808988764045,0.0112359550561797,0.0,0.224719101123596,0.0224719101123595,0.3,84.2,1.2,Defender
19,185,9.0,81.3333333333333,0.111111111111111,0.0,0.0,0.0,0.3,87.4,1.1,Defender
32,194,140.0,83.1142857142857,0.0428571428571428,0.0071428571428571,0.171428571428571,0.0214285714285714,0.6,79.7,4.0,Defender
22,180,1.0,1.0,0.0,0.0,0.0,0.0,0.0,0.0,0.0,Defender
17,173,3.0,9.66666666666667,0.0,0.0,0.333333333333333,0.0,0.0,88.0,0.0,Defender
24,192,148.0,82.0202702702703,0.0202702702702702,0.0135135135135135,0.148648648648649,0.027027027027027,0.4,88.3,1.6,Defender
23,188,100.0,64.51,0.01,0.02,0.18,0.0,0.3,87.0,1.1,Defender
23,194,13.0,81.9230769230769,0.153846153846154,0.0,0.615384615384615,0.0,0.9,78.4,2.7,Defender
31,187,163.0,80.9693251533742,0.0920245398773006,0.0368098159509202,0.226993865030675,0.0245398773006134,0.8,86.7,2.3,Defender
29,201,65.0,83.8153846153846,0.0923076923076923,0.0307692307692307,0.353846153846154,0.0461538461538461,0.7,74.0,3.7,Defender
27,183,18.0,56.0,0.0,0.0,0.388888888888889,0.111111111111111,0.2,88.7,0.9,Defender
30,188,73.0,79.6164383561644,0.0136986301369863,0.0,0.191780821917808,0.0136986301369863,0.3,85.9,1.9,Defender
25,191,78.0,77.5769230769231,0.0512820512820512,0.0128205128205128,0.320512820512821,0.0384615384615384,0.7,74.8,2.9,Defender
21,177,6.0,19.0,0.0,0.0,0.0,0.0,0.3,89.1,0.2,Defender
25,187,69.0,75.1884057971015,0.0434782608695652,0.0579710144927536,0.260869565217391,0.0,0.3,83.0,1.6,Defender
20,182,15.0,67.2666666666667,0.0,0.0,0.2,0.0666666666666666,0.1,89.5,0.7,Defender
32,180,194.0,87.7525773195876,0.0876288659793814,0.0257731958762886,0.262886597938144,0.0154639175257731,1.0,80.0,2.1,Defender
21,187,94.0,85.6382978723404,0.0851063829787234,0.0106382978723404,0.148936170212766,0.0212765957446808,0.4,91.8,1.5,Defender
24,184,123.0,66.0975609756098,0.008130081300813,0.0975609756097561,0.0975609756097561,0.0,0.4,80.5,0.2,Defender
25,176,24.0,37.3333333333333,0.0,0.0416666666666666,0.25,0.0,0.3,84.1,0.7,Defender
25,186,38.0,85.6052631578947,0.0526315789473684,0.0,0.157894736842105,0.0,0.2,82.0,2.0,Defender
26,188,98.0,79.3469387755102,0.0204081632653061,0.010204081632653,0.224489795918367,0.0510204081632653,0.3,81.7,1.5,Defender
26,178,188.0,78.0744680851064,0.0212765957446808,0.0531914893617021,0.122340425531915,0.0,0.2,77.6,2.1,Defender
19,183,19.0,51.3157894736842,0.0,0.0,0.157894736842105,0.0,0.2,87.6,0.3,Defender
30,194,81.0,83.8518518518519,0.0246913580246913,0.0,0.111111111111111,0.0,0.3,84.4,1.7,Defender
30,187,205.0,73.8048780487805,0.0097560975609756,0.0048780487804878,0.214634146341463,0.024390243902439,0.2,84.9,1.5,Defender
28,195,370.0,84.6810810810811,0.0351351351351351,0.0297297297297297,0.12972972972973,0.0027027027027027,0.4,88.4,2.4,Defender
19,190,18.0,56.6111111111111,0.0,0.0,0.0555555555555555,0.0,0.1,75.9,1.2,Defender
27,194,49.0,78.1428571428571,0.0408163265306122,0.0,0.26530612244898,0.0408163265306122,0.2,84.8,1.2,Defender
24,191,11.0,90.0,0.0,0.0,0.0909090909090909,0.0,0.8,79.2,2.0,Defender
24,194,36.0,59.6666666666667,0.0,0.0277777777777777,0.222222222222222,0.0277777777777777,0.3,87.6,1.8,Defender
29,180,123.0,82.7154471544716,0.040650406504065,0.032520325203252,0.260162601626016,0.032520325203252,0.3,81.9,1.9,Defender
27,190,212.0,79.7169811320755,0.0471698113207547,0.0235849056603773,0.231132075471698,0.0094339622641509,0.6,80.8,1.6,Defender
34,183,186.0,79.2311827956989,0.064516129032258,0.0376344086021505,0.123655913978495,0.0053763440860215,0.4,85.0,1.9,Defender
19,179,6.0,23.8333333333333,0.0,0.0,0.333333333333333,0.166666666666667,0.2,64.8,1.0,Defender
27,196,197.0,86.6751269035533,0.0507614213197969,0.0456852791878172,0.152284263959391,0.0,0.6,79.9,4.9,Defender
22,176,10.0,43.1,0.0,0.0,0.1,0.0,0.6,63.6,0.4,Defender
20,175,45.0,55.5555555555556,0.0222222222222222,0.0444444444444444,0.177777777777778,0.0,0.3,85.0,0.3,Defender
22,185,63.0,53.0,0.0158730158730158,0.0158730158730158,0.126984126984127,0.0158730158730158,0.7,78.7,1.1,Defender
22,183,46.0,56.7391304347826,0.0217391304347826,0.0,0.130434782608696,0.0,0.1,90.8,1.3,Defender
28,185,159.0,81.6289308176101,0.0314465408805031,0.0188679245283018,0.0817610062893081,0.0,0.7,80.0,4.0,Defender
32,186,165.0,79.4545454545455,0.0303030303030303,0.175757575757576,0.151515151515152,0.0,0.6,81.5,1.0,Defender
23,196,11.0,46.5454545454546,0.0909090909090909,0.0,0.181818181818182,0.0909090909090909,0.8,83.3,1.2,Defender
25,196,21.0,69.1428571428571,0.0,0.0,0.142857142857143,0.0,0.7,82.4,1.9,Defender
23,189,13.0,84.8461538461538,0.0,0.0,0.461538461538462,0.0,1.2,79.3,2.9,Defender
32,187,119.0,87.546218487395,0.0336134453781512,0.0084033613445378,0.226890756302521,0.0168067226890756,0.4,86.0,0.8,Defender
25,185,56.0,57.3392857142857,0.0,0.0,0.0892857142857142,0.0,0.1,85.2,0.8,Defender
23,190,3.0,67.6666666666667,0.0,0.0,0.0,0.333333333333333,0.0,84.7,1.7,Defender
20,179,29.0,72.0344827586207,0.0344827586206896,0.0344827586206896,0.0689655172413793,0.0,0.3,85.4,0.6,Defender
24,185,2.0,3.0,0.0,0.0,0.0,0.0,0.0,87.5,0.0,Defender
26,191,97.0,75.1649484536083,0.0103092783505154,0.0309278350515463,0.22680412371134,0.0,0.3,87.8,1.6,Defender
24,189,9.0,77.2222222222222,0.0,0.0,0.555555555555556,0.0,0.6,75.8,1.6,Defender
20,186,5.0,60.8,0.0,0.0,0.2,0.0,0.6,87.1,1.6,Defender
27,189,135.0,82.6222222222222,0.0296296296296296,0.0222222222222222,0.155555555555556,0.0,0.3,79.6,3.2,Defender
34,185,336.0,79.4226190476191,0.0357142857142857,0.0535714285714285,0.235119047619048,0.0119047619047619,0.6,82.0,1.4,Defender
21,183,1.0,2.0,0.0,0.0,0.0,0.0,0.0,50.0,0.0,Defender
23,194,153.0,81.4967320261438,0.0522875816993464,0.0196078431372549,0.156862745098039,0.0,0.5,88.0,2.5,Defender
28,179,158.0,68.4493670886076,0.0189873417721519,0.145569620253165,0.107594936708861,0.0063291139240506,0.5,80.7,0.7,Defender
27,183,121.0,72.9338842975207,0.0330578512396694,0.15702479338843,0.0578512396694214,0.0,0.8,77.8,0.9,Defender
25,180,6.0,22.6666666666667,0.0,0.0,0.0,0.0,0.0,85.2,0.0,Defender
23,186,124.0,86.7258064516129,0.0806451612903225,0.0241935483870967,0.209677419354839,0.0080645161290322,0.7,70.8,3.3,Defender
19,196,5.0,88.2,0.0,0.0,0.0,0.0,0.4,84.1,3.0,Defender
30,194,115.0,88.1565217391304,0.0347826086956521,0.0521739130434782,0.269565217391304,0.017391304347826,0.5,81.6,2.6,Defender
35,180,362.0,88.328729281768,0.0441988950276243,0.0248618784530386,0.165745856353591,0.0027624309392265,0.6,71.0,3.5,Defender
19,176,10.0,25.7,0.0,0.0,0.1,0.0,0.7,89.9,0.3,Defender
26,186,240.0,80.7583333333333,0.0708333333333333,0.025,0.158333333333333,0.0083333333333333,0.7,85.7,2.5,Defender
33,188,206.0,85.8106796116505,0.0776699029126213,0.0339805825242718,0.155339805825243,0.0145631067961165,0.7,80.4,2.7,Defender
19,192,37.0,70.8378378378378,0.027027027027027,0.0,0.135135135135135,0.0,0.2,84.5,1.6,Defender
18,181,16.0,65.6875,0.0,0.3125,0.125,0.0,0.2,82.5,0.6,Defender
27,187,12.0,90.0,0.0,0.0833333333333333,0.166666666666667,0.0,0.1,85.3,0.7,Defender
25,188,124.0,84.0725806451613,0.0806451612903225,0.0403225806451612,0.290322580645161,0.0080645161290322,0.7,80.5,2.6,Defender
22,178,7.0,46.2857142857143,0.0,0.142857142857143,0.142857142857143,0.0,0.3,77.4,0.4,Defender
30,172,82.0,73.0731707317073,0.0121951219512195,0.0,0.134146341463415,0.0121951219512195,0.3,78.5,1.6,Defender
31,188,227.0,80.2026431718062,0.0176211453744493,0.013215859030837,0.118942731277533,0.0,0.2,83.4,1.6,Defender
19,188,8.0,17.625,0.0,0.0,0.0,0.0,0.0,80.3,0.6,Defender
32,186,314.0,84.8089171974522,0.0955414012738853,0.0159235668789808,0.152866242038217,0.0127388535031847,0.7,84.7,3.8,Defender
31,192,109.0,85.6238532110092,0.018348623853211,0.0091743119266055,0.238532110091743,0.0,0.3,84.5,1.8,Defender
28,187,209.0,83.7703349282297,0.0239234449760765,0.0143540669856459,0.23444976076555,0.0095693779904306,0.5,88.2,3.1,Defender
24,188,85.0,83.3058823529412,0.0117647058823529,0.0117647058823529,0.164705882352941,0.0235294117647058,0.2,91.8,1.8,Defender
29,193,367.0,85.3569482288828,0.0790190735694822,0.0435967302452316,0.196185286103542,0.0027247956403269,1.0,67.1,5.0,Defender
28,183,57.0,69.2105263157895,0.0175438596491228,0.0350877192982456,0.0350877192982456,0.0175438596491228,0.4,76.8,1.4,Defender
31,184,67.0,68.3880597014925,0.0298507462686567,0.0149253731343283,0.283582089552239,0.0149253731343283,0.3,75.6,1.1,Defender
22,180,96.0,66.2395833333333,0.0104166666666666,0.114583333333333,0.104166666666667,0.0,0.3,80.9,0.7,Defender
20,185,1.0,5.0,0.0,0.0,1.0,0.0,0.0,100.0,0.0,Defender
18,187,7.0,42.0,0.0,0.0,0.142857142857143,0.0,0.0,77.0,0.1,Defender
23,182,13.0,16.6153846153846,0.0,0.0,0.0769230769230769,0.0,0.1,77.6,0.3,Defender
29,191,115.0,76.6086956521739,0.0608695652173913,0.0347826086956521,0.156521739130435,0.008695652173913,0.6,81.4,2.1,Defender
29,195,347.0,76.9308357348703,0.0489913544668587,0.0288184438040345,0.0778097982708933,0.0,0.6,89.6,1.8,Defender
25,187,144.0,73.5277777777778,0.0347222222222222,0.0069444444444444,0.229166666666667,0.0416666666666666,0.3,86.3,1.7,Defender
23,189,81.0,71.9382716049383,0.0123456790123456,0.037037037037037,0.234567901234568,0.0123456790123456,0.2,75.1,1.3,Defender
22,189,99.0,88.5353535353535,0.0101010101010101,0.0,0.131313131313131,0.0101010101010101,0.2,85.1,1.6,Defender
33,186,175.0,79.1028571428572,0.0342857142857142,0.0171428571428571,0.182857142857143,0.0171428571428571,0.3,78.4,1.8,Defender
28,194,106.0,83.9716981132076,0.0660377358490566,0.0283018867924528,0.10377358490566,0.0094339622641509,0.5,84.8,3.2,Defender
22,187,85.0,73.5529411764706,0.0117647058823529,0.0,0.188235294117647,0.0352941176470588,0.3,82.1,1.3,Defender
26,178,5.0,71.8,0.0,0.0,0.0,0.0,0.4,76.9,0.2,Defender
22,170,81.0,82.6296296296296,0.0,0.037037037037037,0.074074074074074,0.0,0.4,84.9,0.6,Defender
24,186,60.0,87.8,0.0333333333333333,0.0333333333333333,0.316666666666667,0.0166666666666666,0.4,85.7,2.1,Defender
23,178,33.0,80.030303030303,0.0,0.0,0.151515151515152,0.0303030303030303,0.3,78.8,0.6,Defender
23,190,14.0,89.9285714285714,0.0,0.0,0.0714285714285714,0.0,0.4,73.9,3.2,Defender
22,188,32.0,51.59375,0.0,0.0,0.09375,0.0,0.2,77.3,0.8,Defender
30,194,101.0,87.2673267326733,0.0594059405940594,0.0198019801980198,0.178217821782178,0.0,0.5,86.6,2.6,Defender
24,175,5.0,21.8,0.0,0.0,0.0,0.0,0.0,66.3,0.6,Defender
17,187,1.0,2.0,0.0,0.0,0.0,0.0,0.0,100.0,0.0,Defender
29,185,322.0,80.2453416149068,0.0403726708074534,0.0341614906832298,0.239130434782609,0.0,0.6,82.9,2.4,Defender
22,189,44.0,72.2272727272727,0.0,0.0,0.181818181818182,0.0,0.1,89.8,0.7,Defender
21,190,46.0,72.3260869565217,0.0217391304347826,0.0,0.239130434782609,0.0,0.4,69.3,0.9,Defender
22,191,67.0,68.865671641791,0.044776119402985,0.0149253731343283,0.0895522388059701,0.0149253731343283,0.4,80.9,1.8,Defender
22,198,29.0,78.7586206896552,0.0,0.0344827586206896,0.103448275862069,0.0344827586206896,0.3,80.0,2.4,Defender
19,183,1.0,90.0,0.0,0.0,0.0,0.0,0.0,89.7,4.0,Defender
23,185,25.0,64.72,0.04,0.04,0.2,0.0,0.6,83.1,1.5,Defender
23,193,146.0,77.027397260274,0.047945205479452,0.0205479452054794,0.0890410958904109,0.0205479452054794,0.4,79.4,2.4,Defender
22,190,5.0,45.8,0.0,0.0,0.2,0.0,0.4,81.3,0.4,Defender
24,185,69.0,56.2608695652174,0.0144927536231884,0.0144927536231884,0.130434782608696,0.0144927536231884,0.3,76.9,0.9,Defender
25,186,5.0,72.8,0.2,0.2,0.0,0.0,0.8,88.0,0.2,Defender
32,178,38.0,67.7105263157895,0.0263157894736842,0.0,0.236842105263158,0.0789473684210526,0.2,82.7,1.3,Defender
27,189,102.0,80.2352941176471,0.0196078431372549,0.0294117647058823,0.274509803921569,0.0784313725490196,0.3,84.2,0.9,Defender
26,186,29.0,62.8275862068966,0.0689655172413793,0.0344827586206896,0.206896551724138,0.0,0.3,80.2,1.2,Defender
25,167,113.0,75.3362831858407,0.0353982300884955,0.079646017699115,0.0619469026548672,0.0,0.6,84.2,0.4,Defender
22,188,52.0,79.1346153846154,0.0192307692307692,0.0192307692307692,0.25,0.0192307692307692,0.3,87.7,2.0,Defender
25,179,11.0,77.7272727272727,0.272727272727273,0.0,0.181818181818182,0.0,0.7,83.6,0.4,Defender
27,193,226.0,86.2345132743363,0.0221238938053097,0.0309734513274336,0.128318584070796,0.0044247787610619,0.4,79.2,2.6,Defender
28,181,94.0,78.8723404255319,0.0212765957446808,0.0212765957446808,0.117021276595745,0.0319148936170212,0.3,85.5,1.8,Defender
27,178,11.0,89.6363636363636,0.0,0.0909090909090909,0.181818181818182,0.0,0.2,75.0,0.7,Defender
25,188,6.0,20.0,0.0,0.0,0.0,0.0,0.2,66.7,0.5,Defender
28,193,194.0,77.8865979381443,0.0463917525773195,0.0103092783505154,0.0979381443298969,0.0154639175257731,0.7,79.0,2.6,Defender
32,180,108.0,74.0833333333333,0.0,0.0092592592592592,0.175925925925926,0.0,0.1,79.3,0.9,Defender
19,195,20.0,41.15,0.1,0.0,0.25,0.0,0.4,87.0,1.2,Defender
19,194,13.0,74.0769230769231,0.0,0.0,0.0769230769230769,0.0,0.4,87.3,1.2,Defender
23,186,71.0,73.4225352112676,0.028169014084507,0.028169014084507,0.0845070422535211,0.0140845070422535,0.4,88.4,1.7,Defender
29,184,163.0,78.3558282208589,0.0306748466257668,0.0061349693251533,0.116564417177914,0.0061349693251533,0.3,82.7,2.0,Defender
30,190,190.0,78.9263157894737,0.0684210526315789,0.0157894736842105,0.173684210526316,0.0157894736842105,0.5,85.6,2.2,Defender
29,173,53.0,68.7735849056604,0.0,0.0188679245283018,0.0943396226415094,0.0,0.1,76.3,0.7,Defender
31,190,441.0,83.9410430839002,0.0476190476190476,0.0226757369614512,0.147392290249433,0.0090702947845804,0.7,87.5,1.9,Defender
28,188,180.0,86.6111111111111,0.0388888888888888,0.0166666666666666,0.116666666666667,0.0055555555555555,0.4,80.8,3.5,Defender
26,190,25.0,72.56,0.04,0.0,0.24,0.0,0.8,71.6,2.4,Defender
24,188,71.0,69.7746478873239,0.0,0.0,0.154929577464789,0.0140845070422535,0.3,86.4,1.4,Defender
26,188,115.0,81.104347826087,0.0521739130434782,0.017391304347826,0.147826086956522,0.0260869565217391,0.7,79.3,1.3,Defender
23,198,6.0,17.5,0.0,0.0,0.0,0.0,0.0,84.8,1.0,Defender
24,191,111.0,80.1531531531532,0.018018018018018,0.036036036036036,0.234234234234234,0.027027027027027,0.4,85.5,2.6,Defender
25,192,142.0,80.1830985915493,0.0140845070422535,0.0211267605633802,0.161971830985916,0.028169014084507,0.6,79.1,2.6,Defender
25,191,34.0,77.7941176470588,0.117647058823529,0.0,0.441176470588235,0.0294117647058823,0.9,85.3,2.0,Defender
25,184,107.0,74.1775700934579,0.02803738317757,0.0,0.224299065420561,0.0,0.4,85.8,2.6,Defender
33,188,182.0,79.1153846153846,0.0439560439560439,0.0219780219780219,0.28021978021978,0.0164835164835164,0.3,85.8,1.7,Defender
29,186,243.0,82.7242798353909,0.0864197530864197,0.0329218106995884,0.135802469135802,0.0123456790123456,0.7,81.2,3.6,Defender
24,186,62.0,74.0161290322581,0.0483870967741935,0.0,0.193548387096774,0.032258064516129,0.5,86.9,1.7,Defender
24,191,12.0,90.0,0.166666666666667,0.166666666666667,0.25,0.0,1.4,83.3,3.8,Defender
30,188,241.0,84.0248962655602,0.0373443983402489,0.0207468879668049,0.236514522821577,0.0124481327800829,0.6,78.9,1.8,Defender
23,188,24.0,83.0416666666667,0.0416666666666666,0.0,0.291666666666667,0.0,0.5,85.9,1.9,Defender
22,182,56.0,74.3035714285714,0.0357142857142857,0.107142857142857,0.107142857142857,0.0178571428571428,0.4,77.0,0.9,Defender
33,184,371.0,84.8436657681941,0.059299191374663,0.0296495956873315,0.16711590296496,0.0161725067385444,0.4,85.7,1.5,Defender
29,186,279.0,77.831541218638,0.03584229390681,0.021505376344086,0.222222222222222,0.017921146953405,0.4,87.8,1.7,Defender
29,187,142.0,84.7816901408451,0.056338028169014,0.0140845070422535,0.112676056338028,0.0070422535211267,0.5,90.9,3.0,Defender
28,185,199.0,79.8592964824121,0.0201005025125628,0.0050251256281407,0.281407035175879,0.0402010050251256,0.3,86.9,1.9,Defender
24,191,110.0,68.1545454545455,0.0454545454545454,0.0,0.236363636363636,0.0181818181818181,0.4,85.9,1.8,Defender
28,189,193.0,82.0259067357513,0.077720207253886,0.0103626943005181,0.129533678756477,0.0,0.4,85.5,1.9,Defender
24,183,52.0,52.6538461538462,0.0192307692307692,0.0576923076923076,0.230769230769231,0.0192307692307692,0.3,81.9,0.7,Defender
23,194,76.0,79.1578947368421,0.0394736842105263,0.0394736842105263,0.302631578947368,0.0263157894736842,0.6,78.9,2.6,Defender
27,192,169.0,76.7751479289941,0.0236686390532544,0.0414201183431952,0.165680473372781,0.029585798816568,0.4,79.6,1.8,Defender
26,183,198.0,69.5505050505051,0.0505050505050505,0.0757575757575757,0.0909090909090909,0.005050505050505,0.8,85.5,1.1,Defender
18,175,2.0,16.0,0.0,0.0,0.0,0.0,0.5,62.5,0.5,Defender
23,186,99.0,82.5151515151515,0.0303030303030303,0.0303030303030303,0.0909090909090909,0.0202020202020202,0.4,82.8,1.5,Defender
28,187,61.0,73.0327868852459,0.0327868852459016,0.0491803278688524,0.0655737704918032,0.0327868852459016,0.3,85.6,2.2,Defender
29,192,43.0,79.4418604651163,0.0,0.0232558139534883,0.395348837209302,0.0697674418604651,0.2,89.8,2.6,Defender
23,187,73.0,85.3561643835617,0.0273972602739726,0.0,0.164383561643836,0.0273972602739726,0.3,87.4,1.7,Defender
29,178,19.0,67.9473684210526,0.0,0.0,0.0,0.0,1.2,80.8,1.2,Defender
32,186,296.0,82.3513513513514,0.0844594594594594,0.0472972972972973,0.283783783783784,0.0101351351351351,1.0,78.0,1.9,Defender
35,186,201.0,82.8756218905473,0.0099502487562189,0.0298507462686567,0.109452736318408,0.0149253731343283,0.5,78.6,1.7,Defender
33,188,338.0,87.689349112426,0.0325443786982248,0.0266272189349112,0.218934911242604,0.0029585798816568,0.5,77.3,1.8,Defender
27,190,58.0,73.9137931034483,0.0172413793103448,0.0517241379310344,0.155172413793103,0.0,0.5,84.1,1.6,Defender
23,185,39.0,78.8717948717949,0.0256410256410256,0.0,0.102564102564103,0.0256410256410256,0.2,85.2,0.8,Defender
24,186,46.0,77.6086956521739,0.0,0.0217391304347826,0.239130434782609,0.0,0.5,82.6,0.9,Defender
26,180,48.0,74.8541666666667,0.0208333333333333,0.0416666666666666,0.145833333333333,0.0,0.6,77.1,0.9,Defender
30,184,128.0,84.7265625,0.046875,0.0078125,0.1953125,0.03125,0.4,85.4,2.3,Defender
27,180,124.0,67.1370967741936,0.0241935483870967,0.0161290322580645,0.104838709677419,0.0080645161290322,0.3,81.0,2.2,Defender
29,185,63.0,79.8888888888889,0.0317460317460317,0.0,0.206349206349206,0.0158730158730158,0.6,81.9,2.0,Defender
24,190,31.0,84.7096774193548,0.032258064516129,0.0,0.225806451612903,0.032258064516129,0.3,86.2,2.1,Defender
32,192,386.0,88.0466321243523,0.0699481865284974,0.0284974093264248,0.178756476683938,0.0233160621761658,0.8,84.7,3.0,Defender
19,187,2.0,25.5,0.0,0.0,0.5,0.0,0.0,78.1,0.5,Defender
32,188,351.0,83.3076923076923,0.0313390313390313,0.0142450142450142,0.145299145299145,0.0113960113960113,0.6,78.0,3.5,Defender
31,186,86.0,86.3720930232558,0.0465116279069767,0.0116279069767441,0.151162790697674,0.0,0.5,79.8,2.3,Defender
19,186,9.0,73.4444444444444,0.0,0.0,0.333333333333333,0.0,0.0,83.5,1.0,Defender
23,180,63.0,57.8571428571429,0.0158730158730158,0.0476190476190476,0.0952380952380952,0.0,0.3,74.6,0.9,Defender
22,187,53.0,75.0566037735849,0.0377358490566037,0.0566037735849056,0.113207547169811,0.0,0.2,84.5,1.6,Defender
24,185,210.0,87.6380952380952,0.0285714285714285,0.0333333333333333,0.180952380952381,0.0,0.5,80.8,3.6,Defender
22,183,52.0,70.2884615384615,0.0769230769230769,0.0384615384615384,0.0961538461538461,0.0,0.9,75.8,4.3,Defender
27,190,99.0,73.9191919191919,0.0202020202020202,0.0303030303030303,0.151515151515152,0.0,0.7,82.1,4.1,Defender
21,189,4.0,89.75,0.0,0.0,0.25,0.0,0.8,85.8,2.3,Defender
33,183,113.0,81.6194690265487,0.0176991150442477,0.0,0.123893805309735,0.0088495575221238,0.4,85.6,1.2,Defender
22,183,7.0,39.0,0.0,0.0,0.0,0.0,0.6,78.4,1.3,Defender
24,173,89.0,74.4044943820225,0.0,0.0112359550561797,0.325842696629214,0.0449438202247191,0.3,86.1,0.9,Defender
23,179,8.0,27.375,0.0,0.0,0.25,0.0,0.3,74.2,0.8,Defender
23,191,152.0,70.9473684210526,0.0131578947368421,0.0328947368421052,0.131578947368421,0.006578947368421,0.3,85.2,1.2,Defender
31,196,172.0,80.2093023255814,0.0406976744186046,0.0174418604651162,0.13953488372093,0.0,0.6,75.9,3.6,Defender
23,185,70.0,74.7571428571429,0.0142857142857142,0.0,0.157142857142857,0.0142857142857142,0.4,86.2,1.6,Defender
25,186,31.0,69.0645161290323,0.0967741935483871,0.0,0.161290322580645,0.0,0.9,85.0,3.0,Defender
26,194,98.0,82.4489795918367,0.0714285714285714,0.0408163265306122,0.244897959183673,0.0408163265306122,0.3,85.6,1.6,Defender
22,190,56.0,74.8214285714286,0.0357142857142857,0.0,0.0178571428571428,0.0178571428571428,0.3,83.8,1.3,Defender
26,184,153.0,79.9019607843137,0.0261437908496732,0.0326797385620915,0.130718954248366,0.0065359477124183,0.6,81.4,1.8,Defender
31,193,245.0,87.0816326530612,0.036734693877551,0.0122448979591836,0.151020408163265,0.0081632653061224,0.6,84.6,3.7,Defender
33,184,51.0,85.4313725490196,0.0588235294117647,0.0196078431372549,0.274509803921569,0.0196078431372549,0.9,79.6,2.2,Defender
27,177,31.0,63.5806451612903,0.0,0.032258064516129,0.064516129032258,0.0,0.5,66.7,1.1,Defender
21,179,123.0,66.8455284552846,0.08130081300813,0.073170731707317,0.08130081300813,0.016260162601626,0.4,87.7,0.6,Defender
25,191,6.0,82.1666666666667,0.0,0.0,0.0,0.0,0.0,87.3,2.3,Defender
20,173,34.0,59.8235294117647,0.0,0.0588235294117647,0.088235294117647,0.0,0.3,74.9,1.2,Defender
23,191,2.0,9.0,0.0,0.0,0.0,0.0,0.0,28.6,0.0,Defender
33,185,324.0,83.3333333333333,0.0339506172839506,0.0185185185185185,0.17283950617284,0.0185185185185185,0.4,85.8,2.3,Defender
20,174,40.0,73.7,0.0,0.05,0.175,0.025,0.3,78.3,0.7,Defender
27,193,141.0,87.2695035460993,0.0070921985815602,0.0141843971631205,0.212765957446809,0.0212765957446808,0.3,85.4,1.5,Defender
21,188,3.0,52.6666666666667,0.0,0.0,0.333333333333333,0.0,0.0,82.4,1.3,Defender
22,192,11.0,67.8181818181818,0.0,0.0,0.0909090909090909,0.0,0.3,91.4,1.0,Defender
29,189,122.0,75.9672131147541,0.0327868852459016,0.0245901639344262,0.081967213114754,0.0081967213114754,0.4,80.9,2.3,Defender
21,182,77.0,65.1948051948052,0.0259740259740259,0.0259740259740259,0.0389610389610389,0.0,0.2,82.1,0.7,Defender
25,187,69.0,59.1159420289855,0.0144927536231884,0.0289855072463768,0.101449275362319,0.0,0.2,80.0,1.5,Defender
21,185,10.0,82.0,0.0,0.0,0.5,0.0,0.3,79.5,1.2,Defender
32,190,393.0,81.5903307888041,0.0610687022900763,0.0279898218829516,0.0839694656488549,0.005089058524173,0.5,90.0,1.9,Defender
28,191,161.0,80.7888198757764,0.0186335403726708,0.0372670807453416,0.111801242236025,0.0248447204968944,0.4,85.0,1.7,Defender
24,190,79.0,72.5189873417722,0.050632911392405,0.0126582278481012,0.189873417721519,0.0253164556962025,0.5,77.6,2.1,Defender
28,183,169.0,79.1479289940829,0.0650887573964497,0.0177514792899408,0.272189349112426,0.0118343195266272,0.7,82.1,2.5,Defender
30,185,75.0,83.52,0.0533333333333333,0.0133333333333333,0.253333333333333,0.0,0.5,72.3,1.9,Defender
32,185,294.0,88.0034013605442,0.0544217687074829,0.0238095238095238,0.156462585034014,0.0136054421768707,0.8,78.8,3.9,Defender
26,191,25.0,78.6,0.08,0.04,0.24,0.04,0.8,79.5,2.2,Defender
25,180,54.0,66.3148148148148,0.0185185185185185,0.0555555555555555,0.12962962962963,0.0,0.1,74.8,0.7,Defender
23,191,61.0,78.3606557377049,0.0,0.0163934426229508,0.245901639344262,0.0,0.4,81.7,2.3,Defender
29,184,87.0,74.5862068965517,0.0114942528735632,0.0229885057471264,0.160919540229885,0.0114942528735632,0.5,84.8,0.9,Defender
31,191,324.0,84.9598765432099,0.0709876543209876,0.037037037037037,0.0895061728395061,0.0030864197530864,0.7,79.0,3.8,Defender
21,193,4.0,7.75,0.0,0.0,0.0,0.0,0.5,67.1,0.0,Defender
24,187,24.0,37.1666666666667,0.125,0.0416666666666666,0.0416666666666666,0.0416666666666666,1.0,72.8,1.4,Forward
26,195,145.0,65.5103448275862,0.317241379310345,0.0413793103448275,0.227586206896552,0.0275862068965517,2.3,57.4,2.9,Forward
38,193,552.0,64.0742753623188,0.384057971014493,0.132246376811594,0.101449275362319,0.0108695652173913,2.4,67.6,2.7,Forward
25,183,145.0,61.0137931034483,0.344827586206897,0.096551724137931,0.117241379310345,0.0068965517241379,1.7,77.6,1.0,Forward
24,190,223.0,67.9730941704036,0.439461883408072,0.0762331838565022,0.085201793721973,0.0089686098654708,2.7,69.5,1.5,Forward
18,173,63.0,45.984126984127,0.285714285714286,0.0158730158730158,0.174603174603175,0.0,1.5,72.6,0.4,Forward
36,185,623.0,82.1508828250401,0.768860353130016,0.160513643659711,0.0914927768860353,0.0032102728731942,3.7,74.5,2.0,Forward
23,177,14.0,15.6428571428571,0.0,0.0,0.0714285714285714,0.0,0.6,57.9,0.4,Forward
28,188,83.0,55.5903614457831,0.27710843373494,0.0963855421686747,0.0481927710843373,0.0,1.7,72.6,1.5,Forward
25,192,46.0,44.0217391304348,0.282608695652174,0.0,0.0652173913043478,0.0,1.2,62.7,1.3,Forward
26,191,146.0,46.4041095890411,0.116438356164384,0.047945205479452,0.116438356164384,0.0,1.2,77.4,1.2,Forward
22,178,10.0,23.1,0.1,0.0,0.1,0.0,0.9,58.9,0.8,Forward
22,181,1.0,1.0,0.0,0.0,0.0,0.0,0.0,0.0,0.0,Forward
22,173,24.0,17.7083333333333,0.0,0.0,0.0,0.0,0.2,72.9,0.1,Forward
26,175,110.0,75.3636363636364,0.372727272727273,0.209090909090909,0.0909090909090909,0.0181818181818181,2.1,64.0,0.6,Forward
24,177,7.0,21.0,0.142857142857143,0.0,0.0,0.0,0.4,75.0,0.3,Forward
24,178,7.0,38.7142857142857,0.0,0.0,0.285714285714286,0.0,1.0,84.1,0.3,Forward
24,176,120.0,69.6333333333333,0.316666666666667,0.0666666666666666,0.0583333333333333,0.0083333333333333,2.5,77.3,0.6,Forward
18,178,31.0,31.5483870967742,0.032258064516129,0.032258064516129,0.0,0.0,0.8,80.3,0.3,Forward
19,180,25.0,24.0,0.0,0.04,0.0,0.0,0.2,82.8,0.1,Forward
21,195,79.0,55.2151898734177,0.189873417721519,0.0379746835443038,0.0759493670886076,0.0,1.2,69.0,1.2,Forward
17,184,3.0,4.66666666666667,0.0,0.0,0.333333333333333,0.0,0.7,69.2,0.0,Forward
30,180,41.0,73.8780487804878,0.317073170731707,0.121951219512195,0.048780487804878,0.0,2.0,71.1,2.2,Forward
24,174,19.0,40.8421052631579,0.157894736842105,0.0,0.105263157894737,0.0,0.8,77.3,0.3,Forward
22,175,93.0,36.5268817204301,0.075268817204301,0.075268817204301,0.0967741935483871,0.0,1.1,71.2,0.4,Forward
27,188,304.0,61.7532894736842,0.319078947368421,0.0328947368421052,0.0921052631578947,0.006578947368421,2.0,64.6,2.6,Forward
30,197,192.0,71.40625,0.291666666666667,0.104166666666667,0.166666666666667,0.0052083333333333,1.7,70.3,4.1,Forward
34,198,137.0,59.3211678832117,0.167883211678832,0.0802919708029197,0.131386861313869,0.0,1.3,56.0,6.1,Forward
21,179,28.0,19.0714285714286,0.0357142857142857,0.0357142857142857,0.0357142857142857,0.0,0.4,73.2,0.4,Forward
22,193,10.0,29.2,0.2,0.0,0.0,0.0,1.3,62.9,0.8,Forward
25,183,11.0,90.0,0.454545454545455,0.181818181818182,0.0909090909090909,0.0909090909090909,2.7,80.3,0.8,Forward
22,193,3.0,60.0,0.333333333333333,0.0,0.0,0.0,2.3,50.0,2.7,Forward
27,174,336.0,67.0446428571429,0.455357142857143,0.104166666666667,0.160714285714286,0.0059523809523809,3.0,71.1,1.0,Forward
21,178,9.0,20.6666666666667,0.0,0.0,0.222222222222222,0.0,0.1,77.8,0.2,Forward
20,181,5.0,18.6,0.0,0.0,0.0,0.0,0.6,89.1,0.0,Forward
21,185,11.0,32.1818181818182,0.0,0.0,0.0,0.0,0.5,86.8,0.1,Forward
23,183,155.0,52.6774193548387,0.32258064516129,0.0838709677419354,0.032258064516129,0.0129032258064516,1.3,77.1,0.7,Forward
23,179,54.0,30.6111111111111,0.148148148148148,0.0185185185185185,0.0185185185185185,0.0,0.8,59.0,0.7,Forward
20,183,19.0,15.2105263157895,0.0526315789473684,0.0,0.105263157894737,0.0,0.6,64.8,0.4,Forward
29,194,229.0,74.82096069869,0.388646288209607,0.11353711790393,0.192139737991266,0.0043668122270742,2.7,61.4,5.3,Forward
19,185,32.0,33.09375,0.0,0.03125,0.15625,0.0,0.7,65.1,1.1,Forward
28,192,15.0,45.2666666666667,0.2,0.0666666666666666,0.0,0.0,1.3,60.0,1.7,Forward
20,178,1.0,1.0,0.0,0.0,0.0,0.0,0.0,0.0,0.0,Forward
24,181,100.0,53.24,0.28,0.03,0.16,0.0,1.2,63.7,1.2,Forward
22,178,5.0,26.8,0.2,0.0,0.0,0.0,0.6,81.0,0.0,Forward
20,171,8.0,41.25,0.125,0.25,0.0,0.0,0.3,87.9,0.1,Forward
29,190,136.0,59.3823529411765,0.272058823529412,0.0808823529411764,0.154411764705882,0.0073529411764705,1.5,63.3,2.5,Forward
31,181,116.0,23.6034482758621,0.0948275862068965,0.0172413793103448,0.0948275862068965,0.0,0.7,63.1,0.9,Forward
18,187,7.0,20.7142857142857,0.285714285714286,0.0,0.142857142857143,0.0,1.0,77.4,0.1,Forward
19,180,14.0,19.4285714285714,0.0,0.142857142857143,0.0,0.0,0.5,62.0,0.9,Forward
27,184,111.0,32.2612612612613,0.108108108108108,0.045045045045045,0.009009009009009,0.0,0.9,64.6,1.3,Forward
22,186,36.0,37.6388888888889,0.111111111111111,0.0,0.0555555555555555,0.0,1.1,67.4,0.3,Forward
29,183,93.0,31.5913978494624,0.10752688172043,0.064516129032258,0.075268817204301,0.0,1.0,73.5,0.6,Forward
25,194,43.0,51.8837209302326,0.27906976744186,0.0232558139534883,0.0697674418604651,0.0,1.7,67.7,1.2,Forward
31,175,57.0,59.1754385964912,0.350877192982456,0.087719298245614,0.0350877192982456,0.0,1.9,79.1,1.1,Forward
27,185,115.0,45.6956521739131,0.139130434782609,0.0521739130434782,0.0782608695652174,0.017391304347826,1.1,75.7,1.1,Forward
21,191,88.0,62.9204545454546,0.295454545454545,0.0454545454545454,0.034090909090909,0.0,1.4,76.5,0.9,Forward
25,185,40.0,63.4,0.225,0.1,0.075,0.0,1.4,73.7,0.9,Forward
29,190,266.0,59.8947368421053,0.191729323308271,0.109022556390977,0.112781954887218,0.0,1.7,76.0,1.2,Forward
26,188,44.0,36.4318181818182,0.0454545454545454,0.0227272727272727,0.113636363636364,0.0227272727272727,1.0,71.6,1.2,Forward
27,187,154.0,38.948051948052,0.220779220779221,0.0454545454545454,0.0519480519480519,0.0129870129870129,1.4,63.5,1.8,Forward
34,185,76.0,46.7894736842105,0.289473684210526,0.0,0.0394736842105263,0.0,1.6,69.1,1.1,Forward
27,186,11.0,70.7272727272727,0.454545454545455,0.0909090909090909,0.0,0.0,2.0,64.7,2.3,Forward
23,191,125.0,58.304,0.296,0.04,0.04,0.0,1.9,65.4,1.9,Forward
26,178,89.0,63.4943820224719,0.224719101123596,0.0449438202247191,0.168539325842697,0.0112359550561797,1.8,63.3,2.7,Forward
22,180,26.0,34.7692307692308,0.0,0.0,0.0384615384615384,0.0,0.9,70.9,0.6,Forward
24,180,72.0,29.8194444444444,0.0972222222222222,0.0555555555555555,0.0694444444444444,0.0,0.6,73.9,0.3,Forward
25,178,55.0,26.9454545454545,0.0727272727272727,0.0363636363636363,0.0727272727272727,0.0,0.8,69.2,0.9,Forward
23,183,21.0,16.8095238095238,0.0,0.0,0.0952380952380952,0.0,0.3,85.1,0.2,Forward
22,186,20.0,47.25,0.1,0.0,0.05,0.0,1.1,76.6,0.7,Forward
23,182,86.0,67.9302325581395,0.558139534883721,0.116279069767442,0.116279069767442,0.0116279069767441,2.8,68.2,1.2,Forward
23,183,50.0,32.28,0.1,0.06,0.08,0.0,0.8,58.8,1.0,Forward
35,188,84.0,35.9047619047619,0.130952380952381,0.0357142857142857,0.119047619047619,0.0,1.1,66.0,1.1,Forward
20,175,1.0,27.0,0.0,0.0,0.0,0.0,0.0,72.7,0.0,Forward
19,180,9.0,28.4444444444444,0.222222222222222,0.0,0.111111111111111,0.0,0.6,65.6,0.6,Forward
20,186,27.0,40.8148148148148,0.148148148148148,0.037037037037037,0.074074074074074,0.0,1.1,65.1,1.0,Forward
34,175,89.0,65.5280898876405,0.0337078651685393,0.0674157303370786,0.157303370786517,0.0,0.7,64.2,1.6,Forward
22,182,47.0,33.7659574468085,0.127659574468085,0.0212765957446808,0.0638297872340425,0.0,0.8,78.1,0.7,Forward
25,190,52.0,55.9807692307692,0.173076923076923,0.0384615384615384,0.153846153846154,0.0192307692307692,1.2,70.6,1.4,Forward
20,180,69.0,37.3478260869565,0.101449275362319,0.0289855072463768,0.0869565217391304,0.0,1.1,65.9,0.6,Forward
26,185,167.0,54.251497005988,0.239520958083832,0.029940119760479,0.0359281437125748,0.0,1.1,75.4,1.0,Forward
30,196,117.0,52.4871794871795,0.282051282051282,0.0683760683760683,0.0598290598290598,0.0,1.4,64.2,3.0,Forward
21,176,3.0,18.3333333333333,0.0,0.0,0.0,0.0,0.0,66.7,1.0,Forward
25,189,35.0,38.0285714285714,0.314285714285714,0.0,0.142857142857143,0.0,1.2,73.8,0.7,Forward
20,193,47.0,61.8085106382979,0.446808510638298,0.0212765957446808,0.191489361702128,0.0,2.1,73.2,1.9,Forward
35,190,119.0,53.3697478991597,0.26890756302521,0.100840336134454,0.042016806722689,0.0,2.1,68.9,2.4,Forward
24,184,25.0,74.16,0.16,0.2,0.24,0.0,2.6,74.4,1.4,Forward
18,185,54.0,35.1851851851852,0.203703703703704,0.0185185185185185,0.037037037037037,0.0,0.9,69.9,1.0,Forward
22,176,44.0,58.9090909090909,0.181818181818182,0.0909090909090909,0.0681818181818181,0.0,1.5,68.5,0.8,Forward
23,193,163.0,58.5766871165644,0.306748466257669,0.153374233128834,0.0920245398773006,0.0,1.8,74.1,0.5,Forward
17,185,5.0,56.4,0.0,0.0,0.0,0.0,0.8,54.2,0.6,Forward
34,169,117.0,74.1282051282051,0.521367521367521,0.0769230769230769,0.0854700854700854,0.0,3.1,83.9,0.7,Forward
33,189,364.0,66.2032967032967,0.376373626373626,0.137362637362637,0.0824175824175824,0.0,2.4,72.3,1.9,Forward
29,183,94.0,55.0744680851064,0.287234042553192,0.138297872340426,0.0425531914893617,0.0,1.5,72.6,0.6,Forward
33,184,202.0,57.5346534653465,0.227722772277228,0.0544554455445544,0.133663366336634,0.0,1.6,64.3,5.5,Forward
20,184,2.0,12.0,0.0,0.0,0.0,0.0,0.0,33.3,0.0,Forward
26,183,177.0,46.4124293785311,0.19774011299435,0.0338983050847457,0.0508474576271186,0.0,1.4,72.8,0.5,Forward
22,184,11.0,15.9090909090909,0.0909090909090909,0.0909090909090909,0.181818181818182,0.0,0.5,83.9,0.0,Forward
16,172,3.0,6.66666666666667,0.0,0.0,0.0,0.0,0.3,100.0,0.0,Forward
24,179,29.0,39.3448275862069,0.241379310344828,0.0,0.0344827586206896,0.0,0.9,70.7,0.2,Forward
25,180,8.0,24.125,0.25,0.0,0.375,0.0,0.4,80.6,0.1,Forward
33,184,174.0,57.2241379310345,0.137931034482759,0.0459770114942528,0.103448275862069,0.0,1.4,69.1,1.1,Forward
38,193,627.0,70.4641148325359,0.435406698564593,0.135566188197767,0.114832535885167,0.0015948963317384,3.3,70.0,2.7,Forward
19,197,39.0,30.3333333333333,0.128205128205128,0.0512820512820512,0.153846153846154,0.0,1.0,57.6,1.6,Forward
21,181,27.0,21.3703703703704,0.074074074074074,0.037037037037037,0.074074074074074,0.0,0.7,78.7,0.1,Forward
30,189,67.0,49.0597014925373,0.373134328358209,0.0597014925373134,0.134328358208955,0.0,2.0,72.0,0.9,Forward
19,179,101.0,31.3762376237624,0.188118811881188,0.0594059405940594,0.0297029702970297,0.0,1.0,80.0,0.2,Forward
31,187,225.0,57.7022222222222,0.288888888888889,0.0533333333333333,0.08,0.0088888888888888,1.5,74.4,0.9,Forward
26,194,149.0,54.4093959731544,0.275167785234899,0.0268456375838926,0.0805369127516778,0.0,1.7,63.3,2.0,Forward
30,183,98.0,42.0408163265306,0.153061224489796,0.0816326530612244,0.153061224489796,0.010204081632653,1.3,65.2,1.0,Forward
24,184,40.0,45.225,0.2,0.1,0.15,0.0,1.2,66.9,0.6,Forward
22,183,31.0,26.1290322580645,0.129032258064516,0.129032258064516,0.0967741935483871,0.0,0.7,70.4,0.3,Forward
19,177,10.0,43.5,0.1,0.0,0.0,0.0,1.0,80.7,0.4,Forward
28,188,146.0,54.3835616438356,0.205479452054795,0.0410958904109589,0.0958904109589041,0.0068493150684931,1.5,69.4,1.4,Forward
32,193,136.0,41.0073529411765,0.205882352941176,0.0588235294117647,0.125,0.0073529411764705,1.5,56.6,2.2,Forward
27,191,76.0,46.9078947368421,0.144736842105263,0.0131578947368421,0.0131578947368421,0.0,0.8,72.5,1.0,Forward
21,187,18.0,31.1111111111111,0.0555555555555555,0.0,0.0,0.0,0.7,74.5,0.2,Forward
18,177,4.0,8.0,0.0,0.0,0.0,0.0,0.0,92.5,0.0,Forward
26,185,121.0,54.6776859504132,0.132231404958678,0.024793388429752,0.0909090909090909,0.0,1.3,67.7,1.5,Forward
21,180,14.0,68.7142857142857,0.428571428571429,0.0714285714285714,0.0714285714285714,0.0,2.2,79.8,0.5,Forward
24,182,164.0,56.0548780487805,0.164634146341463,0.0853658536585365,0.109756097560976,0.0,1.1,80.6,0.5,Forward
30,190,320.0,74.703125,0.4375,0.159375,0.075,0.003125,2.2,66.8,4.7,Forward
25,190,114.0,41.1754385964912,0.192982456140351,0.0263157894736842,0.0789473684210526,0.0,1.2,64.5,0.9,Forward
26,193,150.0,57.2866666666667,0.266666666666667,0.0666666666666666,0.0466666666666666,0.0,1.6,68.9,2.2,Forward
26,177,69.0,51.3623188405797,0.260869565217391,0.0289855072463768,0.115942028985507,0.0,1.1,66.8,0.7,Forward
31,195,223.0,67.8161434977579,0.304932735426009,0.0762331838565022,0.134529147982063,0.0,2.0,65.8,5.0,Forward
30,177,44.0,32.1136363636364,0.0454545454545454,0.0454545454545454,0.0681818181818181,0.0227272727272727,0.6,63.3,0.5,Forward
21,170,72.0,55.375,0.319444444444444,0.0694444444444444,0.152777777777778,0.0,1.7,58.7,0.5,Forward
30,189,9.0,9.55555555555556,0.0,0.0,0.333333333333333,0.0,0.2,44.0,1.3,Forward
21,195,2.0,26.5,0.0,0.0,0.0,0.0,0.5,87.5,0.0,Forward
25,178,50.0,45.36,0.14,0.04,0.18,0.02,1.2,70.1,1.1,Forward
26,183,131.0,51.618320610687,0.290076335877863,0.0458015267175572,0.0381679389312977,0.0,2.0,56.3,3.3,Forward
20,185,11.0,14.8181818181818,0.0,0.0,0.0,0.0,0.3,60.5,0.2,Forward
22,195,11.0,64.5454545454546,0.272727272727273,0.181818181818182,0.0909090909090909,0.0,2.4,53.5,2.7,Forward
21,178,3.0,43.0,0.0,0.0,0.0,0.0,0.3,64.3,0.0,Forward
33,190,222.0,63.027027027027,0.310810810810811,0.036036036036036,0.18018018018018,0.0,1.7,60.8,3.9,Forward
26,179,77.0,76.948051948052,0.428571428571429,0.0389610389610389,0.116883116883117,0.0,2.2,78.3,1.0,Forward
24,182,38.0,52.0789473684211,0.0526315789473684,0.0,0.157894736842105,0.0,1.0,65.5,3.5,Forward
21,171,26.0,23.1153846153846,0.0384615384615384,0.0,0.0,0.0,0.7,86.9,0.2,Forward
20,192,13.0,20.7692307692308,0.0769230769230769,0.0769230769230769,0.0769230769230769,0.0,0.7,60.6,2.1,Forward
29,185,302.0,63.2715231788079,0.360927152317881,0.0827814569536423,0.0695364238410596,0.0,2.2,74.9,1.3,Forward
20,176,6.0,6.16666666666667,0.166666666666667,0.0,0.0,0.0,0.5,91.7,0.0,Forward
21,175,1.0,17.0,0.0,0.0,0.0,0.0,0.0,100.0,0.0,Forward
33,186,221.0,52.7420814479638,0.226244343891403,0.0361990950226244,0.149321266968326,0.0090497737556561,2.2,78.1,0.8,Forward
21,177,5.0,15.8,0.0,0.0,0.2,0.0,0.0,50.0,0.6,Forward
19,177,4.0,11.25,0.0,0.0,0.0,0.0,0.0,66.7,0.5,Forward
29,184,31.0,46.9677419354839,0.129032258064516,0.032258064516129,0.032258064516129,0.0,1.1,67.7,0.5,Forward
30,180,43.0,47.6976744186047,0.116279069767442,0.0232558139534883,0.186046511627907,0.0,1.0,67.6,1.4,Forward
29,175,12.0,33.1666666666667,0.0833333333333333,0.0833333333333333,0.0833333333333333,0.0,1.3,68.1,0.4,Forward
27,189,67.0,69.3432835820896,0.552238805970149,0.134328358208955,0.0597014925373134,0.0,2.0,73.6,1.1,Forward
26,184,114.0,30.5877192982456,0.114035087719298,0.0350877192982456,0.157894736842105,0.0087719298245614,0.9,60.9,0.8,Forward
33,190,258.0,60.2325581395349,0.36046511627907,0.0775193798449612,0.10077519379845,0.0,2.1,68.7,2.2,Forward
29,185,130.0,58.9461538461539,0.515384615384615,0.0461538461538461,0.2,0.0,2.4,70.2,1.9,Forward
21,182,28.0,34.8928571428571,0.142857142857143,0.0,0.0714285714285714,0.0,1.3,72.6,2.1,Forward
26,180,2.0,60.5,0.0,0.0,0.0,0.0,2.5,80.6,0.5,Forward
22,180,12.0,26.6666666666667,0.0833333333333333,0.0,0.25,0.0,0.6,61.2,0.3,Forward
19,185,18.0,29.0,0.0,0.0,0.0,0.0,1.2,69.3,1.1,Forward
21,180,24.0,31.3333333333333,0.0416666666666666,0.166666666666667,0.0,0.0,0.7,78.6,0.0,Forward
28,183,95.0,57.3157894736842,0.357894736842105,0.0947368421052631,0.0105263157894736,0.0,1.5,69.2,1.5,Forward
26,187,33.0,24.8484848484848,0.0606060606060606,0.0303030303030303,0.0303030303030303,0.0,1.1,72.0,1.1,Forward
24,185,73.0,64.7123287671233,0.205479452054795,0.0958904109589041,0.0958904109589041,0.0136986301369863,1.5,72.6,1.5,Forward
22,178,51.0,54.7450980392157,0.411764705882353,0.0392156862745098,0.117647058823529,0.0196078431372549,2.1,71.3,0.4,Forward
18,182,4.0,21.0,0.0,0.0,0.0,0.0,0.3,75.0,0.0,Forward
23,183,11.0,72.6363636363636,0.272727272727273,0.0,0.0,0.0,2.5,63.5,1.5,Forward
23,176,14.0,23.2857142857143,0.0714285714285714,0.0,0.142857142857143,0.0,0.3,61.8,1.7,Forward
20,177,2.0,23.0,0.0,0.5,0.0,0.0,0.5,80.8,0.0,Forward
22,180,136.0,48.2941176470588,0.345588235294118,0.154411764705882,0.088235294117647,0.0,1.7,76.8,1.2,Forward
26,192,39.0,79.974358974359,0.435897435897436,0.0,0.205128205128205,0.0256410256410256,2.5,71.8,3.5,Forward
29,195,283.0,51.3851590106007,0.23321554770318,0.0424028268551236,0.148409893992933,0.0,1.4,59.8,3.2,Forward
25,189,17.0,28.5882352941177,0.0588235294117647,0.0,0.0,0.0,0.6,66.4,0.5,Forward
23,196,96.0,25.8125,0.114583333333333,0.0104166666666666,0.15625,0.0104166666666666,0.6,64.9,0.7,Forward
32,197,395.0,75.5240506329114,0.374683544303797,0.126582278481013,0.141772151898734,0.0025316455696202,2.1,69.6,2.6,Forward
33,188,56.0,38.2321428571429,0.196428571428571,0.0535714285714285,0.107142857142857,0.0178571428571428,1.2,60.7,2.0,Forward
17,175,2.0,6.5,0.0,0.0,0.0,0.0,0.0,100.0,0.0,Forward
23,182,3.0,21.6666666666667,0.0,0.0,0.0,0.0,0.3,73.7,1.0,Forward
24,201,65.0,53.9230769230769,0.215384615384615,0.0769230769230769,0.169230769230769,0.0,1.4,58.7,2.1,Forward
21,176,24.0,23.3333333333333,0.125,0.0416666666666666,0.125,0.0,0.8,69.3,0.3,Forward
23,183,22.0,15.9090909090909,0.0909090909090909,0.0454545454545454,0.0454545454545454,0.0,0.4,57.0,0.5,Forward
19,176,4.0,38.0,0.0,0.0,0.0,0.0,0.5,75.6,0.0,Forward
25,184,79.0,53.9240506329114,0.215189873417722,0.0253164556962025,0.177215189873418,0.0126582278481012,1.9,73.6,1.3,Forward
23,183,7.0,3.71428571428571,0.0,0.0,0.0,0.0,0.1,85.4,0.0,Forward
27,190,143.0,66.1258741258741,0.307692307692308,0.111888111888112,0.0979020979020979,0.0,1.9,62.3,3.0,Forward
26,187,91.0,51.7252747252747,0.175824175824176,0.0109890109890109,0.175824175824176,0.0109890109890109,1.5,73.0,1.5,Forward
24,182,8.0,81.125,0.25,0.0,0.25,0.0,1.6,69.3,0.5,Forward
23,171,12.0,54.4166666666667,0.166666666666667,0.0833333333333333,0.0,0.0,0.9,86.6,0.3,Forward
24,182,60.0,46.4666666666667,0.116666666666667,0.0833333333333333,0.05,0.0,1.3,64.4,1.5,Forward
22,178,8.0,28.375,0.125,0.0,0.125,0.0,0.5,86.0,0.5,Forward
21,185,8.0,29.75,0.0,0.0,0.25,0.0,0.8,67.3,0.3,Forward
27,182,113.0,61.2566371681416,0.300884955752212,0.0353982300884955,0.265486725663717,0.0,2.3,74.7,2.0,Forward
31,191,159.0,56.6729559748428,0.270440251572327,0.0754716981132075,0.125786163522013,0.0,1.6,72.4,1.5,Forward
31,190,91.0,35.4615384615385,0.120879120879121,0.0109890109890109,0.0879120879120879,0.0,0.7,74.2,1.7,Forward
28,185,12.0,70.1666666666667,0.25,0.0,0.166666666666667,0.0,1.5,75.4,1.2,Forward
21,190,13.0,77.0,0.0769230769230769,0.0,0.230769230769231,0.0,1.4,71.8,2.3,Forward
28,194,89.0,34.0674157303371,0.0674157303370786,0.0,0.101123595505618,0.0,1.0,61.7,2.3,Forward
27,180,119.0,65.0252100840336,0.310924369747899,0.0336134453781512,0.100840336134454,0.0,2.1,65.6,1.6,Forward
20,183,69.0,44.9710144927536,0.202898550724638,0.0434782608695652,0.0579710144927536,0.0,1.3,78.8,0.5,Forward
19,182,29.0,33.2413793103448,0.172413793103448,0.103448275862069,0.0689655172413793,0.0,1.0,76.3,0.7,Forward
18,192,4.0,15.75,0.0,0.0,0.0,0.0,0.0,52.8,1.3,Forward
23,193,16.0,16.75,0.0625,0.0,0.0,0.0,0.8,49.0,0.9,Forward
32,191,360.0,67.2611111111111,0.341666666666667,0.0583333333333333,0.0277777777777777,0.0,1.8,62.3,3.3,Forward
24,190,6.0,44.1666666666667,0.166666666666667,0.166666666666667,0.0,0.166666666666667,1.7,75.0,1.8,Forward
26,184,50.0,55.12,0.34,0.0,0.08,0.02,1.7,71.0,1.2,Forward
22,172,16.0,21.6875,0.125,0.0,0.0,0.0625,0.6,86.7,0.1,Forward
22,178,145.0,61.1241379310345,0.275862068965517,0.0482758620689655,0.0551724137931034,0.0068965517241379,1.6,83.6,0.3,Forward
28,189,152.0,58.7434210526316,0.394736842105263,0.0789473684210526,0.138157894736842,0.0131578947368421,2.0,68.0,2.6,Forward
22,174,119.0,60.5378151260504,0.310924369747899,0.151260504201681,0.0252100840336134,0.0,2.1,71.2,0.8,Forward
26,187,49.0,52.3265306122449,0.142857142857143,0.0408163265306122,0.0408163265306122,0.0204081632653061,1.4,68.0,1.0,Forward
21,184,11.0,27.8181818181818,0.0,0.0,0.0909090909090909,0.0,0.6,78.3,0.5,Forward
22,186,78.0,49.5,0.141025641025641,0.0512820512820512,0.102564102564103,0.0,1.4,66.4,1.1,Forward
23,175,38.0,55.6315789473684,0.157894736842105,0.0263157894736842,0.0526315789473684,0.0,1.5,65.2,0.6,Forward
22,185,37.0,41.1081081081081,0.243243243243243,0.108108108108108,0.162162162162162,0.0,1.2,59.5,2.3,Forward
19,188,5.0,12.2,0.2,0.0,0.0,0.0,0.4,80.0,0.0,Forward
28,178,119.0,47.8235294117647,0.277310924369748,0.100840336134454,0.0756302521008403,0.0,1.4,76.7,0.6,Forward
27,184,31.0,54.1612903225807,0.0,0.0,0.064516129032258,0.032258064516129,0.9,70.9,1.6,Forward
23,185,56.0,45.6428571428571,0.196428571428571,0.0178571428571428,0.0535714285714285,0.0,1.4,80.1,0.5,Forward
18,194,5.0,9.6,0.0,0.0,0.0,0.0,0.6,90.6,0.4,Forward
29,186,21.0,25.0,0.0476190476190476,0.0,0.0476190476190476,0.0,0.6,69.1,0.1,Forward
25,180,46.0,41.6956521739131,0.0434782608695652,0.0434782608695652,0.108695652173913,0.0,0.9,59.5,0.8,Forward
19,186,3.0,39.6666666666667,0.0,0.0,0.0,0.0,0.7,53.3,1.0,Forward
19,170,9.0,19.2222222222222,0.0,0.0,0.0,0.0,0.0,70.0,0.2,Forward
23,185,115.0,45.0,0.191304347826087,0.0695652173913043,0.0869565217391304,0.008695652173913,1.1,72.4,2.0,Forward
19,191,4.0,29.0,0.0,0.0,0.0,0.0,0.8,65.0,1.3,Forward
19,182,9.0,23.1111111111111,0.111111111111111,0.111111111111111,0.111111111111111,0.0,0.4,74.6,0.3,Forward
18,186,12.0,50.75,0.0,0.0,0.0833333333333333,0.0,0.7,84.1,0.3,Forward
28,191,13.0,49.6153846153846,0.0,0.0769230769230769,0.230769230769231,0.0,1.3,56.0,2.1,Forward
24,173,31.0,36.258064516129,0.0,0.032258064516129,0.225806451612903,0.0,0.9,64.3,0.4,Forward
21,183,12.0,77.6666666666667,0.333333333333333,0.0,0.166666666666667,0.0,1.8,73.3,1.2,Forward
30,187,157.0,48.9108280254777,0.21656050955414,0.0573248407643312,0.165605095541401,0.019108280254777,1.6,63.4,1.8,Forward
20,185,14.0,6.07142857142857,0.0,0.0,0.0,0.0,0.2,70.9,0.1,Forward
26,193,82.0,32.8780487804878,0.146341463414634,0.0121951219512195,0.0121951219512195,0.0,0.9,58.3,1.6,Forward
27,183,6.0,49.6666666666667,0.0,0.0,0.0,0.0,0.8,68.4,1.3,Forward
29,190,82.0,47.9878048780488,0.073170731707317,0.048780487804878,0.109756097560976,0.0121951219512195,0.8,61.6,3.3,Forward
27,192,82.0,46.1219512195122,0.219512195121951,0.0609756097560975,0.121951219512195,0.0,1.4,72.4,1.0,Forward
24,182,10.0,75.5,0.1,0.0,0.1,0.0,2.4,82.2,0.3,Forward
30,193,248.0,66.5403225806452,0.415322580645161,0.064516129032258,0.0685483870967741,0.0040322580645161,2.3,68.9,2.5,Forward
24,194,229.0,77.8908296943231,0.890829694323144,0.157205240174673,0.0917030567685589,0.0,3.4,71.8,1.3,Forward
24,183,76.0,42.0789473684211,0.131578947368421,0.0394736842105263,0.0263157894736842,0.0,0.8,67.2,1.3,Forward
24,195,12.0,23.5,0.166666666666667,0.0,0.0,0.0,0.7,53.3,0.8,Forward
21,178,14.0,34.4285714285714,0.0714285714285714,0.0714285714285714,0.214285714285714,0.0,1.3,72.0,0.5,Forward
21,180,14.0,13.9285714285714,0.0,0.0714285714285714,0.142857142857143,0.0,0.5,82.6,0.1,Forward
23,187,4.0,1.5,0.0,0.0,0.0,0.0,0.3,85.7,0.0,Forward
16,178,9.0,15.0,0.0,0.0,0.0,0.0,0.6,70.0,0.2,Forward
24,193,14.0,20.7857142857143,0.142857142857143,0.0,0.285714285714286,0.0,0.6,72.7,0.9,Forward
19,179,1.0,13.0,0.0,0.0,0.0,0.0,0.0,90.0,0.0,Forward
24,189,57.0,50.0701754385965,0.263157894736842,0.0175438596491228,0.0701754385964912,0.0,1.3,76.3,0.8,Forward
31,188,293.0,68.6689419795222,0.351535836177474,0.0921501706484641,0.174061433447099,0.0136518771331058,2.1,74.8,2.0,Forward
21,191,21.0,23.8571428571429,0.0952380952380952,0.0476190476190476,0.0,0.0,0.9,65.6,0.7,Forward
23,178,6.0,17.5,0.0,0.0,0.166666666666667,0.0,0.2,66.7,0.2,Forward
30,186,151.0,50.7483443708609,0.324503311258278,0.0198675496688741,0.0529801324503311,0.0,1.5,65.4,1.9,Forward
24,167,73.0,37.3424657534247,0.0410958904109589,0.0684931506849315,0.0547945205479452,0.0,0.6,76.5,0.0,Midfielder
31,183,298.0,67.4295302013423,0.140939597315436,0.174496644295302,0.197986577181208,0.0100671140939597,1.6,81.6,0.6,Midfielder
22,174,9.0,50.2222222222222,0.0,0.0,0.111111111111111,0.0,0.9,70.9,0.1,Midfielder
26,180,3.0,21.3333333333333,0.0,0.0,0.333333333333333,0.0,0.3,78.8,0.3,Midfielder
27,184,226.0,65.4203539823009,0.0884955752212389,0.0309734513274336,0.15929203539823,0.0088495575221238,1.0,74.2,0.8,Midfielder
19,173,9.0,31.1111111111111,0.0,0.0,0.0,0.0,0.2,79.6,0.2,Midfielder
23,175,206.0,74.0679611650485,0.184466019417476,0.189320388349515,0.174757281553398,0.0048543689320388,2.0,84.5,0.3,Midfielder
25,185,213.0,74.8075117370892,0.0516431924882629,0.0798122065727699,0.112676056338028,0.0187793427230046,1.1,82.3,0.5,Midfielder
23,172,35.0,64.5142857142857,0.0285714285714285,0.0571428571428571,0.0571428571428571,0.0,0.7,86.4,0.6,Midfielder
19,178,39.0,57.6923076923077,0.0,0.0,0.17948717948718,0.0256410256410256,0.3,85.7,0.8,Midfielder
28,171,90.0,43.2,0.0666666666666666,0.0555555555555555,0.0777777777777777,0.0,0.6,75.3,0.3,Midfielder
20,182,3.0,31.3333333333333,0.0,0.0,0.666666666666667,0.0,0.0,94.1,0.0,Midfielder
23,170,61.0,72.4098360655738,0.147540983606557,0.19672131147541,0.0327868852459016,0.0,1.7,83.4,0.2,Midfielder
20,180,29.0,44.8620689655172,0.0,0.0344827586206896,0.137931034482759,0.0,0.4,87.9,0.1,Midfielder
27,180,92.0,66.1521739130435,0.0543478260869565,0.0652173913043478,0.0760869565217391,0.0108695652173913,1.0,81.5,0.4,Midfielder
25,164,36.0,58.2777777777778,0.194444444444444,0.0277777777777777,0.0555555555555555,0.0,1.7,71.1,0.7,Midfielder
25,175,135.0,62.5851851851852,0.0814814814814814,0.0666666666666666,0.22962962962963,0.0148148148148148,0.8,84.4,0.5,Midfielder
21,170,13.0,53.6923076923077,0.0,0.0,0.153846153846154,0.0,0.5,77.6,0.2,Midfielder
26,181,78.0,60.6538461538462,0.0128205128205128,0.0,0.294871794871795,0.0,0.8,76.6,1.4,Midfielder
24,179,32.0,29.96875,0.09375,0.0625,0.0,0.0,0.7,77.8,0.4,Midfielder
25,178,93.0,67.5698924731183,0.010752688172043,0.0,0.161290322580645,0.0,0.6,81.0,0.7,Midfielder
25,169,53.0,51.2641509433962,0.113207547169811,0.264150943396226,0.150943396226415,0.0,1.3,74.0,0.2,Midfielder
19,182,2.0,4.5,0.0,0.0,0.0,0.0,1.5,80.0,0.0,Midfielder
24,175,137.0,35.6058394160584,0.131386861313869,0.0875912408759124,0.0437956204379562,0.0,1.0,88.1,0.1,Midfielder
27,182,195.0,68.1076923076923,0.102564102564103,0.0769230769230769,0.133333333333333,0.0102564102564102,1.0,74.7,0.8,Midfielder
30,175,189.0,72.1746031746032,0.0476190476190476,0.0317460317460317,0.111111111111111,0.0,0.8,75.0,0.7,Midfielder
20,166,12.0,26.6666666666667,0.0,0.0,0.0,0.0,0.2,79.7,0.4,Midfielder
24,177,11.0,60.7272727272727,0.0,0.0,0.181818181818182,0.0,0.3,87.4,0.4,Midfielder
29,176,336.0,63.9107142857143,0.148809523809524,0.133928571428571,0.172619047619048,0.0208333333333333,1.2,80.7,0.6,Midfielder
26,183,55.0,64.0727272727273,0.181818181818182,0.145454545454545,0.0909090909090909,0.0,1.5,81.7,0.5,Midfielder
23,173,70.0,52.5428571428571,0.128571428571429,0.114285714285714,0.0857142857142857,0.0,1.2,80.6,0.2,Midfielder
23,183,47.0,28.1914893617021,0.0638297872340425,0.0212765957446808,0.0851063829787234,0.0,0.6,67.4,0.2,Midfielder
25,184,77.0,58.4025974025974,0.181818181818182,0.0779220779220779,0.0389610389610389,0.0,1.5,83.6,0.3,Midfielder
19,183,10.0,35.6,0.1,0.0,0.1,0.0,0.9,91.9,0.3,Midfielder
19,176,69.0,40.6231884057971,0.231884057971015,0.144927536231884,0.0869565217391304,0.0,1.5,88.1,0.3,Midfielder
27,183,224.0,69.9642857142857,0.0580357142857142,0.0625,0.191964285714286,0.0133928571428571,1.2,83.3,1.1,Midfielder
23,177,77.0,70.8311688311688,0.0649350649350649,0.0649350649350649,0.116883116883117,0.0,1.2,76.2,0.8,Midfielder
26,185,163.0,69.0122699386503,0.122699386503067,0.0736196319018405,0.171779141104294,0.0,1.4,79.8,1.0,Midfielder
22,177,78.0,69.5641025641026,0.0769230769230769,0.0897435897435897,0.128205128205128,0.0,0.8,81.7,0.5,Midfielder
19,182,1.0,9.0,0.0,0.0,0.0,0.0,0.0,100.0,0.0,Midfielder
33,183,376.0,70.4281914893617,0.0239361702127659,0.0132978723404255,0.24468085106383,0.0026595744680851,0.6,84.7,1.5,Midfielder
21,173,43.0,26.3255813953488,0.0930232558139534,0.0697674418604651,0.0465116279069767,0.0,0.4,85.5,0.0,Midfielder
20,184,8.0,30.25,0.0,0.0,0.25,0.0,0.6,90.1,0.0,Midfielder
24,178,18.0,34.4444444444444,0.0,0.111111111111111,0.0,0.0,0.9,76.6,0.1,Midfielder
21,177,53.0,62.1320754716981,0.0377358490566037,0.0188679245283018,0.30188679245283,0.0,0.4,89.7,0.3,Midfielder
21,176,57.0,54.8947368421053,0.0175438596491228,0.0350877192982456,0.157894736842105,0.0175438596491228,0.5,87.9,0.3,Midfielder
21,180,15.0,54.0666666666667,0.0,0.133333333333333,0.2,0.0,0.1,91.5,0.0,Midfielder
28,171,306.0,56.9509803921569,0.0915032679738562,0.147058823529412,0.0718954248366013,0.0,1.0,83.9,0.3,Midfielder
24,175,113.0,62.3097345132743,0.15929203539823,0.185840707964602,0.0530973451327433,0.0,0.9,82.4,0.3,Midfielder
33,174,232.0,56.5043103448276,0.0129310344827586,0.0387931034482758,0.125,0.0043103448275862,0.6,86.5,0.7,Midfielder
30,175,123.0,78.390243902439,0.040650406504065,0.08130081300813,0.130081300813008,0.008130081300813,0.6,83.0,0.9,Midfielder
26,180,99.0,70.8383838383838,0.101010101010101,0.0505050505050505,0.101010101010101,0.0,0.9,86.8,0.9,Midfielder
26,190,201.0,72.4825870646766,0.0845771144278607,0.0248756218905472,0.154228855721393,0.0099502487562189,1.1,79.1,2.0,Midfielder
28,172,25.0,53.04,0.04,0.12,0.08,0.04,1.3,68.9,0.1,Midfielder
34,186,351.0,66.4786324786325,0.105413105413105,0.133903133903134,0.0797720797720797,0.0,1.4,76.0,0.8,Midfielder
29,180,103.0,72.7184466019418,0.087378640776699,0.16504854368932,0.271844660194175,0.0194174757281553,1.5,77.4,0.8,Midfielder
25,180,114.0,46.0526315789474,0.0614035087719298,0.0701754385964912,0.087719298245614,0.0087719298245614,1.1,85.0,0.2,Midfielder
24,188,134.0,54.0149253731343,0.134328358208955,0.0746268656716417,0.0820895522388059,0.0074626865671641,1.2,80.3,0.6,Midfielder
34,180,240.0,81.9375,0.154166666666667,0.0958333333333333,0.2,0.0166666666666666,1.6,84.3,0.6,Midfielder
29,174,4.0,9.0,0.0,0.25,0.0,0.0,0.3,75.0,0.0,Midfielder
29,177,71.0,76.5492957746479,0.028169014084507,0.0704225352112676,0.197183098591549,0.0,0.6,80.8,0.5,Midfielder
23,175,89.0,51.7977528089888,0.123595505617978,0.0786516853932584,0.157303370786517,0.0,1.1,77.7,0.3,Midfielder
24,183,43.0,36.1162790697674,0.0465116279069767,0.0930232558139534,0.0697674418604651,0.0,0.6,81.5,0.3,Midfielder
26,172,37.0,27.7567567567568,0.027027027027027,0.027027027027027,0.027027027027027,0.0,0.8,77.1,0.3,Midfielder
31,186,49.0,83.3877551020408,0.0204081632653061,0.0,0.163265306122449,0.0,0.6,84.0,2.5,Midfielder
24,188,56.0,70.8571428571429,0.0535714285714285,0.0535714285714285,0.160714285714286,0.0178571428571428,0.7,89.3,1.2,Midfielder
24,180,13.0,49.6923076923077,0.0,0.0769230769230769,0.0769230769230769,0.0,0.8,78.9,0.6,Midfielder
20,187,50.0,65.26,0.1,0.02,0.06,0.0,0.4,86.2,0.4,Midfielder
35,185,142.0,79.8943661971831,0.316901408450704,0.232394366197183,0.0915492957746478,0.0070422535211267,2.7,78.9,1.0,Midfielder
24,187,31.0,30.9354838709677,0.0,0.064516129032258,0.064516129032258,0.032258064516129,0.2,85.7,0.6,Midfielder
25,179,63.0,65.8730158730159,0.142857142857143,0.126984126984127,0.111111111111111,0.0,1.4,73.6,1.3,Midfielder
25,179,171.0,56.6608187134503,0.134502923976608,0.0643274853801169,0.0467836257309941,0.0,1.1,83.5,0.4,Midfielder
31,179,189.0,70.8677248677249,0.0582010582010582,0.158730158730159,0.195767195767196,0.0158730158730158,0.8,84.1,0.9,Midfielder
27,175,7.0,63.4285714285714,0.0,0.0,0.0,0.0,1.0,78.7,0.1,Midfielder
27,173,30.0,49.3,0.166666666666667,0.2,0.1,0.0,1.3,71.9,0.9,Midfielder
21,177,57.0,56.1228070175439,0.105263157894737,0.228070175438596,0.157894736842105,0.0,0.9,78.1,0.2,Midfielder
24,172,173.0,63.3468208092486,0.0809248554913294,0.0693641618497109,0.0635838150289017,0.0,1.2,91.2,0.2,Midfielder
26,182,130.0,58.1846153846154,0.123076923076923,0.1,0.0846153846153846,0.0,1.5,82.0,0.8,Midfielder
21,187,46.0,50.6304347826087,0.0434782608695652,0.0217391304347826,0.0869565217391304,0.0,1.0,80.6,0.4,Midfielder
23,176,96.0,62.1041666666667,0.03125,0.0625,0.208333333333333,0.0,0.9,80.6,0.5,Midfielder
24,190,4.0,10.5,0.0,0.0,0.25,0.0,0.5,100.0,0.0,Midfielder
31,175,222.0,64.1531531531532,0.0990990990990991,0.108108108108108,0.108108108108108,0.009009009009009,1.3,82.3,0.3,Midfielder
22,173,82.0,54.7804878048781,0.25609756097561,0.0853658536585365,0.0975609756097561,0.0,1.5,84.6,0.4,Midfielder
23,185,14.0,24.2857142857143,0.285714285714286,0.142857142857143,0.0714285714285714,0.0,0.6,77.9,0.1,Midfielder
20,195,5.0,16.8,0.0,0.0,0.2,0.0,0.4,70.6,0.6,Midfielder
27,175,291.0,75.1580756013746,0.0137457044673539,0.0618556701030927,0.178694158075601,0.0034364261168384,0.6,80.7,0.6,Midfielder
24,187,42.0,48.8333333333333,0.0476190476190476,0.0714285714285714,0.166666666666667,0.0,0.5,76.1,1.8,Midfielder
23,190,26.0,67.4615384615385,0.0769230769230769,0.0,0.230769230769231,0.0,1.2,75.3,2.6,Midfielder
26,180,45.0,61.3333333333333,0.111111111111111,0.111111111111111,0.111111111111111,0.0,1.1,73.3,0.6,Midfielder
32,173,371.0,66.3423180592992,0.0404312668463611,0.0673854447439353,0.191374663072776,0.0107816711590296,0.6,85.5,0.5,Midfielder
20,185,6.0,26.8333333333333,0.0,0.0,0.0,0.0,0.3,73.7,0.5,Midfielder
30,186,108.0,41.9907407407407,0.037037037037037,0.0185185185185185,0.203703703703704,0.0,0.6,83.4,1.3,Midfielder
24,175,131.0,56.4274809160305,0.137404580152672,0.0916030534351145,0.106870229007634,0.0076335877862595,1.1,79.4,0.4,Midfielder
20,177,13.0,41.3076923076923,0.0769230769230769,0.0769230769230769,0.0,0.0,0.8,76.5,0.2,Midfielder
26,180,98.0,68.6836734693878,0.0714285714285714,0.0918367346938775,0.102040816326531,0.0204081632653061,0.5,86.1,0.7,Midfielder
27,180,174.0,69.9770114942529,0.0747126436781609,0.0517241379310344,0.120689655172414,0.0057471264367816,0.9,81.5,0.6,Midfielder
27,178,126.0,67.4206349206349,0.19047619047619,0.150793650793651,0.0952380952380952,0.0,1.3,80.5,0.6,Midfielder
20,177,19.0,44.421052631579,0.0526315789473684,0.0,0.157894736842105,0.0526315789473684,0.4,81.2,0.5,Midfielder
24,177,50.0,36.36,0.04,0.02,0.0,0.0,0.5,81.2,0.3,Midfielder
30,173,281.0,59.2597864768683,0.181494661921708,0.124555160142349,0.0676156583629893,0.0035587188612099,1.7,81.0,0.1,Midfielder
23,183,23.0,61.0434782608696,0.0,0.0869565217391304,0.173913043478261,0.0,0.1,87.0,0.8,Midfielder
25,181,100.0,60.98,0.17,0.14,0.07,0.02,1.9,82.8,0.1,Midfielder
22,186,2.0,18.0,0.5,0.0,0.0,0.0,1.0,100.0,0.0,Midfielder
21,174,54.0,35.4444444444444,0.12962962962963,0.0555555555555555,0.0555555555555555,0.0185185185185185,1.1,78.2,0.2,Midfielder
25,180,62.0,46.1290322580645,0.032258064516129,0.0,0.17741935483871,0.0161290322580645,0.4,84.8,0.2,Midfielder
28,188,64.0,47.578125,0.046875,0.03125,0.078125,0.0,0.8,71.2,0.9,Midfielder
22,188,102.0,60.7450980392157,0.0784313725490196,0.0784313725490196,0.147058823529412,0.0098039215686274,0.9,86.1,0.3,Midfielder
22,185,38.0,45.8684210526316,0.105263157894737,0.0,0.105263157894737,0.0,1.4,75.8,0.6,Midfielder
26,191,217.0,79.3410138248848,0.064516129032258,0.064516129032258,0.23963133640553,0.0092165898617511,1.0,81.8,1.5,Midfielder
25,184,57.0,57.6666666666667,0.105263157894737,0.0350877192982456,0.280701754385965,0.0,0.7,78.7,1.5,Midfielder
28,191,248.0,56.866935483871,0.0967741935483871,0.0685483870967741,0.0766129032258064,0.0,1.0,86.7,1.1,Midfielder
32,176,609.0,77.7208538587849,0.0738916256157635,0.164203612479475,0.160919540229885,0.0032840722495894,0.8,85.2,0.5,Midfielder
34,184,294.0,62.608843537415,0.0578231292517006,0.0442176870748299,0.19047619047619,0.0,0.6,86.8,1.0,Midfielder
24,186,33.0,43.5151515151515,0.0303030303030303,0.0,0.121212121212121,0.0,0.6,89.3,0.9,Midfielder
24,184,174.0,56.6954022988506,0.137931034482759,0.0632183908045977,0.114942528735632,0.0,1.4,80.6,0.3,Midfielder
32,183,100.0,77.47,0.02,0.02,0.14,0.0,0.6,78.8,1.4,Midfielder
26,176,20.0,42.95,0.0,0.0,0.0,0.0,0.6,78.6,0.5,Midfielder
19,183,1.0,62.0,0.0,0.0,1.0,0.0,1.0,82.4,3.0,Midfielder
22,179,67.0,56.7164179104478,0.0597014925373134,0.0746268656716417,0.0298507462686567,0.0,1.0,77.8,0.3,Midfielder
24,180,58.0,56.0172413793103,0.258620689655172,0.0517241379310344,0.0689655172413793,0.0172413793103448,1.6,74.1,0.3,Midfielder
23,186,72.0,39.2361111111111,0.0972222222222222,0.0555555555555555,0.0972222222222222,0.0,0.9,76.7,0.4,Midfielder
25,184,39.0,45.7692307692308,0.0256410256410256,0.0256410256410256,0.205128205128205,0.0,0.3,83.0,0.5,Midfielder
18,180,3.0,29.0,0.333333333333333,0.333333333333333,0.0,0.0,1.3,90.6,0.0,Midfielder
27,169,9.0,25.4444444444444,0.111111111111111,0.0,0.0,0.0,0.6,84.7,0.2,Midfielder
38,177,343.0,73.7813411078717,0.166180758017493,0.12536443148688,0.102040816326531,0.0029154518950437,1.3,85.4,1.0,Midfielder
31,184,350.0,78.2914285714286,0.131428571428571,0.102857142857143,0.194285714285714,0.0028571428571428,1.2,82.4,1.0,Midfielder
30,186,58.0,57.6206896551724,0.0862068965517241,0.0,0.120689655172414,0.0172413793103448,0.9,80.8,1.3,Midfielder
22,183,30.0,43.6666666666667,0.0,0.0666666666666666,0.3,0.0,0.2,76.6,0.8,Midfielder
22,175,41.0,54.609756097561,0.024390243902439,0.0975609756097561,0.146341463414634,0.0,0.5,79.6,0.1,Midfielder
26,181,70.0,33.8142857142857,0.0428571428571428,0.0857142857142857,0.114285714285714,0.0,0.5,83.2,0.2,Midfielder
20,175,1.0,4.0,0.0,0.0,0.0,0.0,0.0,80.0,0.0,Midfielder
23,172,98.0,52.9387755102041,0.23469387755102,0.163265306122449,0.0306122448979591,0.0,1.7,80.3,0.2,Midfielder
31,178,396.0,75.6212121212121,0.0858585858585858,0.101010101010101,0.159090909090909,0.0075757575757575,1.1,75.0,1.0,Midfielder
25,185,27.0,51.8148148148148,0.074074074074074,0.0,0.074074074074074,0.0,0.9,74.3,1.1,Midfielder
23,180,9.0,18.5555555555556,0.111111111111111,0.0,0.0,0.0,0.3,85.1,0.1,Midfielder
32,177,196.0,58.0612244897959,0.112244897959184,0.158163265306122,0.0663265306122449,0.0,1.3,75.0,0.4,Midfielder
22,180,45.0,62.1777777777778,0.0,0.0888888888888888,0.222222222222222,0.0444444444444444,0.2,87.9,0.7,Midfielder
21,185,36.0,62.8333333333333,0.0277777777777777,0.0833333333333333,0.222222222222222,0.0,0.5,83.9,0.6,Midfielder
26,175,62.0,67.6290322580645,0.112903225806452,0.129032258064516,0.17741935483871,0.0,1.2,79.9,0.5,Midfielder
28,189,162.0,74.7037037037037,0.0802469135802469,0.0493827160493827,0.222222222222222,0.0123456790123456,0.8,85.0,1.4,Midfielder
22,185,47.0,40.468085106383,0.106382978723404,0.0425531914893617,0.0425531914893617,0.0,0.8,81.6,0.7,Midfielder
27,173,172.0,53.5058139534884,0.145348837209302,0.13953488372093,0.11046511627907,0.005813953488372,1.2,77.7,0.2,Midfielder
24,186,1.0,5.0,0.0,0.0,0.0,0.0,0.0,100.0,0.0,Midfielder
24,183,190.0,77.1,0.0526315789473684,0.0894736842105263,0.0526315789473684,0.0052631578947368,0.8,81.5,0.9,Midfielder
21,175,3.0,50.3333333333333,0.0,0.0,0.0,0.0,0.0,85.0,0.0,Midfielder
28,185,140.0,62.9357142857143,0.0071428571428571,0.0357142857142857,0.164285714285714,0.0142857142857142,0.5,79.1,1.4,Midfielder
27,178,14.0,73.2857142857143,0.0,0.0714285714285714,0.285714285714286,0.0,2.2,78.1,0.6,Midfielder
26,182,45.0,74.7555555555556,0.0888888888888888,0.155555555555556,0.111111111111111,0.0,1.1,81.3,0.2,Midfielder
27,181,258.0,56.4418604651163,0.0581395348837209,0.104651162790698,0.10077519379845,0.0,0.7,87.4,0.4,Midfielder
25,176,3.0,6.66666666666667,0.0,0.0,0.0,0.0,1.3,80.0,0.0,Midfielder
21,179,1.0,1.0,0.0,0.0,0.0,0.0,1.0,100.0,0.0,Midfielder
26,178,129.0,71.1937984496124,0.209302325581395,0.217054263565891,0.0232558139534883,0.0,1.3,79.3,0.5,Midfielder
24,184,88.0,48.2045454545455,0.0568181818181818,0.0568181818181818,0.0795454545454545,0.0,1.1,79.8,0.2,Midfielder
31,175,221.0,68.2307692307692,0.108597285067873,0.16289592760181,0.199095022624434,0.0,1.4,75.3,0.3,Midfielder
30,186,164.0,63.469512195122,0.0853658536585365,0.0365853658536585,0.158536585365854,0.0121951219512195,1.0,82.8,1.1,Midfielder
20,169,27.0,40.7407407407407,0.148148148148148,0.0,0.037037037037037,0.0,0.9,85.4,0.3,Midfielder
25,186,51.0,56.2549019607843,0.0784313725490196,0.0588235294117647,0.0784313725490196,0.0,0.5,86.0,0.7,Midfielder
30,180,280.0,55.4964285714286,0.0392857142857142,0.0571428571428571,0.235714285714286,0.0142857142857142,0.7,86.4,0.2,Midfielder
20,175,40.0,44.975,0.025,0.075,0.175,0.0,0.7,82.8,0.1,Midfielder
21,164,8.0,38.875,0.0,0.0,0.0,0.0,0.8,83.2,0.1,Midfielder
31,178,1.0,19.0,0.0,0.0,0.0,0.0,0.0,44.4,0.0,Midfielder
21,175,78.0,55.6666666666667,0.102564102564103,0.0897435897435897,0.0897435897435897,0.0128205128205128,1.1,73.5,0.3,Midfielder
27,193,99.0,66.7272727272727,0.0707070707070707,0.0101010101010101,0.292929292929293,0.0101010101010101,0.9,75.4,2.4,Midfielder
25,183,192.0,71.7708333333333,0.0729166666666666,0.03125,0.192708333333333,0.0,1.2,83.7,0.9,Midfielder
20,171,7.0,29.4285714285714,0.0,0.142857142857143,0.142857142857143,0.0,0.9,87.2,0.1,Midfielder
20,172,5.0,38.4,0.2,0.0,0.2,0.0,1.0,84.1,1.0,Midfielder
26,183,12.0,48.25,0.166666666666667,0.25,0.0,0.0,1.1,84.2,0.3,Midfielder
20,186,8.0,43.875,0.0,0.0,0.0,0.0,0.4,79.0,0.4,Midfielder
26,183,132.0,62.4469696969697,0.0454545454545454,0.0833333333333333,0.0757575757575757,0.0151515151515151,0.9,80.5,1.0,Midfielder
20,175,53.0,73.1320754716981,0.0754716981132075,0.0566037735849056,0.169811320754717,0.0188679245283018,0.9,81.7,0.8,Midfielder
30,180,38.0,67.7105263157895,0.0789473684210526,0.0789473684210526,0.184210526315789,0.0,2.4,75.8,0.2,Midfielder
27,181,163.0,49.5521472392638,0.147239263803681,0.202453987730061,0.128834355828221,0.0061349693251533,1.4,78.3,0.5,Midfielder
22,183,13.0,12.0,0.153846153846154,0.0,0.0,0.0,0.3,80.8,0.0,Midfielder
19,180,70.0,75.5285714285714,0.0428571428571428,0.1,0.142857142857143,0.0,0.5,85.4,0.4,Midfielder
33,181,149.0,69.1677852348993,0.0268456375838926,0.0536912751677852,0.315436241610738,0.0201342281879194,0.8,80.8,0.6,Midfielder
23,176,10.0,88.4,0.0,0.0,0.0,0.0,0.4,78.8,2.2,Midfielder
20,186,28.0,43.3214285714286,0.178571428571429,0.0,0.178571428571429,0.0,1.4,68.9,0.4,Midfielder
21,180,43.0,50.3255813953488,0.13953488372093,0.0930232558139534,0.116279069767442,0.0,0.7,68.3,0.4,Midfielder
36,194,426.0,74.3380281690141,0.028169014084507,0.0657276995305164,0.178403755868545,0.0070422535211267,0.5,86.7,1.4,Midfielder
34,175,341.0,82.5630498533724,0.0439882697947214,0.0997067448680351,0.178885630498534,0.0,0.6,80.6,0.4,Midfielder
23,176,112.0,52.6428571428571,0.0892857142857142,0.0535714285714285,0.116071428571429,0.0,1.3,74.6,0.8,Midfielder
18,168,5.0,5.2,0.0,0.2,0.0,0.0,0.0,95.0,0.0,Midfielder
18,187,12.0,29.0,0.0,0.0833333333333333,0.0,0.0,0.4,86.0,0.2,Midfielder
31,187,106.0,47.0566037735849,0.0849056603773584,0.0188679245283018,0.264150943396226,0.0,0.7,76.1,1.4,Midfielder
23,182,33.0,27.7878787878788,0.0,0.0909090909090909,0.0,0.0,0.2,81.2,0.3,Midfielder
33,173,185.0,61.2,0.151351351351351,0.135135135135135,0.140540540540541,0.0108108108108108,1.6,80.5,0.2,Midfielder
19,157,9.0,22.3333333333333,0.0,0.0,0.0,0.0,0.7,78.4,0.1,Midfielder
21,179,41.0,77.6829268292683,0.024390243902439,0.024390243902439,0.268292682926829,0.0,1.0,74.1,1.5,Midfielder
29,174,46.0,75.9130434782609,0.0652173913043478,0.0,0.152173913043478,0.0,1.0,85.2,0.5,Midfielder
21,170,26.0,77.0769230769231,0.192307692307692,0.0384615384615384,0.0769230769230769,0.0,1.7,80.3,0.5,Midfielder
24,175,104.0,66.3846153846154,0.0288461538461538,0.0192307692307692,0.0192307692307692,0.0096153846153846,0.5,82.4,0.6,Midfielder
20,180,14.0,44.3571428571429,0.0714285714285714,0.0714285714285714,0.285714285714286,0.0,1.0,73.6,0.3,Midfielder
23,184,4.0,10.5,0.0,0.0,0.0,0.0,0.0,85.3,0.5,Midfielder
24,175,25.0,40.04,0.08,0.04,0.04,0.0,0.7,79.5,0.5,Midfielder
22,187,92.0,61.4565217391304,0.271739130434783,0.195652173913044,0.0978260869565217,0.0,1.5,81.1,0.8,Midfielder
23,177,131.0,63.9007633587786,0.145038167938931,0.137404580152672,0.122137404580153,0.015267175572519,1.3,72.7,0.6,Midfielder
20,185,20.0,48.25,0.15,0.0,0.1,0.0,1.5,80.3,0.3,Midfielder
21,173,62.0,46.8709677419355,0.241935483870968,0.0967741935483871,0.129032258064516,0.0,1.4,75.4,0.4,Midfielder
21,180,48.0,52.2916666666667,0.0416666666666666,0.104166666666667,0.145833333333333,0.0,0.8,75.9,1.0,Midfielder
29,172,107.0,59.607476635514,0.0560747663551401,0.0560747663551401,0.0560747663551401,0.0,1.2,81.9,0.5,Midfielder
23,176,121.0,66.4297520661157,0.0330578512396694,0.024793388429752,0.31404958677686,0.0,0.6,85.0,0.5,Midfielder
26,179,216.0,67.3101851851852,0.0694444444444444,0.0648148148148148,0.222222222222222,0.0046296296296296,1.0,84.0,1.1,Midfielder
21,175,34.0,30.7941176470588,0.0588235294117647,0.0294117647058823,0.117647058823529,0.0,0.6,82.2,0.1,Midfielder
22,173,1.0,12.0,0.0,0.0,1.0,0.0,0.0,50.0,1.0,Midfielder
21,171,37.0,60.1621621621622,0.135135135135135,0.0,0.054054054054054,0.054054054054054,1.1,90.3,0.2,Midfielder
27,166,122.0,34.7622950819672,0.0573770491803278,0.0737704918032786,0.0491803278688524,0.0,0.9,81.2,0.0,Midfielder
28,181,68.0,58.4705882352941,0.0294117647058823,0.102941176470588,0.191176470588235,0.0147058823529411,1.0,75.9,0.7,Midfielder
24,176,131.0,55.3282442748092,0.0610687022900763,0.122137404580153,0.137404580152672,0.0076335877862595,0.8,80.9,0.2,Midfielder
23,184,66.0,55.2424242424242,0.0757575757575757,0.0909090909090909,0.136363636363636,0.0,0.8,83.7,0.3,Midfielder
27,177,20.0,41.45,0.0,0.05,0.0,0.0,0.6,79.5,0.7,Midfielder
26,177,78.0,51.8076923076923,0.166666666666667,0.0641025641025641,0.115384615384615,0.0128205128205128,1.1,83.1,0.3,Midfielder
30,171,45.0,58.6888888888889,0.0666666666666666,0.0444444444444444,0.133333333333333,0.0,1.0,74.6,0.5,Midfielder
24,180,51.0,42.5490196078431,0.117647058823529,0.0392156862745098,0.0196078431372549,0.0196078431372549,1.0,75.4,0.9,Midfielder
24,161,43.0,75.1395348837209,0.0930232558139534,0.13953488372093,0.186046511627907,0.0,1.3,86.3,0.1,Midfielder
25,186,43.0,54.7209302325581,0.0,0.0,0.0,0.0,0.4,75.5,1.0,Midfielder
28,166,303.0,71.2475247524752,0.0462046204620462,0.0396039603960396,0.181518151815182,0.0066006600660066,0.7,87.8,0.6,Midfielder
24,179,19.0,15.4736842105263,0.0,0.0,0.0526315789473684,0.0,0.2,88.7,0.2,Midfielder
21,180,36.0,42.6111111111111,0.0,0.0555555555555555,0.0833333333333333,0.0,0.7,78.8,0.5,Midfielder
26,172,63.0,62.8571428571429,0.0634920634920634,0.0317460317460317,0.206349206349206,0.0,0.5,72.9,1.0,Midfielder
29,172,272.0,58.2647058823529,0.198529411764706,0.172794117647059,0.0477941176470588,0.0036764705882352,2.1,79.4,0.2,Midfielder
27,180,70.0,40.8571428571429,0.0571428571428571,0.0714285714285714,0.142857142857143,0.0,0.8,79.7,0.3,Midfielder
21,185,5.0,85.2,0.0,0.0,0.0,0.0,0.2,85.4,0.6,Midfielder
27,173,12.0,82.4166666666667,0.25,0.25,0.0833333333333333,0.0,2.0,69.8,0.8,Midfielder
20,180,95.0,55.9263157894737,0.210526315789474,0.126315789473684,0.105263157894737,0.0,2.2,81.9,0.1,Midfielder
28,174,216.0,53.1574074074074,0.037037037037037,0.0972222222222222,0.0879629629629629,0.0046296296296296,1.0,87.8,0.1,Midfielder
26,173,194.0,79.4278350515464,0.391752577319588,0.257731958762887,0.15979381443299,0.0103092783505154,2.7,78.1,0.3,Midfielder
24,183,38.0,51.1315789473684,0.0789473684210526,0.157894736842105,0.157894736842105,0.0263157894736842,1.1,77.3,0.3,Midfielder
29,170,211.0,50.8530805687204,0.0473933649289099,0.0379146919431279,0.18957345971564,0.0,0.8,83.5,0.4,Midfielder
22,179,2.0,50.5,0.0,0.5,0.0,0.5,1.5,80.0,0.0,Midfielder
27,173,70.0,66.3857142857143,0.0571428571428571,0.0857142857142857,0.185714285714286,0.0,0.8,85.8,0.6,Midfielder
36,182,144.0,64.3125,0.0347222222222222,0.0486111111111111,0.194444444444444,0.0,0.6,74.3,0.8,Midfielder
23,179,59.0,61.3389830508475,0.0169491525423728,0.0677966101694915,0.0677966101694915,0.0,0.3,82.4,0.4,Midfielder
25,181,194.0,75.9484536082474,0.0515463917525773,0.0360824742268041,0.195876288659794,0.0,0.5,86.5,1.7,Midfielder
27,183,135.0,56.7703703703704,0.0148148148148148,0.0592592592592592,0.155555555555556,0.0,0.6,86.5,0.4,Midfielder
18,181,2.0,6.0,0.0,0.0,0.0,0.0,0.0,50.0,0.5,Midfielder
24,179,61.0,51.6229508196721,0.131147540983607,0.0983606557377049,0.295081967213115,0.0163934426229508,1.3,71.6,0.5,Midfielder
20,175,67.0,41.2835820895522,0.149253731343284,0.104477611940299,0.0597014925373134,0.0,1.5,77.8,0.3,Midfielder
25,175,34.0,49.1470588235294,0.117647058823529,0.0294117647058823,0.0294117647058823,0.0,1.1,70.2,0.4,Midfielder
23,182,84.0,59.3452380952381,0.0833333333333333,0.107142857142857,0.202380952380952,0.0,0.8,75.3,0.5,Midfielder
31,183,88.0,73.5113636363636,0.125,0.181818181818182,0.0681818181818181,0.0,1.4,73.1,1.9,Midfielder
30,177,487.0,62.0862422997947,0.0431211498973305,0.0698151950718685,0.143737166324435,0.0041067761806981,0.7,90.5,0.2,Midfielder
23,172,98.0,52.7040816326531,0.0714285714285714,0.0816326530612244,0.122448979591837,0.0,1.0,79.8,0.2,Midfielder
22,174,52.0,45.2307692307692,0.0961538461538461,0.0769230769230769,0.115384615384615,0.0,0.9,77.3,0.3,Midfielder
24,174,100.0,55.55,0.03,0.09,0.14,0.0,0.4,83.1,0.2,Midfielder
26,174,6.0,80.8333333333333,0.0,0.0,0.166666666666667,0.166666666666667,0.5,89.1,0.2,Midfielder
30,179,101.0,65.8712871287129,0.0198019801980198,0.0495049504950495,0.247524752475248,0.0198019801980198,0.7,76.1,1.2,Midfielder
26,181,7.0,78.2857142857143,0.0,0.0,0.142857142857143,0.0,0.3,91.2,0.7,Midfielder
17,173,2.0,2.0,0.0,0.0,0.0,0.0,0.0,0.0,0.0,Midfielder
31,168,196.0,55.219387755102,0.122448979591837,0.13265306122449,0.0765306122448979,0.0,1.3,81.9,0.1,Midfielder
28,175,124.0,70.8709677419355,0.0241935483870967,0.0564516129032258,0.185483870967742,0.0,0.5,82.6,1.2,Midfielder
23,179,121.0,77.6776859504132,0.132231404958678,0.132231404958678,0.165289256198347,0.0,1.4,81.9,0.5,Midfielder
21,183,96.0,53.21875,0.0416666666666666,0.104166666666667,0.0520833333333333,0.0,0.6,81.1,0.2,Midfielder
35,186,366.0,76.1420765027322,0.0382513661202185,0.0683060109289617,0.193989071038251,0.0081967213114754,0.8,83.2,0.8,Midfielder
26,182,17.0,55.8235294117647,0.117647058823529,0.0588235294117647,0.117647058823529,0.0,1.4,78.3,0.3,Midfielder
21,190,1.0,28.0,0.0,0.0,0.0,0.0,0.0,40.0,0.0,Midfielder
30,177,135.0,75.1703703703704,0.0148148148148148,0.0,0.118518518518519,0.0074074074074074,0.2,86.0,0.6,Midfielder
39,172,648.0,74.2453703703704,0.0910493827160493,0.143518518518519,0.134259259259259,0.0015432098765432,1.1,89.2,0.4,Midfielder
30,173,181.0,61.2044198895028,0.116022099447514,0.0883977900552486,0.0939226519337016,0.005524861878453,1.3,72.9,0.6,Midfielder
23,188,24.0,50.5416666666667,0.0416666666666666,0.0416666666666666,0.125,0.0,0.7,89.9,0.3,Midfielder
27,175,51.0,58.2156862745098,0.0196078431372549,0.156862745098039,0.235294117647059,0.0,0.4,83.0,0.4,Midfielder
21,179,2.0,9.0,0.0,0.0,0.0,0.0,0.0,77.8,0.0,Midfielder
25,180,41.0,45.9512195121951,0.170731707317073,0.0975609756097561,0.0975609756097561,0.0,0.9,77.1,0.1,Midfielder
22,172,133.0,52.3609022556391,0.120300751879699,0.0827067669172932,0.18796992481203,0.0,0.9,79.9,0.5,Midfielder
30,183,16.0,67.8125,0.0625,0.1875,0.125,0.0,0.9,73.1,1.7,Midfielder
26,183,142.0,71.0352112676056,0.0352112676056338,0.0492957746478873,0.154929577464789,0.0140845070422535,0.6,83.5,1.4,Midfielder
26,170,79.0,72.3924050632911,0.10126582278481,0.113924050632911,0.164556962025316,0.0,1.3,81.9,0.5,Midfielder
24,178,44.0,61.2272727272727,0.0,0.113636363636364,0.0227272727272727,0.0,0.2,85.4,0.3,Midfielder
23,195,155.0,63.1096774193548,0.064516129032258,0.0193548387096774,0.174193548387097,0.0129032258064516,0.8,83.7,1.4,Midfielder
21,172,27.0,41.2962962962963,0.037037037037037,0.037037037037037,0.074074074074074,0.037037037037037,0.8,75.6,0.3,Midfielder
20,173,29.0,65.2758620689655,0.0,0.0,0.103448275862069,0.0,0.8,79.0,0.4,Midfielder
27,187,106.0,69.9716981132076,0.122641509433962,0.0566037735849056,0.160377358490566,0.0,1.3,78.7,0.3,Midfielder
33,188,355.0,80.7774647887324,0.0591549295774647,0.0957746478873239,0.202816901408451,0.0084507042253521,0.8,79.3,2.7,Midfielder
21,189,31.0,34.741935483871,0.0,0.064516129032258,0.064516129032258,0.0,0.8,69.7,0.4,Midfielder
24,187,19.0,34.3157894736842,0.0,0.105263157894737,0.0,0.0,0.9,80.6,0.3,Midfielder
29,180,173.0,69.9595375722543,0.15028901734104,0.0867052023121387,0.115606936416185,0.0115606936416184,1.5,85.3,0.5,Midfielder
26,178,168.0,76.7678571428571,0.136904761904762,0.148809523809524,0.113095238095238,0.0059523809523809,1.3,80.1,0.7,Midfielder
20,180,44.0,56.0454545454546,0.272727272727273,0.136363636363636,0.0909090909090909,0.0,1.8,69.0,0.7,Midfielder
25,185,254.0,70.3425196850394,0.0590551181102362,0.0708661417322834,0.169291338582677,0.0039370078740157,0.8,87.7,0.5,Midfielder
24,177,11.0,30.7272727272727,0.0,0.0,0.0,0.0,0.3,76.0,0.4,Midfielder
26,178,65.0,62.2153846153846,0.0615384615384615,0.138461538461538,0.107692307692308,0.0,1.6,71.4,0.3,Midfielder
25,183,149.0,62.2214765100671,0.134228187919463,0.0939597315436241,0.114093959731544,0.0,1.7,76.9,0.8,Midfielder
20,180,54.0,56.4814814814815,0.037037037037037,0.111111111111111,0.0555555555555555,0.0185185185185185,1.0,78.8,0.6,Midfielder
26,175,7.0,42.0,0.0,0.0,0.0,0.0,0.3,84.8,0.3,Midfielder
29,177,255.0,60.9019607843137,0.133333333333333,0.145098039215686,0.109803921568627,0.0039215686274509,1.2,81.6,0.2,Midfielder
21,185,65.0,57.7692307692308,0.0923076923076923,0.123076923076923,0.123076923076923,0.0153846153846153,0.9,75.2,0.5,Midfielder
27,174,6.0,40.0,0.0,0.0,0.166666666666667,0.0,0.8,80.1,0.2,Midfielder
29,185,220.0,54.8545454545455,0.0681818181818181,0.0909090909090909,0.109090909090909,0.0,0.7,84.8,0.1,Midfielder
18,175,4.0,50.25,0.0,0.0,0.0,0.0,0.0,81.8,0.5,Midfielder
27,181,109.0,39.045871559633,0.036697247706422,0.036697247706422,0.0458715596330275,0.0,0.6,84.0,0.5,Midfielder
28,177,96.0,80.4895833333333,0.114583333333333,0.104166666666667,0.177083333333333,0.0104166666666666,1.3,83.8,0.7,Midfielder
33,182,197.0,58.1776649746193,0.203045685279188,0.0710659898477157,0.152284263959391,0.0,1.7,79.8,0.8,Midfielder
23,186,28.0,31.5714285714286,0.107142857142857,0.0357142857142857,0.142857142857143,0.0,1.0,67.2,0.5,Midfielder
28,178,244.0,59.9877049180328,0.0655737704918032,0.118852459016393,0.114754098360656,0.0081967213114754,1.0,84.4,0.4,Midfielder
27,173,113.0,56.8672566371681,0.115044247787611,0.150442477876106,0.0707964601769911,0.0,1.1,74.7,0.4,Midfielder
30,178,102.0,61.3529411764706,0.0980392156862745,0.0980392156862745,0.176470588235294,0.0196078431372549,1.3,78.5,0.3,Midfielder
33,179,8.0,46.125,0.0,0.0,0.25,0.0,0.4,79.2,1.3,Midfielder
25,190,32.0,51.78125,0.09375,0.0,0.25,0.0,1.0,76.1,0.8,Midfielder
21,186,11.0,29.4545454545455,0.0,0.0,0.0909090909090909,0.0,0.7,82.0,0.2,Midfielder
21,183,11.0,85.4545454545455,0.181818181818182,0.181818181818182,0.181818181818182,0.0909090909090909,0.5,89.9,0.9,Midfielder
27,190,188.0,68.6436170212766,0.191489361702128,0.111702127659574,0.0851063829787234,0.0,1.8,80.8,0.8,Midfielder
21,175,54.0,40.8703703703704,0.0555555555555555,0.0185185185185185,0.314814814814815,0.0185185185185185,1.0,79.9,0.3,Midfielder
23,178,59.0,55.1186440677966,0.0508474576271186,0.11864406779661,0.152542372881356,0.0,0.7,88.0,0.1,Midfielder
27,175,59.0,57.4576271186441,0.152542372881356,0.0508474576271186,0.288135593220339,0.0,0.7,78.9,0.7,Midfielder
26,190,24.0,30.7916666666667,0.0416666666666666,0.0,0.125,0.0,0.6,72.2,0.6,Midfielder
30,188,209.0,63.4688995215311,0.105263157894737,0.0478468899521531,0.220095693779904,0.0143540669856459,1.2,79.1,1.3,Midfielder
33,175,278.0,85.6798561151079,0.0611510791366906,0.10431654676259,0.31294964028777,0.0107913669064748,1.0,82.8,0.9,Midfielder
28,173,25.0,48.24,0.0,0.12,0.0,0.0,0.2,76.1,0.2,Midfielder
26,173,165.0,82.8363636363636,0.0121212121212121,0.0242424242424242,0.175757575757576,0.0121212121212121,0.3,83.5,1.4,Midfielder
23,180,32.0,64.5,0.1875,0.0,0.125,0.0,1.5,70.4,0.7,Midfielder
29,189,143.0,53.7762237762238,0.0419580419580419,0.0209790209790209,0.20979020979021,0.0,0.8,75.0,0.8,Midfielder
26,180,97.0,38.9278350515464,0.0309278350515463,0.0515463917525773,0.0824742268041237,0.0206185567010309,0.4,84.1,0.4,Midfielder
21,177,25.0,64.44,0.08,0.12,0.04,0.0,0.4,84.0,0.2,Midfielder
28,175,131.0,62.1450381679389,0.0763358778625954,0.16030534351145,0.0458015267175572,0.0076335877862595,1.8,76.5,0.3,Midfielder
26,178,97.0,36.4226804123711,0.0721649484536082,0.0309278350515463,0.0206185567010309,0.0,0.8,83.6,0.2,Midfielder
25,174,185.0,75.8756756756757,0.172972972972973,0.183783783783784,0.140540540540541,0.0054054054054054,2.0,76.4,0.4,Midfielder
34,180,523.0,72.4034416826004,0.162523900573614,0.110898661567878,0.0917782026768642,0.0,1.5,88.8,0.5,Midfielder
21,178,150.0,52.8466666666667,0.0133333333333333,0.0333333333333333,0.173333333333333,0.0066666666666666,0.5,82.4,0.6,Midfielder
24,172,40.0,47.9,0.0,0.05,0.175,0.025,0.5,82.7,0.4,Midfielder
24,189,64.0,57.75,0.203125,0.015625,0.046875,0.0,1.1,75.6,0.8,Midfielder
23,184,10.0,71.6,0.2,0.1,0.4,0.0,1.2,70.6,2.3,Midfielder
28,170,180.0,52.7777777777778,0.0833333333333333,0.0888888888888888,0.0833333333333333,0.0222222222222222,1.1,78.8,0.2,Midfielder
29,187,223.0,68.7488789237668,0.0538116591928251,0.085201793721973,0.152466367713004,0.0044843049327354,1.4,76.5,0.9,Midfielder
21,173,7.0,71.1428571428571,0.0,0.0,0.0,0.0,0.6,79.5,2.0,Midfielder
30,180,11.0,83.8181818181818,0.0909090909090909,0.0909090909090909,0.0,0.0,1.2,69.9,1.9,Midfielder
20,183,37.0,63.1621621621622,0.0,0.0,0.162162162162162,0.0,0.1,82.4,0.8,Midfielder
24,185,127.0,72.1102362204724,0.0393700787401574,0.0472440944881889,0.181102362204724,0.0078740157480314,1.0,84.4,0.9,Midfielder
21,183,41.0,32.9268292682927,0.048780487804878,0.048780487804878,0.048780487804878,0.0,0.6,76.8,0.6,Midfielder
22,187,45.0,54.1777777777778,0.0666666666666666,0.0222222222222222,0.222222222222222,0.0222222222222222,0.8,76.5,0.6,Midfielder
23,185,28.0,53.0357142857143,0.107142857142857,0.107142857142857,0.0,0.0,1.1,82.2,0.0,Midfielder
23,192,159.0,60.3522012578616,0.0566037735849056,0.050314465408805,0.132075471698113,0.0,0.8,87.2,0.6,Midfielder
25,185,94.0,77.4148936170213,0.0531914893617021,0.0744680851063829,0.287234042553192,0.0106382978723404,0.6,84.3,0.7,Midfielder
22,202,19.0,34.0,0.105263157894737,0.0,0.157894736842105,0.0,0.7,78.0,0.9,Midfielder
21,178,17.0,38.7058823529412,0.0588235294117647,0.0,0.0588235294117647,0.0,0.9,76.9,0.5,Midfielder
21,185,18.0,23.2777777777778,0.0,0.0,0.166666666666667,0.0,0.3,80.6,0.3,Midfielder
21,175,79.0,43.4683544303798,0.151898734177215,0.0253164556962025,0.126582278481013,0.0,1.1,80.4,0.3,Midfielder
22,178,81.0,59.6543209876543,0.0864197530864197,0.0987654320987654,0.111111111111111,0.0,0.9,72.8,0.4,Midfielder
21,177,70.0,42.0142857142857,0.1,0.0571428571428571,0.0714285714285714,0.0,0.8,71.6,0.4,Midfielder
25,172,33.0,64.2121212121212,0.0909090909090909,0.0909090909090909,0.212121212121212,0.0,1.0,83.6,0.7,Midfielder
32,176,217.0,61.4746543778802,0.119815668202765,0.175115207373272,0.124423963133641,0.0138248847926267,1.1,74.3,0.4,Midfielder
25,169,79.0,47.8607594936709,0.0,0.0,0.265822784810127,0.0253164556962025,0.2,85.7,0.5,Midfielder
26,188,129.0,36.3178294573643,0.0465116279069767,0.0542635658914728,0.10077519379845,0.0,0.6,73.5,0.7,Midfielder
25,173,7.0,20.5714285714286,0.142857142857143,0.0,0.0,0.0,0.4,84.7,0.0,Midfielder
25,183,160.0,69.99375,0.0875,0.1,0.15625,0.0,1.0,84.0,0.4,Midfielder
29,176,175.0,69.3142857142857,0.0685714285714285,0.12,0.0971428571428571,0.0057142857142857,1.0,79.6,1.1,Midfielder
22,187,95.0,63.7473684210526,0.0210526315789473,0.0736842105263157,0.0842105263157894,0.0,0.4,81.4,1.1,Midfielder
22,186,31.0,60.8709677419355,0.0,0.032258064516129,0.129032258064516,0.032258064516129,0.3,84.7,0.5,Midfielder
23,180,1.0,1.0,0.0,0.0,0.0,0.0,0.0,100.0,0.0,Midfielder
28,191,189.0,52.9100529100529,0.074074074074074,0.0211640211640211,0.195767195767196,0.0105820105820105,1.0,80.8,2.7,Midfielder
35,184,262.0,69.1603053435115,0.198473282442748,0.187022900763359,0.114503816793893,0.0,1.6,74.2,1.1,Midfielder
21,188,36.0,50.25,0.0277777777777777,0.0277777777777777,0.222222222222222,0.0277777777777777,0.4,83.6,0.9,Midfielder
20,188,1.0,1.0,0.0,0.0,0.0,0.0,0.0,50.0,0.0,Midfielder
28,180,109.0,44.7431192660551,0.100917431192661,0.036697247706422,0.036697247706422,0.0091743119266055,1.1,68.8,0.3,Midfielder
25,181,103.0,79.6116504854369,0.223300970873786,0.0485436893203883,0.203883495145631,0.0097087378640776,1.7,83.7,1.5,Midfielder
23,180,33.0,61.5151515151515,0.212121212121212,0.0909090909090909,0.0909090909090909,0.0,2.1,78.9,0.4,Midfielder
27,175,271.0,75.3210332103321,0.25830258302583,0.214022140221402,0.154981549815498,0.003690036900369,2.3,83.5,0.2,Midfielder
23,183,33.0,64.030303030303,0.0606060606060606,0.0606060606060606,0.121212121212121,0.0,0.8,79.3,1.9,Midfielder
27,178,18.0,40.1666666666667,0.0,0.0,0.111111111111111,0.0,0.1,80.4,0.7,Midfielder
19,180,29.0,64.0689655172414,0.0689655172413793,0.137931034482759,0.206896551724138,0.0,0.9,85.4,0.8,Midfielder
25,186,60.0,60.8666666666667,0.1,0.133333333333333,0.133333333333333,0.0,0.9,72.2,0.7,Midfielder
21,183,6.0,84.8333333333333,0.166666666666667,0.0,0.333333333333333,0.0,1.2,81.5,1.7,Midfielder
22,185,15.0,71.5333333333333,0.0,0.0,0.333333333333333,0.0,0.6,89.0,1.4,Midfielder
24,173,25.0,22.32,0.08,0.0,0.04,0.0,0.2,77.7,0.2,Midfielder
23,184,4.0,11.25,0.0,0.0,0.25,0.0,0.0,86.7,0.0,Midfielder
25,165,42.0,50.0,0.0238095238095238,0.0952380952380952,0.0476190476190476,0.0,1.0,79.7,0.4,Midfielder
21,174,65.0,44.9846153846154,0.107692307692308,0.0923076923076923,0.0461538461538461,0.0,0.6,85.4,0.1,Midfielder
25,178,133.0,67.3609022556391,0.157894736842105,0.195488721804511,0.150375939849624,0.0,2.0,79.0,0.9,Midfielder
26,186,90.0,63.8222222222222,0.0444444444444444,0.111111111111111,0.188888888888889,0.0,1.0,80.5,1.4,Midfielder
19,185,10.0,13.9,0.0,0.0,0.0,0.0,0.6,64.5,0.6,Midfielder
24,175,120.0,62.625,0.0666666666666666,0.0666666666666666,0.141666666666667,0.0,0.8,75.6,1.2,Midfielder
21,172,35.0,58.0571428571429,0.0857142857142857,0.0285714285714285,0.0,0.0,1.2,73.1,0.4,Midfielder
28,182,48.0,35.6041666666667,0.166666666666667,0.0208333333333333,0.0625,0.0,0.9,65.4,0.4,Midfielder
31,178,106.0,76.4245283018868,0.19811320754717,0.132075471698113,0.150943396226415,0.0,1.5,78.9,0.6,Midfielder
29,180,159.0,64.8993710691824,0.0691823899371069,0.0314465408805031,0.0377358490566037,0.0,0.7,82.5,0.5,Midfielder
20,173,50.0,42.9,0.1,0.12,0.06,0.0,2.1,75.3,0.2,Midfielder
24,183,16.0,78.25,0.125,0.0625,0.0625,0.0,1.9,77.9,0.4,Midfielder
23,183,169.0,60.5502958579882,0.248520710059172,0.100591715976331,0.0769230769230769,0.0059171597633136,2.4,76.1,0.2,Midfielder
18,181,3.0,34.0,0.0,0.0,0.0,0.0,0.0,84.9,0.7,Midfielder
28,185,101.0,82.6732673267327,0.0198019801980198,0.0396039603960396,0.237623762376238,0.0,0.9,81.4,1.1,Midfielder
32,184,375.0,71.8693333333333,0.0933333333333333,0.112,0.176,0.0133333333333333,1.7,78.8,0.5,Midfielder
28,179,266.0,53.0075187969925,0.0451127819548872,0.0676691729323308,0.142857142857143,0.0075187969924812,0.7,87.8,0.3,Midfielder
19,170,5.0,14.0,0.0,0.0,0.0,0.0,0.8,88.1,0.0,Midfielder
25,170,100.0,78.01,0.09,0.13,0.26,0.02,1.1,81.3,0.4,Midfielder
22,170,18.0,49.6666666666667,0.0,0.0,0.222222222222222,0.0,0.2,82.3,0.3,Midfielder
28,177,18.0,28.7222222222222,0.111111111111111,0.0,0.0555555555555555,0.0,1.0,81.7,0.2,Midfielder
23,184,84.0,65.8095238095238,0.0476190476190476,0.0238095238095238,0.273809523809524,0.0,1.1,86.0,0.9,Midfielder
25,181,81.0,68.1975308641975,0.0987654320987654,0.160493827160494,0.123456790123457,0.0,1.5,79.8,0.4,Midfielder
25,176,177.0,74.045197740113,0.175141242937853,0.15819209039548,0.107344632768362,0.0,1.8,83.0,0.6,Midfielder
25,188,97.0,43.5876288659794,0.0515463917525773,0.0412371134020618,0.195876288659794,0.0103092783505154,0.6,81.1,0.4,Midfielder
24,172,83.0,67.3493975903615,0.216867469879518,0.072289156626506,0.120481927710843,0.0,1.3,79.2,0.3,Midfielder
26,181,100.0,74.53,0.07,0.09,0.09,0.03,0.9,81.0,0.6,Midfielder
27,176,123.0,70.8536585365854,0.178861788617886,0.105691056910569,0.105691056910569,0.0,1.1,80.8,0.2,Midfielder
29,183,159.0,68.0,0.0062893081761006,0.0377358490566037,0.163522012578616,0.0062893081761006,0.3,78.7,1.3,Midfielder
28,178,60.0,45.1,0.0166666666666666,0.05,0.116666666666667,0.0,0.3,79.8,0.3,Midfielder
22,173,6.0,63.0,0.0,0.0,0.0,0.0,1.3,83.1,0.0,Midfielder
24,176,74.0,58.4324324324324,0.054054054054054,0.0,0.121621621621622,0.0,0.7,71.1,0.7,Midfielder
21,194,18.0,18.6666666666667,0.0,0.0,0.166666666666667,0.0,0.3,63.1,1.2,Midfielder
25,185,110.0,70.2545454545455,0.0272727272727272,0.127272727272727,0.163636363636364,0.009090909090909,0.7,81.4,0.5,Midfielder
23,183,80.0,66.9,0.025,0.05,0.225,0.0125,0.7,78.6,1.7,Midfielder
17,181,1.0,1.0,0.0,0.0,0.0,0.0,0.0,0.0,0.0,Midfielder
20,178,11.0,59.5454545454546,0.181818181818182,0.0909090909090909,0.0909090909090909,0.0,1.9,83.7,0.4,Midfielder
24,180,127.0,49.7795275590551,0.0629921259842519,0.125984251968504,0.0866141732283464,0.0,0.7,74.5,0.5,Midfielder
24,188,25.0,24.16,0.04,0.0,0.2,0.0,0.4,68.7,1.0,Midfielder
29,178,89.0,56.5393258426966,0.168539325842697,0.0449438202247191,0.0786516853932584,0.0,1.2,73.5,0.4,Midfielder
32,172,238.0,69.4327731092437,0.0294117647058823,0.0630252100840336,0.184873949579832,0.0,0.4,85.0,0.6,Midfielder
23,188,32.0,58.375,0.0625,0.0,0.09375,0.0,0.5,84.0,0.6,Midfielder
25,186,65.0,42.0307692307692,0.0923076923076923,0.0,0.107692307692308,0.0153846153846153,0.6,70.7,1.1,Midfielder
24,173,126.0,48.9603174603175,0.142857142857143,0.134920634920635,0.0793650793650793,0.0,1.2,84.2,0.2,Midfielder
23,183,107.0,58.0654205607477,0.102803738317757,0.0560747663551401,0.168224299065421,0.0,1.4,78.4,1.0,Midfielder
27,187,295.0,65.6745762711864,0.0440677966101694,0.0983050847457627,0.230508474576271,0.0067796610169491,0.7,86.9,1.0,Midfielder
27,175,40.0,65.6,0.2,0.075,0.075,0.0,1.4,71.2,0.5,Midfielder
30,191,196.0,79.3775510204082,0.0255102040816326,0.0255102040816326,0.280612244897959,0.0153061224489795,0.7,88.0,1.7,Midfielder
29,175,208.0,78.5769230769231,0.048076923076923,0.0528846153846153,0.288461538461538,0.0144230769230769,1.0,73.2,1.3,Midfielder
22,181,96.0,64.7916666666667,0.177083333333333,0.0833333333333333,0.114583333333333,0.0104166666666666,2.3,77.3,0.3,Midfielder
21,182,41.0,66.9512195121951,0.073170731707317,0.0975609756097561,0.268292682926829,0.0,1.2,83.4,0.8,Midfielder
27,180,150.0,45.6733333333333,0.0733333333333333,0.0533333333333333,0.14,0.0,0.9,75.6,0.8,Midfielder
17,177,37.0,56.2162162162162,0.162162162162162,0.0,0.135135135135135,0.0,0.9,80.5,0.3,Midfielder
24,184,69.0,61.6811594202899,0.0289855072463768,0.0289855072463768,0.144927536231884,0.0,0.6,77.6,0.9,Midfielder
21,178,33.0,47.6969696969697,0.0606060606060606,0.0303030303030303,0.181818181818182,0.0,0.4,84.0,0.7,Midfielder
20,184,30.0,36.9333333333333,0.0666666666666666,0.0,0.133333333333333,0.0333333333333333,0.7,75.8,0.8,Midfielder
25,177,51.0,79.5490196078431,0.196078431372549,0.0784313725490196,0.0784313725490196,0.0,1.8,78.0,0.9,Midfielder
27,178,96.0,36.1875,0.0625,0.0520833333333333,0.0729166666666666,0.0,0.8,82.7,0.3,Midfielder
22,178,108.0,76.6111111111111,0.0648148148148148,0.074074074074074,0.277777777777778,0.0092592592592592,1.1,84.6,0.4,Midfielder
17,180,74.0,65.2567567567568,0.162162162162162,0.27027027027027,0.108108108108108,0.0,2.1,83.1,0.1,Midfielder
22,173,9.0,82.5555555555556,0.0,0.0,0.0,0.0,0.2,77.8,0.2,Midfielder
25,178,139.0,62.6330935251799,0.172661870503597,0.0647482014388489,0.100719424460432,0.0,1.5,81.4,0.5,Midfielder
20,186,18.0,47.6111111111111,0.111111111111111,0.166666666666667,0.0555555555555555,0.0,2.1,84.2,0.7,Midfielder
24,176,152.0,73.9539473684211,0.0855263157894736,0.0986842105263157,0.230263157894737,0.0,1.0,75.9,1.2,Midfielder
21,178,39.0,56.948717948718,0.0769230769230769,0.0512820512820512,0.128205128205128,0.0,1.5,85.6,0.3,Midfielder
23,187,34.0,69.7058823529412,0.0,0.0,0.205882352941176,0.0294117647058823,0.6,86.3,2.0,Midfielder
25,170,81.0,53.8641975308642,0.17283950617284,0.0987654320987654,0.0246913580246913,0.0,1.0,89.2,0.1,Midfielder
23,179,31.0,31.1935483870968,0.0,0.032258064516129,0.032258064516129,0.0,0.7,75.6,0.3,Midfielder
28,170,99.0,70.979797979798,0.0808080808080808,0.121212121212121,0.0707070707070707,0.0,0.8,72.9,0.6,Midfielder
34,178,120.0,69.2,0.05,0.0583333333333333,0.15,0.0,0.8,78.0,0.5,Midfielder
20,177,67.0,57.1194029850746,0.0895522388059701,0.223880597014925,0.119402985074627,0.0149253731343283,1.5,73.2,1.0,Midfielder
30,174,172.0,49.7093023255814,0.0813953488372093,0.122093023255814,0.209302325581395,0.005813953488372,1.3,83.3,0.4,Midfielder
24,182,221.0,72.9185520361991,0.117647058823529,0.104072398190045,0.244343891402715,0.0090497737556561,1.2,84.1,0.6,Midfielder
22,179,47.0,51.063829787234,0.106382978723404,0.106382978723404,0.212765957446809,0.0,0.9,76.7,0.8,Midfielder
27,184,114.0,50.0438596491228,0.043859649122807,0.0175438596491228,0.210526315789474,0.0,0.9,80.4,0.8,Midfielder
23,181,16.0,30.3125,0.125,0.0625,0.0625,0.0,1.3,71.0,0.2,Midfielder
28,178,128.0,79.1875,0.0625,0.03125,0.28125,0.0390625,1.2,68.7,2.7,Midfielder
22,189,66.0,68.7727272727273,0.0757575757575757,0.0303030303030303,0.121212121212121,0.0,1.1,85.5,0.7,Midfielder
24,177,68.0,80.6323529411765,0.352941176470588,0.161764705882353,0.0441176470588235,0.0,2.0,84.2,0.5,Midfielder
32,172,178.0,84.7808988764045,0.264044943820225,0.224719101123596,0.213483146067416,0.0505617977528089,2.2,75.1,0.8,Midfielder
27,182,24.0,35.375,0.0,0.0,0.166666666666667,0.0,0.3,82.7,0.6,Midfielder
29,176,258.0,67.3294573643411,0.0697674418604651,0.0542635658914728,0.24031007751938,0.003875968992248,0.7,83.4,0.6,Midfielder
21,178,20.0,37.95,0.0,0.0,0.2,0.0,0.7,83.8,0.7,Midfielder
25,182,13.0,71.8461538461538,0.0,0.0,0.153846153846154,0.0,0.5,86.0,0.5,Midfielder
24,173,35.0,75.2,0.0285714285714285,0.0,0.2,0.0,0.5,83.4,1.3,Midfielder
29,182,247.0,67.3562753036437,0.153846153846154,0.0728744939271255,0.101214574898785,0.0040485829959514,1.5,84.1,0.5,Midfielder
21,175,75.0,35.3733333333333,0.0533333333333333,0.0666666666666666,0.0666666666666666,0.0,1.0,77.4,0.2,Midfielder
30,184,111.0,58.8828828828829,0.0990990990990991,0.0990990990990991,0.063063063063063,0.0,0.8,80.3,0.3,Midfielder
24,190,27.0,79.4444444444444,0.074074074074074,0.0,0.333333333333333,0.0,0.9,77.6,0.3,Midfielder
28,178,310.0,71.2645161290323,0.129032258064516,0.154838709677419,0.17741935483871,0.0129032258064516,1.4,80.1,0.5,Midfielder
31,185,262.0,80.1793893129771,0.129770992366412,0.0916030534351145,0.202290076335878,0.0190839694656488,1.5,84.0,0.6,Midfielder
24,173,14.0,65.4285714285714,0.0,0.0714285714285714,0.0714285714285714,0.0,1.3,77.2,1.4,Midfielder
22,179,97.0,46.8659793814433,0.0515463917525773,0.0412371134020618,0.103092783505155,0.0,0.4,81.9,0.8,Midfielder
30,168,198.0,69.3030303030303,0.0,0.0202020202020202,0.176767676767677,0.0,0.4,86.5,0.5,Midfielder
21,181,44.0,69.0681818181818,0.0909090909090909,0.0909090909090909,0.113636363636364,0.0227272727272727,0.6,78.4,0.7,Midfielder
23,175,52.0,45.0192307692308,0.0576923076923076,0.115384615384615,0.134615384615385,0.0,1.3,81.3,0.3,Midfielder
20,170,11.0,43.7272727272727,0.272727272727273,0.0,0.0,0.0,0.5,71.7,0.9,Midfielder
26,183,100.0,54.17,0.01,0.05,0.19,0.0,0.7,80.5,0.6,Midfielder
22,184,49.0,34.1428571428571,0.0204081632653061,0.0408163265306122,0.0816326530612244,0.0204081632653061,0.9,78.7,0.5,Midfielder
20,169,34.0,41.8235294117647,0.088235294117647,0.117647058823529,0.0588235294117647,0.0,0.7,78.0,0.1,Midfielder
30,178,56.0,56.9821428571429,0.107142857142857,0.0714285714285714,0.142857142857143,0.0,0.9,77.5,0.6,Midfielder
22,183,25.0,33.96,0.04,0.16,0.08,0.0,1.0,76.2,0.3,Midfielder
23,188,68.0,32.8676470588235,0.117647058823529,0.0147058823529411,0.117647058823529,0.0,0.9,78.6,0.5,Midfielder
36,178,340.0,63.2205882352941,0.117647058823529,0.0558823529411764,0.0911764705882352,0.0029411764705882,1.2,76.5,0.6,Midfielder
25,181,136.0,55.6102941176471,0.0735294117647058,0.0588235294117647,0.139705882352941,0.0147058823529411,1.0,82.6,0.4,Midfielder
20,173,48.0,74.2291666666667,0.104166666666667,0.104166666666667,0.229166666666667,0.0208333333333333,1.0,81.3,0.5,Midfielder
31,188,254.0,74.1535433070866,0.153543307086614,0.0669291338582677,0.251968503937008,0.0118110236220472,1.7,85.0,1.2,Midfielder
28,169,180.0,53.6,0.0777777777777777,0.0777777777777777,0.0833333333333333,0.0055555555555555,1.5,81.0,0.1,Midfielder
25,177,23.0,49.3913043478261,0.0,0.0,0.217391304347826,0.0434782608695652,0.2,84.4,0.3,Midfielder
24,181,7.0,22.4285714285714,0.0,0.0,0.142857142857143,0.0,0.3,81.1,0.6,Midfielder
21,180,24.0,57.25,0.0833333333333333,0.0,0.166666666666667,0.0,0.5,83.3,0.5,Midfielder
31,173,29.0,63.448275862069,0.0,0.0344827586206896,0.0,0.0,0.7,73.5,0.4,Midfielder
22,173,93.0,64.752688172043,0.064516129032258,0.043010752688172,0.086021505376344,0.0,0.9,79.4,0.3,Midfielder
21,185,11.0,60.3636363636364,0.181818181818182,0.181818181818182,0.0909090909090909,0.0,1.5,73.4,0.1,Midfielder
18,188,11.0,33.6363636363636,0.0909090909090909,0.0,0.181818181818182,0.0,0.5,76.2,0.6,Midfielder
23,173,9.0,24.4444444444444,0.0,0.0,0.0,0.0,0.3,71.0,0.2,Midfielder
25,178,105.0,68.6380952380952,0.0095238095238095,0.0285714285714285,0.133333333333333,0.0095238095238095,0.3,83.0,0.7,Midfielder
25,183,64.0,51.953125,0.09375,0.109375,0.15625,0.0,1.2,78.5,0.5,Midfielder
35,180,87.0,54.2528735632184,0.149425287356322,0.126436781609195,0.0689655172413793,0.0114942528735632,1.2,75.8,0.5,Midfielder
26,176,11.0,32.2727272727273,0.0,0.0,0.272727272727273,0.0,0.3,75.7,0.5,Midfielder
28,182,109.0,52.1743119266055,0.018348623853211,0.018348623853211,0.0825688073394495,0.0275229357798165,0.3,77.3,0.7,Midfielder
20,189,54.0,54.4444444444444,0.074074074074074,0.111111111111111,0.240740740740741,0.0,0.9,77.1,1.1,Midfielder
27,188,54.0,38.7407407407407,0.074074074074074,0.037037037037037,0.0185185185185185,0.0,0.7,74.9,0.7,Midfielder
34,175,424.0,69.4693396226415,0.10377358490566,0.14622641509434,0.125,0.0047169811320754,1.2,79.0,0.8,Midfielder
23,178,6.0,20.3333333333333,0.166666666666667,0.0,0.0,0.0,0.7,85.1,0.2,Midfielder
25,183,105.0,70.9714285714286,0.0380952380952381,0.0571428571428571,0.152380952380952,0.0095238095238095,0.8,88.5,0.9,Midfielder
26,170,162.0,62.2222222222222,0.0617283950617283,0.0864197530864197,0.117283950617284,0.0061728395061728,0.8,83.9,0.5,Midfielder
20,185,91.0,51.7692307692308,0.0879120879120879,0.0989010989010989,0.131868131868132,0.0,1.3,77.2,0.3,Midfielder
19,185,3.0,57.6666666666667,0.0,0.0,0.666666666666667,0.333333333333333,0.3,92.9,0.0,Midfielder
19,177,11.0,58.4545454545455,0.181818181818182,0.181818181818182,0.363636363636364,0.0,1.3,65.3,0.5,Midfielder
23,181,167.0,65.5748502994012,0.167664670658683,0.143712574850299,0.137724550898204,0.0,1.5,76.9,0.4,Midfielder
25,185,140.0,52.5,0.185714285714286,0.142857142857143,0.0785714285714285,0.0071428571428571,1.8,86.8,0.4,Midfielder
20,169,16.0,36.0,0.0,0.0,0.0625,0.0,0.3,75.1,0.2,Midfielder
18,186,1.0,8.0,0.0,0.0,0.0,0.0,0.0,50.0,0.0,Midfielder
21,170,76.0,42.5394736842105,0.131578947368421,0.131578947368421,0.0263157894736842,0.0,1.0,84.5,0.4,Midfielder
24,186,76.0,74.5,0.0,0.131578947368421,0.118421052631579,0.0131578947368421,0.5,74.8,1.7,Midfielder
26,183,167.0,60.6826347305389,0.0718562874251497,0.0898203592814371,0.119760479041916,0.0119760479041916,0.7,85.5,0.6,Midfielder
18,165,36.0,47.25,0.0555555555555555,0.0277777777777777,0.138888888888889,0.0,1.2,68.4,0.6,Midfielder
23,188,52.0,27.25,0.115384615384615,0.0769230769230769,0.0769230769230769,0.0,0.6,64.2,0.4,Midfielder
34,181,119.0,63.7310924369748,0.0504201680672268,0.0168067226890756,0.19327731092437,0.0084033613445378,0.8,78.2,0.6,Midfielder
26,177,159.0,62.0188679245283,0.144654088050314,0.19496855345912,0.113207547169811,0.0,1.2,81.2,0.4,Midfielder
25,173,79.0,73.7974683544304,0.0632911392405063,0.113924050632911,0.227848101265823,0.0126582278481012,1.5,82.3,0.5,Midfielder
22,176,59.0,57.5423728813559,0.11864406779661,0.0677966101694915,0.0338983050847457,0.0,1.3,71.5,0.1,Midfielder
36,178,157.0,72.1464968152866,0.0955414012738853,0.114649681528662,0.203821656050955,0.0,1.0,79.9,0.7,Midfielder
24,173,83.0,64.7831325301205,0.132530120481928,0.168674698795181,0.0843373493975903,0.0,1.3,78.3,0.6,Midfielder
24,181,189.0,71.1904761904762,0.0476190476190476,0.116402116402116,0.201058201058201,0.0052910052910052,0.8,81.6,0.3,Midfielder
23,169,81.0,47.7407407407407,0.0493827160493827,0.0864197530864197,0.185185185185185,0.0123456790123456,1.3,78.3,0.2,Midfielder
26,185,300.0,70.92,0.05,0.0733333333333333,0.236666666666667,0.0,0.9,86.0,1.0,Midfielder
21,165,38.0,41.9736842105263,0.0,0.0263157894736842,0.105263157894737,0.0789473684210526,0.3,79.7,0.1,Midfielder
32,174,327.0,71.8073394495413,0.143730886850153,0.107033639143731,0.155963302752294,0.0,0.9,79.0,0.5,Midfielder
20,189,26.0,26.4615384615385,0.0,0.0,0.0,0.0,0.4,86.0,0.3,Midfielder
26,175,203.0,57.0837438423645,0.108374384236453,0.0541871921182266,0.0788177339901477,0.0098522167487684,1.1,81.0,0.3,Midfielder
25,190,110.0,44.5545454545455,0.0,0.0545454545454545,0.236363636363636,0.0181818181818181,0.6,75.8,0.9,Midfielder
28,178,38.0,81.7105263157895,0.184210526315789,0.0789473684210526,0.157894736842105,0.0,1.9,82.4,0.6,Midfielder
32,182,287.0,52.9686411149826,0.111498257839721,0.174216027874564,0.146341463414634,0.0104529616724738,1.3,78.6,0.5,Midfielder
21,176,23.0,36.9565217391304,0.0869565217391304,0.0434782608695652,0.0869565217391304,0.0,0.3,80.8,0.4,Midfielder
23,179,12.0,74.1666666666667,0.333333333333333,0.0,0.0,0.0,1.6,74.5,0.5,Midfielder
27,175,348.0,79.0172413793104,0.0948275862068965,0.132183908045977,0.244252873563218,0.014367816091954,1.1,83.5,0.7,Midfielder
25,181,2.0,10.0,0.0,0.0,0.0,0.0,0.0,71.4,0.5,Midfielder
21,179,29.0,41.0689655172414,0.0,0.0344827586206896,0.137931034482759,0.0344827586206896,0.8,86.0,0.3,Midfielder
23,183,43.0,35.8837209302326,0.0,0.0,0.13953488372093,0.0232558139534883,0.2,71.5,0.7,Midfielder
31,183,195.0,55.2871794871795,0.0974358974358974,0.0974358974358974,0.123076923076923,0.0051282051282051,1.6,80.5,0.5,Midfielder
23,174,63.0,56.6507936507937,0.0158730158730158,0.0158730158730158,0.0476190476190476,0.0,0.5,84.6,0.6,Midfielder
19,183,7.0,25.8571428571429,0.142857142857143,0.0,0.142857142857143,0.0,0.6,87.3,0.1,Midfielder
24,176,23.0,21.6521739130435,0.0,0.0,0.130434782608696,0.0,0.7,76.7,0.4,Midfielder
28,180,322.0,81.0124223602485,0.105590062111801,0.0900621118012422,0.149068322981366,0.0062111801242236,1.2,78.6,1.5,Midfielder
22,176,25.0,48.4,0.12,0.08,0.16,0.0,1.6,77.7,0.3,Midfielder
22,178,14.0,67.4285714285714,0.357142857142857,0.142857142857143,0.0,0.0,1.0,82.4,0.2,Midfielder
23,181,69.0,82.6811594202899,0.0144927536231884,0.0434782608695652,0.260869565217391,0.0144927536231884,0.6,88.6,0.5,Midfielder
22,181,38.0,39.2105263157895,0.105263157894737,0.0263157894736842,0.157894736842105,0.0263157894736842,1.1,85.6,0.3,Midfielder
25,175,48.0,70.4375,0.125,0.125,0.0208333333333333,0.0,0.7,79.6,0.4,Midfielder
23,184,36.0,77.8333333333333,0.0833333333333333,0.0555555555555555,0.277777777777778,0.0,0.4,87.4,1.3,Midfielder
25,178,202.0,70.3267326732673,0.118811881188119,0.123762376237624,0.113861386138614,0.0,1.7,76.5,0.9,Midfielder
19,185,1.0,21.0,0.0,0.0,0.0,0.0,1.0,83.3,0.0,Midfielder
30,185,169.0,64.5443786982249,0.0532544378698224,0.0473372781065088,0.289940828402367,0.0,1.0,84.0,1.0,Midfielder
24,173,41.0,66.0,0.048780487804878,0.0,0.195121951219512,0.0,0.7,83.4,0.5,Midfielder
26,181,114.0,55.6140350877193,0.184210526315789,0.043859649122807,0.184210526315789,0.0175438596491228,2.1,60.2,0.7,Midfielder
22,175,11.0,42.7272727272727,0.0,0.0,0.181818181818182,0.0,0.4,86.1,0.2,Midfielder
21,178,2.0,2.0,0.0,0.0,0.0,0.0,0.0,83.3,0.0,Midfielder
22,190,187.0,61.7272727272727,0.0588235294117647,0.0855614973262032,0.0748663101604278,0.0053475935828877,1.0,85.8,0.8,Midfielder
17,185,21.0,30.5714285714286,0.0,0.0476190476190476,0.142857142857143,0.0476190476190476,0.0,90.4,0.2,Midfielder
23,170,45.0,70.9777777777778,0.0888888888888888,0.0444444444444444,0.0444444444444444,0.0,1.0,81.9,0.8,Midfielder
23,178,132.0,80.3484848484848,0.053030303030303,0.0681818181818181,0.257575757575758,0.0,0.7,86.9,0.9,Midfielder
23,186,4.0,10.25,0.0,0.0,0.0,0.0,0.0,55.6,0.0,Midfielder
26,176,128.0,53.0,0.0625,0.0625,0.1484375,0.015625,1.0,76.5,0.8,Midfielder
22,173,97.0,78.4536082474227,0.0618556701030927,0.0721649484536082,0.11340206185567,0.0,0.9,91.2,0.4,Midfielder
17,168,4.0,15.75,0.25,0.0,0.25,0.0,0.8,74.4,0.3,Midfielder
19,161,1.0,6.0,0.0,0.0,0.0,0.0,0.0,100.0,0.0,Midfielder
27,178,215.0,65.6279069767442,0.311627906976744,0.116279069767442,0.0604651162790697,0.0,2.0,83.9,0.8,Midfielder
21,182,48.0,31.1666666666667,0.0625,0.0833333333333333,0.0625,0.0,0.4,77.8,0.3,Midfielder
23,177,42.0,61.5238095238095,0.119047619047619,0.0238095238095238,0.142857142857143,0.0,1.4,75.0,0.3,Midfielder
18,185,2.0,7.5,0.0,0.0,0.0,0.0,0.0,100.0,0.0,Midfielder
22,173,6.0,43.5,0.0,0.0,0.166666666666667,0.166666666666667,0.3,87.3,0.2,Midfielder
20,187,26.0,41.6538461538462,0.0,0.0384615384615384,0.192307692307692,0.0,0.7,82.7,0.4,Midfielder
21,186,41.0,40.9268292682927,0.146341463414634,0.048780487804878,0.170731707317073,0.0,1.1,79.4,0.6,Midfielder
23,179,106.0,56.5566037735849,0.113207547169811,0.122641509433962,0.0660377358490566,0.0,1.1,72.7,0.9,Midfielder
20,182,106.0,49.6132075471698,0.0849056603773584,0.0188679245283018,0.188679245283019,0.0,0.8,76.5,0.4,Midfielder
30,174,146.0,57.3219178082192,0.10958904109589,0.0753424657534246,0.0958904109589041,0.0,1.0,79.6,0.5,Midfielder
20,193,27.0,36.8888888888889,0.0,0.074074074074074,0.185185185185185,0.0,0.3,89.3,1.0,Midfielder
25,168,135.0,48.4592592592593,0.118518518518519,0.133333333333333,0.103703703703704,0.0074074074074074,1.5,81.7,0.1,Midfielder
25,176,11.0,57.9090909090909,0.0909090909090909,0.0909090909090909,0.0909090909090909,0.0,0.5,85.1,0.5,Midfielder
25,185,213.0,56.1784037558685,0.0845070422535211,0.122065727699531,0.164319248826291,0.0046948356807511,1.3,77.6,0.6,Midfielder
20,192,25.0,38.04,0.04,0.0,0.2,0.0,0.2,76.0,0.2,Midfielder
29,189,367.0,68.3542234332425,0.155313351498638,0.141689373297003,0.0980926430517711,0.0,1.7,84.3,1.4,Midfielder
25,171,35.0,61.4571428571429,0.114285714285714,0.0571428571428571,0.114285714285714,0.0,1.0,78.9,0.1,Midfielder
22,197,37.0,46.1891891891892,0.081081081081081,0.027027027027027,0.189189189189189,0.0,0.6,85.0,0.6,Midfielder
29,170,165.0,67.3636363636364,0.127272727272727,0.296969696969697,0.0787878787878787,0.006060606060606,1.3,80.8,0.2,Midfielder
31,179,403.0,73.5483870967742,0.265508684863524,0.138957816377171,0.126550868486352,0.0,1.3,80.8,0.9,Midfielder
31,184,244.0,60.7704918032787,0.0491803278688524,0.0696721311475409,0.188524590163934,0.0040983606557377,0.8,83.1,1.0,Midfielder
21,176,23.0,47.7826086956522,0.0,0.0869565217391304,0.0869565217391304,0.0,0.6,80.9,0.3,Midfielder
19,180,8.0,18.625,0.0,0.0,0.125,0.0,0.3,88.6,0.0,Midfielder
20,172,8.0,49.25,0.125,0.125,0.125,0.0,0.9,86.5,0.0,Midfielder
32,179,12.0,77.5833333333333,0.0,0.25,0.25,0.0,1.4,77.8,0.5,Midfielder
20,178,1.0,1.0,0.0,0.0,0.0,0.0,1.0,100.0,0.0,Midfielder
20,170,4.0,32.0,0.0,0.0,0.0,0.0,0.0,83.6,0.3,Midfielder
26,182,248.0,72.633064516129,0.0887096774193548,0.0967741935483871,0.205645161290323,0.0040322580645161,1.0,86.9,0.4,Midfielder
22,183,26.0,28.5,0.0384615384615384,0.0,0.115384615384615,0.0,0.2,84.1,0.5,Midfielder
28,184,135.0,72.0222222222222,0.037037037037037,0.0296296296296296,0.133333333333333,0.0,0.7,83.4,0.7,Midfielder
23,179,42.0,37.952380952381,0.0,0.0,0.0952380952380952,0.0,0.2,82.5,0.7,Midfielder
19,180,82.0,41.2682926829268,0.0853658536585365,0.0853658536585365,0.0121951219512195,0.0,1.1,78.7,0.2,Midfielder
21,179,74.0,46.0135135135135,0.0135135135135135,0.0405405405405405,0.0945945945945946,0.0,0.7,77.0,0.3,Midfielder
29,179,79.0,57.7848101265823,0.0632911392405063,0.0632911392405063,0.0886075949367088,0.0,0.7,79.3,0.9,Midfielder
30,178,165.0,61.0545454545455,0.0666666666666666,0.103030303030303,0.16969696969697,0.006060606060606,1.2,69.1,0.6,Midfielder
27,182,171.0,69.0701754385965,0.0584795321637426,0.0409356725146198,0.192982456140351,0.0,0.9,70.5,0.9,Midfielder
33,174,115.0,66.304347826087,0.173913043478261,0.165217391304348,0.2,0.0,1.5,78.6,0.3,Midfielder
18,184,7.0,34.7142857142857,0.0,0.0,0.142857142857143,0.0,0.7,83.6,0.1,Midfielder
26,178,236.0,72.9449152542373,0.207627118644068,0.135593220338983,0.0635593220338983,0.0,1.9,83.6,0.5,Midfielder
22,169,87.0,65.1379310344828,0.114942528735632,0.172413793103448,0.206896551724138,0.0,1.0,79.3,0.4,Midfielder
25,175,14.0,87.4285714285714,0.0,0.0,0.214285714285714,0.0714285714285714,0.5,67.6,0.8,Midfielder
21,175,19.0,35.8421052631579,0.0,0.0526315789473684,0.210526315789474,0.0,0.4,89.9,0.1,Midfielder
21,177,40.0,60.625,0.025,0.025,0.275,0.025,0.6,90.2,0.4,Midfielder
22,185,48.0,55.9375,0.0625,0.0208333333333333,0.0833333333333333,0.0,1.5,83.6,0.4,Midfielder
27,175,109.0,56.2385321100918,0.0642201834862385,0.110091743119266,0.0825688073394495,0.0,1.1,82.6,0.2,Midfielder
25,183,117.0,53.8547008547009,0.0512820512820512,0.0598290598290598,0.0854700854700854,0.0085470085470085,0.7,80.6,0.4,Midfielder
33,177,363.0,61.6418732782369,0.115702479338843,0.0853994490358126,0.0853994490358126,0.0,1.4,79.0,0.6,Midfielder
22,173,46.0,52.4130434782609,0.173913043478261,0.108695652173913,0.0869565217391304,0.0,0.9,76.7,0.4,Midfielder
29,189,99.0,68.8484848484848,0.212121212121212,0.0808080808080808,0.101010101010101,0.0,1.6,78.5,1.2,Midfielder
21,175,11.0,39.0,0.0,0.0,0.0,0.0,0.5,82.4,0.3,Midfielder
21,181,70.0,42.5,0.114285714285714,0.0571428571428571,0.0571428571428571,0.0,0.8,80.7,0.3,Midfielder
19,173,6.0,31.0,0.166666666666667,0.0,0.0,0.0,0.8,91.9,0.0,Midfielder
31,180,88.0,53.3181818181818,0.0909090909090909,0.0454545454545454,0.136363636363636,0.0227272727272727,0.5,84.1,0.5,Midfielder
20,173,14.0,47.3571428571429,0.0,0.0714285714285714,0.142857142857143,0.0,1.1,83.7,0.8,Midfielder
28,175,114.0,56.2543859649123,0.12280701754386,0.0964912280701754,0.114035087719298,0.0,0.9,84.7,0.3,Midfielder
21,182,17.0,18.1764705882353,0.0,0.117647058823529,0.0,0.0,0.6,84.2,0.2,Midfielder
25,170,206.0,65.0825242718447,0.0339805825242718,0.0097087378640776,0.0922330097087378,0.0048543689320388,0.6,90.0,0.3,Midfielder
27,182,40.0,43.125,0.15,0.0,0.025,0.0,0.8,81.1,0.4,Midfielder
30,188,13.0,37.4615384615385,0.0,0.0769230769230769,0.153846153846154,0.0769230769230769,0.8,80.1,0.8,Midfielder
23,170,116.0,62.1206896551724,0.0086206896551724,0.0344827586206896,0.103448275862069,0.0086206896551724,0.6,88.7,0.5,Midfielder
22,185,2.0,6.5,0.0,0.0,0.0,0.0,0.0,45.0,0.0,Midfielder
30,184,391.0,79.2429667519182,0.112531969309463,0.112531969309463,0.230179028132992,0.0076726342710997,1.3,83.2,0.9,Midfielder
21,178,1.0,17.0,0.0,0.0,0.0,0.0,0.0,85.7,0.0,Midfielder
20,180,5.0,20.6,0.0,0.2,0.0,0.0,1.4,90.0,0.0,Midfielder
27,185,215.0,72.1767441860465,0.0186046511627906,0.0744186046511627,0.27906976744186,0.0046511627906976,0.7,79.6,1.0,Midfielder
24,180,120.0,79.7166666666667,0.025,0.0666666666666666,0.216666666666667,0.0166666666666666,0.9,86.1,0.7,Midfielder
18,190,4.0,12.75,0.25,0.0,0.0,0.0,1.3,77.1,1.0,Midfielder
19,185,1.0,31.0,0.0,0.0,1.0,0.0,0.0,91.7,0.0,Midfielder
20,174,84.0,62.6904761904762,0.0595238095238095,0.0952380952380952,0.0476190476190476,0.0,0.9,89.2,1.1,Midfielder
23,175,14.0,34.0,0.0714285714285714,0.0,0.214285714285714,0.0,0.8,80.5,0.5,Midfielder
21,182,87.0,61.8965517241379,0.0689655172413793,0.149425287356322,0.172413793103448,0.0,1.3,75.7,0.7,Midfielder
25,182,52.0,46.2884615384615,0.115384615384615,0.0769230769230769,0.0769230769230769,0.0,0.9,69.9,0.3,Midfielder
26,180,101.0,66.1287128712871,0.099009900990099,0.128712871287129,0.0792079207920792,0.0099009900990099,1.5,82.4,0.2,Midfielder
26,178,209.0,67.6746411483254,0.0334928229665071,0.0526315789473684,0.143540669856459,0.0095693779904306,0.8,85.5,0.4,Midfielder
27,180,101.0,51.3168316831683,0.0297029702970297,0.0,0.0792079207920792,0.0099009900990099,0.5,84.8,0.4,Midfielder
26,178,82.0,40.9756097560976,0.0609756097560975,0.024390243902439,0.24390243902439,0.024390243902439,0.6,79.4,0.6,Midfielder
28,178,53.0,50.9433962264151,0.0188679245283018,0.0377358490566037,0.113207547169811,0.0188679245283018,0.3,82.9,0.3,Midfielder
19,181,5.0,6.0,0.0,0.0,0.0,0.0,0.4,91.7,0.0,Midfielder
21,189,23.0,41.3478260869565,0.0434782608695652,0.0869565217391304,0.0,0.0,0.4,76.4,0.5,Midfielder
26,171,125.0,35.584,0.064,0.032,0.096,0.0,0.8,85.0,0.2,Midfielder
21,167,35.0,74.8857142857143,0.171428571428571,0.285714285714286,0.142857142857143,0.0,2.1,74.0,0.5,Midfielder
23,180,67.0,73.8955223880597,0.0597014925373134,0.0298507462686567,0.17910447761194,0.0149253731343283,0.7,87.6,0.8,Midfielder
33,189,139.0,61.3597122302158,0.0287769784172661,0.129496402877698,0.0935251798561151,0.0215827338129496,0.9,86.9,0.7,Midfielder
23,175,10.0,25.3,0.1,0.0,0.0,0.0,0.6,76.5,0.4,Midfielder
23,172,21.0,44.3809523809524,0.0952380952380952,0.0,0.142857142857143,0.0,0.9,78.3,0.1,Midfielder
28,169,51.0,41.2549019607843,0.156862745098039,0.0980392156862745,0.0392156862745098,0.0,0.9,77.4,0.3,Midfielder
23,186,42.0,55.0476190476191,0.0476190476190476,0.0,0.19047619047619,0.0,0.5,82.9,0.8,Midfielder
22,170,38.0,37.5526315789474,0.0,0.0,0.131578947368421,0.0,0.5,82.8,0.4,Midfielder
21,172,46.0,43.2173913043478,0.0434782608695652,0.0217391304347826,0.0,0.0,1.2,74.8,0.4,Midfielder
29,165,101.0,62.0,0.108910891089109,0.0297029702970297,0.0792079207920792,0.0,1.2,86.2,0.4,Midfielder
22,188,106.0,57.1981132075472,0.0754716981132075,0.0566037735849056,0.207547169811321,0.0,0.9,88.3,1.1,Midfielder
27,188,97.0,67.3298969072165,0.0824742268041237,0.123711340206186,0.237113402061856,0.0206185567010309,1.0,84.9,1.4,Midfielder
22,181,71.0,42.5352112676056,0.0,0.0140845070422535,0.112676056338028,0.0,0.7,87.2,0.4,Midfielder
30,176,330.0,62.1575757575758,0.0878787878787878,0.0939393939393939,0.0939393939393939,0.0,0.7,83.2,0.4,Midfielder
33,174,4.0,56.75,0.0,0.0,0.25,0.0,0.0,76.5,0.5,Midfielder
19,179,26.0,45.0769230769231,0.230769230769231,0.0384615384615384,0.0384615384615384,0.0,1.0,84.8,0.3,Midfielder
25,170,83.0,70.5903614457831,0.0843373493975903,0.108433734939759,0.132530120481928,0.0120481927710843,1.1,83.6,0.1,Midfielder
28,186,342.0,70.0643274853801,0.169590643274854,0.175438596491228,0.187134502923977,0.0175438596491228,1.8,79.9,0.7,Midfielder
37,173,284.0,62.9260563380282,0.116197183098592,0.109154929577465,0.133802816901408,0.0035211267605633,1.1,83.0,0.5,Midfielder
23,174,117.0,65.0427350427351,0.230769230769231,0.102564102564103,0.136752136752137,0.0,1.7,78.1,0.2,Midfielder
27,172,130.0,61.3538461538462,0.0769230769230769,0.0923076923076923,0.115384615384615,0.0076923076923076,1.0,81.4,0.2,Midfielder
20,181,17.0,44.0588235294118,0.117647058823529,0.0,0.294117647058824,0.0,1.1,81.3,0.1,Midfielder
29,185,303.0,83.7755775577558,0.0957095709570957,0.0462046204620462,0.128712871287129,0.0,0.8,86.0,1.4,Midfielder
23,188,38.0,43.3157894736842,0.0,0.0,0.0789473684210526,0.0263157894736842,0.4,79.4,0.6,Midfielder
28,191,139.0,90.2158273381295,0.0,0.014388489208633,0.0359712230215827,0.0,0.0,69.9,0.3,Goalkeeper
27,190,197.0,88.8426395939086,0.0,0.0,0.0050761421319796,0.0050761421319796,0.0,81.6,0.2,Goalkeeper
16,190,5.0,72.2,0.0,0.0,0.0,0.0,0.0,53.9,0.2,Goalkeeper
32,185,9.0,83.1111111111111,0.0,0.0,0.0,0.0,0.0,73.0,0.0,Goalkeeper
31,189,44.0,87.25,0.0,0.0227272727272727,0.0,0.0,0.0,57.6,0.3,Goalkeeper
38,188,248.0,89.7741935483871,0.0,0.0040322580645161,0.0725806451612903,0.0,0.0,73.0,0.3,Goalkeeper
30,196,73.0,90.0,0.0,0.0,0.0,0.0,0.0,69.0,0.3,Goalkeeper
24,185,69.0,89.6086956521739,0.0,0.0,0.0579710144927536,0.0,0.0,70.3,0.4,Goalkeeper
29,195,2.0,90.0,0.0,0.0,0.0,0.0,0.0,38.1,0.5,Goalkeeper
28,193,36.0,87.3888888888889,0.0,0.0,0.0277777777777777,0.0,0.0,54.9,0.4,Goalkeeper
26,188,16.0,86.1875,0.0,0.0625,0.0625,0.0,0.0,72.4,0.3,Goalkeeper
39,190,392.0,88.5357142857143,0.0,0.0051020408163265,0.0280612244897959,0.0025510204081632,0.0,56.3,0.3,Goalkeeper
25,186,161.0,90.3167701863354,0.0,0.0062111801242236,0.0186335403726708,0.0062111801242236,0.0,76.5,0.2,Goalkeeper
25,196,14.0,89.7142857142857,0.0,0.0,0.0,0.0,0.0,80.4,0.3,Goalkeeper
26,190,29.0,90.0,0.0,0.0,0.0344827586206896,0.0,0.0,76.4,0.4,Goalkeeper
32,191,254.0,89.5551181102362,0.0,0.0,0.0551181102362204,0.0039370078740157,0.0,47.6,0.4,Goalkeeper
32,195,252.0,89.3968253968254,0.0,0.0,0.0873015873015873,0.0,0.0,65.4,0.3,Goalkeeper
27,188,206.0,90.3009708737864,0.0,0.0,0.0679611650485436,0.0,0.0,57.8,0.2,Goalkeeper
31,191,54.0,88.2407407407408,0.0,0.0,0.0185185185185185,0.0,0.0,57.5,0.5,Goalkeeper
23,188,3.0,90.0,0.0,0.0,0.0,0.0,0.0,73.2,0.7,Goalkeeper
26,198,132.0,89.3636363636364,0.0,0.0,0.0757575757575757,0.0075757575757575,0.0,73.7,0.4,Goalkeeper
31,188,375.0,88.9893333333333,0.0,0.016,0.0853333333333333,0.0053333333333333,0.0,82.4,0.2,Goalkeeper
28,193,4.0,81.25,0.0,0.0,0.0,0.0,0.0,78.1,0.0,Goalkeeper
34,192,379.0,89.7361477572559,0.0,0.0,0.0316622691292876,0.0052770448548812,0.0,70.3,0.2,Goalkeeper
33,190,126.0,89.1587301587302,0.0,0.0,0.103174603174603,0.0,0.0,59.4,0.3,Goalkeeper
31,193,115.0,88.9391304347826,0.0,0.017391304347826,0.0521739130434782,0.0,0.0,53.1,0.3,Goalkeeper
33,188,83.0,86.3855421686747,0.0,0.0,0.0120481927710843,0.0,0.0,56.6,0.1,Goalkeeper
28,188,183.0,88.3224043715847,0.0,0.0,0.103825136612022,0.0,0.0,63.7,0.3,Goalkeeper
33,190,280.0,89.8107142857143,0.0,0.0035714285714285,0.0214285714285714,0.0,0.0,70.5,0.3,Goalkeeper
32,189,295.0,89.3966101694915,0.0,0.0,0.0915254237288135,0.0067796610169491,0.0,71.9,0.3,Goalkeeper
24,189,7.0,90.0,0.0,0.0,0.0,0.0,0.0,62.2,0.0,Goalkeeper
31,194,112.0,89.9196428571429,0.0,0.0,0.0535714285714285,0.0,0.0,65.0,0.3,Goalkeeper
33,192,16.0,78.875,0.0,0.0,0.125,0.0,0.0,51.5,0.6,Goalkeeper
28,190,301.0,90.2458471760797,0.0,0.0033222591362126,0.0863787375415282,0.0,0.0,73.6,0.2,Goalkeeper
31,192,261.0,89.7509578544061,0.0,0.0,0.0613026819923371,0.0,0.0,48.4,0.2,Goalkeeper
27,186,37.0,90.0,0.0,0.0,0.108108108108108,0.0,0.0,64.2,0.2,Goalkeeper
29,189,129.0,88.5116279069767,0.0,0.0155038759689922,0.108527131782946,0.0077519379844961,0.0,60.8,0.4,Goalkeeper
30,194,156.0,90.1987179487179,0.0,0.0128205128205128,0.0641025641025641,0.0,0.0,57.2,0.2,Goalkeeper
27,185,22.0,87.9545454545455,0.0,0.0,0.136363636363636,0.0454545454545454,0.0,44.8,0.3,Goalkeeper
31,186,89.0,89.5056179775281,0.0,0.0,0.0449438202247191,0.0,0.0,44.3,0.4,Goalkeeper
31,188,220.0,89.6909090909091,0.0,0.0136363636363636,0.0545454545454545,0.0,0.0,67.6,0.3,Goalkeeper
30,185,132.0,90.1136363636364,0.0,0.0,0.0833333333333333,0.0151515151515151,0.0,67.3,0.4,Goalkeeper
21,190,12.0,90.0,0.0,0.0,0.0,0.0,0.0,69.2,0.7,Goalkeeper
32,188,211.0,90.0,0.0,0.0,0.0521327014218009,0.0,0.0,61.8,0.3,Goalkeeper
22,190,53.0,90.566037735849,0.0,0.0,0.0,0.0,0.0,69.0,0.2,Goalkeeper
34,193,205.0,90.1365853658537,0.0,0.0,0.0292682926829268,0.0,0.0,51.2,0.4,Goalkeeper
26,194,11.0,85.1818181818182,0.0,0.0,0.0,0.0,0.0,75.3,0.1,Goalkeeper
38,193,591.0,89.9644670050761,0.0,0.0016920473773265,0.027072758037225,0.0,0.0,79.2,0.1,Goalkeeper
19,188,53.0,90.0,0.0,0.0,0.0943396226415094,0.0,0.0,71.0,0.2,Goalkeeper
24,186,44.0,90.0,0.0,0.0227272727272727,0.0,0.0,0.0,62.3,0.6,Goalkeeper
25,199,56.0,90.0,0.0,0.0,0.0535714285714285,0.0,0.0,82.2,0.3,Goalkeeper
28,188,30.0,89.6,0.0,0.0333333333333333,0.1,0.0,0.0,78.7,0.2,Goalkeeper
28,195,61.0,85.327868852459,0.0,0.0,0.163934426229508,0.0,0.0,60.5,0.4,Goalkeeper
22,193,38.0,90.0,0.0,0.0,0.0263157894736842,0.0,0.0,59.5,0.2,Goalkeeper
25,196,375.0,89.3173333333333,0.0,0.0,0.0906666666666666,0.0026666666666666,0.0,78.7,0.2,Goalkeeper
28,186,70.0,89.6142857142857,0.0,0.0,0.0,0.0,0.0,55.7,0.2,Goalkeeper
25,193,319.0,89.742946708464,0.0,0.0,0.0689655172413793,0.0031347962382445,0.0,57.5,0.3,Goalkeeper
28,187,38.0,87.5526315789474,0.0,0.0,0.0263157894736842,0.0,0.0,57.3,0.2,Goalkeeper
33,185,44.0,87.3409090909091,0.0,0.0,0.0454545454545454,0.0,0.0,49.9,0.3,Goalkeeper
27,196,41.0,89.6829268292683,0.0,0.0,0.0,0.0,0.0,42.5,0.3,Goalkeeper
27,186,62.0,84.3387096774194,0.0,0.0,0.0161290322580645,0.032258064516129,0.0,61.2,0.2,Goalkeeper
30,194,171.0,89.7894736842105,0.0058479532163742,0.0,0.023391812865497,0.0,0.0,72.9,0.3,Goalkeeper
25,193,33.0,89.3939393939394,0.0,0.0,0.0303030303030303,0.0,0.0,61.9,0.3,Goalkeeper
35,183,462.0,90.2056277056277,0.0,0.0021645021645021,0.0259740259740259,0.0021645021645021,0.0,76.1,0.3,Goalkeeper
29,191,132.0,89.6666666666667,0.0,0.0,0.0606060606060606,0.0,0.0,53.2,0.2,Goalkeeper
32,190,148.0,88.7837837837838,0.0,0.0,0.0337837837837837,0.0,0.0,67.9,0.5,Goalkeeper
30,191,220.0,89.4454545454546,0.0,0.0,0.059090909090909,0.0045454545454545,0.0,66.5,0.2,Goalkeeper
23,188,43.0,86.9069767441861,0.0,0.0,0.0232558139534883,0.0,0.0,67.7,0.1,Goalkeeper
24,190,30.0,89.1333333333333,0.0,0.0,0.0,0.0,0.0,82.0,0.1,Goalkeeper
27,186,19.0,85.3157894736842,0.0,0.0,0.157894736842105,0.0,0.0,69.4,0.4,Goalkeeper
25,188,3.0,90.0,0.0,0.0,0.0,0.0,0.0,61.7,0.0,Goalkeeper
25,184,34.0,85.4705882352941,0.0,0.0,0.0588235294117647,0.0,0.0,82.0,0.2,Goalkeeper
26,190,46.0,88.0652173913043,0.0,0.0,0.0652173913043478,0.0,0.0,62.1,0.2,Goalkeeper
21,191,12.0,90.0,0.0,0.0,0.0,0.0,0.0,69.2,0.2,Goalkeeper
24,193,28.0,88.6071428571429,0.0,0.0,0.0714285714285714,0.0,0.0,56.2,0.2,Goalkeeper
35,191,141.0,88.3687943262411,0.0,0.0,0.0921985815602836,0.0,0.0,67.7,0.4,Goalkeeper
31,195,171.0,89.6666666666667,0.0,0.0058479532163742,0.0292397660818713,0.0,0.0,66.5,0.2,Goalkeeper
25,195,53.0,89.8679245283019,0.0,0.0,0.113207547169811,0.0,0.0,58.3,0.4,Goalkeeper
25,189,41.0,90.0,0.0,0.0,0.073170731707317,0.0,0.0,70.9,0.3,Goalkeeper
38,186,402.0,90.1542288557214,0.0,0.0024875621890547,0.0422885572139303,0.0024875621890547,0.0,51.9,0.2,Goalkeeper
23,189,77.0,89.6233766233766,0.0,0.0,0.0389610389610389,0.0,0.0,72.6,0.3,Goalkeeper
27,192,53.0,88.8490566037736,0.0,0.0,0.0943396226415094,0.0,0.0,55.7,0.4,Goalkeeper
26,190,25.0,85.8,0.0,0.0,0.04,0.04,0.0,57.3,0.2,Goalkeeper
34,185,34.0,90.0,0.0,0.0,0.0588235294117647,0.0,0.0,63.1,0.4,Goalkeeper
33,190,26.0,90.0,0.0,0.0,0.153846153846154,0.0,0.0,63.0,0.2,Goalkeeper
23,193,8.0,90.0,0.0,0.0,0.125,0.0,0.0,58.2,0.4,Goalkeeper
25,190,13.0,90.0,0.0,0.0,0.153846153846154,0.0,0.0,52.1,0.5,Goalkeeper
26,195,205.0,88.6829268292683,0.0,0.0,0.0048780487804878,0.0,0.0,80.4,0.2,Goalkeeper
29,192,50.0,88.16,0.0,0.02,0.04,0.0,0.0,47.9,0.2,Goalkeeper
32,189,491.0,89.9531568228106,0.0,0.0040733197556008,0.0386965376782077,0.0020366598778004,0.0,67.9,0.3,Goalkeeper
29,187,124.0,88.9677419354839,0.0,0.0,0.0403225806451612,0.0,0.0,60.9,0.3,Goalkeeper
25,190,42.0,90.0,0.0,0.0,0.142857142857143,0.0,0.0,55.8,0.2,Goalkeeper
29,191,115.0,89.0347826086957,0.0,0.0,0.008695652173913,0.008695652173913,0.0,54.3,0.2,Goalkeeper
24,194,29.0,92.1034482758621,0.0,0.0,0.172413793103448,0.0,0.0,62.7,0.3,Goalkeeper
27,184,139.0,89.3093525179856,0.0,0.0,0.079136690647482,0.0,0.0,53.4,0.3,Goalkeeper
28,196,183.0,89.5300546448087,0.0,0.0054644808743169,0.0327868852459016,0.0,0.0,65.1,0.3,Goalkeeper
23,191,15.0,85.1333333333333,0.0,0.0,0.0666666666666666,0.0,0.1,66.9,0.5,Goalkeeper
24,184,78.0,89.4230769230769,0.0,0.0,0.0384615384615384,0.0,0.0,75.0,0.5,Goalkeeper
27,183,64.0,89.890625,0.0,0.0,0.0625,0.0,0.0,62.5,0.2,Goalkeeper
29,187,84.0,87.5357142857143,0.0,0.0,0.0833333333333333,0.0,0.0,72.6,0.3,Goalkeeper
23,190,2.0,23.0,0.0,0.0,0.0,0.0,0.0,85.3,0.5,Goalkeeper
37,192,64.0,88.546875,0.0,0.0,0.109375,0.03125,0.0,63.1,0.3,Goalkeeper
23,199,84.0,90.7380952380952,0.0,0.0,0.0476190476190476,0.0,0.0,78.1,0.3,Goalkeeper
23,190,38.0,92.3947368421053,0.0,0.0263157894736842,0.0789473684210526,0.0,0.0,74.9,0.2,Goalkeeper
29,194,172.0,88.7267441860465,0.0,0.0,0.0465116279069767,0.005813953488372,0.0,65.6,0.2,Goalkeeper
28,193,146.0,90.0,0.0,0.0,0.0273972602739726,0.0,0.0,54.3,0.4,Goalkeeper
29,193,171.0,90.0994152046784,0.0058479532163742,0.0,0.0409356725146198,0.0058479532163742,0.0,67.6,0.4,Goalkeeper
24,191,70.0,89.8571428571429,0.0,0.0142857142857142,0.0142857142857142,0.0,0.0,60.4,0.3,Goalkeeper
25,186,174.0,89.7471264367816,0.0,0.0,0.0344827586206896,0.0,0.0,59.5,0.3,Goalkeeper
25,188,53.0,92.3207547169811,0.0,0.0,0.0377358490566037,0.0,0.0,77.1,0.3,Goalkeeper
29,188,44.0,90.0,0.0,0.0227272727272727,0.0227272727272727,0.0,0.0,70.5,0.3,Goalkeeper
29,191,293.0,89.0819112627986,0.0,0.0102389078498293,0.0409556313993174,0.0068259385665529,0.0,71.3,0.3,Goalkeeper
28,193,113.0,90.0,0.0,0.0,0.0442477876106194,0.0,0.0,77.7,0.3,Goalkeeper
30,190,37.0,78.8108108108108,0.0,0.0,0.135135135135135,0.0,0.0,60.9,0.3,Goalkeeper
26,192,10.0,90.0,0.0,0.0,0.0,0.0,0.0,71.1,0.2,Goalkeeper
32,194,198.0,88.7626262626263,0.005050505050505,0.0,0.0606060606060606,0.0,0.0,49.5,0.3,Goalkeeper
26,185,95.0,89.4421052631579,0.0,0.0,0.031578947368421,0.0,0.0,61.2,0.4,Goalkeeper
30,192,22.0,90.0,0.0,0.0,0.0909090909090909,0.0,0.0,70.8,0.3,Goalkeeper
31,192,171.0,87.812865497076,0.0,0.0116959064327485,0.0584795321637426,0.0058479532163742,0.0,62.7,0.3,Goalkeeper
31,195,82.0,88.1341463414634,0.0,0.0,0.0609756097560975,0.0121951219512195,0.0,54.3,0.2,Goalkeeper
26,185,1.0,1.0,0.0,0.0,1.0,0.0,0.0,0.0,0.0,Goalkeeper
23,190,15.0,90.0,0.0,0.0,0.0666666666666666,0.0,0.0,31.1,0.3,Goalkeeper
24,185,45.0,90.0,0.0,0.0,0.0666666666666666,0.0,0.0,76.6,0.4,Goalkeeper
25,192,169.0,89.0414201183432,0.0,0.0059171597633136,0.029585798816568,0.0059171597633136,0.0,65.9,0.3,Goalkeeper
34,191,86.0,86.5581395348837,0.0,0.0116279069767441,0.0232558139534883,0.0116279069767441,0.0,57.7,0.3,Goalkeeper
24,196,44.0,88.75,0.0,0.0,0.0227272727272727,0.0,0.0,67.4,0.2,Goalkeeper
25,192,35.0,87.5714285714286,0.0,0.0,0.0,0.0285714285714285,0.0,63.6,0.3,Goalkeeper
28,191,1.0,90.0,0.0,0.0,0.0,0.0,0.0,68.4,0.0,Goalkeeper
36,186,65.0,85.2,0.0,0.0,0.0923076923076923,0.0153846153846153,0.0,55.8,0.4,Goalkeeper
32,190,181.0,89.5801104972376,0.0,0.011049723756906,0.0883977900552486,0.005524861878453,0.0,58.5,0.2,Goalkeeper
24,194,43.0,89.046511627907,0.0,0.0,0.0697674418604651,0.0,0.0,71.7,0.4,Goalkeeper
32,186,107.0,89.4579439252337,0.0093457943925233,0.0,0.0747663551401869,0.0,0.0,58.8,0.2,Goalkeeper
35,199,198.0,89.3030303030303,0.0,0.0,0.0757575757575757,0.0,0.0,63.5,0.2,Goalkeeper
24,189,6.0,75.1666666666667,0.0,0.0,0.166666666666667,0.0,0.0,48.7,0.0,Goalkeeper
25,186,155.0,89.5870967741936,0.0,0.0,0.0838709677419354,0.0,0.0,62.9,0.4,Goalkeeper
31,193,299.0,90.1304347826087,0.0,0.0133779264214046,0.060200668896321,0.0033444816053511,0.0,52.0,0.3,Goalkeeper
34,195,146.0,88.4383561643836,0.0,0.0136986301369863,0.0821917808219178,0.0068493150684931,0.0,58.4,0.2,Goalkeeper
26,197,14.0,92.2142857142857,0.0,0.0,0.0,0.0,0.0,54.5,0.5,Goalkeeper
28,193,92.0,88.5108695652174,0.0,0.0,0.0543478260869565,0.0,0.0,59.2,0.2,Goalkeeper
24,188,13.0,85.9230769230769,0.0,0.0,0.0,0.0,0.0,77.1,0.3,Goalkeeper
28,193,192.0,89.1770833333333,0.0,0.0052083333333333,0.0364583333333333,0.0104166666666666,0.0,71.4,0.3,Goalkeeper
32,185,129.0,89.1395348837209,0.0,0.0,0.0620155038759689,0.0,0.0,45.5,0.3,Goalkeeper
31,187,6.0,90.0,0.0,0.0,0.0,0.0,0.0,72.5,0.2,Goalkeeper
24,167,73.0,37.3424657534247,0.0410958904109589,0.0684931506849315,0.0547945205479452,0.0,0.6,76.5,0.0,Midfielder
24,167,73.0,37.3424657534247,0.0410958904109589,0.0684931506849315,0.0547945205479452,0.0,0.6,76.5,0.0,Midfielder
