utterance,frame,coefficient1,coefficient2,coefficient3,coefficient4,coefficient5,coefficient6,coefficient7,coefficient8,coefficient9,coefficient10,coefficient11,coefficient12,speaker
2,25,1.307289,-0.600573,0.620979,0.385506,0.210833,-0.251575,-0.228647,-0.305328,-0.014519,-0.167528,-0.175811,0.088565,1
2,8,1.387501,-0.662854,0.476828,0.063931,0.162819,0.187999,-0.219977,-0.057997,-0.238385,-0.424237,-0.004846,0.192549,1
3,11,1.990155,-0.935262,0.470629,-0.153762,-0.091035,0.035063,-0.258664,0.058584,-0.014116,-0.473753,-0.146977,0.197983,1
5,22,1.58033,-0.758505,0.449784,0.176902,0.370277,0.063632,-0.331968,-0.092505,-0.260174,-0.301183,0.109651,0.084185,1
27,1,1.216277,0.012681,0.40898,-0.426374,0.215753,-0.353217,-0.101977,0.383549,-0.007235,-0.183563,-0.208273,0.020444,1
5,9,1.55236,-0.425376,0.199152,-0.039058,0.07622,-0.416775,-0.228764,0.065394,-0.183333,-0.120764,-0.088878,0.042436,1
11,20,1.216185,-0.547918,0.872284,0.14422,0.346811,0.161598,-0.322975,-0.16401,-0.23629,-0.232485,0.120199,-0.107251,1
3,6,1.486123,-0.091183,0.336031,-0.131567,-0.333492,-0.258345,-0.201333,0.043862,0.073675,-0.24716,-0.002587,0.190969,1
5,20,1.254506,-0.869107,0.554876,0.280537,0.260423,-0.0192,-0.447082,-0.113791,-0.110484,-0.289957,0.039887,0.026577,1
7,11,1.399804,-0.762135,0.670546,-0.046879,0.405863,0.043897,-0.364629,-0.148214,-0.250067,-0.217774,0.020494,0.162642,1
5,17,1.407183,-0.605374,0.423808,0.197096,0.090429,-0.052413,-0.107892,-0.167047,-0.331144,-0.315017,0.044318,0.192592,1
14,5,1.282603,-0.322722,0.398362,-0.309866,0.034961,-0.239511,-0.01917,0.328989,-0.246587,-0.321986,0.054446,0.141912,1
1,4,1.672665,-0.343458,0.263109,-0.167267,0.043357,-0.564522,-0.286775,0.230736,-0.122032,-0.099552,0.001257,0.113616,1
17,10,1.231321,-0.964072,0.715917,0.085806,0.277358,0.213157,-0.46491,-0.251291,-0.033184,-0.205472,-0.040164,0.022501,1
26,10,1.252486,-0.455359,0.665079,-0.161266,0.285273,0.006084,-0.274824,-0.117969,-0.374488,-0.179042,0.205048,0.026329,1
18,15,1.343653,-0.79558,0.499099,0.114245,0.337493,0.220848,-0.442922,-0.275754,-0.053718,-0.230026,-0.09443,0.092694,1
2,6,1.400231,-0.68394,0.489114,-0.321042,0.127285,0.097517,-0.130539,0.091988,-0.198951,-0.387992,-0.120141,0.106324,1
29,2,1.08985,-0.092389,0.430597,-0.278089,0.223769,-0.207304,0.019118,0.162994,-0.204544,-0.331463,-0.044924,0.234461,1
24,18,1.872214,-0.995666,0.85273,0.141706,0.194975,0.062342,-0.395435,-0.220422,-0.186839,-0.207742,0.032937,0.071721,1
9,16,0.971841,-0.597312,0.743277,0.261866,0.452168,0.044718,-0.28689,-0.017722,-0.332654,-0.199664,0.143094,-0.140823,1
26,3,1.487493,-0.2459,0.61902,-0.458685,0.024362,-0.126851,-0.353774,0.179671,0.026191,-0.261372,0.008659,0.142957,1
11,21,1.130783,-0.445543,0.364569,0.425989,0.531755,-0.24613,0.033795,-0.269103,-0.310263,-0.086934,-0.07091,0.057424,1
18,5,1.291198,-0.52998,0.587566,-0.084848,-0.325938,-0.234877,-0.301744,-0.000538,0.133549,-0.190451,-0.146277,0.215198,1
25,11,1.29037,-0.648581,0.930489,-0.14707,0.17843,0.207555,-0.376823,-0.048229,-0.183871,-0.36287,0.102153,0.070595,1
4,19,1.175227,-0.937689,0.701567,0.200096,0.201766,-0.031186,-0.363746,-0.090629,-0.279473,-0.281225,0.130948,-0.082822,1
10,15,1.351184,-0.677556,0.404298,0.35881,0.455207,-0.181377,-0.170452,-0.201633,-0.259083,-0.098875,-0.036473,0.034121,1
29,2,1.464189,0.053217,0.389357,-0.24935,0.165755,-0.321796,-0.225504,0.120788,-0.245839,-0.071939,0.066911,0.014287,1
26,10,1.335742,-0.283552,0.4823,-0.208787,0.323964,-0.039357,-0.031319,-0.117345,-0.339573,-0.218489,-0.167142,0.183731,1
15,13,0.856577,-0.183545,0.432902,0.300241,0.43772,-0.138838,-0.057541,-0.383162,-0.078646,-0.222391,-0.095005,0.052156,1
10,19,1.183276,-0.76871,0.624813,0.295512,0.173752,0.041093,-0.272356,-0.147752,-0.234849,-0.240623,0.044577,-0.086706,1
4,3,1.234654,-0.107083,0.504189,-0.151549,-0.409837,-0.666554,0.176855,0.024257,-0.085188,0.005654,-0.007566,0.168465,1
19,15,1.105063,-0.361028,0.399507,0.142749,0.442067,0.020123,-0.328473,-0.232185,-0.110911,-0.371956,0.083743,0.12826,1
5,1,1.66567,-0.251224,0.30971,-0.371666,-0.311727,-0.520932,-0.21593,0.255584,0.048732,-0.115333,0.063014,0.156787,1
12,14,0.793042,-0.247226,0.440944,0.34453,0.335469,-0.160599,-0.151398,-0.343337,0.009328,-0.400983,0.01996,0.087633,1
26,15,0.836499,-0.408787,0.621503,0.137621,0.397523,0.061317,-0.23053,-0.089801,-0.346905,-0.221605,0.231903,-0.047172,1
14,7,1.350008,-0.630733,0.472417,-0.254397,0.061382,-0.021562,-0.204925,0.115827,-0.105298,-0.454447,-0.0762,0.214493,1
8,5,1.677717,-0.331005,0.557505,-0.691774,0.167053,-0.277809,-0.484052,0.29072,-0.081371,-0.311812,-0.0978,0.034412,1
17,8,1.504163,-0.641297,0.43951,-0.024301,0.121429,0.168302,-0.22972,-0.22852,-0.118824,-0.311815,-0.127682,0.213003,1
9,13,1.270744,-0.606895,0.62233,0.140819,0.542111,-0.011489,-0.374397,-0.019385,-0.230698,-0.259715,0.062815,0.032935,1
8,6,1.49631,-0.058366,0.503373,-0.366392,-0.12415,-0.444358,-0.127737,0.137048,-0.05885,-0.232269,-0.047289,0.157446,1
16,7,1.427649,-0.338176,0.347535,-0.311427,0.397086,-0.020506,-0.408365,-0.011141,-0.140495,-0.302277,-0.122009,0.043477,1
9,7,1.729965,-0.591056,0.34575,-0.121536,0.036976,0.156905,-0.287593,-0.141473,-0.041858,-0.323904,-0.09804,0.182918,1
7,10,1.561812,-0.341313,0.532809,-0.338048,0.276729,-0.254892,-0.321675,-0.026014,-0.328668,-0.306133,0.023878,0.258802,1
29,19,0.977013,-0.348809,0.707327,0.216012,0.533745,-0.004777,-0.167701,-0.106995,-0.386168,-0.128815,0.135459,-0.14589,1
28,3,1.236526,-0.204128,0.456844,-0.526025,0.209161,-0.367808,-0.224912,0.412866,-0.182233,-0.288822,-0.022821,0.052026,1
17,11,0.25604,-0.015887,0.360707,-0.000276,0.59197,-0.100101,-0.189571,-0.189323,-0.260202,-0.207469,0.019726,0.059951,1
18,11,1.322102,-0.448322,0.642123,-0.161898,0.068909,0.043746,-0.154014,-0.288204,-0.15533,-0.151219,-0.095504,0.170023,1
17,4,1.601294,-0.553931,0.308314,-0.311712,0.004868,-0.2379,-0.001664,0.179583,-0.083984,-0.189362,-0.275253,0.106716,1
24,3,1.512927,-0.305422,0.434537,-0.578103,0.123878,-0.356449,-0.286346,0.445305,0.032688,-0.158888,-0.11975,-0.094798,1
22,17,1.031473,-0.706103,0.625887,0.087235,0.553565,-0.088849,-0.343944,-0.051795,-0.374963,-0.183224,0.105642,-0.001572,1
7,8,1.306239,-0.197304,0.409404,-0.363984,0.229075,-0.342244,-0.19479,-0.06831,-0.251026,-0.218385,-0.05055,0.251723,1
22,12,1.241012,-0.811797,0.549696,-0.066229,0.335268,-0.02289,-0.344647,-0.091678,-0.230122,-0.24228,0.010818,0.129176,1
1,17,1.546531,-0.556976,0.712057,0.07276,0.338227,-0.271046,-0.331239,-0.159139,-0.248844,-0.159776,-0.064375,0.133143,1
1,16,1.547938,-0.579402,0.765664,0.04268,0.355656,-0.275494,-0.424934,-0.126804,-0.227243,-0.186781,-0.059158,0.117885,1
3,16,1.490078,-0.653257,0.446414,0.066392,0.480976,-0.103687,-0.43608,-0.011642,-0.300611,-0.229628,0.131973,-0.006097,1
12,4,0.800297,0.302975,0.335931,-0.33177,-0.270319,-0.265806,0.199208,-0.049145,0.018432,-0.213068,-0.051511,0.131266,1
10,4,1.236936,-0.134536,0.200361,-0.205342,0.115107,-0.144189,-0.198622,0.060671,-0.167579,-0.23664,-0.135416,0.047944,1
6,1,1.316781,0.208962,0.247252,-0.122314,-0.291894,-0.538407,0.038262,0.028536,-0.165629,-0.145149,0.112608,0.108192,1
8,29,1.249188,-0.71255,0.424194,0.363984,0.199327,-0.164907,-0.3109,-0.2367,-0.23126,-0.177717,0.048325,-0.073199,1
22,8,1.699042,-0.467732,0.352263,0.027277,-0.017661,-0.130321,-0.376645,-0.091503,0.077631,-0.318319,-0.253165,0.148,1
8,3,1.493844,0.151059,0.599481,-0.435213,-0.209622,-0.580975,-0.021653,0.162263,-0.115507,-0.102577,0.025254,0.127344,1
5,14,1.612174,-0.724072,0.121253,0.269891,0.333275,-0.345888,-0.170601,-0.171993,-0.272781,-0.098009,-0.111772,0.05563,1
18,8,1.317975,-0.214486,0.331147,-0.179611,-0.11229,-0.170785,-0.036539,0.018351,0.078879,-0.361484,-0.202611,0.271559,1
16,3,1.290049,-0.151758,0.4302,-0.424655,-0.020797,-0.442189,-0.184192,0.272168,-0.106583,-0.249256,-0.01316,0.109049,1
2,12,1.591455,-0.471778,0.125782,0.048809,0.250247,-0.188473,-0.121802,0.001121,-0.280562,-0.177655,-0.1194,0.011129,1
18,1,1.468739,-0.720948,0.576898,-0.214658,-0.531025,-0.031477,-0.012811,0.118581,0.173086,-0.173132,-0.22238,0.075368,1
10,13,1.423059,-0.643738,0.296279,0.351851,0.452219,-0.207946,-0.171174,-0.173904,-0.319767,-0.0865,0.029628,0.026568,1
29,4,1.544737,0.19769,0.308297,-0.390524,0.246699,-0.18836,-0.118288,0.049998,-0.36579,-0.171895,0.067986,0.066837,1
20,7,1.540229,-0.356073,0.333341,-0.26174,0.189414,-0.111391,-0.151212,0.065817,-0.05416,-0.336337,-0.249153,0.200252,1
22,19,1.35755,-0.768087,0.707721,0.209641,0.231404,-0.177469,-0.364945,-0.065887,-0.190302,-0.305244,-0.028387,0.029089,1
24,8,2.003249,-0.463823,0.301816,0.065488,-0.276633,-0.016368,-0.103689,-0.158421,-0.02043,-0.292361,-0.252227,0.220654,1
11,13,1.530596,-0.649683,0.685855,0.070036,0.199452,0.06679,-0.374636,-0.227339,-0.195041,-0.218632,0.123853,0.071601,1
10,14,1.376422,-0.681156,0.406414,0.290211,0.466918,-0.142681,-0.19212,-0.216962,-0.275877,-0.068733,-0.025688,0.022251,1
14,8,1.274289,-0.434685,0.468077,-0.20373,0.260138,-0.20492,-0.145586,0.149549,-0.254864,-0.228173,0.025656,0.247534,1
18,10,1.297862,-0.377045,0.709652,-0.243636,-0.040671,-0.009519,-0.102215,-0.15165,-0.143997,-0.245385,-0.070859,0.220023,1
31,10,1.138961,-0.455763,0.641822,-0.149541,0.24695,0.01699,-0.141716,0.011811,-0.229672,-0.391195,-0.022486,0.227583,1
28,12,1.462704,-0.69514,0.803643,0.118761,0.011255,0.131562,-0.222778,-0.17886,-0.251469,-0.273721,0.115114,0.008981,1
18,14,1.491716,-0.828782,0.516537,0.005267,0.363333,0.284656,-0.468866,-0.290884,-0.063758,-0.230996,-0.055405,0.09592,1
8,1,1.422172,0.151471,0.596082,-0.437178,-0.129344,-0.613048,-0.019315,0.182442,-0.195741,-0.029516,0.019961,0.101176,1
1,11,1.51035,-0.548025,0.13193,-0.028036,0.104782,0.092027,-0.416792,-0.120635,-0.056442,-0.30885,-0.099587,0.103529,1
13,5,0.702899,0.16021,0.374029,-0.458545,0.058324,-0.410072,0.071827,0.248476,-0.212445,-0.202121,0.007736,0.121079,1
23,4,1.5382,-0.280949,0.386523,-0.440751,0.012413,-0.207275,-0.228632,0.189813,-0.023845,-0.249312,-0.003228,0.137781,1
1,2,1.547694,0.008754,0.319101,-0.29744,-0.007617,-0.636042,-0.29648,0.2627,-0.118514,-0.085128,0.030408,0.118123,1
7,1,1.29813,-0.204391,0.800532,-0.493828,-0.308468,-0.326608,0.044441,0.286279,-0.102278,-0.150698,-0.045042,0.088014,1
5,1,1.441249,-0.19691,0.480571,-0.446748,-0.118123,-0.372871,-0.162448,0.387664,-0.082049,-0.192631,0.033554,-0.008581,1
6,5,1.310997,-0.030111,0.507571,-0.491682,-0.360644,-0.290714,0.133114,-0.011299,-0.103233,-0.171606,-0.033292,0.112799,1
31,7,0.977183,-0.171669,0.390637,-0.243227,0.288333,-0.221358,-0.22562,0.142716,-0.11527,-0.256693,-0.07324,0.133995,1
26,5,1.548609,-0.395852,0.430163,-0.370181,0.131139,-0.014093,-0.346828,0.054198,-0.013478,-0.30158,0.010145,0.220486,1
24,16,1.402619,-0.596803,0.508378,0.027865,0.31885,0.002593,-0.297799,-0.018523,-0.315718,-0.343416,0.140657,0.060486,1
27,5,1.096366,-0.232957,0.58901,-0.355695,0.279578,-0.123471,-0.252119,0.273005,-0.153015,-0.334539,-0.169006,0.028544,1
15,2,1.291126,0.068776,0.896932,-0.294521,0.233098,-0.428556,-0.411853,0.254375,-0.150382,-0.234686,0.020957,0.063724,1
20,1,0.91504,0.113486,0.491946,-0.38262,-0.080644,-0.401453,-0.080646,0.232774,-0.183325,-0.287493,0.076799,0.082329,1
21,14,1.295962,-0.904501,0.733417,0.024133,0.098223,0.032393,-0.210975,-0.185079,-0.241676,-0.274942,-0.022922,0.114413,1
27,4,1.720759,-0.329536,0.539693,-0.282105,0.06568,-0.219773,-0.229438,-0.042303,-0.044778,-0.14762,-0.257499,0.118467,1
3,14,1.882291,-0.885675,0.428198,0.002923,0.265651,0.115176,-0.406025,-0.163888,-0.123137,-0.360651,-0.031532,0.200109,1
5,2,1.570194,-0.320125,0.547031,-0.460288,-0.154588,-0.308658,-0.142441,0.362066,-0.143885,-0.239804,0.087423,-0.000963,1
28,2,1.257687,-0.154022,0.334941,-0.183081,-0.267329,-0.112124,-0.178024,0.145034,-0.021484,-0.399561,-0.055051,0.186738,1
10,22,1.283262,-0.845536,0.703597,0.356229,0.196833,0.011877,-0.301048,-0.136343,-0.219837,-0.242036,0.036929,-0.122511,1
16,13,1.25838,-0.382374,0.421054,-0.043783,0.486485,-0.066118,-0.342631,-0.103734,-0.25765,-0.292643,0.043742,0.0407,1
24,16,1.671889,-0.761271,0.603038,0.218876,0.065373,0.145413,-0.291956,-0.28924,-0.126376,-0.255087,0.005098,0.175033,1
22,4,1.585777,-0.418757,0.336066,0.068958,-0.248636,-0.290405,-0.404455,0.052597,0.066125,-0.206246,-0.149652,0.058394,1
4,1,1.418749,0.129034,0.47528,-0.400347,0.040541,-0.57686,-0.259998,0.180785,-0.036081,-0.098609,0.020065,0.133878,1
2,4,1.43655,-0.206565,0.641775,-0.391073,-0.103646,-0.227374,-0.070016,0.138611,-0.125229,-0.182744,-0.021516,0.065927,1
18,4,1.575393,-0.572963,0.584884,-0.17643,-0.405552,-0.235987,-0.225425,0.060941,0.139739,-0.176076,-0.154424,0.163818,1
14,12,1.011749,-0.425444,0.760107,-0.045285,0.44411,-0.150515,-0.24194,0.013706,-0.253425,-0.228807,0.057901,0.161323,1
20,7,1.224938,-0.497523,0.796277,-0.586684,-0.014432,-0.175979,-0.452302,0.284026,-0.08223,-0.38325,-0.045221,0.001322,1
21,15,0.915334,-0.63776,0.579964,0.309014,0.277109,0.062199,-0.237463,-0.099908,-0.370466,-0.201949,0.114454,-0.150938,1
30,14,0.947621,-0.660556,1.143231,0.022668,0.436071,0.081502,-0.393783,-0.003644,-0.276161,-0.203999,0.118564,-0.225751,1
15,1,1.150639,-0.190578,0.562465,-0.146862,-0.402289,-0.385894,0.324414,-0.04772,-0.122438,-0.029703,-0.094095,0.158405,1
17,2,1.471378,-0.327257,0.245489,-0.298627,-0.093787,-0.295236,-0.030282,0.213114,0.033934,-0.198578,-0.168678,0.177098,1
21,10,1.611059,-0.817229,0.426707,0.040304,0.181371,-0.138424,-0.123358,-0.150019,-0.382172,-0.184026,0.029266,0.183786,1
4,16,1.556289,-1.043587,0.909457,-0.018181,0.018808,0.033865,-0.410164,-0.134829,-0.178459,-0.244507,0.090128,-0.077927,1
10,2,1.476022,0.014134,0.495687,-0.492308,-0.348115,-0.453957,0.178747,0.134743,-0.250135,0.052755,-0.01608,-0.089233,1
14,10,1.101487,-0.507149,0.595837,-0.089892,0.315784,-0.124667,-0.213016,0.090453,-0.255947,-0.217798,0.093615,0.168525,1
23,15,1.537053,-1.021175,0.567625,0.090479,0.049637,0.069154,-0.325253,-0.042998,-0.139264,-0.434381,-0.012477,0.150419,1
15,3,1.378514,0.015724,0.875981,-0.334586,0.263393,-0.388604,-0.405186,0.266404,-0.178577,-0.260021,0.026702,0.0591,1
23,15,1.437613,-0.68942,0.320577,-0.227823,0.245345,0.058723,-0.44867,-0.07369,-0.105041,-0.425161,-0.038743,0.171652,1
9,2,1.526055,-0.114201,0.486037,-0.436262,-0.155911,-0.382819,0.088281,0.274656,-0.233286,-0.226012,0.010427,0.101381,1
29,12,1.154107,-0.232998,0.636905,-0.046495,0.474789,-0.196517,-0.023221,0.017988,-0.557556,-0.142335,0.095569,0.038903,1
23,11,1.563245,-0.551948,0.293437,-0.293655,0.188841,0.113857,-0.324984,-0.066962,-0.052435,-0.431775,-0.200763,0.178873,1
31,12,1.100724,-0.511956,0.642864,-0.020074,0.326456,0.050264,-0.214036,-0.107523,-0.241159,-0.301212,0.051211,0.168885,1
6,14,1.49818,-0.339891,0.266016,0.018302,0.28121,-0.06495,-0.223262,-0.060338,-0.264617,-0.352943,-0.020135,0.175192,1
3,4,1.585858,-0.148691,0.696888,-0.433672,-0.369871,-0.325267,-0.192924,0.12444,-0.041498,-0.20858,0.129806,0.146745,1
8,3,1.750511,-0.308582,0.53531,-0.715814,0.040141,-0.356215,-0.477349,0.336016,-0.000313,-0.211349,-0.082473,-0.037075,1
19,5,1.162975,-0.235986,0.392406,-0.360919,-0.271118,-0.256223,0.076098,0.020137,0.068017,-0.356396,-0.168443,0.243819,1
11,10,1.47677,-0.418898,0.299984,-0.097451,0.287593,-0.25244,-0.068394,0.096903,-0.428354,-0.236317,-0.035986,0.150682,1
20,13,1.481268,-0.795681,0.569069,-0.439455,0.381887,0.057323,-0.484039,0.084482,-0.292945,-0.402932,0.079637,0.079272,1
4,9,1.543273,-0.853992,0.582981,-0.157712,-0.365579,-0.095108,-0.108669,0.035963,-0.057307,-0.386457,-0.185253,0.16828,1
10,5,1.500486,-0.170499,0.528804,-0.452345,-0.044726,-0.417028,-0.142913,0.210408,-0.316019,-0.170948,0.069617,0.04384,1
1,1,1.635533,0.024848,0.432087,-0.361914,-0.074776,-0.693481,-0.229621,0.261503,-0.089421,-0.020431,-0.008612,0.139754,1
1,19,1.388998,-0.728562,0.801037,0.101208,0.287227,-0.065235,-0.36335,-0.138497,-0.127783,-0.235129,-0.06768,0.108629,1
10,13,1.6184,-0.538103,0.462638,-0.067358,0.238743,-0.075426,-0.260208,0.025663,-0.331406,-0.381045,0.104549,0.140901,1
16,2,1.04741,0.336246,0.248383,-0.382609,-0.095124,-0.468017,-0.059318,0.314964,0.02762,-0.288403,-0.081207,0.018217,1
23,2,1.647792,-0.320824,0.595265,-0.555282,0.070723,-0.310653,-0.297112,0.311664,-0.118128,-0.249979,0.063763,0.162092,1
12,11,0.7937,-0.173967,0.284486,0.327683,0.282067,-0.076451,-0.154679,-0.366768,-0.040127,-0.290624,0.044375,0.095339,1
16,4,1.263908,-0.08385,0.45435,-0.471002,0.00913,-0.243589,-0.191004,0.189324,0.079851,-0.349622,-0.217839,0.154666,1
9,3,1.538597,-0.145072,0.238779,-0.268656,-0.358038,0.023831,-0.070798,0.102855,-0.009672,-0.438297,-0.022689,0.235453,1
11,12,1.448708,-0.367905,0.445529,0.008481,0.147957,0.168112,-0.316357,-0.295658,-0.169087,-0.204705,0.045708,0.103071,1
30,7,1.019561,-0.379438,0.5805,0.000425,0.189253,0.012434,-0.107702,-0.004791,-0.096377,-0.369858,-0.030121,0.205189,1
10,3,1.434685,-0.08974,0.268809,-0.283737,0.044152,-0.267194,-0.21518,0.177159,-0.114408,-0.200048,-0.110405,-0.009389,1
11,8,1.573314,-0.397875,0.251634,-0.024583,0.089206,-0.220509,-0.038019,0.157918,-0.37698,-0.300661,0.029323,0.148048,1
27,1,1.482768,-0.124894,0.573752,-0.262642,-0.043429,-0.326884,-0.259947,0.101963,-0.008893,-0.069691,-0.113352,0.044541,1
20,11,1.437891,-0.376128,0.793687,-0.142931,0.305722,0.06801,-0.216893,-0.09879,-0.339762,-0.355722,0.128608,0.15971,1
5,4,1.4297,-0.244747,0.529617,-0.48104,-0.075284,-0.33235,-0.141365,0.336681,-0.203517,-0.22564,0.121011,0.026731,1
10,6,1.393941,-0.224181,0.501645,-0.366471,-0.02613,-0.347102,-0.087742,0.104466,-0.367455,-0.169425,0.096432,0.079614,1
21,1,1.343719,-0.27459,0.498772,-0.377738,-0.040293,-0.286514,0.174393,0.304019,-0.288013,-0.224133,-0.134055,-0.008237,1
13,6,0.771904,0.110438,0.336901,-0.482479,0.123442,-0.344262,0.009709,0.225037,-0.195525,-0.259561,0.006332,0.104772,1
21,8,1.488843,-0.673018,0.393696,-0.0994,0.09975,-0.133793,-0.102514,-0.00637,-0.384401,-0.306269,0.0502,0.175925,1
23,4,1.922503,-0.131358,0.121297,-0.064366,-0.115012,-0.442741,-0.275862,0.141285,0.005277,-0.20748,-0.163136,0.016091,1
27,9,1.449144,-0.508827,0.552238,-0.265278,0.219058,0.237387,-0.310583,-0.174189,-0.192188,-0.320975,-0.027117,0.151665,1
18,9,1.284325,-0.27171,0.534851,-0.255311,-0.040557,-0.062876,-0.057025,-0.054398,-0.072339,-0.341362,-0.09613,0.285666,1
13,8,1.042758,-0.06453,0.446341,-0.42717,0.214259,-0.227749,-0.076586,0.255618,-0.333115,-0.28163,0.011456,0.015429,1
4,11,1.626277,-0.844833,0.55501,-0.044239,-0.308894,-0.003722,-0.225799,-0.06849,-0.008632,-0.340455,-0.155957,0.139002,1
23,3,1.815971,-0.124513,0.307278,-0.182076,-0.246316,-0.353763,-0.379602,0.215759,0.080989,-0.232605,-0.090966,0.001524,1
14,9,1.191268,-0.544804,0.31879,-0.038257,0.324971,-0.11459,-0.267356,-0.126101,-0.185195,-0.228677,-0.020787,0.133158,1
17,10,1.118043,-0.337721,0.288328,0.033412,0.53827,-0.095636,-0.332692,-0.122268,-0.214874,-0.247947,0.03768,0.066338,1
30,14,1.381959,-0.380126,0.353789,0.289633,0.262134,-0.131958,-0.183052,-0.141991,-0.386113,-0.163749,0.10516,-0.044367,1
19,7,1.320922,-0.269567,0.446169,-0.358876,0.163303,-0.037222,-0.193452,0.149636,-0.00795,-0.45807,-0.203661,0.182205,1
10,3,1.389361,0.015225,0.426657,-0.365413,-0.314519,-0.455878,0.167896,0.164595,-0.280009,-0.069689,0.025848,-0.045817,1
2,20,1.61242,-0.60699,0.416774,0.050611,0.24054,-0.08176,-0.047219,-0.173372,-0.269674,-0.118128,-0.176121,0.075934,1
2,11,1.64063,-0.471932,0.091516,0.061063,0.165614,-0.212629,-0.046723,-0.034998,-0.210997,-0.221234,-0.175446,0.072476,1
14,8,1.237384,-0.510523,0.36097,-0.187588,0.233576,-0.113671,-0.270326,0.009368,-0.150611,-0.369138,0.012995,0.197501,1
7,5,1.417637,-0.157945,0.520153,-0.572629,-0.039446,-0.253199,-0.059307,0.048715,-0.282594,-0.206558,-0.00389,0.169362,1
3,9,1.908451,-0.580881,0.431328,-0.259862,-0.209985,-0.07967,-0.147213,0.134547,-0.051157,-0.451099,-0.077406,0.226654,1
25,12,0.971092,-0.416604,0.306195,-0.212046,0.174819,-0.088769,-0.02291,-0.136161,-0.129152,-0.346467,-0.11163,0.351362,1
21,6,1.179826,-0.165594,0.381865,-0.061234,0.285824,-0.093728,-0.030273,-0.032882,-0.3906,-0.381579,0.041946,0.175163,1
28,6,1.331112,-0.303744,0.329994,-0.063735,0.140143,0.007809,-0.3093,-0.019939,-0.195018,-0.411622,0.09798,0.225047,1
1,13,1.321718,-0.311942,0.462991,0.144054,0.260473,-0.18642,-0.406317,-0.180396,-0.062192,-0.176076,-0.102425,0.001619,1
20,17,1.403385,-0.801059,0.659047,-0.035096,0.442497,-0.133564,-0.437229,-0.019641,-0.32301,-0.20334,0.032216,-0.066877,1
2,7,1.376047,-0.595044,0.40442,-0.081591,0.162077,0.135335,-0.161962,-0.044528,-0.204831,-0.384834,-0.071462,0.171193,1
1,4,1.717517,-0.218572,0.217119,-0.228186,-0.018608,-0.137624,-0.403318,-0.009643,0.164607,-0.323267,-0.210105,0.098098,1
17,15,1.375627,-0.792459,0.978507,-0.015287,0.422981,0.025122,-0.515855,0.014642,-0.269192,-0.363116,0.133912,-0.054855,1
27,9,1.305465,-0.533004,0.590922,-0.025334,0.313182,0.036521,-0.276372,0.080929,-0.256191,-0.385045,-0.017659,0.068826,1
30,1,1.534961,0.135152,0.359434,-0.40684,-0.159842,-0.254233,-0.264098,0.281291,0.122439,-0.232343,0.023277,0.014731,1
26,6,1.476997,-0.340477,0.427313,-0.499404,0.298888,0.028735,-0.339908,0.000482,-0.122845,-0.259053,0.026019,0.216762,1
12,4,0.987085,-0.112233,0.372049,-0.375791,-0.02395,-0.439617,0.047053,0.190476,-0.165435,-0.255345,0.038963,0.280815,1
13,8,1.450007,-0.178937,0.071381,-0.136031,0.147804,0.010888,-0.135866,0.077924,-0.091754,-0.435766,-0.100893,0.186682,1
2,15,0.630548,-0.423411,1.170455,0.288878,0.393472,0.166311,-0.055463,-0.183218,-0.28337,0.082538,0.020099,-0.294943,1
3,13,1.66936,-0.679862,0.256937,0.069152,0.122822,0.099089,-0.408978,-0.108924,-0.046027,-0.432718,-0.059613,0.247765,1
3,18,1.4529,-0.704247,0.378652,0.242781,0.311237,0.192922,-0.452417,-0.18149,-0.116275,-0.295192,0.053308,0.06499,1
24,2,1.913461,-0.136827,0.378663,0.028427,-0.638446,-0.338539,-0.069063,-0.11171,0.081588,-0.10744,-0.127575,0.139456,1
23,13,1.534153,-0.888564,0.655308,0.051023,-0.076622,0.022449,-0.285852,-0.025407,-0.094625,-0.392952,-0.069133,0.114314,1
21,4,1.401365,-0.379031,0.432996,-0.350367,-0.020553,-0.279934,0.089712,0.307476,-0.422538,-0.301505,-0.03681,-0.024021,1
5,13,1.627512,-0.753931,0.230844,0.148994,0.216088,-0.27685,-0.23204,-0.227556,-0.168355,-0.094685,-0.181778,0.061112,1
8,15,1.490069,-0.698884,0.398661,-0.06401,0.366971,-0.067635,-0.436847,-0.006558,-0.234806,-0.268016,0.035742,-0.010386,1
30,2,1.072831,-0.353014,0.60351,-0.223142,-0.103556,-0.302159,-0.056409,0.054185,-0.142722,-0.22593,-0.149259,0.223955,1
16,11,1.081263,-0.400506,0.516263,0.076383,0.49079,-0.146077,-0.438907,-0.052452,-0.133099,-0.27205,0.009551,0.045942,1
24,13,1.593208,-0.537919,0.481547,-0.035749,0.202876,-0.084086,-0.250517,0.102015,-0.296322,-0.419606,0.018099,0.067803,1
4,5,1.519423,-0.298427,0.396608,-0.470015,-0.019213,-0.519322,-0.213676,0.348197,-0.146555,-0.141138,-0.004335,0.069171,1
12,10,0.910412,-0.060027,0.349972,0.14695,0.143977,-0.029119,-0.129842,-0.456497,0.014726,-0.303288,0.036358,0.143797,1
9,21,1.466947,-0.849363,0.648174,0.291665,0.400575,-0.011553,-0.354638,-0.065039,-0.296866,-0.22897,0.132368,-0.141296,1
15,9,1.480535,-0.459641,0.565469,-0.450111,0.130934,-0.015084,-0.366796,0.224959,-0.071986,-0.403235,-0.112563,-0.023569,1
19,2,1.458401,-0.402869,0.732723,-0.365525,-0.485988,-0.246825,0.075483,0.125406,-0.010715,-0.152123,-0.073411,0.089511,1
29,13,0.947896,-0.360023,0.798481,0.186581,0.27265,0.114082,-0.223058,-0.185169,-0.150451,-0.242268,-0.025199,-0.034749,1
2,10,1.054153,-0.569813,0.945773,0.186283,0.324873,-0.126414,-0.268446,-0.016307,-0.274511,-0.155997,0.066983,-0.075748,1
31,15,0.958702,-0.54976,0.657031,0.092834,0.429399,0.134715,-0.323939,-0.130533,-0.212284,-0.314132,0.0901,0.098219,1
3,21,1.671099,-0.910977,0.587177,0.225236,0.370719,0.147173,-0.431996,-0.146687,-0.106379,-0.296911,0.065611,0.046339,1
16,5,1.491549,0.063008,0.428127,-0.54266,0.018214,-0.263247,-0.128327,0.205839,-0.131185,-0.273277,-0.021589,0.064058,1
3,22,1.633764,-0.935421,0.574273,0.269021,0.371818,0.119741,-0.396788,-0.122981,-0.152855,-0.268283,0.095911,-0.015915,1
7,13,1.318923,-0.761397,1.016823,-0.102251,0.279588,0.242179,-0.33482,-0.175908,-0.340134,-0.16225,0.217224,-0.078935,1
1,13,1.299045,-0.495095,0.029375,0.026418,0.218288,0.07575,-0.374873,-0.191542,-0.103774,-0.322266,-0.066122,0.130722,1
25,6,1.047732,-0.12045,0.536595,-0.503321,0.102444,-0.494826,-0.169133,0.284693,-0.258045,-0.097345,0.089078,0.094622,1
30,9,0.903557,-0.452195,0.691431,0.166877,0.174932,0.102996,-0.26331,-0.046844,-0.102154,-0.310935,0.022495,0.054024,1
25,2,1.08578,-0.07632,0.962219,-0.432658,-0.265439,-0.342712,-0.309686,0.244361,-0.036079,-0.229,0.119863,0.155059,1
15,11,0.997912,-0.322094,0.459435,0.148502,0.453039,0.018902,-0.14414,-0.452155,-0.018447,-0.174568,-0.166112,0.151809,1
9,7,1.415502,-0.231552,0.39539,-0.250305,0.10936,-0.166219,-0.058585,0.255279,-0.314097,-0.353636,-0.047847,0.059066,1
24,15,1.551883,-0.645818,0.505366,0.006721,0.28234,-0.026226,-0.289147,0.021019,-0.323223,-0.364772,0.104808,0.063911,1
9,13,1.611993,-0.71044,0.446422,0.177278,0.286573,0.102108,-0.367764,-0.156919,-0.2248,-0.242608,0.1645,0.047032,1
18,13,1.083681,-0.535234,0.695113,-0.004617,0.260558,0.02185,-0.124814,-0.314721,-0.257629,-0.113459,-0.031813,0.159526,1
22,14,1.461436,-0.56287,0.555253,-0.04839,0.189035,0.05741,-0.310338,-0.069051,-0.186268,-0.455682,0.029274,0.228166,1
13,17,1.314084,-0.576264,0.64117,0.316284,0.423832,-0.082105,-0.382053,-0.019413,-0.238557,-0.251735,0.11619,-0.125248,1
3,17,1.484179,-0.616083,0.375652,0.089378,0.53717,-0.10176,-0.469218,-0.017098,-0.265656,-0.239227,0.090342,-0.014393,1
25,14,1.292487,-0.684068,1.112072,-0.023419,0.187619,0.095196,-0.493182,-0.053582,-0.077201,-0.347681,-0.006659,-0.039019,1
23,22,1.294486,-1.051258,0.778014,0.128963,0.191628,0.113706,-0.360218,-0.09726,-0.229632,-0.385922,0.087421,0.06753,1
29,12,0.919329,-0.410579,0.802946,0.249172,0.253849,0.109066,-0.182043,-0.132196,-0.171851,-0.296547,-0.001335,0.039366,1
11,16,1.449085,-0.497414,0.648541,0.180151,0.351167,0.054097,-0.364103,-0.151392,-0.230353,-0.241537,0.157642,-0.025602,1
9,12,1.247187,-0.570349,0.521336,0.059979,0.457169,-0.024804,-0.340564,-0.023571,-0.299615,-0.284912,0.097339,0.050907,1
20,5,1.333981,-0.505,0.604433,-0.471978,-0.043074,-0.010171,-0.287954,0.238005,-0.014779,-0.475696,-0.098344,0.184223,1
16,6,1.57544,-0.033412,0.297828,-0.429078,-0.006524,-0.206306,-0.110903,0.272779,-0.120511,-0.423546,-0.077252,0.053937,1
15,7,1.420686,-0.390584,0.501999,-0.176515,0.234225,-0.124958,-0.1373,-0.211044,-0.047506,-0.192806,-0.348979,0.286742,1
1,3,1.939205,-0.239664,0.258561,-0.291458,-0.041053,-0.102034,-0.3833,0.019013,0.16951,-0.314894,-0.227908,0.074638,1
1,7,1.637373,-0.336227,0.152766,-0.223842,-0.026278,-0.009157,-0.363866,-0.003117,0.055479,-0.358107,-0.181643,0.082056,1
3,13,1.634308,-0.575518,0.479257,-0.206515,0.478854,-0.187659,-0.618975,0.041107,-0.201508,-0.221438,0.018803,-0.054331,1
5,20,1.378834,-0.694198,0.51823,0.152827,0.31479,0.038999,-0.298125,-0.072498,-0.308671,-0.309463,0.148453,0.108892,1
17,3,1.587682,-0.481388,0.32225,-0.361626,-0.039358,-0.279507,0.015308,0.196615,-0.028742,-0.200421,-0.255888,0.189391,1
15,10,0.988805,-0.289113,0.431559,0.1298,0.421833,-0.028105,-0.105608,-0.423628,-0.011217,-0.240974,-0.146034,0.227469,1
4,3,1.591019,-0.205715,0.406879,-0.372406,-0.081218,-0.429341,-0.212728,0.212601,-0.076819,-0.096227,0.021305,0.049853,1
30,3,1.165356,-0.389025,0.563948,-0.216534,-0.158108,-0.160067,-0.073883,0.034617,-0.11314,-0.289377,-0.105009,0.200262,1
18,10,1.543534,-0.588013,0.364039,-0.042124,0.009408,0.148713,-0.329056,-0.234776,-0.003796,-0.342396,-0.227204,0.181393,1
11,5,1.531482,-0.897376,0.260646,-0.224507,-0.1286,-0.291986,0.039358,0.314414,-0.204533,-0.290636,-0.080772,0.039547,1
4,6,1.34785,-0.187577,0.226653,-0.387164,-0.00983,-0.500333,-0.199827,0.335775,-0.111405,-0.162382,-0.024837,0.069645,1
29,9,1.139989,-0.197834,0.575838,0.11927,0.342504,-0.012693,-0.060078,-0.229496,-0.234844,-0.283657,0.054875,0.17442,1
23,7,1.605604,-0.039165,0.062297,-0.273415,0.01817,-0.159173,-0.275587,0.208781,-0.078718,-0.374794,-0.174135,-0.033492,1
13,12,1.453766,-0.464098,0.394296,0.178633,0.434347,-0.088104,-0.260313,-0.052081,-0.268762,-0.176284,0.076081,0.025526,1
24,1,1.814525,-0.081445,0.406462,0.045165,-0.691587,-0.336256,-0.11607,-0.142007,0.094531,-0.125119,-0.098098,0.192558,1
28,15,1.133621,-0.724162,0.579515,0.130178,0.471346,-0.075162,-0.389695,0.007727,-0.308836,-0.221711,0.156582,-0.038589,1
20,14,1.248242,-0.796845,0.723702,-0.340705,0.377425,0.063303,-0.474766,0.046401,-0.28444,-0.368781,0.083572,0.064423,1
30,2,1.701557,0.066036,0.248507,-0.437872,-0.010863,-0.259732,-0.258079,0.275764,0.083108,-0.324214,-0.040315,0.04022,1
4,2,1.609693,-0.148622,0.525358,-0.388008,-0.032264,-0.43117,-0.279059,0.158753,-0.094318,-0.071577,0.052514,0.068214,1
12,10,0.845396,-0.210409,0.341529,0.012874,0.53737,-0.1548,-0.347767,-0.017222,-0.192569,-0.197685,0.069121,0.053223,1
4,9,1.62313,-0.396171,0.31412,-0.462358,0.141207,-0.343424,-0.24678,0.326121,-0.20835,-0.270211,0.022227,0.095935,1
12,1,0.782225,0.156349,0.126031,-0.297001,-0.254736,-0.436808,0.116083,0.116246,-0.01362,-0.308773,0.171139,0.10801,1
19,4,1.241711,-0.24811,0.577114,-0.405381,-0.348131,-0.216412,0.104084,0.090499,0.015122,-0.256374,-0.129756,0.131035,1
7,2,1.337119,-0.229271,0.695718,-0.35941,-0.383559,-0.262643,0.047956,0.229711,-0.072884,-0.209177,-0.026791,0.090419,1
30,8,0.931958,-0.430595,0.652689,0.070191,0.208314,0.104163,-0.244137,0.007508,-0.087946,-0.378547,0.003126,0.141469,1
23,17,1.333623,-0.902786,0.584471,0.182821,0.045307,0.082179,-0.371148,-0.071736,-0.085781,-0.399465,-0.0649,0.116193,1
2,6,1.492324,-0.413803,0.583179,-0.197519,-0.242376,-0.23451,-0.026315,0.178486,-0.12212,-0.256385,-0.038403,0.06447,1
3,5,1.795333,-0.491939,0.601682,-0.474496,-0.161039,-0.292658,-0.269059,0.2184,-0.10058,-0.254699,0.004863,0.106071,1
29,5,1.178166,-0.28073,0.436398,-0.123665,0.317193,-0.046648,-0.068075,-0.025804,-0.212589,-0.151322,-0.253679,0.093293,1
28,7,1.459863,-0.414777,0.331581,0.02252,0.158602,0.028665,-0.358245,-0.026027,-0.20552,-0.394947,0.075713,0.179156,1
24,12,1.668651,-0.464887,0.434093,-0.130837,0.128839,-0.116643,-0.165769,0.149591,-0.271484,-0.411425,-0.077198,0.037566,1
5,19,1.361718,-0.960896,0.559628,0.226486,0.235033,0.063513,-0.455297,-0.159983,-0.100619,-0.25841,0.037011,0.008935,1
5,6,1.433324,-0.225448,0.443481,-0.393436,-0.102964,-0.31561,0.050606,0.233166,-0.225583,-0.199348,-0.012613,0.064897,1
3,10,2.12526,-0.826085,0.488411,-0.281048,-0.163277,-0.008763,-0.18626,0.124482,-0.054817,-0.464356,-0.132886,0.172822,1
21,2,1.46916,-0.201954,0.236249,-0.205359,0.061638,-0.173552,-0.018498,0.23112,-0.230229,-0.387972,-0.088216,0.116289,1
11,3,1.24666,0.151568,0.433001,-0.168661,-0.044385,-0.388238,-0.081486,0.150919,-0.101748,-0.242081,0.02314,0.146887,1
6,12,1.788249,-0.768673,0.283067,0.081496,0.043878,-0.204872,-0.189915,-0.122166,-0.273674,-0.23823,0.048968,0.223579,1
24,4,1.848799,-0.266479,0.34824,0.075756,-0.497886,-0.250879,-0.062838,-0.13264,0.059141,-0.137999,-0.2004,0.129727,1
17,1,1.399128,-0.343207,0.716811,-0.585551,-0.131684,-0.253698,-0.259544,0.391923,-0.031476,-0.274924,0.113393,0.099427,1
4,5,1.534783,-0.414512,0.273407,-0.008643,-0.452153,-0.532525,0.275157,0.032256,-0.135727,-0.158885,-0.070709,0.073425,1
5,3,1.55428,-0.317436,0.573071,-0.485027,-0.142375,-0.301735,-0.117745,0.348652,-0.189732,-0.21683,0.101555,-0.006452,1
19,2,1.110773,-0.003066,0.631543,-0.564313,-0.122728,-0.299133,-0.107636,0.272824,-0.022504,-0.188468,0.071057,0.118375,1
16,1,1.13164,0.270279,0.739673,-0.310325,-0.020386,-0.524192,-0.214623,0.168158,-0.178383,-0.121794,0.098868,0.112257,1
8,22,1.54572,-0.700667,0.273063,0.300405,0.260834,-0.20232,-0.209602,-0.277939,-0.198271,-0.123858,-0.0858,0.005472,1
23,14,1.409852,-0.586699,0.25726,-0.220493,0.209703,0.093715,-0.402253,-0.111243,-0.08985,-0.426665,-0.088544,0.180087,1
5,12,1.308726,-0.506875,0.549703,-0.126479,-0.065794,0.020474,-0.042475,0.136345,-0.349928,-0.476416,-0.008219,0.116695,1
27,12,0.955648,-0.513076,0.511201,0.262955,0.237176,0.115398,-0.192111,-0.252293,-0.165617,-0.247033,0.034718,0.064693,1
23,8,1.757725,-0.293167,0.068107,-0.113874,-0.111543,-0.041571,-0.274152,0.096114,-0.020608,-0.390189,-0.228064,0.052881,1
11,19,1.308073,-0.652099,0.840391,0.157879,0.332201,0.133879,-0.298925,-0.13018,-0.272617,-0.246499,0.135688,-0.077689,1
28,16,1.027953,-0.690171,0.640242,0.160346,0.483883,-0.026475,-0.407832,-0.016861,-0.264037,-0.260204,0.143513,-0.03278,1
8,23,1.528965,-0.709956,0.405092,0.196884,0.264607,-0.143951,-0.279675,-0.270672,-0.200066,-0.145391,-0.0578,0.022725,1
21,5,1.423469,-0.360519,0.434608,-0.082119,0.159725,-0.099565,-0.004533,0.052599,-0.378598,-0.345641,-0.052398,0.106167,1
17,13,0.590603,-0.317955,0.558842,0.182607,0.547286,-0.157872,-0.143011,-0.164173,-0.299377,-0.200045,-0.007571,0.081564,1
23,21,0.704187,-0.569231,0.342379,0.169821,0.379983,-0.190654,-0.192083,-0.27119,-0.229464,-0.152226,-0.026383,0.10156,1
3,15,1.626219,-0.70789,0.336811,0.044792,0.34695,0.06619,-0.332076,-0.116821,-0.226604,-0.362263,0.004972,0.161445,1
24,20,1.772602,-1.017697,0.885766,0.150642,0.227201,0.101175,-0.421517,-0.168739,-0.171756,-0.264767,0.075011,0.032363,1
5,5,1.602405,-0.359135,0.370285,-0.490972,-0.114847,-0.473727,-0.209386,0.131919,0.008094,-0.178367,-0.121264,0.271936,1
9,3,1.488735,-0.217296,0.45928,-0.381398,-0.084179,-0.32335,0.030877,0.290289,-0.21936,-0.280648,-0.022396,0.121299,1
10,10,1.43342,-0.353826,0.393166,-0.253941,0.121526,-0.179036,-0.053476,0.098822,-0.476129,-0.363448,0.05494,0.128705,1
24,10,1.665148,-0.346198,0.398822,-0.34498,0.123063,-0.052683,-0.179894,0.231593,-0.194647,-0.436268,-0.123319,-0.017848,1
20,2,1.24499,-0.102121,0.838958,-0.563446,-0.05456,-0.371272,-0.189012,0.442677,-0.262359,-0.2578,0.057034,-0.127025,1
18,4,1.694926,-0.49704,0.430179,-0.096841,-0.337184,-0.032963,-0.161065,0.012689,0.209272,-0.223919,-0.346177,0.122297,1
28,9,1.559236,-0.301215,0.339386,-0.219891,0.453345,-0.092298,-0.375013,0.086769,-0.317104,-0.294333,0.086733,0.049539,1
9,11,1.575489,-0.681505,0.433878,0.203983,0.250439,0.051999,-0.386008,-0.150184,-0.185599,-0.242247,0.087925,0.057007,1
30,6,1.121578,-0.310064,0.379863,0.029142,0.074446,0.032859,-0.033693,-0.041443,-0.065423,-0.329208,-0.05685,0.190683,1
16,15,1.119945,-0.429497,0.530462,0.123055,0.461943,-0.040234,-0.425122,-0.099275,-0.168386,-0.355327,0.055851,-0.005008,1
6,2,1.546594,0.153905,0.208579,-0.126525,-0.347069,-0.575495,0.129119,0.029862,-0.12089,-0.077795,0.037846,0.080831,1
1,11,1.466251,-0.38535,0.294102,-0.109096,0.418092,-0.220405,-0.328038,-0.092659,-0.184805,-0.142367,-0.13488,0.077458,1
3,10,1.675849,-0.580061,0.418193,-0.438228,0.117972,-0.038801,-0.353876,0.092082,-0.13377,-0.329098,-0.114842,0.004687,1
29,8,1.167316,-0.288402,0.562604,0.117765,0.275481,-0.097742,0.061768,-0.229624,-0.303981,-0.211557,-0.021845,0.207301,1
26,7,1.248447,-0.199289,0.534791,-0.279484,0.314338,-0.172977,-0.172354,0.087761,-0.080004,-0.218367,-0.312595,0.095468,1
18,19,0.948668,-0.50171,0.629602,0.104472,0.524328,-0.018305,-0.249413,-0.240205,-0.245911,-0.118478,-0.079405,-0.005528,1
19,8,1.21525,-0.207899,0.396295,-0.256758,0.240008,0.005079,-0.231156,0.026193,-0.052768,-0.459757,-0.109811,0.200211,1
13,13,1.248918,-0.493949,0.550772,0.162857,0.505091,-0.152953,-0.283755,-0.042731,-0.256534,-0.150737,0.093485,-0.006013,1
22,3,1.320935,-0.254262,0.251739,-0.091713,-0.178611,-0.317924,0.114873,-0.03081,-0.007479,-0.295896,-0.120982,0.233498,1
30,12,1.052878,-0.675214,1.04158,0.120184,0.315307,0.120912,-0.206793,-0.053528,-0.312807,-0.187248,0.113578,-0.132342,1
14,1,1.318772,-0.492045,0.494615,-0.420964,-0.085345,-0.322296,-0.133281,0.278574,-0.057916,-0.202664,-0.10533,0.170675,1
23,21,1.359027,-1.042243,0.788586,0.079155,0.165093,0.102162,-0.3677,-0.076297,-0.216628,-0.397941,0.077244,0.064491,1
7,6,1.417835,-0.099372,0.471114,-0.595027,0.110219,-0.337169,-0.115554,0.069107,-0.374232,-0.216007,0.012745,0.177393,1
3,8,1.679164,-0.329484,0.355374,-0.432256,0.035113,-0.197815,-0.315694,0.272385,-0.088523,-0.421688,-0.059489,0.059995,1
19,11,1.098663,-0.471676,0.590945,-0.159013,0.387425,0.037219,-0.330942,-0.041723,-0.181212,-0.363392,0.024452,0.14965,1
19,6,1.234981,-0.238298,0.333325,-0.315667,-0.241711,-0.237246,0.069969,-0.007909,0.083028,-0.42574,-0.2162,0.262637,1
18,21,0.870623,-0.492641,0.715869,0.174196,0.458146,-0.081129,-0.161138,-0.271707,-0.259461,-0.078972,-0.119568,-0.01613,1
8,17,1.454483,-0.539285,0.263371,-0.11897,0.32499,0.106863,-0.315349,-0.181119,-0.115588,-0.336404,-0.114374,0.181145,1
5,15,1.226955,-0.421396,0.416109,0.016116,0.18639,-0.17545,-0.039263,-0.127736,-0.358387,-0.341525,-0.015245,0.235838,1
2,10,1.981364,-0.630689,0.261975,-0.046982,0.076403,-0.257617,-0.015961,0.017001,-0.232117,-0.217084,-0.192819,0.089435,1
8,12,1.586304,-0.614515,0.267663,-0.239787,0.337778,-0.007428,-0.383705,-0.021307,-0.291419,-0.297178,0.059879,0.067328,1
12,15,0.658688,-0.234403,0.556802,0.349818,0.267389,-0.150809,-0.203088,-0.271299,-0.002447,-0.432495,0.054131,0.023707,1
16,14,1.164661,-0.399961,0.504965,0.002861,0.485255,-0.067494,-0.385267,-0.086977,-0.221528,-0.334659,0.056923,0.017084,1
25,2,1.116756,0.068768,0.554899,-0.598373,0.008984,-0.550347,-0.200604,0.382678,-0.144609,-0.128469,0.081545,0.061082,1
20,2,0.924537,-0.007616,0.538392,-0.449885,-0.084152,-0.321994,-0.057905,0.239916,-0.171668,-0.314774,0.012397,0.112309,1
22,1,1.179022,-0.187891,0.405189,-0.252152,-0.041295,-0.429274,0.081279,0.107952,-0.140674,-0.124007,-0.090637,0.190455,1
17,14,1.231724,-0.885307,0.626427,0.203215,0.441582,0.142586,-0.529258,-0.206287,-0.054861,-0.27773,-0.044835,-0.011528,1
11,9,1.564425,-0.521224,0.155951,0.011383,0.216085,-0.109312,-0.266337,-0.122736,-0.186496,-0.255777,0.007954,0.212715,1
24,11,2.081855,-0.600221,0.365229,0.166957,-0.094964,0.000211,-0.223099,-0.251368,-0.089013,-0.253617,-0.17696,0.167603,1
24,5,1.839051,-0.161169,0.16193,0.102184,-0.371271,-0.245521,-0.045897,-0.163659,0.076132,-0.246382,-0.216415,0.151553,1
7,6,1.340545,-0.351848,0.372448,-0.299475,0.065352,-0.174786,-0.086333,0.261406,-0.255937,-0.37392,0.002202,0.158061,1
2,12,0.839384,-0.513709,1.122638,0.222671,0.35727,-0.038884,-0.202166,0.0214,-0.283823,-0.167173,0.089642,-0.173624,1
3,20,1.565221,-0.811536,0.483607,0.264737,0.340265,0.173855,-0.421479,-0.181123,-0.093458,-0.289787,0.043696,0.066179,1
14,17,0.85789,-0.698744,0.573067,0.260127,0.425611,-0.093319,-0.397332,-0.140139,-0.204125,-0.233966,0.015279,-0.052425,1
24,1,1.028095,-0.01126,0.565499,-0.555177,0.160742,-0.502633,-0.246988,0.438153,0.038414,-0.035945,-0.037627,0.000314,1
29,17,1.087853,-0.400562,0.785272,0.081629,0.55669,-0.071217,-0.159991,-0.061384,-0.43404,-0.066978,0.073364,-0.140097,1
13,6,1.610055,-0.405364,0.327806,-0.30613,0.115126,-0.138801,-0.160862,0.175678,-0.014439,-0.252518,-0.123595,0.167189,1
13,10,1.072942,-0.19548,0.524181,-0.210005,0.381639,-0.199947,-0.096073,0.131493,-0.449187,-0.321487,0.065646,0.129865,1
17,4,1.667603,-0.455854,0.444622,-0.422037,-0.001333,-0.08312,-0.220889,0.281283,-0.028172,-0.388253,-0.049455,0.117501,1
18,8,1.565628,-0.5166,0.293509,-0.039328,-0.071116,0.125877,-0.329557,-0.156904,0.023562,-0.307376,-0.26486,0.096708,1
11,11,1.51234,-0.440015,0.370184,-0.061555,0.325185,-0.268885,-0.142325,0.035137,-0.382929,-0.206053,-0.037091,0.141026,1
12,2,0.796307,0.310857,0.562126,-0.258161,-0.516958,-0.353113,0.188654,-0.052386,0.112706,-0.067745,-0.016408,0.141233,1
23,18,1.139082,-0.704588,0.462714,-0.113362,0.357184,-0.064359,-0.387387,-0.159148,-0.183447,-0.257295,0.019106,0.160221,1
3,14,1.565723,-0.508004,0.446035,-0.087381,0.556704,-0.204583,-0.588855,0.001088,-0.202275,-0.156315,0.015014,-0.06466,1
16,12,1.381956,-0.4341,0.456064,-0.12495,0.483448,-0.027037,-0.403813,-0.061952,-0.232845,-0.274758,0.031929,0.01146,1
19,10,1.156129,-0.40727,0.481644,-0.17461,0.397306,-0.010448,-0.281453,-0.018871,-0.162091,-0.427711,-0.03314,0.245073,1
25,13,0.863153,-0.44672,0.346222,-0.182611,0.165489,-0.088881,-0.056906,-0.117438,-0.23817,-0.29863,0.000896,0.227644,1
28,9,1.580351,-0.644887,0.705852,-0.132887,0.085601,0.084489,-0.26289,-0.176328,-0.377097,-0.241837,0.187134,0.02612,1
13,1,1.537183,-0.019954,0.289778,-0.31196,-0.119883,-0.408652,-0.109311,0.423848,0.043656,-0.126077,0.068359,0.047961,1
14,2,1.306231,-0.446116,0.444882,-0.424154,-0.052017,-0.322153,-0.109557,0.27875,-0.034538,-0.225544,-0.143109,0.206543,1
26,14,1.141824,-0.29659,0.412605,-0.029596,0.483516,-0.185956,0.026482,-0.227243,-0.388302,-0.167532,-0.031777,0.233667,1
4,4,1.457268,-0.318523,0.427336,-0.127365,-0.399821,-0.612514,0.236434,0.039318,-0.129377,-0.053426,-0.064975,0.131102,1
5,7,1.560852,-0.32432,0.08428,-0.169021,-0.058893,-0.557847,-0.032517,0.049321,-0.134548,-0.193288,-0.088907,0.251756,1
2,14,1.541301,-0.530376,0.363522,-0.087405,0.251401,-0.116625,-0.04708,-0.164929,-0.350866,-0.086459,-0.096591,0.082467,1
9,6,1.305122,-0.146757,0.384763,-0.31596,0.077302,-0.201513,-0.049643,0.32598,-0.315737,-0.373952,-0.013419,0.053269,1
13,11,1.521947,-0.416731,0.369677,0.111857,0.353614,-0.034514,-0.160957,-0.148336,-0.235644,-0.218637,-0.007582,0.149372,1
10,9,1.687084,-0.710602,0.344205,0.270812,0.303004,-0.181684,-0.220784,-0.047721,-0.301402,-0.229903,0.022823,0.0793,1
11,5,1.678927,-0.57344,0.287046,-0.238049,-0.081163,-0.059355,-0.241884,0.16328,-0.077186,-0.403787,-0.049169,0.159453,1
8,7,1.651963,-0.115097,0.51023,-0.462003,0.000796,-0.393514,-0.189805,0.173542,-0.13887,-0.26414,-0.070056,0.141656,1
23,20,0.870741,-0.637351,0.424515,0.025324,0.398479,-0.153523,-0.289792,-0.211751,-0.200519,-0.211769,-0.001042,0.14924,1
4,10,1.623602,-0.883008,0.573858,-0.090257,-0.334159,-0.047162,-0.160032,0.009218,-0.043002,-0.406532,-0.161626,0.17891,1
4,17,1.421861,-1.056354,0.874371,0.061409,0.073847,-0.01579,-0.410899,-0.098065,-0.207248,-0.267319,0.119465,-0.098507,1
12,6,1.012066,-0.021166,0.312083,-0.3976,0.08378,-0.254674,-0.078382,0.201416,-0.199321,-0.376998,0.126316,0.216497,1
4,15,1.704241,-1.078002,0.869738,-0.023985,0.000518,0.08961,-0.418634,-0.165928,-0.109833,-0.251303,0.034556,-0.025393,1
26,17,1.132632,-0.344673,0.533299,-0.062261,0.532436,-0.03776,-0.115923,-0.314674,-0.236332,-0.193899,-0.100695,0.230127,1
13,9,1.08416,-0.16431,0.554122,-0.279785,0.303371,-0.141154,-0.148808,0.117579,-0.395519,-0.259447,0.091531,0.039691,1
7,10,1.390144,-0.727075,0.676456,-0.124334,0.275883,0.054657,-0.305154,-0.088756,-0.2902,-0.262234,0.071029,0.130958,1
23,5,1.74872,-0.023634,0.008908,-0.241831,-0.061589,-0.287173,-0.238979,0.162419,0.002002,-0.35808,-0.212957,0.01035,1
23,16,1.324031,-0.65479,0.390295,-0.22144,0.333581,-0.03566,-0.464159,-0.076206,-0.134893,-0.360836,-0.001696,0.164659,1
29,11,0.948798,-0.463278,0.768951,0.256821,0.276359,0.117379,-0.145911,-0.154972,-0.177908,-0.314891,-0.000686,0.140237,1
19,6,1.310379,-0.373949,0.563711,-0.437805,0.139653,-0.089183,-0.207204,0.315265,-0.101206,-0.464401,-0.088258,0.136884,1
21,13,0.956642,-0.580854,0.462303,0.393265,0.419488,-0.067009,-0.156778,-0.167305,-0.342095,-0.131351,0.050857,-0.063588,1
1,6,1.684695,-0.311977,0.195453,-0.23197,-0.06867,-0.003822,-0.34194,-0.008826,0.085097,-0.364329,-0.204794,0.101838,1
17,2,1.267651,-0.531646,0.698621,-0.607688,-0.138077,-0.115771,-0.253289,0.398088,-0.028213,-0.369421,0.08051,0.07993,1
30,11,1.05385,-0.68087,0.961209,0.161535,0.239084,0.223015,-0.215426,-0.14588,-0.237901,-0.216222,0.142017,-0.051177,1
5,17,1.463309,-0.796814,0.35513,0.238131,0.252769,-0.08381,-0.27268,-0.239268,-0.162374,-0.159496,-0.071656,0.087922,1
5,10,1.756285,-0.615969,0.208466,-0.047114,0.212092,-0.417191,-0.204745,-0.049585,-0.189937,-0.075709,-0.209564,0.074583,1
25,7,1.13148,-0.429922,0.777036,-0.261941,0.035569,0.039537,-0.395585,0.13301,-0.056545,-0.41671,-0.056627,0.104608,1
11,11,1.568572,-0.363897,0.235155,0.10727,0.146703,0.001142,-0.262599,-0.223589,-0.130822,-0.32877,-0.029691,0.232091,1
17,6,1.731402,-0.689267,0.407254,-0.267094,0.125183,-0.082639,-0.191287,0.172756,-0.12852,-0.34301,-0.187941,0.064776,1
30,9,1.53987,-0.409918,0.438086,-0.198798,0.314485,-0.03111,-0.339614,0.014123,-0.252998,-0.388685,0.051742,0.159288,1
5,16,1.233381,-0.414197,0.394049,0.067595,0.144318,-0.143461,-0.00922,-0.236112,-0.303605,-0.338016,-0.020634,0.265982,1
26,11,1.233207,-0.54963,0.735617,-0.079614,0.302559,0.046873,-0.288952,-0.100279,-0.385374,-0.259958,0.269133,0.057567,1
15,2,1.24706,-0.180708,0.501268,-0.159556,-0.332923,-0.332207,0.276059,-0.071612,-0.081193,-0.098538,-0.126867,0.194833,1
4,18,1.412283,-0.773601,0.382423,0.372458,0.346481,0.085014,-0.424451,-0.058962,-0.17258,-0.317765,0.103472,0.078916,1
14,1,0.909315,-0.112361,0.749605,-0.536469,-0.185042,-0.330685,-0.097017,0.368622,-0.110583,-0.107461,0.127103,0.017513,1
4,17,1.367969,-0.759905,0.343694,0.34163,0.340157,0.024921,-0.413321,-0.044715,-0.205051,-0.299596,0.108457,0.064431,1
12,5,0.732117,0.311745,0.273789,-0.363404,-0.15062,-0.21675,0.154201,-0.031906,-0.039511,-0.246001,-0.087859,0.144529,1
25,6,1.195848,-0.410752,0.828522,-0.317516,-0.053492,-0.005424,-0.360025,0.178071,-0.050732,-0.391653,-0.031934,0.077595,1
7,14,1.382492,-0.40479,0.471562,-0.063385,0.369611,-0.161873,-0.412308,-0.16332,-0.181777,-0.298663,0.079851,0.185592,1
27,5,1.827924,-0.446744,0.505982,-0.310774,0.163399,-0.084752,-0.301455,0.001326,-0.149856,-0.197757,-0.1463,0.000582,1
26,8,1.441154,-0.507687,0.562203,-0.322844,0.168882,0.128449,-0.317933,-0.110053,-0.210914,-0.210795,0.10995,0.104125,1
7,12,1.178201,-0.641641,0.652039,0.080602,0.374931,0.104423,-0.320441,-0.15926,-0.302562,-0.169468,0.139489,0.012541,1
6,10,1.780029,-0.532443,0.21,-0.150181,-0.127082,-0.035412,-0.234951,-0.050771,-0.136983,-0.391376,-0.023714,0.265352,1
30,6,1.683414,-0.213188,0.346652,-0.327435,0.255305,-0.06388,-0.345861,0.173926,-0.182883,-0.428078,-0.052652,0.009506,1
28,6,1.489338,-0.254832,0.538261,-0.493594,0.334906,-0.234932,-0.359588,0.254268,-0.288615,-0.252764,0.077202,0.04177,1
13,2,1.507315,-0.095101,0.345358,-0.356143,-0.013246,-0.384331,-0.153393,0.432324,0.008269,-0.184544,0.052687,0.027237,1
26,9,1.456962,-0.353006,0.495846,-0.152731,0.29729,-0.05861,-0.081148,-0.160745,-0.222021,-0.143808,-0.253586,0.139031,1
15,6,1.456287,-0.398315,0.505372,-0.232021,0.158393,-0.196216,-0.080687,-0.118531,-0.049382,-0.231234,-0.35541,0.335051,1
15,8,1.257783,-0.404659,0.613498,-0.447173,0.047093,0.009162,-0.354686,0.24171,-0.035688,-0.427174,-0.121588,-0.002249,1
1,10,1.617907,-0.527367,0.179878,-0.083292,0.031747,0.081424,-0.418227,-0.081175,-0.022385,-0.33766,-0.103184,0.102266,1
24,17,1.803776,-0.924345,0.795638,0.15709,0.133068,0.074282,-0.333668,-0.265803,-0.153147,-0.206243,-0.011869,0.128706,1
10,1,1.720754,0.010479,0.354998,-0.515847,0.032954,-0.492904,-0.176563,0.225939,-0.120848,-0.146941,-0.11194,0.069714,1
9,15,1.194817,-0.644733,0.756816,0.177003,0.440973,0.017718,-0.273847,-0.049389,-0.305747,-0.177675,0.08694,-0.103785,1
20,10,1.544377,-0.562113,0.719667,-0.079853,0.195899,0.13926,-0.319965,-0.057332,-0.157751,-0.379497,0.006639,0.110016,1
4,14,1.653296,-0.987157,0.733377,0.012034,0.003833,0.031168,-0.372246,-0.133379,-0.12298,-0.25823,0.034436,0.008776,1
21,14,0.937792,-0.566178,0.525134,0.341135,0.3627,0.003613,-0.220809,-0.122701,-0.345379,-0.175615,0.085078,-0.113304,1
29,4,1.185841,-0.362142,0.393791,-0.122981,0.308822,-0.024153,-0.071471,0.02213,-0.200472,-0.149551,-0.284025,0.096783,1
12,13,0.722642,-0.271583,0.456064,0.291553,0.555207,-0.269254,-0.304377,-0.153224,-0.03496,-0.257026,0.045477,0.017513,1
29,8,1.434067,-0.033376,0.409016,-0.234394,0.367146,-0.27261,0.021112,0.033469,-0.554132,-0.259289,0.039715,0.174952,1
12,6,0.781415,0.219573,0.3412,-0.366434,-0.093734,-0.167931,0.077928,-0.042151,-0.016295,-0.289385,-0.111269,0.19053,1
22,15,1.481151,-0.683364,0.744781,-0.043529,0.184797,0.014379,-0.395377,-0.047374,-0.167693,-0.405062,0.045713,0.133254,1
11,1,1.143824,-0.363423,0.816897,-0.426212,-0.309629,-0.315248,-0.11781,0.266063,-0.104472,-0.159541,0.034705,0.064737,1
17,5,1.572381,-0.62394,0.336461,-0.328932,0.070172,-0.134723,-0.003448,0.048695,-0.176489,-0.111709,-0.296203,0.037165,1
8,5,1.493543,-0.074407,0.596393,-0.458022,-0.137346,-0.52204,-0.0759,0.158902,-0.10831,-0.090392,-0.087862,0.138978,1
9,11,1.372593,-0.544259,0.582953,0.00058,0.302688,-0.030911,-0.232192,-0.033382,-0.332305,-0.298857,0.065516,0.08291,1
11,17,1.266675,-0.381534,0.426722,0.19933,0.45691,-0.210103,-0.130094,-0.191522,-0.329011,-0.111354,0.017625,0.073537,1
29,6,0.639795,-0.907816,0.374203,-0.481614,0.266529,-0.139499,-0.277493,0.03086,-0.314431,-0.334256,-0.161862,0.244724,2
3,16,0.159354,-1.108166,0.504088,-0.254141,0.645378,-0.350643,-0.519563,0.050015,-0.47663,-0.11685,0.113499,-0.096879,2
32,6,0.779221,-0.851132,0.159283,-0.414735,0.377365,-0.185283,-0.360635,-0.041383,-0.298001,-0.272549,0.029141,0.233652,2
28,7,0.327299,-0.850938,0.309164,-0.677891,0.105428,-0.261897,-0.198671,0.132606,-0.226234,-0.306453,-0.096265,0.282169,2
27,3,0.162537,-0.873477,0.321533,-0.67906,0.273054,-0.238144,-0.265211,0.179125,-0.270808,-0.333016,-0.088456,0.198222,2
16,3,0.410797,-0.75172,0.33981,-0.765183,-0.005059,-0.318248,-0.100349,0.26263,-0.257613,-0.273067,-0.00045,0.22119,2
9,11,-0.061628,-0.80018,0.167265,-0.21028,0.512227,-0.391669,-0.17136,-0.235924,-0.362315,-0.187059,0.020738,0.209523,2
15,4,0.011024,-0.421777,0.273527,-0.694634,0.057475,-0.372641,-0.126923,0.23949,-0.273785,-0.332705,-0.061772,0.205902,2
3,13,0.350453,-1.26483,0.416465,-0.330103,0.515634,-0.179353,-0.491433,-0.006159,-0.403006,-0.243719,0.10206,0.086905,2
30,4,0.336238,-0.768221,0.192078,-0.6895,0.283182,-0.297278,-0.180912,0.12258,-0.259059,-0.342618,-0.135643,0.315883,2
16,8,0.61409,-1.038372,0.226159,-0.532609,0.452296,-0.180815,-0.391608,0.009371,-0.369344,-0.267047,0.011266,0.223675,2
5,16,-0.320669,-0.929429,0.410157,-0.082526,0.751521,-0.461333,-0.269565,-0.082196,-0.466373,-0.006645,-0.042994,-0.096569,2
3,1,0.252195,-0.919811,0.53429,-0.71207,-0.28407,-0.363505,-0.161647,0.312162,-0.140145,-0.246842,0.02207,0.10401,2
29,15,-0.028197,-0.694694,0.490614,-0.007948,0.436976,-0.323816,-0.208991,-0.182498,-0.427856,-0.008738,0.081327,-0.089774,2
4,14,0.22357,-0.954402,0.245872,-0.254042,0.610154,-0.364151,-0.41158,-0.106099,-0.332629,-0.12594,0.010017,0.092574,2
5,3,0.042287,-0.635741,0.30325,-0.762551,-0.038376,-0.352712,-0.161119,0.309424,-0.184234,-0.278881,-0.038801,0.154551,2
19,3,0.283307,-0.693147,0.344072,-0.717348,0.089005,-0.371094,-0.165732,0.246794,-0.233401,-0.324107,-0.103005,0.18876,2
22,11,0.499462,-0.986091,0.360681,-0.342724,0.634325,-0.207775,-0.399425,0.022558,-0.447706,-0.183003,0.034587,0.006461,2
12,12,-0.024848,-0.977445,0.254997,-0.272374,0.695226,-0.449924,-0.343762,-0.043424,-0.500107,-0.102299,0.035956,0.063371,2
28,2,-0.003436,-0.572692,0.180654,-0.530611,0.008185,-0.312361,0.017155,-0.008735,-0.164208,-0.380997,-0.20565,0.361105,2
12,16,-0.133312,-0.972373,0.492373,-0.018671,0.691673,-0.41677,-0.244039,-0.081007,-0.41411,-0.0057,-0.05917,-0.146659,2
21,11,0.256616,-1.053248,0.33819,-0.437308,0.485448,-0.31294,-0.351327,-0.024182,-0.557445,-0.101494,0.222296,0.118179,2
12,10,0.04143,-0.950655,0.455045,-0.196777,0.668947,-0.342351,-0.29534,-0.023014,-0.538397,-0.049332,0.07288,-0.107658,2
29,4,0.393846,-0.904536,0.275838,-0.61799,0.201612,-0.253607,-0.233709,0.109528,-0.238017,-0.317861,-0.176287,0.295615,2
35,15,0.421333,-0.883872,0.550479,-0.21659,0.564381,-0.258955,-0.368175,-0.032602,-0.466383,-0.073189,0.035293,-0.160823,2
7,6,-0.038203,-0.640338,0.046573,-0.610972,0.225731,-0.422821,-0.070867,0.111946,-0.2428,-0.267128,-0.016516,0.349455,2
21,14,0.063955,-1.081502,0.524645,-0.25522,0.563987,-0.317655,-0.374231,-0.039603,-0.543508,-0.041424,0.120992,-0.10978,2
27,7,0.677881,-0.971917,0.26841,-0.555095,0.103252,-0.137257,-0.264575,0.121775,-0.242254,-0.337718,-0.008507,0.19774,2
8,6,0.145568,-0.746869,0.139544,-0.618606,0.199661,-0.376456,-0.109783,0.060524,-0.258764,-0.302912,-0.057824,0.380643,2
29,12,0.65914,-1.067526,0.462718,-0.016955,0.503527,-0.199376,-0.358462,-0.155672,-0.296493,-0.090295,-0.131577,0.003865,2
6,8,0.352489,-0.804188,0.161745,-0.544673,0.350485,-0.315513,-0.180594,-0.024576,-0.347735,-0.306385,-0.042592,0.370642,2
31,13,-0.183312,-0.97092,0.632592,-0.030957,0.734254,-0.379479,-0.287028,-0.004002,-0.455338,0.064034,-0.048191,-0.292374,2
33,11,-0.11376,-0.985113,0.488635,-0.13162,0.753298,-0.405871,-0.305554,0.027196,-0.524748,-0.026332,0.000367,-0.147744,2
35,14,0.495739,-0.913289,0.539982,-0.25304,0.556016,-0.214823,-0.382984,-0.021912,-0.463948,-0.101771,0.063027,-0.128743,2
9,5,0.024477,-0.548637,0.133365,-0.591911,0.187263,-0.413669,-0.005406,0.072159,-0.358317,-0.260606,0.015928,0.329135,2
14,17,0.170013,-0.918726,0.653312,-0.094463,0.609759,-0.306592,-0.379828,0.00182,-0.445424,-0.022644,0.030279,-0.237195,2
27,4,0.421651,-0.68417,0.227791,-0.607196,-0.251858,-0.184613,-0.171772,0.246691,-0.105976,-0.332613,0.07819,0.206092,2
16,10,0.534208,-1.097563,0.23193,-0.414866,0.51611,-0.243872,-0.424259,-0.038889,-0.378268,-0.197827,0.022577,0.176103,2
7,13,0.099729,-0.858451,0.261516,-0.081903,0.579942,-0.490169,-0.242392,-0.147757,-0.425596,-0.045456,0.019952,0.011976,2
26,7,0.306111,-0.960353,0.294289,-0.424312,0.443026,-0.242777,-0.273093,-0.001855,-0.448325,-0.291643,0.051548,0.263105,2
2,1,0.407083,-0.965201,0.494425,-0.811934,-0.213926,-0.223933,-0.198688,0.299522,-0.171709,-0.335435,0.029597,0.163757,2
30,12,0.039121,-0.773336,0.282282,-0.088199,0.542954,-0.220566,-0.371443,-0.08723,-0.3032,-0.198671,0.044519,0.032063,2
4,8,0.120406,-0.818459,0.266691,-0.558117,0.299097,-0.32678,-0.239981,0.076971,-0.25402,-0.327009,-0.140951,0.284613,2
19,6,0.07386,-0.901498,0.24508,-0.319118,0.606997,-0.435782,-0.294143,-0.046808,-0.538005,-0.0981,0.138966,0.093746,2
10,18,0.482451,-0.935339,0.43448,-0.08204,0.484657,-0.288814,-0.264296,-0.144944,-0.393165,-0.034957,-0.043831,-0.04243,2
7,5,0.854973,-0.610673,0.110245,-0.540449,0.083668,-0.321981,-0.007487,0.086329,-0.302256,-0.314075,-0.022023,0.310622,2
5,12,-0.155759,-0.843909,0.23155,-0.306704,0.639415,-0.445753,-0.340794,-0.079987,-0.435121,-0.114149,0.048763,0.151884,2
26,12,0.186629,-0.89639,0.466631,-0.232118,0.608904,-0.347307,-0.348828,-0.049049,-0.496199,-0.054313,0.073143,-0.070095,2
8,8,0.058621,-0.853558,0.127213,-0.539733,0.318595,-0.412483,-0.169518,0.004884,-0.295268,-0.27649,-0.020103,0.375098,2
19,13,-0.27231,-0.831856,0.611069,0.084071,0.655292,-0.480368,-0.128819,-0.007711,-0.361603,0.073412,-0.16365,-0.226369,2
2,12,1.227172,-1.051519,0.07672,-0.071666,0.303183,-0.197478,-0.340254,-0.196085,-0.295786,-0.204725,0.010567,0.159175,2
7,14,0.105163,-0.867614,0.319923,-0.056164,0.544872,-0.486897,-0.243716,-0.157197,-0.414837,-0.024556,0.006712,-0.015674,2
14,12,0.078363,-0.7838,0.342587,0.071247,0.521248,-0.335369,-0.199078,-0.175952,-0.349082,-0.011119,-0.00306,-0.125079,2
11,14,0.385933,-0.933623,0.44814,-0.23392,0.586347,-0.30954,-0.329273,-0.035691,-0.475551,-0.004716,0.068494,-0.117403,2
18,15,-0.056126,-0.873174,0.571633,-0.020026,0.55644,-0.404409,-0.269101,-0.140254,-0.387407,0.072492,-0.1184,-0.213854,2
32,8,0.667821,-1.029644,0.326426,-0.402667,0.493886,-0.177333,-0.424114,-0.050933,-0.415088,-0.194446,0.073116,0.127427,2
4,16,0.105357,-0.942579,0.404889,-0.157515,0.626762,-0.404121,-0.399457,-0.064388,-0.342219,-0.074794,-0.00305,-0.021142,2
18,6,0.419176,-0.998484,0.24902,-0.598272,0.352814,-0.177792,-0.312767,0.032217,-0.315928,-0.291566,-0.080211,0.271888,2
19,14,-0.278438,-0.785575,0.632731,0.099364,0.640285,-0.487492,-0.098489,-0.015887,-0.35873,0.080789,-0.189676,-0.235416,2
16,7,0.601561,-1.035541,0.244269,-0.585741,0.384551,-0.196279,-0.32892,0.084297,-0.362589,-0.29934,-0.01422,0.218458,2
32,1,0.127829,-0.830983,0.330256,-0.760286,-0.016945,-0.205883,-0.250666,0.237574,-0.157167,-0.355975,-0.027558,0.229664,2
21,12,0.186666,-1.059223,0.41684,-0.34392,0.50945,-0.278363,-0.344664,-0.043114,-0.535276,-0.080996,0.174195,0.041718,2
3,7,0.324333,-0.930829,0.34441,-0.730384,0.125697,-0.253848,-0.259015,0.24317,-0.258918,-0.328931,-0.042701,0.227737,2
18,6,0.404538,-0.994656,0.254748,-0.30998,0.647552,-0.337771,-0.442309,-0.049642,-0.390717,-0.119725,-0.003369,0.085727,2
3,2,0.145563,-0.838868,0.52385,-0.793164,-0.29172,-0.339685,-0.203384,0.349304,-0.095303,-0.277426,0.030153,0.142595,2
4,17,0.027341,-0.937604,0.446991,-0.098942,0.654034,-0.403974,-0.38528,-0.058259,-0.346062,-0.070639,-0.021544,-0.0746,2
18,10,0.358281,-1.07499,0.301692,-0.395383,0.549049,-0.252027,-0.457588,-0.014085,-0.395279,-0.207505,0.040745,0.123939,2
23,5,0.494595,-0.890348,0.293451,-0.736231,0.211156,-0.232768,-0.274966,0.224259,-0.300307,-0.315645,0.018958,0.217572,2
34,4,0.322642,-0.887603,0.456735,-0.762066,0.04609,-0.276718,-0.160895,0.237064,-0.376505,-0.333817,0.019166,0.199862,2
4,1,0.234252,-0.637166,0.330225,-0.714785,-0.21702,-0.361322,-0.17821,0.290203,-0.094966,-0.243508,0.029613,0.188953,2
9,7,0.937716,-1.157855,0.22634,-0.568171,0.196033,-0.142509,-0.331904,0.003971,-0.284465,-0.265783,0.033619,0.311786,2
24,3,0.648105,-0.877056,0.287245,-0.685775,0.054449,-0.230171,-0.177191,0.177001,-0.217094,-0.317902,-0.030474,0.344502,2
22,3,0.063921,-0.477587,0.202541,-0.636271,0.054715,-0.352187,-0.065495,0.183186,-0.188651,-0.349578,-0.117027,0.21711,2
26,1,-0.203587,-0.650871,0.266193,-0.71443,0.0441,-0.309625,-0.116088,0.175169,-0.233761,-0.306957,-0.085915,0.262609,2
23,7,0.558421,-1.017857,0.246187,-0.662507,0.3902,-0.193293,-0.359712,0.148281,-0.370035,-0.312636,0.015651,0.207528,2
21,2,0.529635,-0.941595,0.390324,-0.852572,-0.052126,-0.170119,-0.268648,0.29863,-0.050592,-0.237049,-0.019907,0.201951,2
5,15,0.093626,-1.057497,0.500495,-0.229134,0.677528,-0.32672,-0.466712,0.025128,-0.451057,-0.096695,0.031025,-0.118206,2
15,5,0.021487,-0.463489,0.270523,-0.670915,0.131422,-0.341265,-0.130326,0.192638,-0.316599,-0.358783,-0.068809,0.224446,2
33,3,0.24897,-0.580321,0.125208,-0.558728,0.233316,-0.32215,-0.092638,0.080622,-0.254064,-0.422998,-0.143995,0.300971,2
28,14,0.057249,-0.784134,0.536233,-0.122129,0.621483,-0.273935,-0.285796,-0.091722,-0.431738,-0.078106,0.034417,-0.117289,2
26,9,0.308328,-0.991146,0.390204,-0.299887,0.526945,-0.269961,-0.320801,-0.037362,-0.468365,-0.16754,0.076256,0.08853,2
7,4,0.643126,-0.579417,0.193395,-0.600539,0.030045,-0.35006,0.012732,0.153596,-0.318819,-0.3046,0.018906,0.284844,2
30,7,0.324299,-1.104861,0.375945,-0.395041,0.45334,-0.127502,-0.345775,-0.080082,-0.333042,-0.279086,-0.13219,0.205399,2
21,13,0.143563,-1.070854,0.478837,-0.287425,0.546448,-0.287038,-0.35841,-0.042757,-0.540125,-0.060356,0.139466,-0.046249,2
17,2,-0.01349,-0.835472,0.386997,-0.776314,-0.033523,-0.306264,-0.078264,0.221769,-0.35081,-0.24603,0.055975,0.217062,2
15,1,0.066991,-0.481215,0.130932,-0.479707,0.239743,-0.273811,-0.114604,0.031454,-0.194094,-0.430506,-0.190114,0.261589,2
7,14,-0.198377,-0.880259,0.2684,-0.094866,0.685042,-0.548845,-0.266125,-0.117711,-0.422691,0.003573,-0.021872,-0.028587,2
24,1,-0.270143,-0.576956,0.38032,-0.779134,-0.235364,-0.374481,-0.057735,0.280862,-0.109754,-0.246344,-0.021104,0.191781,2
25,5,0.124151,-0.64095,0.077944,-0.608826,0.318839,-0.197028,-0.282746,0.064618,-0.201886,-0.310042,-0.136438,0.26349,2
5,7,-0.080492,-0.738406,0.196706,-0.568162,0.277019,-0.363311,-0.17425,0.095876,-0.29939,-0.317502,-0.092175,0.306603,2
13,13,0.320597,-1.017773,0.369808,-0.215202,0.722743,-0.36583,-0.452823,0.033209,-0.426584,-0.089084,-0.009386,-0.121205,2
27,6,0.570541,-0.862708,0.268815,-0.595202,-0.031927,-0.148561,-0.210835,0.189481,-0.189315,-0.350756,0.007609,0.195882,2
19,13,-0.222336,-0.676937,0.222632,-0.028832,0.521267,-0.263002,-0.360308,-0.121727,-0.35815,-0.178741,0.019254,-0.000309,2
21,9,0.131143,-1.031407,0.33171,-0.49824,0.463167,-0.318164,-0.340547,0.030136,-0.521144,-0.19801,0.152106,0.20611,2
25,6,0.228042,-0.791653,0.160005,-0.573168,0.428951,-0.191801,-0.304899,0.027993,-0.289503,-0.300313,-0.131309,0.227531,2
22,11,0.232238,-0.959482,0.273334,-0.234909,0.560758,-0.29146,-0.311147,-0.116938,-0.402946,-0.196174,0.039745,0.151958,2
19,5,0.041875,-0.824735,0.194974,-0.350523,0.56212,-0.429211,-0.253084,-0.040869,-0.517143,-0.171587,0.127472,0.167167,2
7,12,-0.030925,-0.944214,0.17524,-0.231356,0.606478,-0.492863,-0.319674,-0.114906,-0.34919,-0.099656,0.019175,0.161978,2
8,1,0.02502,-0.665521,0.276949,-0.796809,-0.042466,-0.454755,0.006449,0.240018,-0.261964,-0.196587,0.014225,0.232199,2
32,9,0.597809,-1.076918,0.354765,-0.325892,0.535755,-0.213686,-0.406216,-0.042878,-0.428345,-0.167017,0.063139,0.084363,2
24,4,0.8681,-0.978467,0.259285,-0.635876,0.073404,-0.178883,-0.205359,0.12032,-0.258104,-0.332144,-0.00913,0.320187,2
4,1,-0.12072,-0.530613,0.5371,-0.775858,-0.19392,-0.488139,-0.224763,0.321457,-0.060211,-0.182948,-0.014524,0.134734,2
7,3,0.703102,-0.549696,0.18911,-0.623961,-0.04891,-0.366431,0.027513,0.173851,-0.289195,-0.267371,0.033017,0.240855,2
27,5,0.483277,-0.738669,0.233074,-0.590805,-0.158132,-0.156943,-0.183993,0.238566,-0.140238,-0.356994,0.042913,0.208691,2
19,4,0.016765,-0.788281,0.167016,-0.416867,0.520415,-0.401913,-0.203976,0.002096,-0.489879,-0.252674,0.074365,0.227441,2
18,3,0.391482,-0.888679,0.123573,-0.574207,0.522587,-0.31412,-0.352073,0.042825,-0.391001,-0.206772,0.018602,0.254731,2
28,2,0.104743,-0.633553,0.427702,-0.873008,-0.221169,-0.313377,-0.04792,0.254601,-0.10069,-0.147255,-0.020669,0.149553,2
17,4,0.077907,-0.884439,0.356773,-0.700938,0.038354,-0.259697,-0.144578,0.124628,-0.333427,-0.238928,0.04023,0.285429,2
14,6,0.40876,-0.762213,0.07908,-0.532372,0.432181,-0.354771,-0.218027,0.007159,-0.302033,-0.290371,-0.09234,0.289922,2
10,13,0.583391,-1.036567,0.372112,-0.330355,0.549145,-0.316386,-0.474116,0.026911,-0.47702,-0.109782,0.15188,-0.035487,2
8,8,0.194874,-0.741374,0.167392,-0.55239,0.398406,-0.404177,-0.16707,0.080257,-0.458694,-0.269413,0.014534,0.256814,2
7,3,-0.049079,-0.613866,0.215648,-0.803949,-0.048283,-0.483122,-0.004633,0.298641,-0.173338,-0.158227,0.026356,0.254996,2
10,14,0.442473,-1.008526,0.423647,-0.246634,0.592241,-0.353834,-0.457006,0.023877,-0.453458,-0.065695,0.105098,-0.1023,2
5,14,-0.237334,-0.856871,0.30254,-0.213076,0.740532,-0.444825,-0.306114,-0.074927,-0.465505,-0.046665,0.02251,0.036682,2
6,1,0.874774,-0.305363,0.303361,-0.762491,-0.084527,-0.279895,-0.074561,0.229832,-0.186641,-0.286696,-0.019252,0.084325,2
15,8,0.214126,-0.910189,0.442424,-0.136055,0.699658,-0.269442,-0.369581,-0.03621,-0.383775,-0.165801,-0.029633,-0.007589,2
14,7,0.52653,-0.809776,0.314082,-0.79801,0.141983,-0.289357,-0.198199,0.247045,-0.371583,-0.275484,0.067685,0.24494,2
15,2,0.047679,-0.387743,0.282565,-0.768108,-0.080508,-0.405294,-0.090992,0.322869,-0.206675,-0.277643,-0.020731,0.148059,2
4,6,0.448473,-0.942845,0.20308,-0.632011,0.235349,-0.259145,-0.291314,0.077457,-0.183753,-0.294451,-0.165807,0.279045,2
8,18,0.196233,-0.897276,0.261565,-0.067575,0.444974,-0.430018,-0.208671,-0.22716,-0.282067,-0.07117,0.018154,0.089543,2
8,16,0.018538,-0.938247,0.294255,-0.167233,0.699189,-0.458703,-0.284506,-0.074363,-0.523719,-0.050009,0.016983,0.002511,2
3,8,0.395583,-1.144582,0.346426,-0.561105,0.297462,-0.223984,-0.368935,0.115628,-0.308174,-0.327683,-0.036747,0.243282,2
19,4,0.287855,-0.713798,0.332388,-0.718911,0.141535,-0.341457,-0.181444,0.209845,-0.261006,-0.330207,-0.11139,0.189956,2
12,3,0.44106,-0.857714,0.339991,-0.663489,0.190076,-0.279685,-0.160279,0.189188,-0.419084,-0.363918,0.006125,0.193731,2
9,8,0.803566,-1.17017,0.204735,-0.488635,0.269242,-0.183211,-0.344227,-0.029517,-0.302625,-0.248532,0.035075,0.306966,2
32,3,0.813501,-0.703046,-0.059509,-0.435452,0.042471,-0.213883,-0.162137,0.003607,-0.135795,-0.410143,-0.063945,0.302873,2
11,10,-0.084328,-0.862424,0.35258,-0.465824,0.439025,-0.344861,-0.259338,-0.014756,-0.534396,-0.142765,0.132851,0.156543,2
26,4,0.05924,-0.723691,0.060778,-0.480342,0.317721,-0.359762,-0.157176,-0.084235,-0.22454,-0.229726,-0.051398,0.372701,2
26,10,0.195653,-1.006103,0.407132,-0.158126,0.458694,-0.386675,-0.30425,-0.189035,-0.344477,-0.044687,-0.030371,0.089594,2
6,5,1.301898,-0.737536,0.071743,-0.458221,0.177034,-0.287143,-0.14137,0.126472,-0.385185,-0.277992,-0.034195,0.15748,2
13,7,0.453759,-0.861149,0.15177,-0.56763,0.463669,-0.338857,-0.300445,0.081281,-0.393118,-0.293277,-0.000565,0.237746,2
18,14,-0.039339,-0.901388,0.586149,-0.037109,0.55421,-0.403203,-0.26849,-0.11569,-0.394961,0.058931,-0.103293,-0.213451,2
15,4,0.308499,-0.69653,0.282852,-0.431781,0.453792,-0.219865,-0.200946,-0.029877,-0.44357,-0.329053,-0.007773,0.240105,2
8,5,0.202234,-0.574805,0.192779,-0.667789,0.18147,-0.432355,-0.073549,0.188568,-0.348174,-0.318243,-0.029089,0.220922,2
1,10,0.94208,-1.150878,0.266292,-0.279515,0.253215,-0.013039,-0.396417,-0.158174,-0.188249,-0.317832,-0.07501,0.227227,2
14,3,0.463009,-0.712628,0.145631,-0.720011,0.167562,-0.42648,-0.136102,0.223375,-0.161998,-0.331463,-0.189488,0.24234,2
5,11,-0.066462,-0.877063,0.211711,-0.381583,0.576007,-0.393246,-0.30339,-0.05915,-0.440231,-0.177195,0.028845,0.207776,2
27,10,0.437273,-1.034249,0.388112,-0.314069,0.633412,-0.194169,-0.381871,-0.002486,-0.486367,-0.138055,0.069531,-0.077834,2
1,5,1.147179,-0.529007,0.023932,-0.526729,-0.04538,-0.252375,0.015265,-0.10539,0.063487,-0.293464,-0.315768,0.276787,2
11,15,0.306229,-0.877857,0.494215,-0.213317,0.584785,-0.333753,-0.305335,-0.052453,-0.4862,0.032896,0.053988,-0.156815,2
2,10,1.030692,-0.752297,-0.004883,-0.409344,0.497349,-0.244879,-0.353142,-0.081008,-0.366302,-0.227306,-0.020252,0.169985,2
4,14,-0.047412,-0.94932,0.369656,-0.18242,0.696799,-0.422858,-0.366134,-0.028627,-0.438245,-0.035892,-0.00914,-0.048522,2
1,5,1.132385,-0.34779,-0.036327,-0.581913,0.259926,-0.244659,-0.202151,0.020708,-0.114423,-0.378126,-0.183383,0.170611,2
5,2,-0.057545,-0.591919,0.297017,-0.764848,-0.090814,-0.366955,-0.145474,0.324935,-0.155241,-0.275319,-0.024929,0.14835,2
6,3,1.031039,-0.426662,0.152994,-0.639722,0.065516,-0.276086,-0.127,0.198792,-0.273037,-0.329528,-0.022845,0.121439,2
27,1,0.1393,-0.809252,0.338762,-0.752775,0.116617,-0.253862,-0.194073,0.277565,-0.187968,-0.325002,-0.110341,0.145693,2
29,11,0.807429,-1.112427,0.448397,-0.090511,0.461241,-0.171418,-0.367139,-0.173297,-0.272806,-0.087792,-0.150834,0.074038,2
16,15,0.116077,-1.049013,0.478434,-0.135896,0.600395,-0.375866,-0.332894,-0.060662,-0.437032,-0.022102,-0.020343,-0.109527,2
17,5,0.196066,-0.700954,0.229576,-0.685599,0.032584,-0.309895,-0.077346,0.183915,-0.208769,-0.269466,-0.067393,0.245768,2
22,1,-0.149217,-0.455086,0.366427,-0.717065,-0.227764,-0.484738,0.000817,0.158829,-0.055411,-0.23159,-0.067059,0.240809,2
5,5,-0.26148,-0.603838,0.210609,-0.632839,0.107397,-0.353967,-0.130747,0.157263,-0.228916,-0.330268,-0.09612,0.270699,2
16,2,0.433212,-0.716516,0.396463,-0.820612,-0.095405,-0.344025,-0.077966,0.274966,-0.248927,-0.205094,0.0371,0.197726,2
16,6,0.03563,-0.478692,-2.7e-05,-0.453691,0.139584,-0.363062,-0.006047,-0.068426,-0.167993,-0.462954,0.008945,0.29011,2
17,15,-0.093302,-0.916441,0.663565,-0.135177,0.564026,-0.357967,-0.281273,-0.051064,-0.442521,0.037277,-0.039923,-0.215198,2
19,6,0.289505,-0.82242,0.259034,-0.658042,0.270088,-0.320395,-0.241414,0.155381,-0.275966,-0.35184,-0.140752,0.223481,2
18,7,0.328747,-0.951488,0.298051,-0.252626,0.630975,-0.417513,-0.423467,-0.047948,-0.408993,-0.075659,-0.012246,0.040961,2
23,11,0.553748,-1.085156,0.348382,-0.376565,0.590333,-0.225093,-0.505381,-0.000128,-0.395305,-0.211461,0.041308,0.07543,2
14,11,0.221533,-0.848124,0.337428,-0.014903,0.508833,-0.360223,-0.255675,-0.182586,-0.354012,-0.037641,0.019949,-0.027881,2
13,8,0.184677,-0.912981,0.22905,-0.283253,0.581225,-0.396683,-0.331575,-0.124369,-0.442598,-0.098155,0.0471,0.170977,2
15,10,0.183545,-0.857643,0.442877,-0.088667,0.741178,-0.338882,-0.378147,-0.013294,-0.356886,-0.0922,-0.063625,-0.071214,2
15,2,0.19013,-0.535098,0.175628,-0.43399,0.301936,-0.267654,-0.132378,-0.004486,-0.281745,-0.428303,-0.119867,0.281952,2
21,14,0.012647,-0.957174,0.553093,-0.037621,0.535335,-0.350585,-0.292046,-0.084662,-0.43152,0.029978,-0.018701,-0.15694,2
24,6,0.509739,-0.818389,0.119612,-0.502057,0.241397,-0.230233,-0.264003,-3.5e-05,-0.223748,-0.330212,0.004808,0.322438,2
24,8,0.691665,-1.047474,0.278164,-0.39916,0.430494,-0.215687,-0.382965,-0.019638,-0.34897,-0.278863,0.006029,0.201912,2
17,10,0.483254,-0.917533,0.160562,-0.484089,0.461488,-0.297921,-0.35356,-0.032889,-0.384228,-0.211444,0.046882,0.236551,2
13,9,0.118861,-0.924663,0.265734,-0.22917,0.597006,-0.42524,-0.324828,-0.10929,-0.437057,-0.063411,0.04118,0.11635,2
2,4,0.546605,-0.966436,0.348749,-0.696195,-0.044006,-0.233719,-0.236414,0.205047,-0.19058,-0.337274,-0.045769,0.243891,2
27,3,0.352639,-0.686158,0.288148,-0.642183,-0.327664,-0.195213,-0.171348,0.247879,-0.092633,-0.317507,0.107468,0.188951,2
13,12,0.411111,-0.972932,0.296366,-0.285538,0.701601,-0.342131,-0.456775,0.035439,-0.425671,-0.115393,0.035009,-0.057258,2
8,3,0.078928,-0.68391,0.224741,-0.746853,0.054868,-0.414619,-0.048534,0.200084,-0.265711,-0.265998,-0.001516,0.318875,2
8,12,0.212018,-0.914617,0.198748,-0.365174,0.624399,-0.380481,-0.261757,-0.016914,-0.525502,-0.163366,0.065539,0.154687,2
2,10,0.466493,-1.110196,0.325444,-0.466772,0.416269,-0.130243,-0.442981,-0.067131,-0.305282,-0.241852,-0.009181,0.220336,2
30,15,0.164866,-1.140498,0.577326,-0.040307,0.631904,-0.226613,-0.414334,-0.08108,-0.353804,-0.062905,-0.058807,-0.142979,2
32,7,0.787814,-0.967964,0.304177,-0.451013,0.452362,-0.15647,-0.43336,-0.034448,-0.374676,-0.223871,0.073605,0.167413,2
1,6,1.254566,-0.500847,-0.109702,-0.477955,0.069779,-0.228134,-0.013107,-0.200017,0.079537,-0.324837,-0.311149,0.321516,2
21,1,0.493004,-0.913254,0.416066,-0.887927,-0.146317,-0.171286,-0.251783,0.316814,-0.005575,-0.221616,-0.022077,0.165695,2
35,12,0.770168,-0.92402,0.392096,-0.340781,0.559465,-0.15561,-0.45424,-0.01983,-0.393292,-0.166142,0.064983,-0.007196,2
21,13,0.020748,-0.993718,0.464728,-0.060938,0.558009,-0.331643,-0.308411,-0.09281,-0.453471,-0.027644,-0.010211,-0.09643,2
4,15,0.169155,-0.964992,0.326375,-0.189069,0.624334,-0.377248,-0.400135,-0.084496,-0.335388,-0.095695,0.001435,0.021294,2
9,17,-0.22026,-0.805721,0.413866,0.062374,0.587509,-0.422511,-0.189561,-0.229027,-0.280229,-0.023636,-0.085763,-0.076427,2
17,3,-0.02195,-0.488259,0.184855,-0.662713,-0.149936,-0.380302,-0.037101,0.235613,-0.111789,-0.261993,-0.003328,0.243111,2
25,11,0.140609,-0.979172,0.398101,-0.233046,0.68177,-0.301173,-0.389746,0.010716,-0.428505,-0.1073,0.019703,-0.034845,2
33,4,0.185291,-0.723166,0.185436,-0.578374,0.362203,-0.27231,-0.170878,0.077138,-0.297019,-0.381334,-0.161068,0.258722,2
1,15,0.923658,-0.709223,0.38005,0.001691,0.605453,-0.318078,-0.374702,-0.064274,-0.368006,-0.079857,-0.030614,-0.073986,2
23,2,0.420462,-0.765121,0.419376,-0.871632,-0.04409,-0.346964,-0.16733,0.372475,-0.253316,-0.234604,0.105802,0.158232,2
29,10,0.270427,-0.901177,0.443878,-0.228727,0.553021,-0.290902,-0.280056,-0.073749,-0.453502,-0.177883,0.016465,0.099591,2
14,14,-0.024202,-0.78122,0.448409,0.161935,0.511592,-0.35728,-0.166272,-0.206417,-0.336524,0.048875,-0.111781,-0.237463,2
10,1,0.340216,-0.729865,0.5605,-0.909362,-0.078328,-0.381175,-0.20755,0.432695,-0.323221,-0.260977,0.138401,0.037627,2
16,1,0.34036,-0.688635,0.440722,-0.870392,-0.156703,-0.37515,-0.079531,0.308937,-0.249207,-0.154469,0.081037,0.130056,2
26,1,0.089629,-0.649119,0.043973,-0.622276,0.08028,-0.383465,-0.036962,-0.007335,-0.112744,-0.251045,-0.089069,0.409918,2
8,13,0.154896,-0.935203,0.243232,-0.279614,0.654651,-0.393527,-0.271536,-0.055372,-0.517975,-0.119462,0.057885,0.106983,2
9,2,0.131918,-0.53006,0.263069,-0.716293,0.023313,-0.493288,0.038827,0.248177,-0.315762,-0.202816,-0.013884,0.175027,2
7,7,0.855469,-0.772423,0.111432,-0.43255,0.214848,-0.273555,-0.13458,0.030319,-0.402324,-0.27782,0.08984,0.263116,2
16,11,0.133764,-0.75819,0.098329,-0.105406,0.52819,-0.379014,-0.157914,-0.237322,-0.338472,-0.208433,0.031841,0.198886,2
18,13,0.030681,-1.058453,0.544598,-0.178337,0.630406,-0.290263,-0.446891,-0.007308,-0.401979,-0.090885,0.012714,-0.123235,2
28,6,0.277667,-0.800084,0.315886,-0.726629,0.040099,-0.264102,-0.178015,0.175247,-0.190338,-0.310714,-0.106541,0.28145,2
33,2,0.250295,-0.503691,0.12626,-0.563908,0.136869,-0.346615,-0.057814,0.095138,-0.194084,-0.416109,-0.129513,0.318519,2
14,10,0.278,-0.851669,0.238313,-0.103698,0.519135,-0.400513,-0.285963,-0.170002,-0.374197,-0.10012,0.030999,0.063781,2
10,5,0.602317,-0.832186,0.324201,-0.802552,0.201437,-0.320977,-0.238449,0.348483,-0.432361,-0.378232,0.061443,0.130345,2
6,11,0.330343,-0.951175,0.211527,-0.391023,0.574931,-0.346784,-0.293851,-0.013529,-0.456527,-0.221602,0.066129,0.205016,2
29,2,0.23034,-0.822865,0.31974,-0.693623,0.0021,-0.288141,-0.178111,0.192755,-0.156178,-0.305558,-0.186827,0.224209,2
7,9,0.566928,-0.839938,0.153871,-0.35754,0.402871,-0.322575,-0.227325,-0.036042,-0.401077,-0.215909,0.060339,0.226182,2
9,4,1.205141,-0.939804,0.151148,-0.544723,-0.033561,-0.210222,-0.22365,0.073862,-0.150799,-0.322355,-0.024413,0.352953,2
6,14,0.119403,-0.921531,0.314574,-0.215814,0.689921,-0.436353,-0.349097,-0.062267,-0.454383,-0.089418,0.015223,0.023047,2
4,6,0.019173,-0.688535,0.370883,-0.676546,0.076082,-0.396107,-0.172146,0.196387,-0.181221,-0.285632,-0.126383,0.229881,2
30,14,0.134501,-0.969533,0.45649,-0.088962,0.619933,-0.256566,-0.412076,-0.027087,-0.356923,-0.182808,0.006225,-0.033745,2
29,7,0.431716,-0.957757,0.273339,-0.464761,0.414626,-0.245776,-0.272372,-0.00654,-0.371087,-0.317775,-0.079773,0.320634,2
12,2,0.401378,-0.805347,0.355659,-0.722106,0.1186,-0.295054,-0.122147,0.219976,-0.399317,-0.367085,-0.006699,0.199505,2
2,17,1.007006,-1.16959,0.550939,0.047281,0.372519,-0.104368,-0.476174,-0.137408,-0.2819,-0.152933,0.066291,-0.114324,2
24,5,0.748002,-1.009166,0.261709,-0.610031,0.179334,-0.175704,-0.24156,0.085667,-0.298067,-0.350567,-0.017878,0.324224,2
29,5,0.489386,-0.908473,0.249563,-0.57774,0.286269,-0.2464,-0.235706,0.074426,-0.296305,-0.35775,-0.159585,0.341187,2
9,16,-0.198993,-0.767722,0.373557,0.019597,0.572435,-0.426642,-0.198455,-0.237925,-0.268969,-0.035053,-0.041337,-0.033786,2
1,8,1.135162,-0.50375,-0.003081,-0.398548,0.497813,-0.266283,-0.32208,-0.04994,-0.311858,-0.267522,-0.093682,0.156947,2
7,7,0.012025,-0.705152,0.031142,-0.575832,0.312841,-0.415405,-0.109869,0.047821,-0.283036,-0.277098,-0.019193,0.353255,2
11,9,-0.044031,-0.839078,0.322153,-0.521909,0.393278,-0.313032,-0.239012,0.018131,-0.503164,-0.197591,0.121169,0.214872,2
35,8,0.750979,-0.835254,0.255607,-0.52858,0.439298,-0.117171,-0.393922,0.004178,-0.345554,-0.317228,-0.045112,0.131686,2
18,1,0.308507,-0.877969,0.375125,-0.827867,-0.027238,-0.346347,-0.22542,0.306842,-0.156603,-0.238069,-0.016032,0.24053,2
10,1,0.296117,-0.43303,0.370172,-0.82965,-0.124913,-0.525838,0.009756,0.294041,-0.273089,-0.172601,0.050166,0.117624,2
13,11,0.441926,-0.895523,0.214799,-0.368443,0.664869,-0.333398,-0.455529,0.014868,-0.42254,-0.137488,0.08461,0.049182,2
12,7,0.167121,-0.869384,0.191937,-0.617236,0.405986,-0.368373,-0.232454,0.141677,-0.402597,-0.32036,-0.031024,0.27484,2
12,11,0.002928,-0.957141,0.518822,-0.16534,0.676191,-0.360442,-0.308025,-0.015623,-0.529872,-0.019779,0.036168,-0.178997,2
10,7,0.569079,-0.89944,0.277537,-0.670261,0.427379,-0.279921,-0.344171,0.243122,-0.479756,-0.346123,0.076825,0.140131,2
12,10,0.025527,-0.903709,0.217868,-0.391721,0.66941,-0.380927,-0.344215,-0.009993,-0.489458,-0.181426,0.027544,0.164598,2
24,5,0.280538,-0.785392,0.211258,-0.630758,0.130064,-0.244239,-0.230152,0.112216,-0.20213,-0.330156,-0.028732,0.299239,2
1,7,1.205992,-0.557708,-0.01265,-0.422516,0.400992,-0.240608,-0.285295,0.004268,-0.290385,-0.297735,-0.135362,0.127934,2
24,4,0.073645,-0.71964,0.208908,-0.674847,0.032205,-0.291036,-0.17435,0.159049,-0.166976,-0.330469,-0.041369,0.320659,2
21,3,0.021482,-0.784591,0.364432,-0.81144,-0.008589,-0.33275,-0.141657,0.295277,-0.277598,-0.220255,0.106237,0.194349,2
21,10,0.183213,-1.056094,0.341702,-0.482234,0.479004,-0.306484,-0.360579,-0.000463,-0.549611,-0.155732,0.204423,0.163786,2
14,8,0.580789,-0.869978,0.283242,-0.761119,0.239099,-0.270847,-0.224089,0.223235,-0.416112,-0.294643,0.056153,0.226887,2
9,5,1.015456,-0.930327,0.149773,-0.537056,0.113966,-0.256623,-0.248851,0.063833,-0.215605,-0.260726,-0.028426,0.321925,2
11,3,0.175716,-0.681987,0.408495,-0.819149,0.055781,-0.395674,-0.047536,0.270163,-0.439844,-0.204296,0.08413,0.110573,2
7,2,0.072082,-0.69124,0.309351,-0.884934,-0.107907,-0.498282,-0.002831,0.364634,-0.186009,-0.122114,0.038885,0.185905,2
15,7,0.005295,-0.404235,0.226865,-0.585265,0.256986,-0.32914,-0.149384,0.130383,-0.374897,-0.362975,-0.067354,0.233956,2
30,10,0.066465,-0.760437,0.214875,-0.239849,0.494427,-0.23784,-0.339004,-0.103766,-0.375968,-0.267138,0.034618,0.157443,2
8,5,0.190199,-0.717804,0.152577,-0.656109,0.143468,-0.389656,-0.07643,0.105632,-0.255998,-0.290082,-0.02933,0.374225,2
30,6,0.374799,-1.022268,0.339945,-0.457056,0.396637,-0.159058,-0.291993,-0.010348,-0.27638,-0.325015,-0.210303,0.219979,2
27,12,0.277103,-0.88383,0.211952,-0.105269,0.335812,-0.198397,-0.383656,-0.118786,-0.332565,-0.164518,0.087163,0.069768,2
27,1,0.291832,-0.642238,0.399506,-0.641647,-0.479811,-0.198944,-0.129014,0.279341,-0.130719,-0.298509,0.169799,0.125984,2
15,11,0.16705,-0.879357,0.45772,-0.05804,0.758477,-0.355184,-0.362863,0.029379,-0.334533,-0.06433,-0.075787,-0.102875,2
25,10,0.167165,-1.043139,0.330709,-0.302566,0.596286,-0.27013,-0.391349,-0.057073,-0.394189,-0.198114,0.00073,0.133834,2
28,6,0.148894,-0.657226,0.296246,-0.328609,0.324426,-0.218828,-0.158201,-0.131943,-0.36996,-0.26607,-0.051872,0.278133,2
5,13,-0.202669,-0.840576,0.255984,-0.269904,0.701788,-0.460491,-0.344768,-0.072881,-0.45153,-0.073912,0.04604,0.103687,2
13,3,0.329053,-0.710842,0.243701,-0.737167,0.15285,-0.367971,-0.147639,0.210669,-0.271987,-0.282226,-0.057859,0.222661,2
1,14,0.841519,-1.338378,0.512868,-0.027432,0.388048,-0.034021,-0.459767,-0.111919,-0.226189,-0.226762,0.016281,-0.010862,2
26,2,-0.210631,-0.677287,0.232925,-0.681385,0.113678,-0.305053,-0.155978,0.129361,-0.233888,-0.304104,-0.091655,0.285974,2
30,1,0.339393,-0.872042,0.319477,-0.760153,0.086432,-0.2453,-0.27115,0.204433,-0.147372,-0.281121,-0.151074,0.204373,2
24,2,-0.229814,-0.618452,0.307758,-0.742717,-0.143598,-0.34496,-0.09817,0.234959,-0.117008,-0.284135,-0.044853,0.257299,2
11,2,-0.06352,-0.738407,0.322223,-0.733575,-0.088584,-0.294672,-0.11061,0.237151,-0.211422,-0.309701,-0.007559,0.242073,2
5,2,-0.228699,-0.563966,0.377227,-0.754653,-0.117495,-0.43543,-0.056484,0.29591,-0.211398,-0.260267,-0.02616,0.145826,2
34,1,0.118772,-0.751338,0.496478,-0.850396,-0.163303,-0.353831,-0.068735,0.26966,-0.252959,-0.195513,0.027841,0.157728,2
27,4,0.336918,-0.930641,0.290391,-0.660846,0.33982,-0.212802,-0.300711,0.153136,-0.305834,-0.31122,-0.051859,0.200482,2
29,13,0.435103,-0.917507,0.428905,0.039331,0.537975,-0.302103,-0.289548,-0.128835,-0.395694,-0.032554,-0.116752,-0.055216,2
22,14,-0.009214,-0.957762,0.499592,-0.033433,0.66071,-0.402886,-0.336349,-0.058763,-0.370553,-0.060375,-0.068054,-0.117019,2
25,8,0.125366,-0.821085,0.191472,-0.401063,0.527297,-0.240041,-0.348923,-0.074443,-0.354522,-0.234611,-0.066106,0.163179,2
9,1,0.147799,-0.913449,0.333292,-0.703243,-0.126626,-0.290967,-0.112014,0.199019,-0.143132,-0.281702,-0.082416,0.286809,2
22,4,-0.037633,-0.563212,0.233848,-0.601816,-0.020356,-0.385797,-0.03014,0.117472,-0.122576,-0.366447,-0.145926,0.294186,2
4,4,-0.010262,-0.587205,0.391194,-0.739271,-0.085919,-0.458599,-0.131125,0.320415,-0.116455,-0.280514,-0.10804,0.190126,2
25,7,0.212937,-0.846855,0.183785,-0.504095,0.497322,-0.198301,-0.320558,-0.025502,-0.343318,-0.277317,-0.098696,0.186205,2
25,10,0.119316,-0.891553,0.298504,-0.262212,0.598405,-0.301633,-0.389917,-0.061757,-0.410684,-0.129506,0.015713,0.060108,2
7,13,-0.106163,-0.901405,0.220128,-0.154455,0.648227,-0.524821,-0.299411,-0.112545,-0.376142,-0.049235,-0.006174,0.06805,2
23,3,0.745596,-0.79156,0.319148,-0.73143,0.128225,-0.246535,-0.20907,0.198189,-0.305563,-0.328718,-0.011285,0.230307,2
25,6,0.192872,-0.846921,0.221249,-0.507187,0.426761,-0.224383,-0.251481,0.000887,-0.287168,-0.312513,-0.169427,0.251641,2
3,14,0.188087,-1.08678,0.46947,-0.319696,0.628025,-0.294191,-0.5067,0.054374,-0.466457,-0.177125,0.091851,-0.029811,2
18,18,-0.121488,-0.819577,0.645799,0.004411,0.502663,-0.411074,-0.250669,-0.190032,-0.359587,0.115342,-0.167042,-0.233062,2
28,9,0.089509,-0.795893,0.366757,-0.230877,0.502735,-0.246875,-0.301457,-0.163109,-0.419552,-0.165604,0.072924,0.114934,2
26,6,0.079006,-0.858494,0.151788,-0.347357,0.442666,-0.356055,-0.23226,-0.123285,-0.30859,-0.188109,0.000506,0.311527,2
28,8,0.164868,-0.772915,0.365948,-0.246172,0.449023,-0.224411,-0.25866,-0.172076,-0.424795,-0.181559,0.046041,0.143451,2
20,8,0.916521,-0.769227,0.147227,-0.070304,0.486972,-0.348465,-0.217359,-0.172866,-0.425796,-0.064989,-0.009844,0.119987,2
8,10,0.269489,-0.843502,0.161792,-0.495942,0.528055,-0.378751,-0.243214,0.023903,-0.518202,-0.21155,0.06352,0.238032,2
33,13,-0.155103,-0.987705,0.552141,-0.080087,0.730848,-0.426233,-0.310105,-0.000271,-0.526435,0.012307,-0.009506,-0.210682,2
9,12,0.594058,-1.111108,0.372713,-0.299045,0.421368,-0.233176,-0.408128,-0.096152,-0.394285,-0.139134,0.11374,0.094335,2
8,9,0.245673,-0.810978,0.155326,-0.527205,0.477688,-0.389746,-0.215145,0.047868,-0.490919,-0.242293,0.04237,0.256978,2
21,11,0.194941,-1.038415,0.371006,-0.212592,0.558039,-0.271497,-0.369323,-0.05246,-0.447949,-0.119624,0.078534,0.057541,2
3,12,0.304637,-1.131654,0.413109,-0.421391,0.53152,-0.211923,-0.423385,0.083776,-0.4461,-0.286898,0.056769,0.118797,2
27,10,0.48245,-0.872675,0.104233,-0.20987,0.263267,-0.15485,-0.341127,-0.075532,-0.348288,-0.276237,0.076037,0.172341,2
26,11,0.181332,-1.012249,0.449873,-0.121436,0.448089,-0.406907,-0.30857,-0.173092,-0.325497,-0.004689,-0.044815,0.035301,2
7,5,-0.058741,-0.602324,0.058701,-0.662135,0.144689,-0.438732,-0.055258,0.179979,-0.176689,-0.230913,-0.024126,0.317715,2
14,5,0.396707,-0.740548,0.089343,-0.614147,0.344088,-0.374918,-0.187817,0.071004,-0.265975,-0.297628,-0.106895,0.284187,2
8,3,0.165805,-0.567053,0.307431,-0.7397,0.070907,-0.495284,-0.029313,0.288323,-0.329374,-0.288688,-0.044727,0.166449,2
29,4,0.527844,-0.769326,0.322026,-0.61491,0.152164,-0.221614,-0.219598,0.184951,-0.268784,-0.335297,-0.138703,0.147161,2
5,6,-0.17895,-0.657197,0.195864,-0.605619,0.180692,-0.364647,-0.150216,0.131645,-0.255721,-0.333557,-0.09552,0.300682,2
14,12,0.405021,-0.947925,0.363719,-0.439398,0.54133,-0.274483,-0.390163,0.031048,-0.536314,-0.208472,0.12306,0.094197,2
1,2,1.141607,-0.496151,0.212466,-0.614147,-0.232306,-0.365256,0.036082,-0.001499,0.044405,-0.180397,-0.310957,0.230254,2
33,1,0.267999,-0.43807,0.12304,-0.596942,0.056767,-0.371142,-0.038803,0.139372,-0.118989,-0.395189,-0.135496,0.288155,2
31,8,0.016698,-0.995274,0.412471,-0.268795,0.614671,-0.304857,-0.367864,-0.066255,-0.462659,-0.136477,0.074717,0.061335,2
9,6,0.058934,-0.618717,0.138744,-0.579909,0.252204,-0.407261,-0.014068,0.028062,-0.396979,-0.257027,0.014072,0.325313,2
28,15,0.170979,-0.85502,0.405139,-0.104643,0.568716,-0.253196,-0.336237,-0.079486,-0.394527,-0.088723,0.081246,-0.040019,2
23,6,0.79086,-0.93569,0.290576,-0.55463,0.389443,-0.16166,-0.336376,0.058898,-0.371625,-0.317301,0.003126,0.215521,2
20,7,0.292695,-1.030821,0.354945,-0.58073,0.437564,-0.234958,-0.399418,0.107489,-0.470867,-0.258911,0.145151,0.155491,2
5,12,0.255327,-1.005676,0.34138,-0.444195,0.59852,-0.263572,-0.457057,0.026332,-0.436427,-0.172728,0.105099,0.125669,2
29,14,0.333324,-0.837764,0.411334,0.045877,0.554724,-0.364065,-0.270625,-0.092078,-0.425392,-0.024145,-0.105205,-0.094797,2
21,5,0.690101,-1.012853,0.219451,-0.761325,0.272255,-0.173237,-0.321754,0.184509,-0.267599,-0.324981,-0.037847,0.236771,2
5,8,0.049731,-0.666414,0.231707,-0.578696,0.306568,-0.307487,-0.24049,0.120401,-0.388136,-0.307729,0.024247,0.287331,2
18,7,0.388442,-1.03998,0.272147,-0.543701,0.423407,-0.17793,-0.338261,0.011975,-0.364966,-0.299935,-0.063835,0.23603,2
32,11,0.196952,-1.031141,0.482958,-0.154652,0.63229,-0.300617,-0.321211,-0.019982,-0.464153,-0.056816,0.031055,-0.126474,2
30,3,0.2994,-0.731168,0.209545,-0.720724,0.192371,-0.323865,-0.166305,0.149187,-0.188094,-0.306161,-0.160675,0.294758,2
20,6,0.837892,-0.640704,0.014155,-0.391794,0.424145,-0.314354,-0.16648,-0.095626,-0.380952,-0.254512,0.023999,0.284434,2
4,11,0.107665,-0.878581,0.269841,-0.409889,0.532316,-0.287326,-0.338476,-0.025534,-0.388765,-0.251832,-0.035628,0.202738,2
31,12,-0.147569,-0.983498,0.605193,-0.035504,0.73247,-0.371402,-0.288229,0.00459,-0.44491,0.032523,-0.019331,-0.240534,2
34,9,0.351477,-1.078278,0.422624,-0.479503,0.452706,-0.222499,-0.410854,0.069653,-0.455877,-0.246099,0.122543,0.111357,2
13,11,0.113071,-0.964493,0.410055,-0.109836,0.600459,-0.427373,-0.278731,-0.079988,-0.399872,-0.040872,-0.040383,-0.016249,2
2,14,0.217281,-1.126157,0.516915,-0.317244,0.596432,-0.19887,-0.507946,-0.008256,-0.407955,-0.178293,0.077574,-0.034312,2
6,10,0.940848,-1.197528,0.37183,-0.244109,0.438143,-0.164706,-0.460648,-0.031135,-0.38623,-0.207578,0.083308,0.025433,2
27,13,0.112673,-0.860093,0.269396,-0.044651,0.390637,-0.194388,-0.344973,-0.126428,-0.347707,-0.106652,0.081444,-0.023101,2
2,2,0.427013,-0.941585,0.431336,-0.772243,-0.16442,-0.226428,-0.209453,0.268353,-0.16433,-0.345693,-0.015832,0.196763,2
6,12,0.268717,-0.96687,0.260714,-0.321063,0.619507,-0.363833,-0.310256,-0.033184,-0.456422,-0.181294,0.046501,0.13627,2
22,6,-0.084207,-0.591649,0.158825,-0.493788,0.168107,-0.279982,-0.098601,-0.028636,-0.19922,-0.408362,-0.137159,0.366093,2
18,1,0.324166,-0.816401,0.157037,-0.639129,0.385779,-0.385047,-0.257185,0.153828,-0.379301,-0.23081,0.037058,0.297127,2
29,1,0.233229,-0.792475,0.34075,-0.699821,-0.064863,-0.337204,-0.151966,0.232452,-0.150849,-0.286569,-0.135482,0.200547,2
32,4,0.923862,-0.828119,0.014515,-0.459344,0.122062,-0.170585,-0.255137,0.025396,-0.190462,-0.417031,-0.047291,0.292437,2
13,5,0.337655,-0.759537,0.198473,-0.647945,0.300635,-0.339737,-0.214801,0.162732,-0.324228,-0.338187,-0.047675,0.249111,2
4,13,0.251438,-0.973652,0.215511,-0.28368,0.596349,-0.341209,-0.412598,-0.113226,-0.351671,-0.174565,0.015528,0.148282,2
12,1,0.126633,-0.715534,0.406398,-0.901806,-0.005216,-0.421515,-0.18255,0.416014,-0.250553,-0.265751,0.006087,0.128534,2
31,5,0.082307,-0.858261,0.296106,-0.432017,0.436453,-0.247361,-0.214341,-0.006299,-0.365378,-0.277132,-0.005552,0.263146,2
14,1,0.277123,-0.74862,0.467108,-0.945728,-0.197759,-0.41521,-0.075875,0.415925,-0.241435,-0.102206,0.125201,0.019985,2
10,17,0.560301,-0.936217,0.386168,-0.100702,0.498715,-0.264998,-0.290392,-0.144612,-0.37473,-0.06508,-0.031661,0.019127,2
1,9,1.181589,-1.17987,0.254624,-0.355502,0.201794,0.017793,-0.366168,-0.126331,-0.185752,-0.326894,-0.126947,0.209223,2
14,15,0.32755,-0.868602,0.539851,-0.187295,0.604361,-0.297121,-0.400102,0.012173,-0.459572,-0.053742,0.10109,-0.135772,2
7,18,-0.133053,-0.813806,0.491495,0.076518,0.575301,-0.488117,-0.138248,-0.098865,-0.32819,0.018664,-0.118864,-0.166061,2
10,4,0.60838,-0.782584,0.384982,-0.859185,0.110513,-0.318184,-0.217411,0.373215,-0.406176,-0.36415,0.071154,0.10657,2
7,1,0.505731,-0.602379,0.317313,-0.779016,-0.192919,-0.382196,0.054884,0.249567,-0.260515,-0.185928,0.017664,0.125582,2
27,6,0.760031,-0.969354,0.240454,-0.589891,0.466113,-0.122801,-0.380744,0.064262,-0.404269,-0.338907,0.02283,0.185141,2
6,7,1.234181,-1.103993,0.252703,-0.39079,0.228438,-0.114742,-0.326887,0.044963,-0.373009,-0.352445,0.072303,0.16878,2
22,13,0.064693,-0.991054,0.426774,-0.040944,0.646685,-0.354812,-0.310501,-0.09455,-0.347913,-0.080728,-0.061694,-0.050894,2
28,15,0.008549,-0.804604,0.551034,-0.096695,0.606729,-0.292701,-0.26973,-0.103877,-0.432251,-0.061137,0.016981,-0.146769,2
3,8,0.318371,-0.975903,0.311221,-0.669759,0.215715,-0.256184,-0.271945,0.204048,-0.301676,-0.332981,-0.054098,0.225643,2
2,6,1.166576,-1.068611,0.15432,-0.441137,0.019536,-0.071799,-0.279052,-0.03587,-0.136736,-0.387997,-0.09971,0.329111,2
11,13,-0.143428,-0.959346,0.434954,-0.343903,0.491685,-0.367087,-0.328985,-0.107219,-0.51883,-0.006799,0.15109,0.033445,2
12,12,0.010825,-0.908735,0.575194,-0.136945,0.642038,-0.40043,-0.301873,-0.020331,-0.508976,0.020372,-0.00716,-0.236081,2
3,15,0.172952,-1.187659,0.499754,-0.206958,0.571346,-0.230893,-0.468124,0.019218,-0.395499,-0.185647,0.086663,-0.053005,2
11,4,0.243648,-0.771933,0.375679,-0.791855,0.109301,-0.380369,-0.069729,0.251452,-0.480966,-0.222865,0.086969,0.108804,2
16,10,0.111237,-0.738156,0.08702,-0.191035,0.481307,-0.34978,-0.134865,-0.204023,-0.315674,-0.278309,0.045742,0.251312,2
25,2,-0.05853,-0.539489,0.14765,-0.7254,-0.000994,-0.331857,-0.202022,0.2322,-0.083027,-0.279867,-0.105853,0.226422,2
25,3,0.256839,-0.666328,0.16953,-0.614323,0.1512,-0.331402,-0.154953,0.095877,-0.153444,-0.305547,-0.16326,0.289218,2
31,10,-0.053901,-1.018351,0.489642,-0.155873,0.693681,-0.335499,-0.334304,-0.00747,-0.434392,-0.04329,0.042644,-0.094013,2
6,10,0.356416,-0.919978,0.200788,-0.458711,0.505744,-0.353296,-0.284407,0.005867,-0.426935,-0.258615,0.037289,0.274596,2
5,4,-0.279768,-0.577068,0.267089,-0.67094,0.012777,-0.383661,-0.096476,0.216453,-0.206883,-0.310619,-0.079459,0.224094,2
29,9,0.770956,-1.038718,0.371228,-0.262972,0.32889,-0.108708,-0.326566,-0.193522,-0.29806,-0.167986,-0.128532,0.161322,2
5,4,-0.059456,-0.568449,0.223011,-0.732669,0.001813,-0.335894,-0.162561,0.255502,-0.192722,-0.28004,-0.070402,0.153978,2
23,10,0.586107,-1.02047,0.465797,-0.183086,0.522995,-0.256538,-0.370362,-0.02603,-0.394319,-0.100681,0.049849,-0.0377,2
13,8,0.447674,-0.888898,0.131534,-0.540044,0.551519,-0.341605,-0.349966,0.033568,-0.429548,-0.240986,0.034228,0.219931,2
22,2,0.023236,-0.435934,0.20089,-0.671027,-0.019103,-0.366957,-0.051194,0.202145,-0.134645,-0.290998,-0.122689,0.19723,2
8,12,0.136695,-0.857444,0.172465,-0.376199,0.514649,-0.408094,-0.240038,-0.069321,-0.413485,-0.2183,0.06937,0.268393,2
3,11,0.271437,-1.11246,0.372147,-0.492863,0.481446,-0.201326,-0.38453,0.110814,-0.443197,-0.331975,0.041215,0.177652,2
20,11,0.193311,-1.175994,0.457879,-0.321211,0.528771,-0.266854,-0.442205,0.0227,-0.448911,-0.126643,0.129948,0.008191,2
19,11,-0.006324,-0.763027,0.249509,-0.251497,0.523893,-0.239089,-0.270117,-0.033145,-0.421686,-0.276237,0.053247,0.101845,2
20,11,0.576607,-0.620058,0.585019,-0.057478,0.557989,-0.349947,-0.251991,-0.092948,-0.363575,0.06497,-0.047315,-0.175662,2
28,4,0.246277,-0.648278,0.160388,-0.449163,0.175378,-0.273718,-0.032545,-0.067143,-0.250368,-0.353738,-0.196639,0.380075,2
25,12,0.05686,-0.999397,0.449814,-0.127948,0.633201,-0.300921,-0.346157,-0.049638,-0.358624,-0.107807,-0.03935,-0.004557,2
1,15,0.827529,-1.316856,0.572567,0.012003,0.402914,-0.063774,-0.447123,-0.098543,-0.251973,-0.198962,0.016835,-0.073798,2
18,2,0.278817,-0.841188,0.312274,-0.792045,0.018781,-0.326027,-0.228981,0.272204,-0.142559,-0.244838,-0.032321,0.259339,2
16,12,0.359165,-1.02973,0.350342,-0.257855,0.600831,-0.334054,-0.437655,-0.020018,-0.368601,-0.092426,0.014656,0.02868,2
1,14,0.905315,-0.674279,0.345858,-0.00776,0.593962,-0.327698,-0.345858,-0.09003,-0.38328,-0.087676,-0.030707,-0.040547,2
1,16,0.918812,-0.874999,0.48964,0.027088,0.560291,-0.226548,-0.39858,-0.076376,-0.324832,-0.058549,-0.029728,-0.122019,2
9,13,-0.146022,-0.809878,0.234707,-0.114868,0.534883,-0.472353,-0.205703,-0.245852,-0.367118,-0.086038,0.040289,0.08784,2
19,9,-0.1618,-0.89774,0.394572,-0.073359,0.669207,-0.482498,-0.237732,-0.075332,-0.47533,-0.00403,-0.007287,-0.086321,2
2,3,0.585942,-0.905311,0.171353,-0.554331,-0.088617,-0.211729,-0.185051,0.0989,-0.022152,-0.29368,-0.168039,0.235752,2
16,14,-0.062549,-0.7325,0.223273,0.018956,0.581096,-0.49427,-0.161702,-0.20104,-0.319599,-0.087745,-0.000225,0.007235,2
15,6,0.334105,-0.913548,0.38611,-0.301415,0.626814,-0.157822,-0.300351,-0.008849,-0.426327,-0.266795,-0.013698,0.098226,2
21,17,-0.123218,-0.9859,0.739582,0.134414,0.562597,-0.282038,-0.230899,-0.052509,-0.34893,0.099982,-0.109206,-0.336968,2
22,1,0.022793,-0.470658,0.250383,-0.741145,-0.069657,-0.377747,-0.036504,0.232172,-0.11065,-0.241393,-0.103097,0.171522,2
17,9,0.469854,-0.862672,0.155137,-0.504849,0.379865,-0.280429,-0.287728,-0.018675,-0.343126,-0.264124,-0.027268,0.271738,2
30,16,0.087033,-0.973002,0.464735,-0.02102,0.564538,-0.27394,-0.411562,-0.077766,-0.362145,-0.146371,0.012191,-0.087934,2
28,17,0.088262,-0.910129,0.509355,-0.042848,0.654203,-0.281529,-0.325073,-0.080196,-0.426042,-0.033832,0.009842,-0.148376,2
28,13,0.293875,-0.91396,0.344571,-0.293276,0.511555,-0.239387,-0.340271,-0.064132,-0.456546,-0.213831,0.059129,0.115296,2
20,9,0.243337,-1.130131,0.363756,-0.48083,0.503333,-0.241438,-0.433247,0.041432,-0.509689,-0.192991,0.190627,0.134399,2
11,6,-0.084038,-0.835662,0.302885,-0.628099,0.21046,-0.287469,-0.193233,0.103167,-0.37174,-0.287329,0.04169,0.296773,2
18,12,0.144738,-1.065321,0.49082,-0.248644,0.623327,-0.260871,-0.465196,0.005877,-0.397672,-0.126587,0.045076,-0.054545,2
10,8,0.793445,-0.712872,0.123932,-0.552464,0.186687,-0.369094,-0.089649,0.077233,-0.363152,-0.321903,-0.029366,0.309262,2
24,10,0.543913,-1.043726,0.384415,-0.223531,0.485496,-0.228477,-0.388632,-0.059428,-0.379734,-0.154406,0.095383,0.076241,2
17,10,-0.005221,-1.023529,0.444471,-0.339614,0.487881,-0.280186,-0.296275,-0.098229,-0.506014,-0.109425,0.100451,0.072695,2
29,10,0.845599,-1.142049,0.408144,-0.198029,0.408479,-0.122266,-0.375746,-0.179959,-0.282091,-0.113878,-0.12627,0.116163,2
11,8,-0.063045,-0.849428,0.320109,-0.551691,0.343179,-0.289276,-0.229842,0.04275,-0.470392,-0.247115,0.102087,0.267349,2
19,5,0.289967,-0.783143,0.294734,-0.698016,0.205774,-0.321346,-0.208533,0.173264,-0.269216,-0.335114,-0.139012,0.194654,2
25,13,0.053288,-0.955331,0.523597,-0.150804,0.708949,-0.364958,-0.376313,-0.002267,-0.472542,-0.022811,-0.001039,-0.204422,2
24,3,-0.057057,-0.688325,0.267355,-0.726166,-0.048409,-0.327117,-0.132545,0.200458,-0.148192,-0.294444,-0.046654,0.302534,2
2,8,0.981935,-0.781601,0.084001,-0.536046,0.351595,-0.157744,-0.295222,-0.016541,-0.311478,-0.32726,-0.047546,0.224847,2
4,7,0.380496,-0.910532,0.186522,-0.574705,0.317631,-0.252524,-0.295825,0.029175,-0.209502,-0.307365,-0.172508,0.285457,2
5,11,0.25011,-0.947985,0.283689,-0.507753,0.537685,-0.287708,-0.407468,0.037467,-0.442162,-0.18837,0.090269,0.176708,2
24,2,0.38476,-0.893235,0.322835,-0.716973,-0.004111,-0.274373,-0.155519,0.219382,-0.20178,-0.308353,-0.03445,0.316448,2
35,11,0.805838,-0.901414,0.340006,-0.392216,0.536991,-0.178907,-0.476931,-0.018724,-0.393851,-0.200157,0.069861,0.049061,2
2,15,1.10898,-1.2268,0.403932,-0.019314,0.403509,-0.132266,-0.375476,-0.116498,-0.338067,-0.125658,0.037847,-0.04423,2
8,9,0.056427,-0.865516,0.125467,-0.512414,0.373072,-0.411077,-0.188444,-0.005572,-0.3318,-0.268008,0.013996,0.367577,2
30,9,0.397091,-1.216622,0.407372,-0.29987,0.479411,-0.133249,-0.391257,-0.130125,-0.336399,-0.224125,-0.099213,0.179909,2
22,8,0.635386,-0.84542,0.182754,-0.569751,0.425931,-0.273721,-0.283929,0.08983,-0.407179,-0.343165,-0.050756,0.222738,2
22,5,0.310083,-0.663293,0.244975,-0.638195,0.252654,-0.305841,-0.165371,0.154072,-0.300477,-0.38448,-0.11766,0.258337,2
15,14,-0.191325,-0.636885,0.466877,-0.117185,0.691751,-0.385709,-0.398591,-0.029568,-0.392906,-0.133104,-0.001395,-0.042732,2
10,15,0.694812,-0.830926,0.196923,-0.181445,0.511288,-0.311491,-0.295716,-0.149242,-0.364512,-0.13078,0.019852,0.164351,2
13,4,0.305375,-0.715448,0.221905,-0.699555,0.231059,-0.348998,-0.178927,0.184948,-0.294746,-0.310852,-0.053246,0.244648,2
22,6,0.477441,-0.743728,0.231757,-0.640778,0.300384,-0.266684,-0.194153,0.131841,-0.347593,-0.382727,-0.099128,0.22892,2
29,12,0.035421,-0.67992,0.405618,-0.031971,0.48314,-0.332653,-0.220705,-0.18265,-0.457242,-0.101873,0.043459,0.02014,2
27,2,0.116235,-0.834719,0.347342,-0.723579,0.185023,-0.234631,-0.218218,0.21779,-0.242904,-0.333011,-0.100496,0.163597,2
17,9,0.031776,-1.040649,0.408585,-0.409342,0.429889,-0.272763,-0.252018,-0.055345,-0.520054,-0.158435,0.102661,0.146194,2
19,12,-0.242732,-0.857363,0.57735,0.031398,0.643487,-0.500894,-0.159024,-0.003366,-0.398673,0.057867,-0.130496,-0.211774,2
30,11,0.061174,-0.769284,0.237636,-0.151092,0.492473,-0.233891,-0.352489,-0.098161,-0.352166,-0.231527,0.058552,0.096835,2
30,7,0.247142,-0.863824,0.253459,-0.472124,0.472861,-0.249601,-0.233723,0.010444,-0.403351,-0.32539,-0.038359,0.235798,2
2,4,0.780779,-0.946545,0.175232,-0.531226,-0.012234,-0.160615,-0.218521,0.052898,-0.093017,-0.332918,-0.122979,0.305523,2
12,6,0.419789,-0.909207,0.322972,-0.532169,0.425345,-0.271505,-0.263423,0.050883,-0.584935,-0.274959,0.161503,0.182081,2
11,16,-0.224896,-0.940378,0.554962,-0.179044,0.591568,-0.365022,-0.301627,-0.112536,-0.506164,0.04029,0.042028,-0.140778,2
9,1,0.28476,-0.629487,0.372553,-0.835579,-0.017716,-0.468847,-0.009528,0.343397,-0.324469,-0.189101,0.010935,0.11741,2
11,4,-0.093335,-0.816345,0.319764,-0.715195,0.043488,-0.279697,-0.134008,0.178982,-0.276401,-0.309802,-0.031593,0.25401,2
29,3,0.452342,-0.655973,0.298457,-0.662805,0.08993,-0.283859,-0.215368,0.273686,-0.213405,-0.343531,-0.093842,0.12956,2
28,11,-0.011002,-0.77575,0.472794,-0.181587,0.591349,-0.246699,-0.291989,-0.094833,-0.419232,-0.120079,0.089043,0.023646,2
1,1,0.536101,-0.059222,0.377188,-0.939896,-0.032969,-0.576061,-0.05925,0.3974,-0.230451,-0.029647,0.03868,0.028324,3
1,2,0.50224,-0.325352,0.260934,-0.785447,-0.041444,-0.573343,-0.075504,0.304371,-0.224849,-0.066158,0.048295,0.089953,3
1,3,0.514243,-0.419349,0.248796,-0.757174,-0.038397,-0.546779,-0.075617,0.270557,-0.230378,-0.08987,0.038174,0.121422,3
1,4,0.478245,-0.444857,0.242071,-0.776239,-0.002421,-0.507895,-0.058679,0.2672,-0.265472,-0.112395,0.023541,0.122648,3
1,5,0.4092,-0.442022,0.210765,-0.774393,0.026767,-0.471997,-0.026532,0.275224,-0.320409,-0.150611,0.014752,0.109752,3
1,6,0.585904,-0.433087,0.220213,-0.759966,0.008873,-0.389208,0.001946,0.229725,-0.351443,-0.178556,0.010401,0.1253,3
1,7,0.71479,-0.354857,0.074718,-0.593321,-0.085061,-0.358878,0.055524,0.093757,-0.260155,-0.259384,0.020379,0.190226,3
1,8,0.598875,-0.268066,0.011395,-0.609983,-0.013024,-0.448404,0.072772,0.106026,-0.300157,-0.277006,0.058283,0.201484,3
1,9,0.523307,-0.247285,0.030047,-0.652802,0.064486,-0.474141,0.084629,0.107786,-0.365403,-0.246529,0.0593,0.207958,3
1,10,0.667536,-0.259262,0.028549,-0.622488,0.080746,-0.444185,0.068645,0.074134,-0.381367,-0.247167,0.055591,0.240925,3
1,11,0.646438,-0.297326,0.074908,-0.58497,0.102014,-0.390265,0.065585,-0.000776,-0.38916,-0.217134,0.040203,0.256368,3
1,12,0.653334,-0.38724,0.079833,-0.513121,0.139794,-0.378448,0.055506,-0.031569,-0.418541,-0.200727,0.060712,0.259485,3
1,13,0.660178,-0.478263,0.077119,-0.401122,0.15043,-0.317758,0.036771,-0.073604,-0.419034,-0.20127,0.070654,0.229438,3
1,14,0.641299,-0.54997,0.088311,-0.312356,0.153829,-0.241766,0.018113,-0.143355,-0.401049,-0.217763,0.071995,0.195592,3
1,15,0.650052,-0.618513,0.09988,-0.205435,0.171087,-0.213505,0.021865,-0.207951,-0.393042,-0.240507,0.067597,0.191585,3
1,16,0.584047,-0.51294,0.079303,-0.142376,0.247866,-0.247328,0.030708,-0.237445,-0.397951,-0.243623,0.066735,0.164403,3
1,17,0.497853,-0.429317,0.099733,-0.04066,0.290701,-0.252016,0.037468,-0.321325,-0.377885,-0.183858,0.069404,0.097063,3
1,18,0.449765,-0.378168,0.098519,0.053073,0.344421,-0.308226,0.04715,-0.360766,-0.388067,-0.082463,0.044828,0.027897,3
1,19,0.400964,-0.458186,0.186814,0.104379,0.356198,-0.308648,0.023426,-0.382843,-0.378867,-0.045616,0.034486,-0.01919,3
1,20,0.350241,-0.521796,0.236331,0.123428,0.371234,-0.301218,0.00602,-0.379169,-0.386367,-0.019233,0.020287,-0.067704,3
1,21,0.300137,-0.45098,0.212574,0.125256,0.412555,-0.344224,0.004118,-0.352539,-0.397501,0.026753,-0.013369,-0.13136,3
2,1,0.386265,0.110745,-0.123426,-0.739495,0.091085,-0.770984,0.163949,0.172385,-0.126992,-0.023599,-0.133725,0.135999,3
2,2,0.387725,0.030793,-0.151645,-0.744758,0.099471,-0.759784,0.157168,0.191537,-0.134395,-0.042447,-0.152692,0.149988,3
2,3,0.397033,-0.002714,-0.151306,-0.697788,0.092894,-0.68427,0.147203,0.152065,-0.133883,-0.0886,-0.151317,0.157965,3
2,4,0.374181,0.027246,-0.214664,-0.630893,0.069922,-0.590062,0.167149,0.066674,-0.149501,-0.134868,-0.115104,0.167116,3
2,5,0.38541,-0.011522,-0.211942,-0.594623,0.036681,-0.499528,0.184521,-0.009165,-0.185675,-0.175764,-0.071769,0.177495,3
2,6,0.399569,-0.092769,-0.193723,-0.539398,0.011851,-0.42168,0.199003,-0.05976,-0.228044,-0.212327,-0.044993,0.187373,3
2,7,0.403859,-0.127776,-0.239182,-0.444137,0.029991,-0.393833,0.196008,-0.083979,-0.271609,-0.216071,-0.009433,0.201749,3
2,8,0.404317,-0.108413,-0.238715,-0.358593,0.034252,-0.379196,0.207395,-0.131466,-0.306226,-0.197048,0.03646,0.208222,3
2,9,0.320848,-0.265856,-0.135634,-0.364683,0.182922,-0.382651,0.116633,-0.139606,-0.341308,-0.157548,0.089762,0.215955,3
2,10,0.133316,-0.37468,-0.145122,-0.365337,0.324326,-0.365814,0.146637,-0.102528,-0.406784,-0.163267,0.102541,0.212679,3
2,11,0.318705,-0.208265,-0.093171,-0.306754,0.376063,-0.405407,0.138794,-0.145017,-0.467304,-0.201547,0.088273,0.212832,3
2,12,0.394216,-0.105846,-0.024843,-0.239977,0.405827,-0.382271,0.050108,-0.211341,-0.422342,-0.157419,0.086023,0.162686,3
2,13,0.310094,-0.022744,0.058405,-0.219395,0.472325,-0.330435,-0.001493,-0.262987,-0.400391,-0.106009,0.082967,0.080664,3
2,14,0.199469,0.110637,0.128027,-0.184484,0.550834,-0.308495,-0.0205,-0.30261,-0.380356,-0.083625,0.068566,0.046936,3
2,15,0.245292,0.048594,0.161926,-0.074715,0.478819,-0.331363,0.013891,-0.321325,-0.354747,-0.062963,0.069516,-0.009176,3
2,16,0.258391,-0.011761,0.175116,0.070031,0.443006,-0.368868,0.030703,-0.329187,-0.306343,-0.045658,0.039737,-0.060031,3
2,17,0.199186,-0.028196,0.232944,0.122277,0.433517,-0.358952,0.033955,-0.349924,-0.2587,-0.02108,-0.008043,-0.108338,3
2,18,0.137778,-0.004823,0.282748,0.092916,0.47288,-0.343418,0.002834,-0.359816,-0.217011,0.005866,-0.059783,-0.140012,3
2,19,0.127111,-0.018419,0.308713,0.119901,0.492174,-0.371817,-0.028032,-0.351043,-0.194511,0.006984,-0.07327,-0.178369,3
3,1,0.542669,-0.266103,0.097548,-0.763199,0.010092,-0.640112,-0.160703,0.316042,-0.070793,-0.062645,-0.079388,0.064615,3
3,2,0.58681,-0.377989,0.074606,-0.795118,0.07247,-0.621768,-0.137943,0.329857,-0.110228,-0.091649,-0.089105,0.07189,3
3,3,0.556714,-0.465708,0.045941,-0.759065,0.11416,-0.570374,-0.132016,0.284533,-0.112609,-0.140913,-0.109343,0.089885,3
3,4,0.470772,-0.465892,0.008078,-0.690503,0.090931,-0.471634,-0.123894,0.199996,-0.077343,-0.215706,-0.101156,0.110256,3
3,5,0.536154,-0.487318,-0.020693,-0.641608,0.111523,-0.407896,-0.119774,0.138549,-0.10586,-0.273164,-0.08074,0.152981,3
3,6,0.683325,-0.571668,-0.025455,-0.578351,0.11164,-0.330197,-0.076747,0.030899,-0.14359,-0.290144,-0.116579,0.207207,3
3,7,0.674252,-0.613393,-0.001781,-0.479397,0.105935,-0.290312,-0.035858,-0.103096,-0.167833,-0.265808,-0.124367,0.250067,3
3,8,0.468913,-0.5607,0.008824,-0.339451,0.167202,-0.309064,0.027313,-0.193067,-0.260805,-0.241497,-0.090018,0.262454,3
3,9,0.377038,-0.576312,0.050635,-0.225954,0.25701,-0.282417,0.037992,-0.262529,-0.317205,-0.220676,-0.057991,0.224835,3
3,10,0.364251,-0.621256,0.118287,-0.128696,0.331718,-0.266009,0.007327,-0.292511,-0.352784,-0.171493,-0.030458,0.174731,3
3,11,0.381697,-0.673951,0.22092,-0.069946,0.365657,-0.254244,-0.0267,-0.276566,-0.400228,-0.116675,-0.011365,0.113375,3
3,12,0.231966,-0.647587,0.287461,-0.012434,0.400657,-0.265297,-0.028059,-0.271718,-0.399256,-0.098944,-0.000242,0.033933,3
3,13,0.083447,-0.594708,0.325857,0.020038,0.448592,-0.286586,-0.040531,-0.286925,-0.367195,-0.068398,-0.002812,-0.054306,3
3,14,-0.019766,-0.598304,0.446768,0.042966,0.436387,-0.263943,-0.07786,-0.30215,-0.35157,-0.026583,-0.006703,-0.120637,3
4,1,0.822468,-0.178076,-0.063932,-0.58511,-0.073714,-0.585691,-0.088884,0.217132,0.033728,-0.246949,-0.069319,0.108903,3
4,2,0.772192,-0.184137,-0.088829,-0.540786,-0.058614,-0.539267,-0.073325,0.192138,0.010443,-0.294683,-0.090821,0.120017,3
4,3,0.713667,-0.089388,-0.167527,-0.524517,0.052842,-0.570405,-0.025622,0.144521,-0.031244,-0.307468,-0.109405,0.134564,3
4,4,0.702366,-0.052472,-0.213363,-0.467854,0.101006,-0.522511,-0.012133,0.08874,-0.073807,-0.335982,-0.087512,0.14468,3
4,5,0.764364,-0.091517,-0.237567,-0.430705,0.140205,-0.451511,0.005368,0.03694,-0.132859,-0.376705,-0.061571,0.168375,3
4,6,0.808732,-0.205515,-0.184073,-0.389556,0.203407,-0.427569,-0.033845,0.002993,-0.222441,-0.342583,-0.057923,0.204528,3
4,7,0.735065,-0.204525,-0.212411,-0.266392,0.252869,-0.373805,-0.066049,-0.110741,-0.263884,-0.310104,-0.005686,0.221844,3
4,8,0.63146,-0.268534,-0.133636,-0.162294,0.238404,-0.31526,-0.060592,-0.215905,-0.296587,-0.258014,0.041404,0.210251,3
4,9,0.607167,-0.380946,-0.004261,-0.023586,0.222086,-0.294617,-0.050157,-0.288579,-0.302067,-0.202026,0.09377,0.166715,3
4,10,0.552641,-0.510821,0.188749,-0.019541,0.294303,-0.26522,-0.115293,-0.210734,-0.384573,-0.12036,0.094747,0.059892,3
4,11,0.51009,-0.525389,0.224972,0.082721,0.304088,-0.246044,-0.119273,-0.228796,-0.335566,-0.125194,0.080668,-0.004567,3
4,12,0.37538,-0.412901,0.220539,0.189635,0.339472,-0.292614,-0.088454,-0.275797,-0.247762,-0.128856,0.064053,-0.070293,3
5,1,0.854502,0.160201,-0.14927,-0.739906,-0.042727,-0.738056,0.012508,0.183973,0.004258,-0.06309,-0.035737,0.101038,3
5,2,1.022192,0.099231,-0.381831,-0.57823,-0.084137,-0.660346,-0.014205,0.121478,0.119642,-0.205098,-0.046514,0.083346,3
5,3,1.272338,-0.249601,-0.336288,-0.467707,-0.178403,-0.53817,-0.027801,0.068194,0.139991,-0.229205,-0.138855,0.140082,3
5,4,1.184298,-0.537271,-0.138653,-0.621612,-0.051629,-0.537604,-0.057005,0.147495,-0.006014,-0.135231,-0.209474,0.196818,3
5,5,1.050541,-0.47544,-0.179637,-0.59155,0.006085,-0.552654,-0.050031,0.13216,-0.0188,-0.168739,-0.202709,0.215924,3
5,6,0.960993,-0.364892,-0.252638,-0.520728,0.07689,-0.54398,-0.01725,0.04938,-0.082098,-0.174306,-0.169187,0.233154,3
5,7,0.541521,-0.434604,-0.165269,-0.510591,0.218692,-0.50586,-0.016939,-0.014462,-0.219046,-0.166856,-0.121684,0.254635,3
5,8,0.350482,-0.398525,-0.181247,-0.470132,0.318548,-0.496739,-0.007566,-0.038443,-0.301226,-0.195256,-0.106347,0.244391,3
5,9,0.214402,-0.395848,-0.177137,-0.418709,0.396164,-0.468149,0.009747,-0.075881,-0.368583,-0.207864,-0.090996,0.216758,3
5,10,0.137324,-0.463642,-0.127804,-0.347633,0.465421,-0.432687,-0.008663,-0.114841,-0.417464,-0.219161,-0.056601,0.197239,3
5,11,0.149296,-0.397545,-0.086363,-0.300749,0.523954,-0.43047,-0.046837,-0.14633,-0.434159,-0.203459,-0.02153,0.188579,3
5,12,0.217238,-0.409621,-0.011394,-0.226704,0.531797,-0.43684,-0.086605,-0.166893,-0.431432,-0.167793,0.005481,0.157446,3
5,13,0.401086,-0.559369,0.090459,-0.131367,0.470928,-0.420024,-0.129306,-0.163293,-0.398226,-0.137183,-0.00283,0.10556,3
5,14,0.181349,-0.514548,0.095338,-0.046627,0.49253,-0.477796,-0.115794,-0.189115,-0.355656,-0.123423,-0.008686,0.036435,3
6,1,0.268246,-0.24929,0.096122,-0.874813,0.016223,-0.812165,-0.025678,0.395293,-0.146249,0.07347,0.009038,0.133445,3
6,2,0.532917,-0.36588,0.042262,-0.845838,0.001767,-0.742003,-0.034651,0.424845,-0.137471,-0.008005,-0.001967,0.144667,3
6,3,0.669439,-0.420485,-0.11116,-0.721581,-0.015996,-0.673285,0.011365,0.339883,-0.115547,-0.069468,-0.026378,0.183084,3
6,4,0.568259,-0.608248,0.083796,-0.761359,-0.021121,-0.527134,-0.106587,0.345909,-0.127218,-0.09815,-0.02813,0.139724,3
6,5,0.546384,-0.666303,0.11718,-0.780146,0.005764,-0.515788,-0.127022,0.35474,-0.186156,-0.120915,-0.014442,0.144945,3
6,6,0.645313,-0.729752,0.057617,-0.705342,0.023561,-0.461469,-0.094661,0.309487,-0.226434,-0.176219,-0.005597,0.180857,3
6,7,0.383938,-0.686314,0.030616,-0.633009,0.100356,-0.452633,-0.072541,0.179272,-0.214605,-0.22972,-0.015623,0.242787,3
6,8,0.23209,-0.700429,0.070147,-0.56908,0.170464,-0.430283,-0.053451,0.081553,-0.269084,-0.224634,-0.024867,0.290001,3
6,9,0.125927,-0.700777,0.085271,-0.4879,0.244552,-0.400936,-0.049684,-0.013398,-0.326423,-0.182506,-0.047152,0.307261,3
6,10,0.078547,-0.699289,0.054634,-0.404551,0.350812,-0.414358,-0.070833,-0.067969,-0.403184,-0.134928,-0.016874,0.266204,3
6,11,0.180885,-0.681361,0.102451,-0.365182,0.38831,-0.410462,-0.108719,-0.101436,-0.463565,-0.10154,0.052839,0.23174,3
6,12,0.159331,-0.620324,0.161355,-0.285497,0.371768,-0.417503,-0.129642,-0.15115,-0.464291,-0.057716,0.125064,0.18285,3
6,13,-0.005724,-0.603069,0.213499,-0.19744,0.39569,-0.442383,-0.120631,-0.182906,-0.432979,-0.013525,0.111997,0.124178,3
6,14,-0.150971,-0.625505,0.276056,-0.113279,0.421069,-0.428015,-0.090127,-0.203773,-0.420042,0.000343,0.070273,0.042238,3
6,15,-0.237286,-0.645359,0.326582,-0.050644,0.445626,-0.419575,-0.074836,-0.233344,-0.399374,0.01549,0.019793,-0.01293,3
7,1,0.484703,0.162817,-0.04348,-0.824301,0.079645,-0.644264,0.09863,0.134531,-0.13436,-0.032187,-0.155727,0.15184,3
7,2,0.472858,0.185875,-0.107837,-0.77067,0.129438,-0.575278,0.069895,0.085369,-0.086733,-0.085704,-0.171531,0.183798,3
7,3,0.442469,0.214839,-0.168296,-0.729557,0.168112,-0.520814,0.080083,0.019795,-0.103946,-0.10996,-0.17899,0.195044,3
7,4,0.421506,0.148311,-0.206735,-0.695682,0.236251,-0.503946,0.082176,-0.017173,-0.164886,-0.133297,-0.189478,0.206034,3
7,5,0.408871,0.069339,-0.264634,-0.619262,0.304104,-0.528599,0.084937,-0.051311,-0.21713,-0.163408,-0.191583,0.237258,3
7,6,0.489302,-0.020169,-0.282437,-0.519692,0.316705,-0.550386,0.097962,-0.08716,-0.274765,-0.193727,-0.150753,0.289731,3
7,7,0.514769,-0.094779,-0.168665,-0.4391,0.314141,-0.521451,0.0839,-0.120412,-0.321933,-0.206994,-0.08973,0.323273,3
7,8,0.453994,-0.130846,-0.100202,-0.358948,0.365389,-0.511997,0.087914,-0.158025,-0.386227,-0.199538,-0.042218,0.304775,3
7,9,0.394749,-0.166382,-0.056069,-0.268071,0.43207,-0.484358,0.086175,-0.183949,-0.420576,-0.208777,-0.036359,0.268221,3
7,10,0.378347,-0.220239,0.033954,-0.12935,0.457756,-0.454599,0.049311,-0.22184,-0.408921,-0.204091,-0.035352,0.230245,3
7,11,0.394774,-0.23369,0.097,-0.031471,0.449978,-0.456133,0.032859,-0.254911,-0.400528,-0.175364,-0.016486,0.170597,3
7,12,0.423927,-0.263585,0.130145,0.008827,0.444252,-0.438103,0.028284,-0.293064,-0.391978,-0.164166,0.015868,0.124045,3
7,13,0.399298,-0.245233,0.147485,0.065918,0.434153,-0.448655,0.042241,-0.309286,-0.381455,-0.16609,0.04098,0.091669,3
7,14,0.195888,-0.263398,0.182428,0.081733,0.539735,-0.497387,0.019292,-0.282924,-0.38942,-0.074733,-0.00643,0.038586,3
7,15,0.100391,-0.262345,0.180626,0.122002,0.599573,-0.515005,0.010528,-0.299927,-0.370299,-0.005931,-0.026375,-0.010209,3
7,16,0.059175,-0.27373,0.219028,0.162518,0.624553,-0.506529,0.017821,-0.299398,-0.345647,0.038272,-0.039271,-0.059357,3
7,17,0.029752,-0.280503,0.274573,0.206131,0.633717,-0.504823,0.017596,-0.276599,-0.332971,0.053784,-0.045406,-0.095342,3
7,18,0.029917,-0.327709,0.321932,0.225614,0.63497,-0.497406,0.021789,-0.25226,-0.316481,0.061706,-0.063534,-0.130953,3
7,19,0.03371,-0.380109,0.359749,0.240268,0.632723,-0.479988,0.028464,-0.235225,-0.298402,0.073516,-0.091877,-0.167411,3
7,20,0.021171,-0.412502,0.381326,0.269292,0.630532,-0.46358,0.026363,-0.229892,-0.278718,0.082327,-0.120426,-0.190522,3
8,1,0.665642,-0.179317,0.094755,-0.86697,0.180786,-0.719771,-0.182835,0.384409,-0.160821,-0.011924,-0.168166,0.042607,3
8,2,0.538381,-0.240604,0.070684,-0.877867,0.242478,-0.707729,-0.173124,0.403963,-0.193226,-0.039466,-0.202335,0.050923,3
8,3,0.479535,-0.267613,0.040226,-0.857295,0.270886,-0.662627,-0.139674,0.372573,-0.221626,-0.079868,-0.221238,0.074728,3
8,4,0.423398,-0.332252,0.018869,-0.817861,0.297796,-0.608721,-0.112925,0.313977,-0.261405,-0.105009,-0.228972,0.080498,3
8,5,0.444906,-0.38773,0.012276,-0.782771,0.360182,-0.568364,-0.102186,0.278131,-0.332316,-0.145543,-0.228025,0.102334,3
8,6,0.525543,-0.429427,-0.009258,-0.726727,0.439716,-0.521178,-0.108798,0.221908,-0.407569,-0.197006,-0.214944,0.148312,3
8,7,0.637937,-0.434407,0.007736,-0.668375,0.46499,-0.482519,-0.107848,0.151984,-0.47198,-0.201515,-0.135891,0.180797,3
8,8,0.633438,-0.425285,0.020168,-0.528892,0.49748,-0.445249,-0.104419,0.063032,-0.498086,-0.212908,-0.078639,0.210156,3
8,9,0.605838,-0.452458,0.022565,-0.439999,0.560589,-0.426845,-0.087919,0.021237,-0.524487,-0.216564,-0.085148,0.198198,3
8,10,0.546321,-0.414854,0.035175,-0.339458,0.652163,-0.446419,-0.081383,-0.032647,-0.522209,-0.15629,-0.095104,0.145615,3
8,11,0.503941,-0.40636,0.080569,-0.194256,0.686042,-0.452685,-0.096202,-0.078452,-0.479812,-0.106298,-0.091927,0.096208,3
8,12,0.463145,-0.473579,0.116112,-0.112914,0.665472,-0.442892,-0.104669,-0.082834,-0.455313,-0.084742,-0.092865,0.027069,3
8,13,0.389428,-0.478454,0.175092,-0.056709,0.678947,-0.464134,-0.135335,-0.098405,-0.428198,-0.052478,-0.083221,-0.032312,3
8,14,0.288317,-0.429713,0.235947,-0.033519,0.710589,-0.493284,-0.143226,-0.117191,-0.436589,-0.007201,-0.076584,-0.065576,3
9,1,0.486189,-0.135315,-0.13684,-0.570488,-0.014225,-0.492548,0.092761,0.044687,-0.055169,-0.298104,0.015013,0.204852,3
9,2,0.514255,-0.161761,-0.136399,-0.515083,0.020651,-0.470181,0.089084,-0.004674,-0.078032,-0.306676,0.013071,0.245437,3
9,3,0.450274,-0.119937,-0.153601,-0.439828,0.090489,-0.429767,0.091283,-0.075372,-0.127058,-0.304168,0.022246,0.257791,3
9,4,0.365411,-0.139214,-0.185432,-0.358531,0.139577,-0.411964,0.112044,-0.137075,-0.208909,-0.316665,0.036996,0.257605,3
9,5,0.304147,-0.206522,-0.136432,-0.310749,0.154518,-0.384026,0.115462,-0.20109,-0.264311,-0.300501,0.035749,0.270907,3
9,6,0.21893,-0.192665,-0.075176,-0.269058,0.194808,-0.403788,0.102441,-0.223194,-0.312897,-0.2756,0.07003,0.264162,3
9,7,0.086433,-0.176224,-0.001702,-0.173613,0.269605,-0.444665,0.049941,-0.242259,-0.313674,-0.228104,0.106538,0.193699,3
10,1,0.934919,0.13933,0.084435,-0.947243,0.227614,-0.658531,-0.286278,0.290628,-0.014876,0.027675,-0.162333,-0.054222,3
10,2,1.044554,0.068938,-0.032583,-0.856612,0.166776,-0.592114,-0.194563,0.203144,-0.043581,-0.065716,-0.154329,-0.000774,3
10,3,0.954552,-0.103184,-0.004849,-0.807474,0.159893,-0.474913,-0.214423,0.159637,-0.034263,-0.126708,-0.173751,0.028055,3
10,4,0.934799,-0.153811,-0.066167,-0.752418,0.163151,-0.42857,-0.128988,0.103471,-0.097561,-0.15707,-0.216288,0.056288,3
10,5,0.930868,-0.152,-0.155428,-0.647047,0.166593,-0.448747,-0.036953,0.081257,-0.205238,-0.176246,-0.221444,0.0766,3
10,6,0.885835,-0.213221,-0.109155,-0.642299,0.285869,-0.457002,-0.043322,0.095709,-0.324182,-0.238465,-0.178589,0.133493,3
10,7,0.848076,-0.19422,-0.11086,-0.513985,0.354405,-0.429323,-0.02908,0.021539,-0.367877,-0.296876,-0.151702,0.208093,3
10,8,0.805358,-0.183261,-0.102265,-0.429461,0.434415,-0.409361,-0.005057,-0.063026,-0.385652,-0.296415,-0.155062,0.221108,3
10,9,0.5992,-0.138637,-0.027009,-0.383166,0.554677,-0.425237,-0.011929,-0.107681,-0.450451,-0.215902,-0.108116,0.167613,3
10,10,0.34662,-0.094302,0.095311,-0.277699,0.681201,-0.434151,-0.033917,-0.129948,-0.488374,-0.163199,-0.075403,0.144863,3
10,11,0.288766,-0.081762,0.118346,-0.175759,0.758198,-0.454565,-0.039716,-0.152668,-0.44156,-0.095588,-0.107938,0.062597,3
10,12,0.179328,-0.151669,0.241887,-0.097653,0.759062,-0.455726,-0.062039,-0.185209,-0.421556,-0.009433,-0.094704,-0.048736,3
10,13,0.027917,-0.176414,0.394489,-0.096104,0.763877,-0.380811,-0.115213,-0.207053,-0.402042,0.033698,-0.089177,-0.114768,3
10,14,-0.089912,-0.136144,0.508935,-0.113134,0.762794,-0.333032,-0.151119,-0.220865,-0.345382,0.081325,-0.124951,-0.17233,3
10,15,-0.166136,-0.174875,0.583711,-0.031616,0.760801,-0.366988,-0.1399,-0.191034,-0.298234,0.113342,-0.147993,-0.211954,3
10,16,-0.220031,-0.187524,0.647204,0.02532,0.761579,-0.399177,-0.102913,-0.164726,-0.28932,0.144257,-0.162933,-0.241643,3
10,17,-0.306241,-0.241849,0.738773,0.086026,0.742704,-0.412195,-0.074261,-0.128455,-0.316721,0.140032,-0.132992,-0.259917,3
11,1,0.946349,-0.65529,-0.205982,-0.568323,0.04414,-0.609592,-0.113313,0.193806,-0.006075,0.007862,-0.236937,0.069694,3
11,2,0.91856,-0.796767,-0.204944,-0.511968,0.080739,-0.578938,-0.11759,0.146172,-0.055198,0.018731,-0.232983,0.073136,3
11,3,0.838027,-0.88016,-0.217378,-0.429873,0.117201,-0.544185,-0.074269,0.121612,-0.135676,-0.034175,-0.242691,0.11374,3
11,4,0.772003,-0.876239,-0.273892,-0.318831,0.190321,-0.509749,-0.079846,0.080738,-0.201597,-0.07757,-0.235683,0.122292,3
11,5,0.862468,-1.061797,-0.212339,-0.242622,0.278199,-0.49272,-0.107737,0.017602,-0.288744,-0.088711,-0.20466,0.164658,3
11,6,0.806324,-1.123175,-0.174921,-0.150468,0.291488,-0.482432,-0.099715,-0.031989,-0.373645,-0.103549,-0.137609,0.197678,3
11,7,0.756216,-1.103318,-0.062226,-0.118437,0.284654,-0.455199,-0.100386,-0.064746,-0.407658,-0.107973,-0.080276,0.213023,3
11,8,0.654924,-1.096409,0.042673,-0.037671,0.354513,-0.446339,-0.13009,-0.09939,-0.410792,-0.119703,-0.054804,0.201425,3
11,9,0.514389,-1.189018,0.104184,0.134393,0.387109,-0.474001,-0.111953,-0.142872,-0.428263,-0.098015,-0.057697,0.142386,3
11,10,0.387097,-1.154316,0.161195,0.278983,0.432818,-0.50331,-0.102851,-0.176446,-0.406353,-0.054517,-0.067914,0.050811,3
11,11,0.292653,-1.049932,0.207215,0.328249,0.502858,-0.50631,-0.097303,-0.206262,-0.373617,-0.007673,-0.099801,-0.027895,3
12,1,0.736277,-0.109217,0.226712,-0.621903,-0.089707,-0.557623,-0.105097,0.210881,0.047172,-0.18388,-0.166038,0.174498,3
12,2,0.601714,-0.045193,0.198672,-0.726706,-0.048792,-0.489486,-0.074278,0.205421,-0.020602,-0.205629,-0.124677,0.13856,3
12,3,0.487441,-0.110414,0.127712,-0.725325,-0.007973,-0.454837,-0.065701,0.174675,-0.061304,-0.234974,-0.134179,0.162059,3
12,4,0.504412,-0.182609,0.025326,-0.733516,0.115554,-0.433915,-0.11034,0.177713,-0.126595,-0.223209,-0.157403,0.155138,3
12,5,0.525656,-0.193844,0.027099,-0.709596,0.13961,-0.401586,-0.122653,0.175285,-0.175773,-0.205156,-0.167396,0.166535,3
12,6,0.45389,-0.14486,0.07195,-0.662749,0.107493,-0.35601,-0.065257,0.099785,-0.251323,-0.140632,-0.139766,0.182831,3
12,7,0.346025,-0.099081,0.05972,-0.621844,0.20012,-0.37319,-0.025723,0.009965,-0.358392,-0.068057,-0.072663,0.143423,3
12,8,0.230191,0.001221,0.045285,-0.592558,0.316945,-0.337346,0.035663,-0.124177,-0.464149,-0.063202,-0.031566,0.127093,3
12,9,0.169226,-0.069992,0.069472,-0.45597,0.480951,-0.369623,-0.009632,-0.141496,-0.505742,-0.097678,-0.030109,0.137553,3
12,10,0.166107,-0.159666,0.040746,-0.258093,0.557691,-0.427828,-0.035625,-0.179548,-0.483008,-0.092995,-0.032523,0.082117,3
12,11,0.171593,-0.215056,0.025243,-0.111262,0.54492,-0.456487,-0.036702,-0.25424,-0.44575,-0.047778,-0.005326,0.005932,3
12,12,0.050328,-0.250572,0.150694,-0.04272,0.546473,-0.436042,-0.040027,-0.316646,-0.451979,0.008367,0.003197,-0.026519,3
12,13,-0.094932,-0.230833,0.313464,0.006701,0.551139,-0.416622,-0.033543,-0.340295,-0.434707,0.053881,-0.013785,-0.061029,3
12,14,-0.180895,-0.194673,0.46357,0.06659,0.573916,-0.432546,-0.028965,-0.315412,-0.354634,0.10333,-0.07924,-0.11722,3
12,15,-0.278691,-0.15799,0.514434,0.115185,0.638144,-0.444774,-0.013021,-0.299126,-0.296212,0.145991,-0.143445,-0.17775,3
13,1,0.497002,-0.07293,-0.108679,-0.761062,0.286501,-0.601468,-0.106932,0.121883,-0.138017,-0.030872,-0.234715,0.085847,3
13,2,0.576861,-0.062081,-0.125445,-0.762198,0.343993,-0.531414,-0.039405,0.015561,-0.275608,-0.041594,-0.157435,0.138299,3
13,3,0.610997,-0.051908,-0.171551,-0.735216,0.453233,-0.558721,-0.006083,-0.017227,-0.386964,-0.062032,-0.137665,0.219606,3
13,4,0.61038,0.02084,-0.099997,-0.646614,0.47899,-0.54219,0.006466,-0.051917,-0.422312,-0.093745,-0.078027,0.278149,3
13,5,0.402009,0.029347,-0.06388,-0.517796,0.566895,-0.541547,0.003182,-0.075438,-0.414909,-0.1147,-0.063533,0.27246,3
13,6,0.327596,-0.014889,-0.072139,-0.379877,0.656713,-0.572228,0.04624,-0.095552,-0.429029,-0.123989,-0.097144,0.23831,3
13,7,0.290881,-0.035622,-0.060479,-0.222867,0.691727,-0.591389,0.054346,-0.14041,-0.419168,-0.127977,-0.110639,0.172394,3
13,8,0.125766,-0.00202,0.101299,-0.11492,0.764843,-0.575091,-0.022722,-0.175975,-0.386088,-0.068685,-0.1163,0.06957,3
13,9,-0.069251,0.035382,0.243796,-0.11853,0.749118,-0.542322,-0.053213,-0.247229,-0.353303,0.029354,-0.156119,-0.051937,3
13,10,-0.123553,-0.018662,0.296152,-0.047581,0.684716,-0.566555,0.001663,-0.304407,-0.359798,0.081439,-0.150635,-0.105845,3
13,11,-0.169697,-0.104815,0.253006,0.088355,0.687865,-0.623815,0.009201,-0.306014,-0.318907,0.086201,-0.150514,-0.129694,3
13,12,-0.21105,-0.135334,0.23961,0.156874,0.698986,-0.640175,0.021888,-0.292406,-0.275323,0.094352,-0.151809,-0.152886,3
13,13,-0.199178,-0.125555,0.212455,0.207629,0.727016,-0.65635,0.029839,-0.259625,-0.217092,0.083486,-0.177998,-0.152107,3
13,14,-0.192375,-0.199856,0.21592,0.294887,0.675987,-0.644897,0.048235,-0.230978,-0.19087,0.056336,-0.189805,-0.160658,3
13,15,-0.197966,-0.287178,0.258179,0.36099,0.612991,-0.613896,0.057569,-0.224888,-0.180942,0.041428,-0.196236,-0.175376,3
14,1,0.669088,0.126628,-0.051337,-0.600383,0.207266,-0.585189,0.19334,0.077718,-0.293915,-0.232029,-0.102734,0.220207,3
14,2,0.529058,0.096727,-0.130877,-0.452151,0.241046,-0.542198,0.211184,-0.042704,-0.315373,-0.26223,-0.033259,0.25177,3
14,3,0.382011,0.075963,-0.210633,-0.340154,0.31964,-0.544194,0.20932,-0.148716,-0.348886,-0.227455,-0.020026,0.229554,3
14,4,0.310671,0.023286,-0.206869,-0.200237,0.358973,-0.503066,0.179464,-0.266421,-0.360328,-0.181605,0.01785,0.165716,3
14,5,0.254614,-0.019488,-0.208555,-0.021787,0.367799,-0.450671,0.20079,-0.357711,-0.351669,-0.155568,0.048436,0.085422,3
14,6,0.194193,-0.048452,-0.210458,0.166705,0.357258,-0.401071,0.205151,-0.421536,-0.327852,-0.122568,0.049241,-0.010235,3
14,7,0.093067,-0.08352,-0.052691,0.289829,0.354872,-0.408888,0.13728,-0.45358,-0.289297,-0.064256,0.041212,-0.111333,3
14,8,-0.017902,-0.162331,0.105145,0.347589,0.383446,-0.416598,0.108847,-0.441228,-0.23886,-0.016848,0.00089,-0.177227,3
14,9,-0.108101,-0.203899,0.259374,0.411004,0.396202,-0.415471,0.081257,-0.39322,-0.156109,0.003534,-0.042396,-0.227776,3
15,1,0.326581,-0.222356,0.049259,-0.790634,0.171613,-0.370964,-0.136778,0.238513,-0.193366,-0.226839,-0.085567,0.096344,3
15,2,0.377,-0.276081,0.056569,-0.776763,0.198026,-0.37178,-0.165326,0.208201,-0.221863,-0.22963,-0.061883,0.118535,3
15,3,0.500328,-0.377162,0.06008,-0.693047,0.262859,-0.387707,-0.196584,0.159407,-0.254001,-0.249389,-0.030955,0.175386,3
15,4,0.499932,-0.440847,0.071004,-0.607244,0.343158,-0.380992,-0.205065,0.048591,-0.272443,-0.276356,-0.003036,0.278378,3
15,5,0.41426,-0.419491,0.094217,-0.526196,0.400553,-0.336559,-0.183587,-0.076013,-0.283798,-0.194476,-0.01238,0.321145,3
15,6,0.313296,-0.380906,0.077364,-0.417074,0.47535,-0.314108,-0.12433,-0.181119,-0.347229,-0.052678,-0.043855,0.211402,3
15,7,0.228106,-0.357598,0.128026,-0.271,0.533823,-0.371478,-0.083151,-0.213141,-0.427873,0.008929,-0.028548,0.095877,3
15,8,0.174317,-0.418289,0.247142,-0.131678,0.54734,-0.376907,-0.088598,-0.25217,-0.423968,0.003868,-0.006405,0.035361,3
15,9,0.122175,-0.433657,0.323964,-0.047339,0.53947,-0.392807,-0.09074,-0.29268,-0.399789,0.027408,-0.025532,-0.022758,3
15,10,0.011928,-0.410277,0.341781,-0.000106,0.549643,-0.450091,-0.074111,-0.287158,-0.384355,0.033757,-0.074431,-0.067399,3
15,11,-0.138704,-0.335201,0.386954,0.032338,0.566218,-0.499279,-0.070636,-0.278553,-0.349229,0.042392,-0.11246,-0.11999,3
15,12,-0.246603,-0.317631,0.406046,0.102248,0.599282,-0.546812,-0.077507,-0.251047,-0.308695,0.04367,-0.121192,-0.163305,3
16,1,0.377859,-0.486386,0.02152,-0.886635,0.165251,-0.61933,-0.17825,0.336179,-0.113505,-0.036146,-0.092644,0.107699,3
16,2,0.256449,-0.500909,-0.019731,-0.863992,0.227513,-0.567881,-0.176633,0.278165,-0.137524,-0.078775,-0.10468,0.14963,3
16,3,0.248377,-0.488672,-0.042047,-0.812835,0.26701,-0.505813,-0.167599,0.201885,-0.159944,-0.135911,-0.098874,0.225414,3
16,4,0.232947,-0.57126,-0.034701,-0.703009,0.310773,-0.45478,-0.150483,0.104083,-0.218626,-0.160133,-0.09026,0.287781,3
16,5,0.193307,-0.673352,-0.020971,-0.608045,0.380558,-0.449175,-0.13508,0.04883,-0.323332,-0.15438,-0.073995,0.289695,3
16,6,0.093637,-0.717578,0.009605,-0.533066,0.449784,-0.451164,-0.131443,-0.002076,-0.422041,-0.137549,-0.019047,0.245353,3
16,7,0.012686,-0.721288,0.123871,-0.420037,0.429952,-0.413304,-0.144182,-0.080007,-0.423581,-0.121178,0.063364,0.215983,3
16,8,-0.076174,-0.774328,0.246883,-0.250678,0.45924,-0.369362,-0.142301,-0.164068,-0.402229,-0.113902,0.057884,0.143683,3
16,9,-0.22276,-0.805359,0.338604,-0.116283,0.491651,-0.341305,-0.119481,-0.241604,-0.379141,-0.069397,0.02351,0.046391,3
16,10,-0.322053,-0.788106,0.412741,-0.041385,0.540273,-0.337978,-0.113867,-0.266647,-0.368945,-0.001643,-0.008947,-0.072606,3
16,11,-0.342624,-0.772618,0.47282,-0.010989,0.568764,-0.345369,-0.112014,-0.280134,-0.380118,0.056682,-0.048417,-0.161721,3
16,12,-0.401105,-0.698575,0.524214,0.032061,0.528543,-0.349754,-0.076508,-0.322792,-0.359398,0.091215,-0.083818,-0.202849,3
16,13,-0.344634,-0.660067,0.544838,0.059081,0.494071,-0.366534,-0.06186,-0.324222,-0.313953,0.090312,-0.133159,-0.220779,3
16,14,-0.325909,-0.615506,0.55239,0.108649,0.477029,-0.399908,-0.045526,-0.306778,-0.270723,0.099173,-0.177574,-0.259839,3
16,15,-0.551061,-0.542264,0.538631,0.182558,0.492589,-0.440978,-0.00739,-0.302587,-0.240751,0.112415,-0.196814,-0.278798,3
16,16,-0.687534,-0.543881,0.55653,0.222788,0.513404,-0.460374,0.030029,-0.276068,-0.222741,0.117599,-0.213154,-0.268991,3
16,17,-0.680729,-0.575904,0.601105,0.260682,0.488225,-0.449121,0.046317,-0.236964,-0.194132,0.085963,-0.22112,-0.249027,3
16,18,-0.783783,-0.562047,0.624879,0.296571,0.488939,-0.449588,0.070828,-0.221443,-0.161629,0.067162,-0.234272,-0.240921,3
17,1,0.377463,0.039072,-0.060005,-0.689421,0.012481,-0.83559,-0.042999,0.296496,-0.045098,-0.055049,-0.059737,0.090905,3
17,2,0.397459,0.004078,-0.03308,-0.736267,0.045939,-0.77417,-0.067067,0.326312,-0.089194,-0.055143,-0.096017,0.091219,3
17,3,0.455239,-0.068376,0.021579,-0.80199,0.096532,-0.683296,-0.101647,0.348314,-0.139383,-0.069641,-0.138819,0.088096,3
17,4,0.509819,-0.131371,0.028016,-0.8247,0.150346,-0.614276,-0.11834,0.337204,-0.151827,-0.116991,-0.164866,0.103709,3
17,5,0.673377,-0.102094,0.034419,-0.80751,0.229462,-0.600295,-0.108615,0.31579,-0.197696,-0.149719,-0.165457,0.133353,3
17,6,0.859195,-0.214347,0.046324,-0.738471,0.237142,-0.525615,-0.079408,0.210593,-0.289917,-0.216318,-0.090819,0.199956,3
17,7,0.787809,-0.290372,-0.009243,-0.56274,0.228573,-0.456985,-0.009005,0.046064,-0.265317,-0.306426,-0.095311,0.284669,3
17,8,0.44778,-0.241285,0.033924,-0.41884,0.337383,-0.420504,-0.016297,-0.098643,-0.297025,-0.268428,-0.112863,0.323651,3
17,9,0.541664,-0.232254,-0.030671,-0.31318,0.406527,-0.44642,0.020582,-0.201138,-0.387869,-0.180762,-0.017456,0.302959,3
17,10,0.63212,-0.331071,-0.047293,-0.184385,0.365321,-0.404532,0.055519,-0.264817,-0.417681,-0.141717,0.024225,0.226046,3
17,11,0.575136,-0.454252,0.02545,-0.056668,0.397753,-0.373094,0.045529,-0.290778,-0.395143,-0.144616,0.015759,0.152937,3
17,12,0.431326,-0.559178,0.145702,0.096532,0.450262,-0.360299,0.033832,-0.26364,-0.341932,-0.106484,-0.020074,0.031376,3
17,13,0.038854,-0.560722,0.326275,0.109806,0.524948,-0.355337,-0.007639,-0.273372,-0.318043,-0.051451,-0.031547,-0.103618,3
18,1,0.424032,0.025915,-0.119739,-0.460833,-0.252455,-0.581322,-0.022991,0.182595,0.110181,-0.33118,0.13997,0.048868,3
18,2,0.405137,-0.006326,-0.134393,-0.476398,-0.134984,-0.551837,-0.027738,0.175169,0.093706,-0.384017,0.134305,0.083027,3
18,3,0.312833,-0.124844,-0.110102,-0.47527,-0.038775,-0.469022,-0.03576,0.177939,-0.032961,-0.427921,0.113697,0.14382,3
18,4,0.2797,-0.168569,-0.083453,-0.4956,0.049663,-0.430464,-0.056229,0.161566,-0.13285,-0.441202,0.097436,0.155186,3
18,5,0.218244,-0.162903,-0.139884,-0.492759,0.084457,-0.375204,-0.037467,0.065268,-0.162004,-0.462675,0.109425,0.14814,3
18,6,0.059411,-0.203385,-0.162503,-0.414059,0.154617,-0.363376,-0.055547,-0.009605,-0.160708,-0.495613,0.101454,0.190872,3
18,7,0.05851,-0.142849,-0.181947,-0.338443,0.213444,-0.347061,-0.071988,-0.103,-0.193243,-0.447191,0.121748,0.214087,3
18,8,0.103422,-0.014858,-0.164803,-0.279087,0.241132,-0.332339,0.014036,-0.278562,-0.314437,-0.219691,0.123445,0.187123,3
18,9,0.046119,-0.048356,-0.042502,-0.126843,0.350384,-0.41956,-0.001032,-0.250037,-0.364291,-0.139583,0.121346,0.140703,3
18,10,0.159122,-0.119744,0.019518,-0.023695,0.443751,-0.353163,-0.021575,-0.289835,-0.368037,-0.074185,0.064688,0.032413,3
18,11,0.208252,-0.314476,0.153493,0.090486,0.441668,-0.287315,-0.047529,-0.324181,-0.333359,-0.017168,0.035191,-0.093287,3
18,12,0.233079,-0.452248,0.215117,0.187305,0.443521,-0.279059,-0.060317,-0.358354,-0.269046,-0.034309,0.004981,-0.125468,3
19,1,0.52441,-0.030505,0.050132,-0.650246,0.064214,-0.646528,-0.101996,0.230814,0.059481,-0.1368,-0.178448,0.12526,3
19,2,0.472932,-0.024882,-0.007871,-0.59252,0.06228,-0.55567,-0.143766,0.149251,0.118261,-0.194439,-0.187956,0.145387,3
19,3,0.525259,0.003629,-0.088621,-0.581311,0.170635,-0.534165,-0.106169,0.133633,-0.003059,-0.198303,-0.166722,0.127207,3
19,4,0.616028,-0.062669,-0.074509,-0.571176,0.206631,-0.523193,-0.075059,0.146556,-0.159609,-0.190152,-0.122647,0.131449,3
19,5,0.55232,-0.107119,0.061328,-0.591956,0.245025,-0.438166,-0.081261,0.102059,-0.26513,-0.197521,-0.065475,0.157658,3
19,6,0.328907,-0.011226,0.248949,-0.606687,0.328063,-0.297056,-0.029517,-0.121074,-0.382722,-0.107641,0.047766,0.155542,3
19,7,0.295975,-0.013855,0.363025,-0.540583,0.424855,-0.195017,-0.053395,-0.14996,-0.384659,-0.107845,0.011843,0.085433,3
19,8,0.315686,-0.129667,0.438933,-0.342836,0.53064,-0.248901,-0.073979,-0.133616,-0.398785,-0.102191,-0.00744,-0.022412,3
19,9,0.094798,-0.122691,0.387417,-0.170115,0.568723,-0.306187,-0.03472,-0.286193,-0.347743,-0.006663,-0.035927,-0.125505,3
19,10,-0.073679,-0.072169,0.40529,-0.107673,0.609188,-0.325245,-0.027915,-0.356445,-0.336869,0.065149,-0.074294,-0.166159,3
19,11,-0.219852,0.007743,0.513286,-0.022362,0.657181,-0.35298,-0.033075,-0.342405,-0.310713,0.09734,-0.101973,-0.198115,3
19,12,-0.335809,0.014447,0.522874,0.082288,0.709736,-0.395145,0.006291,-0.27331,-0.292465,0.090587,-0.090254,-0.189863,3
20,1,0.871146,0.00214,-0.059705,-0.418729,-0.188516,-0.676569,0.007621,0.178807,-0.072527,-0.082239,0.05456,0.179272,3
20,2,0.817534,-0.107652,0.008065,-0.661998,-0.101523,-0.620433,-0.000705,0.311623,-0.087468,-0.10099,-0.005356,0.142423,3
20,3,0.775603,-0.167255,0.003031,-0.711562,-0.023427,-0.552323,-0.018682,0.322986,-0.155622,-0.107999,-0.026591,0.138831,3
20,4,0.657371,-0.242705,0.00909,-0.719492,0.019659,-0.468504,-0.054514,0.273264,-0.17097,-0.097256,-0.031634,0.158254,3
20,5,0.580338,-0.322963,0.003061,-0.691796,0.100472,-0.426225,-0.091852,0.217844,-0.222321,-0.111339,0.002403,0.189326,3
20,6,0.574076,-0.397419,-0.017579,-0.654633,0.197746,-0.420288,-0.118475,0.175481,-0.291206,-0.166964,0.036692,0.223049,3
20,7,0.516682,-0.429233,0.030325,-0.6053,0.244942,-0.401139,-0.127101,0.072502,-0.351793,-0.144637,0.070984,0.265404,3
20,8,0.514875,-0.411908,0.234679,-0.596023,0.277153,-0.372269,-0.117556,0.008811,-0.430833,-0.046981,0.120035,0.254836,3
20,9,0.476706,-0.359405,0.364491,-0.440224,0.340208,-0.384873,-0.096983,-0.102559,-0.477928,0.046523,0.092022,0.102241,3
20,10,0.414942,-0.364359,0.433871,-0.257891,0.42538,-0.433696,-0.10235,-0.134002,-0.482044,0.012893,0.009359,-0.001599,3
20,11,0.271818,-0.254979,0.51622,-0.221154,0.432154,-0.418111,-0.071772,-0.197391,-0.486942,0.045863,-0.0376,-0.078911,3
20,12,0.230016,-0.222553,0.649027,-0.233485,0.408971,-0.344139,-0.099735,-0.323199,-0.458494,0.16062,-0.074114,-0.199179,3
20,13,0.085609,-0.262964,0.718046,-0.155857,0.477104,-0.321782,-0.148731,-0.330095,-0.422971,0.18514,-0.087025,-0.241335,3
20,14,-0.080253,-0.207698,0.76974,-0.096026,0.534972,-0.295317,-0.1825,-0.321283,-0.343114,0.189279,-0.125331,-0.239493,3
20,15,-0.101944,-0.170484,0.876276,-0.082676,0.571387,-0.314652,-0.118636,-0.29811,-0.370069,0.250103,-0.149654,-0.27835,3
20,16,-0.15209,-0.099106,0.815582,-0.114239,0.617194,-0.354551,-0.098664,-0.283578,-0.333669,0.261257,-0.225369,-0.273758,3
21,1,0.406995,-0.10796,-0.330156,-0.641194,-0.13064,-0.578062,-0.078763,0.189413,0.25195,-0.246002,0.003816,0.097053,3
21,2,0.427763,-0.149462,-0.295396,-0.631726,-0.077473,-0.540443,-0.113116,0.186725,0.209875,-0.288768,0.002966,0.132277,3
21,3,0.425381,-0.189207,-0.274616,-0.598744,-0.01429,-0.496184,-0.11547,0.149091,0.139207,-0.319702,-0.000346,0.179102,3
21,4,0.439965,-0.265798,-0.276406,-0.545603,0.050098,-0.432178,-0.111127,0.082274,0.087991,-0.339898,-0.039501,0.204386,3
21,5,0.449922,-0.314483,-0.214264,-0.528957,0.123691,-0.371059,-0.111156,0.034791,0.00499,-0.329809,-0.103966,0.234981,3
21,6,0.450402,-0.209745,-0.276053,-0.433097,0.214752,-0.388734,-0.091423,-0.012318,-0.116985,-0.285533,-0.107715,0.263293,3
21,7,0.448836,-0.227299,-0.349944,-0.292875,0.296613,-0.422207,-0.09733,-0.045281,-0.247832,-0.209645,-0.058812,0.265845,3
21,8,0.391462,-0.376165,-0.206213,-0.162941,0.349817,-0.378318,-0.111489,-0.108044,-0.306489,-0.18903,-0.026217,0.270989,3
21,9,0.278614,-0.478323,-0.119046,-0.034439,0.367416,-0.326341,-0.059804,-0.212642,-0.339468,-0.178391,-0.04243,0.239251,3
21,10,0.19447,-0.547394,-0.046056,0.062149,0.417573,-0.30539,-0.03798,-0.270768,-0.372069,-0.1404,-0.018014,0.131831,3
21,11,0.271301,-0.593775,0.019292,0.217604,0.406987,-0.338851,-0.039407,-0.298173,-0.358267,-0.115925,0.008091,0.052953,3
21,12,0.261396,-0.702789,0.185102,0.234351,0.407268,-0.333449,-0.035292,-0.34282,-0.346642,-0.054886,-0.01362,-0.007436,3
21,13,0.127985,-0.606061,0.188738,0.262565,0.40721,-0.346858,-0.000421,-0.371696,-0.336952,-0.034362,-0.012883,-0.061823,3
22,1,0.775704,-0.143038,0.078264,-0.954979,0.171376,-0.510628,-0.257481,0.313622,-0.070718,-0.008825,-0.172068,0.007489,3
22,2,0.756717,-0.253628,0.064425,-0.925284,0.23452,-0.469852,-0.273827,0.30813,-0.110268,-0.069308,-0.183767,0.043644,3
22,3,0.646332,-0.309737,0.014986,-0.883641,0.319235,-0.456857,-0.276017,0.285135,-0.162902,-0.124505,-0.171829,0.072135,3
22,4,0.543675,-0.300385,-0.075556,-0.763678,0.401779,-0.45718,-0.224316,0.176795,-0.208425,-0.15036,-0.183512,0.150197,3
22,5,0.586259,-0.451873,-0.067011,-0.639911,0.444967,-0.423407,-0.183537,0.070304,-0.313068,-0.143493,-0.181962,0.21265,3
22,6,0.548069,-0.456094,-0.12364,-0.57001,0.486482,-0.459072,-0.09208,0.009292,-0.468168,-0.138549,-0.093498,0.211625,3
22,7,0.415086,-0.369607,0.011614,-0.52274,0.5701,-0.51479,-0.095274,-0.014903,-0.54233,-0.090801,-0.023406,0.199651,3
22,8,0.293702,-0.444236,0.133577,-0.392538,0.593988,-0.501463,-0.117223,-0.055594,-0.542146,-0.072775,-0.006883,0.121194,3
22,9,0.252964,-0.555126,0.198725,-0.211646,0.601871,-0.509737,-0.139485,-0.089924,-0.480567,-0.038601,-0.031646,0.017734,3
22,10,0.224208,-0.580664,0.242961,0.056388,0.590014,-0.500038,-0.126245,-0.159689,-0.396554,-0.004953,-0.060896,-0.05395,3
22,11,0.134882,-0.525715,0.28691,0.138024,0.598847,-0.517542,-0.114465,-0.170643,-0.376891,0.008597,-0.082821,-0.112804,3
22,12,0.043201,-0.503608,0.290471,0.183633,0.583482,-0.538078,-0.08645,-0.180234,-0.358117,0.019443,-0.117638,-0.147487,3
23,1,0.811896,0.215295,0.188569,-0.901567,0.099848,-0.824489,-0.116871,0.341904,-0.134535,0.092834,-0.099907,0.070945,3
23,2,0.81917,0.164802,0.036637,-0.915217,0.144059,-0.763209,-0.091694,0.315061,-0.112776,0.052582,-0.144314,0.055194,3
23,3,0.873831,-0.0282,-0.054916,-0.900796,0.20104,-0.732072,-0.121666,0.349342,-0.1056,-0.023724,-0.189804,0.069216,3
23,4,0.966283,-0.109545,-0.118375,-0.855208,0.200969,-0.636763,-0.12296,0.292106,-0.125104,-0.0795,-0.17913,0.098656,3
23,5,0.902975,-0.347681,-0.035113,-0.77746,0.144792,-0.502201,-0.170662,0.291664,-0.178576,-0.152043,-0.114367,0.107337,3
23,6,0.777984,-0.467513,-0.015085,-0.777134,0.22494,-0.482323,-0.18375,0.291006,-0.244933,-0.186803,-0.101233,0.122906,3
23,7,0.781329,-0.615296,0.013103,-0.723359,0.283856,-0.40224,-0.191539,0.180548,-0.272838,-0.242373,-0.092172,0.210264,3
23,8,0.508785,-0.666015,0.062738,-0.606204,0.351072,-0.37769,-0.163407,0.049025,-0.337331,-0.221971,-0.125508,0.304742,3
23,9,0.451978,-0.644499,0.060097,-0.540561,0.421984,-0.389092,-0.174068,0.017699,-0.391935,-0.206707,-0.103391,0.305313,3
23,10,0.462406,-0.677312,0.048134,-0.4604,0.524116,-0.40288,-0.190132,-0.012037,-0.452257,-0.158714,-0.046367,0.214168,3
23,11,0.357606,-0.712867,0.118388,-0.369133,0.597034,-0.394191,-0.178053,-0.061979,-0.508994,-0.107957,0.001401,0.121636,3
23,12,0.482425,-0.773799,0.179344,-0.174278,0.557701,-0.36804,-0.17535,-0.119873,-0.489463,-0.089766,0.015061,0.079682,3
23,13,0.518953,-0.932588,0.309391,-0.012405,0.494254,-0.32122,-0.178716,-0.14241,-0.450718,-0.066782,-0.013152,-0.011014,3
23,14,0.391981,-0.883026,0.363244,0.026246,0.49393,-0.375171,-0.160556,-0.141304,-0.408895,-0.04657,-0.057394,-0.063121,3
23,15,0.165913,-0.795883,0.396616,0.061067,0.495592,-0.423989,-0.14768,-0.154968,-0.373777,-0.031735,-0.079326,-0.111603,3
23,16,0.059411,-0.757249,0.409122,0.070758,0.508443,-0.46003,-0.129561,-0.165862,-0.356559,-0.013795,-0.103957,-0.135593,3
23,17,0.020618,-0.702102,0.398109,0.108848,0.494242,-0.493866,-0.101792,-0.180163,-0.323258,-0.01286,-0.130489,-0.144516,3
24,1,0.603369,-0.222085,0.27674,-0.845342,-0.011397,-0.612467,-0.093119,0.364123,-0.168105,-0.085946,-0.033728,0.108295,3
24,2,0.569995,-0.233428,0.229311,-0.851942,0.02687,-0.626286,-0.058152,0.352045,-0.211419,-0.088636,-0.035867,0.124476,3
24,3,0.538853,-0.218654,0.189242,-0.830625,0.064247,-0.617574,-0.038497,0.326406,-0.238211,-0.105666,-0.033489,0.160013,3
24,4,0.548024,-0.285705,0.139926,-0.8148,0.070616,-0.571299,-0.038493,0.297146,-0.230387,-0.156949,-0.026898,0.203529,3
24,5,0.469726,-0.299737,0.094336,-0.81889,0.097031,-0.52782,-0.029027,0.246314,-0.244011,-0.188826,-0.003231,0.240005,3
24,6,0.459439,-0.280656,0.014159,-0.795638,0.143502,-0.499056,-0.028469,0.170854,-0.206434,-0.227539,-0.007354,0.300248,3
24,7,0.383787,-0.190027,0.029291,-0.737112,0.140222,-0.455238,-0.004422,0.094738,-0.184159,-0.239175,0.00248,0.351187,3
24,8,0.394176,-0.179964,0.022951,-0.673347,0.199872,-0.44778,-0.037272,0.027625,-0.170232,-0.197283,0.009629,0.3584,3
24,9,0.380876,-0.187579,-0.006903,-0.538718,0.290574,-0.476347,-0.065705,-0.044256,-0.189568,-0.154105,0.006226,0.32672,3
24,10,0.341915,-0.228301,-0.053156,-0.421945,0.407684,-0.45968,-0.0776,-0.153212,-0.257552,-0.146598,-0.016574,0.288038,3
24,11,0.281696,-0.270751,-0.054252,-0.328318,0.512749,-0.433072,-0.101173,-0.238025,-0.316611,-0.120526,-0.036658,0.238668,3
24,12,0.253993,-0.263172,-0.013145,-0.2488,0.569544,-0.457592,-0.093647,-0.273201,-0.35633,-0.065618,-0.026537,0.133522,3
24,13,0.303442,-0.326449,0.03635,-0.136084,0.531531,-0.468174,-0.082556,-0.297789,-0.355186,-0.048879,-0.011235,0.038517,3
24,14,0.305685,-0.430566,0.12425,0.022754,0.442341,-0.414785,-0.077028,-0.369451,-0.309451,-0.061378,-0.010464,0.00799,3
24,15,0.215066,-0.46209,0.210423,0.128446,0.382668,-0.394839,-0.052424,-0.43076,-0.24386,-0.055144,-0.054033,-0.015446,3
25,1,0.758624,0.03412,-0.35002,-0.592338,0.01609,-0.528204,-0.150238,0.225011,0.055907,-0.178091,-0.091523,0.027003,3
25,2,0.902088,-0.118191,-0.410992,-0.530423,0.01662,-0.442392,-0.180097,0.182286,0.049841,-0.203421,-0.098514,0.045541,3
25,3,0.893695,-0.450731,-0.138053,-0.615576,0.089534,-0.397746,-0.191922,0.190984,-0.094829,-0.158717,-0.119912,0.084553,3
25,4,0.716316,-0.590852,-0.020684,-0.705876,0.268214,-0.452034,-0.18438,0.146489,-0.224244,-0.153842,-0.106062,0.191992,3
25,5,0.514858,-0.550255,-0.001283,-0.612611,0.35449,-0.47823,-0.16629,0.064162,-0.314634,-0.164348,-0.042858,0.272986,3
25,6,0.500654,-0.520978,0.05314,-0.457517,0.372407,-0.48678,-0.169286,-0.021168,-0.332932,-0.147311,0.014337,0.298456,3
25,7,0.488229,-0.578548,0.102077,-0.317875,0.400068,-0.440729,-0.172393,-0.117539,-0.318982,-0.139361,0.002546,0.248379,3
25,8,0.339478,-0.648973,0.176349,-0.175865,0.453815,-0.393384,-0.16654,-0.214554,-0.330993,-0.101092,-0.028393,0.148797,3
25,9,0.253456,-0.548227,0.195167,-0.014864,0.488663,-0.37435,-0.124937,-0.29543,-0.317912,-0.068925,-0.048662,0.055587,3
25,10,0.212637,-0.405705,0.166865,0.104234,0.477654,-0.396046,-0.05716,-0.360053,-0.266129,-0.015421,-0.075596,-0.081398,3
25,11,0.076006,-0.363155,0.195104,0.131581,0.474906,-0.439768,-0.037692,-0.353362,-0.257516,0.015554,-0.101708,-0.161902,3
25,12,-0.028496,-0.380303,0.226161,0.228652,0.427698,-0.432521,-0.011348,-0.386667,-0.217277,0.005684,-0.120476,-0.188225,3
25,13,-0.127736,-0.32935,0.300795,0.251307,0.40898,-0.435191,-0.016133,-0.379844,-0.174652,-0.007109,-0.145423,-0.206593,3
26,1,0.542148,0.267419,0.014399,-0.725725,-0.092928,-0.738532,0.020368,0.262659,-0.035952,-0.066526,0.052232,0.028715,3
26,2,0.524788,0.29769,-0.059927,-0.730358,-0.019072,-0.668897,0.003782,0.246606,-0.080689,-0.055992,0.012595,0.011592,3
26,3,0.591399,0.197013,-0.166696,-0.724752,0.070654,-0.648491,0.048037,0.239179,-0.150913,-0.113438,-0.025694,0.049755,3
26,4,0.667175,0.049158,-0.183497,-0.718015,0.135533,-0.624825,0.064833,0.257675,-0.239175,-0.153778,-0.07146,0.111922,3
26,5,0.66651,-0.014165,-0.094361,-0.714905,0.198345,-0.559822,0.059892,0.205301,-0.335639,-0.163556,-0.074722,0.161931,3
26,6,0.599783,0.000811,0.029717,-0.693762,0.282629,-0.496391,0.043604,0.143809,-0.414778,-0.17504,-0.05656,0.207534,3
26,7,0.556503,-0.013804,0.126775,-0.666424,0.346885,-0.428554,0.03139,0.080518,-0.479514,-0.163286,-0.039129,0.211996,3
26,8,0.421034,-0.015751,0.209393,-0.58169,0.405145,-0.346561,0.020568,-0.006516,-0.489338,-0.168985,-0.042053,0.176034,3
26,9,0.25126,-0.033476,0.257351,-0.417868,0.458334,-0.35416,0.009138,-0.087064,-0.473478,-0.169849,-0.054478,0.144561,3
26,10,0.213241,-0.150356,0.289432,-0.250098,0.551056,-0.389826,-0.000533,-0.181276,-0.489045,-0.07085,-0.037445,0.080547,3
26,11,0.153203,-0.156996,0.383892,-0.203436,0.627134,-0.371798,-0.068788,-0.236184,-0.474082,0.012894,-0.047698,-0.018307,3
26,12,0.067215,-0.159427,0.40757,-0.117617,0.646391,-0.416956,-0.060125,-0.250306,-0.46408,0.048512,-0.059044,-0.077015,3
26,13,-0.048775,-0.156833,0.504693,-0.100783,0.671857,-0.426102,-0.086916,-0.238239,-0.432421,0.081916,-0.094956,-0.132369,3
26,14,-0.161357,-0.138595,0.617019,-0.052528,0.691458,-0.442012,-0.08235,-0.227808,-0.388328,0.144911,-0.13921,-0.198634,3
26,15,-0.235903,-0.182973,0.652652,0.015734,0.706003,-0.434882,-0.041283,-0.204236,-0.358288,0.180422,-0.145067,-0.232427,3
26,16,-0.296106,-0.221774,0.698043,0.05342,0.70649,-0.412728,-0.026293,-0.180321,-0.329677,0.180182,-0.167062,-0.251966,3
26,17,-0.376634,-0.221714,0.776269,0.058819,0.696369,-0.385961,-0.032684,-0.161428,-0.311271,0.162883,-0.180662,-0.255839,3
26,18,-0.408866,-0.226364,0.800195,0.057453,0.676969,-0.390485,-0.023457,-0.153316,-0.30163,0.151944,-0.198857,-0.25622,3
26,19,-0.431292,-0.234441,0.799006,0.119546,0.664439,-0.440925,-0.002765,-0.126372,-0.29308,0.125945,-0.212906,-0.247606,3
27,1,0.904404,-0.547015,0.303791,-0.769126,-0.089779,-0.429958,-0.052761,0.355618,-0.266684,-0.201789,-0.037376,0.058503,3
27,2,0.832254,-0.538375,0.26187,-0.72586,-0.029337,-0.402012,-0.03754,0.313197,-0.31298,-0.228944,-0.037158,0.093843,3
27,3,0.841019,-0.591303,0.255549,-0.6858,0.035422,-0.358781,-0.047954,0.257612,-0.3766,-0.251872,-0.006061,0.128492,3
27,4,0.708313,-0.600777,0.172566,-0.516694,0.05169,-0.331376,-0.017054,0.150549,-0.379891,-0.30238,0.004315,0.19239,3
27,5,0.648861,-0.60882,0.126242,-0.440829,0.087695,-0.328447,0.023041,0.009895,-0.343676,-0.29693,-0.002818,0.26985,3
27,6,0.550236,-0.616241,0.127687,-0.349721,0.156457,-0.344897,0.040721,-0.125463,-0.36042,-0.198211,-0.008308,0.286022,3
27,7,0.414062,-0.621772,0.161816,-0.26802,0.251078,-0.363414,0.016485,-0.187271,-0.455223,-0.066248,0.043017,0.185446,3
27,8,0.357065,-0.707761,0.288972,-0.108351,0.291753,-0.338163,-0.023582,-0.233502,-0.473641,-0.00185,0.041784,0.12398,3
27,9,0.296444,-0.768978,0.364617,0.022091,0.308202,-0.31899,-0.031896,-0.232982,-0.454322,0.014207,0.014289,0.022594,3
27,10,0.220878,-0.758638,0.401479,0.172748,0.315675,-0.319249,-0.009191,-0.245014,-0.390661,0.016617,-0.032164,-0.07781,3
27,11,0.114424,-0.726143,0.441889,0.25564,0.366476,-0.337517,0.012546,-0.30681,-0.341563,0.057705,-0.090008,-0.126201,3
28,1,0.636909,0.124506,0.166842,-0.892269,0.139531,-0.775946,-0.099227,0.337095,-0.164165,0.052778,-0.126416,0.052365,3
28,2,0.706112,-0.001377,0.125576,-0.89178,0.210046,-0.719021,-0.116812,0.366265,-0.191225,-0.026543,-0.160082,0.054856,3
28,3,0.685389,-0.064652,0.09526,-0.916489,0.251936,-0.641224,-0.089913,0.351239,-0.264541,-0.084177,-0.170462,0.05154,3
28,4,0.666031,-0.115462,0.058152,-0.857419,0.254427,-0.587,-0.082423,0.280216,-0.282257,-0.136631,-0.155986,0.078231,3
28,5,0.5375,-0.192805,0.053723,-0.737015,0.271352,-0.523203,-0.099459,0.185679,-0.283299,-0.19781,-0.143014,0.152327,3
28,6,0.50288,-0.158121,0.084429,-0.681155,0.3824,-0.52026,-0.113881,0.154084,-0.345448,-0.202459,-0.147695,0.20902,3
28,7,0.510668,-0.151634,0.086598,-0.593406,0.523915,-0.529994,-0.127327,0.088231,-0.420685,-0.158505,-0.118358,0.212184,3
28,8,0.606459,-0.342764,0.046148,-0.460531,0.542131,-0.429153,-0.142156,-0.021717,-0.429495,-0.184493,-0.095923,0.202726,3
28,9,0.504521,-0.417156,0.062857,-0.337628,0.542171,-0.343848,-0.118809,-0.133663,-0.443728,-0.159343,-0.068352,0.164636,3
28,10,0.533978,-0.484939,0.163487,-0.249152,0.545484,-0.323212,-0.094743,-0.167776,-0.461401,-0.106136,-0.064123,0.103507,3
28,11,0.472062,-0.55787,0.245819,-0.14128,0.551753,-0.345313,-0.095901,-0.187226,-0.442189,-0.04116,-0.063818,-0.007875,3
28,12,0.281754,-0.451994,0.232302,-0.07715,0.619373,-0.427348,-0.076226,-0.20359,-0.440668,0.002113,-0.067665,-0.066019,3
28,13,0.1312,-0.312184,0.230707,-0.020924,0.68379,-0.515568,-0.054191,-0.218067,-0.407696,0.048453,-0.103774,-0.097751,3
29,1,0.178844,-0.288337,0.024375,-0.756008,0.051871,-0.652581,-0.024363,0.28919,-0.138734,-0.144559,-0.061147,0.110538,3
29,2,0.176643,-0.337196,0.013127,-0.709732,0.087818,-0.611052,-0.034896,0.264649,-0.169983,-0.196324,-0.053531,0.126892,3
29,3,0.139312,-0.361659,0.010007,-0.65082,0.117672,-0.567322,-0.039054,0.210059,-0.199097,-0.25213,-0.030797,0.160637,3
29,4,0.138072,-0.40001,-0.008701,-0.598873,0.171997,-0.524759,-0.055458,0.148058,-0.247781,-0.296668,0.005677,0.210481,3
29,5,0.146419,-0.413674,-0.024348,-0.512984,0.223991,-0.486294,-0.090236,0.053185,-0.265462,-0.313463,0.064959,0.262912,3
29,6,0.174523,-0.428144,-0.001106,-0.411548,0.280185,-0.450804,-0.117263,-0.065071,-0.254809,-0.29122,0.103448,0.327703,3
29,7,0.17235,-0.453632,0.006652,-0.281107,0.299914,-0.414743,-0.048413,-0.174039,-0.271132,-0.222457,0.0541,0.343444,3
29,8,0.108371,-0.496727,0.018451,-0.168158,0.36665,-0.414565,0.001545,-0.219129,-0.384998,-0.144088,0.020876,0.197311,3
29,9,-0.000345,-0.547687,0.12104,-0.066279,0.421051,-0.422813,-0.011912,-0.252638,-0.416899,-0.089685,0.022482,0.086741,3
29,10,-0.097823,-0.590104,0.24534,0.010729,0.461368,-0.427773,-0.040467,-0.252267,-0.401472,-0.042893,-0.018592,-0.015187,3
30,1,-0.050141,-0.07764,-0.153971,-0.46636,-0.151513,-0.541829,0.086712,0.12718,-0.053504,-0.417819,0.087089,0.032021,3
30,2,0.058364,-0.130567,-0.104699,-0.411991,-0.123404,-0.459041,0.071504,0.034329,-0.103938,-0.411839,0.102676,0.06042,3
30,3,0.060896,-0.138777,-0.121032,-0.382846,-0.062438,-0.419168,0.092675,0.000381,-0.154593,-0.489935,0.101109,0.077625,3
30,4,0.098231,0.098039,-0.128754,-0.367069,-0.006393,-0.402039,0.098539,-0.016641,-0.198848,-0.496239,0.109357,0.086267,3
30,5,0.093132,0.246048,-0.14726,-0.288039,0.061399,-0.399666,0.138101,-0.08862,-0.271932,-0.444864,0.150786,0.103988,3
30,6,0.039392,0.245791,-0.229803,-0.177259,0.238,-0.433352,0.132163,-0.199957,-0.322323,-0.367452,0.136983,0.129666,3
30,7,-0.075655,0.204024,-0.199644,-0.09469,0.369096,-0.421401,0.096214,-0.290318,-0.352618,-0.290906,0.14237,0.099177,3
30,8,-0.113839,0.092981,-0.155614,-0.084584,0.399264,-0.408337,0.110709,-0.319172,-0.386938,-0.257305,0.137775,0.03592,3
30,9,-0.057902,0.092393,-0.109512,-0.003527,0.406654,-0.427476,0.137446,-0.35031,-0.414662,-0.208989,0.174227,-0.010968,3
30,10,-0.097887,0.119658,0.008912,0.075368,0.499381,-0.425666,0.078974,-0.374963,-0.352519,-0.135786,0.124801,-0.045137,3
30,11,-0.118965,0.071612,0.081453,0.117685,0.506331,-0.395523,0.010961,-0.395058,-0.283976,-0.101645,0.094105,-0.124271,3
30,12,0.000471,-0.068064,0.085186,0.144816,0.443961,-0.379912,-0.016629,-0.371859,-0.268208,-0.109034,0.097838,-0.185144,3
30,13,0.003499,-0.09493,0.078506,0.149302,0.4205,-0.354272,-0.022617,-0.370735,-0.247367,-0.10975,0.073086,-0.229491,3
30,14,-0.09122,-0.085115,0.133759,0.158513,0.514109,-0.417693,-0.056762,-0.331328,-0.221269,-0.102163,0.005765,-0.219622,3
30,15,-0.225122,-0.06516,0.160369,0.220382,0.579089,-0.496275,-0.047977,-0.316049,-0.19844,-0.075504,-0.045513,-0.232523,3
1,1,0.271724,-0.221893,0.064484,-0.676904,-0.174411,-0.533266,0.240623,0.073875,-0.204006,-0.082263,-0.032233,0.124454,3
1,2,0.219021,-0.271235,0.05624,-0.651954,-0.140621,-0.492729,0.230312,0.06102,-0.219091,-0.120449,-0.001714,0.149598,3
1,3,0.252684,-0.327589,0.066691,-0.606676,-0.077795,-0.441011,0.205537,0.019872,-0.2652,-0.162482,0.012282,0.176636,3
1,4,0.2695,-0.375965,0.080349,-0.546363,-0.045612,-0.389551,0.190449,-0.03605,-0.31059,-0.190288,0.020895,0.195883,3
1,5,0.347877,-0.462135,0.094372,-0.49505,-0.029023,-0.332753,0.180658,-0.107829,-0.345587,-0.207593,0.035056,0.201579,3
1,6,0.335908,-0.479741,0.068412,-0.405802,-0.008663,-0.321973,0.165687,-0.185892,-0.331811,-0.187216,0.053632,0.202233,3
1,7,0.289547,-0.463183,0.06399,-0.321164,0.03461,-0.34836,0.159113,-0.242734,-0.347782,-0.133968,0.066582,0.229753,3
1,8,0.250036,-0.471506,0.07812,-0.250892,0.09995,-0.355573,0.143563,-0.290099,-0.379292,-0.071075,0.076613,0.224188,3
1,9,0.24273,-0.516904,0.143728,-0.222268,0.157586,-0.298129,0.101297,-0.340231,-0.389392,-0.022036,0.071714,0.147534,3
1,10,0.242714,-0.533033,0.221496,-0.147168,0.205312,-0.258623,0.063108,-0.3772,-0.383936,-0.012825,0.068143,0.074735,3
1,11,0.230709,-0.5641,0.278177,-0.065408,0.246157,-0.220732,0.033219,-0.398883,-0.361402,-0.014866,0.043651,-0.016397,3
1,12,0.243444,-0.588032,0.313272,-0.00088,0.260331,-0.192461,0.020835,-0.427384,-0.32661,-0.006984,0.032005,-0.064748,3
1,13,0.312431,-0.645422,0.396696,0.080138,0.26399,-0.206763,0.036371,-0.41513,-0.318364,0.012885,0.003761,-0.065365,3
1,14,0.206448,-0.614072,0.433971,0.129245,0.314236,-0.212056,0.039068,-0.407436,-0.295876,0.048087,-0.03186,-0.122683,3
1,15,0.124116,-0.58225,0.460937,0.146894,0.357719,-0.243055,0.028318,-0.395394,-0.275426,0.070124,-0.073068,-0.156014,3
1,16,0.035397,-0.570347,0.520639,0.161334,0.383754,-0.280987,0.004147,-0.372238,-0.259484,0.082867,-0.118627,-0.194218,3
1,17,-0.064047,-0.56538,0.586221,0.192878,0.394834,-0.297915,-0.021821,-0.347476,-0.247642,0.102132,-0.147315,-0.244875,3
1,18,-0.119184,-0.591884,0.592314,0.197662,0.411173,-0.313801,-0.021664,-0.319219,-0.238125,0.098673,-0.168029,-0.260174,3
1,19,-0.182932,-0.591436,0.604936,0.198668,0.443782,-0.334918,-0.019186,-0.296996,-0.223278,0.098023,-0.193908,-0.256149,3
2,1,1.155802,-0.090588,0.079864,-0.790386,-0.107499,-0.652507,0.052065,0.319471,-0.234667,-0.069178,-0.067643,0.035266,3
2,2,1.118158,-0.10394,0.040637,-0.745114,-0.08442,-0.63037,0.089332,0.292186,-0.247188,-0.108245,-0.097541,0.061322,3
2,3,1.12791,-0.12885,-0.046986,-0.7016,-0.028056,-0.618321,0.106165,0.260325,-0.239363,-0.14436,-0.15737,0.10211,3
2,4,1.302057,-0.206345,-0.218223,-0.491783,-0.023121,-0.624271,0.145937,0.156347,-0.207477,-0.17884,-0.203477,0.186095,3
2,5,1.193935,-0.249372,-0.099185,-0.559907,0.004413,-0.541123,0.111033,0.12973,-0.231444,-0.237924,-0.151639,0.207632,3
2,6,1.085469,-0.27862,-0.066689,-0.564914,0.070379,-0.489993,0.089516,0.115312,-0.290845,-0.254939,-0.122459,0.225753,3
2,7,1.097119,-0.374844,-0.08657,-0.454258,0.099178,-0.435739,0.08953,0.035237,-0.31465,-0.266969,-0.119733,0.27349,3
2,8,1.10575,-0.426319,-0.121101,-0.384461,0.106899,-0.355846,0.053547,-0.03655,-0.351531,-0.270263,-0.064241,0.25415,3
2,9,1.009946,-0.352165,-0.113547,-0.380159,0.12455,-0.313936,0.031848,-0.101791,-0.373855,-0.258325,0.015051,0.235728,3
2,10,0.998034,-0.373944,-0.047093,-0.298486,0.161302,-0.302403,0.053735,-0.187922,-0.40699,-0.192162,0.048513,0.2234,3
2,11,1.153454,-0.445501,-0.10412,-0.006464,0.165021,-0.327612,0.16837,-0.328908,-0.397777,-0.149245,0.040297,0.199368,3
2,12,1.170545,-0.358138,-0.12807,0.102413,0.208447,-0.305005,0.204905,-0.394359,-0.400536,-0.125018,0.042814,0.115054,3
2,13,1.012392,-0.403358,0.01225,0.186626,0.304755,-0.318068,0.186465,-0.395714,-0.407518,-0.066323,-0.009007,0.074709,3
2,14,0.855927,-0.399218,0.109291,0.236866,0.352871,-0.329775,0.139201,-0.395987,-0.387505,-0.023042,-0.030848,0.012324,3
2,15,0.756374,-0.388493,0.169127,0.260132,0.370312,-0.341635,0.100429,-0.405241,-0.355067,-0.004532,-0.040143,-0.041738,3
2,16,0.642591,-0.394173,0.232906,0.270343,0.365,-0.333341,0.07636,-0.410435,-0.33397,0.000838,-0.037332,-0.084872,3
2,17,0.521025,-0.357791,0.293059,0.233402,0.393305,-0.334494,0.054795,-0.401632,-0.324653,0.024258,-0.045706,-0.113055,3
3,1,0.548909,-0.334113,0.051513,-0.649942,0.040899,-0.444153,0.065766,0.147683,-0.248014,-0.226063,-0.018767,0.14606,3
3,2,0.6629,-0.369197,0.042098,-0.627482,0.034893,-0.425525,0.04798,0.132501,-0.274351,-0.256207,0.003493,0.184514,3
3,3,0.748848,-0.389125,0.044788,-0.534763,0.052336,-0.399815,0.058983,0.092362,-0.323262,-0.306468,-0.005868,0.224218,3
3,4,0.720141,-0.240107,-0.00456,-0.437415,0.113346,-0.428879,0.089966,0.04887,-0.355973,-0.315378,0.008125,0.232503,3
3,5,0.835711,-0.324405,0.000977,-0.333139,0.055995,-0.315749,0.038075,-0.035234,-0.315841,-0.34761,0.048718,0.230233,3
3,6,0.839441,-0.342116,-0.019468,-0.256988,0.050938,-0.280727,0.048611,-0.161503,-0.266285,-0.375081,0.074134,0.259132,3
3,7,0.749378,-0.33749,0.005933,-0.220266,0.150553,-0.301231,0.052297,-0.244901,-0.280657,-0.341295,0.074114,0.28423,3
3,8,0.646771,-0.335123,0.015591,-0.12342,0.186079,-0.287267,0.06776,-0.315512,-0.325608,-0.256609,0.057902,0.252767,3
3,9,0.562712,-0.372494,0.082903,-0.058297,0.183921,-0.302813,0.083961,-0.346028,-0.372851,-0.179055,0.076572,0.193444,3
3,10,0.455283,-0.344217,0.148228,-0.040856,0.265477,-0.327612,0.034487,-0.334941,-0.386365,-0.144216,0.101973,0.133665,3
3,11,0.357557,-0.241427,0.179857,-0.074149,0.390816,-0.32841,-0.033429,-0.331034,-0.37981,-0.104855,0.091479,0.061051,3
3,12,0.235292,-0.191549,0.193633,-0.043807,0.440591,-0.357276,-0.041473,-0.333599,-0.383569,-0.05501,0.065823,-0.019412,3
3,13,0.1326,-0.171614,0.247628,-0.023157,0.482356,-0.354513,-0.08742,-0.331412,-0.348618,-0.036932,0.048088,-0.079069,3
3,14,0.029741,-0.14474,0.284541,-0.007839,0.539634,-0.353668,-0.122676,-0.320031,-0.316859,-0.025066,0.027604,-0.117893,3
3,15,-0.055906,-0.125931,0.29846,0.009788,0.616959,-0.386945,-0.132006,-0.291942,-0.299691,-0.006699,0.00434,-0.134983,3
4,1,1.144792,-0.0683,-0.207295,-0.497998,-0.189399,-0.491552,0.085427,0.092188,0.044091,-0.358663,-0.033564,0.187799,3
4,2,0.913235,-0.238747,-0.023086,-0.499494,-0.13389,-0.388744,0.112331,0.084074,-0.130014,-0.24788,-0.10234,0.170001,3
4,3,0.841715,-0.279938,0.064002,-0.51954,-0.086862,-0.352095,0.074236,0.083693,-0.193746,-0.198044,-0.136288,0.169248,3
4,4,0.77036,0.033115,-0.165708,-0.540547,0.081716,-0.389425,0.028167,0.063551,-0.05478,-0.298389,-0.059284,0.142151,3
4,5,0.737591,0.029004,-0.22739,-0.508501,0.146889,-0.438162,0.052159,0.011073,-0.134166,-0.272413,-0.053718,0.171438,3
4,6,0.71267,-0.039344,-0.210885,-0.444341,0.164229,-0.430478,0.07744,-0.065044,-0.210361,-0.252587,-0.036069,0.212712,3
4,7,0.679668,-0.150883,-0.171436,-0.351833,0.164646,-0.391359,0.115802,-0.139767,-0.29491,-0.229779,-0.007904,0.222551,3
4,8,0.729003,-0.295048,-0.206035,-0.160404,0.164008,-0.376255,0.110054,-0.197671,-0.32337,-0.233598,0.014447,0.221784,3
4,9,0.679321,-0.226573,-0.180067,-0.148791,0.247496,-0.362191,0.064355,-0.220854,-0.327703,-0.26932,0.059319,0.200952,3
4,10,0.574787,-0.174175,-0.052545,-0.144364,0.331461,-0.326729,0.015123,-0.267661,-0.323532,-0.246847,0.072099,0.146614,3
4,11,0.508732,-0.150406,0.090997,-0.132552,0.368712,-0.295417,-0.039936,-0.320846,-0.282725,-0.168218,0.06352,0.061686,3
4,12,0.478275,-0.131085,0.072768,-0.057985,0.442065,-0.359341,-0.012087,-0.342484,-0.321004,-0.065467,0.042588,0.012064,3
4,13,0.386972,-0.079611,0.075823,0.039493,0.478438,-0.375337,0.024622,-0.36341,-0.313147,-0.046875,0.028814,-0.034934,3
4,14,0.330204,-0.068683,0.09564,0.090494,0.502994,-0.382338,0.028887,-0.355166,-0.286383,-0.045514,0.002495,-0.085706,3
5,1,0.303677,0.344401,-0.057191,-0.747382,-0.000222,-0.678334,-0.002814,0.175393,0.023568,-0.128862,-0.035579,0.0138,3
5,2,0.564058,0.266057,-0.212469,-0.722911,0.070524,-0.676922,-0.002838,0.179998,0.076482,-0.163128,-0.091233,0.013362,3
5,3,0.581931,0.268178,-0.300981,-0.760683,0.094405,-0.595927,0.037201,0.127092,0.01263,-0.161888,-0.087835,-0.019129,3
5,4,0.617749,0.128821,-0.347492,-0.673068,0.142226,-0.565154,-0.011392,0.11808,0.017595,-0.218736,-0.121749,0.001861,3
5,5,0.854972,-0.225581,-0.309518,-0.482672,0.03029,-0.47691,0.000687,0.018272,0.051829,-0.339751,-0.141698,0.17633,3
5,6,0.854833,-0.463489,-0.122715,-0.489387,0.062225,-0.401549,-0.022905,0.07724,-0.165303,-0.314744,-0.121534,0.234665,3
5,7,0.506685,-0.426003,-0.109249,-0.50077,0.169527,-0.365287,-0.043286,0.03351,-0.224419,-0.340385,-0.060443,0.18748,3
5,8,0.395954,-0.459168,-0.10078,-0.469523,0.230472,-0.355409,-0.036131,-0.018832,-0.293441,-0.330591,0.010248,0.173556,3
5,9,0.365166,-0.551046,-0.061476,-0.352779,0.284766,-0.335057,-0.059435,-0.083643,-0.33175,-0.32514,0.067814,0.215845,3
5,10,0.164377,-0.533653,-0.040167,-0.196185,0.283803,-0.321719,-0.043925,-0.200527,-0.267137,-0.323474,0.094942,0.217254,3
5,11,0.167613,-0.54601,-0.028612,-0.074422,0.317253,-0.310331,-0.051623,-0.263412,-0.237498,-0.285681,0.113815,0.186915,3
5,12,0.439545,-0.588765,-0.060429,0.264695,0.284906,-0.232214,0.071014,-0.336412,-0.172879,-0.201157,0.086197,0.067152,3
5,13,0.377055,-0.51635,-0.003438,0.338376,0.309719,-0.254541,0.015275,-0.355951,-0.182402,-0.210774,0.066828,-0.060087,3
6,1,0.364022,-0.101043,-0.143133,-0.663067,0.074103,-0.697229,-0.033823,0.245288,-0.009624,-0.099216,-0.140027,0.0871,3
6,2,0.428645,-0.187693,-0.172482,-0.668813,0.132472,-0.643795,-0.042425,0.252805,-0.044539,-0.131039,-0.172648,0.067933,3
6,3,0.400469,-0.205624,-0.164944,-0.618795,0.138067,-0.539071,-0.022711,0.192159,-0.066416,-0.212377,-0.194839,0.061303,3
6,4,0.238167,-0.312234,-0.1093,-0.572497,0.120509,-0.469639,-0.006765,0.112224,-0.100625,-0.218835,-0.172203,0.074305,3
6,5,0.265804,-0.322144,-0.140404,-0.52404,0.159915,-0.466806,0.004741,0.060091,-0.162739,-0.234364,-0.141269,0.157006,3
6,6,0.245164,-0.326905,-0.161973,-0.472842,0.19958,-0.444544,0.019433,-0.023001,-0.238124,-0.224491,-0.080941,0.210401,3
6,7,0.14624,-0.327098,-0.121509,-0.389827,0.24511,-0.399231,0.032907,-0.112598,-0.330321,-0.204089,0.017645,0.223824,3
6,8,0.096064,-0.358245,-0.062424,-0.262038,0.280334,-0.346734,0.052273,-0.178062,-0.367914,-0.210755,0.079257,0.206811,3
6,9,0.093156,-0.503676,0.041409,-0.140997,0.339698,-0.303999,0.054188,-0.221753,-0.38204,-0.200549,0.043208,0.14029,3
6,10,0.112854,-0.585945,0.097645,-0.012934,0.402441,-0.289054,0.03405,-0.275115,-0.383762,-0.143055,0.027813,0.061873,3
6,11,0.087773,-0.639926,0.156443,0.074604,0.426546,-0.288412,0.017527,-0.311427,-0.363831,-0.094804,0.001415,-0.01045,3
6,12,0.014868,-0.613608,0.211514,0.130018,0.436631,-0.316353,-0.006195,-0.337144,-0.322232,-0.057053,-0.022373,-0.080063,3
6,13,-0.065145,-0.561425,0.253569,0.183835,0.437879,-0.352196,-0.017335,-0.354413,-0.291747,-0.02359,-0.053023,-0.13385,3
7,1,0.434426,-0.170757,-0.042581,-0.637755,-0.049544,-0.614386,0.043129,0.197321,-0.0283,-0.249444,-0.046981,0.122955,3
7,2,0.45713,-0.247079,-0.052847,-0.604387,-0.029418,-0.57065,0.050457,0.175935,-0.052576,-0.288957,-0.050688,0.129308,3
7,3,0.447209,-0.286505,-0.051505,-0.576264,-0.02229,-0.517661,0.062955,0.168949,-0.076573,-0.335767,-0.053376,0.154952,3
7,4,0.362702,-0.253924,-0.042349,-0.561163,-0.001007,-0.486709,0.085278,0.131319,-0.081037,-0.360858,-0.063745,0.159264,3
7,5,0.38602,-0.331179,-0.012705,-0.537602,-0.005795,-0.456811,0.083898,0.092253,-0.101753,-0.344412,-0.067939,0.150101,3
7,6,0.384543,-0.36768,-0.020162,-0.51398,0.02512,-0.439077,0.096028,0.032966,-0.13161,-0.317031,-0.068419,0.173998,3
7,7,0.364642,-0.388837,-0.033215,-0.470443,0.056626,-0.406309,0.129034,-0.040582,-0.180211,-0.302307,-0.081003,0.208425,3
7,8,0.357528,-0.420108,-0.031274,-0.402248,0.083435,-0.368916,0.152217,-0.111374,-0.257281,-0.278343,-0.075958,0.234661,3
7,9,0.357236,-0.446609,-0.004622,-0.345827,0.11776,-0.350836,0.161166,-0.145207,-0.337543,-0.235425,-0.053583,0.225965,3
7,10,0.301104,-0.47955,0.040515,-0.283249,0.167386,-0.315539,0.143619,-0.186874,-0.37463,-0.239586,-0.019158,0.231142,3
7,11,0.277565,-0.514898,0.069601,-0.225969,0.222539,-0.287935,0.139845,-0.217978,-0.403989,-0.249305,-0.000801,0.224053,3
7,12,0.315305,-0.560425,0.081148,-0.163049,0.268391,-0.279906,0.145488,-0.228535,-0.436364,-0.226869,-0.006936,0.196841,3
7,13,0.453881,-0.659295,0.150973,-0.090209,0.280121,-0.271783,0.126813,-0.250151,-0.437245,-0.183222,-0.031449,0.171325,3
7,14,0.55851,-0.703333,0.181875,0.030024,0.310427,-0.277058,0.086331,-0.290907,-0.423489,-0.125897,-0.021562,0.132958,3
7,15,0.498458,-0.694999,0.216617,0.132093,0.31773,-0.26121,0.077607,-0.346896,-0.383998,-0.101331,-0.017902,0.096307,3
7,16,0.363553,-0.675233,0.246627,0.179633,0.349895,-0.26697,0.06814,-0.365378,-0.351283,-0.079854,-0.026332,0.043147,3
7,17,0.320124,-0.642713,0.215178,0.222841,0.421226,-0.316963,0.040977,-0.329675,-0.341407,-0.048373,-0.042183,-0.018231,3
7,18,0.277046,-0.628987,0.271102,0.267932,0.417927,-0.328885,0.029137,-0.32977,-0.327706,-0.018907,-0.05689,-0.059063,3
8,1,0.416466,0.057932,-0.16022,-0.599846,-0.053616,-0.530113,0.102725,0.147978,-0.007709,-0.339704,0.043659,0.121368,3
8,2,0.33465,-0.069765,-0.10746,-0.587807,-0.047128,-0.456959,0.0897,0.113265,-0.056539,-0.38284,0.07623,0.144348,3
8,3,0.290664,-0.114502,-0.089002,-0.581196,0.003024,-0.405204,0.081822,0.06317,-0.113416,-0.395527,0.101326,0.161905,3
8,4,0.258449,-0.037943,-0.098076,-0.545858,0.106636,-0.384625,0.071107,-0.012712,-0.169073,-0.370405,0.114242,0.201929,3
8,5,0.183054,0.026884,-0.058022,-0.514134,0.172803,-0.331775,0.039517,-0.082223,-0.176785,-0.348275,0.079714,0.260925,3
8,6,0.177907,-0.032853,-0.098286,-0.468365,0.210021,-0.247442,-0.016124,-0.222589,-0.179851,-0.299298,0.114662,0.24109,3
8,7,0.169239,-0.063916,-0.108572,-0.379102,0.238744,-0.231141,-0.059759,-0.27461,-0.2031,-0.284275,0.168798,0.210996,3
8,8,0.150689,-0.058648,-0.088084,-0.311816,0.334282,-0.276901,-0.101453,-0.269856,-0.258367,-0.23603,0.19719,0.147239,3
8,9,0.123205,-0.128908,0.008399,-0.216087,0.379024,-0.283224,-0.14146,-0.280356,-0.288522,-0.196441,0.262883,0.042316,3
8,10,0.110797,-0.259189,0.09685,-0.123459,0.446101,-0.345378,-0.103991,-0.256634,-0.351837,-0.138941,0.205792,0.001183,3
8,11,0.047303,-0.285423,0.136143,-0.038329,0.495365,-0.368142,-0.071558,-0.2617,-0.365011,-0.095545,0.131847,-0.040522,3
8,12,-0.04022,-0.238131,0.173322,0.01404,0.547478,-0.370875,-0.090024,-0.271086,-0.317638,-0.077373,0.07405,-0.104697,3
9,1,-0.070382,-0.311974,0.037957,-0.697713,0.156027,-0.445643,-0.137353,0.202437,-0.176948,-0.223283,-0.118465,0.169902,3
9,2,-0.075689,-0.384783,0.019673,-0.648809,0.189611,-0.393097,-0.143054,0.139813,-0.195757,-0.227938,-0.110248,0.200641,3
9,3,-0.095315,-0.395797,-0.030736,-0.589313,0.231844,-0.368432,-0.113409,0.071398,-0.226831,-0.235851,-0.104948,0.222576,3
9,4,-0.069289,-0.394587,-0.092232,-0.517358,0.275158,-0.371157,-0.043309,-0.033117,-0.278365,-0.184724,-0.08317,0.193228,3
9,5,0.016217,-0.502479,-0.034108,-0.469857,0.30642,-0.354814,-0.046044,-0.086273,-0.383433,-0.148627,-0.011334,0.160744,3
9,6,0.009188,-0.66182,0.113999,-0.480453,0.266695,-0.264901,-0.100591,-0.126181,-0.41975,-0.115624,0.044962,0.155817,3
9,7,0.039082,-0.736086,0.21697,-0.426181,0.326034,-0.235066,-0.120495,-0.106319,-0.451841,-0.121362,0.07323,0.143088,3
9,8,0.001237,-0.583569,0.227373,-0.246197,0.394453,-0.355465,-0.142245,-0.128002,-0.415496,-0.129593,0.062437,0.104292,3
9,9,-0.145058,-0.617962,0.258676,-0.175556,0.436778,-0.357605,-0.14876,-0.170953,-0.398924,-0.102984,0.05479,0.042643,3
9,10,-0.179808,-0.695008,0.315068,-0.133702,0.488412,-0.345888,-0.152613,-0.180149,-0.398239,-0.083523,0.01567,0.002518,3
9,11,-0.207593,-0.728335,0.380108,-0.078896,0.541403,-0.346496,-0.163922,-0.168281,-0.383499,-0.064286,0.000482,-0.053651,3
9,12,-0.273939,-0.710282,0.430122,-0.031723,0.578293,-0.358848,-0.168598,-0.154373,-0.368562,-0.046613,0.005273,-0.104653,3
9,13,-0.383859,-0.670237,0.450614,-0.003778,0.599651,-0.36668,-0.153203,-0.174154,-0.361553,-0.020808,-0.011923,-0.138118,3
10,1,0.28058,0.184354,-0.015359,-0.736667,0.237551,-0.893234,0.02311,0.243531,-0.151622,0.034998,-0.240933,0.149877,3
10,2,0.232723,0.135967,-0.030782,-0.766208,0.203328,-0.805781,0.068308,0.228627,-0.198498,-0.006117,-0.218123,0.147128,3
10,3,0.141308,0.023157,-0.004947,-0.794431,0.188935,-0.706677,0.106954,0.193473,-0.271805,-0.021724,-0.191001,0.134976,3
10,4,0.272958,-0.069031,-0.102162,-0.763162,0.259899,-0.664601,0.138831,0.159368,-0.328619,-0.066298,-0.204065,0.176724,3
10,5,0.254118,-0.274167,-0.109556,-0.674309,0.226108,-0.570044,0.110484,0.077298,-0.352787,-0.080851,-0.162013,0.170696,3
10,6,0.119264,-0.374229,-0.117926,-0.608126,0.276492,-0.575899,0.107596,0.001543,-0.416233,-0.057012,-0.110879,0.198181,3
10,7,0.102508,-0.47619,-0.107893,-0.514531,0.319104,-0.544062,0.095564,-0.050736,-0.490675,-0.103694,-0.024646,0.280227,3
10,8,0.231582,-0.493544,-0.045583,-0.451825,0.297507,-0.508102,0.08322,-0.070666,-0.527092,-0.124126,0.029783,0.301962,3
10,9,0.142277,-0.5544,0.099414,-0.269775,0.28365,-0.457923,0.03239,-0.161997,-0.466166,-0.072423,0.042241,0.216416,3
10,10,0.017058,-0.605337,0.155234,-0.143442,0.33975,-0.433314,0.042389,-0.217922,-0.475235,-0.053636,0.032359,0.169166,3
10,11,-0.013237,-0.681236,0.197742,0.006893,0.368436,-0.407885,0.062994,-0.264767,-0.476384,-0.047703,0.007348,0.101753,3
10,12,0.005512,-0.74071,0.278382,0.101644,0.424484,-0.3879,0.025799,-0.294308,-0.42644,0.002379,-0.02028,0.002836,3
10,13,0.021907,-0.721899,0.332941,0.177671,0.441219,-0.389973,-0.009001,-0.308634,-0.386396,0.046367,-0.042058,-0.084867,3
10,14,-0.042505,-0.655475,0.295808,0.228628,0.45316,-0.411314,-0.014776,-0.356124,-0.336936,0.069517,-0.071522,-0.141175,3
11,1,-0.064283,-0.084137,0.009606,-0.684918,-0.010976,-0.515461,0.087,0.118117,-0.093014,-0.129443,-0.097517,0.103082,3
11,2,-0.007209,-0.129046,0.012457,-0.672675,0.012981,-0.475929,0.101325,0.069495,-0.141459,-0.137416,-0.084566,0.126306,3
11,3,0.061213,-0.209821,-0.041502,-0.587186,0.055234,-0.470949,0.127106,0.035849,-0.189391,-0.174362,-0.070722,0.172995,3
11,4,0.103031,-0.321245,-0.017117,-0.512442,0.053563,-0.405302,0.163301,-0.038398,-0.269052,-0.166568,-0.021521,0.169055,3
11,5,0.127853,-0.416867,0.027415,-0.445808,0.073998,-0.372457,0.156994,-0.068981,-0.332172,-0.170399,0.002225,0.150558,3
11,6,0.128187,-0.461228,0.080294,-0.403868,0.11666,-0.368042,0.142912,-0.107201,-0.386219,-0.158063,0.004008,0.145196,3
11,7,0.135464,-0.481788,0.112837,-0.366605,0.162817,-0.343315,0.142657,-0.167633,-0.435036,-0.147853,0.007638,0.156625,3
11,8,0.296772,-0.498077,0.183566,-0.282063,0.132097,-0.289281,0.119756,-0.253514,-0.429327,-0.140368,0.03,0.176067,3
11,9,0.248016,-0.482006,0.123971,-0.143624,0.20824,-0.318688,0.071138,-0.317999,-0.413195,-0.107439,0.061214,0.133898,3
11,10,0.260556,-0.496804,0.142595,-0.076749,0.268081,-0.333111,0.051121,-0.349753,-0.424956,-0.064819,0.053938,0.104407,3
11,11,0.302878,-0.5262,0.205188,-0.01248,0.305107,-0.317013,0.025043,-0.364984,-0.432534,-0.01767,0.052553,0.048002,3
11,12,0.097812,-0.435935,0.21928,0.017996,0.390843,-0.335837,0.009539,-0.346882,-0.433261,-0.00519,0.076024,-0.020511,3
12,1,0.614239,-0.245396,-0.113583,-0.667863,-0.032263,-0.603141,-0.013589,0.236239,-0.069071,-0.17179,-0.053771,0.088838,3
12,2,0.570857,-0.232404,-0.176603,-0.659629,0.02794,-0.587606,-0.019784,0.238251,-0.076646,-0.208883,-0.06247,0.098219,3
12,3,0.563615,-0.282965,-0.146279,-0.68409,0.068711,-0.545256,-0.034539,0.230797,-0.107287,-0.207864,-0.080522,0.11894,3
12,4,0.617004,-0.334506,-0.150331,-0.650249,0.09479,-0.484552,-0.021218,0.167774,-0.127979,-0.234579,-0.090369,0.165464,3
12,5,0.602282,-0.396481,-0.143044,-0.54649,0.120838,-0.443919,0.017547,0.108145,-0.178407,-0.281407,-0.09325,0.209967,3
12,6,0.590186,-0.468018,-0.114676,-0.45927,0.193065,-0.398887,0.032331,0.038524,-0.238714,-0.317838,-0.099504,0.2265,3
12,7,0.61644,-0.506674,-0.101591,-0.368534,0.264391,-0.365716,0.037427,-0.066752,-0.286352,-0.326217,-0.081961,0.257481,3
12,8,0.602664,-0.516771,-0.072188,-0.255022,0.322726,-0.345823,0.034716,-0.154173,-0.341108,-0.304004,-0.050328,0.273456,3
12,9,0.549573,-0.524633,-0.006283,-0.130625,0.323441,-0.329747,0.041743,-0.231287,-0.367061,-0.28546,-0.022642,0.285746,3
12,10,0.507021,-0.534241,0.018678,-0.036913,0.342922,-0.345665,0.03461,-0.255873,-0.384462,-0.261402,-0.012545,0.257314,3
12,11,0.509939,-0.565807,0.03928,0.016195,0.382019,-0.376878,0.000153,-0.267616,-0.371536,-0.211073,-0.020409,0.189116,3
12,12,0.511341,-0.579494,0.116217,0.051481,0.400646,-0.386568,-0.033019,-0.2952,-0.357328,-0.157864,-0.009596,0.13669,3
12,13,0.530023,-0.65905,0.164882,0.090563,0.407324,-0.377927,-0.049529,-0.319338,-0.342937,-0.119873,-0.016822,0.102431,3
12,14,0.511469,-0.713897,0.235826,0.115205,0.421573,-0.390179,-0.09592,-0.286887,-0.330003,-0.078958,-0.030363,0.036403,3
12,15,0.508976,-0.750186,0.336688,0.144546,0.425196,-0.3926,-0.143792,-0.25596,-0.310109,-0.04659,-0.041769,-0.019126,3
13,1,0.366807,0.126989,-0.019801,-0.778992,0.073868,-0.841959,0.047922,0.330353,-0.102896,0.006544,-0.116546,0.131585,3
13,2,0.352173,0.060012,-0.047931,-0.768983,0.099655,-0.826748,0.07461,0.291944,-0.12374,-0.012734,-0.124725,0.149446,3
13,3,0.353764,0.004183,-0.11514,-0.745489,0.125343,-0.765038,0.106655,0.244591,-0.125945,-0.06145,-0.154449,0.151283,3
13,4,0.414168,-0.105848,-0.189935,-0.660632,0.12479,-0.668792,0.07898,0.22582,-0.130005,-0.191583,-0.133626,0.16153,3
13,5,0.200024,-0.286721,-0.110989,-0.609995,0.132307,-0.581827,0.066098,0.17642,-0.203293,-0.23471,-0.076095,0.180922,3
13,6,0.10988,-0.309755,-0.080706,-0.555816,0.187796,-0.544239,0.077794,0.110952,-0.276913,-0.27227,-0.046396,0.221149,3
13,7,0.185869,-0.355168,-0.055682,-0.470786,0.166429,-0.490141,0.066623,-0.015406,-0.246703,-0.269322,-0.001869,0.225047,3
13,8,0.24883,-0.580935,-0.119909,-0.310462,0.189613,-0.404158,-0.007671,-0.136618,-0.192114,-0.285087,0.041539,0.239327,3
13,9,0.092149,-0.485563,-0.057796,-0.278525,0.227039,-0.424273,-0.004419,-0.163265,-0.269152,-0.21277,0.006575,0.276434,3
13,10,0.028373,-0.458042,-0.003431,-0.24538,0.28645,-0.436617,-0.022514,-0.217153,-0.330872,-0.109279,0.012746,0.25242,3
13,11,0.140297,-0.636746,0.057108,-0.146892,0.303426,-0.389907,-0.010341,-0.263273,-0.370691,-0.035782,0.033113,0.175063,3
13,12,-0.114721,-0.665239,0.150091,-0.056302,0.3871,-0.34296,-0.027948,-0.29454,-0.35352,-0.031075,0.055002,0.050937,3
13,13,-0.297572,-0.698998,0.274379,0.026633,0.41603,-0.310972,-0.065247,-0.303736,-0.308066,-0.038216,0.033663,-0.021223,3
14,1,0.446281,-0.092418,-0.099867,-0.746163,0.118036,-0.713173,-0.022224,0.278668,-0.097617,-0.107728,-0.152938,0.149174,3
14,2,0.371962,-0.070224,-0.068564,-0.791969,0.175077,-0.69149,-0.04524,0.300168,-0.133332,-0.126361,-0.167125,0.146686,3
14,3,0.197503,0.01604,-0.110563,-0.799933,0.266648,-0.638364,-0.027647,0.222825,-0.178798,-0.126188,-0.163572,0.144432,3
14,4,0.29689,-0.21045,-0.182053,-0.733502,0.268851,-0.551226,-0.029042,0.14487,-0.185909,-0.175155,-0.11655,0.164549,3
14,5,0.125457,-0.418305,-0.12311,-0.666357,0.281711,-0.464004,-0.113348,0.103162,-0.204342,-0.204403,-0.058913,0.17231,3
14,6,0.036336,-0.422011,-0.140784,-0.586931,0.331581,-0.442868,-0.131923,0.035597,-0.240504,-0.232332,-0.008274,0.218618,3
14,7,0.163669,-0.442687,-0.096229,-0.474899,0.317939,-0.392059,-0.082293,-0.130488,-0.245428,-0.2041,0.009499,0.297111,3
14,8,0.083057,-0.437141,0.01387,-0.324733,0.364422,-0.42368,-0.072017,-0.215512,-0.298142,-0.104446,-0.012314,0.312361,3
14,9,0.043522,-0.473523,0.062804,-0.173583,0.419828,-0.464829,-0.079212,-0.259164,-0.326684,-0.03916,0.001538,0.217977,3
15,1,0.007937,0.017163,-0.085049,-0.564587,-0.007136,-0.568189,0.121911,0.114209,-0.096551,-0.226823,-0.008044,0.06407,3
15,2,0.070589,-0.26196,-0.019591,-0.412852,-0.064218,-0.53183,0.096602,0.084597,-0.102528,-0.255001,0.021126,0.070919,3
15,3,0.059886,-0.320168,-0.071089,-0.467419,0.049563,-0.472141,0.100534,0.060813,-0.233773,-0.304382,0.072829,0.136131,3
15,4,0.077313,-0.341588,-0.076312,-0.484741,0.108379,-0.454372,0.074902,0.040015,-0.293622,-0.341687,0.098122,0.177184,3
15,5,0.234166,-0.427823,-0.036697,-0.453951,0.171519,-0.397414,-0.014071,-0.011524,-0.307818,-0.355309,0.122641,0.215937,3
15,6,0.310951,-0.499062,-0.037656,-0.367022,0.187688,-0.358768,0.004581,-0.138506,-0.333104,-0.303848,0.139539,0.246748,3
15,7,0.317241,-0.527713,-0.026683,-0.204773,0.202691,-0.319871,-0.00707,-0.251337,-0.311005,-0.270799,0.151127,0.240848,3
15,8,0.341493,-0.588455,0.037494,-0.100418,0.264136,-0.300742,-0.02168,-0.280886,-0.345301,-0.214533,0.122182,0.195058,3
15,9,0.452421,-0.735076,0.180322,-0.068264,0.334425,-0.292887,-0.019743,-0.273316,-0.407519,-0.128142,0.042707,0.13332,3
15,10,0.196335,-0.595552,0.223631,0.093092,0.366062,-0.300727,0.012726,-0.339362,-0.359619,-0.078339,0.018091,0.01466,3
15,11,0.018039,-0.475552,0.272191,0.209348,0.394722,-0.332008,-0.007483,-0.350242,-0.322209,-0.02841,-0.000373,-0.11186,3
15,12,-0.041531,-0.453026,0.305356,0.253104,0.443018,-0.383713,-0.022104,-0.325267,-0.325281,0.016596,-0.039406,-0.168274,3
15,13,-0.115768,-0.461242,0.305786,0.286387,0.453901,-0.403197,-0.023856,-0.309057,-0.299616,0.030639,-0.078784,-0.202334,3
15,14,-0.231207,-0.427772,0.312858,0.325714,0.464863,-0.430072,-0.020465,-0.27428,-0.251637,0.041823,-0.117754,-0.234823,3
15,15,-0.344153,-0.403717,0.33986,0.335396,0.512813,-0.47094,0.00486,-0.241886,-0.218006,0.066989,-0.144854,-0.24617,3
15,16,-0.451102,-0.410489,0.363458,0.353936,0.552499,-0.499036,0.020154,-0.218224,-0.206414,0.063794,-0.16023,-0.250591,3
15,17,-0.52373,-0.421469,0.369635,0.377199,0.561191,-0.512542,0.018788,-0.198756,-0.202549,0.050726,-0.165207,-0.2568,3
15,18,-0.533087,-0.471843,0.427111,0.365562,0.566653,-0.513584,0.001782,-0.169221,-0.206923,0.048607,-0.189242,-0.240596,3
16,1,0.359208,-0.27587,0.155743,-0.747204,-0.142893,-0.636306,0.066262,0.255904,-0.154895,-0.052998,0.027734,0.118639,3
16,2,0.31586,-0.310181,0.115741,-0.754865,-0.135011,-0.582472,0.120789,0.23291,-0.17813,-0.090734,0.029556,0.126568,3
16,3,0.317127,-0.381165,0.107238,-0.760341,-0.119629,-0.532421,0.134014,0.173727,-0.207165,-0.113811,0.033351,0.131213,3
16,4,0.268419,-0.432176,0.140821,-0.731719,-0.073071,-0.510395,0.120087,0.141383,-0.270775,-0.160448,0.028612,0.132649,3
16,5,0.363292,-0.467336,0.135156,-0.671419,-0.045847,-0.48259,0.095191,0.112319,-0.289176,-0.187646,0.043017,0.143682,3
16,6,0.374259,-0.517052,0.148338,-0.638185,-0.023224,-0.426781,0.063339,0.075599,-0.3243,-0.20789,0.070298,0.147419,3
16,7,0.324606,-0.556385,0.148484,-0.610046,0.001589,-0.409352,0.051597,0.025854,-0.341975,-0.203434,0.07664,0.16997,3
16,8,0.281109,-0.56057,0.17605,-0.559036,0.02511,-0.397876,0.033373,-0.031624,-0.358458,-0.193458,0.106661,0.205106,3
16,9,0.306438,-0.547487,0.216038,-0.498208,0.0464,-0.370937,0.003727,-0.083458,-0.375613,-0.180787,0.153748,0.227949,3
16,10,0.517923,-0.556249,0.1972,-0.400638,0.048668,-0.320094,-0.011878,-0.138901,-0.394114,-0.159305,0.189596,0.224236,3
16,11,0.390827,-0.549795,0.216579,-0.30398,0.077387,-0.294853,-0.000621,-0.183023,-0.403517,-0.134514,0.165548,0.179373,3
16,12,0.347156,-0.558961,0.212024,-0.282594,0.158684,-0.293461,-0.009035,-0.216315,-0.405419,-0.149963,0.156855,0.136565,3
16,13,0.336986,-0.514654,0.132433,-0.187979,0.211722,-0.27051,-0.009544,-0.292856,-0.383278,-0.15374,0.165793,0.063796,3
16,14,0.277938,-0.403477,0.042129,-0.03651,0.260053,-0.31913,0.038951,-0.39506,-0.356944,-0.100932,0.133571,0.016166,3
16,15,0.20406,-0.355985,0.047079,0.041976,0.325412,-0.383164,0.039008,-0.404629,-0.345789,-0.054653,0.078092,-0.013412,3
16,16,0.148251,-0.252744,0.036159,0.064842,0.410326,-0.452728,0.009087,-0.395293,-0.322991,-0.020304,0.033428,-0.044591,3
16,17,0.064086,-0.332165,0.118234,0.097979,0.378906,-0.439518,-0.003233,-0.383304,-0.299593,-0.01559,0.000648,-0.100056,3
16,18,-0.029862,-0.343822,0.167388,0.102962,0.390806,-0.464012,-0.010519,-0.373793,-0.280465,0.008937,-0.046842,-0.152603,3
16,19,-0.133294,-0.288682,0.196818,0.094989,0.438935,-0.503933,-0.010041,-0.371228,-0.277522,0.039717,-0.082159,-0.189414,3
16,20,-0.213064,-0.26136,0.219525,0.109584,0.467203,-0.544083,-0.009951,-0.345956,-0.279372,0.040547,-0.106431,-0.19607,3
17,1,0.338609,-0.008674,0.171015,-0.840933,-0.060604,-0.748846,-0.031048,0.411823,-0.158545,0.002443,-0.028045,0.047198,3
17,2,0.427357,-0.061698,0.107198,-0.840062,-0.016425,-0.739313,0.009701,0.388299,-0.15733,-0.033691,-0.072702,0.066587,3
17,3,0.535588,-0.211297,0.103426,-0.795149,-0.006657,-0.676105,-0.002662,0.347649,-0.185649,-0.092953,-0.081689,0.067012,3
17,4,0.444896,-0.233757,0.026315,-0.712193,0.051672,-0.614392,0.005176,0.268043,-0.165316,-0.149344,-0.099446,0.07931,3
17,5,0.467828,-0.261901,-0.002175,-0.741155,0.11114,-0.622967,0.016104,0.27847,-0.196428,-0.162038,-0.117315,0.100941,3
17,6,0.5632,-0.309032,-0.027443,-0.7145,0.136766,-0.56431,0.00633,0.2357,-0.22793,-0.211647,-0.10508,0.138551,3
17,7,0.54943,-0.289015,-0.092247,-0.65936,0.179003,-0.547017,0.013687,0.207429,-0.242974,-0.277623,-0.079825,0.159529,3
17,8,0.666697,-0.359461,-0.140075,-0.614556,0.225203,-0.490967,0.007376,0.143898,-0.317928,-0.305758,-0.044682,0.192281,3
17,9,0.743518,-0.416885,-0.131708,-0.490334,0.158947,-0.384586,-0.009756,0.028003,-0.31811,-0.350376,0.000538,0.230053,3
17,10,0.580823,-0.388819,-0.117309,-0.396116,0.131726,-0.341899,0.049657,-0.13906,-0.250494,-0.397212,0.019963,0.278907,3
17,11,0.393997,-0.367905,-0.068751,-0.318682,0.165254,-0.359039,0.097249,-0.242893,-0.283339,-0.297019,-0.011806,0.294677,3
17,12,0.358441,-0.359051,-0.047724,-0.261597,0.223915,-0.379199,0.105865,-0.27968,-0.370298,-0.206567,0.022953,0.277982,3
17,13,0.366271,-0.36913,-0.033312,-0.206176,0.272006,-0.408163,0.116421,-0.274529,-0.440593,-0.162331,0.041856,0.238786,3
17,14,0.345139,-0.389966,-0.005697,-0.155352,0.31499,-0.434066,0.093087,-0.269851,-0.445561,-0.139312,0.043533,0.178359,3
17,15,0.250499,-0.400691,0.020359,-0.084831,0.361584,-0.434613,0.066535,-0.301279,-0.430152,-0.122227,0.059811,0.12874,3
17,16,0.19881,-0.414713,0.038896,-0.051439,0.3961,-0.417147,0.06149,-0.303559,-0.443528,-0.108511,0.055334,0.094452,3
17,17,0.198802,-0.440302,0.07004,0.009479,0.417016,-0.400027,0.054617,-0.303622,-0.434747,-0.092375,0.042312,0.061244,3
17,18,0.223119,-0.466152,0.118366,0.086412,0.426407,-0.388847,0.043697,-0.304579,-0.403376,-0.082576,0.030157,0.02136,3
17,19,0.187649,-0.436783,0.144419,0.128757,0.451566,-0.393355,0.032725,-0.30723,-0.368196,-0.075858,0.016704,-0.030175,3
17,20,0.133987,-0.435388,0.147719,0.175608,0.451829,-0.399398,0.04426,-0.326746,-0.33805,-0.062286,-0.001442,-0.067955,3
17,21,0.061107,-0.372015,0.151888,0.203996,0.491496,-0.432126,0.032795,-0.323963,-0.323892,-0.045198,-0.008123,-0.106079,3
18,1,0.794343,0.239662,-0.285268,-0.760525,0.178469,-0.803803,0.038664,0.211978,-0.012359,-0.097134,-0.145628,0.130924,3
18,2,0.850033,0.133727,-0.331298,-0.711969,0.179567,-0.746435,0.03954,0.170479,-0.025346,-0.184423,-0.113577,0.174985,3
18,3,0.825171,0.011174,-0.310001,-0.641843,0.171235,-0.615992,0.027317,0.118845,-0.037672,-0.275637,-0.070738,0.204683,3
18,4,0.784147,-0.166306,-0.26882,-0.549089,0.202931,-0.538369,0.048506,0.032414,-0.081291,-0.293667,-0.119911,0.306565,3
18,5,0.876907,-0.323969,-0.215835,-0.445469,0.206926,-0.463964,0.035242,-0.080237,-0.15297,-0.322757,-0.097139,0.359179,3
18,6,0.895273,-0.319785,-0.221787,-0.183821,0.175772,-0.401624,0.048142,-0.207627,-0.234052,-0.296225,-0.014415,0.355767,3
18,7,0.702495,-0.223292,-0.197142,-0.1765,0.273449,-0.424868,0.061397,-0.231303,-0.368928,-0.200124,0.008821,0.310105,3
18,8,0.482777,-0.201197,-0.098546,-0.183035,0.37765,-0.478476,0.049934,-0.241132,-0.419278,-0.12726,0.057822,0.20135,3
18,9,0.356167,-0.22629,-0.037074,-0.085021,0.412052,-0.477059,0.045015,-0.281875,-0.411352,-0.118471,0.063158,0.121185,3
18,10,0.142579,-0.117392,0.045449,0.007906,0.441543,-0.453431,0.057569,-0.352653,-0.395693,-0.076588,0.056094,0.051086,3
18,11,0.007678,0.040137,0.031284,0.069206,0.49379,-0.46016,0.086846,-0.409371,-0.352051,-0.016889,0.028183,-0.061744,3
18,12,-0.045463,0.103112,0.00818,0.108191,0.522038,-0.463645,0.094787,-0.441517,-0.300753,0.003027,-0.009463,-0.121026,3
19,1,0.102493,0.041724,-0.075662,-0.614913,-0.270558,-0.683226,0.126195,0.191778,0.011791,-0.168248,0.144973,0.02235,3
19,2,0.293118,-0.059664,-0.064883,-0.708999,-0.197618,-0.666531,0.123647,0.218657,-0.023533,-0.163756,0.096935,0.072722,3
19,3,0.407984,-0.190052,-0.084427,-0.712918,-0.134025,-0.626039,0.129194,0.196285,-0.059879,-0.201767,0.060395,0.137562,3
19,4,0.225888,-0.208896,-0.086864,-0.660559,-0.071894,-0.587785,0.13646,0.131774,-0.105035,-0.237858,0.018146,0.204737,3
19,5,0.192148,-0.274475,-0.12437,-0.600261,-0.002933,-0.548695,0.140537,0.062199,-0.174459,-0.266826,0.02936,0.26219,3
19,6,0.275759,-0.356395,-0.132339,-0.533145,0.069963,-0.508171,0.137753,-0.009197,-0.251598,-0.283904,0.037463,0.31095,3
19,7,0.381506,-0.329397,-0.199693,-0.414382,0.120239,-0.47663,0.141762,-0.105308,-0.291519,-0.300127,0.058727,0.320448,3
19,8,0.385328,-0.252019,-0.325405,-0.318341,0.20407,-0.491964,0.147828,-0.208353,-0.344974,-0.241867,0.0719,0.27889,3
19,9,0.344774,-0.250197,-0.268522,-0.202622,0.23426,-0.461098,0.100541,-0.302037,-0.35615,-0.167996,0.096778,0.240873,3
19,10,0.279064,-0.243559,-0.188604,-0.126884,0.326466,-0.458766,0.05976,-0.313671,-0.363494,-0.158156,0.102488,0.181049,3
19,11,0.120631,-0.134234,-0.162897,-0.06567,0.453964,-0.495307,0.039277,-0.322288,-0.34758,-0.136112,0.035147,0.090229,3
19,12,-0.068183,-0.089776,-0.045032,0.018951,0.472192,-0.512324,0.043635,-0.377456,-0.324044,-0.036671,-0.009426,-0.022394,3
19,13,-0.197404,-0.05771,0.153932,0.053754,0.491626,-0.505627,0.052093,-0.402745,-0.314423,0.070384,-0.068222,-0.131386,3
20,1,0.679613,0.076128,-0.042808,-0.828663,0.153964,-0.806056,-0.077759,0.30539,-0.068711,-0.024016,-0.179419,0.098164,3
20,2,0.552053,-0.040046,-0.081643,-0.823202,0.184718,-0.78717,-0.067209,0.308652,-0.092529,-0.064984,-0.185049,0.118063,3
20,3,0.446176,-0.075352,-0.106565,-0.801461,0.220035,-0.748178,-0.040901,0.271883,-0.125694,-0.105946,-0.179167,0.147047,3
20,4,0.488143,-0.129934,-0.118612,-0.766906,0.228035,-0.698259,-0.009395,0.238804,-0.165132,-0.165347,-0.157682,0.18848,3
20,5,0.517589,-0.18847,-0.138072,-0.70213,0.242841,-0.626333,-0.009088,0.170932,-0.182194,-0.207878,-0.15576,0.217894,3
20,6,0.50262,-0.230653,-0.164154,-0.623396,0.312178,-0.572663,-0.009018,0.082634,-0.238404,-0.222855,-0.162022,0.266008,3
20,7,0.473202,-0.231882,-0.167,-0.543637,0.387828,-0.560233,-0.003287,-0.003179,-0.325727,-0.213968,-0.131746,0.319018,3
20,8,0.361101,-0.249058,-0.12025,-0.501952,0.44674,-0.55267,-0.008979,-0.046533,-0.404812,-0.180702,-0.081046,0.324034,3
20,9,0.348605,-0.224884,-0.103051,-0.425851,0.492513,-0.5626,0.005539,-0.077833,-0.438275,-0.168513,-0.065423,0.294335,3
20,10,0.291503,-0.136881,-0.107037,-0.271104,0.524151,-0.579368,0.017448,-0.144053,-0.415788,-0.150764,-0.046258,0.217448,3
20,11,0.127816,-0.027505,-0.006889,-0.159411,0.607625,-0.577612,0.014414,-0.227118,-0.437977,-0.091985,-0.032386,0.157823,3
20,12,0.033313,0.042678,0.099802,-0.092339,0.643807,-0.552941,0.007073,-0.268805,-0.401365,-0.03493,-0.056733,0.076663,3
20,13,0.009841,0.032604,0.152932,-0.097287,0.640154,-0.543608,0.032524,-0.303287,-0.376306,0.027893,-0.110463,-0.017129,3
20,14,-0.06397,0.008127,0.227823,-0.042943,0.654813,-0.567198,0.031744,-0.317698,-0.378347,0.075148,-0.13912,-0.065814,3
20,15,-0.150525,-0.026334,0.225704,0.028894,0.66773,-0.572958,0.01789,-0.326273,-0.367568,0.084649,-0.142195,-0.098584,3
21,1,0.480113,0.183511,-0.183561,-0.746952,0.189924,-0.841909,0.079081,0.2147,-0.058693,-0.031515,-0.231301,0.130245,3
21,2,0.624272,0.099384,-0.266521,-0.698655,0.199798,-0.779052,0.060411,0.181188,-0.050027,-0.088143,-0.245249,0.139049,3
21,3,0.752889,-0.063174,-0.243257,-0.641547,0.145254,-0.670543,0.024495,0.143743,-0.0348,-0.155963,-0.241547,0.167719,3
21,4,0.714272,-0.19236,-0.170979,-0.673441,0.15477,-0.625734,0.013106,0.150765,-0.101223,-0.165649,-0.242198,0.199366,3
21,5,0.774714,-0.304822,-0.185336,-0.638782,0.150194,-0.568869,-0.001261,0.110493,-0.1069,-0.187096,-0.251142,0.229053,3
21,6,0.809943,-0.411119,-0.166281,-0.588874,0.138543,-0.522787,-0.008461,0.071657,-0.151327,-0.174393,-0.229611,0.245836,3
21,7,0.789277,-0.41996,-0.143416,-0.536269,0.192724,-0.498746,-0.01327,0.008671,-0.229935,-0.162864,-0.148663,0.293467,3
21,8,0.660834,-0.399017,-0.086325,-0.487767,0.245696,-0.463534,0.000779,-0.038875,-0.328299,-0.175403,-0.04259,0.311103,3
21,9,0.37617,-0.376303,-0.059958,-0.468887,0.368645,-0.490173,0.034005,-0.065808,-0.421679,-0.171692,0.001285,0.26527,3
21,10,0.249115,-0.396319,0.001134,-0.38008,0.463658,-0.468789,0.017058,-0.128992,-0.475945,-0.158562,0.036743,0.222569,3
21,11,0.208406,-0.460195,0.063069,-0.267304,0.518033,-0.419928,-0.004186,-0.18398,-0.492147,-0.143551,0.039768,0.172439,3
21,12,0.235429,-0.550417,0.131757,-0.141105,0.519606,-0.375264,-0.021949,-0.216489,-0.461298,-0.127714,0.007738,0.100989,3
21,13,0.24231,-0.605471,0.215122,-0.03351,0.488187,-0.388306,-0.053705,-0.233082,-0.404787,-0.07024,-0.025924,-0.011424,3
21,14,0.191434,-0.626195,0.270364,0.054447,0.474818,-0.397349,-0.069743,-0.268561,-0.369363,-0.023441,-0.03866,-0.087711,3
22,1,0.473245,0.012674,0.075177,-0.890248,0.143053,-0.776101,-0.149575,0.364176,-0.111669,0.013618,-0.142183,0.055009,3
22,2,0.460252,0.018879,0.044509,-0.887141,0.211243,-0.772369,-0.143388,0.360049,-0.128878,-0.023633,-0.165597,0.090351,3
22,3,0.427321,0.027633,0.023014,-0.826814,0.244242,-0.733515,-0.111461,0.320468,-0.137634,-0.104205,-0.169072,0.153209,3
22,4,0.364768,0.008781,0.016525,-0.762717,0.251223,-0.667942,-0.088242,0.261604,-0.147561,-0.172235,-0.175152,0.201852,3
22,5,0.336562,-0.030572,0.021788,-0.68292,0.270704,-0.614219,-0.075361,0.184982,-0.17734,-0.207786,-0.199595,0.23279,3
22,6,0.294393,-0.079093,0.004832,-0.579393,0.340511,-0.577463,-0.047743,0.066196,-0.273711,-0.194518,-0.184605,0.251871,3
22,7,0.213608,-0.094529,-0.035551,-0.566496,0.469009,-0.557677,-0.031827,0.003568,-0.390929,-0.179225,-0.170638,0.260119,3
22,8,0.23954,-0.014107,0.028425,-0.513526,0.561404,-0.561438,-0.044902,-0.027085,-0.442939,-0.153343,-0.130173,0.260912,3
22,9,0.157721,-0.079365,0.140361,-0.373905,0.619578,-0.529271,-0.074198,-0.103545,-0.476711,-0.107845,-0.060054,0.202314,3
22,10,0.081597,-0.198468,0.181961,-0.277865,0.659214,-0.513,-0.080156,-0.140928,-0.481309,-0.089669,-0.057078,0.137709,3
22,11,-0.060423,-0.210661,0.276965,-0.117842,0.668051,-0.509745,-0.079652,-0.207552,-0.427979,-0.012511,-0.067226,0.026717,3
22,12,-0.156181,-0.1738,0.321776,-0.01728,0.687802,-0.514355,-0.002775,-0.241228,-0.410562,0.051573,-0.119872,-0.064511,3
22,13,-0.206027,-0.193926,0.362871,0.016966,0.70381,-0.537558,0.019566,-0.250593,-0.39345,0.103711,-0.170066,-0.130104,3
23,1,0.66505,0.210634,-0.434521,-0.565059,0.159337,-0.71597,0.228607,0.032756,-0.16992,-0.213484,-0.163444,0.290301,3
23,2,0.619983,0.128482,-0.406645,-0.552796,0.198899,-0.678918,0.206631,0.006126,-0.204571,-0.208597,-0.126604,0.316798,3
23,3,0.577306,-0.150913,-0.286986,-0.441663,0.157294,-0.550524,0.129785,-0.00641,-0.189552,-0.205259,-0.098726,0.35332,3
23,4,0.783251,-0.35256,-0.262001,-0.255254,0.22996,-0.452023,0.067194,-0.107207,-0.257909,-0.20247,-0.095519,0.335385,3
23,5,0.849704,-0.373785,-0.262026,-0.237433,0.270492,-0.429219,0.036772,-0.186679,-0.283675,-0.214174,-0.072455,0.332125,3
23,6,0.681795,-0.286821,-0.269328,-0.288299,0.383765,-0.435183,0.02224,-0.192821,-0.36208,-0.19978,-0.035247,0.276402,3
23,7,0.498102,-0.174755,-0.231359,-0.293545,0.497734,-0.492577,0.030749,-0.204678,-0.423115,-0.161207,-0.011812,0.209645,3
23,8,0.413802,-0.090193,-0.141716,-0.192523,0.528408,-0.536822,0.028484,-0.252433,-0.424803,-0.093392,0.00802,0.130086,3
23,9,0.395623,-0.135713,-0.09158,-0.074335,0.477952,-0.515979,0.021554,-0.297776,-0.413921,-0.05941,0.040436,0.049078,3
23,10,0.423405,-0.188089,-0.086978,0.00504,0.459709,-0.504737,0.012691,-0.31426,-0.392418,-0.05164,0.023127,0.020972,3
23,11,0.370025,-0.23175,-0.036883,0.08714,0.451613,-0.522384,-0.008591,-0.305124,-0.363684,-0.025773,-0.011642,-0.036002,3
23,12,0.254633,-0.244661,0.044131,0.150569,0.491357,-0.56271,-0.052888,-0.293214,-0.317294,0.002872,-0.045008,-0.099422,3
24,1,0.639932,0.260007,-0.100174,-0.684213,0.122232,-0.727524,-0.03006,0.163171,0.057252,-0.126142,-0.176829,0.092198,3
24,2,0.746872,0.312989,-0.078304,-0.656239,0.09662,-0.679738,0.006288,0.147594,0.008787,-0.141988,-0.154615,0.087447,3
24,3,0.697675,0.239834,-0.04808,-0.687264,0.130327,-0.588733,0.003528,0.138382,-0.054029,-0.158113,-0.173297,0.092123,3
24,4,0.70731,0.228649,-0.091034,-0.712414,0.195644,-0.570142,0.020249,0.11499,-0.112593,-0.168025,-0.185831,0.097734,3
24,5,0.696873,0.078921,-0.074559,-0.76455,0.207225,-0.549035,0.073816,0.075261,-0.275983,-0.157792,-0.143448,0.137737,3
24,6,0.412881,-0.073063,-0.062642,-0.718571,0.276866,-0.535911,0.113446,0.038783,-0.383416,-0.16483,-0.103623,0.169361,3
24,7,0.477312,-0.198304,-0.057155,-0.632711,0.33455,-0.4864,0.05112,0.036086,-0.3766,-0.215597,-0.087539,0.1871,3
24,8,0.363918,-0.357849,0.095301,-0.485583,0.307311,-0.331217,-0.006704,-0.021711,-0.41621,-0.259219,0.020386,0.178979,3
24,9,0.132816,-0.433568,0.139707,-0.38231,0.387417,-0.304678,0.009906,-0.089233,-0.457986,-0.260287,0.045743,0.151549,3
24,10,0.018449,-0.48256,0.173888,-0.272191,0.47571,-0.325265,0.007542,-0.13476,-0.467867,-0.231581,0.050435,0.117658,3
24,11,0.192206,-0.46476,0.181617,-0.141637,0.488617,-0.321551,0.009364,-0.172243,-0.430696,-0.199932,0.067089,0.063786,3
24,12,0.423536,-0.616105,0.297948,-0.06227,0.496678,-0.32483,-0.051752,-0.158339,-0.384883,-0.125157,-0.011802,-0.002716,3
24,13,0.437417,-0.458333,0.306641,0.001138,0.558223,-0.429295,-0.08185,-0.165387,-0.361588,-0.070774,-0.035624,-0.054655,3
25,1,0.553673,-0.051318,0.259447,-0.698848,0.095548,-0.635772,-0.037062,0.283289,-0.273078,-0.159817,-0.061517,0.155126,3
25,2,0.484577,-0.09599,0.25091,-0.666567,0.101342,-0.582162,-0.004493,0.255753,-0.308851,-0.201385,-0.085618,0.201319,3
25,3,0.478159,-0.127298,0.235715,-0.639477,0.11823,-0.550637,0.019175,0.23932,-0.354887,-0.228559,-0.107457,0.235362,3
25,4,0.482038,-0.142229,0.220312,-0.641125,0.187463,-0.567098,0.016177,0.224799,-0.433877,-0.208171,-0.08736,0.225836,3
25,5,0.380419,-0.118461,0.227365,-0.595083,0.262511,-0.557182,-0.022676,0.128685,-0.458883,-0.143042,-0.034228,0.215738,3
25,6,0.196127,-0.000634,0.313142,-0.518623,0.325375,-0.511734,-0.061761,-0.012535,-0.448535,-0.051244,0.002966,0.139663,3
25,7,0.074147,-0.042769,0.464937,-0.479653,0.359168,-0.466271,-0.067867,-0.073136,-0.463514,-0.004067,-0.014967,0.043411,3
25,8,-0.040075,-0.093134,0.553454,-0.501641,0.420399,-0.345265,0.02351,-0.174796,-0.596429,0.056607,-0.012323,-0.036752,3
25,9,-0.092419,-0.108524,0.649437,-0.377536,0.450987,-0.357201,0.046753,-0.190434,-0.614606,0.09266,-0.010366,-0.105888,3
25,10,-0.204959,-0.092937,0.728999,-0.300345,0.462002,-0.383408,0.045267,-0.167321,-0.57782,0.087123,-0.061564,-0.156057,3
25,11,-0.284478,-0.102026,0.774613,-0.254169,0.475746,-0.390061,0.032638,-0.18091,-0.54989,0.100697,-0.095677,-0.189256,3
26,1,0.732277,-0.250787,-0.114015,-0.646441,0.072699,-0.371841,-0.151306,0.088475,0.038275,-0.289835,-0.158362,0.039424,3
26,2,0.693401,-0.254098,-0.123603,-0.608259,0.095199,-0.378342,-0.129608,0.073685,-0.000782,-0.306201,-0.15316,0.049119,3
26,3,0.846429,-0.297737,-0.081669,-0.587864,0.087789,-0.339364,-0.119395,0.056579,-0.060677,-0.3276,-0.144103,0.092007,3
26,4,0.812841,-0.321318,-0.059411,-0.55956,0.078975,-0.33691,-0.06083,0.021655,-0.145019,-0.330915,-0.106688,0.116445,3
26,5,0.789829,-0.333271,-0.047549,-0.535809,0.100388,-0.33187,-0.03905,0.004183,-0.195066,-0.357419,-0.080316,0.146607,3
26,6,0.832746,-0.374586,-0.011545,-0.498811,0.126656,-0.298544,-0.05323,0.001682,-0.244657,-0.376864,-0.057721,0.16755,3
26,7,0.786374,-0.341391,0.004945,-0.433985,0.175643,-0.268662,-0.044299,-0.044717,-0.286222,-0.38299,-0.008695,0.174216,3
26,8,0.71533,-0.364765,0.031456,-0.386701,0.298132,-0.270018,-0.025351,-0.07643,-0.351723,-0.359726,-0.012287,0.179231,3
26,9,0.667769,-0.430056,0.081796,-0.292963,0.367913,-0.257862,-0.024108,-0.099131,-0.38163,-0.358201,-0.002171,0.182138,3
26,10,0.596026,-0.462758,0.126839,-0.179675,0.407381,-0.254575,-0.027731,-0.138068,-0.381622,-0.338419,0.010443,0.161028,3
26,11,0.482383,-0.455414,0.152003,-0.077357,0.451007,-0.284701,-0.023343,-0.174568,-0.362979,-0.295868,0.004275,0.112247,3
26,12,0.374257,-0.443122,0.215609,0.02361,0.49261,-0.348874,-0.05419,-0.187537,-0.323559,-0.222503,-0.014455,0.0326,3
26,13,0.253155,-0.456447,0.285888,0.101852,0.525971,-0.401833,-0.074908,-0.192606,-0.293374,-0.150025,-0.02925,-0.054447,3
26,14,0.131946,-0.437762,0.344733,0.155788,0.567369,-0.442918,-0.073074,-0.17776,-0.289064,-0.098233,-0.034827,-0.108626,3
27,1,0.44708,0.074589,0.044697,-0.746618,0.187961,-0.637912,-0.168289,0.273687,-0.141737,-0.068913,-0.190001,0.019629,3
27,2,0.449491,0.051698,0.029745,-0.772902,0.242155,-0.604709,-0.117728,0.239205,-0.217037,-0.083306,-0.197934,0.064514,3
27,3,0.505537,-0.0164,0.030363,-0.749262,0.309925,-0.543749,-0.100396,0.186037,-0.287476,-0.118555,-0.174945,0.116485,3
27,4,0.505986,-0.080125,0.050474,-0.707119,0.312614,-0.466292,-0.07543,0.120732,-0.33752,-0.1632,-0.157623,0.148898,3
27,5,0.519071,-0.16027,0.079177,-0.660834,0.288987,-0.427946,-0.031707,0.068793,-0.376167,-0.195022,-0.15536,0.172875,3
27,6,0.398584,-0.182004,0.075222,-0.530803,0.331575,-0.482833,-0.028368,0.024874,-0.418816,-0.180367,-0.129755,0.188029,3
27,7,0.345562,-0.164886,0.1171,-0.403603,0.411962,-0.524885,-0.044816,-0.039442,-0.470954,-0.128392,-0.047368,0.208703,3
27,8,0.291158,-0.133952,0.163586,-0.319098,0.503112,-0.517009,-0.047119,-0.080912,-0.511427,-0.114193,-0.013968,0.201303,3
27,9,0.260774,-0.136816,0.239672,-0.252638,0.554898,-0.522046,-0.061153,-0.121392,-0.49404,-0.073279,-0.031083,0.126239,3
27,10,0.312255,-0.299268,0.21168,-0.228987,0.573427,-0.484213,-0.033481,-0.157791,-0.515221,-0.061512,-0.021867,0.088411,3
27,11,0.164522,-0.260637,0.345055,-0.151649,0.620297,-0.426399,-0.058359,-0.190452,-0.487293,-0.045681,-0.011917,0.045347,3
27,12,0.021008,-0.228105,0.456997,-0.028082,0.66552,-0.437562,-0.060421,-0.17879,-0.438484,-0.009894,-0.04483,-0.033414,3
27,13,0.008972,-0.240885,0.493973,0.02041,0.657939,-0.48515,-0.041946,-0.157553,-0.427542,-0.007521,-0.087204,-0.073624,3
27,14,0.008357,-0.257353,0.504634,0.016273,0.651856,-0.444648,-0.058811,-0.201002,-0.398313,0.028426,-0.102048,-0.126511,3
28,1,0.857432,0.192668,0.064112,-0.834667,0.262606,-0.715457,-0.308633,0.280921,-0.000192,0.061013,-0.202913,-0.046015,3
28,2,0.935051,0.141262,0.120263,-0.829673,0.242933,-0.653239,-0.299812,0.294789,-0.009864,0.002734,-0.199906,-0.024768,3
28,3,1.023812,0.133889,-0.029988,-0.760957,0.266897,-0.564033,-0.240267,0.176453,0.004818,-0.05416,-0.208282,-0.001587,3
28,4,1.103025,0.150716,-0.269646,-0.736992,0.371405,-0.580816,-0.174326,0.07946,-0.024056,-0.031361,-0.266928,-0.001471,3
28,5,1.085795,-0.032678,-0.112816,-0.767549,0.326277,-0.459752,-0.173142,0.06267,-0.128914,-0.106151,-0.207156,0.082925,3
28,6,0.939948,-0.04967,0.016639,-0.614728,0.354676,-0.469802,-0.213423,0.049893,-0.123757,-0.145652,-0.200947,0.149054,3
28,7,0.789958,-0.072579,0.168574,-0.439016,0.389053,-0.523907,-0.250573,-0.006963,-0.165141,-0.091143,-0.119482,0.199282,3
28,8,0.613011,-0.04649,0.205107,-0.365239,0.409028,-0.518913,-0.155075,-0.053332,-0.253835,-0.107426,-0.043412,0.209,3
28,9,0.437186,-0.1273,0.309549,-0.253769,0.408492,-0.51132,-0.136285,-0.076379,-0.271789,-0.146306,-0.076299,0.173046,3
28,10,0.199361,-0.16823,0.443535,-0.207355,0.43911,-0.437643,-0.076184,-0.131974,-0.371104,-0.138494,-0.035103,0.117751,3
28,11,0.070958,-0.165511,0.447163,-0.145212,0.549699,-0.435208,-0.045433,-0.177958,-0.432569,-0.067728,-0.022788,0.032141,3
28,12,0.026641,-0.210672,0.478837,-0.085599,0.60372,-0.449988,-0.076517,-0.20004,-0.403921,-0.009254,-0.062024,-0.058394,3
28,13,0.017467,-0.232322,0.489268,-0.070052,0.617864,-0.439174,-0.123218,-0.234258,-0.350425,0.031578,-0.112091,-0.128551,3
28,14,-0.023463,-0.255704,0.517967,-0.056001,0.59328,-0.421446,-0.134137,-0.267237,-0.319678,0.059262,-0.143996,-0.167683,3
28,15,-0.110539,-0.304356,0.662131,0.01003,0.531872,-0.4327,-0.131102,-0.235898,-0.312682,0.039195,-0.154583,-0.180064,3
29,1,0.540107,0.0894,0.209297,-0.802844,0.057749,-0.744278,-0.128873,0.305346,-0.139703,0.036801,-0.115377,0.087974,3
29,2,0.562405,-0.010208,0.193214,-0.810615,0.113657,-0.724622,-0.118332,0.365374,-0.169286,-0.028559,-0.133633,0.105547,3
29,3,0.531946,-0.081535,0.064352,-0.78468,0.172533,-0.741148,-0.067527,0.323552,-0.209894,-0.044243,-0.131686,0.140734,3
29,4,0.46796,-0.103155,0.056628,-0.784564,0.183527,-0.696466,-0.080749,0.303767,-0.197957,-0.082043,-0.121486,0.150831,3
29,5,0.433419,-0.062816,0.094472,-0.804994,0.196529,-0.585781,-0.05188,0.216308,-0.235311,-0.117687,-0.081413,0.156432,3
29,6,0.370308,-0.044674,-0.008625,-0.784211,0.286356,-0.509757,-0.023122,0.071533,-0.260745,-0.111769,-0.106562,0.181968,3
29,7,0.238221,-0.100239,-0.041022,-0.637105,0.338408,-0.474392,-0.020655,-0.002207,-0.308052,-0.168264,-0.082295,0.257236,3
29,8,0.173458,-0.162669,-0.071294,-0.541832,0.413526,-0.443847,-0.046664,-0.069443,-0.356713,-0.164898,-0.047125,0.274511,3
29,9,0.178095,-0.194363,-0.079359,-0.468986,0.510095,-0.448077,-0.039451,-0.123894,-0.394372,-0.140676,-0.0235,0.240073,3
29,10,0.164096,-0.12685,-0.080659,-0.303308,0.619333,-0.47458,-0.020793,-0.219263,-0.387197,-0.079794,-0.04165,0.198312,3
29,11,0.143209,-0.0585,-0.042846,-0.232466,0.724048,-0.48536,0.001627,-0.276135,-0.416283,-0.0109,-0.053662,0.125222,3
29,12,0.049052,-0.063258,0.09823,-0.173372,0.711796,-0.473102,0.036334,-0.30279,-0.435783,0.042082,-0.059743,0.014961,3
29,13,-0.033841,-0.051169,0.173718,-0.084328,0.734901,-0.519529,0.012512,-0.314632,-0.383392,0.082257,-0.116509,-0.072174,3
30,1,0.444567,-0.214847,-0.040146,-0.631234,0.059356,-0.562464,0.19273,0.07313,-0.39985,-0.116777,0.020407,0.218533,3
30,2,0.509059,-0.164402,-0.127118,-0.606295,0.096096,-0.577947,0.217908,0.03912,-0.416363,-0.163868,0.045374,0.272337,3
30,3,0.628796,-0.110918,-0.184944,-0.537485,0.120965,-0.554665,0.185508,-0.012788,-0.379936,-0.205584,0.052915,0.315596,3
30,4,0.736088,-0.389816,-0.105861,-0.359066,0.040519,-0.437515,0.147783,-0.090515,-0.318316,-0.230231,0.023217,0.361031,3
30,5,0.661253,-0.600776,0.079697,-0.36231,0.08094,-0.414066,0.126053,-0.116422,-0.374338,-0.177255,-0.008618,0.390745,3
30,6,0.557547,-0.623465,0.09139,-0.247649,0.127357,-0.397707,0.094073,-0.169995,-0.383614,-0.145192,0.01415,0.36567,3
30,7,0.367005,-0.621969,0.103311,-0.202341,0.212403,-0.373803,0.05567,-0.205022,-0.403538,-0.137185,0.02423,0.291656,3
30,8,0.311307,-0.604974,0.11057,-0.154296,0.281316,-0.370274,0.047593,-0.251115,-0.436007,-0.133693,0.032601,0.24103,3
30,9,0.392415,-0.612846,0.118806,-0.016791,0.286962,-0.364728,0.040586,-0.312797,-0.405456,-0.132305,0.03838,0.176886,3
30,10,0.342302,-0.580324,0.156585,0.089645,0.314758,-0.371547,0.017443,-0.354921,-0.373218,-0.09341,0.035995,0.075348,3
30,11,0.21208,-0.496625,0.153572,0.087202,0.382259,-0.40426,0.013128,-0.360305,-0.37882,-0.047941,0.026228,-0.007286,3
30,12,0.154214,-0.536255,0.187777,0.108498,0.405404,-0.395647,-0.027867,-0.352416,-0.37233,-0.023253,0.013504,-0.064806,3
30,13,0.097388,-0.474467,0.156418,0.124043,0.441447,-0.429471,-0.017878,-0.356101,-0.369999,-0.016937,0.014315,-0.087674,3
30,14,-0.018626,-0.452533,0.170497,0.108756,0.48555,-0.459441,-0.018009,-0.339325,-0.376311,-6.4e-05,0.00227,-0.111444,3
31,1,0.621313,0.126047,-0.104917,-0.843583,0.182258,-0.824533,-0.132514,0.224834,-0.017022,0.053164,-0.14689,0.039767,3
31,2,0.584283,0.081344,-0.156168,-0.858857,0.200542,-0.769694,-0.142813,0.221558,-0.004812,0.038996,-0.157786,0.009275,3
31,3,0.607984,-0.039156,-0.153546,-0.882868,0.237455,-0.707654,-0.159522,0.240875,-0.033531,0.011111,-0.178449,0.012804,3
31,4,0.552618,-0.098718,-0.139274,-0.875161,0.271696,-0.616402,-0.171178,0.227083,-0.060233,-0.042233,-0.189743,0.037089,3
31,5,0.492379,-0.167652,-0.183437,-0.827642,0.306827,-0.558653,-0.135425,0.194554,-0.109062,-0.103871,-0.208061,0.076782,3
31,6,0.488327,-0.196663,-0.236304,-0.776448,0.335722,-0.511205,-0.113479,0.143135,-0.145187,-0.13348,-0.217602,0.100307,3
31,7,0.551144,-0.315117,-0.221827,-0.741603,0.36981,-0.445498,-0.101918,0.083415,-0.233797,-0.161142,-0.188352,0.139246,3
31,8,0.380105,-0.404347,-0.131269,-0.666254,0.45803,-0.427145,-0.135254,0.024265,-0.331277,-0.166465,-0.132728,0.172808,3
31,9,0.138315,-0.378998,-0.017343,-0.560458,0.475096,-0.366924,-0.130856,-0.076543,-0.376595,-0.15637,-0.064296,0.183292,3
31,10,-0.039752,-0.421415,0.063525,-0.380235,0.509634,-0.359013,-0.05129,-0.151967,-0.409165,-0.145162,-0.054568,0.111241,3
31,11,-0.129227,-0.487212,0.158835,-0.195661,0.575239,-0.399623,-0.016961,-0.193236,-0.418374,-0.072139,-0.072085,0.003513,3
31,12,-0.212954,-0.515695,0.258824,-0.088744,0.651933,-0.459347,-0.0368,-0.199244,-0.447325,0.007134,-0.074158,-0.065447,3
31,13,-0.333849,-0.497839,0.316089,0.008572,0.653139,-0.489226,-0.032449,-0.223746,-0.420283,0.044776,-0.090478,-0.125669,3
31,14,-0.398426,-0.510039,0.382268,0.059527,0.64942,-0.503443,-0.018267,-0.236518,-0.391943,0.103623,-0.119794,-0.180247,3
31,15,-0.471905,-0.509498,0.435746,0.121029,0.672453,-0.467031,0.020084,-0.227658,-0.328027,0.147662,-0.151839,-0.229853,3
32,1,0.973324,-0.337384,-0.247533,-0.872453,0.141342,-0.47295,-0.170159,0.224112,0.01477,-0.02865,-0.103938,0.115092,3
32,2,0.916993,-0.413955,-0.309062,-0.808679,0.211384,-0.394422,-0.193596,0.107263,-0.02967,-0.019272,-0.078125,0.151762,3
32,3,0.879633,-0.465775,-0.307144,-0.776561,0.301856,-0.389749,-0.212132,0.082504,-0.074637,-0.00841,-0.081495,0.189739,3
32,4,0.83748,-0.49993,-0.309414,-0.64963,0.277839,-0.359636,-0.20346,0.050699,-0.078773,-0.050716,-0.083824,0.191822,3
32,5,0.47256,-0.551169,-0.175566,-0.659961,0.360884,-0.358915,-0.238236,-0.003585,-0.20061,-0.044563,-0.044837,0.184408,3
32,6,0.540087,-0.560127,-0.089046,-0.543641,0.352523,-0.372178,-0.218626,-0.062098,-0.294837,-0.056975,0.032117,0.264207,3
32,7,0.5527,-0.48401,-0.009919,-0.39943,0.37331,-0.382391,-0.222812,-0.091438,-0.301867,-0.089329,0.075302,0.282926,3
32,8,0.417217,-0.372615,0.042006,-0.256761,0.486916,-0.447857,-0.229722,-0.102095,-0.273775,-0.067126,0.045298,0.166245,3
32,9,0.295108,-0.266791,0.057912,-0.117589,0.595546,-0.468326,-0.201416,-0.179457,-0.293543,-0.048337,-0.02102,0.041979,3
32,10,0.187845,-0.25393,0.118866,-0.064131,0.580846,-0.422593,-0.161918,-0.265363,-0.298328,0.019082,-0.064442,-0.091275,3
33,1,0.827546,-0.199303,0.066374,-0.67658,-0.11695,-0.611915,-0.146631,0.311535,0.081067,-0.08575,-0.09571,0.095946,3
33,2,0.431729,-0.156898,0.045148,-0.664459,-0.055455,-0.586149,-0.132245,0.266806,0.039578,-0.142682,-0.123627,0.116209,3
33,3,0.22583,-0.167624,0.010567,-0.67487,0.010915,-0.545603,-0.12917,0.239519,-0.01568,-0.160941,-0.153197,0.132597,3
33,4,0.158707,-0.200618,-0.013254,-0.673927,0.060978,-0.512099,-0.099722,0.240944,-0.072805,-0.184107,-0.182602,0.128636,3
33,5,0.32523,-0.263588,-0.050657,-0.621069,0.097177,-0.472546,-0.049212,0.194676,-0.134595,-0.229053,-0.170775,0.167419,3
33,6,0.550772,-0.322458,-0.081039,-0.530101,0.125236,-0.43413,-0.057916,0.144033,-0.201467,-0.258388,-0.153061,0.186628,3
33,7,0.583335,-0.219049,-0.209331,-0.414557,0.200367,-0.4079,-0.075047,0.071737,-0.276979,-0.289386,-0.06884,0.210971,3
33,8,0.548656,-0.081018,-0.27022,-0.298983,0.264771,-0.408817,-0.038891,-0.037758,-0.322948,-0.278166,0.00559,0.241564,3
33,9,0.560249,-0.184445,-0.20504,-0.132499,0.238622,-0.382367,0.001127,-0.13026,-0.348074,-0.230085,-0.004685,0.229043,3
33,10,0.472122,-0.032844,-0.22318,-0.149535,0.474668,-0.4608,0.003862,-0.204241,-0.369697,-0.172067,-0.017433,0.169482,3
33,11,0.340555,0.071084,-0.09335,-0.156915,0.668057,-0.434942,-0.050093,-0.256706,-0.374506,-0.115365,-0.024305,0.094296,3
33,12,0.262448,-0.013567,0.032328,-0.109499,0.693729,-0.410915,-0.073655,-0.248327,-0.358127,-0.093347,-0.040308,0.019759,3
33,13,0.317042,-0.151409,0.022412,0.002867,0.59879,-0.464771,-0.085182,-0.23996,-0.272691,-0.068696,-0.112438,-0.067681,3
33,14,0.495835,-0.319531,-0.036515,0.27048,0.485622,-0.496178,-0.061186,-0.286369,-0.202169,-0.072983,-0.145966,-0.06875,3
34,1,0.471402,0.250239,-0.184982,-0.438353,-0.051867,-0.77707,-0.091551,0.179628,0.022765,-0.096356,-0.002054,0.110016,3
34,2,0.565934,0.221117,-0.21669,-0.507051,-0.037812,-0.689965,-0.01004,0.223193,-0.039119,-0.119763,-0.032233,0.08678,3
34,3,0.72918,0.114366,-0.306338,-0.551429,-0.005144,-0.63135,0.039462,0.260327,-0.123606,-0.168683,-0.095171,0.073497,3
34,4,0.670273,0.184531,-0.289461,-0.572605,0.002192,-0.570221,0.026447,0.206832,-0.121709,-0.192891,-0.108299,0.034462,3
34,5,0.490161,0.14626,-0.193955,-0.506226,-0.080363,-0.499257,0.041608,0.145674,-0.131911,-0.242145,-0.092852,0.048683,3
34,6,0.427689,0.05756,-0.163483,-0.456868,0.006373,-0.479274,0.021655,0.13743,-0.191003,-0.269281,-0.121046,0.136054,3
34,7,0.468415,-0.056904,-0.072171,-0.555434,0.1959,-0.459279,0.002944,0.110194,-0.273632,-0.213096,-0.161687,0.207732,3
34,8,0.47226,-0.057275,-0.032524,-0.57397,0.337892,-0.417779,-0.039555,0.050279,-0.310513,-0.182885,-0.157915,0.221106,3
34,9,0.507428,0.046371,-0.011811,-0.577889,0.462667,-0.422165,-0.026326,-0.013054,-0.383697,-0.125103,-0.109765,0.210425,3
34,10,0.47636,-0.025993,-0.025704,-0.405337,0.42346,-0.446428,0.055686,-0.122783,-0.428656,-0.099545,-0.037977,0.165196,3
34,11,0.398791,-0.102563,-0.041016,-0.274941,0.421346,-0.389573,0.09634,-0.210234,-0.419566,-0.114148,-0.038344,0.101596,3
34,12,0.26271,-0.130805,0.148367,-0.319533,0.534797,-0.339098,0.066989,-0.22422,-0.435389,-0.04995,-0.069235,-0.013754,3
34,13,0.121391,-0.174295,0.388871,-0.202171,0.488016,-0.375817,0.013631,-0.239727,-0.380948,0.000266,-0.083678,-0.126563,3
35,1,-0.071941,0.081219,0.007764,-0.413553,-0.159765,-0.511387,0.138129,0.056243,-0.241564,-0.154763,0.031939,0.130391,3
35,2,-0.008456,0.067476,-0.104276,-0.275993,-0.043621,-0.459552,0.12358,-0.044573,-0.296115,-0.224022,0.147049,0.159015,3
35,3,0.114693,-0.048027,-0.134261,-0.268473,0.003833,-0.411233,0.177868,-0.106623,-0.355815,-0.261098,0.139149,0.23866,3
35,4,0.209422,-0.118661,-0.108387,-0.235612,0.018765,-0.399162,0.193751,-0.127276,-0.379205,-0.277639,0.124724,0.295725,3
35,5,0.234029,-0.161816,-0.114159,-0.205641,0.078129,-0.409029,0.191394,-0.167401,-0.405702,-0.209945,0.099593,0.334286,3
35,6,0.147556,-0.298479,-0.125028,-0.154364,0.175765,-0.327918,0.132776,-0.266588,-0.384641,-0.104805,0.076404,0.229262,3
35,7,0.099413,-0.417938,-0.053669,0.000276,0.270166,-0.271394,0.076462,-0.278643,-0.382238,-0.097835,0.091998,0.111548,3
35,8,0.259934,-0.361276,-0.038234,0.123631,0.426903,-0.36979,0.065845,-0.288999,-0.361598,-0.087839,0.032615,0.068337,3
35,9,0.304783,-0.328606,0.045554,0.172595,0.511786,-0.417863,0.015904,-0.338103,-0.309286,-0.021802,-0.039588,0.008232,3
35,10,0.243419,-0.467275,0.232997,0.164659,0.492782,-0.373476,-0.002985,-0.379694,-0.300736,0.057797,-0.111236,-0.071327,3
36,1,0.387923,0.142633,-0.038609,-0.937047,0.199018,-0.49039,0.027482,0.171472,-0.253358,-0.022416,-0.141447,0.061261,3
36,2,0.37783,-0.072823,-0.079668,-0.741797,0.217513,-0.585282,0.025158,0.195251,-0.262352,-0.107103,-0.139642,0.152033,3
36,3,0.326538,-0.139712,-0.074412,-0.69851,0.269203,-0.566032,-0.001945,0.141592,-0.304521,-0.115269,-0.102433,0.20395,3
36,4,0.277818,-0.160288,-0.065254,-0.746764,0.343616,-0.473226,-0.028205,0.066637,-0.368011,-0.088782,-0.072669,0.209525,3
36,5,0.27908,-0.271339,-0.039349,-0.687155,0.398832,-0.489633,-0.039416,0.052499,-0.42972,-0.096459,-0.037182,0.246564,3
36,6,0.295977,-0.285327,0.056571,-0.589913,0.404362,-0.456079,-0.058431,-0.00264,-0.454267,-0.089959,0.019998,0.252069,3
36,7,0.266843,-0.322991,0.124566,-0.427342,0.409152,-0.413322,-0.083256,-0.083766,-0.436615,-0.092307,0.044602,0.216465,3
36,8,0.286329,-0.410843,0.144081,-0.339414,0.497028,-0.397578,-0.104455,-0.14457,-0.429081,-0.065868,0.010036,0.121973,3
36,9,0.180155,-0.413604,0.161847,-0.214783,0.558384,-0.39294,-0.079037,-0.230383,-0.435644,-0.001169,-0.013037,0.012216,3
36,10,0.040538,-0.38979,0.253638,-0.067741,0.571265,-0.451865,-0.08407,-0.250398,-0.420985,0.027408,-0.025823,-0.057096,3
36,11,0.007514,-0.395192,0.303659,0.000354,0.549686,-0.483488,-0.063314,-0.25424,-0.402862,0.051361,-0.055516,-0.116748,3
36,12,-0.093604,-0.402856,0.34045,0.054987,0.532612,-0.492957,-0.023987,-0.264367,-0.385582,0.084714,-0.087309,-0.167147,3
36,13,-0.204306,-0.452921,0.429438,0.10008,0.546154,-0.447502,-0.006473,-0.256688,-0.343546,0.114247,-0.115686,-0.210402,3
37,1,0.50375,0.077598,-0.115861,-0.713022,-0.022649,-0.803377,0.045676,0.271113,0.026258,-0.026584,-0.085022,0.184738,3
37,2,0.809297,0.157902,-0.206395,-0.696541,-0.044528,-0.74773,0.132562,0.193788,-0.009323,-0.045402,-0.095244,0.191309,3
37,3,0.747819,0.086134,-0.201262,-0.702611,-0.038048,-0.575559,0.127062,0.084383,-0.05671,-0.05191,-0.114281,0.190419,3
37,4,0.398349,-0.019193,-0.215466,-0.679889,0.116921,-0.575076,0.104251,0.084417,-0.125199,-0.116669,-0.145682,0.221709,3
37,5,0.485611,0.059635,-0.230109,-0.589808,0.230532,-0.555124,0.084239,0.074333,-0.150455,-0.203248,-0.173882,0.24363,3
37,6,0.381538,0.051254,-0.232193,-0.562631,0.316284,-0.502581,0.064363,-0.008633,-0.247056,-0.213854,-0.124394,0.211383,3
37,7,0.189902,0.069103,-0.139609,-0.500652,0.360211,-0.485943,0.080446,-0.106412,-0.337686,-0.196555,-0.048138,0.224757,3
37,8,0.124529,0.068625,-0.066259,-0.360591,0.411641,-0.480744,0.063879,-0.153474,-0.367111,-0.211322,0.017971,0.23911,3
37,9,0.122364,0.052966,-0.116541,-0.227702,0.53408,-0.512234,0.044838,-0.246396,-0.37361,-0.172051,0.029873,0.206433,3
37,10,0.026896,-0.038602,-0.033186,-0.118989,0.549501,-0.498529,0.048404,-0.292592,-0.395898,-0.142772,0.046289,0.155937,3
37,11,-0.047593,-0.066218,0.025377,-0.007512,0.572293,-0.497908,0.04367,-0.315614,-0.360525,-0.099258,0.019051,0.058248,3
37,12,-0.073653,-0.126682,0.043972,0.096119,0.603574,-0.533679,0.026992,-0.314776,-0.305868,-0.06679,-0.025514,-0.042338,3
38,1,0.843274,0.285925,-0.142612,-0.746645,0.14544,-0.679366,-0.03134,0.126324,0.018978,-0.012501,-0.207464,0.097581,3
38,2,0.911254,0.219924,-0.217983,-0.768468,0.102638,-0.638018,0.078138,0.058215,-0.057333,-0.061596,-0.205723,0.133169,3
38,3,0.814579,0.262743,-0.207594,-0.741864,0.19421,-0.62272,0.026904,0.070735,-0.037646,-0.085375,-0.241935,0.108098,3
38,4,0.809149,0.156626,-0.229346,-0.71665,0.283934,-0.61042,0.005388,0.052801,-0.115416,-0.132375,-0.214009,0.140643,3
38,5,0.845465,0.072443,-0.242479,-0.680684,0.349156,-0.591131,0.01346,0.010338,-0.232905,-0.164005,-0.157531,0.223733,3
38,6,0.762876,0.024387,-0.192414,-0.581741,0.404856,-0.547442,0.018441,-0.060734,-0.311524,-0.176889,-0.082945,0.279461,3
38,7,0.604725,-0.011959,-0.112648,-0.487957,0.490949,-0.470228,-0.0213,-0.125117,-0.316299,-0.192725,-0.039777,0.248453,3
38,8,0.471059,0.101299,-0.058364,-0.42757,0.574768,-0.388794,-0.027241,-0.211724,-0.344354,-0.176389,-0.040612,0.151848,3
38,9,0.409927,-0.002424,-0.043042,-0.247778,0.673422,-0.411143,-0.089375,-0.270467,-0.300294,-0.111655,-0.057017,0.051225,3
38,10,0.331212,-0.161552,-0.013692,-0.006072,0.666648,-0.543362,-0.049777,-0.253362,-0.287409,-0.082892,-0.07443,-0.006045,3
38,11,0.253237,-0.286202,0.070704,0.17897,0.580281,-0.547102,-0.039653,-0.285854,-0.245691,-0.063769,-0.104796,-0.053988,3
38,12,0.166405,-0.311593,0.147449,0.290986,0.506487,-0.518366,-0.029215,-0.307748,-0.183721,-0.055879,-0.110182,-0.118,3
38,13,-0.052208,-0.350143,0.275974,0.330912,0.476642,-0.427291,-0.018663,-0.291424,-0.10557,-0.054316,-0.099163,-0.196472,3
38,14,-0.146011,-0.594047,0.448643,0.359705,0.489493,-0.39753,-0.006491,-0.240877,-0.103947,-0.014791,-0.179589,-0.193101,3
39,1,1.166602,-0.213504,-0.32865,-0.481546,0.014203,-0.475785,0.034667,0.14333,-0.106612,-0.267087,-0.129335,0.228376,3
39,2,0.920438,-0.271986,-0.214644,-0.344502,0.046522,-0.493127,0.094439,0.066252,-0.195336,-0.226299,-0.157209,0.331884,3
39,3,0.827825,-0.400069,-0.134889,-0.360272,0.070929,-0.443173,0.068837,-0.041727,-0.209383,-0.199837,-0.138236,0.37267,3
39,4,0.734214,-0.340788,-0.121021,-0.273586,0.069512,-0.420673,0.06444,-0.099111,-0.236297,-0.17447,-0.099484,0.360319,3
39,5,0.677307,-0.369967,0.028409,-0.158696,0.153954,-0.377667,0.007181,-0.176225,-0.327468,-0.053792,0.077545,0.31954,3
39,6,0.579767,-0.398961,0.160563,-0.306855,0.331659,-0.327061,0.023703,-0.129686,-0.434732,0.01503,0.130416,0.206497,3
39,7,0.428439,-0.242837,0.178533,-0.241158,0.537162,-0.396955,-0.044934,-0.147518,-0.470637,0.008408,0.04696,0.049206,3
39,8,0.401414,-0.213909,0.049933,-0.130282,0.664337,-0.414447,-0.123686,-0.221311,-0.37611,0.013831,-0.032368,0.009749,3
39,9,0.347298,-0.387,0.29332,0.031753,0.491805,-0.364077,-0.059855,-0.236444,-0.431211,-0.004219,-0.002773,-0.020874,3
39,10,0.232804,-0.402311,0.504822,0.134418,0.421738,-0.424374,-0.096157,-0.224722,-0.353679,0.025737,-0.072514,-0.135477,3
40,1,0.717415,0.133263,-0.059673,-0.716782,0.026682,-0.695885,0.013981,0.321837,-0.16256,-0.073591,-0.078265,0.065369,3
40,2,0.747466,-0.061634,-0.078651,-0.707652,0.041155,-0.529943,-0.057132,0.280054,-0.166845,-0.117122,-0.079429,0.070355,3
40,3,0.810211,-0.163828,-0.168234,-0.644299,0.02849,-0.475184,-0.073933,0.247529,-0.146211,-0.198464,-0.064596,0.094083,3
40,4,0.82846,-0.312728,-0.126574,-0.61317,0.05037,-0.429113,-0.085637,0.190389,-0.137586,-0.259328,-0.058469,0.169388,3
40,5,0.609893,-0.415437,0.015689,-0.611567,0.137071,-0.389592,-0.120048,0.137094,-0.188086,-0.258331,-0.047143,0.249825,3
40,6,0.602706,-0.513481,0.096375,-0.580559,0.211683,-0.341299,-0.115521,0.092394,-0.265554,-0.252473,-0.030442,0.326786,3
40,7,0.769958,-0.517204,0.084849,-0.511542,0.308635,-0.335143,-0.091928,0.060622,-0.303615,-0.212152,-0.041416,0.312738,3
40,8,0.809813,-0.636403,-0.004758,-0.221097,0.449632,-0.378974,-0.07739,0.035377,-0.354526,-0.130466,-0.072433,0.169022,3
40,9,0.537145,-0.770452,0.184493,-0.171638,0.508017,-0.315422,-0.101822,-0.037856,-0.413738,-0.147027,-0.060145,0.109232,3
40,10,0.376666,-0.708459,0.24052,-0.208506,0.522223,-0.323678,-0.113983,-0.138939,-0.466978,-0.100573,-0.020202,0.062909,3
40,11,0.228622,-0.692904,0.258136,-0.14773,0.588419,-0.38147,-0.12967,-0.166581,-0.463555,-0.053021,-0.03138,0.006834,3
40,12,0.178113,-0.666213,0.276721,-0.007558,0.575869,-0.446374,-0.135849,-0.198563,-0.402816,-0.023369,-0.067305,-0.023397,3
40,13,0.263046,-0.52098,0.22985,0.105625,0.561497,-0.488281,-0.116636,-0.242611,-0.337352,-0.006909,-0.08256,-0.03194,3
40,14,0.448812,-0.586138,0.300488,0.225621,0.512521,-0.456113,-0.091665,-0.25232,-0.259904,-0.007522,-0.098848,-0.028592,3
40,15,0.290705,-0.707355,0.506972,0.22023,0.559259,-0.406593,-0.122833,-0.106664,-0.28301,-0.007336,-0.095251,-0.084315,3
41,1,0.472134,0.060641,0.033432,-0.678265,0.088008,-0.345462,-0.054221,0.094372,-0.040389,-0.186362,0.033227,0.066772,3
41,2,0.416167,-0.008393,0.017531,-0.667906,0.182137,-0.337786,-0.088113,0.15445,-0.095568,-0.234338,0.003123,0.098517,3
41,3,0.360687,-0.072634,-0.00033,-0.58619,0.145982,-0.342086,-0.053369,0.18555,-0.149989,-0.30871,0.035256,0.149036,3
41,4,0.365451,-0.207679,0.075129,-0.574942,0.174235,-0.316974,-0.072603,0.116381,-0.225653,-0.26968,0.020089,0.178521,3
41,5,0.409847,-0.249859,0.164506,-0.521721,0.250332,-0.284422,-0.138282,0.059548,-0.276128,-0.243463,0.030298,0.220205,3
41,6,0.418452,-0.227552,0.190009,-0.284071,0.260438,-0.325379,-0.137452,-0.02369,-0.24766,-0.268356,0.103493,0.249711,3
41,7,0.168447,-0.207174,0.253496,-0.078198,0.205267,-0.465643,-0.033432,-0.082222,-0.258912,-0.138149,0.01526,0.171746,3
41,8,0.196856,-0.192002,0.347394,0.093979,0.246281,-0.510573,0.019155,-0.122536,-0.307708,-0.07155,-0.013967,0.104598,3
41,9,0.486249,-0.408134,0.477437,0.141395,0.248807,-0.378367,0.091941,-0.271439,-0.343619,-0.014653,-0.054973,0.081871,3
41,10,0.415167,-0.349032,0.488011,0.044955,0.352992,-0.318927,-0.010736,-0.290772,-0.353549,-0.037544,-0.013476,0.001063,3
41,11,0.276209,-0.223026,0.439012,-0.017223,0.44499,-0.364924,-0.033252,-0.242261,-0.38348,-0.091117,0.003832,-0.016368,3
41,12,0.209951,-0.197809,0.500184,-0.027623,0.386107,-0.39389,-0.005152,-0.249394,-0.362772,-0.093984,-0.031661,-0.046194,3
41,13,0.115426,-0.088791,0.505898,-0.09634,0.479864,-0.400886,-0.023805,-0.307511,-0.342523,-0.017848,-0.067475,-0.092018,3
41,14,-0.015986,0.019494,0.557652,-0.07865,0.504955,-0.393449,-0.024913,-0.267031,-0.319573,-0.048811,-0.071263,-0.089678,3
41,15,0.045477,0.05168,0.507912,-0.048558,0.558542,-0.377526,-0.047406,-0.230486,-0.252049,-0.060885,-0.078381,-0.087816,3
42,1,0.453036,-0.015938,-0.162128,-0.627743,0.00401,-0.563334,-0.160298,0.250855,-0.000632,-0.059452,-0.072872,0.08164,3
42,2,0.425987,-0.1721,-0.076534,-0.723955,0.063853,-0.514648,-0.164379,0.29122,-0.039894,-0.106512,-0.137207,0.105341,3
42,3,0.494358,-0.1359,-0.167517,-0.704431,0.145532,-0.469438,-0.130329,0.231042,-0.081023,-0.122979,-0.171922,0.124113,3
42,4,0.648423,-0.284541,-0.157996,-0.712339,0.238907,-0.494852,-0.086784,0.178077,-0.170027,-0.142087,-0.182956,0.164458,3
42,5,0.75221,-0.372991,-0.100064,-0.732808,0.355679,-0.488275,-0.106715,0.137743,-0.304068,-0.16674,-0.154993,0.20954,3
42,6,0.54916,-0.274379,0.030259,-0.683147,0.390488,-0.393968,-0.091399,0.04683,-0.399107,-0.159676,-0.084559,0.208948,3
42,7,0.311602,-0.219511,0.119356,-0.551954,0.417247,-0.359395,-0.098112,-0.067115,-0.430431,-0.145979,-0.037551,0.216094,3
42,8,0.226823,-0.242712,0.180142,-0.364895,0.549905,-0.425884,-0.167755,-0.140426,-0.427928,-0.082628,0.019368,0.199307,3
42,9,0.282344,-0.270729,0.111039,-0.254572,0.659283,-0.493659,-0.148945,-0.140362,-0.428188,-0.071813,0.028411,0.164422,3
42,10,0.124578,-0.230873,0.250071,-0.231669,0.697075,-0.402302,-0.173366,-0.180304,-0.394153,-0.033206,-0.021929,0.053696,3
42,11,-0.040149,-0.073187,0.295442,-0.219672,0.752798,-0.383785,-0.146974,-0.248089,-0.354496,0.057846,-0.080266,-0.06872,3
42,12,-0.13295,0.024258,0.293881,-0.15907,0.806684,-0.410193,-0.130095,-0.273212,-0.303436,0.095715,-0.141778,-0.130302,3
42,13,-0.161554,-0.030873,0.333524,-0.014241,0.788239,-0.48823,-0.099453,-0.257633,-0.28787,0.090511,-0.170853,-0.172116,3
42,14,-0.117133,-0.216466,0.370746,0.118116,0.660531,-0.537044,-0.040676,-0.227777,-0.298823,0.060363,-0.14497,-0.210539,3
43,1,0.303067,0.131329,-0.075538,-0.736519,-0.004716,-0.754888,0.030892,0.194471,-0.033773,-0.059171,-0.023867,0.03363,3
43,2,0.242576,0.009794,-0.121262,-0.739109,0.052413,-0.75294,0.027211,0.235089,-0.036842,-0.090774,-0.065176,0.059962,3
43,3,0.216712,-0.157524,-0.159636,-0.755569,0.107813,-0.710342,-0.003538,0.264825,-0.032113,-0.112721,-0.107084,0.083655,3
43,4,0.115204,-0.257076,-0.177711,-0.749333,0.159754,-0.641486,-0.021899,0.243611,-0.048885,-0.153318,-0.130924,0.093995,3
43,5,0.120312,-0.300561,-0.189494,-0.721153,0.204705,-0.596236,-0.02486,0.211829,-0.097264,-0.193604,-0.130102,0.122298,3
43,6,0.192042,-0.328628,-0.193729,-0.655886,0.208523,-0.526921,-0.035637,0.149773,-0.162338,-0.245521,-0.070966,0.17934,3
43,7,0.283243,-0.371834,-0.200535,-0.507227,0.157669,-0.39631,-0.045451,0.029282,-0.181991,-0.345216,0.042185,0.242059,3
43,8,0.277756,-0.477433,-0.144188,-0.446971,0.23048,-0.369942,-0.042735,-0.069287,-0.209558,-0.325124,0.034685,0.334641,3
43,9,0.242471,-0.489653,-0.114368,-0.316381,0.239909,-0.335734,0.009064,-0.194985,-0.262024,-0.222352,0.021803,0.35414,3
43,10,0.286164,-0.459905,-0.068359,-0.219151,0.354709,-0.33399,0.024158,-0.189308,-0.343528,-0.181944,0.002535,0.279607,3
43,11,0.155302,-0.511095,0.016181,-0.091936,0.441821,-0.362261,0.015448,-0.170859,-0.400234,-0.160876,0.010719,0.12739,3
43,12,-0.082838,-0.544281,0.123872,0.07076,0.468952,-0.395871,-0.002782,-0.219791,-0.367814,-0.134239,-0.009188,0.022261,3
43,13,-0.204398,-0.536642,0.187984,0.157409,0.455983,-0.427141,-0.017176,-0.270185,-0.326181,-0.104822,-0.032302,-0.035286,3
43,14,-0.241973,-0.524807,0.238971,0.207357,0.432375,-0.45292,-0.034021,-0.305698,-0.282148,-0.082907,-0.057993,-0.081475,3
44,1,0.493118,-0.537114,0.08426,-0.64372,0.266698,-0.349262,-0.119392,0.12434,-0.314967,-0.32611,-0.056247,0.247136,3
44,2,0.504516,-0.544104,0.07916,-0.60087,0.326725,-0.342706,-0.142901,0.049224,-0.311499,-0.327514,-0.051935,0.284726,3
44,3,0.430233,-0.491185,0.07577,-0.513692,0.355132,-0.312587,-0.138794,-0.097986,-0.327331,-0.237624,-0.00937,0.282978,3
44,4,0.199667,-0.524258,0.155374,-0.41761,0.358502,-0.292633,-0.120517,-0.191608,-0.365267,-0.139497,0.033316,0.259043,3
44,5,0.065272,-0.487495,0.189049,-0.31641,0.425976,-0.295367,-0.099782,-0.205835,-0.370821,-0.124189,0.023849,0.174257,3
44,6,-0.034886,-0.492333,0.252924,-0.168649,0.489844,-0.313921,-0.078796,-0.220741,-0.34405,-0.080068,-0.009109,0.054562,3
44,7,-0.083774,-0.493944,0.328725,-0.002762,0.517707,-0.339012,-0.047398,-0.225643,-0.336634,-0.045828,-0.019352,-0.037776,3
44,8,-0.098368,-0.493429,0.419851,0.11563,0.47865,-0.373894,-0.034208,-0.222565,-0.319728,-0.045059,-0.021382,-0.110057,3
44,9,-0.27517,-0.470904,0.470527,0.103976,0.537942,-0.410621,-0.050594,-0.235517,-0.320532,0.014203,-0.071704,-0.174321,3
45,1,0.575931,-0.0581,0.040478,-0.782311,0.130958,-0.414612,-0.130053,0.261973,-0.174123,-0.159355,-0.037535,0.069027,3
45,2,0.52696,-0.199876,0.02017,-0.796158,0.215876,-0.478104,-0.128577,0.268217,-0.218906,-0.209224,-0.066122,0.112847,3
45,3,0.558071,-0.323385,-0.045142,-0.625077,0.172539,-0.484833,-0.065861,0.152326,-0.185753,-0.285387,-0.123088,0.240608,3
45,4,0.313535,-0.314701,0.029688,-0.544637,0.210767,-0.497511,-0.052083,0.069796,-0.239292,-0.233988,-0.199254,0.310113,3
45,5,0.249958,-0.313859,0.050248,-0.479192,0.33001,-0.524174,-0.062985,0.011162,-0.346866,-0.175354,-0.115419,0.29245,3
45,6,0.182391,-0.260132,0.065995,-0.397345,0.416513,-0.525544,-0.003118,-0.051331,-0.463821,-0.126263,-0.02411,0.196774,3
45,7,0.130674,-0.294375,0.145312,-0.326386,0.537741,-0.518515,-0.004105,-0.07107,-0.524435,-0.136842,-0.004601,0.146217,3
45,8,0.079607,-0.247605,0.148794,-0.184803,0.630242,-0.536549,0.008753,-0.14015,-0.505503,-0.105091,-0.002213,0.103356,3
45,9,0.050536,-0.169511,0.197,-0.102416,0.680588,-0.562824,0.01471,-0.169829,-0.486429,-0.068168,-0.019768,0.050623,3
45,10,-0.003901,-0.109388,0.228734,-0.069003,0.690093,-0.563788,0.023611,-0.19543,-0.468134,-0.052918,-0.046931,0.005483,3
45,11,-0.100719,-0.123456,0.292916,-0.03351,0.686678,-0.570589,-0.016191,-0.207003,-0.411602,-0.025145,-0.081749,-0.051046,3
45,12,-0.250659,-0.154103,0.326917,0.065214,0.694647,-0.57636,-0.04369,-0.220337,-0.357833,-0.007477,-0.081815,-0.096263,3
45,13,-0.333682,-0.174545,0.35925,0.121423,0.717391,-0.565269,-0.070119,-0.206695,-0.314234,0.007316,-0.079555,-0.131612,3
46,1,0.660528,-0.023513,0.249569,-0.834548,0.001118,-0.73465,-0.100288,0.339452,-0.099657,-0.012012,-0.101173,0.118349,3
46,2,0.798209,-0.083046,0.236953,-0.850798,0.045534,-0.653551,-0.113819,0.377856,-0.098049,-0.084762,-0.134954,0.110152,3
46,3,0.724114,-0.155616,0.132274,-0.940372,0.143977,-0.537467,-0.048798,0.314683,-0.249667,-0.087622,-0.12492,0.081436,3
46,4,0.602364,-0.170511,0.103071,-0.977701,0.202806,-0.520734,-0.03013,0.286379,-0.32619,-0.083131,-0.126291,0.075678,3
46,5,0.52835,-0.185113,0.07408,-0.908238,0.265532,-0.48793,-0.037516,0.229881,-0.376199,-0.109417,-0.091098,0.095948,3
46,6,0.567118,-0.286577,-0.006815,-0.74381,0.327494,-0.441323,-0.071461,0.112021,-0.346275,-0.16791,-0.077027,0.187528,3
46,7,0.655007,-0.395898,-0.0018,-0.583123,0.314368,-0.391828,-0.048098,-0.044635,-0.343414,-0.201857,-0.059688,0.281766,3
46,8,0.587444,-0.484577,0.099209,-0.404271,0.341775,-0.344494,-0.087143,-0.101921,-0.46759,-0.136653,0.03516,0.196295,3
46,9,0.367983,-0.536944,0.22323,-0.339305,0.472724,-0.351751,-0.091859,-0.105433,-0.548425,-0.100477,0.060424,0.119043,3
46,10,0.329728,-0.627659,0.248961,-0.173954,0.508217,-0.360877,-0.074516,-0.131151,-0.509217,-0.091064,0.016328,0.042281,3
46,11,0.332724,-0.655638,0.356995,-0.005191,0.513382,-0.362216,-0.104237,-0.182071,-0.424218,-0.026319,-0.021726,-0.055719,3
46,12,0.263327,-0.724358,0.475796,0.059225,0.519558,-0.348902,-0.104171,-0.207843,-0.407797,0.028179,-0.065162,-0.117473,3
46,13,0.146692,-0.712194,0.494251,0.124498,0.515036,-0.386946,-0.081636,-0.220201,-0.382974,0.056186,-0.111849,-0.160218,3
46,14,0.082056,-0.609457,0.469784,0.242412,0.484184,-0.433011,-0.049102,-0.267659,-0.321878,0.079585,-0.154588,-0.188633,3
47,1,0.320565,-0.040902,-0.152415,-0.823575,0.220594,-0.571103,-0.033471,0.223625,-0.179833,-0.125069,-0.11435,0.088312,3
47,2,0.567868,-0.010102,-0.176226,-0.782292,0.284712,-0.487659,-0.060215,0.16772,-0.210038,-0.150542,-0.090062,0.137238,3
47,3,0.493001,-0.054412,-0.029003,-0.773218,0.312724,-0.417003,-0.074478,0.147567,-0.302073,-0.142626,-0.037293,0.165169,3
47,4,0.35014,-0.150638,-0.01439,-0.712051,0.398989,-0.360107,-0.142335,0.081737,-0.323836,-0.141273,-0.03108,0.177887,3
47,5,0.266577,-0.253871,-0.02737,-0.615753,0.46588,-0.370479,-0.130122,0.023929,-0.364706,-0.165119,-0.043587,0.189068,3
47,6,0.245936,-0.318397,-0.023214,-0.47867,0.53727,-0.410202,-0.100881,-0.045498,-0.427043,-0.171152,-0.032715,0.198379,3
47,7,0.207729,-0.266893,0.030899,-0.362751,0.561509,-0.385818,-0.065936,-0.131574,-0.450588,-0.171057,-0.002357,0.190096,3
47,8,0.191986,-0.27401,0.022382,-0.249077,0.571266,-0.365027,-0.048066,-0.225252,-0.417543,-0.120372,-0.00194,0.112171,3
47,9,0.180168,-0.33321,0.044374,-0.104156,0.585818,-0.37599,-0.066454,-0.253028,-0.368603,-0.079514,-0.007535,0.018708,3
47,10,0.167528,-0.41502,0.147041,-0.034355,0.636612,-0.370295,-0.114509,-0.242404,-0.360811,-0.058826,-0.018465,-0.0212,3
47,11,0.067213,-0.372677,0.258613,0.008032,0.669043,-0.385539,-0.136156,-0.254187,-0.35131,-0.019124,-0.05769,-0.055389,3
47,12,0.029935,-0.418443,0.262876,0.072818,0.662912,-0.411565,-0.146119,-0.238784,-0.309764,-0.053025,-0.071471,-0.080846,3
47,13,-0.05022,-0.384321,0.285407,0.116008,0.657595,-0.430091,-0.155512,-0.246131,-0.266402,-0.052736,-0.100062,-0.105407,3
48,1,0.879957,0.003114,-0.076939,-0.639252,-0.110175,-0.504503,0.024032,0.261141,-0.132873,-0.293648,0.03688,0.064665,3
48,2,0.838093,-0.183256,-0.021134,-0.641674,-0.039031,-0.403055,-0.025615,0.243428,-0.191269,-0.285074,-0.002781,0.086994,3
48,3,0.82391,-0.308282,-0.047218,-0.568107,0.051281,-0.356147,-0.081396,0.231609,-0.22344,-0.325993,-0.021316,0.121998,3
48,4,0.648352,-0.273282,-0.106044,-0.459,0.146464,-0.343582,-0.065099,0.130847,-0.196992,-0.394229,0.005791,0.202869,3
48,5,0.472897,-0.332382,-0.082208,-0.336571,0.203008,-0.299119,-0.037592,0.01259,-0.204346,-0.399818,0.019234,0.277684,3
48,6,0.188614,-0.354161,-0.085948,-0.246618,0.320573,-0.34749,0.016708,-0.041581,-0.324173,-0.30036,-0.055936,0.27645,3
48,7,-0.013007,-0.350328,-0.109792,-0.138192,0.465792,-0.418057,0.019006,-0.085963,-0.405125,-0.237112,-0.086732,0.204865,3
48,8,-0.044965,-0.387695,-0.063719,-0.101994,0.607393,-0.435673,-0.029473,-0.137234,-0.43376,-0.190493,-0.054774,0.129656,3
48,9,-0.264966,-0.376381,0.023104,-0.055225,0.657534,-0.44709,-0.017487,-0.218166,-0.461541,-0.110213,-0.01582,0.051488,3
48,10,-0.285629,-0.440175,0.085864,-0.022014,0.670601,-0.453881,-0.013917,-0.243923,-0.468704,-0.072218,0.003892,0.000174,3
48,11,-0.312237,-0.458846,0.148596,0.02009,0.693263,-0.479215,-0.030836,-0.239576,-0.430924,-0.038572,-0.003589,-0.060263,3
49,1,1.051461,-0.36852,-0.005679,-0.604618,0.088862,-0.347324,-0.191096,0.161382,-0.026202,-0.409728,-0.138274,0.21353,3
49,2,1.040685,-0.493996,-0.081317,-0.418561,0.11101,-0.305446,-0.145239,0.046641,-0.106468,-0.328558,-0.151864,0.237867,3
49,3,0.817407,-0.55334,-0.036297,-0.343103,0.20938,-0.282725,-0.114816,0.002187,-0.301237,-0.183747,-0.160584,0.175099,3
49,4,0.654627,-0.538099,-0.055106,-0.335755,0.335542,-0.262119,-0.123044,-0.032766,-0.406624,-0.178278,-0.099374,0.14186,3
49,5,0.623607,-0.546987,-0.035156,-0.301165,0.513686,-0.315949,-0.141243,-0.024253,-0.457571,-0.211082,-0.058128,0.159399,3
49,6,0.553797,-0.6188,0.040922,-0.242767,0.609931,-0.304163,-0.140518,-0.048665,-0.470326,-0.213371,-0.047601,0.141509,3
49,7,0.557037,-0.634456,0.093976,-0.168046,0.646165,-0.331424,-0.137115,-0.046286,-0.456571,-0.214735,-0.053021,0.110842,3
49,8,0.586279,-0.655263,0.164558,-0.033998,0.598649,-0.368784,-0.1655,-0.073707,-0.389983,-0.179383,-0.063441,0.059226,3
49,9,0.670497,-0.66859,0.204137,0.116277,0.54773,-0.359097,-0.184864,-0.118919,-0.357611,-0.151106,-0.051961,0.031916,3
49,10,0.668781,-0.739257,0.317675,0.15457,0.539927,-0.319415,-0.218528,-0.097973,-0.365947,-0.114078,-0.027965,-0.038965,3
50,1,0.276812,0.040146,0.088842,-0.80542,-0.057851,-0.546187,0.03653,0.16776,-0.011435,-0.179479,-0.089869,0.193236,3
50,2,0.304615,-0.137895,0.078746,-0.800225,-0.048971,-0.514158,0.014486,0.164006,-0.003956,-0.215273,-0.119396,0.218653,3
50,3,0.296316,-0.369705,0.04684,-0.751817,0.000877,-0.497249,-0.027155,0.155018,-0.006064,-0.262541,-0.146885,0.255447,3
50,4,0.405486,-0.352062,-0.0059,-0.714321,0.077253,-0.495069,-0.030429,0.139505,-0.052462,-0.301251,-0.12743,0.288981,3
50,5,0.722733,-0.439555,-0.085069,-0.659306,0.141576,-0.483307,-0.006966,0.068888,-0.145278,-0.286083,-0.10838,0.350923,3
50,6,0.78046,-0.494872,-0.10201,-0.596807,0.172237,-0.405367,-0.000139,-0.035985,-0.255054,-0.179943,-0.065352,0.335587,3
50,7,0.620749,-0.713058,0.029421,-0.483024,0.211988,-0.337116,-0.055777,-0.088579,-0.398569,-0.09968,-0.010113,0.266843,3
50,8,0.412447,-0.646383,0.025004,-0.424138,0.306349,-0.366662,-0.053035,-0.12259,-0.459444,-0.118288,0.039224,0.258616,3
50,9,0.284841,-0.554479,0.012913,-0.320628,0.439205,-0.391685,-0.035257,-0.150765,-0.507461,-0.140319,0.073655,0.189507,3
50,10,0.289663,-0.546346,0.024009,-0.168411,0.502377,-0.380447,-0.057905,-0.180899,-0.4554,-0.159348,0.070148,0.118434,3
50,11,0.26548,-0.571631,0.101016,0.017274,0.514816,-0.376898,-0.099974,-0.206121,-0.360381,-0.120102,0.017095,0.039872,3
50,12,0.017893,-0.477699,0.12839,0.110292,0.557613,-0.443847,-0.066307,-0.227047,-0.335884,-0.091145,-0.002153,-0.060635,3
50,13,-0.147463,-0.403351,0.120383,0.163034,0.570193,-0.476851,-0.053257,-0.254746,-0.310805,-0.084813,0.00047,-0.130244,3
50,14,-0.263767,-0.465408,0.169577,0.227422,0.561204,-0.474725,-0.065256,-0.260207,-0.278156,-0.062669,-0.032171,-0.160819,3
51,1,0.436376,0.078889,-0.228641,-0.659975,0.028792,-0.516601,-0.100063,0.299855,-0.087075,-0.176211,0.035142,0.029055,3
51,2,0.574705,-0.082328,-0.228037,-0.621624,0.064787,-0.468812,-0.129587,0.303356,-0.136569,-0.170665,0.006074,0.081998,3
51,3,0.38459,-0.281731,-0.212291,-0.564302,0.095603,-0.386136,-0.155332,0.237886,-0.174398,-0.207211,0.002518,0.130405,3
51,4,0.262566,-0.410672,-0.105311,-0.536587,0.153664,-0.324799,-0.218034,0.16766,-0.188847,-0.276595,0.006265,0.168645,3
51,5,0.224862,-0.505442,-0.015776,-0.499887,0.238368,-0.312858,-0.212753,0.062063,-0.236397,-0.284265,0.010118,0.244901,3
51,6,0.193176,-0.572397,0.062092,-0.402551,0.318834,-0.334796,-0.136505,-0.053105,-0.317688,-0.188161,-0.045403,0.317485,3
51,7,0.189651,-0.650108,0.10078,-0.300618,0.410916,-0.374759,-0.098588,-0.083435,-0.408176,-0.123435,-0.04562,0.273919,3
51,8,0.266833,-0.687129,0.117907,-0.17729,0.45634,-0.401904,-0.070135,-0.118933,-0.479407,-0.108327,-0.006699,0.183088,3
51,9,0.211596,-0.719668,0.265296,-0.185206,0.505634,-0.396862,-0.13528,-0.136322,-0.470292,-0.094479,0.01497,0.08494,3
51,10,0.129647,-0.782723,0.345266,-0.106831,0.504458,-0.414596,-0.165337,-0.162149,-0.416483,-0.070788,-0.018896,0.018914,3
51,11,0.106663,-0.78187,0.380559,-0.024117,0.493956,-0.432572,-0.171582,-0.20094,-0.368883,-0.051754,-0.036744,-0.014759,3
51,12,0.122875,-0.776041,0.392734,0.01976,0.496319,-0.437647,-0.169845,-0.22506,-0.345513,-0.04587,-0.049797,-0.031205,3
51,13,0.031977,-0.761005,0.37988,0.081225,0.501163,-0.467185,-0.166807,-0.230311,-0.296615,-0.062372,-0.080788,-0.056707,3
52,1,0.470457,0.156992,-0.327779,-0.637829,0.077648,-0.624435,-0.083579,0.054267,0.17258,-0.120078,-0.149145,0.058381,3
52,2,0.553491,0.058552,-0.326716,-0.646306,0.146261,-0.570383,-0.08153,0.038188,0.142069,-0.166447,-0.18985,0.101245,3
52,3,0.46509,-0.160662,-0.230322,-0.600809,0.134649,-0.474753,-0.100546,-0.025825,0.129302,-0.22309,-0.21433,0.194825,3
52,4,0.347138,-0.199526,-0.228454,-0.518759,0.203482,-0.449908,-0.075639,-0.058946,0.027442,-0.26327,-0.209452,0.246473,3
52,5,0.266798,-0.235486,-0.256847,-0.485315,0.32142,-0.473245,-0.021099,-0.07408,-0.139828,-0.263433,-0.16649,0.259156,3
52,6,0.168469,-0.238105,-0.280041,-0.477218,0.425307,-0.494639,0.033859,-0.109302,-0.299707,-0.247677,-0.099283,0.250076,3
52,7,0.248179,-0.164035,-0.261508,-0.397631,0.435771,-0.497466,0.036423,-0.134183,-0.313206,-0.279692,-0.052925,0.247082,3
52,8,0.140874,-0.32046,-0.111456,-0.279135,0.506537,-0.484823,-0.024667,-0.152216,-0.359642,-0.234946,0.017597,0.172048,3
52,9,0.036607,-0.354565,-0.050856,-0.153235,0.593163,-0.472096,-0.038774,-0.168919,-0.372277,-0.239018,0.03467,0.113181,3
52,10,0.19203,-0.325703,-0.022427,0.04694,0.554095,-0.45868,-0.049656,-0.191771,-0.29744,-0.24478,0.052154,0.015201,3
52,11,0.118686,-0.199775,0.045105,0.168121,0.563201,-0.537327,-0.012557,-0.22914,-0.267891,-0.186531,0.007762,-0.064029,3
52,12,-0.06694,-0.156883,0.130698,0.220041,0.5851,-0.580925,-0.016847,-0.248642,-0.26336,-0.127101,-0.007322,-0.150736,3
52,13,-0.261595,-0.114157,0.214512,0.244125,0.598939,-0.603588,-0.007633,-0.240825,-0.272192,-0.110463,-0.010918,-0.18692,3
52,14,-0.391591,-0.023184,0.253696,0.2915,0.592775,-0.606728,0.007752,-0.235989,-0.237215,-0.101233,-0.023221,-0.220797,3
52,15,-0.435367,0.049099,0.268958,0.29123,0.587575,-0.558815,0.018995,-0.257478,-0.167434,-0.051585,-0.05971,-0.266449,3
52,16,-0.445716,0.00739,0.323009,0.331568,0.561786,-0.563199,0.06934,-0.230022,-0.165196,-0.025627,-0.068749,-0.299107,3
52,17,-0.497836,-0.014792,0.35045,0.401629,0.556245,-0.595684,0.10427,-0.192331,-0.158645,-0.037637,-0.090329,-0.287307,3
53,1,0.501937,-0.254571,0.138899,-0.776787,-0.123485,-0.672805,-0.050941,0.294695,-0.096542,-0.065558,0.001542,0.121952,3
53,2,0.322234,-0.205478,0.111748,-0.792538,-0.035957,-0.605011,-0.059453,0.258737,-0.122167,-0.110915,-0.014587,0.132545,3
53,3,0.335903,-0.249757,0.052976,-0.760347,0.074212,-0.627342,-0.034208,0.271885,-0.168176,-0.184828,-0.046078,0.211419,3
53,4,0.308691,-0.267536,0.025283,-0.708546,0.088787,-0.601594,-0.020684,0.233496,-0.183908,-0.215298,-0.050325,0.241652,3
53,5,0.259389,-0.300067,0.027431,-0.605561,0.103467,-0.559839,-0.032219,0.13257,-0.193311,-0.187298,-0.014667,0.244889,3
53,6,0.269822,-0.335055,-0.008815,-0.550385,0.176896,-0.506325,-0.00506,0.026599,-0.264233,-0.177939,0.010559,0.26295,3
53,7,0.284546,-0.406414,-0.030327,-0.476918,0.257646,-0.440111,-0.033706,-0.044194,-0.312773,-0.203617,0.011137,0.291813,3
53,8,0.121716,-0.489968,0.018409,-0.393918,0.328726,-0.33539,-0.078645,-0.157978,-0.307734,-0.174978,0.0294,0.231173,3
53,9,0.010009,-0.474249,0.078116,-0.297683,0.411375,-0.264377,-0.098879,-0.231498,-0.290457,-0.129093,0.035141,0.13054,3
53,10,0.037627,-0.548013,0.206315,-0.102634,0.381091,-0.242311,-0.091002,-0.285943,-0.241242,-0.111455,-0.010218,0.041372,3
54,1,0.204297,-0.342137,0.005248,-0.79581,0.143087,-0.621124,-0.089121,0.3447,-0.157286,-0.093912,-0.16682,0.133851,3
54,2,0.424248,-0.50551,0.069106,-0.831015,0.210771,-0.526772,-0.125239,0.318754,-0.245569,-0.149151,-0.118547,0.149058,3
54,3,0.389266,-0.561724,0.095896,-0.824975,0.288288,-0.47513,-0.160147,0.302965,-0.343153,-0.197781,-0.071762,0.159962,3
54,4,0.256771,-0.640265,0.115255,-0.713751,0.306435,-0.436148,-0.171013,0.215497,-0.379465,-0.210966,0.017443,0.228121,3
54,5,0.143734,-0.675111,0.131812,-0.598742,0.320856,-0.38576,-0.183808,0.124198,-0.380673,-0.24407,0.024099,0.264681,3
54,6,0.049348,-0.665621,0.144842,-0.421898,0.298661,-0.334629,-0.147917,-0.011696,-0.37042,-0.231506,0.011229,0.295802,3
54,7,0.131812,-0.676851,0.131549,-0.177964,0.316246,-0.319679,-0.12891,-0.135202,-0.379883,-0.224596,0.066522,0.2167,3
54,8,0.079597,-0.76911,0.217216,-0.030574,0.38768,-0.307354,-0.144953,-0.174592,-0.408013,-0.161335,0.052276,0.095103,3
54,9,-0.022431,-0.769903,0.369738,0.035986,0.459371,-0.319293,-0.128466,-0.183479,-0.412862,-0.063544,0.004265,0.001818,3
54,10,-0.055119,-0.764363,0.448348,0.089674,0.536771,-0.353689,-0.099832,-0.185295,-0.395774,-0.025822,-0.033586,-0.051839,3
54,11,0.077456,-0.739598,0.440496,0.167647,0.587295,-0.436896,-0.092105,-0.148792,-0.353946,-0.030839,-0.101216,-0.069457,3
55,1,0.379748,0.352781,-0.346528,-0.661536,0.204712,-0.895842,0.024099,0.125581,0.064844,-0.00832,-0.200431,0.139206,3
55,2,0.411375,0.270148,-0.379518,-0.689085,0.262971,-0.804203,0.003125,0.108877,0.028091,-0.024349,-0.221393,0.129423,3
55,3,0.495953,0.185146,-0.439301,-0.709853,0.30195,-0.709252,-0.027146,0.095609,0.00286,-0.043208,-0.226776,0.097496,3
55,4,0.580772,0.042297,-0.434075,-0.684276,0.283359,-0.614542,-0.069824,0.09991,-0.042349,-0.100279,-0.163615,0.078514,3
55,5,0.471845,-0.138248,-0.273333,-0.580666,0.200808,-0.510361,-0.082469,0.147004,-0.181977,-0.19003,-0.072613,0.140873,3
55,6,0.443725,-0.218284,-0.191936,-0.517017,0.280043,-0.447959,-0.068853,0.026357,-0.275107,-0.208659,-0.047693,0.243615,3
55,7,0.456174,-0.249443,-0.177221,-0.428787,0.379327,-0.4781,-0.032553,-0.091498,-0.333164,-0.179372,-0.059772,0.333551,3
55,8,0.430017,-0.15222,-0.191669,-0.32083,0.560273,-0.608355,-0.037758,-0.141796,-0.396878,-0.094987,-0.048554,0.31492,3
55,9,0.314381,-0.077467,-0.049676,-0.260257,0.636357,-0.523115,-0.03434,-0.241842,-0.439673,-0.044453,-0.011889,0.200039,3
55,10,0.157937,-0.0496,0.094864,-0.240171,0.591969,-0.456784,0.046359,-0.306818,-0.476867,-0.000801,0.016942,0.08626,3
55,11,0.07527,-0.098744,0.184292,-0.128107,0.620816,-0.490078,0.054959,-0.281393,-0.436383,0.001251,-0.012198,0.003001,3
55,12,-0.075811,-0.112497,0.276177,-0.013459,0.630157,-0.480163,0.02721,-0.314837,-0.368498,0.031751,-0.054616,-0.098155,3
55,13,-0.187839,-0.079445,0.315809,0.078839,0.643293,-0.497231,0.020659,-0.339317,-0.349596,0.047666,-0.058168,-0.147762,3
56,1,0.242699,-0.062605,-0.071707,-0.732564,0.079824,-0.772949,-0.025713,0.256324,0.031102,-0.0799,-0.130514,0.106782,3
56,2,0.305639,-0.095272,-0.132562,-0.692532,0.132082,-0.682037,-0.006755,0.203826,-0.002004,-0.177713,-0.160063,0.113072,3
56,3,0.390425,-0.14575,-0.166484,-0.669554,0.18405,-0.618818,-0.029326,0.169683,-0.020409,-0.262242,-0.176021,0.146953,3
56,4,0.427273,-0.139346,-0.174256,-0.640968,0.191478,-0.589677,-0.021708,0.132431,-0.04921,-0.293903,-0.164215,0.17572,3
56,5,0.249287,-0.201608,-0.138529,-0.555497,0.161179,-0.565251,-0.001261,0.049003,-0.084719,-0.28259,-0.140283,0.240137,3
56,6,0.144606,-0.235774,-0.099211,-0.487322,0.203606,-0.562579,-0.012687,-0.023636,-0.153516,-0.218546,-0.082676,0.283188,3
56,7,0.051841,-0.224326,-0.038727,-0.441502,0.303102,-0.516704,0.008352,-0.109449,-0.283865,-0.121284,-0.005207,0.244135,3
56,8,-0.02101,-0.211742,-0.059409,-0.349169,0.461389,-0.494485,0.07991,-0.164361,-0.407614,-0.14616,0.022966,0.196216,3
56,9,-0.066762,-0.246373,-0.01404,-0.214181,0.529967,-0.443583,0.078619,-0.204862,-0.426389,-0.1859,0.024424,0.159308,3
56,10,-0.098366,-0.288995,0.003652,-0.077197,0.591307,-0.446684,0.046496,-0.236723,-0.399915,-0.174862,-0.008001,0.110246,3
56,11,0.022494,-0.399651,0.008294,0.066236,0.591112,-0.454592,-0.001404,-0.270232,-0.326742,-0.145622,-0.039572,0.032483,3
56,12,0.117453,-0.371652,0.005082,0.20058,0.537546,-0.453275,-0.06332,-0.301143,-0.223252,-0.146314,-0.042965,-0.051058,3
56,13,-0.091796,-0.234453,0.049454,0.220653,0.607633,-0.521074,-0.072971,-0.293347,-0.20475,-0.084783,-0.079611,-0.116421,3
57,1,0.847285,0.074357,-0.535942,-0.413348,0.036287,-0.547849,0.007471,0.109911,-0.108764,-0.220606,-0.08029,0.170725,3
57,2,0.851994,-0.210291,-0.319156,-0.317904,0.024366,-0.504317,-0.010064,0.05959,-0.19428,-0.166893,-0.074887,0.222502,3
57,3,0.959322,-0.364886,-0.084491,-0.36572,0.091905,-0.504816,-0.00613,0.017497,-0.221084,-0.19842,-0.083504,0.306235,3
57,4,0.90458,-0.429542,0.079065,-0.419942,0.16535,-0.444935,-0.038427,-0.055987,-0.245371,-0.207807,-0.055074,0.381554,3
57,5,0.672411,-0.438457,0.081846,-0.347215,0.231982,-0.420885,-0.027209,-0.133429,-0.294151,-0.186764,0.022922,0.36562,3
57,6,0.670857,-0.458527,0.066657,-0.185475,0.224023,-0.385995,0.051507,-0.250385,-0.321337,-0.163103,0.02338,0.304883,3
57,7,0.519365,-0.440685,0.117727,-0.161352,0.330669,-0.335496,0.025711,-0.291771,-0.365459,-0.10501,-0.006639,0.147827,3
57,8,0.365173,-0.405859,0.169069,-0.061506,0.37664,-0.314113,0.033157,-0.365677,-0.347164,-0.036499,-0.038235,0.002297,3
57,9,0.237601,-0.380412,0.217266,0.092553,0.349855,-0.327374,0.067663,-0.423553,-0.30694,0.010367,-0.046209,-0.122471,3
58,1,1.185688,0.064233,0.145229,-0.547276,-0.230043,-0.511974,0.000962,0.249961,-0.037909,-0.132973,0.01058,0.062445,3
58,2,1.115726,0.20524,0.025671,-0.785868,-0.07687,-0.531134,0.066052,0.239834,-0.17168,-0.091681,-0.053708,0.013627,3
58,3,0.951992,0.207633,-0.09623,-0.768626,-0.028943,-0.474239,0.11501,0.154671,-0.216891,-0.128715,-0.064735,0.044848,3
58,4,0.99149,0.233358,-0.138328,-0.807866,0.04395,-0.392435,0.106451,0.051131,-0.254939,-0.15409,-0.084225,0.088579,3
58,5,0.960064,0.314703,-0.123796,-0.859429,0.119031,-0.302933,0.118965,-0.088767,-0.255468,-0.161637,-0.107745,0.166133,3
58,6,0.951986,0.195946,-0.193892,-0.699619,0.258916,-0.350453,0.116181,-0.13466,-0.281294,-0.170847,-0.135129,0.212588,3
58,7,0.939223,0.034792,-0.29666,-0.470766,0.35858,-0.491044,0.115575,-0.12303,-0.350527,-0.204175,-0.139541,0.266354,3
58,8,0.869404,0.000788,-0.287971,-0.37611,0.462808,-0.529409,0.070406,-0.158167,-0.388429,-0.198961,-0.105916,0.267962,3
58,9,0.813912,-0.01304,-0.1518,-0.320091,0.543373,-0.515642,-0.006295,-0.213246,-0.412368,-0.126478,-0.064213,0.207339,3
58,10,0.718923,-0.11101,-0.030003,-0.264997,0.520349,-0.465404,-0.027573,-0.247013,-0.423491,-0.079566,-0.029118,0.125586,3
58,11,0.571658,-0.131312,0.071848,-0.186998,0.534051,-0.458026,-0.052167,-0.267051,-0.395098,-0.048682,-0.006634,0.042236,3
59,1,0.493487,0.10973,-0.047373,-0.8211,0.190127,-0.695557,-0.135924,0.319546,-0.068744,-0.014089,-0.150704,0.050135,3
59,2,0.523721,0.011435,-0.056992,-0.850577,0.251268,-0.713722,-0.135489,0.320148,-0.087092,-0.032981,-0.194325,0.069834,3
59,3,0.503687,-0.129566,-0.037912,-0.799167,0.247888,-0.633545,-0.157534,0.234217,-0.081011,-0.105585,-0.172065,0.125021,3
59,4,0.328064,-0.239161,0.029546,-0.794843,0.253737,-0.511173,-0.182932,0.159932,-0.121247,-0.155954,-0.13561,0.17765,3
59,5,0.269005,-0.230946,0.015954,-0.763986,0.27541,-0.470838,-0.167437,0.11622,-0.14147,-0.200446,-0.13913,0.218512,3
59,6,0.242158,-0.250529,-0.009345,-0.66602,0.283548,-0.395664,-0.115212,0.01151,-0.173392,-0.239124,-0.148698,0.261885,3
59,7,0.118097,-0.330741,-0.004234,-0.561725,0.363943,-0.384247,-0.117303,-0.056016,-0.249713,-0.269931,-0.136064,0.274404,3
59,8,0.182042,-0.326893,0.006555,-0.441807,0.389545,-0.397491,-0.087465,-0.137011,-0.299737,-0.241776,-0.069634,0.296763,3
59,9,0.182009,-0.31098,0.030232,-0.234411,0.400312,-0.395642,-0.034662,-0.241264,-0.321142,-0.192806,-0.03841,0.259243,3
59,10,0.116553,-0.32869,0.103337,-0.136579,0.487437,-0.40224,-0.013251,-0.265982,-0.375469,-0.13011,-0.061578,0.178648,3
59,11,0.054011,-0.199639,0.180435,-0.116414,0.585032,-0.411418,0.047488,-0.288324,-0.458092,-0.033315,-0.030162,0.057615,3
59,12,-0.073501,-0.153996,0.272089,-0.049506,0.640127,-0.484217,0.088985,-0.270735,-0.491192,0.019081,-0.023866,-0.042157,3
59,13,-0.192102,-0.120449,0.334878,0.034336,0.674339,-0.508726,0.058596,-0.276413,-0.459125,0.028577,-0.01936,-0.097493,3
59,14,-0.26596,-0.102511,0.35212,0.095849,0.693208,-0.52173,0.042107,-0.275422,-0.432022,0.023142,-0.009948,-0.122201,3
59,15,-0.30839,-0.110669,0.34796,0.130228,0.697476,-0.540331,0.038797,-0.261019,-0.402141,0.013601,-0.014082,-0.133375,3
59,16,-0.34479,-0.14342,0.379073,0.15478,0.683617,-0.539279,0.018963,-0.228944,-0.349189,-0.006056,-0.027394,-0.151392,3
60,1,0.385123,-0.146529,-0.047156,-0.676218,0.007068,-0.620386,0.040127,0.258426,-0.147774,-0.157514,-0.093129,0.170885,3
60,2,0.387623,0.004831,-0.089795,-0.642633,0.095452,-0.581423,-0.027384,0.175161,-0.103907,-0.158915,-0.034441,0.176865,3
60,3,0.527903,-0.259326,-0.130455,-0.59993,0.065144,-0.494469,-0.089402,0.15141,-0.110541,-0.169416,0.010387,0.21149,3
60,4,0.399388,-0.540738,-0.021153,-0.5426,0.105757,-0.426057,-0.099899,0.129306,-0.220363,-0.185322,-0.020911,0.228791,3
60,5,0.292609,-0.550858,-0.017455,-0.475335,0.158185,-0.395589,-0.09504,0.06357,-0.265922,-0.242624,-0.015643,0.23332,3
60,6,0.228809,-0.482038,-0.06564,-0.406427,0.194635,-0.342471,-0.049163,-0.111446,-0.253769,-0.280764,0.038378,0.252801,3
60,7,0.060025,-0.475921,-0.102442,-0.272833,0.318512,-0.419325,-0.041318,-0.159645,-0.322769,-0.19706,0.004635,0.250646,3
60,8,0.016197,-0.488993,-0.066785,-0.220994,0.414738,-0.44443,-0.087816,-0.162641,-0.369954,-0.159725,0.018818,0.211147,3
60,9,-0.04286,-0.505777,0.01197,-0.134413,0.47967,-0.441519,-0.103068,-0.183763,-0.392034,-0.12147,0.037842,0.105652,3
60,10,-0.138269,-0.482841,0.140662,-0.006257,0.501223,-0.41476,-0.071626,-0.223691,-0.390512,-0.082052,0.05565,-0.034625,3
60,11,-0.086049,-0.547951,0.222265,0.061504,0.509667,-0.389242,-0.056435,-0.20345,-0.361962,-0.09072,0.022088,-0.081509,3
60,12,0.001622,-0.563224,0.316368,0.139935,0.507792,-0.408075,-0.080647,-0.166214,-0.314404,-0.067205,-0.02332,-0.131185,3
60,13,0.018479,-0.556266,0.392682,0.224946,0.51001,-0.40435,-0.105143,-0.167171,-0.281367,-0.037675,-0.051643,-0.181101,3
60,14,-0.012858,-0.548898,0.417802,0.285567,0.506159,-0.394038,-0.092858,-0.19056,-0.254952,-0.034923,-0.075017,-0.203725,3
61,1,0.314184,0.184592,-0.196382,-0.605856,-0.213254,-0.698485,0.035939,0.20445,0.03621,-0.069043,0.175289,0.034527,3
61,2,0.382398,0.099179,-0.284227,-0.606097,-0.154944,-0.621982,0.019811,0.195041,0.021382,-0.086076,0.164093,0.047187,3
61,3,0.476752,-0.143854,-0.26218,-0.591901,-0.124343,-0.511682,-0.003602,0.200754,-0.087681,-0.097255,0.119142,0.100811,3
61,4,0.628776,-0.440167,-0.145078,-0.645729,-0.06076,-0.469982,0.0216,0.167323,-0.194028,-0.124165,0.029797,0.178838,3
61,5,0.484798,-0.39655,-0.100772,-0.641495,0.047401,-0.513447,0.017883,0.094987,-0.176915,-0.183671,0.014239,0.269074,3
61,6,0.421536,-0.445846,-0.038123,-0.537646,0.13963,-0.476912,-0.023381,0.015737,-0.243827,-0.204658,0.039745,0.325718,3
61,7,0.535997,-0.579427,0.047443,-0.449225,0.232532,-0.430817,-0.064839,-0.050876,-0.346805,-0.181796,0.045507,0.341223,3
61,8,0.789318,-0.776309,0.054787,-0.251492,0.236051,-0.390447,-0.042225,-0.184133,-0.38253,-0.129469,-0.005069,0.301337,3
61,9,0.623608,-0.42638,-0.103523,-0.085301,0.323566,-0.440108,-0.019172,-0.247229,-0.399117,-0.110393,0.051472,0.238169,3
61,10,0.473431,-0.184473,-0.156197,-0.061678,0.411727,-0.461824,-0.010614,-0.296503,-0.391122,-0.039085,0.04795,0.094839,3
61,11,0.320688,-0.129529,-0.10176,-0.030727,0.473865,-0.478245,-0.003514,-0.314178,-0.384255,-0.000192,0.023916,-0.030389,3
61,12,0.123648,-0.01345,0.027997,-0.070748,0.651332,-0.498071,-0.036568,-0.312384,-0.366846,0.048229,-0.03447,-0.082596,3
61,13,0.029523,-0.054889,0.16498,0.043332,0.643574,-0.517135,-0.020428,-0.287211,-0.338364,0.067864,-0.059125,-0.156998,3
61,14,0.043531,-0.001822,0.06471,0.095474,0.626956,-0.566465,0.005245,-0.291458,-0.253615,0.049298,-0.107426,-0.194014,3
62,1,0.891029,-0.123037,0.225527,-0.846797,0.132471,-0.625875,-0.178621,0.35008,-0.157436,-0.101278,-0.12071,0.112757,3
62,2,0.878455,-0.16129,0.170885,-0.866286,0.198655,-0.60206,-0.206269,0.343571,-0.167482,-0.105274,-0.153936,0.10694,3
62,3,0.965377,-0.170767,0.065283,-0.850278,0.270791,-0.606577,-0.163584,0.338752,-0.197661,-0.123262,-0.2015,0.124789,3
62,4,0.97299,-0.166062,0.047148,-0.796522,0.280929,-0.496432,-0.135606,0.267816,-0.209324,-0.183012,-0.189946,0.15018,3
62,5,1.047852,-0.200669,-0.068341,-0.717163,0.279073,-0.414061,-0.137093,0.154868,-0.199523,-0.233648,-0.173384,0.159279,3
62,6,1.034217,-0.419027,-0.072732,-0.580752,0.275152,-0.421885,-0.105385,0.095837,-0.276781,-0.2215,-0.187863,0.231553,3
62,7,0.856542,-0.572011,0.032634,-0.444015,0.390168,-0.39356,-0.195473,0.035871,-0.334428,-0.16946,-0.131073,0.214093,3
62,8,0.663833,-0.609885,0.108712,-0.338981,0.524342,-0.372252,-0.237471,0.005241,-0.377862,-0.148085,-0.082707,0.135146,3
62,9,0.529394,-0.631421,0.186172,-0.174727,0.51885,-0.317923,-0.201605,-0.05655,-0.415626,-0.112182,-0.026688,0.056282,3
63,1,0.301151,-0.592762,0.15638,-0.765473,0.07254,-0.434564,-0.196727,0.301915,-0.158216,-0.21333,-0.100951,0.116247,3
63,2,0.347257,-0.515353,0.095802,-0.673797,0.133813,-0.392264,-0.180933,0.212392,-0.186571,-0.233595,-0.087982,0.165806,3
63,3,0.299408,-0.669139,0.144305,-0.558871,0.158865,-0.309973,-0.146647,0.083578,-0.255492,-0.276738,-0.033544,0.21064,3
63,4,0.260817,-0.740615,0.16282,-0.529698,0.222024,-0.305218,-0.155922,0.055352,-0.308668,-0.329735,-0.03566,0.253833,3
63,5,0.258932,-0.701701,0.141344,-0.431243,0.266766,-0.291811,-0.121186,-0.058712,-0.327745,-0.293294,-0.047923,0.322501,3
63,6,0.376241,-0.714511,0.11607,-0.312707,0.331248,-0.289035,-0.108383,-0.138205,-0.377107,-0.193136,-0.009548,0.282938,3
63,7,0.15448,-0.59784,0.069385,-0.123061,0.415896,-0.319115,-0.031258,-0.206934,-0.38956,-0.163859,-0.001435,0.16773,3
63,8,0.029142,-0.582958,0.126949,-0.018442,0.430832,-0.359395,-0.025258,-0.244471,-0.368891,-0.144656,-0.02793,0.117509,3
63,9,-0.02546,-0.571775,0.207534,0.096883,0.420504,-0.379006,-0.015192,-0.27232,-0.326184,-0.109947,-0.051307,0.064344,3
63,10,-0.115147,-0.549142,0.272961,0.183343,0.465693,-0.410114,-0.01618,-0.253379,-0.304718,-0.093789,-0.077725,0.011507,3
64,1,0.594918,0.218607,0.182929,-0.921648,0.202676,-0.854669,-0.227145,0.331907,-0.119997,0.123966,-0.121585,0.048525,3
64,2,0.619423,0.097563,0.129488,-0.904199,0.27354,-0.76266,-0.214139,0.319934,-0.160622,0.05585,-0.142416,0.041248,3
64,3,0.639799,0.0351,0.005894,-0.944198,0.358743,-0.65843,-0.170914,0.304091,-0.189345,-0.007593,-0.205378,0.020705,3
64,4,0.669271,-0.083372,-0.068891,-0.892532,0.420525,-0.605515,-0.155855,0.253897,-0.217112,-0.083901,-0.234017,0.070894,3
64,5,0.645609,-0.148162,-0.097316,-0.81392,0.44885,-0.548087,-0.139605,0.191075,-0.250602,-0.157173,-0.248586,0.123992,3
64,6,0.656147,-0.181629,-0.093478,-0.760416,0.511097,-0.513452,-0.140767,0.146453,-0.316296,-0.179266,-0.255854,0.144533,3
64,7,0.542182,-0.14577,-0.044161,-0.66037,0.593859,-0.495518,-0.150939,0.064294,-0.38384,-0.155425,-0.206811,0.159496,3
64,8,0.493125,-0.203602,-0.005092,-0.517688,0.627357,-0.444279,-0.145706,-0.033614,-0.431704,-0.148389,-0.126666,0.173161,3
64,9,0.491337,-0.24684,-0.044839,-0.442579,0.662285,-0.395092,-0.084229,-0.125399,-0.477423,-0.117631,-0.090839,0.150435,3
64,10,0.439134,-0.241979,0.069762,-0.382217,0.696997,-0.33806,-0.102485,-0.152464,-0.481302,-0.105497,-0.074107,0.101863,3
64,11,0.329904,-0.350721,0.173808,-0.18261,0.656064,-0.402208,-0.113799,-0.15879,-0.436709,-0.083734,-0.050379,0.01915,3
64,12,0.288455,-0.376333,0.224915,-0.043832,0.621492,-0.424934,-0.110818,-0.183747,-0.385624,-0.084313,-0.037126,-0.019788,3
64,13,0.2145,-0.298556,0.363232,-0.048514,0.60965,-0.39766,-0.131437,-0.2099,-0.353408,-0.045325,-0.053207,-0.075408,3
64,14,0.091812,-0.361015,0.433101,0.014634,0.610288,-0.418314,-0.139122,-0.198412,-0.316739,0.003034,-0.076283,-0.132023,3
64,15,0.102001,-0.35541,0.38679,0.097489,0.654699,-0.458245,-0.121235,-0.171889,-0.260658,0.01389,-0.098882,-0.146666,3
65,1,1.036457,0.057159,-0.001732,-0.816424,0.182654,-0.776354,-0.238404,0.284256,0.00156,0.063667,-0.246465,0.030432,3
65,2,0.831356,0.055493,0.007268,-0.890514,0.264493,-0.713842,-0.241088,0.299501,-0.081844,0.069652,-0.232468,-0.01508,3
65,3,0.742795,0.015298,-0.042371,-0.890494,0.308512,-0.617929,-0.203259,0.275865,-0.14476,0.021515,-0.223906,-0.010963,3
65,4,0.804851,-0.078085,-0.034844,-0.923681,0.351168,-0.552876,-0.205298,0.290588,-0.212545,-0.025737,-0.211762,-0.016563,3
65,5,0.828334,-0.179323,-0.055396,-0.866042,0.393124,-0.501017,-0.172046,0.222186,-0.24009,-0.118886,-0.22021,0.078812,3
65,6,0.721911,-0.22533,-0.090782,-0.739718,0.455042,-0.474116,-0.129704,0.116601,-0.325682,-0.147628,-0.224934,0.161283,3
65,7,0.626135,-0.150225,-0.090859,-0.667937,0.550544,-0.499194,-0.115314,0.074173,-0.39872,-0.150745,-0.230295,0.192306,3
65,8,0.611881,-0.082943,-0.024106,-0.626269,0.662102,-0.496443,-0.153841,0.016987,-0.450294,-0.093368,-0.202414,0.151241,3
65,9,0.596787,-0.181256,0.063238,-0.497755,0.666832,-0.477911,-0.142164,-0.062461,-0.505821,-0.050659,-0.101573,0.123782,3
65,10,0.455696,-0.271921,0.130314,-0.403267,0.672586,-0.467837,-0.081965,-0.124132,-0.547492,0.006707,-0.058356,0.045158,3
65,11,0.384313,-0.338314,0.174421,-0.179076,0.628797,-0.45784,-0.018879,-0.194985,-0.512112,0.054095,-0.040654,-0.040732,3
65,12,0.410223,-0.341833,0.225705,-0.015579,0.597293,-0.43879,-0.002201,-0.226624,-0.466102,0.062242,-0.040333,-0.092844,3
65,13,0.248612,-0.168364,0.346236,-0.069186,0.719892,-0.537896,-0.035553,-0.19307,-0.445485,0.113525,-0.112926,-0.146455,3
65,14,0.128025,-0.114587,0.375781,0.010787,0.754137,-0.586355,-0.076796,-0.2037,-0.342363,0.117699,-0.197585,-0.179357,3
65,15,0.064759,-0.143728,0.372011,0.094272,0.733047,-0.600816,-0.060536,-0.204069,-0.307349,0.106859,-0.209529,-0.180866,3
65,16,-0.090509,-0.134556,0.477152,0.118132,0.745528,-0.588329,-0.055938,-0.18869,-0.295726,0.117291,-0.214089,-0.193896,3
66,1,0.648856,0.050377,0.153368,-0.969153,0.035453,-0.60666,-0.00086,0.304341,-0.159142,-0.001884,-0.040067,0.049997,3
66,2,0.619089,-0.03887,0.11356,-0.926972,0.069378,-0.593255,-0.005813,0.298605,-0.177505,-0.066671,-0.057921,0.076893,3
66,3,0.66357,-0.113536,0.05522,-0.936917,0.121299,-0.505266,-0.055055,0.239656,-0.177478,-0.092437,-0.063865,0.08414,3
66,4,0.726437,-0.164019,0.038,-0.922259,0.179243,-0.398618,-0.091966,0.177568,-0.208679,-0.128531,-0.061084,0.113896,3
66,5,0.730501,-0.224089,0.010547,-0.828025,0.222912,-0.403652,-0.047935,0.134081,-0.262757,-0.199669,-0.061325,0.189616,3
66,6,0.793505,-0.232092,-0.132608,-0.722721,0.241062,-0.440854,0.010552,0.049984,-0.304114,-0.241546,-0.020527,0.233671,3
66,7,0.647553,-0.254935,-0.083317,-0.584947,0.299968,-0.419691,-0.001924,-0.068219,-0.312569,-0.215488,0.003668,0.299371,3
66,8,0.57615,-0.463623,0.010402,-0.350922,0.341217,-0.388586,-0.045245,-0.186177,-0.326464,-0.1168,-0.01471,0.273605,3
66,9,0.527186,-0.520378,0.057757,-0.116027,0.359212,-0.376172,-0.048138,-0.262311,-0.365932,-0.0326,-0.020826,0.149337,3
66,10,0.498117,-0.520833,0.078638,0.017363,0.375642,-0.338747,0.013422,-0.344174,-0.381722,-0.012059,-0.021511,0.048372,3
67,1,0.255026,0.149177,0.041696,-0.816603,-0.155711,-0.773834,0.212684,0.285153,-0.07608,0.022779,0.062214,0.128095,3
67,2,0.487676,0.119498,-0.129092,-0.81501,-0.112911,-0.752828,0.285086,0.220496,-0.110645,0.027194,0.029752,0.147858,3
67,3,0.565623,-0.010981,-0.132827,-0.748332,-0.048824,-0.668811,0.130013,0.233296,-0.028566,-0.082796,-0.018127,0.199191,3
67,4,0.5341,-0.111043,-0.121262,-0.752166,0.064447,-0.601087,0.031668,0.221144,-0.072185,-0.13328,-0.040453,0.222838,3
67,5,0.497953,-0.145944,-0.145676,-0.75751,0.176504,-0.549381,0.008805,0.157482,-0.162182,-0.138965,-0.037205,0.250834,3
67,6,0.629371,-0.230839,-0.146957,-0.667611,0.226471,-0.574604,0.036042,0.095771,-0.26612,-0.177364,0.035068,0.321331,3
67,7,0.651697,-0.38554,-0.058199,-0.556203,0.236049,-0.458826,-0.030645,-0.031365,-0.285849,-0.215735,0.065974,0.35469,3
67,8,0.533847,-0.310766,-0.018785,-0.466923,0.287716,-0.457865,-0.034335,-0.104911,-0.331541,-0.169854,0.072321,0.349821,3
67,9,0.319784,-0.080022,-0.006623,-0.350625,0.359072,-0.533159,0.006781,-0.19332,-0.365614,-0.046595,0.086142,0.2643,3
68,1,0.305609,0.166626,0.097241,-0.73665,-0.130587,-0.755174,0.07791,0.236115,-0.106616,0.030716,-0.037027,0.121584,3
68,2,0.449935,0.006186,0.099956,-0.805664,-0.050488,-0.715814,0.035314,0.260746,-0.10232,-0.001405,-0.068956,0.14966,3
68,3,0.439723,-0.098569,0.06091,-0.830353,0.015618,-0.679207,0.041463,0.281505,-0.135269,-0.063753,-0.072739,0.180509,3
68,4,0.332051,-0.117336,0.020439,-0.812476,0.058526,-0.657643,0.05764,0.257509,-0.169055,-0.105421,-0.076888,0.206666,3
68,5,0.233998,-0.12761,0.002071,-0.768664,0.123271,-0.604731,0.058154,0.15174,-0.224059,-0.115498,-0.05184,0.236902,3
68,6,0.304867,-0.229387,-0.004265,-0.704594,0.188071,-0.511771,0.056628,0.072466,-0.290266,-0.166936,-0.023765,0.28141,3
68,7,0.434883,-0.269013,-0.082776,-0.578844,0.268855,-0.491027,0.056945,-0.005249,-0.342621,-0.23073,-0.019506,0.314289,3
68,8,0.469186,-0.216676,-0.120113,-0.466369,0.323692,-0.496424,0.052394,-0.081319,-0.36203,-0.249252,-0.014073,0.342333,3
68,9,0.348989,-0.110723,-0.082874,-0.440544,0.45515,-0.473097,-0.004071,-0.154088,-0.370682,-0.173091,-0.027624,0.294445,3
68,10,0.493038,-0.129708,-0.155241,-0.347545,0.550459,-0.494568,-0.017974,-0.209945,-0.386915,-0.122679,-0.012878,0.203681,3
68,11,0.378867,-0.075465,-0.19796,-0.139091,0.547031,-0.469397,-0.010124,-0.315973,-0.320308,-0.125003,-0.009286,0.130763,3
68,12,0.305709,-0.075969,-0.122452,-0.020003,0.608596,-0.491725,-0.042741,-0.319659,-0.287805,-0.092024,-0.033531,0.04941,3
68,13,0.288265,-0.112233,-0.066462,0.037717,0.665235,-0.547198,-0.049447,-0.278257,-0.286354,-0.051419,-0.0767,-0.033815,3
68,14,0.254111,-0.163531,-0.027145,0.086376,0.639283,-0.595704,-0.023661,-0.270882,-0.293016,-0.019782,-0.112501,-0.073934,3
69,1,0.385381,0.035296,-0.082487,-0.731078,0.151201,-0.700742,-0.092344,0.192395,0.036943,-0.04994,-0.234071,0.084809,3
69,2,0.252245,0.051343,-0.172776,-0.714438,0.178633,-0.669871,-0.052596,0.183244,0.014176,-0.082455,-0.275554,0.080078,3
69,3,0.326686,0.018082,-0.213458,-0.729071,0.221285,-0.637688,-0.039646,0.158359,-0.012174,-0.085402,-0.298786,0.078979,3
69,4,0.535274,-0.057096,-0.227365,-0.744837,0.267168,-0.601393,-0.044475,0.131887,-0.064434,-0.085731,-0.302278,0.074997,3
69,5,0.566547,-0.118945,-0.257718,-0.716752,0.343253,-0.59473,-0.042162,0.097061,-0.158443,-0.098913,-0.276541,0.101755,3
69,6,0.389531,-0.251372,-0.196672,-0.648696,0.397117,-0.535577,-0.078648,0.044876,-0.221967,-0.134379,-0.233089,0.158726,3
69,7,0.391504,-0.223681,-0.201264,-0.56681,0.472945,-0.507758,-0.103026,-0.008843,-0.246476,-0.155568,-0.211097,0.190747,3
69,8,0.523975,-0.329407,-0.130887,-0.469196,0.539413,-0.419752,-0.133569,-0.084287,-0.303505,-0.170222,-0.137598,0.210096,3
69,9,0.562403,-0.489819,-0.039095,-0.338853,0.536946,-0.334915,-0.110735,-0.126547,-0.361458,-0.239357,-0.073325,0.226508,3
69,10,0.511241,-0.576606,0.027969,-0.187213,0.550506,-0.301977,-0.103051,-0.149107,-0.380862,-0.255714,-0.04285,0.200196,3
69,11,0.471845,-0.644725,0.110391,-0.058852,0.541777,-0.298587,-0.091726,-0.145541,-0.379541,-0.241153,-0.023416,0.11463,3
69,12,0.380904,-0.714024,0.242134,0.036767,0.536647,-0.318132,-0.126228,-0.180971,-0.32403,-0.171229,-0.038335,0.029316,3
69,13,0.338026,-0.739389,0.324857,0.070375,0.57242,-0.340672,-0.167096,-0.190131,-0.290231,-0.12118,-0.051473,-0.02815,3
69,14,0.174005,-0.690649,0.368482,0.154266,0.591777,-0.380418,-0.135384,-0.207031,-0.272077,-0.063015,-0.061865,-0.080544,3
69,15,0.00712,-0.673661,0.351548,0.240998,0.595036,-0.408437,-0.048456,-0.213015,-0.259628,-0.009778,-0.078335,-0.106799,3
69,16,-0.10576,-0.688979,0.37631,0.305393,0.597401,-0.417135,0.000346,-0.17613,-0.235971,0.003306,-0.10506,-0.131757,3
69,17,-0.182833,-0.698897,0.458316,0.309248,0.60933,-0.440811,0.00589,-0.129943,-0.218839,0.013231,-0.137053,-0.151658,3
70,1,0.660505,-0.272529,-0.299477,-0.542866,-0.073995,-0.401384,0.02157,0.112002,0.075367,-0.142889,-0.079985,0.022712,3
70,2,0.875461,-0.203211,-0.321361,-0.53075,-0.025008,-0.397078,-0.006523,0.075498,0.015477,-0.155525,-0.087839,0.095936,3
70,3,0.741471,-0.390663,-0.195487,-0.548592,0.10877,-0.439012,-0.004703,0.086583,-0.038011,-0.159668,-0.161691,0.233148,3
70,4,0.447137,-0.345863,-0.185521,-0.531638,0.088949,-0.375142,-0.050384,0.043746,-0.085452,-0.171568,-0.109421,0.19472,3
70,5,0.287206,-0.280377,-0.174791,-0.565991,0.08788,-0.381319,-0.051589,0.027484,-0.111091,-0.190891,-0.055986,0.189745,3
70,6,0.215998,-0.286033,-0.101869,-0.579723,0.124657,-0.407435,-0.044436,0.027783,-0.145442,-0.17694,-0.042056,0.166642,3
70,7,0.219094,-0.353713,-0.067715,-0.547035,0.144096,-0.402496,-0.022893,0.033281,-0.214559,-0.185546,-0.06639,0.142264,3
70,8,0.126348,-0.30889,-0.118441,-0.49697,0.198035,-0.374277,-0.016811,-0.031536,-0.24714,-0.233981,-0.037647,0.133622,3
70,9,0.040817,-0.300289,-0.102471,-0.460384,0.258599,-0.34558,-0.030849,-0.066045,-0.293985,-0.271843,-0.016733,0.149959,3
70,10,-0.043766,-0.296863,-0.043844,-0.404902,0.327633,-0.320674,-0.039337,-0.08934,-0.330757,-0.302817,-0.005352,0.160126,3
70,11,-0.123458,-0.265348,-0.024534,-0.324317,0.370573,-0.281211,-0.013886,-0.124185,-0.339111,-0.34024,-0.006764,0.145561,3
70,12,-0.115535,-0.27715,-0.001518,-0.246301,0.432578,-0.276914,-0.013462,-0.145135,-0.3515,-0.341215,-0.012891,0.130449,3
70,13,-0.103144,-0.305503,0.036447,-0.152684,0.492649,-0.290033,-0.020271,-0.1794,-0.357618,-0.304854,-0.012291,0.107685,3
70,14,-0.056776,-0.371632,0.08439,-0.049666,0.551432,-0.314541,-0.051314,-0.207732,-0.343189,-0.248246,-0.015317,0.074054,3
70,15,0.034359,-0.469924,0.122321,0.008827,0.588394,-0.322069,-0.082723,-0.212045,-0.334814,-0.221814,-0.031444,0.061451,3
70,16,0.066982,-0.517464,0.148603,0.062429,0.595715,-0.324935,-0.112436,-0.210931,-0.297126,-0.21689,-0.048636,0.034034,3
70,17,0.014151,-0.521977,0.175988,0.116479,0.634166,-0.353268,-0.154614,-0.212817,-0.260258,-0.185245,-0.062851,-0.010029,3
70,18,-0.096753,-0.488868,0.196276,0.162477,0.644015,-0.360692,-0.173376,-0.216765,-0.241587,-0.178347,-0.048913,-0.03834,3
70,19,-0.152774,-0.516305,0.218661,0.184954,0.661288,-0.374343,-0.18222,-0.204596,-0.223826,-0.168572,-0.056425,-0.055314,3
70,20,-0.178849,-0.549264,0.248784,0.201329,0.681119,-0.393182,-0.186713,-0.170423,-0.206648,-0.148833,-0.072784,-0.069993,3
70,21,-0.208491,-0.569275,0.277779,0.212663,0.726131,-0.407591,-0.179422,-0.120842,-0.192946,-0.129752,-0.06874,-0.093732,3
70,22,-0.212267,-0.610443,0.308131,0.24028,0.767351,-0.405512,-0.187646,-0.085622,-0.15807,-0.132174,-0.074045,-0.108236,3
70,23,-0.134278,-0.646159,0.305757,0.275687,0.778687,-0.4091,-0.177231,-0.06912,-0.141796,-0.126176,-0.086261,-0.118348,3
71,1,0.509959,-0.049608,0.158102,-0.787188,0.0577,-0.523417,0.008608,0.260585,-0.276093,-0.124931,-0.060812,0.114477,3
71,2,0.386351,0.01683,0.156877,-0.701496,0.119104,-0.503677,-0.017363,0.239739,-0.301414,-0.160539,-0.042638,0.160946,3
71,3,0.468775,-0.153963,-0.024743,-0.497173,0.267501,-0.511065,-0.022678,0.082557,-0.400205,-0.183772,0.05837,0.257393,3
71,4,0.656603,-0.274699,-0.153219,-0.314807,0.242163,-0.459309,-0.00244,-0.058315,-0.374361,-0.246718,0.080333,0.307473,3
71,5,0.546353,-0.455591,0.076341,-0.205943,0.328083,-0.377111,-0.065239,-0.136447,-0.391358,-0.125978,0.080058,0.236898,3
71,6,0.188519,-0.536002,0.216728,-0.162746,0.539212,-0.377635,-0.094244,-0.134081,-0.44699,-0.070789,0.021187,0.069746,3
71,7,0.199965,-0.501187,0.254293,-0.048653,0.558547,-0.381648,-0.089546,-0.168692,-0.429687,-0.042533,-0.00871,-0.002902,3
72,1,0.649261,-0.350042,-0.143477,-0.558243,-0.046641,-0.517727,0.127807,0.103785,-0.190967,-0.263383,-0.007764,0.209166,3
72,2,0.509224,-0.252957,-0.177833,-0.476937,0.056214,-0.532097,0.134911,0.011058,-0.254149,-0.242579,0.021647,0.230582,3
72,3,0.374519,-0.188915,-0.069315,-0.485599,0.158269,-0.488903,0.099971,-0.056561,-0.338855,-0.191928,0.062824,0.238777,3
72,4,0.316719,-0.091184,-0.006743,-0.437888,0.249186,-0.476331,0.091467,-0.103931,-0.370959,-0.156841,0.091854,0.224263,3
72,5,0.155922,0.008405,0.098737,-0.455601,0.375794,-0.381113,0.033994,-0.176282,-0.372283,-0.137934,0.057484,0.1417,3
72,6,0.061117,-0.003539,0.163862,-0.364018,0.411985,-0.333709,0.006081,-0.260801,-0.368427,-0.12873,0.047187,0.071339,3
72,7,-0.004984,-0.00916,0.254195,-0.231491,0.436084,-0.329074,-0.01303,-0.305776,-0.357236,-0.101496,0.026497,-0.001702,3
72,8,-0.10708,0.050289,0.338258,-0.183692,0.460111,-0.331578,-0.040613,-0.321431,-0.309953,-0.070757,-0.050102,-0.056587,3
72,9,-0.155256,0.030461,0.357977,-0.111278,0.444784,-0.377583,-0.032756,-0.300158,-0.294413,-0.090121,-0.076675,-0.079713,3
73,1,0.945619,0.132719,0.242173,-0.567142,-0.343944,-0.651499,-0.03184,0.311059,-0.154435,-0.062321,0.120228,-0.00483,3
73,2,0.848678,0.075512,0.317367,-0.773326,-0.141321,-0.671619,-0.015667,0.350849,-0.197586,-0.06314,0.031612,0.01679,3
73,3,0.74592,0.025291,0.288049,-0.784974,-0.060891,-0.640206,0.019259,0.366187,-0.250039,-0.116658,-0.016952,0.032874,3
73,4,0.785374,-0.025555,0.234314,-0.751222,-0.060883,-0.547382,0.043944,0.289721,-0.266764,-0.155727,-0.046647,0.0523,3
73,5,0.660927,-0.116857,0.175161,-0.772428,-0.049657,-0.498302,0.034435,0.212955,-0.262257,-0.143546,-0.03785,0.06523,3
73,6,0.533278,-0.051361,0.013512,-0.709144,0.142025,-0.542214,0.088459,0.090715,-0.33793,-0.157087,-0.039741,0.170551,3
73,7,0.500277,0.069887,-0.015738,-0.66539,0.297397,-0.53264,0.094016,0.014198,-0.37345,-0.169612,-0.071275,0.231494,3
73,8,0.476048,0.052636,-0.022292,-0.565156,0.375497,-0.520012,0.149185,-0.075375,-0.449221,-0.159103,-0.042473,0.253194,3
73,9,0.500636,0.040291,-0.076455,-0.436201,0.494513,-0.532462,0.147381,-0.150272,-0.495513,-0.148738,-0.044503,0.233806,3
73,10,0.492911,-0.018796,-0.057093,-0.321575,0.590206,-0.519751,0.080486,-0.186882,-0.481256,-0.122242,-0.041009,0.178204,3
73,11,0.374743,-0.046079,0.065037,-0.239249,0.614273,-0.496923,0.064387,-0.224022,-0.48463,-0.062707,-0.007221,0.051877,3
73,12,0.268458,-0.067354,0.160558,-0.154443,0.621742,-0.524582,0.06364,-0.266582,-0.477391,0.021123,-0.020828,-0.042485,3
73,13,0.156585,-0.058449,0.32085,-0.115812,0.645682,-0.482773,0.01951,-0.290228,-0.469341,0.066983,-0.032623,-0.100917,3
73,14,0.075874,-0.091514,0.375495,-0.032358,0.699963,-0.508728,-0.026333,-0.225408,-0.41056,0.060803,-0.059399,-0.126051,3
73,15,-0.062994,-0.15889,0.434812,0.04669,0.708043,-0.50369,0.020421,-0.176011,-0.367597,0.097039,-0.064498,-0.172347,3
74,1,0.659939,-0.054208,-0.245361,-0.877839,0.107139,-0.701066,-0.01827,0.227511,-0.019894,-0.044647,-0.085033,0.111664,3
74,2,0.641048,-0.118455,-0.343844,-0.790454,0.12306,-0.629944,-0.018061,0.187153,0.008564,-0.148103,-0.096032,0.13934,3
74,3,0.616719,-0.054755,-0.337289,-0.749688,0.117531,-0.573017,-0.001041,0.13562,-0.048078,-0.196638,-0.035296,0.15675,3
74,4,0.672074,-0.125343,-0.309606,-0.639944,0.146507,-0.517272,-0.026695,0.058846,-0.095162,-0.240288,-0.004488,0.222073,3
74,5,0.706956,-0.25635,-0.302367,-0.513879,0.22153,-0.48734,-0.062848,-0.006678,-0.147164,-0.298204,0.014602,0.284633,3
74,6,0.54403,-0.308937,-0.307973,-0.413502,0.273241,-0.439625,-0.079488,-0.062443,-0.195755,-0.349423,0.05069,0.27502,3
74,7,0.60829,-0.380015,-0.301918,-0.281909,0.179739,-0.365208,-0.094665,-0.12412,-0.194051,-0.360904,0.074031,0.283814,3
74,8,0.63402,-0.331409,-0.253671,-0.183813,0.12067,-0.352447,-0.028354,-0.231356,-0.192921,-0.302691,0.102156,0.286746,3
74,9,0.418851,-0.36263,-0.188287,-0.128967,0.313473,-0.411201,-0.070517,-0.227408,-0.258792,-0.150341,0.056746,0.196346,3
74,10,0.28395,-0.418639,-0.118648,-0.056836,0.443185,-0.441447,-0.092132,-0.24246,-0.283525,-0.140398,0.014414,0.137919,3
74,11,0.18446,-0.417905,-0.067287,0.032367,0.473506,-0.455393,-0.066707,-0.293478,-0.298754,-0.11559,-0.000407,0.080672,3
74,12,0.033688,-0.432711,0.032794,0.070253,0.522043,-0.473923,-0.064101,-0.271251,-0.329414,-0.064524,-0.015349,0.007079,3
74,13,-0.0741,-0.47535,0.145634,0.131203,0.534807,-0.463347,-0.056844,-0.269123,-0.313642,-0.048591,-0.051999,-0.063837,3
74,14,-0.128381,-0.447314,0.184655,0.206027,0.518912,-0.482101,-0.047355,-0.276541,-0.277145,-0.054198,-0.077113,-0.115434,3
74,15,-0.116456,-0.406193,0.204815,0.26568,0.505339,-0.517374,-0.052795,-0.270098,-0.236211,-0.066456,-0.100545,-0.147918,3
75,1,0.357399,-0.202992,0.225954,-0.815643,-0.088697,-0.781712,-0.069645,0.348864,-0.117249,0.023681,0.041576,0.156223,3
75,2,0.187605,-0.191349,0.112292,-0.776565,-0.084555,-0.730926,0.00687,0.302673,-0.091899,-0.030348,-0.013727,0.151812,3
75,3,0.235704,-0.26328,0.109292,-0.791755,-0.04559,-0.638959,-0.00304,0.294793,-0.11256,-0.104983,-0.055692,0.165042,3
75,4,0.397875,-0.435987,0.175955,-0.817476,0.010514,-0.531332,-0.073414,0.285689,-0.175264,-0.172983,-0.058288,0.186099,3
75,5,0.385402,-0.528466,0.185397,-0.781765,0.1036,-0.471829,-0.085493,0.244622,-0.285286,-0.230735,-0.046952,0.227387,3
75,6,0.306452,-0.558224,0.200082,-0.683145,0.152278,-0.432308,-0.086695,0.177577,-0.332644,-0.263467,-0.051312,0.256551,3
75,7,0.311398,-0.603648,0.232368,-0.552941,0.230727,-0.40116,-0.081759,0.0752,-0.416152,-0.244321,-0.008068,0.266047,3
75,8,0.40174,-0.572573,0.200131,-0.446936,0.307176,-0.396169,-0.067461,-0.019498,-0.515404,-0.194381,0.057492,0.246345,3
75,9,0.619698,-0.363519,0.110779,-0.334538,0.392504,-0.433098,-0.040998,-0.090991,-0.544377,-0.149248,0.082366,0.220941,3
75,10,0.828353,-0.270461,-0.091177,-0.042545,0.357204,-0.396293,-0.006846,-0.217258,-0.501723,-0.051508,0.010633,0.131177,3
75,11,0.861483,-0.435731,0.086993,0.108189,0.379439,-0.351458,0.019668,-0.266982,-0.472035,-0.000613,-0.024134,0.001781,3
75,12,0.530696,-0.345395,0.273972,0.058432,0.478136,-0.356262,0.012068,-0.268194,-0.450811,0.03386,-0.017531,-0.086727,3
75,13,0.274948,-0.153917,0.398381,-0.065662,0.630957,-0.441497,-0.012253,-0.245399,-0.471929,0.117885,-0.058727,-0.167774,3
75,14,0.072724,-0.109622,0.522133,-0.069865,0.669492,-0.413354,-0.028069,-0.235101,-0.46553,0.125783,-0.107028,-0.169214,3
75,15,0.078265,-0.191564,0.512837,-0.012302,0.691083,-0.443068,-0.048064,-0.184309,-0.43996,0.12178,-0.114281,-0.168459,3
75,16,0.073977,-0.291745,0.54578,0.031053,0.669188,-0.420043,-0.062111,-0.170896,-0.402548,0.132893,-0.105453,-0.179525,3
75,17,-0.002347,-0.329467,0.565593,0.069497,0.650819,-0.414494,-0.046299,-0.167424,-0.383793,0.136377,-0.109891,-0.191915,3
76,1,0.423486,-0.210054,0.256219,-0.949897,-0.025279,-0.638159,0.020051,0.379201,-0.261012,-0.004253,0.03405,0.049255,3
76,2,0.29007,-0.239766,0.181359,-0.930408,0.007917,-0.614443,0.051505,0.383724,-0.269411,-0.064373,0.010747,0.084606,3
76,3,0.386318,-0.319787,0.112465,-0.851954,-0.00501,-0.57777,0.070161,0.335501,-0.277883,-0.133051,0.019845,0.135936,3
76,4,0.429051,-0.345069,0.121043,-0.830916,0.022115,-0.570186,0.079678,0.302612,-0.324728,-0.156844,0.028747,0.177571,3
76,5,0.436389,-0.324045,0.084343,-0.762827,0.053147,-0.57282,0.097417,0.23699,-0.34314,-0.171085,0.048748,0.202654,3
76,6,0.502334,-0.408365,0.062222,-0.590089,0.065374,-0.471882,0.083375,0.062978,-0.327556,-0.194167,0.101883,0.250778,3
76,7,0.37219,-0.464109,0.131449,-0.537345,0.132812,-0.375057,0.048269,-0.084549,-0.375386,-0.210469,0.091899,0.309605,3
76,8,0.284001,-0.507615,0.168994,-0.471026,0.145857,-0.323743,0.019328,-0.134391,-0.386915,-0.202218,0.100817,0.32008,3
76,9,0.328148,-0.582791,0.220181,-0.351508,0.198487,-0.290311,0.018163,-0.191084,-0.408486,-0.128514,0.08184,0.26663,3
76,10,0.419814,-0.686832,0.285708,-0.184124,0.255045,-0.273624,0.029021,-0.226108,-0.429947,-0.04936,0.022354,0.155374,3
76,11,0.327478,-0.738761,0.358635,-0.002766,0.31221,-0.282742,0.022134,-0.287132,-0.388627,-0.012338,-0.048734,0.032049,3
76,12,0.122439,-0.667297,0.417417,0.077905,0.391788,-0.303028,0.002043,-0.34035,-0.362731,0.057564,-0.071249,-0.063966,3
76,13,0.026483,-0.531051,0.429874,0.136944,0.438131,-0.355746,-0.016702,-0.349855,-0.337055,0.07594,-0.088346,-0.138673,3
76,14,0.045824,-0.503119,0.380413,0.189148,0.428847,-0.382448,-0.008539,-0.364653,-0.294787,0.061861,-0.110936,-0.170652,3
77,1,0.592295,0.182164,-0.005639,-0.702271,-0.094608,-0.794047,0.127735,0.284923,-0.131838,-0.01561,0.000176,0.131501,3
77,2,0.648353,0.060699,0.004406,-0.697171,0.059408,-0.760732,0.118804,0.275943,-0.207174,-0.067657,-0.017679,0.214291,3
77,3,0.670852,-0.036315,0.012367,-0.676682,0.126251,-0.710559,0.071436,0.223725,-0.236913,-0.117949,0.022957,0.252282,3
77,4,0.702519,-0.150705,-0.059079,-0.504903,0.057709,-0.647569,0.071516,0.081596,-0.20785,-0.125384,0.057327,0.283447,3
77,5,0.594231,-0.241331,0.062191,-0.524826,0.041465,-0.439481,0.024686,0.074253,-0.201938,-0.271228,0.049148,0.306817,3
77,6,0.599277,-0.346353,0.115727,-0.539012,0.115551,-0.407053,-0.03257,0.049665,-0.224462,-0.272065,-0.007915,0.341068,3
77,7,0.500612,-0.319691,0.217471,-0.358998,0.173548,-0.434103,-0.027971,-0.04968,-0.226289,-0.239157,0.042418,0.353581,3
77,8,0.355682,-0.286552,0.350669,-0.158581,0.262487,-0.478634,-0.015483,-0.074654,-0.238193,-0.167347,0.029914,0.265846,3
77,9,0.506391,-0.291721,0.423952,-0.007826,0.338239,-0.408823,-0.00892,-0.21694,-0.294323,-0.090505,0.002575,0.110656,3
77,10,0.523492,-0.111912,0.401524,-0.113576,0.426826,-0.370942,0.02214,-0.295687,-0.448738,0.025334,0.028251,-0.063306,3
78,1,0.431445,0.302207,-0.085034,-0.852825,0.050466,-0.753013,0.027733,0.162801,-0.038891,0.04323,-0.117636,0.087302,3
78,2,0.533511,0.23775,-0.219045,-0.811612,0.074622,-0.740434,0.069035,0.155835,-0.039107,0.009147,-0.147845,0.097876,3
78,3,0.65353,0.151327,-0.221599,-0.745349,0.14698,-0.747973,0.016118,0.212466,-0.033695,-0.040703,-0.20481,0.143879,3
78,4,0.622154,0.07085,-0.195817,-0.709119,0.318244,-0.67277,-0.019972,0.190888,-0.124593,-0.114039,-0.215643,0.217136,3
78,5,0.68508,0.046385,-0.249525,-0.704046,0.387816,-0.661747,0.013177,0.123858,-0.232137,-0.108906,-0.172235,0.251917,3
78,6,0.648215,-0.004444,-0.189594,-0.728598,0.422008,-0.584952,0.039957,0.079275,-0.342626,-0.121926,-0.123042,0.27114,3
78,7,0.619035,-0.057006,-0.18162,-0.688251,0.48372,-0.545842,0.046542,0.039019,-0.393479,-0.151028,-0.125672,0.267792,3
78,8,0.540705,-0.089082,-0.185529,-0.494195,0.559913,-0.537224,0.0093,-0.054285,-0.388806,-0.170514,-0.118401,0.263479,3
78,9,0.264383,-0.125504,-0.075639,-0.350647,0.663896,-0.49604,-0.045369,-0.119898,-0.413801,-0.159278,-0.111191,0.227163,3
78,10,0.103927,-0.451054,0.041552,-0.227689,0.653079,-0.434486,-0.069075,-0.145059,-0.407051,-0.131913,-0.079553,0.109629,3
78,11,0.119311,-0.397057,0.110112,-0.130439,0.699411,-0.427838,-0.066623,-0.140118,-0.396179,-0.12444,-0.065786,0.071556,3
78,12,0.30296,-0.115907,0.193437,-0.069266,0.737541,-0.505668,-0.064662,-0.172727,-0.367259,-0.037831,-0.103381,-0.000822,3
78,13,0.297353,-0.056172,0.252062,0.027175,0.734359,-0.609946,-0.073712,-0.183842,-0.332405,0.031857,-0.146766,-0.083076,3
78,14,0.251671,-0.122641,0.309422,0.073602,0.723408,-0.619174,-0.068177,-0.177945,-0.32965,0.042148,-0.147674,-0.098427,3
78,15,0.141509,-0.083658,0.359774,0.130158,0.687508,-0.620374,-0.024628,-0.195212,-0.299357,0.056839,-0.161363,-0.11758,3
79,1,0.83051,-0.002024,0.088538,-0.658396,-0.09617,-0.743279,0.048553,0.31424,-0.137369,-0.025289,-0.059148,0.123436,3
79,2,1.078536,-0.18869,-0.063062,-0.646882,-0.146681,-0.699992,0.041126,0.350494,-0.147325,-0.055114,-0.066653,0.101603,3
79,3,1.056156,-0.341192,-0.065362,-0.582386,-0.143152,-0.625003,0.033994,0.325592,-0.162654,-0.082498,-0.075612,0.093693,3
79,4,0.907242,-0.508153,0.036216,-0.684593,-0.03362,-0.494759,-0.015618,0.293758,-0.198363,-0.141461,-0.08241,0.101518,3
79,5,0.870992,-0.498748,-0.004705,-0.711723,0.044621,-0.509862,-0.030364,0.296537,-0.258022,-0.185041,-0.068653,0.138577,3
79,6,0.959646,-0.314818,-0.240441,-0.601227,0.093015,-0.53023,0.078086,0.141824,-0.270061,-0.265613,-0.054529,0.262235,3
79,7,0.912247,-0.270344,-0.287281,-0.496452,0.176848,-0.525672,0.117669,0.01124,-0.273292,-0.266245,-0.101266,0.320321,3
79,8,0.902255,-0.299385,-0.309741,-0.460132,0.267183,-0.489318,0.089488,-0.075362,-0.354042,-0.232491,-0.061943,0.319378,3
79,9,0.815314,-0.23698,-0.276222,-0.386665,0.321807,-0.447691,0.020599,-0.158797,-0.389121,-0.195569,0.005214,0.286559,3
79,10,0.660903,-0.111437,-0.091383,-0.257636,0.291931,-0.354819,-0.019826,-0.289232,-0.350274,-0.153267,0.102254,0.204432,3
79,11,0.376106,-0.068367,0.075266,-0.145424,0.388598,-0.391718,-0.003133,-0.31686,-0.383029,-0.081576,0.121384,0.086479,3
79,12,0.315463,-0.159733,0.093775,-0.034374,0.471981,-0.436845,-0.020908,-0.269536,-0.351863,-0.061782,0.050935,-0.011173,3
79,13,0.381318,-0.276713,0.135107,0.098432,0.502095,-0.443376,-0.04581,-0.245444,-0.280758,-0.020065,-0.037458,-0.107197,3
79,14,0.40339,-0.279859,0.158249,0.263482,0.444596,-0.43009,-0.01933,-0.33405,-0.219597,-0.000966,-0.088231,-0.152372,3
79,15,0.301672,-0.176942,0.209991,0.217673,0.445917,-0.461491,-0.02121,-0.324306,-0.232488,0.025749,-0.099064,-0.206408,3
79,16,0.272333,-0.15327,0.272457,0.264372,0.39296,-0.442807,-0.032451,-0.372964,-0.169825,0.037751,-0.131007,-0.24318,3
80,1,0.589425,0.18863,0.002332,-0.743813,0.113106,-0.878015,0.006359,0.281887,-0.092187,0.007153,-0.152793,0.118165,3
80,2,0.523386,0.110413,0.046525,-0.778074,0.140491,-0.800349,-0.039694,0.304824,-0.122616,-0.027075,-0.158547,0.099857,3
80,3,0.398583,0.031779,0.075404,-0.817593,0.171566,-0.740916,-0.02064,0.336741,-0.214186,-0.075914,-0.171238,0.097765,3
80,4,0.379209,-0.076044,0.08849,-0.806903,0.194351,-0.667854,0.01132,0.315692,-0.292509,-0.132988,-0.170282,0.105766,3
80,5,0.468785,-0.095463,-0.046906,-0.754487,0.292945,-0.624344,0.020178,0.242664,-0.307481,-0.172933,-0.190782,0.151706,3
80,6,0.613215,-0.159145,-0.093742,-0.729442,0.364904,-0.601457,0.010718,0.186834,-0.352335,-0.215742,-0.180112,0.220185,3
80,7,0.494599,-0.228737,-0.017065,-0.692132,0.416472,-0.508137,-0.003487,0.097133,-0.452433,-0.192867,-0.104584,0.245316,3
80,8,0.346037,-0.265784,-0.013563,-0.624682,0.503341,-0.39282,-0.041278,-0.022813,-0.46985,-0.15273,-0.074976,0.199702,3
80,9,0.242201,-0.305063,0.011567,-0.455096,0.610208,-0.366348,-0.049276,-0.081914,-0.490125,-0.157416,-0.066825,0.156875,3
80,10,0.216131,-0.409159,0.084222,-0.270215,0.615146,-0.345901,-0.066039,-0.144419,-0.482347,-0.125019,-0.034882,0.105571,3
80,11,0.359527,-0.557555,0.159615,-0.111165,0.547939,-0.280407,-0.042532,-0.209471,-0.441149,-0.073815,-0.042268,0.056656,3
80,12,0.358112,-0.502225,0.223734,-0.016012,0.544814,-0.309103,-0.067316,-0.18672,-0.424803,-0.045922,-0.044167,-0.062079,3
80,13,0.417074,-0.486578,0.275733,0.180319,0.482836,-0.343406,-0.104594,-0.228046,-0.351677,-0.012328,-0.066926,-0.13103,3
80,14,0.419721,-0.551095,0.310361,0.361829,0.37178,-0.336054,-0.054073,-0.304318,-0.288135,-0.01314,-0.078074,-0.157592,3
80,15,0.195552,-0.477741,0.386818,0.374625,0.390576,-0.385934,-0.035341,-0.299151,-0.230298,-0.013234,-0.108594,-0.166253,3
80,16,-0.01374,-0.450663,0.500923,0.342765,0.451551,-0.429042,-0.042669,-0.228746,-0.190452,0.006582,-0.153124,-0.181001,3
80,17,-0.141825,-0.51897,0.546316,0.312899,0.518629,-0.437535,-0.022076,-0.155643,-0.198876,0.041647,-0.177828,-0.212905,3
80,18,-0.268344,-0.516431,0.554378,0.305368,0.572311,-0.455855,0.009392,-0.120117,-0.208327,0.065587,-0.198848,-0.232426,3
81,1,0.808542,-0.029669,-0.108267,-0.82366,0.074612,-0.724408,-0.09786,0.306985,-0.035487,0.008744,-0.170591,0.048472,3
81,2,0.894269,-0.143238,-0.159701,-0.760707,0.065646,-0.625373,-0.136753,0.257874,-0.006748,-0.04074,-0.18071,0.055168,3
81,3,0.87474,-0.2417,-0.1272,-0.770613,0.133717,-0.564114,-0.164416,0.26082,-0.075758,-0.13222,-0.136654,0.097171,3
81,4,0.687301,-0.226162,-0.065611,-0.739912,0.213085,-0.529334,-0.135447,0.23836,-0.167426,-0.194585,-0.095645,0.178642,3
81,5,0.679988,-0.186097,-0.040169,-0.68577,0.262309,-0.527296,-0.059652,0.196209,-0.236216,-0.211224,-0.090577,0.238763,3
81,6,0.519217,-0.216887,-0.007413,-0.572169,0.311027,-0.44024,-0.050675,0.088539,-0.26771,-0.179838,-0.081921,0.220653,3
81,7,0.443574,-0.347954,-0.013241,-0.45731,0.454866,-0.355826,-0.05961,-0.020139,-0.349215,-0.155131,-0.093772,0.175136,3
81,8,0.376554,-0.507277,0.026118,-0.312013,0.521101,-0.307853,-0.067756,-0.085754,-0.412319,-0.175373,-0.088342,0.125245,3
81,9,0.328759,-0.599007,0.108212,-0.181821,0.536656,-0.305153,-0.112203,-0.123841,-0.43326,-0.156876,-0.052707,0.073807,3
81,10,0.291456,-0.57633,0.157746,-0.088318,0.556239,-0.353862,-0.136776,-0.147935,-0.413705,-0.11865,-0.056776,0.023018,3
81,11,0.272372,-0.464621,0.143393,-0.008063,0.580711,-0.449324,-0.127505,-0.165284,-0.356563,-0.100597,-0.086697,0.000301,3
81,12,0.202625,-0.410527,0.181312,0.068111,0.581325,-0.49676,-0.106133,-0.182048,-0.324555,-0.044245,-0.091248,-0.059478,3
81,13,0.096161,-0.441796,0.284056,0.180008,0.573101,-0.469828,-0.073847,-0.203256,-0.259818,-0.011215,-0.095906,-0.110404,3
81,14,-0.06954,-0.346849,0.348866,0.195726,0.615049,-0.498768,-0.069888,-0.182409,-0.246971,-0.001531,-0.103402,-0.147777,3
81,15,-0.190853,-0.241598,0.413662,0.196807,0.64932,-0.515829,-0.047924,-0.177888,-0.239741,0.027375,-0.148935,-0.170137,3
81,16,-0.185984,-0.25567,0.464685,0.2117,0.629854,-0.496781,-0.034551,-0.168449,-0.204683,0.035381,-0.193707,-0.191762,3
82,1,0.546442,0.048596,0.108241,-0.753359,-0.044055,-0.744411,0.099557,0.257036,-0.218009,-0.136259,-0.002814,0.071432,3
82,2,0.561831,0.023117,0.066014,-0.705731,0.003615,-0.700867,0.073635,0.241984,-0.221594,-0.196996,-0.001075,0.088259,3
82,3,0.53545,-0.053437,0.060651,-0.651105,0.025335,-0.667123,0.066442,0.199604,-0.253394,-0.230759,0.019203,0.112663,3
82,4,0.503923,-0.177061,0.096058,-0.598681,0.061382,-0.616941,0.048977,0.156862,-0.308096,-0.245794,0.034372,0.151674,3
82,5,0.617328,-0.258904,0.13021,-0.544268,0.085267,-0.46066,-0.00835,0.134162,-0.355799,-0.301151,0.049784,0.183795,3
82,6,0.589804,-0.227491,0.111239,-0.461558,0.189712,-0.36163,-0.038855,0.044919,-0.371643,-0.331245,0.11711,0.207371,3
82,7,0.488477,-0.187526,0.073818,-0.317266,0.353383,-0.339916,-0.004101,-0.075594,-0.345029,-0.323197,0.1189,0.195262,3
82,8,0.411921,-0.177921,0.056107,-0.11799,0.525075,-0.361121,0.004317,-0.179239,-0.351355,-0.200997,-0.002577,0.153542,3
82,9,0.326376,-0.190031,0.114095,-0.024976,0.626571,-0.401045,-0.027864,-0.196305,-0.371438,-0.114953,-0.039774,0.053447,3
82,10,0.228452,-0.093734,0.179984,-0.023549,0.680505,-0.472584,-0.026861,-0.234007,-0.348872,-0.043776,-0.050367,-0.068556,3
83,1,0.467387,0.392927,0.142906,-0.519943,0.079642,-0.817738,0.01404,0.179195,-0.18431,-0.054081,-0.077447,0.155267,3
83,2,0.415464,0.333631,0.086782,-0.57568,0.12107,-0.775999,0.068774,0.190267,-0.216449,-0.098076,-0.11129,0.154785,3
83,3,0.465051,0.21531,0.102102,-0.65089,0.135373,-0.666271,0.088227,0.173553,-0.259679,-0.140923,-0.117837,0.139936,3
83,4,0.432231,0.118967,0.148698,-0.684645,0.165758,-0.599605,0.09709,0.173908,-0.32256,-0.173624,-0.118042,0.156745,3
83,5,0.462539,0.058659,0.19416,-0.629358,0.217233,-0.54961,0.055669,0.176486,-0.354417,-0.253361,-0.090469,0.201189,3
83,6,0.476048,-0.032883,0.215777,-0.594734,0.271665,-0.458985,-0.00138,0.079879,-0.357226,-0.290494,-0.039087,0.238515,3
83,7,0.354798,0.06821,0.200822,-0.610321,0.33305,-0.307984,-0.011458,-0.141206,-0.334582,-0.232933,-0.015311,0.219941,3
83,8,0.323518,0.006606,0.103352,-0.404817,0.396774,-0.28596,-0.012682,-0.213712,-0.262215,-0.255114,-0.112114,0.273793,3
83,9,0.352272,0.028593,-0.028331,-0.312443,0.545842,-0.351373,0.031533,-0.268088,-0.360255,-0.156285,-0.119014,0.205165,3
83,10,0.371314,0.056433,-0.055269,-0.254033,0.620715,-0.429136,0.066386,-0.306897,-0.41738,-0.056741,-0.084558,0.143685,3
83,11,0.289688,0.007498,0.045308,-0.171226,0.642197,-0.416574,0.036386,-0.319938,-0.400629,-0.003634,-0.086283,0.060355,3
83,12,0.255186,-0.029645,0.092475,-0.087786,0.690875,-0.487325,0.000741,-0.295061,-0.380346,0.03326,-0.112021,-0.004044,3
83,13,0.261357,-0.018139,0.066379,-0.005674,0.779852,-0.607686,-0.002857,-0.268911,-0.367523,0.044928,-0.136656,-0.006441,3
83,14,0.192579,-0.070169,0.114305,0.067103,0.763828,-0.608155,0.014386,-0.265402,-0.369662,0.039081,-0.114894,-0.031276,3
83,15,0.115838,-0.133627,0.1618,0.102634,0.760081,-0.579751,-0.006045,-0.242859,-0.342354,0.028412,-0.11497,-0.053535,3
83,16,0.043856,-0.36787,0.226387,0.133157,0.701491,-0.483818,-0.028684,-0.216641,-0.299124,0.019938,-0.100403,-0.085671,3
84,1,0.767089,0.095595,0.163542,-0.543858,0.058456,-0.615795,0.078271,0.155446,-0.151634,-0.213122,-0.132949,0.244398,3
84,2,0.639514,0.015729,0.139808,-0.556727,0.136229,-0.57631,0.036612,0.159534,-0.180176,-0.250834,-0.171242,0.26225,3
84,3,0.586641,-0.096142,0.145786,-0.584456,0.210095,-0.548796,0.040429,0.13889,-0.323783,-0.262658,-0.109744,0.282419,3
84,4,0.562357,-0.149413,0.22218,-0.570649,0.274573,-0.449938,0.042339,0.068987,-0.493187,-0.223313,-0.009103,0.274824,3
84,5,0.646778,-0.18212,0.28324,-0.410676,0.289562,-0.365997,0.008958,-0.033092,-0.487426,-0.194656,0.032908,0.295585,3
84,6,0.400302,-0.160716,0.334631,-0.394053,0.447278,-0.416628,-0.016765,-0.084771,-0.51881,-0.12794,0.064652,0.268548,3
84,7,0.212698,-0.050118,0.272668,-0.355727,0.583674,-0.45207,0.029129,-0.102774,-0.575188,-0.098708,0.01578,0.214142,3
84,8,0.125042,0.061655,0.281444,-0.338894,0.64556,-0.440561,0.072806,-0.176682,-0.597247,-0.027967,-0.034759,0.121954,3
84,9,-0.012344,0.080507,0.367011,-0.243641,0.595218,-0.381611,0.090978,-0.211617,-0.528086,-0.012314,-0.052386,0.017175,3
84,10,-0.057548,0.111556,0.445858,-0.160145,0.624977,-0.415214,0.057647,-0.24585,-0.451151,0.033654,-0.116781,-0.057545,3
84,11,-0.077688,0.106024,0.498968,-0.144896,0.682647,-0.411535,0.022764,-0.286034,-0.43548,0.099301,-0.150885,-0.102976,3
84,12,-0.150415,0.056202,0.584603,-0.07178,0.687829,-0.415167,0.03707,-0.261653,-0.46385,0.112994,-0.122309,-0.127921,3
84,13,-0.226966,0.000588,0.634262,0.01342,0.689301,-0.436459,0.047506,-0.197916,-0.448684,0.097494,-0.094145,-0.134493,3
84,14,-0.27378,-0.028457,0.625894,0.064697,0.722604,-0.462562,0.055188,-0.155334,-0.411678,0.105048,-0.102612,-0.134889,3
84,15,-0.278597,-0.058155,0.639126,0.081719,0.741775,-0.46513,0.028211,-0.143725,-0.383958,0.109603,-0.116785,-0.153208,3
84,16,-0.337335,-0.067174,0.649064,0.098055,0.751315,-0.444332,0.023846,-0.140534,-0.357645,0.111394,-0.123009,-0.171284,3
84,17,-0.384846,-0.079797,0.640409,0.114077,0.76041,-0.455245,0.026767,-0.123748,-0.325307,0.099701,-0.149392,-0.172366,3
84,18,-0.40802,-0.12906,0.658516,0.121399,0.752045,-0.470122,0.037321,-0.093415,-0.305707,0.083333,-0.176419,-0.17397,3
85,1,0.276026,-0.169026,0.02704,-0.70821,-0.056931,-0.653781,0.150414,0.232766,-0.180232,-0.017699,0.012131,0.130671,3
85,2,0.121937,-0.272249,0.076235,-0.694435,0.038107,-0.630145,0.090202,0.203671,-0.228608,-0.006737,0.023805,0.138189,3
85,3,0.282279,-0.384905,0.074486,-0.670298,0.099353,-0.57169,0.079875,0.183877,-0.349625,-0.106237,0.011063,0.188383,3
85,4,0.36387,-0.396881,0.042182,-0.613273,0.06361,-0.50747,0.078295,0.13014,-0.349498,-0.170965,0.019656,0.222553,3
85,5,0.271404,-0.435482,0.050652,-0.51897,0.115568,-0.422402,0.025863,0.015293,-0.36396,-0.177679,0.061655,0.236054,3
85,6,0.292796,-0.573319,0.108777,-0.494292,0.215048,-0.392906,-0.019034,-0.025606,-0.456743,-0.156575,0.102792,0.230794,3
85,7,0.4883,-0.654155,0.141469,-0.366619,0.215709,-0.335847,-0.00806,-0.168021,-0.434386,-0.114994,0.109846,0.239434,3
85,8,0.420535,-0.787892,0.218867,-0.169798,0.199741,-0.275604,0.065616,-0.368714,-0.402419,-0.064959,0.031906,0.189154,3
85,9,0.335801,-0.750028,0.212574,-0.026546,0.221874,-0.259897,0.05287,-0.428923,-0.366204,-0.028617,0.026473,0.054353,3
85,10,0.343757,-0.652926,0.182011,0.14555,0.191264,-0.232846,0.043644,-0.509249,-0.275229,-0.021671,0.02642,-0.082516,3
85,11,0.332205,-0.574091,0.194092,0.232516,0.226824,-0.280385,0.064976,-0.553348,-0.268691,0.046061,-0.033713,-0.140772,3
85,12,0.288029,-0.470676,0.157781,0.262391,0.243576,-0.32534,0.07832,-0.552773,-0.267633,0.085175,-0.080666,-0.172356,3
85,13,0.161922,-0.307634,0.083035,0.27442,0.260889,-0.375672,0.084131,-0.53131,-0.245122,0.088505,-0.110324,-0.198792,3
86,1,0.580121,0.00637,0.193946,-0.672667,-0.066814,-0.560562,-0.032386,0.341026,-0.172262,-0.209097,-0.019026,0.041786,3
86,2,0.471607,-0.035123,0.219365,-0.770729,0.052114,-0.534149,-0.060067,0.366987,-0.244971,-0.195117,-0.058543,0.036576,3
86,3,0.466493,-0.015096,0.192321,-0.781761,0.122471,-0.475423,-0.048855,0.320039,-0.30772,-0.210179,-0.066796,0.0565,3
86,4,0.611135,0.036256,0.090213,-0.856806,0.159691,-0.35662,0.012737,0.13952,-0.372593,-0.157268,-0.086167,0.042951,3
86,5,0.563828,0.001659,-0.043402,-0.843409,0.265307,-0.33284,0.043627,0.027036,-0.438327,-0.120857,-0.111059,0.079703,3
86,6,0.439344,-0.088595,-0.131211,-0.580115,0.347546,-0.379997,0.051569,-0.048538,-0.46728,-0.159518,-0.054379,0.133221,3
86,7,0.323985,-0.043288,-0.055777,-0.437661,0.502104,-0.38618,-0.029637,-0.089789,-0.471464,-0.169354,-0.028537,0.144635,3
86,8,0.228305,-0.094531,0.023346,-0.301036,0.580163,-0.408646,-0.038085,-0.140041,-0.505208,-0.126956,0.014907,0.1009,3
86,9,0.22841,-0.178601,0.043066,-0.169819,0.648386,-0.451139,-0.010381,-0.168587,-0.528645,-0.086358,0.022831,0.082104,3
86,10,0.198588,-0.089415,0.142657,-0.129082,0.759222,-0.471838,-0.028217,-0.190079,-0.493838,-0.017266,-0.051906,0.026107,3
86,11,0.189629,-0.309836,0.278484,-0.016073,0.684126,-0.478049,-0.062531,-0.182582,-0.452635,0.053418,-0.067282,-0.118629,3
86,12,0.084346,-0.314042,0.342269,0.028273,0.712905,-0.490932,-0.073553,-0.180278,-0.439542,0.053298,-0.071182,-0.132554,3
86,13,-0.022524,-0.315674,0.382668,0.063742,0.729098,-0.53555,-0.057606,-0.132813,-0.40854,0.049692,-0.109546,-0.138601,3
87,1,0.707889,-0.100922,0.07366,-0.700594,-0.12199,-0.641534,0.01216,0.294513,-0.06959,-0.171439,-0.027618,0.123416,3
87,2,0.627659,-0.06276,0.014961,-0.67672,-0.053602,-0.612218,0.024829,0.260416,-0.113063,-0.214072,-0.03894,0.124756,3
87,3,0.499002,-0.071079,0.055249,-0.687276,0.051308,-0.524841,-0.019906,0.206343,-0.133993,-0.266033,-0.059437,0.164918,3
87,4,0.399139,-0.241454,0.11335,-0.626805,0.132453,-0.469094,-0.067043,0.117982,-0.173991,-0.310972,-0.032045,0.251694,3
87,5,0.315763,-0.295425,0.107049,-0.515065,0.193741,-0.423867,-0.089628,0.025261,-0.227016,-0.330753,0.010341,0.288242,3
87,6,0.334036,-0.38218,0.104048,-0.468691,0.219107,-0.383486,-0.069835,-0.048184,-0.272903,-0.326816,0.003443,0.326003,3
87,7,0.327185,-0.470092,0.109187,-0.399629,0.241949,-0.364452,-0.044185,-0.129708,-0.268999,-0.323109,0.005648,0.364399,3
87,8,0.254825,-0.211245,0.083626,-0.255467,0.335095,-0.381719,0.006305,-0.194067,-0.305323,-0.28615,0.039561,0.346218,3
87,9,0.191843,-0.098863,0.032353,-0.130581,0.459061,-0.451423,0.029687,-0.261851,-0.351448,-0.148094,0.03895,0.199272,3
87,10,0.060523,-0.114179,0.139281,-0.100633,0.529452,-0.431678,-0.000238,-0.267939,-0.378521,-0.12908,0.044402,0.132587,3
87,11,-0.073191,-0.010051,0.279898,-0.190642,0.597746,-0.316064,-0.041749,-0.329851,-0.343277,-0.036866,-0.006854,0.01424,3
88,1,0.348821,0.35859,0.22001,-0.80547,-0.194775,-0.752879,0.14763,0.193879,-0.065525,0.044829,0.077535,0.02869,3
88,2,0.439543,0.320683,0.123945,-0.810175,-0.152229,-0.682058,0.144188,0.196211,-0.042817,-0.019878,0.047145,0.043182,3
88,3,0.732423,0.280853,-0.085813,-0.752229,-0.124727,-0.767036,0.235926,0.180211,-0.115804,-0.048011,0.002888,0.114237,3
88,4,0.737641,0.150703,-0.040752,-0.753928,-0.120963,-0.611039,0.186147,0.142095,-0.129377,-0.143139,0.038769,0.115713,3
88,5,0.587877,0.075757,0.072267,-0.628486,-0.064451,-0.512074,0.12336,0.139313,-0.146291,-0.265199,0.036418,0.183772,3
88,6,0.537347,-0.000302,0.13997,-0.607301,0.018866,-0.511301,0.085657,0.146623,-0.204456,-0.286786,0.015117,0.248683,3
88,7,0.46113,0.022787,0.170731,-0.616281,0.111975,-0.474397,0.080508,0.058659,-0.302482,-0.219348,0.027664,0.237365,3
88,8,0.494958,-0.091901,0.225211,-0.47402,0.156874,-0.440234,0.051341,-0.026636,-0.386788,-0.211972,0.112289,0.264488,3
88,9,0.399235,-0.017868,0.282595,-0.329103,0.254735,-0.437742,0.078619,-0.099935,-0.41749,-0.170428,0.127338,0.258463,3
88,10,0.212765,0.049035,0.351223,-0.115571,0.323217,-0.517681,0.044179,-0.193209,-0.342857,-0.077698,0.053708,0.086755,3
88,11,0.161026,0.027386,0.360731,-0.03435,0.417253,-0.463333,0.033747,-0.255661,-0.368926,-0.064498,0.044011,0.016646,3
14,5,1.228793,-0.993567,0.265652,-0.827828,-0.144771,-0.112799,-0.385323,0.252982,0.074292,-0.336073,-0.063185,0.092439,4
25,4,0.481464,-0.33462,0.520577,-0.944924,-0.124305,-0.52214,-0.327267,0.467999,-0.120855,-0.139401,0.066768,-0.04209,4
33,2,0.443858,-0.254852,0.04298,-0.790458,0.025896,-0.459489,-0.202675,0.182736,0.045178,-0.179972,-0.143031,0.052767,4
25,3,0.338711,-0.33794,0.191207,-0.601307,-0.250851,-0.490746,-0.113745,0.106295,0.147668,-0.33372,0.01897,0.23263,4
34,15,0.096071,-0.791538,0.502329,-0.203351,0.276032,-0.153962,-0.305595,-0.332126,-0.192445,-0.152798,-0.000784,0.131497,4
14,4,1.288881,-0.969153,0.346003,-0.862134,-0.252583,-0.131794,-0.404507,0.282093,0.148015,-0.296637,-0.039989,0.08237,4
30,19,0.20356,-0.642547,0.693443,0.021277,0.142857,0.046269,-0.212076,-0.440777,-0.130556,-0.092322,0.010324,-0.060655,4
12,3,0.721296,-0.321257,0.309136,-0.909231,-0.10216,-0.531486,-0.280148,0.308326,0.09763,-0.097074,-0.116031,0.104398,4
23,11,1.075412,-0.999809,0.139968,-0.572871,0.043904,-0.121404,-0.211957,-0.062529,-0.14771,-0.299901,-0.21108,0.312942,4
31,13,0.967118,-1.01016,0.338226,-0.559221,0.291494,-0.010024,-0.432781,-0.023802,-0.22357,-0.360762,-0.100531,0.180361,4
14,5,0.959046,-0.643224,0.250365,-0.683288,-0.313976,-0.266847,-0.262032,0.240095,0.051939,-0.250217,0.097675,0.138757,4
19,10,0.502472,-0.688181,-0.021168,-0.380266,0.093137,-0.147236,-0.150727,-0.392406,-0.084608,-0.299166,0.073877,0.383759,4
37,3,0.98316,-0.539488,0.492621,-0.825273,-0.098817,-0.348931,-0.350787,0.37412,-0.074996,-0.257525,-0.064199,-0.026659,4
39,4,0.462956,-0.291841,0.448935,-0.803105,-0.232675,-0.450256,-0.15642,0.277612,-0.008223,-0.189556,-0.091436,0.148949,4
18,9,0.581131,-0.780081,-0.078894,-0.385189,0.065768,-0.197508,-0.018726,-0.295783,-0.104927,-0.259713,-0.16106,0.377149,4
24,4,0.637202,-0.433172,0.325228,-0.935373,0.050301,-0.287442,-0.323543,0.245906,-0.120733,-0.190156,-0.094557,0.014295,4
11,20,0.183726,-0.868922,0.453522,-0.0778,0.374946,-0.070346,-0.318385,-0.246586,-0.191976,-0.238602,0.064712,0.049848,4
32,10,0.238075,-0.84443,0.320199,-0.19386,0.263208,-0.050199,-0.202223,-0.412255,-0.211154,-0.237559,-0.020678,0.227476,4
39,13,0.113281,-0.68113,0.348855,-0.316788,0.545842,-0.148722,-0.307734,-0.250733,-0.258345,-0.154643,-0.092285,0.139664,4
39,10,0.454816,-0.580578,0.21726,-0.602612,0.311161,-0.180178,-0.2424,-0.057704,-0.210376,-0.286181,-0.176561,0.283672,4
1,9,1.113015,-1.029688,0.344515,-0.552297,-0.042251,0.040513,-0.355393,-0.043697,-0.098042,-0.363203,-0.059881,0.268709,4
16,3,0.552329,0.022119,0.039424,-0.810117,-0.21062,-0.52705,-0.062314,0.1859,0.15914,-0.13802,0.045086,0.075493,4
9,10,0.667414,-0.656099,0.138003,-0.663782,0.153753,-0.1161,-0.288443,0.072518,-0.227014,-0.441699,-0.012383,0.197495,4
7,13,-0.074394,-0.652053,0.334771,-0.336781,0.358657,-0.290824,-0.210665,-0.158118,-0.276595,-0.30844,0.054668,0.182496,4
7,10,0.244756,-0.632159,0.122493,-0.577827,0.332734,-0.320079,-0.211586,0.011104,-0.255315,-0.265149,-0.184364,0.27652,4
15,6,0.485331,-0.587706,0.43846,-0.808089,-0.104336,-0.211326,-0.407373,0.323368,-0.051665,-0.30253,0.079043,0.062612,4
26,7,0.55686,-0.285645,0.271827,-0.764676,-0.04494,-0.440568,-0.171797,0.223769,-0.03418,-0.197896,-0.198263,0.181806,4
35,21,0.087346,-0.787991,0.336691,-0.201654,0.423607,-0.128814,-0.246831,-0.400651,-0.190013,-0.159885,-0.059427,0.098167,4
13,13,0.316379,-0.699173,0.371589,-0.346208,0.353396,-0.18933,-0.217561,-0.202707,-0.320042,-0.268476,0.051759,0.234107,4
2,4,0.883377,-0.487833,0.187752,-0.592438,-0.388691,-0.326446,-0.109866,0.043589,0.186876,-0.270976,-0.155988,0.247725,4
10,13,0.20144,-0.621556,0.181044,-0.251535,0.347073,-0.098721,-0.267059,-0.281158,-0.182836,-0.330249,0.098925,0.166909,4
16,3,1.139367,-0.616063,0.208459,-0.819682,-0.181113,-0.423254,-0.333194,0.318237,0.087822,-0.111127,-0.030143,0.021089,4
24,11,0.325729,-0.754699,0.260272,-0.628073,0.36836,-0.082238,-0.265607,-0.07292,-0.359608,-0.238781,-0.108562,0.174764,4
10,2,0.733159,-0.089799,0.134677,-0.703302,-0.304399,-0.531955,-0.024925,0.083606,0.183396,-0.224942,0.005505,0.197911,4
4,9,0.287305,-0.663949,0.168907,-0.483932,0.285006,-0.248696,-0.167822,-0.094579,-0.271852,-0.279787,-0.14652,0.358582,4
27,20,0.342121,-0.578184,0.180049,-0.335269,0.738746,-0.035239,-0.330107,-0.251744,-0.268446,-0.139305,-0.101991,0.034719,4
30,1,1.098016,-0.56132,0.488913,-0.765028,-0.350648,-0.306385,-0.418422,0.191432,0.22065,-0.139764,-0.041476,0.112959,4
29,1,0.627726,-0.484084,0.767235,-0.687871,-0.519869,-0.480874,-0.326254,0.212356,0.045339,-0.024415,0.005748,0.079415,4
22,14,0.33167,-0.615345,0.240627,-0.330576,0.237037,-0.079316,-0.084574,-0.419163,-0.207914,-0.22863,-0.096304,0.259226,4
4,18,0.051674,-0.807069,0.495161,-0.143969,0.309371,-0.102967,-0.240059,-0.280105,-0.190467,-0.185825,-0.061878,0.141531,4
18,5,0.937747,-0.562027,0.228339,-0.964774,-0.188516,-0.175108,-0.2159,0.220931,0.02338,-0.214036,-0.005014,0.093798,4
9,9,0.665892,-0.590688,0.147601,-0.700289,0.12075,-0.138295,-0.256738,0.094208,-0.216591,-0.434817,-0.024091,0.182305,4
26,8,0.297762,-0.723072,0.401334,-0.41277,0.136925,-0.023932,-0.408033,-0.039601,-0.216341,-0.367039,0.110095,0.229348,4
35,8,0.751733,-0.564154,0.128382,-0.668621,0.06073,-0.288513,-0.200493,0.122106,-0.033378,-0.343834,-0.202577,0.229767,4
6,11,0.060025,-0.85136,0.408173,-0.283568,0.09401,-0.021601,-0.314142,-0.184747,-0.255091,-0.32318,0.076607,0.204413,4
20,6,1.282359,-0.558491,0.3666,-0.75052,-0.143759,-0.106157,-0.488072,0.158825,0.150735,-0.279341,-0.097509,-0.018833,4
27,10,0.603513,-0.487315,0.143187,-0.613957,0.264805,-0.246802,-0.186411,0.068415,-0.170898,-0.420629,-0.195533,0.129437,4
22,1,0.830158,-0.250109,0.339173,-0.781473,-0.186224,-0.627233,-0.265893,0.312538,0.035589,-0.021238,-0.04822,0.066535,4
7,11,0.241573,-0.676152,0.175304,-0.533089,0.350022,-0.284323,-0.228818,-0.027057,-0.270127,-0.250327,-0.173304,0.290784,4
15,3,0.594975,-0.559109,0.600682,-0.921137,-0.287133,-0.320147,-0.420831,0.426807,0.026007,-0.256883,0.131375,0.004049,4
15,1,0.714761,-0.551968,0.780754,-0.930275,-0.382592,-0.357582,-0.444225,0.439481,0.006042,-0.234448,0.239565,-0.001643,4
1,3,0.955956,-0.820447,0.213084,-0.586273,-0.403933,-0.177661,-0.259493,0.128398,0.200159,-0.193395,-0.145624,0.140636,4
17,9,0.866938,-1.450218,0.002039,-0.361872,-0.026117,-0.248227,-0.160308,0.030223,-0.194223,-0.234933,0.010925,0.30357,4
19,9,0.57551,-0.668929,-0.033839,-0.431232,0.079113,-0.149824,-0.13876,-0.33827,-0.075152,-0.323928,0.03436,0.391214,4
15,15,0.389667,-0.89133,0.338163,-0.094617,0.302244,-0.075296,-0.233246,-0.346611,-0.179812,-0.264907,0.004844,0.123482,4
40,5,0.75162,-0.231978,0.164493,-0.785561,0.124423,-0.449915,-0.238058,0.238954,0.021552,-0.242959,-0.257809,0.051801,4
3,9,0.398717,-0.843681,0.256054,-0.490665,0.157701,-0.101873,-0.309563,-0.084009,-0.237117,-0.346978,0.038162,0.27369,4
9,14,0.474365,-0.764518,0.327463,-0.432511,0.287364,0.002646,-0.427062,-0.021933,-0.294732,-0.407902,0.113799,0.198102,4
18,19,0.105677,-0.776719,0.543268,-0.172469,0.203446,-0.108468,-0.213087,-0.505521,-0.105958,-0.010429,-0.038017,0.033511,4
33,19,-0.13051,-0.715759,0.485581,-0.126527,0.496886,-0.091887,-0.120448,-0.312356,-0.317388,-0.070237,-0.03801,0.012202,4
24,18,0.021885,-0.809946,0.370515,-0.340904,0.494132,-0.160233,-0.299104,-0.208254,-0.390411,-0.152004,-0.044058,0.100841,4
29,4,0.620744,-0.528719,0.517253,-0.677019,-0.334557,-0.441595,-0.273735,0.197984,0.10864,-0.099331,-0.201908,0.116207,4
31,4,1.182,-0.841085,0.845338,-0.719153,-0.475466,-0.125307,-0.48245,0.212549,0.195205,-0.354812,-0.016436,0.111248,4
13,14,0.285009,-0.696715,0.302483,-0.291277,0.324196,-0.121686,-0.344103,-0.360008,-0.156419,-0.157669,0.064481,0.087608,4
14,15,0.16545,-0.865221,0.462463,-0.21791,0.4013,-0.028891,-0.225805,-0.331211,-0.262688,-0.150006,0.02314,0.068771,4
18,4,0.89788,-0.581013,0.05235,-0.694856,-0.150408,-0.405319,-0.173523,0.133877,0.090597,-0.065571,-0.173626,0.114246,4
3,4,0.923052,-0.717367,0.173234,-0.671038,-0.181603,-0.228948,-0.244013,0.148192,0.066712,-0.33142,-0.119654,0.200625,4
43,13,0.476662,-0.815932,0.253351,-0.299361,0.340419,-0.170783,-0.369514,-0.215317,-0.181793,-0.283127,-0.058236,0.250175,4
12,15,0.234645,-0.982581,0.341714,-0.295293,0.264384,-0.115493,-0.154058,-0.335215,-0.287684,-0.151147,0.000518,0.231038,4
5,11,0.403713,-0.840159,0.239841,-0.447924,0.315299,-0.144106,-0.30472,-0.047317,-0.202422,-0.376235,-0.061262,0.300323,4
4,10,0.34317,-0.609514,0.199085,-0.404447,0.312566,-0.173479,-0.171975,-0.19789,-0.219244,-0.368538,-0.11424,0.357633,4
20,21,0.790989,-0.646124,0.276343,-0.402802,0.518498,-0.001869,-0.344832,-0.186415,-0.224052,-0.269669,-0.107541,0.168875,4
5,9,0.548527,-0.799739,0.181022,-0.584933,0.190945,-0.164558,-0.318614,0.043468,-0.139356,-0.364533,-0.058882,0.272788,4
22,11,-0.106619,-0.701455,0.287763,-0.220127,0.502221,-0.161607,-0.33265,-0.287539,-0.220906,-0.234401,0.056901,0.088791,4
25,10,0.440537,-0.760876,0.276531,-0.630315,0.361297,-0.182981,-0.277596,0.053241,-0.36486,-0.307659,-0.09669,0.253265,4
27,2,1.029766,-0.572593,0.671982,-0.831008,-0.303472,-0.333828,-0.536162,0.311747,0.138644,-0.208058,0.094968,0.041399,4
7,8,0.201414,-0.657714,0.189951,-0.472305,0.297037,-0.264992,-0.168097,-0.05575,-0.315751,-0.403553,0.073759,0.283493,4
8,1,0.909682,-0.303354,0.24826,-0.612561,-0.190048,-0.625519,-0.282008,0.110109,0.142346,-0.068602,-0.065465,0.191012,4
30,5,0.865245,-0.53355,0.158986,-0.773981,-0.140643,-0.236962,-0.263286,0.10698,0.162661,-0.228655,-0.170134,0.138805,4
20,12,0.726658,-1.03434,0.286345,-0.533615,0.010206,0.017337,-0.288176,-0.157235,-0.201191,-0.267594,0.069187,0.345796,4
14,22,0.197086,-0.966517,0.440862,-0.164143,0.14969,0.035102,-0.280539,-0.48566,-0.186403,-0.090956,0.056269,-0.008844,4
30,8,0.625519,-0.590979,0.131506,-0.569612,0.00891,-0.104117,-0.263066,-0.004881,-0.034712,-0.375766,-0.061843,0.283403,4
17,3,0.724933,-0.963617,0.061229,-0.56154,-0.268723,-0.452912,0.016621,0.202074,-0.019197,-0.143355,-0.086651,0.192097,4
26,19,0.040367,-0.817331,0.547986,-0.134031,0.432676,-0.167078,-0.260089,-0.257293,-0.189383,-0.145271,-0.051298,0.06725,4
2,6,0.815754,-0.6114,0.174501,-0.586864,-0.281438,-0.226066,-0.139825,0.047674,0.112253,-0.337241,-0.181365,0.247,4
20,16,0.791421,-0.680852,0.246433,-0.537631,0.377886,-0.008277,-0.347902,-0.072869,-0.298237,-0.37819,-0.029925,0.200094,4
24,15,0.209916,-0.817634,0.334188,-0.428636,0.494762,-0.128016,-0.320588,-0.168086,-0.406769,-0.153662,-0.039008,0.09252,4
13,11,0.340416,-0.552008,0.12173,-0.421979,0.380227,-0.152769,-0.269746,-0.339201,-0.216371,-0.250342,0.060811,0.211251,4
2,12,0.637708,-0.939481,0.244788,-0.328361,0.126979,-0.091358,-0.146616,-0.207936,-0.19888,-0.349512,-0.083269,0.362761,4
11,16,0.15751,-0.862028,0.350727,-0.220567,0.172048,0.027006,-0.220647,-0.326788,-0.242754,-0.321823,0.04938,0.19503,4
12,5,0.486874,-0.335685,0.191129,-0.835119,-0.011738,-0.448324,-0.249296,0.249993,0.069337,-0.195905,-0.155607,0.081053,4
26,12,0.331393,-0.60302,0.26124,-0.44645,0.334992,-0.231171,-0.208849,-0.126727,-0.230591,-0.30777,-0.120942,0.30139,4
3,13,0.544987,-0.592157,0.032407,-0.362164,0.20642,-0.207599,-0.100506,-0.218403,-0.104694,-0.290396,-0.172057,0.33857,4
27,13,0.599584,-0.596721,0.053843,-0.524485,0.42259,-0.161082,-0.259467,-0.082631,-0.185436,-0.388795,-0.221515,0.202658,4
39,16,-0.116581,-0.674075,0.511708,-0.177601,0.493844,-0.182685,-0.314561,-0.225223,-0.241082,-0.138911,-0.063403,0.019769,4
12,15,0.09941,-0.690026,0.205797,-0.393706,0.332729,-0.240185,-0.246412,-0.141147,-0.303401,-0.331249,0.105576,0.203344,4
23,2,1.486293,-0.842489,0.514112,-0.750411,-0.409786,-0.339988,-0.353481,0.264495,0.120188,-0.126449,-0.035018,0.043303,4
6,17,-0.126608,-0.79844,0.661918,-0.087654,0.246724,0.074575,-0.270349,-0.325967,-0.15736,-0.138138,-0.036737,-0.073465,4
7,2,0.307777,-0.328611,0.321202,-0.757082,-0.016308,-0.512273,-0.197327,0.273819,-0.138567,-0.151198,-0.111425,0.112947,4
21,5,0.284422,-0.40768,0.332265,-0.761475,-0.080365,-0.506222,-0.196769,0.357883,-0.069169,-0.250731,-0.015016,0.00474,4
30,4,0.939942,-0.514223,0.234242,-0.803569,-0.196205,-0.248807,-0.308481,0.141145,0.189506,-0.186207,-0.157167,0.114583,4
12,17,0.010015,-0.631388,0.294066,-0.275723,0.351353,-0.231497,-0.241387,-0.196366,-0.317167,-0.260457,0.191203,0.112309,4
12,25,-0.284147,-0.604102,0.490965,-0.076305,0.485904,-0.178521,-0.212307,-0.319857,-0.258072,-0.165615,0.070534,-0.109963,4
17,8,0.762018,-1.331991,-0.015778,-0.410383,-0.045013,-0.278125,-0.099428,0.032898,-0.1609,-0.240444,-0.048205,0.322739,4
34,1,0.444027,-0.253146,0.393407,-0.70207,-0.40668,-0.455932,-0.119686,0.098511,0.095739,-0.081503,-0.057647,0.188592,4
32,6,0.719515,-0.831725,0.11973,-0.499548,0.026379,-0.139718,-0.162312,-0.059237,-0.120056,-0.427875,-0.127375,0.341655,4
12,12,0.20229,-0.618384,0.153539,-0.498909,0.275642,-0.219765,-0.221967,-0.046836,-0.298815,-0.410571,0.069742,0.232301,4
32,1,1.030091,-0.62666,0.483213,-0.724966,-0.390453,-0.371888,-0.253494,0.195715,0.099243,-0.179291,-0.057342,0.163783,4
19,16,0.071253,-0.722163,0.268841,-0.035126,0.092518,-0.007838,-0.206326,-0.547794,-0.064947,-0.218094,0.063068,0.016168,4
38,17,0.414161,-0.83825,0.423229,-0.150837,0.497763,-0.152193,-0.331519,-0.240271,-0.150451,-0.162842,-0.127583,0.169376,4
16,2,0.540545,0.045381,0.125791,-0.806991,-0.246545,-0.56909,-0.088727,0.21292,0.159883,-0.114546,0.076937,0.081771,4
29,16,0.260146,-0.74539,0.34049,-0.401992,0.453537,0.042163,-0.238538,-0.318681,-0.23731,-0.112891,-0.207275,0.113508,4
3,15,0.403045,-0.618545,0.146481,-0.217718,0.249237,-0.150071,-0.155757,-0.299636,-0.134473,-0.290831,-0.093279,0.333708,4
1,11,0.802481,-0.85951,0.28648,-0.463812,0.06881,0.027901,-0.320034,-0.147347,-0.174707,-0.33601,-0.008116,0.310312,4
22,21,0.012922,-0.719232,0.54618,-0.240442,0.334463,-0.04039,-0.181416,-0.433781,-0.214069,-0.033204,-0.110832,0.105106,4
5,6,0.68258,-0.623726,0.140738,-0.757023,0.048125,-0.25328,-0.292791,0.159944,-0.010612,-0.304326,-0.119644,0.158357,4
15,16,-0.138772,-0.560499,0.379643,-0.219502,0.227024,-0.05773,-0.313498,-0.315235,-0.313172,-0.175484,0.211492,-0.034096,4
19,7,0.807895,-0.556821,0.169831,-0.764466,0.249833,-0.201703,-0.317139,0.151701,-0.124444,-0.368888,-0.203351,0.100512,4
17,15,0.87083,-1.661862,0.236576,-0.106857,-0.02486,-0.134653,-0.314544,-0.148154,-0.248682,-0.181213,0.18693,0.233187,4
35,15,0.325551,-0.719827,0.179536,-0.352781,0.367967,-0.107374,-0.201763,-0.316104,-0.193566,-0.233848,-0.028178,0.207695,4
24,20,0.039664,-0.850464,0.394502,-0.26675,0.476406,-0.195747,-0.293539,-0.233067,-0.359963,-0.123379,-0.059472,0.087402,4
7,6,0.302615,-0.508905,0.01994,-0.581697,0.188564,-0.321531,-0.082504,0.015211,-0.125382,-0.440591,-0.059774,0.352176,4
1,5,0.935967,-0.847713,0.111301,-0.528436,-0.336155,-0.114715,-0.222951,0.050201,0.104134,-0.24923,-0.131591,0.20951,4
42,1,0.422875,-0.891486,0.307997,-0.357643,0.303255,-0.004444,-0.422677,-0.072378,-0.192728,-0.403994,-0.037159,0.191721,4
17,10,0.5842,-0.442956,0.151733,-0.505446,0.081253,-0.312421,-0.108883,-0.079916,-0.029978,-0.370183,-0.147464,0.37546,4
17,3,0.994013,-0.401096,0.488909,-0.781206,-0.279108,-0.435968,-0.358002,0.225613,0.157819,-0.128569,-0.070866,0.142986,4
6,14,0.034411,-0.858612,0.620475,-0.248932,0.11978,-0.041269,-0.354772,-0.272163,-0.207125,-0.155569,0.038061,0.033507,4
14,6,1.049223,-0.931362,0.200334,-0.760585,-0.01535,-0.106682,-0.335507,0.182383,-0.028595,-0.361987,-0.082967,0.145173,4
23,9,0.32309,-0.447247,0.024458,-0.451172,0.448182,-0.104044,-0.272816,-0.214536,-0.199158,-0.360809,-0.023175,0.179033,4
28,12,0.102479,-0.623097,0.297024,-0.33184,0.33392,-0.04382,-0.315463,-0.177459,-0.351792,-0.274072,0.166712,0.06207,4
14,23,0.163168,-0.961486,0.463275,-0.158402,0.154975,0.020367,-0.284347,-0.500158,-0.169483,-0.078858,0.029717,-0.013417,4
20,20,0.46007,-1.159555,0.519234,-0.388149,0.133394,0.00865,-0.296185,-0.320876,-0.325988,-0.125955,0.043261,0.135465,4
16,16,0.475703,-1.006461,0.424826,-0.205666,0.262941,-0.052782,-0.173411,-0.402828,-0.297701,-0.117423,-0.040351,0.116554,4
17,1,0.609433,-0.838054,0.185931,-0.578186,-0.369376,-0.528161,-0.030302,0.246326,-0.004034,-0.086037,-0.010743,0.152866,4
16,1,0.526792,0.033949,0.222016,-0.795987,-0.307206,-0.604154,-0.112771,0.225128,0.161533,-0.065087,0.096171,0.127369,4
17,1,1.067787,-0.415719,0.567151,-0.75036,-0.341131,-0.444746,-0.400398,0.232845,0.168614,-0.132383,0.001483,0.148808,4
2,3,0.921065,-0.426369,0.242345,-0.568487,-0.466769,-0.326293,-0.161501,0.083337,0.206131,-0.242858,-0.114211,0.215604,4
26,4,0.563708,-0.533334,0.307341,-0.761036,-0.063928,-0.129301,-0.37181,0.2228,-0.017232,-0.365903,-0.023888,0.118037,4
4,2,0.430895,-0.233191,0.009192,-0.664289,0.021457,-0.494674,-0.100379,0.083223,0.06803,-0.19158,-0.262422,0.175669,4
30,10,0.616936,-0.707877,0.255817,-0.392676,0.077694,-0.049321,-0.298729,-0.094536,-0.157872,-0.397497,0.019985,0.346088,4
29,11,0.281544,-0.458384,0.227264,-0.34607,0.372064,-0.005121,-0.241878,-0.162889,-0.353773,-0.3629,0.09964,0.067419,4
21,3,0.643877,-0.383982,0.242755,-0.609214,-0.389838,-0.519165,-0.214262,0.187222,0.208744,-0.223433,0.008716,0.161756,4
7,15,0.135504,-0.773804,0.344998,-0.325634,0.492024,-0.215984,-0.299507,-0.135141,-0.323744,-0.230854,-0.090215,0.205541,4
18,6,0.876592,-0.575353,0.144705,-0.930809,-0.09121,-0.204731,-0.185636,0.168709,-0.031631,-0.231434,-0.021492,0.159336,4
28,4,0.613612,-0.476411,0.200046,-0.815499,-0.074203,-0.419368,-0.235202,0.326197,-0.034518,-0.295338,-0.014486,0.102998,4
43,8,0.863108,-0.696027,0.311766,-0.696995,0.021412,-0.192762,-0.280193,0.181641,-0.098726,-0.384721,-0.07925,0.197902,4
15,18,-0.216257,-0.56791,0.425051,-0.18367,0.242384,-0.040339,-0.333293,-0.334367,-0.286923,-0.132898,0.188397,-0.089698,4
18,5,0.847827,-0.59908,-0.026207,-0.666803,-0.085914,-0.331517,-0.126133,0.060809,0.043251,-0.116464,-0.199055,0.150744,4
11,4,0.626446,-0.245741,0.121095,-0.622069,-0.204652,-0.398837,-0.07599,0.122782,0.105881,-0.414191,-0.052549,0.199452,4
30,20,0.170822,-0.662896,0.760796,0.021255,0.169253,0.059478,-0.19369,-0.42327,-0.115969,-0.064886,-0.017075,-0.078089,4
28,10,0.475624,-0.639875,0.124234,-0.461001,0.337495,-0.188407,-0.244702,-0.187619,-0.197124,-0.316276,-0.065784,0.322255,4
15,11,0.161845,-0.597075,0.303217,-0.5249,0.158385,-0.052113,-0.261631,-0.050304,-0.308805,-0.325979,0.125862,0.148732,4
6,17,0.114251,-0.667795,0.675209,-0.118262,0.340832,0.017545,-0.099673,-0.358957,-0.288191,-0.147972,0.034738,0.009379,4
3,14,0.488708,-0.626545,0.096353,-0.297043,0.231826,-0.176643,-0.130845,-0.253849,-0.12128,-0.289108,-0.143023,0.341422,4
22,12,-0.198003,-0.655495,0.368633,-0.155483,0.50232,-0.184318,-0.284055,-0.285958,-0.181617,-0.192631,0.037433,0.038535,4
24,2,0.710543,-0.502552,0.451643,-0.957525,-0.081412,-0.360421,-0.41211,0.313234,-0.00115,-0.126748,-0.035006,-0.014102,4
30,8,0.736928,-0.684043,0.290358,-0.655636,0.165826,-0.168514,-0.28185,0.114067,-0.166003,-0.329358,-0.223892,0.18144,4
31,12,1.086777,-1.077538,0.349033,-0.673542,0.197791,0.018311,-0.430792,0.067872,-0.192042,-0.428667,-0.140785,0.130687,4
44,9,1.051109,-0.700967,0.269138,-0.644889,0.111877,-0.183219,-0.304997,0.093901,-0.122038,-0.323107,-0.123808,0.167892,4
33,17,-0.056901,-0.705577,0.368766,-0.186212,0.475269,-0.174765,-0.19103,-0.285509,-0.315618,-0.096543,-0.053804,0.121325,4
4,11,0.272297,-0.596134,0.223428,-0.39731,0.334141,-0.151188,-0.195219,-0.233038,-0.251383,-0.329782,-0.089764,0.352758,4
21,13,0.628133,-0.871536,0.013978,-0.401538,0.178749,-0.129301,-0.219755,-0.132999,-0.106844,-0.414079,-0.094734,0.332911,4
7,18,-0.108969,-0.745498,0.447755,-0.146869,0.425664,-0.204457,-0.206536,-0.232415,-0.183191,-0.228801,0.022049,0.078932,4
6,19,-0.122065,-0.761513,0.728039,-0.158638,0.306634,0.048362,-0.287689,-0.352423,-0.152287,-0.091364,-0.096257,-0.11963,4
16,12,0.799598,-0.989437,0.18885,-0.360643,0.191862,-0.120332,-0.201277,-0.228084,-0.292718,-0.275064,0.005816,0.364733,4
4,15,0.14322,-0.785419,0.455053,-0.306491,0.265143,-0.055805,-0.147488,-0.376054,-0.318914,-0.18345,-0.009784,0.184673,4
23,12,1.049538,-1.09195,0.144662,-0.544355,0.076254,-0.102388,-0.227175,-0.085485,-0.17507,-0.30806,-0.192575,0.33131,4
36,10,0.918704,-0.648803,0.153799,-0.568803,0.21731,-0.147083,-0.187222,-0.102138,-0.113979,-0.316485,-0.289349,0.346642,4
1,18,0.098281,-0.845004,0.516033,-0.195799,0.237958,0.090459,-0.281626,-0.37315,-0.206463,-0.198171,0.010031,0.084441,4
30,16,0.255433,-0.651513,0.515377,-0.015694,0.189901,-0.016423,-0.25264,-0.409887,-0.178588,-0.211625,0.044028,0.05203,4
28,16,0.063246,-0.748566,0.464281,-0.075235,0.376992,-0.178373,-0.232833,-0.372352,-0.143748,-0.167154,-0.056455,0.078701,4
8,16,0.299435,-0.725732,0.173935,-0.176325,0.384196,-0.132703,-0.131889,-0.390391,-0.136575,-0.218314,-0.17703,0.333542,4
13,11,0.443112,-0.678589,0.315694,-0.510294,0.314855,-0.190094,-0.208731,-0.052137,-0.366534,-0.384948,-0.01152,0.248371,4
33,11,0.185355,-0.577038,0.04762,-0.480557,0.521183,-0.133938,-0.237818,-0.237417,-0.324724,-0.214929,-0.102991,0.178984,4
20,4,1.222346,-0.473878,0.315938,-0.729309,-0.341263,-0.132843,-0.502716,0.142986,0.287584,-0.184191,-0.086522,-0.022182,4
8,3,0.786511,-0.503977,0.207327,-0.62493,-0.220911,-0.449882,-0.06771,0.033166,0.167927,-0.156279,-0.315481,0.25525,4
13,15,0.117722,-0.745173,0.451478,-0.204578,0.436541,-0.142114,-0.231664,-0.185512,-0.280162,-0.256743,0.015959,0.140171,4
3,12,0.120193,-0.846683,0.346892,-0.211357,0.197907,-0.010011,-0.313763,-0.289185,-0.235922,-0.242541,0.128799,0.161588,4
8,20,0.044297,-0.998937,0.555197,-0.004304,0.57765,-0.14145,-0.295968,-0.154359,-0.22236,-0.091312,-0.072604,-0.029333,4
14,3,0.874715,-0.547031,0.292267,-0.640623,-0.415776,-0.297081,-0.249839,0.271892,0.076115,-0.234983,0.141871,0.128085,4
14,16,0.622839,-0.931321,0.019475,-0.283939,0.075628,-0.068257,-0.299612,-0.277509,-0.125044,-0.26815,0.122406,0.281303,4
4,19,0.132691,-0.733447,0.505671,-0.194373,0.36187,-0.137842,-0.24128,-0.253312,-0.250112,-0.209855,-0.003023,0.175229,4
8,1,0.767797,-0.533544,0.355356,-0.65896,-0.31444,-0.513075,-0.145355,0.097674,0.169759,-0.060088,-0.235705,0.251879,4
1,6,1.206042,-0.968944,0.189241,-0.536712,-0.299628,-0.037379,-0.27399,0.024686,0.10814,-0.269916,-0.143443,0.214148,4
34,6,0.410436,-0.505574,0.278273,-0.690981,-0.086017,-0.218447,-0.159202,0.09678,-0.071567,-0.329184,-0.057747,0.227634,4
14,13,1.171319,-0.920776,-0.004734,-0.403499,-0.038892,-0.039154,-0.338941,-0.055634,-0.130234,-0.320864,0.155329,0.330849,4
5,17,0.19242,-0.799804,0.473544,-0.2538,0.399842,-0.133148,-0.296979,-0.312325,-0.270349,-0.168333,0.042719,0.167683,4
17,21,0.543613,-1.553294,0.276391,0.004876,0.134736,-0.19223,-0.301735,-0.30698,-0.2566,-0.110365,0.043113,0.140194,4
43,10,0.739557,-0.751628,0.291974,-0.528805,0.218214,-0.09989,-0.319043,0.037232,-0.19555,-0.433475,-0.079094,0.239379,4
4,17,0.243803,-0.759755,0.387915,-0.247462,0.340292,-0.149679,-0.21663,-0.286964,-0.244574,-0.249297,-0.022791,0.2605,4
1,4,0.919834,-0.792808,0.094948,-0.541819,-0.347483,-0.184594,-0.212082,0.085932,0.153618,-0.223762,-0.145553,0.18927,4
16,4,1.297954,-0.737759,0.165061,-0.880483,-0.098302,-0.367577,-0.338946,0.316343,0.037628,-0.146125,-0.070307,0.046782,4
12,12,0.369667,-0.962959,0.13539,-0.427876,0.268171,-0.200595,-0.195298,-0.217165,-0.253049,-0.231332,-0.017676,0.388877,4
19,12,0.182106,-0.698276,0.417678,-0.197129,0.475726,-0.152757,-0.333577,-0.147019,-0.151885,-0.280269,-0.085128,0.079935,4
9,16,0.319153,-0.787816,0.404124,-0.379237,0.356794,-0.022579,-0.363309,-0.10738,-0.331586,-0.345997,0.089192,0.135223,4
23,1,1.344349,-0.671935,0.483195,-0.645371,-0.476847,-0.382074,-0.317246,0.218408,0.174035,-0.112807,-0.040073,0.083813,4
22,10,-0.031103,-0.685591,0.194472,-0.262299,0.507008,-0.145938,-0.327841,-0.291894,-0.213733,-0.286032,0.05025,0.132659,4
16,14,0.615303,-1.022824,0.326629,-0.250319,0.268363,-0.058108,-0.175479,-0.319682,-0.326029,-0.19369,-0.016136,0.18591,4
10,17,0.21367,-0.757791,0.348963,-0.077362,0.309591,-0.233045,-0.234664,-0.387115,-0.098728,-0.247708,-0.026958,0.200578,4
37,5,0.843711,-0.443311,0.367276,-0.807446,0.085548,-0.286623,-0.279791,0.311034,-0.143749,-0.278397,-0.204323,-0.02054,4
24,18,0.07776,-0.858802,0.736151,-0.128347,0.249666,-0.076298,-0.411088,-0.207102,-0.278645,-0.177155,0.109412,-0.048394,4
15,6,0.947652,-0.404161,-0.091084,-0.669868,0.048964,-0.328722,-0.124216,0.040199,0.090063,-0.363656,-0.179824,0.244549,4
6,10,0.091039,-0.81876,0.332959,-0.290508,0.057793,-0.016327,-0.277203,-0.163165,-0.241456,-0.359847,0.087363,0.256161,4
2,10,0.803204,-0.965462,0.171921,-0.482797,0.020966,-0.097854,-0.184173,-0.100827,-0.153758,-0.389558,-0.122517,0.367654,4
35,18,0.183894,-0.820502,0.275368,-0.203259,0.423285,-0.115923,-0.258867,-0.351172,-0.189898,-0.229962,-0.04116,0.144424,4
10,9,0.483488,-0.55946,0.062467,-0.533964,0.149068,-0.237258,-0.149821,-0.126604,-0.123571,-0.425612,-0.024588,0.403234,4
27,3,0.994712,-0.360313,0.579622,-0.875544,-0.222258,-0.309081,-0.55541,0.337227,0.147331,-0.214272,0.051876,-0.013742,4
34,3,0.427944,-0.327617,0.355616,-0.726612,-0.343295,-0.379738,-0.126276,0.120753,0.087796,-0.169309,-0.071831,0.191497,4
30,7,0.696933,-0.651895,0.287594,-0.694575,0.077135,-0.209113,-0.291842,0.154167,-0.118622,-0.308447,-0.202683,0.137528,4
16,19,-0.003501,-0.745964,0.492022,-0.19698,0.198211,-0.120705,-0.271628,-0.337857,-0.209766,-0.147919,0.108698,0.102762,4
43,6,0.867723,-0.603605,0.349505,-0.781475,-0.159898,-0.287716,-0.252106,0.290298,0.006185,-0.326562,-0.088205,0.125473,4
4,7,0.38435,-0.509879,0.06347,-0.591025,0.249995,-0.328606,-0.141037,0.007553,-0.243571,-0.288194,-0.16644,0.303798,4
36,13,0.655626,-0.588241,0.241094,-0.415179,0.471457,-0.032692,-0.248061,-0.309294,-0.210091,-0.193185,-0.234802,0.245457,4
23,4,1.434652,-0.822723,0.421387,-0.793462,-0.275866,-0.291184,-0.384991,0.266004,0.082405,-0.168669,-0.057015,0.021813,4
14,19,0.370286,-0.975858,0.26444,-0.16548,0.125666,0.000256,-0.31359,-0.385001,-0.157589,-0.1716,0.110562,0.131987,4
24,19,0.043734,-0.844111,0.386515,-0.305546,0.481443,-0.178525,-0.291947,-0.219821,-0.375526,-0.138659,-0.055962,0.09572,4
7,12,0.00557,-0.680687,0.290106,-0.36564,0.375179,-0.275094,-0.207002,-0.181085,-0.3187,-0.311037,0.093417,0.215517,4
6,20,0.102381,-0.53471,0.714563,-0.028519,0.313154,0.046815,-0.130564,-0.404454,-0.281608,-0.118219,0.075662,-0.10092,4
18,8,0.733371,-0.651252,0.063817,-0.768133,0.05466,-0.232298,-0.140365,0.019537,-0.134237,-0.303201,-0.011418,0.363567,4
8,21,0.03256,-1.016907,0.579142,0.011939,0.58224,-0.118439,-0.28987,-0.163585,-0.231007,-0.075463,-0.07494,-0.062905,4
11,17,0.19995,-0.868466,0.388113,-0.206901,0.354537,-0.079762,-0.295827,-0.251956,-0.255168,-0.283993,0.041056,0.101148,4
23,3,1.261923,-0.659938,0.390157,-0.675079,-0.3634,-0.340484,-0.341794,0.240685,0.146257,-0.135478,-0.064708,0.024331,4
27,7,0.80877,-0.412817,0.360027,-0.870152,0.019118,-0.150337,-0.481103,0.276652,0.023358,-0.316351,-0.105492,-0.034734,4
8,6,0.741473,-0.540955,0.124713,-0.534643,-0.096043,-0.341792,-0.008729,-0.053211,0.083667,-0.287559,-0.374517,0.314098,4
36,17,0.479937,-0.616573,0.501426,-0.312917,0.446206,0.002727,-0.225796,-0.339403,-0.176173,-0.055107,-0.17349,0.107042,4
21,6,0.275702,-0.394387,0.311467,-0.728196,-0.011342,-0.471915,-0.178585,0.360426,-0.140626,-0.316041,-0.034941,0.012957,4
11,16,0.265992,-0.875394,0.366802,-0.23276,0.341323,-0.081816,-0.281633,-0.233991,-0.285086,-0.307919,0.053623,0.137228,4
6,12,-0.001071,-0.823198,0.462636,-0.291292,0.097113,-0.03803,-0.311443,-0.242438,-0.23664,-0.262357,0.054855,0.143309,4
30,9,0.61902,-0.643786,0.188039,-0.461169,0.045368,-0.070723,-0.281131,-0.056223,-0.09584,-0.389392,-0.013665,0.333458,4
9,22,0.115988,-0.900662,0.579766,-0.231916,0.462485,-0.060442,-0.494237,-0.125082,-0.300986,-0.258198,0.082986,-0.004571,4
21,2,0.359379,-0.425838,0.523795,-0.826027,-0.235748,-0.534643,-0.30295,0.35239,-0.003425,-0.159142,0.099849,0.051859,4
3,17,0.305535,-0.597479,0.238656,-0.153775,0.263927,-0.126537,-0.139438,-0.374147,-0.173308,-0.288314,-0.03611,0.315934,4
43,14,0.349197,-0.838965,0.289052,-0.285548,0.330277,-0.169093,-0.359407,-0.254977,-0.196446,-0.221475,-0.025485,0.178496,4
2,6,1.381158,-0.619273,0.198867,-0.690637,-0.187759,-0.146733,-0.265814,0.136283,0.063467,-0.387968,-0.130392,0.212427,4
1,7,1.04848,-0.825389,0.06279,-0.449172,-0.266953,-0.019562,-0.248978,-0.019119,0.065036,-0.295913,-0.141961,0.23346,4
6,3,0.455619,-0.721622,0.382138,-0.669222,-0.528702,-0.190582,-0.248945,0.264241,0.130069,-0.264629,0.010364,0.185099,4
17,19,0.661611,-1.541801,0.258997,-0.002823,0.085108,-0.180967,-0.28573,-0.255698,-0.269572,-0.138855,0.069097,0.154342,4
9,13,0.562865,-0.76323,0.282146,-0.490098,0.277482,-0.048571,-0.408079,-0.003741,-0.288642,-0.409044,0.099742,0.224472,4
2,13,0.647095,-0.975236,0.330382,-0.3015,0.124196,-0.055639,-0.160525,-0.2373,-0.2442,-0.307257,-0.048427,0.302503,4
8,17,0.322216,-0.996684,0.412399,-0.08611,0.464071,-0.181565,-0.280885,-0.211987,-0.194998,-0.178687,-0.08301,0.132499,4
38,5,1.066355,-0.586268,0.375406,-0.805923,-0.112842,-0.382352,-0.215443,0.269869,-0.046069,-0.276413,-0.149465,0.158296,4
17,16,0.126925,-0.753668,0.413124,-0.084092,0.288749,-0.112207,-0.221757,-0.374557,-0.204519,-0.226652,0.050788,0.139262,4
24,14,0.241925,-0.796023,0.306345,-0.469851,0.473918,-0.10677,-0.320146,-0.15758,-0.388059,-0.161299,-0.064249,0.09198,4
7,12,0.244961,-0.716675,0.230824,-0.458181,0.37399,-0.24686,-0.232619,-0.086289,-0.279635,-0.248991,-0.149971,0.315765,4
29,10,0.322108,-0.382744,0.164589,-0.362964,0.420691,-0.123248,-0.237468,-0.111323,-0.288192,-0.388036,0.051671,0.123731,4
6,7,0.31783,-0.84824,0.311861,-0.568986,-0.154713,-0.070639,-0.271232,0.115313,-0.088701,-0.398791,-0.000792,0.263055,4
20,13,0.671978,-1.038101,0.350478,-0.547324,0.078689,0.017378,-0.279543,-0.154151,-0.264955,-0.251743,0.077002,0.314744,4
3,9,0.488615,-0.297662,-0.057743,-0.552002,0.20866,-0.343044,-0.14148,-0.001645,-0.015254,-0.248811,-0.188237,0.277538,4
28,3,1.068091,-0.730629,0.438809,-0.855003,-0.288101,-0.27457,-0.369547,0.293805,0.168251,-0.181632,-0.053362,0.08338,4
1,2,1.213674,-0.674691,0.251351,-0.613967,-0.337344,-0.322241,-0.297771,0.163003,0.146068,-0.215579,-0.077074,0.121764,4
16,10,0.341215,-0.422713,0.148433,-0.509141,0.092697,-0.234114,-0.111218,-0.123071,-0.135792,-0.333805,0.008389,0.328852,4
29,6,0.599547,-0.564324,0.376646,-0.6905,-0.195009,-0.318894,-0.258533,0.213532,0.058174,-0.22982,-0.273004,0.08689,4
14,15,0.828177,-0.976166,0.060143,-0.339477,0.040228,-0.030361,-0.336242,-0.186651,-0.164151,-0.280113,0.151234,0.293564,4
8,14,0.482231,-0.832092,0.122065,-0.247661,0.236664,-0.145528,-0.101642,-0.37473,-0.102963,-0.284915,-0.206809,0.394088,4
36,19,0.52345,-0.724924,0.482083,-0.165854,0.515649,-0.03103,-0.241231,-0.319911,-0.11926,-0.100592,-0.189272,0.113531,4
4,14,0.217827,-0.683301,0.23928,-0.369405,0.358311,-0.114319,-0.206349,-0.357111,-0.224137,-0.27358,-0.082539,0.324568,4
9,24,0.016706,-0.87722,0.631859,-0.142249,0.436773,-0.115751,-0.462358,-0.123421,-0.251891,-0.220359,0.0432,-0.037246,4
10,5,0.71003,-0.384624,0.220781,-0.813095,-0.008086,-0.295588,-0.262313,0.209737,-0.010031,-0.307609,-0.090601,0.092231,4
25,17,0.016018,-0.769895,0.652394,-0.199468,0.479682,-0.169513,-0.330856,-0.140134,-0.351392,-0.040236,0.034028,-0.073636,4
36,18,0.504575,-0.681394,0.503048,-0.227914,0.492771,-0.016767,-0.23115,-0.328428,-0.141132,-0.067364,-0.194133,0.105831,4
28,9,0.585551,-0.614086,0.14377,-0.537028,0.261672,-0.16987,-0.233795,-0.116593,-0.183362,-0.323345,-0.083698,0.321478,4
5,14,0.280427,-0.870312,0.319415,-0.321632,0.367805,-0.17511,-0.314603,-0.164088,-0.224365,-0.309422,-0.059053,0.23641,4
13,1,0.891052,-0.258864,0.625761,-0.838257,-0.393065,-0.573798,-0.305428,0.277834,0.041567,-0.072765,0.144608,0.144173,4
6,1,1.043366,-0.823232,0.768786,-0.645892,-0.549469,-0.271415,-0.475487,0.168219,0.237722,-0.200655,0.069428,0.198061,4
11,9,0.577936,-0.729419,0.042539,-0.516633,0.021114,-0.086923,-0.241488,-0.086251,-0.05047,-0.393479,-0.057852,0.288022,4
21,18,0.334023,-0.904535,0.16899,-0.133218,0.366555,-0.116587,-0.341382,-0.362448,-0.108187,-0.284421,-0.029976,0.234832,4
13,17,-0.002439,-0.818917,0.553033,-0.178892,0.517487,-0.091636,-0.232094,-0.158399,-0.284707,-0.203957,-0.049809,0.027914,4
22,5,0.627348,-0.418919,-0.034091,-0.780147,0.222727,-0.227617,-0.194189,-0.040044,-0.062979,-0.247337,-0.146749,0.212451,4
27,18,0.145519,-0.679555,0.601714,-0.147768,0.458211,-0.014036,-0.340281,-0.181038,-0.190234,-0.163527,-0.019073,-0.009068,4
21,9,0.980997,-0.704629,0.037812,-0.648979,-0.075405,-0.254416,-0.237906,0.117453,0.063538,-0.313044,-0.160884,0.206544,4
15,16,0.341147,-0.876418,0.360009,-0.081199,0.296661,-0.07443,-0.209574,-0.367612,-0.18134,-0.255785,0.006326,0.097322,4
4,19,0.057521,-0.852591,0.573024,-0.16478,0.31377,-0.063064,-0.237003,-0.283187,-0.221716,-0.130142,-0.062893,0.08121,4
18,1,1.263261,-0.607686,0.542194,-0.902864,-0.479126,-0.227122,-0.362142,0.212587,0.136199,-0.132237,0.140597,0.074924,4
8,16,0.386508,-0.99109,0.369125,-0.124935,0.430558,-0.172797,-0.262646,-0.212449,-0.219992,-0.21626,-0.078414,0.168896,4
18,11,0.391525,-0.842615,0.079261,-0.210578,0.105361,-0.122618,-0.037988,-0.403503,-0.176345,-0.242451,-0.095098,0.32501,4
23,1,0.537922,-0.293037,0.145809,-0.712939,-0.205517,-0.439589,-0.185043,0.205299,0.102029,-0.271996,0.013575,0.114192,4
39,8,0.482506,-0.467718,0.304355,-0.716175,0.118336,-0.274326,-0.18454,0.167518,-0.186049,-0.312691,-0.187361,0.248549,4
34,8,0.431786,-0.632204,0.272767,-0.554335,0.069447,-0.165741,-0.184173,-0.038994,-0.171733,-0.321374,-0.007474,0.275557,4
1,10,1.136988,-1.077329,0.149559,-0.481793,-0.036757,-0.001492,-0.262602,-0.090677,-0.125874,-0.401687,-0.115588,0.283157,4
30,16,0.353992,-0.867107,0.580759,-0.318032,0.302771,-0.016666,-0.243871,-0.296392,-0.331075,-0.11253,-0.002533,0.116006,4
19,15,-0.058504,-0.695714,0.576807,-0.079003,0.504115,-0.108272,-0.206237,-0.258499,-0.115777,-0.15963,-0.106314,-0.046737,4
21,10,0.92393,-0.759866,-0.010233,-0.585497,-0.008997,-0.226706,-0.223237,0.051351,0.018705,-0.34723,-0.156655,0.230233,4
27,8,0.788988,-0.452343,0.342567,-0.85855,0.064558,-0.119031,-0.454652,0.241925,-0.035975,-0.34835,-0.11939,-0.023926,4
10,11,0.273218,-0.473139,0.113216,-0.406975,0.262636,-0.203602,-0.202493,-0.212328,-0.177146,-0.413711,0.093494,0.302275,4
41,3,0.446078,-0.423135,0.486961,-0.875934,-0.23088,-0.355527,-0.258424,0.34755,-0.065965,-0.232369,0.034766,-0.005607,4
40,10,0.450877,-0.36409,0.004851,-0.48098,0.692946,-0.1283,-0.22307,-0.179801,-0.281386,-0.236444,-0.195595,0.061182,4
30,6,0.770718,-0.547325,0.11831,-0.729462,-0.076527,-0.209466,-0.230178,0.060985,0.106279,-0.279608,-0.161068,0.189298,4
12,22,-0.17016,-0.67376,0.414209,-0.098526,0.499958,-0.177496,-0.224188,-0.270912,-0.266285,-0.220763,0.10161,-0.018309,4
23,19,0.530428,-1.079773,0.319798,-0.260874,0.292277,-0.075894,-0.182025,-0.355844,-0.277605,-0.152019,-0.125161,0.27497,4
14,8,1.083557,-0.711289,0.005023,-0.599107,-0.212496,-0.189237,-0.242443,0.208987,0.013277,-0.345174,0.053495,0.190228,4
12,21,0.138146,-1.024814,0.621405,-0.194568,0.297834,-0.091627,-0.208554,-0.41916,-0.276486,0.033461,-0.0738,0.019188,4
16,11,0.890393,-0.997738,0.106078,-0.475757,0.204451,-0.143993,-0.21131,-0.179891,-0.282405,-0.268011,-0.027971,0.380321,4
27,3,0.883019,-0.510568,0.54561,-0.828369,-0.252654,-0.358438,-0.441721,0.312479,0.098302,-0.204746,0.035793,0.027781,4
3,11,0.221352,-0.893465,0.322151,-0.293104,0.162474,-0.033024,-0.335073,-0.219364,-0.252231,-0.285663,0.131591,0.213856,4
11,11,0.413392,-0.821566,0.204804,-0.483305,0.050868,0.002163,-0.264316,-0.170295,-0.184622,-0.346302,0.040976,0.295003,4
10,16,0.036373,-0.666151,0.300943,-0.195335,0.441555,-0.063099,-0.285523,-0.398721,-0.168822,-0.239671,0.017826,0.074041,4
9,17,0.254418,-0.955765,0.53591,-0.422541,0.296927,0.040802,-0.209827,-0.328519,-0.364533,-0.167621,-0.094223,0.190832,4
12,2,1.080101,-0.733395,0.388771,-0.857189,-0.115276,-0.427777,-0.387905,0.369699,-0.011661,-0.099574,0.004815,-0.000592,4
16,7,1.237675,-0.710726,0.006665,-0.783824,0.067427,-0.269635,-0.264092,0.142323,-0.062201,-0.215337,-0.155132,0.154464,4
5,24,0.165527,-0.847085,0.767039,-0.109209,0.429007,-0.04021,-0.253785,-0.271093,-0.195185,-0.048869,-0.092384,-0.076633,4
5,1,0.202009,-0.125533,0.151161,-0.811764,-0.073961,-0.571221,-0.20706,0.180995,0.062343,-0.013538,-0.139886,0.093111,4
36,4,1.299894,-0.700795,0.583844,-0.673111,-0.432989,-0.354425,-0.238269,0.1711,0.093113,-0.141448,-0.155573,0.154399,4
10,18,-0.021147,-0.680383,0.423135,-0.211496,0.417485,-0.058183,-0.303792,-0.421488,-0.134215,-0.165271,-0.025398,-0.008713,4
9,4,0.92131,-0.408784,0.204965,-0.767781,-0.091391,-0.239899,-0.312331,0.274832,0.000294,-0.356056,-0.058664,0.030223,4
8,21,0.064255,-0.848189,0.422412,-0.123803,0.3996,-0.093877,-0.210172,-0.450398,-0.15808,-0.113472,-0.165774,0.134493,4
35,7,0.816118,-0.569408,0.129248,-0.68087,-0.057305,-0.330755,-0.206556,0.159705,0.052023,-0.316795,-0.193303,0.187517,4
40,15,0.09563,-0.504788,0.167088,-0.10185,0.848726,-0.134372,-0.277055,-0.227678,-0.178932,-0.074917,-0.124478,-0.04149,4
35,5,0.793799,-0.617399,0.277321,-0.727312,-0.214844,-0.398791,-0.249803,0.219624,0.124418,-0.233772,-0.156323,0.158144,4
20,16,0.509739,-1.074682,0.43131,-0.465621,0.150459,0.01109,-0.261296,-0.261655,-0.332268,-0.178204,0.039062,0.234295,4
21,1,0.435945,-0.422234,0.560329,-0.78253,-0.307469,-0.523295,-0.341618,0.316166,0.03769,-0.162727,0.136774,0.091159,4
8,2,0.774028,-0.493358,0.254529,-0.639928,-0.277591,-0.490609,-0.081868,0.043697,0.194387,-0.098612,-0.278358,0.267675,4
5,18,0.141409,-0.95441,0.531303,-0.213715,0.375285,-0.151986,-0.366489,-0.212454,-0.218239,-0.163479,-0.01668,0.06581,4
20,1,1.098436,-0.358393,0.382133,-0.658555,-0.49357,-0.247135,-0.499921,0.171407,0.279348,-0.16102,0.003906,0.06278,4
20,22,0.792767,-0.658614,0.272628,-0.408608,0.530472,0.002411,-0.325273,-0.227527,-0.228748,-0.229234,-0.108296,0.156482,4
12,3,0.952076,-0.739199,0.321584,-0.86174,-0.077221,-0.401838,-0.329385,0.351175,-0.023807,-0.101982,-0.050524,-0.000125,4
5,19,0.111378,-0.813192,0.592481,-0.205278,0.456135,-0.05342,-0.288431,-0.273571,-0.244972,-0.113243,0.009891,0.073194,4
20,18,0.464062,-1.096068,0.4704,-0.415024,0.144124,0.004602,-0.257706,-0.31032,-0.335234,-0.14876,0.034422,0.183596,4
22,15,0.31613,-0.629244,0.282759,-0.302984,0.253565,-0.107631,-0.081692,-0.428735,-0.232716,-0.214291,-0.075585,0.261234,4
38,16,0.41527,-0.815718,0.394923,-0.17658,0.485135,-0.14763,-0.347368,-0.243996,-0.166334,-0.192258,-0.133019,0.182217,4
16,6,0.38372,-0.171934,-0.038436,-0.731645,-0.026972,-0.3449,-0.070506,0.092444,0.002274,-0.299559,-0.050971,0.181745,4
8,18,0.206697,-0.985835,0.474712,-0.055537,0.510319,-0.181189,-0.309847,-0.186642,-0.198663,-0.138567,-0.079406,0.075196,4
35,11,0.630536,-0.65933,0.055728,-0.549267,0.292321,-0.22379,-0.194911,-0.085091,-0.143674,-0.346768,-0.147929,0.345221,4
3,6,0.591159,-0.142172,-0.099871,-0.664942,0.155698,-0.395192,-0.201693,0.062764,0.10149,-0.170168,-0.201863,0.135713,4
26,5,0.474467,-0.142326,0.342817,-0.7455,-0.26121,-0.531268,-0.198031,0.267048,0.053213,-0.122995,-0.102654,0.133818,4
38,3,1.090084,-0.503781,0.615197,-0.840113,-0.304714,-0.42753,-0.295343,0.341888,-0.012427,-0.201165,0.020013,0.090468,4
20,1,1.192907,-0.932675,0.547477,-0.711912,-0.531699,-0.205377,-0.345491,0.185992,0.239892,-0.174112,-0.063785,0.12371,4
35,2,0.781831,-0.609763,0.530915,-0.697004,-0.38263,-0.474305,-0.263895,0.1978,0.116914,-0.104583,-0.03566,0.157805,4
25,11,0.356106,-0.828494,0.346058,-0.576516,0.42029,-0.098172,-0.281113,-0.028825,-0.423775,-0.252974,-0.051781,0.141364,4
38,9,0.855752,-0.719559,0.137634,-0.573071,0.236653,-0.196255,-0.202653,-0.016078,-0.16401,-0.382606,-0.21505,0.34026,4
12,7,0.38593,-0.388717,0.119031,-0.714302,0.107773,-0.341865,-0.189266,0.179438,-0.055481,-0.363622,-0.155051,0.162776,4
25,2,0.391543,-0.174884,0.663257,-0.921904,-0.185515,-0.588037,-0.378395,0.45869,-0.124208,-0.115081,0.171176,0.007088,4
3,20,0.229972,-0.675728,0.433261,-0.149603,0.297623,-0.121238,-0.172145,-0.365627,-0.275724,-0.203342,-0.034334,0.24585,4
20,8,1.146283,-0.536196,0.293849,-0.796734,0.054398,-0.057546,-0.385508,0.115059,-0.042852,-0.343539,-0.148032,-0.005088,4
7,8,0.26587,-0.543875,0.115471,-0.633561,0.245773,-0.368428,-0.158768,0.062856,-0.225203,-0.288261,-0.156861,0.241228,4
30,15,0.290172,-0.668494,0.491649,-0.059694,0.229033,-0.011563,-0.284898,-0.359392,-0.208442,-0.233504,0.059943,0.076106,4
23,5,0.412319,-0.334911,-0.057272,-0.610494,0.148211,-0.262736,-0.173273,0.041473,-0.060098,-0.415637,-0.048291,0.138976,4
43,12,0.632331,-0.803914,0.263998,-0.363951,0.287889,-0.162301,-0.351768,-0.141587,-0.181044,-0.332258,-0.065392,0.269586,4
2,16,0.358467,-0.964571,0.4549,-0.208299,0.149682,-0.0388,-0.126633,-0.418265,-0.282065,-0.184398,-0.013428,0.206992,4
19,6,0.735012,-0.657946,0.101966,-0.653679,-0.033418,-0.166579,-0.195466,-0.023839,-0.030633,-0.307555,-0.080075,0.342354,4
18,10,0.537274,-0.693122,0.068788,-0.610711,0.139706,-0.222958,-0.169332,-0.111362,-0.170165,-0.301012,0.051018,0.403917,4
15,10,0.846237,-0.699216,-0.004055,-0.426721,0.238111,-0.156246,-0.207833,-0.205487,-0.136659,-0.404921,-0.03758,0.352348,4
40,4,0.780059,-0.249111,0.228788,-0.796613,0.029506,-0.480107,-0.25452,0.290423,0.037268,-0.225765,-0.192953,0.058733,4
15,18,0.388427,-0.899692,0.462005,-0.038593,0.209986,-0.019887,-0.252732,-0.347945,-0.195244,-0.208908,0.029384,0.008232,4
23,18,0.609866,-1.055623,0.29142,-0.286554,0.290012,-0.089503,-0.191849,-0.320677,-0.284233,-0.166652,-0.109129,0.304237,4
12,8,0.626863,-0.830189,0.129391,-0.723554,0.158698,-0.230755,-0.204234,0.106734,-0.146242,-0.251789,-0.168735,0.223561,4
31,18,0.324207,-0.913206,0.59375,-0.259122,0.494186,-0.092073,-0.367973,-0.135645,-0.308523,-0.164212,-0.099241,0.045819,4
27,15,0.38196,-0.733021,0.560817,-0.351308,0.430905,-0.011632,-0.429847,-0.157705,-0.285818,-0.221482,-0.008526,0.01412,4
39,17,-0.105431,-0.694131,0.541027,-0.114488,0.478246,-0.185132,-0.307583,-0.222345,-0.209233,-0.129415,-0.064688,0.012874,4
5,2,0.215342,-0.160415,0.105971,-0.802513,-0.059616,-0.540912,-0.196091,0.201337,0.06719,-0.044386,-0.188085,0.086005,4
16,5,0.486072,-0.12216,-0.009009,-0.78973,-0.096025,-0.398326,-0.0588,0.138752,0.059018,-0.216785,-0.03658,0.125682,4
40,14,0.181883,-0.514435,0.130005,-0.149457,0.832348,-0.153419,-0.308249,-0.223555,-0.181864,-0.101487,-0.132883,-0.00346,4
36,14,0.580275,-0.615429,0.305756,-0.383316,0.442971,-0.008708,-0.24632,-0.347053,-0.226045,-0.170078,-0.208416,0.224395,4
8,25,-0.093153,-0.850756,0.61905,-0.050902,0.359449,-0.102811,-0.164914,-0.429547,-0.181755,-0.043033,-0.106012,0.050994,4
9,18,0.201867,-0.834455,0.442423,-0.294981,0.454486,-0.045683,-0.417858,-0.156726,-0.325166,-0.281263,0.086725,0.062611,4
38,18,0.406246,-0.847379,0.412567,-0.105277,0.506322,-0.162288,-0.292755,-0.257419,-0.11785,-0.14977,-0.1407,0.170282,4
4,20,0.085905,-0.719569,0.55267,-0.171366,0.379551,-0.153067,-0.245793,-0.249798,-0.251623,-0.187974,-0.001996,0.141047,4
39,7,0.460111,-0.41356,0.328746,-0.736515,0.005665,-0.326267,-0.178875,0.243465,-0.118957,-0.285903,-0.189827,0.184119,4
17,4,0.954183,-0.377794,0.447771,-0.796161,-0.226723,-0.423047,-0.327417,0.213325,0.135463,-0.12472,-0.104127,0.140918,4
33,8,0.45156,-0.530606,0.004186,-0.594316,0.391678,-0.210063,-0.195508,-0.078413,-0.26449,-0.237966,-0.162612,0.228606,4
40,6,0.780532,-0.259317,0.120614,-0.773166,0.228733,-0.408081,-0.230619,0.173068,-0.016863,-0.254113,-0.299843,0.066814,4
26,2,0.790315,-0.56899,0.478623,-0.828708,-0.2524,-0.096761,-0.486461,0.289196,0.171214,-0.332822,-0.016818,0.062077,4
18,1,0.743394,-0.33081,0.174714,-0.623668,-0.346249,-0.498548,-0.192322,0.161956,0.172816,-0.10367,-0.10445,0.138613,4
12,4,0.868217,-0.755368,0.281927,-0.858827,-0.038545,-0.355011,-0.276508,0.322295,-0.034737,-0.121633,-0.114838,0.01388,4
1,14,0.60099,-1.088298,0.300837,-0.257337,0.19707,0.040068,-0.201803,-0.246383,-0.302546,-0.342539,0.02369,0.245804,4
6,15,0.019009,-0.848206,0.638938,-0.203482,0.15554,0.02176,-0.323307,-0.2895,-0.181548,-0.136287,0.015033,-0.007966,4
22,9,0.563063,-0.453802,-0.034162,-0.613356,0.187981,-0.280919,-0.071027,-0.0759,-0.167831,-0.237178,-0.213612,0.220761,4
15,20,-0.19401,-0.64091,0.583978,-0.198917,0.301008,-0.028191,-0.36901,-0.301904,-0.235595,-0.064305,0.096822,-0.143184,4
5,21,0.125941,-0.79826,0.654431,-0.213538,0.459675,-0.026424,-0.230941,-0.307628,-0.226445,-0.046082,-0.046282,0.004337,4
30,22,0.094774,-0.860325,0.773661,-0.16699,0.396448,-0.024902,-0.238849,-0.274238,-0.238802,-0.036912,-0.097276,-0.058695,4
23,15,0.010341,-0.524456,0.244968,-0.352853,0.473923,-0.048713,-0.354063,-0.325292,-0.187905,-0.186857,0.008016,0.051043,4
22,2,0.659821,-0.266231,-0.010163,-0.837286,0.045994,-0.351462,-0.286989,0.085872,0.130183,-0.070078,-0.180309,0.077584,4
3,22,0.149903,-0.727656,0.548639,-0.133894,0.295261,-0.092892,-0.180811,-0.370932,-0.262374,-0.110065,-0.044628,0.147191,4
38,4,1.0595,-0.528166,0.486689,-0.820344,-0.230378,-0.421042,-0.244518,0.308906,-0.013727,-0.222753,-0.071247,0.108723,4
8,3,0.956582,-0.338238,0.109567,-0.70283,-0.101203,-0.525361,-0.320107,0.13954,0.167957,-0.057467,-0.126577,0.078132,4
39,18,-0.04435,-0.731905,0.583903,-0.064831,0.471451,-0.176152,-0.288721,-0.236424,-0.169783,-0.10273,-0.077375,0.006094,4
42,2,0.3332,-0.94371,0.354167,-0.304803,0.340604,0.033852,-0.43786,-0.13594,-0.207093,-0.364786,-0.032923,0.14041,4
39,11,0.348349,-0.634786,0.218744,-0.527845,0.400974,-0.144037,-0.275548,-0.122995,-0.231724,-0.258662,-0.152377,0.247006,4
8,12,0.666633,-0.829048,0.07446,-0.308765,0.108658,-0.174039,-0.079328,-0.292532,-0.072355,-0.350727,-0.22562,0.419491,4
12,20,0.146792,-1.03999,0.590349,-0.199892,0.286861,-0.091179,-0.210198,-0.424044,-0.281895,0.009369,-0.059998,0.040108,4
20,15,0.681776,-0.594858,0.143755,-0.515474,0.363273,-0.059604,-0.304873,-0.10262,-0.265787,-0.388783,-0.048404,0.225106,4
17,11,0.513726,-0.501876,0.156254,-0.43329,0.106915,-0.28123,-0.111739,-0.166548,-0.078118,-0.380685,-0.057013,0.391515,4
12,14,0.120771,-0.682934,0.175372,-0.427116,0.315386,-0.222301,-0.237249,-0.113199,-0.317129,-0.37777,0.101727,0.243487,4
9,23,0.085938,-0.903005,0.624493,-0.198376,0.450129,-0.08796,-0.489077,-0.112057,-0.288803,-0.239879,0.071195,-0.02442,4
12,26,-0.303983,-0.609258,0.532165,-0.078003,0.473319,-0.179636,-0.198876,-0.330145,-0.259894,-0.142835,0.053278,-0.137906,4
34,16,0.0363,-0.79834,0.536629,-0.185129,0.285351,-0.164413,-0.302279,-0.325012,-0.170417,-0.136258,-0.031555,0.11093,4
19,12,0.255143,-0.660257,0.092102,-0.243404,0.041218,-0.10499,-0.191581,-0.495971,-0.042339,-0.238416,0.13064,0.271249,4
14,18,0.046167,-0.810873,0.466567,-0.187075,0.429645,-0.032378,-0.210854,-0.455781,-0.2013,-0.081641,-0.059924,-0.018199,4
5,3,0.248793,-0.212733,0.095783,-0.822018,-0.026771,-0.494476,-0.196352,0.204866,0.069739,-0.073397,-0.221303,0.083484,4
33,7,0.511163,-0.543311,-0.044222,-0.652791,0.327387,-0.264558,-0.198862,-0.007236,-0.169082,-0.29037,-0.178733,0.207909,4
31,10,1.05396,-0.962362,0.41837,-0.764616,0.117715,0.007515,-0.420618,0.147348,-0.161764,-0.442377,-0.165491,0.078813,4
13,6,0.662702,-0.413924,0.31104,-0.800397,-0.068648,-0.406366,-0.141519,0.288009,-0.104784,-0.347962,-0.088245,0.12587,4
9,8,0.700707,-0.525197,0.150625,-0.734528,0.088864,-0.165248,-0.22989,0.109763,-0.197087,-0.414965,-0.03686,0.155859,4
8,7,0.760064,-0.5085,-0.103279,-0.708251,0.206187,-0.298691,-0.24925,0.048411,-0.004344,-0.259005,-0.226555,0.092306,4
22,19,0.086473,-0.665336,0.382485,-0.224903,0.330557,-0.066394,-0.168722,-0.461023,-0.188542,-0.113808,-0.098504,0.176244,4
29,5,0.601596,-0.141051,0.147954,-0.68868,0.100712,-0.430234,-0.239402,0.257168,-0.055107,-0.332708,-0.093173,0.048361,4
28,1,1.049807,-0.659494,0.622677,-0.773797,-0.485876,-0.294637,-0.429164,0.259635,0.24019,-0.166244,0.027635,0.140125,4
16,13,0.38377,-0.654797,0.149932,-0.402695,0.172394,-0.177302,-0.202211,-0.291332,-0.192643,-0.285792,0.112304,0.250536,4
22,6,0.666048,-0.271062,-0.097539,-0.692422,0.096478,-0.481533,-0.135936,0.152398,-0.051734,-0.196223,-0.169346,0.109093,4
5,8,0.604455,-0.756895,0.166175,-0.684799,0.144517,-0.204475,-0.300671,0.103634,-0.108818,-0.335476,-0.089225,0.221594,4
28,12,0.260583,-0.633731,0.261177,-0.311495,0.434444,-0.104314,-0.301565,-0.308748,-0.186391,-0.225171,-0.027771,0.212899,4
2,7,1.385545,-0.58999,0.153716,-0.638376,-0.156843,-0.128975,-0.244475,0.106641,0.009413,-0.437868,-0.107931,0.257762,4
25,18,-0.014412,-0.777264,0.704067,-0.160747,0.49259,-0.141607,-0.322682,-0.152027,-0.322553,-0.002272,0.0026,-0.121542,4
23,8,0.381979,-0.410437,0.03047,-0.503242,0.411679,-0.136703,-0.231405,-0.158798,-0.201986,-0.372875,-0.043481,0.215772,4
14,4,1.364857,-0.110208,-0.598721,-0.064588,-0.02517,-0.334285,0.001533,-0.067955,-0.039862,-0.299291,-0.02897,0.183899,5
17,1,1.61261,-0.689174,-0.139083,-0.274417,-0.048015,-0.030335,-0.276075,-0.056416,-0.02786,-0.296497,-0.083924,0.208938,5
21,11,1.090098,-0.681687,-0.253752,-0.051111,0.321688,-0.030662,-0.399505,-0.34314,-0.006522,-0.15874,-0.004236,0.095084,5
10,11,1.509237,-1.468778,0.431314,0.18043,0.217177,-0.0769,-0.473433,-0.184776,-0.146334,-0.126476,0.038533,-0.090495,5
23,15,1.216123,-1.162596,0.378954,0.176333,0.106709,0.108278,-0.324067,-0.25285,-0.206497,-0.120817,0.114865,-0.081265,5
17,3,1.224508,-0.692391,-0.198983,-0.377872,0.064239,-0.264716,-0.257128,0.226779,-0.224626,-0.227047,0.081144,0.1369,5
11,6,1.011143,-0.357978,-0.427403,-0.199947,0.379191,-0.183592,-0.376962,-0.230288,-0.058961,-0.247614,0.071831,0.11613,5
5,10,1.155002,-0.827375,-0.041476,0.398457,0.172985,-0.216222,-0.362945,-0.239645,-0.078931,-0.072089,-0.041592,-0.01912,5
14,12,1.118386,-0.836398,0.355181,0.222211,0.277589,-0.064657,-0.442679,-0.115795,-0.167451,-0.147301,0.045144,-0.107523,5
24,8,1.335297,-0.908991,0.046159,0.198099,0.165261,-0.028856,-0.417843,-0.270848,-0.105445,-0.115997,0.017829,0.070324,5
3,5,1.534059,-1.052521,0.085452,-0.096525,0.391933,-0.144656,-0.463228,-0.114059,-0.217872,-0.062735,0.094027,0.014074,5
21,5,1.406083,-0.655586,-0.259771,-0.193113,0.148343,-0.112909,-0.296459,-0.235546,-0.025853,-0.220675,-0.049869,0.221402,5
15,9,1.890113,-1.460497,0.154921,-0.209624,0.243039,-0.02927,-0.549218,-0.138585,-0.155809,-0.125215,0.123328,-0.003656,5
20,10,1.337928,-1.083261,0.593297,0.008724,0.309948,-0.027043,-0.352804,-0.208999,-0.306973,0.033019,-0.007869,-0.294171,5
8,9,1.272126,-0.535238,0.038888,0.138766,0.270448,-0.069086,-0.409946,-0.251833,-0.077893,-0.116656,-0.026886,0.035552,5
26,12,1.176227,-0.671735,-0.119889,0.401591,0.265256,-0.232457,-0.177683,-0.418359,-0.068417,-0.109689,-0.033897,-0.011267,5
12,9,1.470411,-1.130426,0.199036,-0.119247,0.334219,-0.038853,-0.533329,-0.23998,-0.103014,-0.079321,0.012323,0.058159,5
8,4,1.3799,-0.589098,-0.35236,0.037371,0.12396,-0.166197,-0.354664,-0.221928,-0.063051,-0.137949,0.043619,0.193722,5
3,4,1.261094,-0.763223,-0.136517,-0.090102,0.295,-0.098229,-0.403635,-0.137697,-0.168833,-0.112835,0.092659,0.116467,5
14,1,1.299392,-0.12667,-0.604044,-0.313858,0.088027,-0.443261,-0.005616,-0.048637,-0.045513,-0.199639,-0.033302,0.239255,5
4,1,1.001909,-0.600488,-0.365683,-0.216401,-0.126352,-0.280886,-0.007227,-0.105053,-0.04352,-0.29953,0.07327,0.298139,5
23,2,1.492016,-0.518282,-0.526383,-0.172762,-0.154347,-0.099131,-0.138477,-0.07595,0.073815,-0.277057,-0.098049,0.183285,5
30,5,1.932798,-0.737179,-0.292076,-0.130142,0.122987,-0.152351,-0.258601,-0.262287,-0.13006,-0.093529,0.016606,0.215362,5
26,12,1.433821,-1.066264,0.154224,0.245947,0.18469,-0.082314,-0.435213,-0.193723,-0.151183,-0.13071,0.063683,-0.013147,5
8,4,1.684382,-0.484778,-0.382934,-0.038123,-0.029512,-0.330876,-0.014656,0.023732,-0.182053,-0.194373,0.019428,0.220892,5
15,11,1.39828,-1.167077,0.688985,0.106427,0.24574,-0.094741,-0.463043,-0.116443,-0.06009,-0.133286,-0.07883,-0.025369,5
27,10,1.251415,-1.011715,0.141561,0.199513,0.252255,-0.03946,-0.375446,-0.222795,-0.199287,-0.110097,0.054158,-0.006943,5
19,18,1.002313,-0.51988,0.488459,0.376473,0.232926,-0.008367,-0.199045,-0.261339,-0.213256,0.028526,-0.082173,-0.248274,5
9,8,1.676575,-1.306833,0.470585,0.115234,0.19369,-0.075378,-0.495701,-0.178047,-0.105033,-0.133732,0.037293,-0.025054,5
24,6,1.345346,-0.681674,-0.239609,0.059445,0.178622,-0.130219,-0.256721,-0.380363,-0.039782,-0.143847,-0.016899,0.186542,5
2,5,1.194308,-0.576587,-0.211835,-0.232207,0.123737,-0.135673,-0.346117,-0.017941,-0.160237,-0.235664,0.120479,0.185499,5
4,6,1.489046,-0.559143,-0.551629,0.162172,0.073104,-0.287303,-0.158589,-0.175027,-0.137745,-0.154566,0.128061,0.243444,5
7,6,1.607988,-1.061686,-0.191572,-0.067798,0.006395,-0.1098,-0.28042,-0.206856,-0.127159,-0.142159,0.068881,0.245689,5
11,12,1.205671,-1.048046,0.415444,0.23321,0.358253,-0.097447,-0.439384,-0.107613,-0.143404,-0.105507,-0.010398,-0.158087,5
2,5,0.905652,-0.607663,-0.432479,-0.196404,0.320157,-0.236133,-0.348537,-0.117929,-0.137564,-0.166481,0.113242,0.184359,5
18,15,1.069568,-1.090062,0.503791,0.384243,0.297891,-0.175943,-0.371168,-0.077914,-0.140343,-0.147432,-0.05897,-0.146391,5
30,2,1.591367,-0.181477,-0.50978,-0.337816,-0.021246,-0.252123,-0.187161,-0.055205,-0.009956,-0.299848,-0.042032,0.193342,5
4,6,1.487305,-1.076212,0.093809,-0.161295,0.376174,-0.160132,-0.496678,-0.142198,-0.120436,-0.024697,0.03308,0.06049,5
6,4,1.451666,-0.283055,-0.554693,-0.077336,0.085679,-0.2362,-0.181804,-0.109402,-0.176021,-0.203813,0.050268,0.223889,5
12,5,1.148452,-0.348528,-0.535899,-0.020319,0.14912,-0.281918,-0.072398,-0.303581,0.003112,-0.263449,0.069807,0.222579,5
22,7,1.625813,-0.837721,-0.298488,-0.051591,0.005473,-0.254178,-0.068869,-0.242779,-0.146445,-0.125591,-0.035103,0.204309,5
6,3,1.620847,-0.367283,-0.476241,-0.198582,0.134512,-0.295413,-0.174386,0.032707,-0.227484,-0.175373,0.01794,0.229835,5
21,6,1.293973,-0.637631,-0.21587,-0.148121,0.211836,-0.123614,-0.310226,-0.324728,-0.015456,-0.212679,-0.042525,0.230649,5
7,9,1.504254,-1.206423,0.116786,0.108303,0.286372,-0.196919,-0.395213,-0.198392,-0.165643,-0.03918,-0.00413,-0.019779,5
24,3,1.765035,-0.658372,-0.506375,0.026859,0.051923,-0.290406,-0.044595,-0.144911,-0.153422,-0.184995,0.004036,0.211206,5
5,7,1.172651,-0.869151,-0.072413,0.114243,0.264389,-0.116237,-0.44649,-0.077527,-0.181181,-0.1719,0.100733,0.069949,5
19,7,1.233105,-0.394168,-0.290097,0.052094,0.234405,-0.081715,-0.303382,-0.435691,0.094718,-0.232138,0.011757,0.136356,5
16,6,1.244462,-0.605778,-0.285868,-0.098955,0.213693,-0.151713,-0.319375,-0.285054,-0.063142,-0.162331,0.016837,0.179529,5
27,8,1.123136,-0.816548,-0.129573,0.061644,0.321684,-0.056391,-0.463995,-0.225264,-0.161192,-0.119366,0.027591,0.058205,5
18,10,1.15003,-0.738368,-0.082353,0.103292,0.321335,-0.064336,-0.493031,-0.253646,-0.104977,-0.084204,0.027778,0.038104,5
23,16,1.185653,-1.084,0.424746,0.265119,0.284402,-0.027445,-0.414298,-0.18255,-0.129565,-0.111714,0.008991,-0.140532,5
20,8,1.133215,-0.883253,0.33103,0.009518,0.369391,0.047233,-0.360896,-0.286167,-0.271437,0.039431,-0.028261,-0.190146,5
10,14,1.171335,-1.125529,0.368102,0.43452,0.128425,-0.038546,-0.410455,-0.181336,-0.10417,-0.130273,-0.006794,-0.103719,5
17,12,1.492526,-1.281561,0.260483,0.087058,0.338048,-0.176448,-0.442788,-0.197307,-0.21113,0.014747,0.024182,-0.115149,5
2,8,1.402726,-1.016966,0.154017,-0.034751,0.414086,-0.156856,-0.450079,-0.15621,-0.229135,-0.01481,0.048812,-0.039615,5
8,3,1.49722,-0.580334,-0.434204,-0.010796,0.03982,-0.198382,-0.227914,-0.228764,-0.057149,-0.162396,0.037,0.233635,5
20,4,1.404003,-0.719145,-0.087808,-0.181703,0.3229,-0.022806,-0.389683,-0.287988,-0.11911,-0.134527,-0.039322,0.122807,5
13,10,1.540644,-0.981518,0.169627,0.184625,0.181722,-0.120662,-0.403278,-0.193961,-0.145635,-0.085472,0.060721,0.015369,5
2,7,1.39589,-1.094631,-0.046465,-0.043125,0.430271,-0.235485,-0.474054,-0.111864,-0.185592,-0.033726,0.057705,0.016626,5
7,10,1.719842,-1.116784,0.370739,0.320788,0.127164,-0.299521,-0.327162,-0.192112,-0.094182,-0.052542,-0.09881,-0.005373,5
17,4,1.229728,-0.519825,-0.299759,-0.159241,0.134313,0.022314,-0.362694,-0.303183,0.054452,-0.291042,-0.039721,0.206984,5
22,10,1.326866,-0.847615,-0.101614,0.102772,0.129636,-0.070759,-0.352374,-0.346211,-0.060035,-0.119843,-0.031275,0.136165,5
13,4,1.50984,-0.646007,-0.193041,-0.167874,0.000147,-0.146639,-0.175192,-0.136054,-0.105213,-0.169658,0.081705,0.289485,5
24,14,1.526958,-1.281884,0.564478,0.100437,0.259937,-0.154754,-0.425686,-0.086156,-0.232317,-0.083623,0.044775,-0.175183,5
17,11,1.582431,-1.280889,0.209233,0.02749,0.32155,-0.11992,-0.462885,-0.213668,-0.226233,0.00141,0.090179,-0.093471,5
23,5,1.26798,-0.211863,-0.650913,-0.062356,0.078395,-0.385193,-0.001179,-0.132261,-0.040828,-0.312376,-0.052807,0.21473,5
17,11,1.253396,-0.774532,0.208131,0.291437,0.291142,0.02421,-0.38018,-0.278078,-0.135074,-0.086587,-0.049792,-0.049496,5
10,3,1.628943,-0.654443,-0.170419,-0.358178,-0.083412,-0.095546,-0.228882,-0.027968,-0.007292,-0.257778,-0.019536,0.245126,5
12,4,1.293974,-0.367701,-0.63414,0.024619,0.058045,-0.311286,0.02062,-0.264946,-0.008132,-0.269546,0.047019,0.200318,5
27,10,1.297884,-1.275111,0.373579,-0.046537,0.265198,-0.08505,-0.481927,-0.12705,-0.168907,-0.123621,0.071528,-0.007959,5
26,6,1.512172,-0.471217,-0.435147,-0.101508,0.226235,-0.200682,-0.280791,-0.235983,-0.116023,-0.111557,0.022133,0.146977,5
2,10,1.125058,-1.121415,0.354706,0.1936,0.316049,-0.231931,-0.429567,-0.125177,-0.180522,-0.053202,0.021811,-0.096929,5
22,8,1.548601,-0.885484,-0.233792,-0.040407,0.037683,-0.131074,-0.232934,-0.286562,-0.093575,-0.137514,-0.035397,0.201527,5
6,10,1.417681,-0.70597,0.01598,0.284295,0.306757,-0.1272,-0.411638,-0.22707,-0.096186,-0.050196,-0.058259,-0.074795,5
12,1,1.418907,-0.239561,-0.657631,-0.148134,-0.020965,-0.399122,0.071935,-0.046333,0.050129,-0.298922,-0.070201,0.168524,5
30,9,1.723696,-0.956813,-0.038553,0.12247,0.291658,-0.024845,-0.465681,-0.210335,-0.154826,-0.099794,0.087659,-0.005172,5
11,7,0.890573,-0.360227,-0.35545,-0.064295,0.395469,-0.135384,-0.455259,-0.262656,-0.050687,-0.188002,0.080652,0.058332,5
22,12,1.526085,-1.098841,0.185668,0.247919,0.112619,0.041174,-0.424873,-0.267575,-0.13102,-0.174617,0.023097,0.055513,5
30,1,1.547025,-0.169179,-0.469685,-0.325841,-0.118199,-0.287513,-0.146008,-0.031809,0.038549,-0.329958,-0.037561,0.200816,5
9,10,1.235483,-0.94853,0.363541,0.273337,0.198146,-0.070631,-0.446531,-0.155672,-0.126515,-0.128836,0.048877,-0.073909,5
5,8,1.194546,-0.907182,0.047285,0.214373,0.284235,-0.155418,-0.436952,-0.14357,-0.132441,-0.124593,0.032391,0.011116,5
11,9,1.593758,-0.919763,0.210136,0.07914,0.379153,-0.197501,-0.412028,-0.223057,-0.175847,0.043715,-0.009724,-0.036,5
9,10,1.646816,-0.817267,0.052091,-0.030052,0.379207,0.006747,-0.477097,-0.199804,-0.177213,-0.091712,0.076532,-0.052886,5
2,7,1.505777,-1.025985,0.152731,-0.16223,0.370992,-0.09708,-0.484261,-0.139822,-0.200703,-0.07713,0.078677,0.033109,5
15,2,1.298115,-0.566197,-0.012893,-0.252989,-0.137663,-0.258402,0.005859,-0.205285,0.005498,-0.14598,-0.105478,0.300829,5
7,5,1.767474,-1.067043,-0.28359,-0.045337,-0.099231,-0.156784,-0.17288,-0.134381,-0.15525,-0.175589,0.055299,0.274677,5
15,12,1.071119,-0.926455,0.619441,0.227071,0.260429,-0.126358,-0.37038,-0.14295,-0.067582,-0.132275,-0.084874,-0.036538,5
23,13,1.082318,-0.803542,0.042086,0.243998,0.294858,-0.088814,-0.433359,-0.239495,-0.11082,-0.145476,-0.018186,-0.01785,5
12,9,1.369493,-0.905849,-0.029176,0.176963,0.220322,-0.094314,-0.452738,-0.235576,-0.106184,-0.087919,0.027327,0.021377,5
1,10,1.710952,-1.158278,0.322762,0.012019,0.209085,-0.049065,-0.504478,-0.202954,-0.055916,-0.072079,0.07825,0.045369,5
28,1,1.29441,-0.456651,-0.34529,-0.470935,-0.063406,-0.301438,-0.127217,0.226067,-0.145752,-0.26229,-0.001326,0.110825,5
29,11,1.631886,-1.175505,0.451026,0.097447,0.23605,-0.071926,-0.444963,-0.158182,-0.181506,-0.112106,0.093651,-0.084298,5
30,8,1.58118,-0.796836,-0.217892,0.10486,0.237413,-0.050359,-0.40718,-0.274664,-0.125814,-0.048093,0.038591,0.041658,5
9,9,1.420533,-1.123337,0.438471,0.176107,0.223074,-0.082351,-0.471256,-0.174556,-0.116471,-0.125798,0.052375,-0.051948,5
20,6,1.559417,-0.833483,-0.035236,-0.144435,0.352796,-0.081157,-0.384509,-0.16894,-0.210679,-0.14443,-0.006577,0.093788,5
3,11,1.469265,-0.764466,-0.05418,0.233852,0.30205,-0.212957,-0.400465,-0.199714,-0.147303,-0.063998,0.006016,-0.01425,5
15,3,1.591861,-1.073162,-0.125487,-0.418323,-0.063529,-0.098494,-0.234393,0.000677,-0.047717,-0.23713,-0.029984,0.217569,5
9,2,1.748611,-0.454131,-0.379859,-0.336968,-0.074796,-0.195179,-0.193609,0.155637,-0.027842,-0.209991,-0.04336,0.150329,5
21,4,1.53491,-0.63074,-0.322918,-0.173946,0.056774,-0.124797,-0.231496,-0.177528,-0.045931,-0.200242,-0.055895,0.201431,5
18,5,1.229118,-0.297681,-0.545203,-0.313287,0.243395,-0.228439,-0.186359,-0.03443,-0.167168,-0.21982,0.018076,0.194729,5
7,4,1.402007,-0.888306,-0.050137,-0.227847,0.043107,-0.191579,-0.213159,-0.027122,-0.294062,-0.136896,0.198388,0.178723,5
15,3,1.366333,-0.686705,-0.039428,-0.25433,-0.094716,-0.152517,-0.139276,-0.223679,0.001255,-0.195005,-0.059297,0.332115,5
21,5,1.487223,-0.516774,-0.424784,-0.349574,0.038492,-0.108269,-0.303519,-0.008287,-0.007203,-0.259754,-0.028023,0.162984,5
22,10,1.170018,-1.033281,0.143311,0.051545,0.240976,-0.006707,-0.461205,-0.249311,-0.123407,-0.129566,0.03148,0.033269,5
23,13,1.096328,-1.044417,0.173313,0.167256,0.14775,0.079851,-0.416173,-0.217562,-0.186556,-0.180389,0.082882,0.01011,5
1,3,1.613832,-0.502899,-0.099473,-0.393321,-0.029338,-0.279037,-0.012637,0.011869,-0.121138,-0.171656,-0.005091,0.287758,5
12,3,1.693531,-0.9176,-0.054606,-0.463647,0.094252,-0.269348,-0.161514,0.12257,-0.22326,-0.16019,-0.069482,0.145932,5
19,4,1.151898,-0.393179,-0.272755,-0.164681,0.056697,-0.110968,-0.19431,-0.238871,0.010774,-0.336102,0.021666,0.252681,5
21,3,1.448391,-0.379651,-0.451226,-0.410751,-0.055369,-0.145721,-0.215837,-0.054852,0.217205,-0.352326,-0.098076,0.168917,5
8,6,1.620955,-0.89214,-0.05551,0.037381,0.260823,0.006608,-0.565932,-0.165201,-0.0748,-0.162798,0.094287,0.083045,5
19,16,0.944102,-0.595101,0.442335,0.25291,0.22587,0.074914,-0.370045,-0.239506,-0.184358,-0.002033,-0.072785,-0.287163,5
12,2,1.285687,-0.22203,-0.691163,-0.065997,-0.058451,-0.297017,0.01832,-0.092263,0.028228,-0.310979,-0.001572,0.150638,5
27,6,1.246134,-0.782109,-0.192755,-0.198502,0.328201,-0.1223,-0.340865,-0.240541,-0.110724,-0.148518,-0.072408,0.147251,5
27,12,1.208546,-1.05944,0.331586,0.260911,0.231107,-0.033853,-0.334044,-0.191855,-0.219728,-0.152643,0.068689,-0.037253,5
11,3,1.219905,-0.144524,-0.658378,-0.104325,0.13693,-0.366306,-0.035942,-0.178211,-0.007654,-0.216279,-0.026747,0.21697,5
18,8,1.213678,-0.64781,-0.252412,-0.108975,0.284836,-0.061741,-0.415813,-0.250694,-0.055917,-0.205849,0.036779,0.16368,5
29,6,1.567858,-0.867153,-0.152771,-0.055998,0.192317,-0.080992,-0.425195,-0.19371,-0.094951,-0.136676,0.064036,0.140142,5
29,4,1.356462,-0.378769,-0.470577,-0.228353,0.21925,-0.410628,-0.00027,-0.074409,-0.240861,-0.172315,-0.0651,0.281694,5
12,7,1.21324,-0.578758,-0.298385,-0.05555,0.277269,-0.206447,-0.310624,-0.297266,-0.026322,-0.174605,0.025404,0.179569,5
11,8,1.395274,-0.66638,-0.098185,0.070569,0.383609,-0.143892,-0.410095,-0.243137,-0.171368,0.013125,0.042996,0.041813,5
13,8,1.047559,-1.096486,0.280847,-0.028699,0.293783,-0.138466,-0.433912,-0.154115,-0.178469,-0.045003,0.063169,-0.029149,5
7,3,1.657337,-0.819437,-0.327266,-0.170987,-0.175404,-0.282801,-0.052767,0.062219,-0.169989,-0.208742,0.046292,0.225557,5
4,10,1.270483,-1.055916,0.077726,0.356525,0.214046,-0.278207,-0.36775,-0.162741,-0.092724,-0.045309,0.004447,-0.008117,5
13,2,1.710863,-0.654687,-0.280749,-0.078974,-0.078887,-0.381196,0.046801,-0.089458,-0.088533,-0.122094,0.023585,0.271394,5
29,8,1.20659,-0.692015,-0.154495,0.078376,0.259545,-0.202774,-0.253818,-0.393888,-0.050366,-0.12911,-0.037502,0.151667,5
3,2,1.114452,-0.544979,-0.325364,-0.19686,0.12609,-0.157122,-0.185068,-0.15397,-0.060565,-0.237211,0.075269,0.257512,5
22,9,1.211962,-0.988095,-0.007678,-0.040024,0.266131,-0.038495,-0.412827,-0.282999,-0.121624,-0.118092,-0.007734,0.089352,5
28,7,1.458099,-0.652855,-0.060338,0.047181,0.282159,-0.144145,-0.340353,-0.195868,-0.196863,-0.062689,0.078116,0.06707,5
13,7,1.264459,-1.129193,0.21144,-0.091645,0.251196,-0.12144,-0.4383,-0.138901,-0.155614,-0.084558,0.093624,0.055674,5
3,5,1.414392,-0.488299,-0.428191,-0.179561,0.018462,-0.413768,-0.004342,-0.103604,-0.111672,-0.182928,0.02559,0.291522,5
16,4,1.722523,-0.91992,0.035917,-0.246397,0.312745,-0.007848,-0.508909,-0.091989,-0.128431,-0.221345,0.122499,0.118467,5
23,4,1.309015,-0.141086,-0.69672,-0.07238,0.017051,-0.404203,0.039713,-0.11201,0.00193,-0.319004,-0.050128,0.180729,5
16,7,1.128602,-0.598502,-0.226464,0.016889,0.228302,-0.10441,-0.431145,-0.306054,-0.02803,-0.169447,0.047216,0.143457,5
18,2,1.549653,-0.674716,-0.077018,-0.643468,0.032602,-0.412446,-0.098163,0.29967,-0.247651,-0.115943,-0.010725,0.09801,5
12,2,1.754347,-0.861942,-0.118766,-0.442036,0.097884,-0.318425,-0.203324,0.272758,-0.229396,-0.181805,0.00067,0.028829,5
27,4,1.569452,-0.821615,-0.240979,-0.220467,0.05847,-0.121786,-0.243394,-0.056232,-0.116262,-0.225718,-0.075775,0.141133,5
12,11,1.361118,-1.091154,0.282088,0.056665,0.349046,-0.131711,-0.430876,-0.19222,-0.230894,-0.014921,0.053531,-0.068146,5
5,13,1.0758,-1.058426,0.449532,0.541619,0.191174,-0.226534,-0.254952,-0.141126,-0.0632,-0.093078,-0.1264,-0.114601,5
17,8,1.481436,-0.865952,0.045028,0.14633,0.244221,0.064187,-0.338159,-0.354963,-0.165693,-0.06306,-0.03377,0.008806,5
6,7,1.305767,-0.950081,-0.030373,-0.159364,0.192949,-0.121141,-0.387526,-0.034843,-0.232236,-0.166137,0.180659,0.12704,5
17,16,1.141134,-1.192192,0.529097,0.186111,0.450969,-0.275116,-0.390694,-0.04373,-0.225231,0.008563,-0.119639,-0.221551,5
15,9,1.555252,-1.186582,0.526234,-0.020689,0.277331,-0.067095,-0.532728,-0.183101,-0.052133,-0.094292,-0.065872,0.028135,5
17,7,1.351457,-0.700416,-0.098656,0.110963,0.226406,0.097243,-0.369491,-0.358452,-0.143757,-0.057791,-0.031109,0.043574,5
21,11,1.42761,-0.968755,0.241756,0.175664,0.273364,-0.038183,-0.430744,-0.220005,-0.175805,-0.14388,0.038405,-0.028876,5
4,9,1.252945,-0.912936,-0.073006,0.294052,0.26325,-0.270678,-0.422198,-0.129633,-0.114453,-0.047686,0.050362,0.036506,5
14,10,1.220469,-0.919114,0.219881,0.221974,0.233595,-0.093007,-0.426083,-0.160715,-0.154975,-0.119071,0.050038,-0.015431,5
18,8,1.188667,-0.955205,-0.044428,-0.214518,0.346249,-0.183044,-0.440044,-0.014982,-0.289926,-0.166708,0.156928,0.083858,5
23,15,1.362538,-1.138022,0.39962,0.224847,0.303134,0.010634,-0.466242,-0.204567,-0.132712,-0.119413,0.037185,-0.126507,5
16,10,1.014829,-0.619201,-0.133452,0.344036,0.133415,-0.096982,-0.410475,-0.366996,0.044713,-0.15361,-0.037871,0.034572,5
5,4,0.786165,-0.54017,-0.275507,-0.250365,0.155881,-0.316133,-0.078713,-0.102995,-0.200428,-0.261956,0.142134,0.263332,5
16,1,1.633575,-0.613208,-0.265879,-0.213825,0.049373,-0.125174,-0.185429,-0.158452,-0.058915,-0.156245,-0.048525,0.208966,5
9,1,1.72988,-0.501307,-0.293007,-0.445558,-0.060728,-0.212499,-0.21741,0.203038,-0.003312,-0.207509,-0.031733,0.110097,5
4,3,1.505544,-0.340289,-0.628775,-0.07759,0.015822,-0.471062,0.119311,-0.104617,-0.024353,-0.228394,0.076776,0.302961,5
12,12,1.356745,-1.113761,0.404718,0.028648,0.35576,-0.172081,-0.428624,-0.104775,-0.265656,-0.06225,0.066314,-0.085427,5
12,7,1.337336,-0.861817,-0.110927,-0.139855,0.181964,0.090899,-0.519094,-0.211486,-0.034914,-0.217876,0.040254,0.176731,5
3,8,1.047244,-0.880679,0.201248,0.117976,0.390227,-0.216505,-0.476247,-0.080087,-0.157188,-0.090636,0.030086,-0.074425,5
26,4,1.54397,-0.20789,-0.764345,-0.059713,0.096689,-0.393503,0.00785,-0.207156,0.041027,-0.266564,-0.067187,0.158381,5
23,14,1.297435,-1.249717,0.375036,0.106384,0.173772,0.092269,-0.387266,-0.249544,-0.177458,-0.148538,0.086052,-0.041526,5
18,4,1.437153,-0.796562,-0.085464,-0.543755,0.107772,-0.289984,-0.193039,0.222403,-0.280863,-0.188444,0.077505,0.117355,5
20,7,0.958736,-0.723183,0.149518,0.010157,0.338441,0.068066,-0.37194,-0.308852,-0.257283,0.028796,-0.050577,-0.111846,5
15,13,1.206109,-1.038454,0.843785,0.092677,0.2996,-0.164973,-0.4219,-0.076896,-0.118601,-0.069459,-0.119294,-0.106021,5
19,2,1.592844,-0.210705,-0.578993,-0.203042,0.008134,-0.457586,0.036345,0.004336,-0.017634,-0.192859,-0.146807,0.159281,5
14,2,1.50299,-0.058981,-0.562071,-0.219602,0.004122,-0.503512,0.051613,0.032756,0.029199,-0.230046,-0.149947,0.170476,5
2,6,1.191272,-0.863962,-0.264682,-0.066386,0.336057,-0.234099,-0.385836,-0.153762,-0.149998,-0.080528,0.067517,0.146175,5
18,10,0.91576,-0.74501,-0.034545,0.082057,0.318785,-0.285561,-0.272839,-0.387882,0.025753,-0.132545,-0.052743,0.187526,5
26,4,1.478278,-0.359759,-0.211398,-0.409229,0.193053,-0.138637,-0.349286,0.029851,-0.239453,-0.16422,0.155912,0.126712,5
28,5,1.716474,-0.69801,-0.089796,-0.143826,0.129365,-0.118361,-0.338997,-0.154395,-0.095707,-0.222728,0.017807,0.260839,5
16,13,0.973544,-0.900426,0.487098,0.25169,0.248369,-0.042215,-0.348227,-0.148238,-0.204594,-0.069847,0.057793,-0.217455,5
1,7,1.545387,-0.892691,0.134156,-0.317395,0.467599,0.004263,-0.505521,-0.154759,-0.224498,-0.068414,0.070245,0.009985,5
7,5,1.281099,-0.879627,-0.051464,-0.092266,0.103925,-0.204031,-0.318001,-0.034575,-0.276514,-0.147338,0.194702,0.153037,5
8,8,1.499898,-0.958113,0.197492,0.206731,0.232488,0.054405,-0.51851,-0.194875,-0.083989,-0.171773,0.057863,0.015415,5
10,8,1.680896,-1.038834,0.195475,-0.099125,0.256331,0.031974,-0.552822,-0.192073,-0.05855,-0.192868,0.098135,0.161358,5
26,7,1.615214,-0.542045,-0.528958,0.020602,0.318513,-0.3645,-0.025815,-0.389755,-0.108802,-0.116538,-0.047632,0.228046,5
10,13,1.238633,-0.849246,0.387479,0.168194,0.315274,-0.113125,-0.459811,-0.072763,-0.150343,-0.18389,0.070376,-0.025494,5
1,2,1.51271,-0.468143,-0.208892,-0.467885,0.139967,-0.288206,-0.227572,0.183572,-0.208869,-0.190845,0.012327,0.122456,5
19,5,1.102075,-0.364531,-0.306085,-0.097778,0.081606,-0.078958,-0.230299,-0.302152,0.032701,-0.33215,0.047081,0.221306,5
14,8,1.090753,-0.548473,-0.190518,0.117174,0.166647,-0.064019,-0.424278,-0.305881,0.02387,-0.187141,0.015685,0.118749,5
8,12,1.147437,-0.760258,0.398406,0.310894,0.22745,-0.068287,-0.308118,-0.135063,-0.185613,-0.058997,-0.04066,-0.166425,5
12,15,1.27188,-1.014657,0.489636,0.208683,0.323105,-0.224143,-0.414873,-0.061712,-0.257328,-0.090609,0.05926,-0.18154,5
13,11,0.838156,-1.139209,0.559857,0.02675,0.326732,-0.211459,-0.427815,-0.088288,-0.204256,-0.032569,-0.025405,-0.138616,5
16,13,1.307744,-1.013905,0.410172,0.279698,0.222175,-0.101982,-0.419264,-0.183793,-0.103462,-0.140803,-0.025144,-0.048493,5
6,6,1.186149,-0.823297,-0.081933,-0.230847,0.078409,-0.146681,-0.277645,0.003899,-0.262303,-0.189784,0.199078,0.193499,5
25,15,0.82741,-1.013843,0.403757,0.334675,0.245574,-0.076583,-0.334864,-0.093406,-0.183422,-0.160795,0.027802,-0.140846,5
25,2,1.281947,-0.140351,-0.589119,-0.087374,-0.258673,-0.371572,0.044306,-0.072465,0.193587,-0.349493,0.009897,0.068061,5
6,7,1.245165,-0.364924,-0.526216,0.246891,0.224767,-0.18291,-0.312961,-0.437445,0.018289,-0.127761,0.056044,0.005564,5
20,4,1.610891,-0.711187,-0.206271,-0.247562,0.224267,-0.122104,-0.330363,0.014502,-0.214686,-0.234879,-0.000811,0.09682,5
19,14,1.186856,-0.597067,0.197186,0.383667,0.380322,-0.152083,-0.402919,-0.061596,-0.134751,-0.124105,-0.073807,-0.164377,5
7,13,1.390018,-0.966942,0.603473,0.394724,0.131508,-0.302571,-0.256162,-0.09402,-0.097887,-0.075977,-0.11934,-0.107242,5
27,7,1.127349,-0.785164,-0.179833,-0.066532,0.34654,-0.103297,-0.409007,-0.228163,-0.149791,-0.135447,-0.008557,0.096069,5
20,5,1.197055,-0.741532,0.01076,-0.164155,0.395771,-0.022147,-0.385053,-0.311323,-0.170247,-0.068172,-0.069915,0.063271,5
23,7,1.475957,-0.451238,-0.579512,0.040956,0.161245,-0.264031,-0.137571,-0.203731,-0.111678,-0.244285,-0.009219,0.217061,5
21,21,0.997576,-1.012919,0.585658,0.466535,0.227798,-0.004744,-0.258403,-0.192372,-0.149473,-0.068075,-0.04533,-0.230929,5
10,14,1.178052,-0.894896,0.506227,0.153077,0.292469,-0.109377,-0.42115,-0.079026,-0.166481,-0.151084,0.069882,-0.073496,5
18,3,1.485886,-0.710576,-0.083088,-0.595442,0.063252,-0.338901,-0.154781,0.265356,-0.247217,-0.168102,0.035462,0.106936,5
16,14,1.179044,-0.918959,0.39137,0.344871,0.208578,-0.112593,-0.409046,-0.160424,-0.08005,-0.150476,-0.046161,-0.060619,5
14,7,1.24421,-0.373217,-0.408571,0.021403,0.152835,-0.115218,-0.274108,-0.296365,-0.045903,-0.222169,0.051208,0.171896,5
21,12,1.244784,-0.863934,0.233917,0.2819,0.259634,-0.0166,-0.452615,-0.185754,-0.161269,-0.151447,0.035106,-0.062855,5
7,2,1.653725,-0.783135,-0.245386,-0.377137,-0.134176,-0.381654,0.001461,0.132271,-0.16672,-0.173821,-0.009803,0.196381,5
24,7,1.3156,-0.727997,-0.130688,0.124081,0.176933,-0.101091,-0.315085,-0.354875,-0.059769,-0.112285,-0.019007,0.126407,5
18,14,1.308008,-1.125547,0.464175,0.156079,0.339999,-0.119791,-0.543627,-0.119953,-0.127181,-0.137741,0.024906,-0.127642,5
25,1,1.764475,-0.787655,-0.283605,-0.30954,0.041181,-0.304222,-0.16165,0.100728,-0.176463,-0.17557,0.029846,0.189705,5
16,3,1.711757,-0.71296,-0.161548,-0.186713,0.183748,0.033358,-0.472265,-0.108252,-0.072392,-0.219135,0.09361,0.171703,5
28,3,1.734457,-0.635882,-0.274342,-0.100627,0.04021,-0.217508,-0.161639,-0.0702,-0.187669,-0.177093,0.035218,0.228364,5
10,2,1.620969,-0.846773,-0.368538,-0.07839,-0.115863,-0.169127,-0.098158,-0.245862,-0.041198,-0.1681,-0.091695,0.227301,5
29,11,1.238183,-0.862831,0.056746,0.306083,0.206569,-0.135139,-0.400424,-0.269678,-0.105741,-0.12147,-0.021737,0.013224,5
23,17,1.020894,-0.961654,0.374054,0.327317,0.260995,-0.036313,-0.393134,-0.159277,-0.119997,-0.122455,-0.012815,-0.155403,5
4,7,1.313672,-0.94253,0.02025,0.029266,0.407339,-0.219219,-0.481766,-0.148423,-0.108128,-0.045409,0.013009,0.035822,5
22,1,1.517338,-0.525008,-0.287991,-0.519586,-0.011306,-0.405751,-0.087975,0.112018,-0.027127,-0.205578,-0.172637,0.147567,5
29,9,1.164008,-0.749234,-0.090417,0.187968,0.241917,-0.189972,-0.301692,-0.349089,-0.09398,-0.112836,-0.024722,0.08353,5
12,13,1.378065,-1.135371,0.508954,0.089196,0.344602,-0.20878,-0.444945,-0.052049,-0.263721,-0.094897,0.066134,-0.116146,5
16,2,1.283523,-0.284112,-0.740845,-0.120427,0.01597,-0.331744,0.022673,-0.144858,0.02289,-0.301371,-0.014923,0.157076,5
11,6,1.345409,-0.419459,-0.292573,-0.189698,0.335546,-0.165592,-0.446055,-0.205181,-0.104647,-0.116184,0.089922,0.128793,5
19,11,1.297884,-0.700666,0.069361,0.389202,0.344532,-0.09684,-0.346489,-0.207952,-0.13368,-0.088392,-0.07755,-0.067318,5
17,3,1.326426,-0.587077,-0.238958,-0.24991,0.107336,-0.010039,-0.343794,-0.195478,0.004021,-0.286755,-0.053822,0.209965,5
19,13,1.259207,-0.760116,0.322581,0.002496,0.439691,0.051357,-0.440654,-0.206561,-0.164177,-0.060087,-0.037907,-0.141048,5
19,12,1.272737,-0.672332,0.135594,0.418508,0.303457,-0.103586,-0.334913,-0.167882,-0.129856,-0.10868,-0.078665,-0.081426,5
2,3,0.934624,-0.617936,-0.423534,-0.371138,0.286927,-0.36931,-0.186811,-0.015087,-0.138371,-0.188237,0.017494,0.251388,5
22,5,1.565607,-0.626038,-0.37206,-0.245182,-0.059836,-0.209722,-0.125326,-0.004926,-0.126243,-0.237144,-0.012356,0.204746,5
21,19,1.02787,-0.950361,0.36891,0.466976,0.175444,0.024652,-0.281615,-0.210721,-0.102976,-0.125486,-0.058026,-0.124899,5
15,15,1.281972,-1.31705,0.484141,0.131743,0.307984,-0.194849,-0.427458,-0.098059,-0.215239,-0.050285,0.005466,-0.160047,5
26,3,1.519822,-0.143393,-0.712459,-0.149295,0.074968,-0.427031,0.003639,-0.144406,0.051765,-0.243615,-0.113608,0.158603,5
8,7,1.785076,-1.110366,0.208877,0.023951,0.290371,0.050863,-0.548736,-0.211195,-0.066382,-0.173261,0.07147,0.044044,5
16,8,1.459931,-1.136182,0.423132,0.043555,0.297481,-0.04724,-0.491011,-0.122235,-0.163133,-0.173887,0.080762,-0.083569,5
22,9,1.394779,-0.855231,-0.167857,-0.020565,0.132738,-0.077011,-0.375436,-0.308447,-0.038351,-0.156353,-0.025073,0.183144,5
29,6,1.43551,-0.62436,-0.302249,-0.086394,0.311202,-0.346798,-0.098214,-0.258332,-0.214447,-0.086873,-0.045201,0.250453,5
11,11,1.198209,-0.955261,0.269543,0.221577,0.354879,-0.067964,-0.493092,-0.13556,-0.136865,-0.113112,0.012556,-0.123578,5
6,6,1.261016,-0.35662,-0.509185,0.11725,0.191792,-0.227838,-0.21919,-0.395267,-0.028748,-0.183142,0.072998,0.100514,5
5,6,0.880718,-0.66962,-0.218622,-0.043585,0.265843,-0.201829,-0.309765,-0.131663,-0.125778,-0.237803,0.101163,0.155412,5
23,3,1.413169,-0.114233,-0.672964,-0.129153,0.011789,-0.456565,0.079841,-0.052622,0.001869,-0.256602,-0.093148,0.181971,5
5,6,1.203706,-0.7024,-0.358294,0.132887,0.190012,-0.202394,-0.341246,-0.296584,-0.037877,-0.098351,0.02498,0.131354,5
25,8,1.334165,-0.882186,-0.09642,-0.152286,0.286934,-0.045694,-0.413106,-0.166122,-0.121077,-0.206058,0.019859,0.124288,5
9,5,1.329436,-0.899595,-0.079018,0.111588,0.121599,-0.048181,-0.420689,-0.174104,-0.125181,-0.173642,0.059434,0.162129,5
8,1,1.483986,-0.408009,-0.575877,-0.227402,-0.02516,-0.226565,-0.125799,-0.078011,-0.097294,-0.217769,0.052611,0.24916,5
1,7,1.481784,-0.577054,-0.123654,-0.059386,0.07857,-0.063066,-0.435646,-0.066657,-0.075271,-0.16363,0.156315,0.224009,5
7,6,1.5208,-1.065622,0.01806,-0.018996,0.170371,-0.230173,-0.371765,-0.044843,-0.263086,-0.180539,0.177772,0.13668,5
25,4,0.913774,-0.124908,-0.607067,-0.185896,0.031377,-0.405,-0.009284,-0.057911,-0.007337,-0.290658,-0.003214,0.171349,5
22,13,1.534825,-1.178025,0.317576,0.289823,0.150434,-0.006176,-0.41088,-0.229065,-0.145749,-0.20051,0.022224,0.023695,5
28,6,1.186982,-0.995868,-0.0396,-0.28125,0.308615,-0.165071,-0.354033,-0.06076,-0.284226,-0.17599,0.120197,0.130748,5
28,4,1.641859,-0.633238,-0.234421,-0.079227,0.069887,-0.184457,-0.198131,-0.123943,-0.163003,-0.183512,0.030995,0.24706,5
5,11,1.193511,-0.877399,0.029014,0.479003,0.120887,-0.249215,-0.337342,-0.258349,-0.051209,-0.073274,-0.074506,-0.052642,5
11,4,1.525179,-0.50801,-0.319601,-0.274393,0.180777,-0.182003,-0.344703,-0.041774,-0.127324,-0.173385,0.065756,0.192663,5
20,13,1.297624,-1.062943,0.625879,0.173854,0.285904,-0.035363,-0.401903,-0.168718,-0.172762,-0.089115,-0.028186,-0.183147,5
10,12,1.493909,-1.46937,0.488648,0.256069,0.20245,-0.077893,-0.452495,-0.181959,-0.127096,-0.12642,0.016928,-0.108477,5
13,3,1.746167,-0.649083,-0.304607,-0.045844,-0.133468,-0.240739,-0.051984,-0.160721,-0.064456,-0.134352,0.039899,0.260696,5
20,16,0.985052,-0.918013,0.761964,0.352264,0.146101,-0.011044,-0.32308,-0.179184,-0.162168,-0.094709,-0.064144,-0.269534,5
1,1,1.423299,-0.414029,-0.135408,-0.471968,-0.003805,-0.333599,-0.12126,0.198925,-0.163834,-0.213314,-0.001098,0.15489,5
21,20,0.998673,-0.974407,0.48837,0.458137,0.207248,0.018847,-0.276958,-0.223908,-0.081674,-0.10808,-0.087887,-0.151297,5
22,11,1.097935,-1.006606,0.184397,0.151958,0.202973,-0.002499,-0.457022,-0.228734,-0.129578,-0.131584,0.043556,-0.012196,5
14,3,1.319906,-0.252485,-0.579133,-0.063994,0.136886,-0.463274,0.011497,-0.096327,-0.092461,-0.178769,-0.028188,0.29806,5
23,8,1.122943,-0.850831,-0.148051,-0.139342,0.253256,-0.074001,-0.27245,-0.298248,-0.048365,-0.206602,-0.057507,0.218651,5
10,13,1.457354,-1.394094,0.491453,0.313352,0.194131,-0.081709,-0.417265,-0.184392,-0.118027,-0.116777,-0.000592,-0.121095,5
20,11,1.185693,-0.955195,0.386653,0.202639,0.263631,-0.069057,-0.411343,-0.197211,-0.148168,-0.107,-0.013671,-0.06473,5
15,17,1.099712,-1.249126,0.558733,0.157548,0.313545,-0.145454,-0.397761,-0.133634,-0.204844,0.002413,-0.032238,-0.249195,5
21,4,1.525428,-0.474663,-0.449293,-0.403621,-0.01202,-0.10826,-0.281512,0.017278,0.088022,-0.309352,-0.086166,0.154583,5
11,5,1.336438,-0.449485,-0.270414,-0.284047,0.292059,-0.175014,-0.450078,-0.06004,-0.151297,-0.16165,0.114595,0.128417,5
13,5,1.311522,-0.986573,0.029557,-0.160738,0.107164,-0.222346,-0.221763,-0.211372,-0.1386,-0.089743,0.023475,0.282681,5
13,10,0.927667,-1.180485,0.516837,-0.017351,0.320936,-0.193065,-0.422769,-0.100937,-0.219339,-0.031498,-0.012833,-0.118642,5
5,5,1.153992,-0.611841,-0.472109,0.066097,0.159227,-0.229957,-0.250878,-0.344607,0.01007,-0.15303,0.057171,0.162639,5
17,9,1.656105,-1.137711,-0.105593,0.089322,0.196752,-0.138395,-0.352709,-0.277684,-0.15989,-0.065105,0.029224,0.109562,5
15,14,1.421477,-1.319728,0.407481,0.105612,0.329498,-0.217486,-0.444164,-0.099466,-0.241269,-0.041644,0.029349,-0.146577,5
24,3,1.745243,-0.456344,-0.229618,-0.451099,0.063664,-0.379248,-0.165848,0.191072,-0.177557,-0.193893,-0.038273,0.162749,5
18,1,1.493202,-0.646246,0.022686,-0.711983,-0.015204,-0.420907,-0.101242,0.335136,-0.199724,-0.109886,-0.041593,0.079989,5
29,9,1.585711,-1.066275,0.261779,0.009807,0.258399,-0.044552,-0.429593,-0.222745,-0.186682,-0.076963,0.071921,-0.052546,5
13,5,1.321895,-0.656835,-0.181663,-0.132188,0.100303,-0.140179,-0.26383,-0.145414,-0.092936,-0.165753,0.083648,0.258746,5
17,10,1.311489,-0.799918,0.169271,0.214028,0.341843,-0.019324,-0.356801,-0.26778,-0.177581,-0.07688,-0.050808,-0.048546,5
28,5,1.23824,-0.859317,-0.212418,-0.260035,0.198244,-0.150772,-0.30423,-0.002775,-0.274897,-0.245818,0.123136,0.161425,5
25,5,1.626178,-1.114944,-0.059286,-0.075041,0.118808,-0.079801,-0.393395,-0.161942,-0.142897,-0.158565,0.13655,0.192995,5
1,5,1.473025,-0.408167,-0.213428,-0.292233,0.10486,-0.127045,-0.31625,0.003483,-0.090119,-0.253862,0.145544,0.269439,5
26,9,1.469383,-0.716187,-0.120876,0.036927,0.21426,-0.062856,-0.41494,-0.274924,-0.120681,-0.067168,0.05029,0.04336,5
1,9,1.546769,-1.066782,0.376109,-0.219322,0.439708,0.076948,-0.526996,-0.234147,-0.216835,0.011606,0.03548,-0.132469,5
15,7,1.684017,-1.20286,0.383801,-0.158702,0.210048,0.063622,-0.571624,-0.180426,-0.043318,-0.196412,0.084586,0.121204,5
2,9,1.046176,-1.025323,0.216658,0.18452,0.312054,-0.17612,-0.451839,-0.147814,-0.192913,-0.066216,0.062045,-0.066335,5
19,10,1.023146,-0.298142,-0.261786,0.016462,0.365458,-0.042333,-0.418229,-0.329416,-0.000227,-0.208951,0.034002,0.059482,5
3,8,1.273802,-0.569659,-0.324179,-0.045546,0.201809,-0.222935,-0.319196,-0.144409,-0.145334,-0.170642,0.08142,0.187774,5
16,9,1.343051,-1.092622,0.42023,0.156205,0.273078,-0.053576,-0.447601,-0.125297,-0.178841,-0.173946,0.087252,-0.095982,5
10,9,1.634568,-1.490377,0.372936,0.084903,0.191167,-0.04712,-0.500058,-0.2183,-0.122816,-0.121533,0.0354,-0.033982,5
20,8,1.370525,-0.876978,0.091968,0.129939,0.184247,-0.007069,-0.392809,-0.345713,-0.077995,-0.125665,-0.085491,0.086786,5
6,2,1.262186,-0.523063,-0.310285,-0.235438,-0.253184,-0.340477,0.122594,0.038301,-0.182203,-0.176823,0.082665,0.196837,5
26,7,1.447055,-0.478625,-0.430517,0.02299,0.166219,-0.147331,-0.302133,-0.390772,-0.003263,-0.117755,0.030682,0.114033,5
17,5,1.447833,-0.84542,-0.139901,-0.382263,0.177907,-0.226469,-0.298333,0.121012,-0.29157,-0.185607,0.138937,0.133112,5
24,10,1.60419,-1.101289,0.212992,-0.068851,0.375114,-0.082268,-0.47817,-0.150659,-0.205439,-0.101838,0.037218,-0.054795,5
2,3,1.055981,-0.389265,-0.300259,-0.353002,0.030768,-0.302531,-0.063143,-0.020671,-0.091713,-0.318199,0.09675,0.268845,5
4,5,1.473491,-0.48723,-0.678764,0.107619,0.169836,-0.402705,0.010952,-0.163449,-0.137441,-0.174358,0.118355,0.324817,5
22,6,1.528412,-0.94128,-0.25289,-0.122185,0.099583,-0.124706,-0.23322,-0.158913,-0.184528,-0.193369,-0.009398,0.19177,5
5,1,1.399389,-0.525987,-0.699447,0.047228,-0.042897,-0.373916,0.070351,-0.143958,-0.046557,-0.253743,0.078602,0.223686,5
15,8,1.692228,-1.245346,0.012114,-0.222295,0.249942,-0.024732,-0.496865,-0.141424,-0.156477,-0.148384,0.140534,0.088514,5
29,1,1.556188,-0.508737,-0.288269,-0.403316,-0.011892,-0.204865,-0.22151,0.129939,-0.190746,-0.22102,0.088888,0.182615,5
25,14,0.926219,-1.083178,0.400716,0.287811,0.244819,-0.060633,-0.351316,-0.10803,-0.171287,-0.178256,0.037421,-0.101242,5
12,8,1.23644,-0.674433,-0.191498,0.053207,0.259551,-0.136102,-0.413314,-0.259326,-0.073253,-0.119939,0.029313,0.091557,5
15,13,1.446593,-1.284933,0.365134,0.024417,0.3448,-0.190184,-0.485434,-0.101426,-0.239798,-0.066483,0.050701,-0.121314,5
24,9,1.427858,-0.901099,0.017906,-0.127602,0.391105,-0.078427,-0.45036,-0.160375,-0.228188,-0.095913,0.082601,-0.005096,5
23,12,1.089506,-0.749555,-0.055509,0.21381,0.308395,-0.146365,-0.37813,-0.280032,-0.077805,-0.155817,-0.031615,0.029817,5
18,15,1.316323,-1.13659,0.509776,0.218263,0.318558,-0.11368,-0.52093,-0.109016,-0.105388,-0.154052,-0.000803,-0.132004,5
4,2,1.034091,-0.668848,-0.300521,-0.247796,0.00535,-0.258479,-0.146745,-0.063927,-0.12014,-0.235718,0.09615,0.296338,5
15,2,1.973524,-1.217638,-0.098435,-0.365268,-0.170218,-0.091826,-0.184538,0.055163,-0.045932,-0.263036,-0.028516,0.194783,5
9,7,1.599903,-1.194887,0.291403,0.163816,0.192462,-0.065495,-0.450439,-0.211373,-0.1053,-0.138862,0.040138,0.048916,5
17,4,1.380101,-0.781057,-0.155016,-0.409464,0.11531,-0.224015,-0.28633,0.162066,-0.236823,-0.210757,0.108599,0.131721,5
8,2,1.767525,-0.451937,-0.377286,-0.099952,-0.139337,-0.432889,0.07254,0.065335,-0.113919,-0.17491,0.018106,0.206948,5
19,5,1.556129,-0.354435,-0.564175,-0.085435,-0.011948,-0.25357,-0.053716,-0.193129,-0.079042,-0.24987,-0.005875,0.199699,5
14,4,1.283447,-0.211805,-0.695265,0.103142,0.144228,-0.391113,-0.008101,-0.233461,-0.054865,-0.193373,0.051773,0.238552,5
17,12,1.279336,-0.790014,0.247506,0.3599,0.201727,0.018093,-0.35939,-0.271534,-0.108955,-0.111347,-0.037439,-0.026175,5
18,7,1.216375,-0.875327,-0.102004,-0.322645,0.314999,-0.22352,-0.33559,0.027729,-0.340357,-0.150248,0.135451,0.121764,5
1,8,1.650905,-0.892903,0.057501,-0.047496,0.22918,-0.086483,-0.451426,-0.138406,-0.095534,-0.108437,0.13859,0.139839,5
19,10,1.412096,-0.761975,0.032521,0.331262,0.329618,-0.098293,-0.322418,-0.283948,-0.110271,-0.070174,-0.084783,-0.027736,5
7,12,1.511138,-1.368164,0.518156,0.264074,0.135301,-0.145561,-0.364537,-0.186191,-0.116917,-0.056842,-0.062537,-0.138082,5
29,4,1.788647,-0.909355,-0.157697,-0.168571,0.043324,-0.07975,-0.302853,-0.107687,-0.147473,-0.184274,0.111461,0.241147,5
19,15,1.025153,-0.433934,0.223899,0.347582,0.361335,-0.121354,-0.388825,-0.140304,-0.078335,-0.099115,-0.098313,-0.200853,5
7,2,1.588405,-0.856742,-0.182532,-0.373585,-0.021065,-0.320881,-0.040746,0.132663,-0.321181,-0.106415,0.172335,0.183583,5
25,9,1.365381,-1.003984,0.022482,-0.051025,0.313644,0.009016,-0.498773,-0.156905,-0.135972,-0.220434,0.061343,0.057128,5
7,1,1.795459,-0.801968,-0.168952,-0.491622,-0.141732,-0.405102,-0.013069,0.219017,-0.173633,-0.155575,-0.02329,0.146099,5
1,2,1.663605,-0.44147,-0.224154,-0.277744,-0.146186,-0.255029,0.022134,0.002173,-0.024104,-0.217514,-0.041724,0.251545,5
6,4,1.44458,-0.859158,-0.094619,-0.212872,-0.210494,-0.170588,-0.067694,0.006524,-0.205565,-0.217022,0.142255,0.277965,5
23,17,0.939687,-1.00548,0.354126,0.287461,0.089831,0.096217,-0.261771,-0.22796,-0.206217,-0.119601,0.077436,-0.094429,5
1,4,1.567542,-0.693991,0.011871,-0.430096,0.221587,-0.076938,-0.373547,0.038176,-0.166935,-0.225777,0.082913,0.151499,5
24,5,1.530256,-0.724932,-0.324955,0.036389,0.090999,-0.154392,-0.180671,-0.346158,-0.06276,-0.151937,-0.025162,0.20544,5
2,11,1.075136,-1.024802,0.441615,0.173176,0.363456,-0.228571,-0.461955,-0.105361,-0.144419,-0.042665,-0.022855,-0.130102,5
13,16,1.284823,-1.105233,0.700763,0.359481,0.160869,-0.140686,-0.332656,-0.128187,-0.142434,-0.068887,0.001512,-0.164092,5
15,12,1.3926,-1.171693,0.240308,0.013281,0.356371,-0.163675,-0.484313,-0.164984,-0.206436,-0.060051,0.046235,-0.061098,5
25,12,1.198017,-1.191046,0.393187,0.117822,0.292138,-0.028503,-0.45944,-0.132495,-0.150845,-0.193854,0.057114,-0.057114,5
22,4,1.481347,-0.466287,-0.397246,-0.288006,-0.192153,-0.193075,-0.110216,-0.023034,0.004323,-0.307231,-0.038147,0.218216,5
22,1,1.427072,-0.222422,-0.469086,-0.186184,-0.380881,-0.317965,0.058207,-0.118218,0.230241,-0.324402,-0.068986,0.037855,5
25,4,1.74741,-1.127231,-0.092264,-0.190803,0.116903,-0.168849,-0.287414,-0.117,-0.212217,-0.125223,0.099856,0.204851,5
21,7,1.188739,-0.603397,-0.221612,-0.023996,0.191031,-0.080185,-0.327298,-0.423925,0.032681,-0.202469,-0.026632,0.19355,5
20,5,1.623002,-0.767007,-0.183534,-0.187149,0.303117,-0.103808,-0.363233,-0.059944,-0.228402,-0.204426,0.012261,0.098222,5
10,10,1.527419,-1.458624,0.379943,0.15002,0.204148,-0.061189,-0.485418,-0.208898,-0.132081,-0.134619,0.037319,-0.048049,5
9,7,1.527701,-0.579897,-0.267117,-0.126891,0.22174,-0.009134,-0.356131,-0.254738,-0.096883,-0.152792,-0.021038,0.10181,5
10,5,1.378272,-0.594551,-0.202481,-0.330984,0.137901,-0.111833,-0.301674,-0.143548,-0.050188,-0.244157,0.011157,0.249741,5
12,14,1.28204,-1.052619,0.495373,0.170552,0.345114,-0.225174,-0.438354,-0.042692,-0.25437,-0.113202,0.062984,-0.145563,5
2,4,0.889226,-0.563428,-0.463407,-0.322522,0.343659,-0.305134,-0.289223,-0.067345,-0.140094,-0.193915,0.099866,0.206691,5
18,16,1.194723,-1.182063,0.636603,0.333301,0.307774,-0.246601,-0.325516,-0.06614,-0.176658,-0.082973,-0.126796,-0.192252,5
26,3,1.529395,-0.369914,-0.122101,-0.509075,0.123348,-0.150184,-0.287131,0.025529,-0.232566,-0.174177,0.16137,0.147641,5
28,1,1.757843,-0.434884,-0.238122,-0.294485,0.024159,-0.301494,-0.179291,0.220661,-0.233898,-0.213769,0.047246,0.16375,5
3,9,1.053516,-0.944611,0.304878,0.143998,0.398856,-0.235777,-0.46651,-0.057036,-0.146278,-0.077893,0.00677,-0.105165,5
4,2,1.296991,-0.301585,-0.623217,-0.113619,-0.047146,-0.508821,0.158053,-0.070195,0.042116,-0.255856,0.067004,0.273514,5
21,15,1.272596,-0.908471,0.39611,0.377472,0.224031,0.000834,-0.428234,-0.178598,-0.121551,-0.181681,-0.004882,-0.105115,5
11,10,1.75814,-1.101076,0.43003,0.075229,0.31512,-0.17132,-0.460928,-0.203818,-0.188268,0.032145,-0.007339,-0.115793,5
11,11,1.79038,-1.037525,0.40059,0.220838,0.261863,-0.158905,-0.433381,-0.170579,-0.14167,-0.07768,0.01755,-0.077926,5
4,4,1.269204,-0.8814,-0.161929,-0.130679,0.163067,-0.109365,-0.448799,-0.012861,-0.166338,-0.187251,0.177548,0.189453,5
28,2,1.761805,-0.488634,-0.29443,-0.185087,0.01275,-0.211007,-0.227138,0.080052,-0.191481,-0.241047,0.0414,0.224822,5
16,5,1.684915,-0.998667,0.140876,-0.143965,0.337636,-0.005218,-0.522501,-0.152267,-0.118805,-0.1531,0.098932,0.058696,5
22,12,1.547186,-1.374598,0.507458,-0.020746,0.21686,-0.039247,-0.457981,-0.155591,-0.170594,-0.097717,0.027698,-0.11522,5
13,1,1.56597,-0.764119,-0.171824,-0.323373,0.05141,-0.45056,0.016337,0.07745,-0.256573,-0.075387,-0.032684,0.22979,5
17,2,1.462146,-0.657401,-0.158796,-0.287999,0.039519,-0.021027,-0.311543,-0.109584,-0.023871,-0.296927,-0.072522,0.219808,5
10,2,1.739663,-0.579203,-0.192513,-0.312483,-0.207655,-0.124857,-0.174699,-0.010406,0.034306,-0.254112,-0.045798,0.264923,5
22,3,1.438543,-0.335646,-0.47826,-0.214565,-0.323251,-0.206607,-0.053461,-0.052457,0.125849,-0.362883,-0.069531,0.163945,5
7,9,1.589042,-1.127176,0.255492,0.279326,0.110282,-0.279621,-0.339351,-0.221758,-0.074325,-0.054021,-0.073565,0.044609,5
29,10,1.211504,-0.821612,-0.007172,0.265472,0.218227,-0.170367,-0.360071,-0.294301,-0.118673,-0.10925,-0.015513,0.037358,5
19,4,1.550451,-0.324133,-0.557836,-0.121271,-0.017331,-0.329216,-0.03242,-0.076602,-0.08376,-0.233038,-0.061649,0.182793,5
24,1,1.754105,-0.477001,-0.541131,-0.09751,-0.132758,-0.328344,0.017222,-0.040387,-0.049375,-0.255922,-0.04178,0.208076,5
6,11,1.288994,-1.228692,0.359082,0.19369,0.286782,-0.126543,-0.426118,-0.199794,-0.092931,-0.074331,-0.078592,-0.068508,5
20,2,1.267867,-0.3745,-0.510466,-0.001935,0.185174,-0.296855,-0.107916,-0.262963,-0.081037,-0.229471,-0.016414,0.209941,5
16,3,1.25931,-0.330734,-0.745858,-0.003484,0.024436,-0.278896,-0.008122,-0.205201,-0.017477,-0.289277,0.015958,0.152902,5
7,10,1.582117,-1.373572,0.314489,0.159155,0.239542,-0.172161,-0.434988,-0.179558,-0.145369,-0.055898,-0.018206,-0.092452,5
17,13,1.346958,-1.185063,0.250021,0.164442,0.391603,-0.23842,-0.413752,-0.175647,-0.214006,0.011363,-0.017986,-0.118604,5
18,13,1.440981,-1.176805,0.481216,0.036306,0.358733,-0.114949,-0.562496,-0.126202,-0.157426,-0.090333,0.03255,-0.142315,5
27,11,1.196762,-1.003255,0.2079,0.229761,0.235219,-0.035783,-0.350411,-0.210953,-0.211942,-0.135344,0.062298,-0.014289,5
1,13,1.27956,-0.837682,0.343477,0.267198,0.164462,-0.095226,-0.452269,-0.158013,-0.081719,-0.093892,0.047765,-0.051933,5
15,16,1.088593,-1.208712,0.466064,0.195704,0.308404,-0.159652,-0.410378,-0.129843,-0.193623,-0.050154,0.004007,-0.175651,5
9,9,1.635056,-0.864132,0.115757,-0.155892,0.397316,0.028482,-0.498837,-0.218746,-0.179566,-0.088907,0.066511,-0.028838,5
4,5,1.594572,-1.138333,0.048048,-0.186205,0.277043,-0.107219,-0.499928,-0.072863,-0.134129,-0.141464,0.144652,0.125573,5
16,9,0.886651,-0.518596,-0.232363,0.32421,0.14962,-0.131912,-0.383052,-0.404676,0.090673,-0.197412,0.024145,0.033263,5
24,4,1.715652,-0.731903,-0.441361,0.078872,0.037781,-0.212731,-0.111453,-0.244916,-0.132913,-0.155701,0.007122,0.191989,5
21,2,1.739226,-0.4476,-0.349438,-0.229136,-0.108732,-0.188459,-0.219653,0.078641,-0.090687,-0.231951,-0.00802,0.189923,5
23,5,1.428941,-0.933698,-0.26124,-0.159502,0.040266,-0.013003,-0.243291,-0.145351,-0.051505,-0.231368,-0.046678,0.233525,5
29,1,1.149417,0.013535,-0.6724,-0.162901,-0.058608,-0.469225,0.15402,-0.057525,0.04342,-0.321989,-0.040288,0.154218,5
27,12,1.368,-1.43098,0.580717,0.047385,0.226982,-0.079322,-0.502498,-0.099456,-0.155433,-0.143514,0.05634,-0.103822,5
11,2,1.60316,-0.224451,-0.730304,0.018861,0.006704,-0.36314,0.002736,-0.137037,0.043338,-0.254559,-0.004056,0.177715,5
6,1,1.748348,-0.213537,-0.432946,-0.344879,0.056325,-0.313737,-0.219456,0.133358,-0.14872,-0.149659,0.013329,0.174369,5
20,3,1.245996,-0.434283,-0.418046,-0.018644,0.220659,-0.197726,-0.18826,-0.342263,-0.046293,-0.214569,-0.020451,0.174523,5
10,7,1.64623,-0.915923,0.031449,-0.091997,0.162767,0.066929,-0.524795,-0.189083,-0.047101,-0.238569,0.094972,0.219112,5
24,13,1.329183,-1.097706,0.370595,0.367501,0.197912,-0.046236,-0.391933,-0.199101,-0.099964,-0.128478,-0.003912,-0.064524,5
7,15,1.308697,-0.872517,0.68956,0.402868,0.21327,-0.350567,-0.159206,-0.086878,-0.228204,-0.033979,-0.148677,-0.173186,5
29,7,1.370486,-0.691169,-0.215354,0.011175,0.23076,-0.250178,-0.156195,-0.396941,-0.078463,-0.107364,-0.052634,0.20714,5
15,4,1.355199,-0.90003,-0.217096,-0.372664,-0.028256,-0.075395,-0.270137,-0.073471,-0.009744,-0.260933,-0.017276,0.272094,5
1,9,1.532464,-0.929838,0.091023,0.045824,0.20688,-0.048742,-0.459039,-0.217006,-0.058389,-0.080095,0.083821,0.10543,5
10,9,1.492372,-0.876709,0.101402,0.032403,0.269569,-0.030788,-0.53485,-0.159992,-0.070996,-0.179795,0.091629,0.127671,5
26,10,1.264947,-0.610907,-0.222379,0.139475,0.328634,-0.286697,-0.161682,-0.472683,-0.028443,-0.111242,-0.05145,0.120483,5
6,8,1.630679,-1.227405,0.167377,-0.153259,0.264452,-0.079553,-0.497744,-0.102973,-0.162276,-0.147981,0.118695,0.060406,5
17,9,1.403157,-0.867474,0.140566,0.185842,0.238241,0.042614,-0.327897,-0.338203,-0.153534,-0.089515,-0.062275,0.004661,5
16,12,1.391887,-1.04149,0.359664,0.216891,0.247975,-0.083956,-0.452384,-0.211643,-0.096977,-0.134288,-0.023884,-0.029821,5
26,5,1.609979,-0.479754,-0.253022,-0.355703,0.258078,-0.156435,-0.384306,-0.020489,-0.198021,-0.15996,0.094395,0.121941,5
2,1,1.151579,-0.67349,-0.408932,-0.383024,0.090533,-0.337241,-0.091872,0.038578,-0.087524,-0.210588,-0.029371,0.236578,5
27,6,1.681634,-1.350162,0.192652,-0.331728,0.024815,-0.017777,-0.39918,-0.059506,-0.12837,-0.250819,0.122402,0.218881,5
10,6,1.502423,-0.715501,-0.12256,-0.259096,0.150372,0.025277,-0.462018,-0.157005,-0.053552,-0.251683,0.074289,0.223278,5
9,3,1.688752,-0.436952,-0.530808,-0.148462,-0.149036,-0.16707,-0.123274,-0.036024,0.006591,-0.215807,-0.075275,0.175529,5
13,15,1.227005,-1.011976,0.555243,0.397608,0.19106,-0.1328,-0.361978,-0.175746,-0.130597,-0.054128,0.000775,-0.128311,5
21,6,1.650065,-0.780807,-0.272304,-0.319146,0.057993,-0.014682,-0.358915,-0.07413,-0.031859,-0.227,-0.002432,0.171315,5
10,10,1.672588,-1.037287,0.303466,-0.005894,0.303815,-0.101322,-0.536678,-0.134071,-0.083794,-0.147286,0.059397,0.066117,5
24,12,1.388096,-1.131296,0.369396,0.316341,0.205837,-0.03921,-0.404633,-0.190651,-0.114351,-0.149326,0.021599,-0.033667,5
23,10,1.080404,-0.906634,-0.080017,-0.013454,0.2144,-0.047157,-0.282334,-0.319356,-0.093777,-0.189081,-0.025994,0.141776,5
25,1,1.328452,-0.06694,-0.599347,-0.091574,-0.244481,-0.449364,0.070383,-0.050554,0.21713,-0.309628,0.003574,0.049969,5
13,2,1.593391,-0.840625,-0.181295,-0.319699,0.119905,-0.455574,0.021735,0.003696,-0.281288,-0.040107,-0.067727,0.281206,5
23,12,1.172169,-1.038979,0.114912,0.120645,0.156499,0.047313,-0.410351,-0.210479,-0.174087,-0.205559,0.078137,0.04849,5
15,5,1.61334,-0.908793,0.211948,-0.261857,0.064009,0.015834,-0.393537,-0.147069,-0.073163,-0.246707,0.054753,0.266904,5
11,7,1.400484,-0.559314,-0.24572,-0.051041,0.393359,-0.186718,-0.38821,-0.268839,-0.15096,-0.00785,0.042904,0.104253,5
3,10,1.50684,-0.729928,-0.122864,0.150184,0.301873,-0.150092,-0.428773,-0.161398,-0.177214,-0.102674,0.054251,0.047119,5
24,11,1.572684,-1.135462,0.305864,0.010116,0.330791,-0.099308,-0.482365,-0.12124,-0.194533,-0.150203,0.041029,-0.077499,5
5,3,0.84727,-0.542493,-0.326837,-0.199346,0.029455,-0.342559,0.062566,-0.155052,-0.144495,-0.269777,0.105755,0.313707,5
13,13,0.81248,-1.218936,0.711305,0.046295,0.301144,-0.16398,-0.404514,-0.072688,-0.205937,-0.021472,-0.056002,-0.215896,5
21,1,1.58341,-0.296294,-0.321318,-0.320653,-0.174438,-0.131914,-0.235671,0.025245,0.073504,-0.331927,-0.053182,0.209883,5
15,8,1.544622,-1.129766,0.369839,-0.02087,0.255651,-0.011487,-0.528093,-0.218633,-0.035142,-0.132792,-0.000537,0.093229,5
25,8,1.311814,-1.333426,0.377778,-0.023326,0.207164,-0.120727,-0.437956,-0.141141,-0.180703,-0.091354,0.066225,-0.049334,5
19,11,1.076368,-0.438977,-0.091113,0.061952,0.374984,-0.017405,-0.436066,-0.28299,-0.054524,-0.130454,-0.037356,0.025948,5
1,1,1.363641,-0.857357,0.433479,-0.561207,-0.410652,-0.330171,0.168229,0.083465,-0.360318,-0.058169,-0.045096,0.005623,6
6,2,1.869226,-0.566148,0.328457,-0.193968,-0.105167,-0.416517,0.123053,0.010561,-0.436978,-0.216588,-0.1009,0.17395,6
10,8,1.032692,-1.014263,0.597096,-0.40763,-0.34398,-0.116716,0.260073,-0.186568,-0.486294,-0.064508,-0.118469,0.083871,6
13,15,1.131168,-1.742735,0.650539,0.297053,-0.204024,0.010862,-0.066159,-0.38066,-0.422863,-0.067546,0.14828,-0.050267,6
5,5,1.198781,-0.36024,0.290643,-0.564543,-0.157461,-0.277166,0.271962,-0.041273,-0.362868,-0.169238,-0.148919,0.136082,6
2,16,1.154291,-0.761958,0.636781,0.49555,0.158456,-0.169462,-0.155202,-0.245875,-0.296803,-0.077315,0.045134,-0.108478,6
16,6,1.256628,-0.915208,0.266255,0.007662,-0.133356,-0.053079,-0.007482,-0.151647,-0.381702,-0.345585,-0.019731,0.210325,6
15,8,1.061848,-0.918267,0.615991,-0.348399,-0.018156,-0.038553,0.029499,-0.154764,-0.556857,-0.16363,-0.035215,0.005903,6
8,2,1.362149,-0.795459,0.362527,-0.315622,-0.39821,-0.360246,0.313431,-0.083452,-0.379317,-0.085081,-0.124448,0.082307,6
16,13,1.071699,-1.487284,0.644006,0.051218,0.007292,-0.051242,-0.140692,-0.254449,-0.437464,-0.068844,0.052273,-0.133419,6
4,11,1.008653,-1.098314,0.435293,-0.10859,0.052016,-0.199857,-0.033689,-0.204088,-0.556481,-0.082302,0.100486,0.091345,6
11,6,1.192498,-0.950961,0.455721,-0.266973,-0.083906,-0.159067,0.089241,0.001831,-0.53358,-0.280397,-0.032772,0.062975,6
5,14,0.878232,-1.098483,0.521334,-0.133909,0.119688,-0.105962,-0.093956,-0.265557,-0.472979,-0.025836,0.02799,-0.020062,6
5,9,1.175591,-0.839404,0.428865,0.166146,0.131887,-0.139428,-0.009429,-0.292033,-0.430204,-0.048737,0.08647,0.056965,6
3,9,1.334437,-0.588643,0.618679,-0.446217,0.135476,-0.029823,-0.133302,-0.213928,-0.502866,-0.090659,0.085662,0.103225,6
14,2,1.252185,-0.903323,0.615969,-0.48139,-0.453664,-0.256145,0.166163,0.043239,-0.410723,-0.08263,-0.049393,-0.06615,6
28,10,1.411989,-1.044377,0.610495,-0.171258,0.013834,-0.018225,-0.024709,-0.224349,-0.532384,-0.064478,0.066504,-0.003302,6
19,18,1.203381,-1.183695,0.969839,0.139544,0.028039,0.006324,-0.235668,-0.271885,-0.31531,-0.039085,0.056841,-0.149412,6
23,15,1.11227,-1.123111,0.58258,-0.245491,0.162695,-0.000823,-0.156566,-0.158869,-0.485229,-0.124892,0.070277,0.025849,6
21,10,0.930006,-1.062901,0.654087,-0.188168,0.151374,0.032728,-0.128539,-0.264959,-0.513603,-0.057649,0.047432,-0.052639,6
16,9,1.449464,-1.362507,0.588821,-0.132364,-0.037364,0.058912,-0.107655,-0.197758,-0.455,-0.219933,0.041267,0.0181,6
10,7,1.030415,-0.960132,0.565793,-0.393493,-0.425686,-0.124474,0.313124,-0.22652,-0.445273,-0.039864,-0.127649,0.074386,6
17,14,1.162821,-1.123237,0.502587,0.072713,0.232718,-0.127463,-0.220405,-0.170105,-0.445814,-0.088225,0.107888,-0.105509,6
3,8,1.266799,-0.89034,0.558054,-0.189271,-0.091401,-0.208002,0.091315,-0.088512,-0.539919,-0.15705,0.007839,0.112401,6
4,2,1.266343,-0.1874,0.412579,-0.268484,-0.255068,-0.457762,0.23154,-0.181512,-0.333326,0.032621,-0.047144,0.065197,6
29,12,1.336233,-1.101578,0.579537,-0.084292,0.107026,-0.007139,-0.192587,-0.250247,-0.441745,-0.108521,0.07535,-0.051305,6
11,5,1.166328,-1.363611,0.531281,-0.207249,-0.27267,-0.082607,0.09763,-0.136587,-0.420051,-0.205531,-0.10934,0.089319,6
14,17,1.15405,-1.109256,0.638659,0.088248,0.228351,-0.193114,-0.133101,-0.172762,-0.471025,0.024167,0.032451,-0.165645,6
18,1,1.254176,-0.757245,0.808118,-0.610866,-0.38673,-0.057012,0.06166,-0.045122,-0.381577,-0.152013,-0.05391,0.0213,6
19,3,1.197558,-0.719043,0.801165,-0.537824,-0.419222,-0.042398,0.188323,-0.103967,-0.441714,-0.088662,-0.110393,-0.077521,6
9,2,1.413253,-1.253364,0.347769,-0.020123,-0.591131,-0.258082,0.132924,-0.030587,-0.300024,-0.15834,0.02674,-0.011771,6
22,3,0.946005,-0.582318,0.651056,-0.710933,-0.268836,-0.081305,0.13365,-0.010045,-0.419466,-0.079893,-0.091215,-0.090451,6
21,12,0.956988,-1.188002,0.691794,-0.154097,0.144386,-0.002145,-0.169618,-0.260291,-0.500657,-0.040874,0.035799,-0.095322,6
19,9,1.360944,-1.364934,0.520066,-0.198988,-0.005368,-0.005563,-0.103245,-0.145513,-0.481615,-0.212072,0.037442,0.040297,6
5,8,1.351581,-0.743712,0.360741,0.135509,0.113426,-0.120227,0.017796,-0.225724,-0.438544,-0.113986,0.108417,0.115777,6
17,9,1.510074,-0.86667,0.659997,-0.259469,-0.081475,-0.018361,-0.00285,-0.095919,-0.498327,-0.218801,0.042344,0.054804,6
7,16,0.983112,-1.190784,0.686154,0.060315,0.23927,-0.110886,-0.146348,-0.215701,-0.453873,0.012906,0.007294,-0.153508,6
13,4,1.146875,-1.157156,0.638228,-0.506196,-0.282101,-0.005625,0.060042,-0.078993,-0.529835,-0.179995,0.036049,-0.023804,6
25,20,0.689207,-1.399435,0.806121,0.241176,0.007185,-0.018692,-0.232525,-0.285879,-0.272159,-0.071388,0.043413,-0.12718,6
23,10,1.117069,-1.165213,0.533815,-0.122257,0.098339,-0.059447,-0.134984,-0.270541,-0.507875,-0.054826,0.086655,0.003551,6
17,7,1.307743,-0.657408,0.318177,-0.305186,0.069665,-0.203824,0.013412,0.079388,-0.54292,-0.306689,0.040119,0.073753,6
5,16,0.841155,-1.151452,0.629803,-0.008958,0.145361,-0.115133,-0.160718,-0.270561,-0.425041,0.014996,0.044928,-0.087053,6
20,14,1.189472,-1.278137,0.878847,0.119991,0.062837,-0.071735,-0.208164,-0.228689,-0.405271,-0.042509,0.040606,-0.182912,6
20,6,1.158164,-1.13694,0.555502,-0.416793,-0.146314,-0.051137,-0.009015,-0.07549,-0.466356,-0.228861,-0.002449,0.082524,6
10,17,1.222697,-1.252605,0.619947,-0.098945,-0.113921,0.008366,-0.038766,-0.352516,-0.488896,-0.029004,0.099741,0.013952,6
6,12,1.14551,-1.257088,0.611026,0.145172,0.142952,-0.190546,-0.112241,-0.272154,-0.440652,0.055587,0.007868,-0.136342,6
10,10,1.197588,-1.110272,0.529931,-0.239478,-0.344775,-0.059126,0.19798,-0.23825,-0.473978,-0.148362,-0.053564,0.110203,6
30,2,1.364664,-0.79345,0.486713,-0.419918,-0.36805,-0.245936,0.160919,0.010935,-0.384593,-0.168379,-0.082432,0.027343,6
18,18,1.076243,-0.796624,0.554213,0.31419,0.187625,-0.196203,-0.158558,-0.249948,-0.374239,0.007912,0.067047,-0.177646,6
17,4,1.229591,-0.629124,0.500685,-0.488385,-0.167432,-0.212137,0.116963,0.066347,-0.500928,-0.166752,-0.000535,-0.019616,6
2,5,1.36433,-0.493167,0.437519,-0.121605,-0.09734,-0.317745,0.146788,0.034456,-0.485038,-0.176488,0.016343,0.071166,6
26,15,1.118958,-1.335508,0.59873,0.096198,0.110555,-0.199761,-0.130551,-0.182906,-0.484801,-0.001983,0.071378,-0.122479,6
2,4,1.55428,-0.627803,0.452311,-0.163595,-0.042263,-0.326752,0.241665,0.015873,-0.554284,-0.141345,-0.054282,0.113436,6
26,1,1.603599,-0.854714,0.465069,-0.44174,-0.308291,-0.249908,0.154271,0.074124,-0.439309,-0.109583,-0.038042,-0.055254,6
13,3,1.092678,-1.044986,0.640004,-0.50362,-0.337498,-0.011718,0.089227,-0.086279,-0.487197,-0.176948,0.011844,-0.038906,6
11,12,0.998283,-1.230345,0.555648,0.105243,0.114852,-0.068125,-0.069618,-0.22437,-0.497967,-0.111671,0.080774,-0.072344,6
24,11,0.831805,-0.800299,0.889818,-0.03679,-0.015062,0.035859,0.001694,-0.155162,-0.461888,-0.169619,0.057458,0.031703,6
22,17,0.993519,-0.981115,0.614284,-0.189286,0.171128,0.01679,-0.165162,-0.231024,-0.451913,-0.065202,0.067511,-0.044845,6
23,16,0.963196,-0.826938,0.600913,0.188064,0.294375,-0.173696,-0.192243,-0.221483,-0.393161,0.067005,0.066119,-0.170751,6
17,16,1.141404,-1.253873,0.796597,0.045558,0.066221,-0.068897,-0.25105,-0.226086,-0.389676,-0.053994,0.062053,-0.194837,6
11,7,1.230732,-1.083304,0.496309,-0.257757,-0.05154,-0.128568,0.021311,-0.013,-0.533414,-0.272051,0.004722,0.055499,6
27,17,0.855688,-0.952561,0.874124,-0.05077,0.208106,-0.08901,-0.231108,-0.120152,-0.479897,-0.100117,0.087155,-0.186521,6
29,8,1.257947,-0.768455,0.378137,-0.154935,0.082684,-0.184693,-0.000241,-0.027844,-0.528154,-0.232747,0.056291,0.103342,6
25,23,0.773523,-1.621559,0.955955,0.195903,0.060906,0.013032,-0.308575,-0.234849,-0.238649,-0.06174,-0.009798,-0.242715,6
1,2,1.356381,-0.917703,0.429165,-0.5643,-0.378362,-0.303611,0.161072,0.081611,-0.380236,-0.087546,-0.060918,0.030856,6
30,14,1.062083,-1.223951,0.724928,0.103454,0.099742,-0.091787,-0.21272,-0.252339,-0.382005,-0.046379,0.033678,-0.154875,6
9,12,0.918344,-0.92639,0.505941,-0.240324,0.117148,-0.161804,-0.071553,-0.149535,-0.454173,-0.168451,-0.036177,0.188424,6
3,13,0.996303,-0.921873,0.577538,0.111016,0.088486,-0.028842,-0.106595,-0.228597,-0.443242,-0.136332,0.100167,0.003855,6
10,14,1.069798,-0.891074,0.597506,-0.251374,0.002727,-0.02685,-0.076149,-0.296177,-0.449384,-0.085344,0.020332,0.135301,6
3,1,1.417991,-0.610545,0.581785,-0.355309,-0.329618,-0.352661,0.116122,0.115162,-0.37436,-0.144372,-0.0326,-0.001328,6
30,3,1.514501,-0.840579,0.526016,-0.449961,-0.281604,-0.238572,0.144086,0.027994,-0.450759,-0.166211,-0.096325,0.060684,6
19,21,1.264099,-1.263801,0.989142,0.294534,0.041935,-0.006107,-0.288934,-0.269746,-0.209098,-0.049075,0.014179,-0.178201,6
11,19,0.884329,-1.264267,0.617089,0.128158,0.19987,-0.175169,-0.134931,-0.212908,-0.374708,-0.009982,-0.031706,-0.069715,6
20,5,1.136335,-1.084493,0.556324,-0.439097,-0.201651,-0.06206,0.046217,-0.055406,-0.450033,-0.216404,-0.020391,0.072094,6
9,11,1.308258,-1.365956,0.35328,0.105918,-0.076056,-0.154561,-0.046257,-0.204752,-0.463196,-0.218795,0.069516,0.099931,6
11,5,1.336634,-0.952533,0.482296,-0.333888,-0.140526,-0.177913,0.154826,0.014361,-0.563606,-0.224264,-0.042616,0.02525,6
4,17,1.25884,-1.290891,0.601203,0.381861,0.128833,-0.177396,-0.211151,-0.251285,-0.323931,-0.014035,0.059151,-0.150272,6
19,11,1.08703,-1.309947,0.507233,-0.014253,0.055577,-0.009868,-0.13657,-0.218698,-0.465858,-0.23347,0.073087,0.081377,6
16,16,0.646436,-1.039991,0.84121,0.177871,0.317965,-0.224438,-0.262748,-0.093805,-0.392087,0.007793,-0.008393,-0.280224,6
20,16,1.0471,-1.191087,0.786197,0.258341,0.086126,-0.129702,-0.185686,-0.274345,-0.339493,-0.036399,-0.016863,-0.156776,6
20,13,1.167456,-1.203825,0.527887,0.101396,0.011694,-0.014234,-0.115138,-0.269275,-0.397781,-0.170743,0.062819,0.011512,6
23,13,1.176431,-1.04408,0.520424,-0.281486,0.113683,-0.046287,-0.125179,-0.101798,-0.513751,-0.188003,0.104062,0.059868,6
23,16,1.0552,-1.125229,0.587261,-0.202578,0.161473,-0.021362,-0.128998,-0.186773,-0.510681,-0.07638,0.074872,-0.029817,6
15,14,0.73602,-1.110916,0.665117,0.058079,0.078794,-0.108833,-0.095201,-0.220656,-0.469347,-0.066468,0.078646,-0.093301,6
3,14,1.078551,-1.105681,0.716876,0.069091,0.123476,-0.095328,-0.131841,-0.234709,-0.449163,-0.042222,0.047065,-0.088188,6
28,4,1.235712,-0.737539,0.465291,-0.423216,-0.157336,-0.164891,0.191581,-0.07816,-0.532678,-0.106469,-0.055405,0.019296,6
16,1,1.634959,-0.458404,0.405786,-0.492961,-0.230743,-0.320094,0.178312,0.047787,-0.48526,-0.159904,-0.054714,0.032374,6
28,12,1.401812,-1.168996,0.669745,-0.06018,0.041458,-0.036182,-0.068033,-0.231904,-0.524948,-0.047173,0.08348,-0.080986,6
30,8,1.531179,-1.027116,0.518359,-0.230613,-0.075758,-0.106192,-0.00253,-0.121558,-0.529184,-0.216737,0.036463,0.106708,6
3,2,1.411688,-0.942843,0.660752,-0.361506,-0.574064,-0.201127,0.167939,-0.035186,-0.336328,-0.067457,-0.005454,-0.061137,6
14,7,1.219298,-1.162386,0.637449,-0.318616,-0.105604,0.008487,-0.045356,-0.12395,-0.49151,-0.244921,0.025747,0.066214,6
22,9,1.113354,-0.805371,0.54029,-0.537631,-0.018802,-0.070849,0.034011,-0.053033,-0.54048,-0.173599,-0.042568,0.043739,6
27,5,1.099359,-0.556266,0.621079,-0.377981,0.049686,-0.18131,0.041597,-0.022297,-0.602418,-0.175806,0.020346,0.022966,6
19,19,1.085022,-1.123636,0.91646,0.240358,0.060579,-0.024077,-0.239585,-0.280087,-0.251219,-0.043634,0.008428,-0.13602,6
26,9,1.242638,-1.179714,0.52405,-0.165074,-0.00736,-0.112715,-0.023096,-0.140802,-0.575784,-0.149782,0.071877,0.021667,6
1,5,1.317588,-1.016685,0.534455,-0.371035,-0.347071,-0.119071,0.116855,-0.064215,-0.440084,-0.180963,0.009068,0.043438,6
29,7,1.415053,-0.697745,0.406259,-0.260107,0.040571,-0.226653,0.04772,0.016126,-0.581574,-0.24136,0.048252,0.10035,6
9,12,1.281894,-1.429286,0.40747,0.116306,-0.060258,-0.148369,-0.060211,-0.261966,-0.478062,-0.132841,0.077445,0.031383,6
21,7,1.084979,-0.993431,0.547675,-0.310894,-0.113514,-0.059864,0.121506,-0.118738,-0.57284,-0.126568,0.036735,-0.003226,6
1,10,1.260158,-1.156741,0.607864,-0.206224,-0.067169,-0.018895,-0.078661,-0.214138,-0.518327,-0.173142,0.113683,0.082491,6
5,15,0.843849,-1.117931,0.565294,-0.061494,0.13669,-0.10958,-0.134289,-0.270135,-0.441325,-0.006871,0.039665,-0.05264,6
20,16,1.110549,-1.374108,0.646248,0.139437,0.076765,-0.067574,-0.21,-0.262949,-0.38674,-0.095242,0.074976,-0.093979,6
19,14,1.444271,-1.097529,0.827414,-0.074853,-0.043608,0.081524,-0.165493,-0.327685,-0.440391,-0.098781,0.09261,-0.04494,6
25,2,1.483,-0.484287,0.467696,-0.491289,-0.304173,-0.236406,0.265742,-0.082567,-0.400275,-0.140942,-0.146832,0.11785,6
2,7,1.562402,-0.720773,0.495548,-0.075234,0.071141,-0.27683,0.070398,-0.038039,-0.531178,-0.150184,-0.016803,0.151632,6
4,18,1.114463,-1.344685,0.648359,0.397203,0.080216,-0.092406,-0.236018,-0.275194,-0.256161,-0.039602,0.037723,-0.156069,6
3,1,1.537754,-0.884614,0.665898,-0.346353,-0.623877,-0.26516,0.182508,-0.047751,-0.327433,-0.002846,-0.005986,-0.08673,6
15,15,1.015173,-1.027225,0.645101,-0.02561,0.177503,-0.081991,-0.123532,-0.222468,-0.518865,-0.033244,0.064161,-0.124271,6
28,3,1.128482,-0.654465,0.414107,-0.458253,-0.169476,-0.174776,0.193418,-0.051219,-0.462841,-0.103143,-0.095769,-0.001982,6
30,5,1.486222,-0.838016,0.439936,-0.325918,-0.119964,-0.233653,0.125171,-0.034476,-0.507134,-0.187466,-0.075315,0.1128,6
8,13,1.256352,-1.268644,0.499605,0.076722,-0.159075,0.008874,-0.080693,-0.311999,-0.365182,-0.172494,0.051697,0.093684,6
17,5,1.546201,-0.387946,0.594319,-0.477631,-0.218092,-0.157216,0.190011,-0.053857,-0.478959,-0.114168,-0.120671,-0.052947,6
5,2,1.189719,-0.457072,0.446413,-0.601227,-0.381993,-0.312805,0.306457,-0.062579,-0.340409,-0.036933,-0.172943,0.057632,6
21,3,1.065152,-0.750934,0.464517,-0.352645,0.001901,-0.164626,0.123266,-0.08752,-0.56824,-0.13113,-0.051614,0.054464,6
18,3,1.470111,-0.13314,0.478691,-0.650543,-0.223546,-0.197467,0.224249,0.050794,-0.487602,-0.075771,-0.083618,-0.152217,6
14,11,1.039385,-1.338071,0.721152,-0.079582,0.040176,-0.025907,-0.216123,-0.253873,-0.429249,-0.081396,0.061865,-0.074398,6
11,8,0.981533,-1.179474,0.549567,-0.222871,-0.047827,-0.059747,0.070337,-0.210976,-0.512682,-0.106654,-0.04705,0.07272,6
9,17,1.354973,-1.596429,0.5051,0.357831,-0.035639,-0.090354,-0.201306,-0.303722,-0.380633,-0.126919,0.155032,-0.008508,6
21,15,0.98574,-1.063528,0.660065,-0.11139,0.117636,0.003944,-0.100222,-0.265612,-0.475579,-0.017201,0.076271,-0.027735,6
10,2,1.038906,-0.804366,0.654488,-0.539939,-0.605999,-0.133369,0.363208,-0.19587,-0.330881,0.083935,-0.18885,-0.049858,6
23,11,1.142381,-0.937337,0.496047,-0.327838,0.040483,-0.128228,-0.018883,-0.047834,-0.570237,-0.195585,0.073014,0.054769,6
20,9,1.167371,-1.057366,0.681929,-0.108504,0.089327,-0.001106,-0.075732,-0.222424,-0.513995,-0.095265,0.072911,0.023566,6
5,10,1.045429,-0.881489,0.475233,0.187389,0.200912,-0.224781,-0.071264,-0.275849,-0.443684,-0.008957,0.049311,0.010444,6
10,4,1.002924,-0.851086,0.606813,-0.49593,-0.537024,-0.151413,0.355356,-0.186414,-0.385255,0.015447,-0.164841,0.015845,6
10,11,1.256772,-0.882628,0.462226,-0.138271,0.069612,-0.039749,-0.04156,-0.280727,-0.471027,-0.08222,0.042993,0.080946,6
24,1,1.10737,-0.605332,0.661735,-0.503308,-0.429914,-0.24088,0.208082,-0.049979,-0.382169,-0.05621,-0.12227,-0.053564,6
12,1,0.968072,-0.564234,0.488448,-0.541101,-0.297557,-0.269363,0.288969,0.006278,-0.324058,-0.037358,-0.140908,-0.008648,6
18,12,1.354533,-0.985261,0.538614,-0.020757,0.07014,-0.092398,-0.120422,-0.304176,-0.468956,-0.05028,0.042935,-0.040904,6
15,18,0.923989,-1.116913,0.653561,0.115677,0.229361,-0.203369,-0.178393,-0.176744,-0.467881,-0.02483,0.020856,-0.16077,6
18,8,1.528807,-0.374301,0.486975,-0.510741,0.046059,-0.082028,-0.021063,-0.088537,-0.577163,-0.187307,0.031677,0.030679,6
21,8,1.038615,-0.926484,0.594705,-0.211489,0.194008,-0.071219,-0.116189,-0.159342,-0.511842,-0.141475,0.057744,0.112759,6
21,4,1.23081,-0.891865,0.486675,-0.312746,-0.001963,-0.166147,0.052857,-0.10523,-0.560473,-0.139083,-0.036536,0.074463,6
9,20,0.740949,-1.064942,0.6814,0.029439,0.20821,-0.177137,-0.11712,-0.27269,-0.466558,0.058589,0.00862,-0.110944,6
26,8,1.330718,-1.161525,0.495923,-0.21428,-0.003152,-0.113902,-0.039891,-0.093025,-0.543587,-0.186327,0.05457,0.059376,6
19,4,1.127028,-0.471601,0.78701,-0.448208,-0.289985,-0.094425,0.264103,-0.134383,-0.47497,-0.053751,-0.158821,-0.020603,6
7,4,1.02813,-0.747823,0.551661,-0.572556,-0.217673,-0.173859,0.161817,-0.019068,-0.456747,-0.050387,-0.076962,-0.049522,6
24,4,0.921236,-0.714893,0.454542,-0.652344,-0.243735,-0.237038,0.18045,0.013718,-0.465877,-0.103269,-0.071144,0.018616,6
19,11,1.274802,-0.850491,0.590093,-0.162003,0.06441,-0.026996,-0.021567,-0.199163,-0.52464,-0.188732,0.066208,0.119691,6
10,10,1.425185,-0.776208,0.421467,-0.206353,0.087875,-0.089293,-0.021124,-0.237723,-0.451821,-0.108187,-0.001821,0.163897,6
15,13,0.902069,-1.208824,0.708058,-0.063894,0.045809,-0.069504,-0.086225,-0.204549,-0.517578,-0.084725,0.069341,-0.0873,6
14,10,1.403123,-0.880055,0.374137,-0.197148,0.004415,-0.04364,-0.016917,-0.090428,-0.493706,-0.277449,0.065628,0.097693,6
17,15,1.215961,-1.207239,0.731095,-0.014365,0.028804,-0.026947,-0.18704,-0.218551,-0.43603,-0.111134,0.078406,-0.13837,6
1,3,1.335774,-0.921287,0.436101,-0.510569,-0.324963,-0.27875,0.125256,0.077279,-0.391617,-0.14314,-0.046178,0.064571,6
18,9,1.416561,-0.482543,0.556639,-0.440805,0.073915,0.028283,-0.077499,-0.178188,-0.531552,-0.161313,0.055274,0.039498,6
3,4,1.548617,-0.860445,0.535232,-0.287879,-0.407175,-0.280581,0.2041,0.001652,-0.444758,-0.113683,-0.009443,-0.00794,6
20,1,1.340998,-0.917866,0.594291,-0.447085,-0.287023,-0.143762,0.146041,-0.023717,-0.489052,-0.152256,-0.047034,0.020057,6
18,12,1.430056,-0.533702,0.665118,-0.335892,0.08462,0.022438,-0.062262,-0.213842,-0.599271,-0.078319,0.147162,-0.051755,6
14,15,0.939126,-1.312961,0.777676,0.122256,0.15188,-0.096879,-0.265903,-0.239834,-0.324234,-0.022208,0.006718,-0.125541,6
15,5,1.274246,-0.8232,0.479503,-0.289484,-0.138714,-0.260956,0.170964,-0.020998,-0.535575,-0.133317,-0.041819,0.026807,6
16,10,1.254715,-0.742876,0.714928,-0.200601,0.1784,-0.027172,-0.087639,-0.099519,-0.548303,-0.187308,0.072544,0.0606,6
17,17,1.086524,-1.330334,0.66328,0.153483,0.245296,-0.187325,-0.2325,-0.125189,-0.380573,0.006493,0.022881,-0.193766,6
10,18,1.179429,-1.241287,0.633976,-0.001892,-0.155343,0.002901,-0.025958,-0.385275,-0.472107,-0.023388,0.109617,0.005806,6
5,13,1.066539,-1.076494,0.755918,0.043529,0.145799,-0.158595,-0.174008,-0.244166,-0.468092,0.029196,0.075637,-0.093144,6
8,12,1.505391,-1.356352,0.535072,0.039263,-0.199086,0.034314,-0.09095,-0.289647,-0.359162,-0.21287,0.055945,0.140345,6
21,17,0.96113,-1.145997,0.723321,-0.057928,0.122344,-0.031885,-0.125994,-0.271993,-0.452434,0.020096,0.038181,-0.10969,6
20,1,1.134642,-0.858507,0.56462,-0.524881,-0.342394,-0.16409,0.206594,-0.055743,-0.402762,-0.058676,-0.09938,0.008207,6
9,14,1.24151,-1.44958,0.371016,0.233951,-0.088942,-0.068046,-0.099964,-0.352769,-0.42933,-0.139115,0.109624,0.052078,6
18,15,1.126097,-0.848303,0.490117,0.205066,0.126442,-0.138135,-0.152582,-0.31107,-0.423093,-0.049049,0.11014,-0.092622,6
22,5,0.956647,-0.632146,0.644957,-0.65269,-0.202,-0.051693,0.112541,-0.009189,-0.476827,-0.137676,-0.054963,-0.064407,6
22,7,1.172387,-1.239765,0.732661,-0.13188,-0.088137,0.056646,-0.103302,-0.249728,-0.480188,-0.176951,0.108801,0.002915,6
23,12,1.182571,-0.997549,0.505684,-0.317754,0.077401,-0.093418,-0.066326,-0.09211,-0.560902,-0.167865,0.097665,0.055933,6
22,22,0.893825,-1.138989,0.736423,-0.119016,0.167344,-0.044827,-0.177931,-0.254185,-0.460461,0.039031,0.037675,-0.165435,6
7,1,1.044594,-0.422311,0.421516,-0.598698,-0.302855,-0.273057,0.174,-0.007691,-0.32423,0.018747,-0.145149,-0.112026,6
1,13,0.968076,-1.299901,0.51898,-0.127626,0.065262,-0.048749,-0.136025,-0.221984,-0.494513,-0.118448,0.108887,0.007131,6
8,17,0.984165,-1.162008,0.866177,0.094641,0.052841,-0.073424,-0.215793,-0.27456,-0.393578,-0.027201,0.060175,-0.140775,6
21,18,0.638825,-1.1489,0.793079,0.11199,0.223545,-0.126349,-0.247107,-0.245278,-0.342357,0.038391,-0.033492,-0.200758,6
9,17,0.859705,-0.95844,0.610632,-0.088605,0.18251,-0.140943,-0.073323,-0.282476,-0.503672,0.05455,0.054905,-0.021571,6
5,15,0.933719,-0.914907,0.688899,0.205825,0.207117,-0.185988,-0.195898,-0.298879,-0.340836,0.031947,0.025401,-0.091022,6
17,11,1.210844,-0.846461,0.375743,-0.121858,0.210028,-0.146894,-0.060757,-0.155236,-0.518749,-0.109442,0.043853,0.019775,6
14,12,1.307871,-0.923638,0.373273,-0.006159,0.047673,-0.042382,-0.024033,-0.21209,-0.468366,-0.176713,0.05215,0.04707,6
27,11,1.066176,-0.701104,0.742634,-0.388113,0.216058,0.004589,-0.126046,-0.08168,-0.568224,-0.207388,0.077311,0.03245,6
12,4,1.300695,-0.635672,0.591243,-0.485219,-0.38777,-0.063266,0.199512,-0.04916,-0.392698,-0.122119,-0.075309,-0.065823,6
10,15,1.165946,-1.22011,0.54444,0.13439,0.03871,-0.149089,-0.081973,-0.348675,-0.414006,0.023747,0.014456,-0.068115,6
11,1,1.204473,-0.992381,0.515337,-0.455605,-0.305134,-0.20125,0.200322,0.003572,-0.47325,-0.102021,-0.088639,-0.034601,6
15,17,1.010185,-1.109586,0.664645,0.034222,0.215823,-0.176369,-0.166797,-0.192147,-0.481878,-0.008856,0.011844,-0.143146,6
3,9,1.29096,-0.919349,0.564853,-0.208675,-0.044598,-0.168651,0.037183,-0.108603,-0.556117,-0.170989,0.047959,0.13399,6
7,6,1.151274,-0.800814,0.576535,-0.522087,-0.138364,-0.120475,0.13757,0.011378,-0.525642,-0.148469,-0.033061,0.01983,6
6,3,1.820374,-0.622146,0.293829,-0.191691,-0.112787,-0.288117,0.075847,-0.036326,-0.398063,-0.237404,-0.095029,0.127403,6
1,12,1.104098,-1.277153,0.689334,-0.108642,-0.003541,0.004088,-0.165412,-0.276568,-0.473594,-0.068456,0.141789,-0.027461,6
25,7,1.441644,-1.027775,0.469282,-0.254219,-0.132398,-0.053491,0.002349,-0.17947,-0.46036,-0.183034,0.038645,0.13824,6
25,11,1.292445,-1.515696,0.642562,-0.175019,-0.158117,0.089277,-0.148907,-0.265141,-0.440025,-0.177949,0.151491,0.028312,6
16,10,1.338201,-1.437938,0.601679,-0.09559,-0.011764,0.055685,-0.12573,-0.223373,-0.461852,-0.178239,0.051259,-0.037477,6
19,15,1.357119,-1.092932,0.860696,-0.007027,-0.029528,0.076448,-0.162679,-0.336832,-0.427745,-0.089739,0.0915,-0.053198,6
1,15,0.80034,-1.244351,0.850174,0.020409,0.082392,-0.051735,-0.172007,-0.301851,-0.444351,0.059209,0.050061,-0.199094,6
16,8,1.18781,-0.682594,0.654174,-0.298021,0.032687,-0.074635,-0.020156,0.018933,-0.544283,-0.287597,0.072969,0.047657,6
1,9,1.37503,-1.147743,0.579394,-0.225269,-0.113953,-0.05038,-0.0045,-0.178446,-0.564033,-0.174411,0.104116,0.07185,6
4,8,1.135177,-1.106186,0.402005,-0.248515,-0.134481,-0.221701,0.087427,-0.070063,-0.547454,-0.147703,0.058085,0.069172,6
24,2,0.754592,-0.615593,0.426554,-0.694761,-0.316869,-0.273282,0.220008,-0.011941,-0.390063,-0.02637,-0.093909,-0.028256,6
15,19,1.014283,-1.234023,0.685062,0.121419,0.207026,-0.207282,-0.195994,-0.154341,-0.464536,-0.021261,0.022436,-0.19627,6
1,1,1.151251,-0.952718,0.483543,-0.525355,-0.485023,-0.275942,0.240847,-0.045554,-0.364141,0.019879,-0.085712,0.000336,6
22,4,0.918356,-0.607522,0.643215,-0.691128,-0.221001,-0.076447,0.130941,-0.013108,-0.45632,-0.10174,-0.063971,-0.068553,6
18,10,1.318397,-0.454654,0.555724,-0.377696,0.036719,0.058569,-0.056829,-0.212574,-0.542493,-0.145898,0.112564,-0.000154,6
14,13,0.904596,-1.229262,0.706499,0.063174,0.120924,-0.085406,-0.230458,-0.274752,-0.371,-0.046149,0.028639,-0.077371,6
15,3,1.265382,-0.811773,0.501826,-0.404563,-0.273845,-0.255783,0.210706,0.041871,-0.456919,-0.115485,-0.080592,-0.021061,6
10,18,1.229198,-1.471116,0.695688,0.254741,-0.008225,-0.079698,-0.154538,-0.302934,-0.331143,0.01661,0.046111,-0.162584,6
4,10,1.094296,-1.106407,0.442391,-0.150461,0.006817,-0.200445,-0.010781,-0.184127,-0.559818,-0.08501,0.088593,0.087822,6
10,3,0.953278,-0.805273,0.619248,-0.520163,-0.550001,-0.155413,0.359406,-0.184712,-0.353414,0.040088,-0.18184,-0.001983,6
12,5,1.353872,-0.730013,0.483419,-0.39934,-0.127788,-0.205194,0.177635,0.021753,-0.503218,-0.179879,-0.088916,0.02985,6
20,9,1.260499,-1.162372,0.532673,-0.17589,-0.079731,0.04001,-0.114267,-0.220224,-0.429246,-0.266708,0.062264,0.156611,6
17,6,1.441959,-0.811758,0.484955,-0.41553,-0.070676,-0.142634,0.019961,0.076318,-0.514388,-0.282507,0.020599,0.021697,6
7,7,1.15755,-0.853699,0.584415,-0.461785,-0.081941,-0.085015,0.118506,0.005763,-0.547965,-0.17631,-0.007484,0.045371,6
11,2,1.167001,-1.047658,0.49397,-0.238024,-0.427064,-0.241725,0.302457,-0.119316,-0.408704,-0.093536,-0.146995,0.019109,6
19,2,1.176191,-0.771432,0.74835,-0.571913,-0.476141,-0.027322,0.179857,-0.091567,-0.392618,-0.059407,-0.105485,-0.138887,6
13,12,1.032602,-1.462454,0.702377,-0.094993,0.043073,-0.023541,-0.194959,-0.207992,-0.501386,-0.089938,0.113664,-0.127294,6
27,18,0.62619,-0.879055,0.861277,0.096518,0.238168,-0.124827,-0.244472,-0.126765,-0.426022,-0.070556,0.082275,-0.227512,6
10,13,0.971115,-0.812927,0.573559,-0.218338,-0.066473,-0.067048,0.000646,-0.238951,-0.434206,-0.189806,-0.008475,0.237433,6
18,2,1.317557,-0.742599,0.745786,-0.542373,-0.32409,-0.097659,0.093451,-0.033597,-0.460299,-0.153596,-0.024559,0.011774,6
29,16,0.810968,-1.339541,0.833911,0.090119,0.187902,-0.063727,-0.260481,-0.181129,-0.331848,0.014186,0.019407,-0.249478,6
29,3,1.244426,-0.59982,0.441967,-0.577377,-0.095188,-0.198948,0.101102,0.165765,-0.425678,-0.249824,-0.110264,-0.002252,6
9,15,0.871849,-0.977714,0.566983,-0.150111,0.126626,-0.125549,-0.074988,-0.283587,-0.493468,0.018577,0.028436,0.009634,6
25,5,1.497337,-0.820831,0.56663,-0.389477,-0.182923,-0.14572,0.110275,-0.062363,-0.570959,-0.167417,0.047676,0.110126,6
12,11,1.274699,-0.996665,0.491163,-0.031379,0.125903,0.012521,-0.116346,-0.254998,-0.433539,-0.087079,0.042204,-0.001722,6
26,7,1.361857,-1.127691,0.466987,-0.232226,-0.02932,-0.127703,-0.033718,-0.054818,-0.509588,-0.218698,0.040627,0.081899,6
18,13,1.447895,-0.967671,0.535517,-0.011662,0.125124,-0.175905,-0.13583,-0.280852,-0.493797,-0.008188,0.041528,-0.059433,6
26,14,1.097545,-1.298518,0.567811,0.092415,0.085883,-0.176722,-0.137656,-0.19885,-0.48597,-0.042017,0.101551,-0.093998,6
16,15,0.746688,-1.039713,0.705754,0.128445,0.319486,-0.226575,-0.225315,-0.113998,-0.455107,-0.01605,0.015006,-0.22363,6
6,6,1.417793,-0.476522,0.180222,-0.112946,0.076253,-0.251954,0.070185,-0.16217,-0.403076,-0.164338,-0.123624,0.117311,6
12,15,1.216228,-1.279336,0.728633,0.182186,0.181193,-0.138766,-0.132726,-0.222036,-0.483358,0.069366,0.058733,-0.246741,6
2,13,1.32041,-0.589709,0.412244,0.392346,0.191295,-0.173743,-0.085557,-0.240432,-0.405965,-0.119674,0.074584,-0.036795,6
20,4,1.144672,-0.823903,0.506087,-0.235601,-0.134834,-0.13062,0.126118,-0.102252,-0.53082,-0.213699,0.018864,0.098839,6
21,2,1.127047,-0.626562,0.729841,-0.668445,-0.436364,-0.034535,0.228053,-0.111744,-0.348356,-0.058302,-0.146331,-0.024606,6
1,2,1.2212,-1.040333,0.482849,-0.503852,-0.464585,-0.246076,0.20405,-0.04776,-0.379581,-0.018275,-0.065883,0.010861,6
24,2,1.205153,-0.73885,0.694854,-0.492392,-0.428205,-0.148922,0.161521,-0.048028,-0.388136,-0.127261,-0.092452,-0.041208,6
1,16,0.720083,-1.248745,0.860185,0.046556,0.098526,-0.074948,-0.177173,-0.30536,-0.422878,0.075051,0.008098,-0.225075,6
15,7,1.215421,-0.952206,0.448378,-0.231016,-0.020481,-0.203282,0.087478,-0.083234,-0.597886,-0.156921,0.021821,0.066179,6
22,11,1.125983,-0.807465,0.521501,-0.41339,0.033865,0.036652,-0.065363,-0.166487,-0.491463,-0.144405,0.025195,0.023473,6
26,17,1.047572,-1.391221,0.662749,0.201307,0.121449,-0.221925,-0.174932,-0.170679,-0.413261,0.009987,0.046101,-0.171098,6
19,3,1.25817,-0.926415,0.483102,-0.346821,-0.234243,-0.201052,0.136011,0.061309,-0.499281,-0.244179,-0.020271,0.017621,6
15,10,0.889897,-0.982985,0.613971,-0.206479,0.023625,-0.020845,0.019899,-0.250536,-0.574625,-0.113826,0.017189,-0.011221,6
6,16,0.817373,-0.959463,0.519934,0.114987,0.219464,-0.301544,-0.015152,-0.310276,-0.424904,-0.001497,-0.078023,0.08141,6
7,10,1.093679,-0.890176,0.511056,-0.283116,0.112872,-0.06753,0.0327,-0.073191,-0.513742,-0.209911,-0.016294,0.134664,6
9,4,1.593599,-1.624337,0.465941,-0.126139,-0.528729,-0.194795,0.10884,-0.0127,-0.404404,-0.212921,0.095224,-0.019343,6
27,10,1.095119,-0.658545,0.748849,-0.4044,0.197077,-0.029426,-0.103647,-0.047705,-0.589923,-0.22583,0.099085,0.06158,6
5,1,1.280221,-0.505663,0.451366,-0.567728,-0.430399,-0.31858,0.281754,-0.05309,-0.326722,0.014249,-0.166863,-0.005951,6
14,9,1.471838,-0.908688,0.409414,-0.276371,-0.003157,-0.086809,-0.027112,-0.056307,-0.487297,-0.257604,0.017888,0.106139,6
10,19,1.217336,-1.261128,0.686906,0.008353,-0.142204,-0.016626,-0.047108,-0.370516,-0.472697,-0.0006,0.114087,-0.034048,6
2,6,1.402664,-0.578764,0.467206,-0.07811,-0.038869,-0.286821,0.130277,-0.029554,-0.49556,-0.16842,0.003436,0.121351,6
18,8,1.475114,-1.022341,0.53009,-0.262533,0.005724,-0.096478,-0.07898,-0.124477,-0.549209,-0.196612,0.089737,0.089073,6
24,23,0.77145,-1.33015,0.726265,0.074415,0.178815,-0.08763,-0.181995,-0.171122,-0.393187,-0.01647,0.046295,-0.172404,6
6,8,1.498159,-0.838888,0.346559,-0.015162,-0.065086,-0.146293,0.052601,-0.271761,-0.454541,-0.157241,-0.023926,0.103804,6
18,19,1.262389,-0.952768,0.704542,0.2099,0.272252,-0.234002,-0.214675,-0.185426,-0.388806,0.082235,0.01239,-0.246712,6
9,18,0.793543,-0.969947,0.620827,-0.050419,0.207348,-0.160696,-0.086315,-0.278585,-0.491544,0.064148,0.042032,-0.053896,6
13,7,1.095645,-1.204229,0.604538,-0.31702,-0.092841,0.008386,-0.042915,-0.141344,-0.530551,-0.183418,0.096043,0.015255,6
12,8,1.339048,-0.858948,0.509313,-0.242687,-0.094833,-0.047606,0.055965,-0.117841,-0.538314,-0.220839,0.086153,0.054401,6
28,9,1.322338,-0.816828,0.503305,-0.211526,0.082521,-0.016969,-0.052918,-0.231834,-0.459799,-0.108558,-0.003337,0.081322,6
5,4,1.227566,-0.455229,0.435601,-0.597337,-0.265189,-0.241907,0.235061,0.015489,-0.379128,-0.136211,-0.10436,0.072151,6
13,12,1.053194,-1.578802,0.539617,0.209487,-0.275381,0.027722,0.018737,-0.358525,-0.436774,-0.121522,0.118478,0.040027,6
24,3,0.849282,-0.689679,0.439091,-0.691175,-0.279827,-0.25844,0.198901,0.002743,-0.431679,-0.058339,-0.08573,-0.005139,6
29,2,1.16922,-0.641545,0.359847,-0.572922,-0.135464,-0.228687,0.13841,0.142058,-0.448694,-0.194981,-0.063488,-0.02398,6
5,11,1.119219,-0.994522,0.572916,0.162099,0.191824,-0.256237,-0.10154,-0.264427,-0.461165,0.035684,0.027828,-0.035572,6
13,15,0.945345,-1.457538,0.771678,0.083852,0.119247,-0.055607,-0.194941,-0.228606,-0.449785,0.019927,0.10111,-0.210676,6
14,13,1.375833,-1.042004,0.503603,-0.0187,0.087968,-0.087643,-0.053101,-0.218936,-0.511697,-0.092182,0.083279,-0.011618,6
20,14,1.182948,-1.268632,0.580684,0.138133,0.039857,-0.050625,-0.15458,-0.266256,-0.384631,-0.136682,0.058538,-0.03163,6
6,15,1.15712,-1.059135,0.542473,0.149508,0.130607,-0.201932,-0.053662,-0.289895,-0.44945,-0.035153,0.005591,0.021117,6
1,15,0.88589,-1.365468,0.57303,-0.043716,0.109014,-0.108412,-0.206333,-0.212691,-0.419098,-0.08766,0.049277,-0.057117,6
1,8,1.176478,-1.176966,0.415514,-0.429518,-0.047051,-0.103649,-0.082543,-0.028589,-0.447269,-0.265112,0.014069,0.167092,6
8,8,1.529306,-1.313317,0.435136,-0.166197,-0.245514,-0.074178,0.034465,-0.136451,-0.458463,-0.278129,0.020289,0.170508,6
29,6,1.461222,-0.595732,0.400818,-0.328032,-0.003454,-0.214698,0.071472,0.012056,-0.56218,-0.24633,0.011094,0.085075,6
28,14,1.298085,-1.30772,0.700503,0.108739,0.018764,-0.005041,-0.154181,-0.295119,-0.406942,-0.075928,0.070203,-0.09636,6
18,21,1.168198,-0.932923,0.7665,0.246576,0.298169,-0.265771,-0.232535,-0.17364,-0.313565,0.083388,-0.05161,-0.247744,6
19,9,1.390667,-0.904433,0.6492,-0.256318,-0.082652,0.014878,0.033981,-0.16799,-0.560805,-0.170472,0.092847,0.065103,6
18,11,1.149012,-0.921683,0.507537,-0.059313,0.074807,-0.040739,-0.147622,-0.31506,-0.43347,-0.090987,0.045671,-0.000867,6
15,5,1.146398,-0.777563,0.604159,-0.392916,-0.135031,-0.100074,0.14555,-0.041911,-0.558354,-0.223499,-0.048889,0.021309,6
15,6,1.25464,-0.968493,0.453213,-0.259746,-0.067012,-0.225903,0.095887,-0.051368,-0.555963,-0.147642,-0.01407,0.041782,6
22,1,0.840222,-0.455193,0.566602,-0.724399,-0.257055,-0.13185,0.120788,-0.031784,-0.357837,0.0091,-0.134873,-0.100607,6
15,6,1.128901,-0.806188,0.616599,-0.371544,-0.103122,-0.071264,0.102573,-0.068942,-0.547875,-0.235126,-0.049804,0.032855,6
18,16,1.331279,-1.055997,0.676397,0.144825,0.124234,-0.147117,-0.18961,-0.248314,-0.459777,-0.027136,0.133433,-0.138986,6
19,1,1.046002,-0.748736,0.773581,-0.665591,-0.538148,-0.044819,0.235212,-0.155658,-0.351648,0.040771,-0.200922,-0.118008,6
14,16,0.911341,-1.319096,0.826925,0.144273,0.168361,-0.116545,-0.269966,-0.211764,-0.314076,-0.003394,-0.008312,-0.164548,6
25,3,1.356828,-0.50516,0.558085,-0.562218,-0.211929,-0.187443,0.167755,-0.011211,-0.495178,-0.179937,-0.036894,0.099139,6
6,11,1.194605,-1.093216,0.539698,0.147224,0.165389,-0.207491,-0.085063,-0.280007,-0.416479,0.036281,-0.004141,-0.071048,6
2,6,1.468968,-0.677049,0.384759,-0.11599,0.043163,-0.240371,0.121774,-0.069809,-0.552223,-0.178979,0.005489,0.131421,6
9,10,1.514412,-1.453808,0.387462,0.046531,-0.118454,-0.151972,-0.014363,-0.132324,-0.519709,-0.252386,0.115214,0.087191,6
18,9,1.498332,-0.994299,0.580599,-0.298655,0.023787,-0.078815,-0.135209,-0.157397,-0.517545,-0.19764,0.0647,0.133436,6
10,6,1.365198,-0.238689,0.241586,-0.342121,0.020247,-0.322414,0.232695,-0.032291,-0.537671,-0.102674,-0.077065,0.099603,6
22,12,0.9494,-1.47882,0.791224,-0.005851,0.007652,-0.031177,-0.257486,-0.233523,-0.394729,-0.091481,0.0889,-0.148543,6
9,16,1.134136,-1.49656,0.405035,0.467523,-0.130099,-0.079521,-0.163123,-0.333735,-0.394174,-0.133058,0.152831,0.025502,6
12,3,1.188992,-0.581785,0.460916,-0.432378,-0.21442,-0.266325,0.312353,0.03165,-0.438096,-0.097267,-0.137434,-0.016853,6
23,9,1.177255,-0.850037,0.50187,-0.413196,-0.050543,-0.107718,0.050914,-0.038904,-0.515751,-0.191224,-0.019958,0.027422,6
19,12,1.368583,-0.905496,0.657184,-0.133881,0.039541,0.014645,-0.081272,-0.229178,-0.475566,-0.196005,0.059953,0.114964,6
19,12,1.000728,-1.311801,0.490099,0.026306,0.075969,-0.043534,-0.128623,-0.22634,-0.468943,-0.207379,0.065434,0.065339,6
14,15,1.227089,-1.061336,0.551779,0.086574,0.188938,-0.129837,-0.115575,-0.174822,-0.508196,-0.077596,0.102449,-0.100282,6
6,9,1.59408,-0.980553,0.469611,-0.053774,-0.019716,-0.186324,0.000329,-0.254481,-0.520316,-0.094381,0.004405,0.083348,6
17,10,1.550028,-0.91008,0.701116,-0.301335,-0.058315,0.011091,-0.032686,-0.132064,-0.539351,-0.190482,0.067823,0.036073,6
21,6,0.866466,-0.898359,0.624595,-0.467306,-0.160114,-0.015861,0.130464,-0.150158,-0.535889,-0.125925,-0.02867,0.023953,6
4,4,1.392235,-0.455849,0.40368,-0.230663,-0.251208,-0.427469,0.269663,-0.133541,-0.385206,-0.078245,-0.093025,0.133724,6
7,7,1.356231,-0.796289,0.427829,-0.221491,-0.029426,-0.165116,0.04426,-0.075865,-0.424346,-0.189813,-0.078038,0.112758,6
11,15,0.862461,-1.322619,0.607784,0.20964,0.187967,-0.118896,-0.133749,-0.222333,-0.463847,-0.065982,0.050996,-0.141375,6
10,7,1.402734,-0.591023,0.467882,-0.36813,-0.042211,-0.190828,0.128984,-0.040858,-0.479221,-0.154255,-0.050024,0.136356,6
20,13,1.113333,-1.220508,0.835326,0.116477,0.067573,-0.052884,-0.173044,-0.239434,-0.417449,-0.057728,0.05115,-0.146887,6
10,5,1.183021,-0.949607,0.627658,-0.467142,-0.562388,-0.094207,0.319071,-0.191207,-0.410323,-0.020882,-0.126316,0.010699,6
17,1,1.18932,-0.522429,0.637606,-0.637568,-0.333684,-0.20493,0.194753,0.008195,-0.406871,-0.089503,-0.088683,-0.015278,6
24,9,1.004721,-0.872783,0.437098,-0.410463,-0.081979,-0.15218,0.132005,-0.060725,-0.542098,-0.194767,-0.007016,0.102502,6
23,4,1.094616,-0.665633,0.554122,-0.571042,-0.306419,-0.174726,0.259281,-0.012369,-0.415418,-0.071617,-0.155642,-0.054679,6
8,15,1.043803,-1.073847,0.816905,0.017112,0.049242,-0.071275,-0.164768,-0.275149,-0.441399,-0.028026,0.083525,-0.069619,6
24,10,0.994368,-0.900134,0.882401,-0.115993,-0.096797,0.055576,0.028302,-0.181653,-0.489784,-0.183852,0.045175,0.070579,6
16,6,1.119814,-0.729736,0.69884,-0.452105,-0.115581,-0.087091,0.011443,0.041225,-0.513962,-0.241009,0.014978,-0.017239,6
22,8,1.076121,-0.792589,0.576565,-0.617086,-0.072953,-0.045773,0.059496,-0.038388,-0.540076,-0.171633,-0.044384,0.012903,6
3,11,0.95844,-0.631124,0.426359,0.064598,0.177912,-0.068989,-0.091605,-0.277069,-0.41785,-0.156889,0.107802,0.092936,6
13,16,1.115187,-1.807625,0.663074,0.320551,-0.194149,0.012938,-0.081518,-0.382721,-0.419177,-0.070338,0.155247,-0.059042,6
13,11,1.140293,-1.725398,0.63716,0.075343,-0.277922,0.07276,0.014443,-0.325554,-0.45863,-0.139466,0.121332,0.019741,6
22,15,1.069942,-0.937011,0.635566,-0.294908,0.132815,0.027835,-0.120026,-0.183015,-0.523084,-0.104309,0.126344,-0.017234,6
22,14,1.090148,-0.897562,0.62552,-0.369671,0.135965,0.032984,-0.107229,-0.155471,-0.537907,-0.115454,0.127927,-0.003715,6
13,10,1.13181,-1.401879,0.664475,-0.214115,-0.023228,0.049833,-0.116874,-0.197189,-0.548926,-0.162264,0.130962,-0.052838,6
19,7,1.418215,-1.234137,0.444746,-0.276417,-0.07688,-0.052089,-0.029326,-0.023102,-0.446,-0.310322,-0.022137,0.091122,6
20,11,1.367624,-1.234342,0.574644,-0.108715,-0.063641,0.011145,-0.093438,-0.228426,-0.480875,-0.202061,0.099413,0.076778,6
13,14,1.259135,-1.752936,0.669216,0.226585,-0.222314,0.031425,-0.053492,-0.367515,-0.440654,-0.076336,0.16047,-0.0498,6
14,18,1.11199,-1.133576,0.676188,0.129072,0.238506,-0.207399,-0.128647,-0.165088,-0.454307,0.050162,0.015813,-0.190043,6
30,11,1.26088,-0.997824,0.551437,-0.008171,0.052535,-0.005522,-0.08154,-0.270718,-0.414714,-0.137798,0.016235,0.035156,6
20,10,1.354997,-1.249323,0.592234,-0.188939,-0.079393,0.050501,-0.124553,-0.219221,-0.458384,-0.244375,0.082321,0.11978,6
21,18,0.90362,-1.136474,0.721025,0.032921,0.142062,-0.061066,-0.141625,-0.273752,-0.416613,0.01513,0.022033,-0.127014,6
21,19,0.992907,-1.227305,0.753943,0.057545,0.143381,-0.094582,-0.174007,-0.234624,-0.413604,0.021975,0.017592,-0.176839,6
10,1,1.260308,-0.35414,0.584624,-0.382856,-0.463628,-0.26209,0.414763,-0.060087,-0.257893,0.100878,-0.132338,-0.046447,6
13,6,1.359232,-1.561995,0.584365,-0.047177,-0.475491,-0.025992,0.101505,-0.198733,-0.418703,-0.226201,0.054569,0.089725,6
13,5,1.503074,-1.537533,0.625197,-0.033976,-0.561301,-0.009368,0.128098,-0.192177,-0.374559,-0.230772,0.028913,0.089436,6
9,1,1.579189,-1.276039,0.458562,-0.081549,-0.66138,-0.229169,0.143208,-0.045948,-0.283937,-0.119201,0.041106,-0.023814,6
6,10,1.497732,-0.923619,0.443928,0.03004,0.019076,-0.206638,0.002485,-0.292915,-0.500735,-0.086713,0.016117,0.100871,6
2,15,1.172638,-0.716513,0.664027,0.37758,0.209481,-0.200228,-0.101709,-0.300698,-0.32907,-0.072823,0.000522,-0.026189,6
24,22,0.848357,-1.357984,0.736283,0.011961,0.140734,-0.070827,-0.174289,-0.187485,-0.427593,-0.014652,0.058122,-0.155722,6
10,12,1.270725,-1.107518,0.461426,-0.233422,-0.186625,-0.073376,0.05199,-0.253548,-0.445985,-0.166414,-0.023475,0.191355,6
19,6,1.117971,-0.475818,0.64443,-0.371275,-0.136162,-0.109175,0.256768,-0.196775,-0.536086,-0.129851,-0.098886,0.118324,6
22,14,0.781054,-1.39408,0.765083,0.101649,0.071765,-0.071973,-0.251327,-0.236143,-0.362436,-0.062525,0.068438,-0.158809,6
19,15,1.166903,-1.508719,0.631688,0.068592,0.084305,-0.095872,-0.207832,-0.214742,-0.434575,-0.075766,0.06333,-0.10268,6
16,8,1.496753,-1.283441,0.553525,-0.12542,-0.065028,0.064915,-0.088513,-0.179333,-0.416297,-0.279981,0.010845,0.092218,6
10,21,1.176832,-1.251187,0.641524,0.1549,-0.118931,-0.028825,-0.100247,-0.380626,-0.374984,-0.027949,0.074407,-0.029162,6
6,1,1.15577,-0.095411,0.423142,-0.257039,-0.162121,-0.28455,0.2618,-0.111227,-0.27316,-0.201246,-0.065139,0.184339,6
8,3,1.261508,-0.855714,0.390795,-0.30128,-0.320696,-0.34182,0.277322,-0.096108,-0.404833,-0.089959,-0.143466,0.110168,6
12,5,1.4691,-0.79856,0.673624,-0.516436,-0.354215,-0.046376,0.189209,-0.025901,-0.480914,-0.133485,-0.050216,-0.069565,6
13,13,1.245524,-1.687822,0.625131,0.217983,-0.244893,0.029679,-0.029432,-0.361598,-0.429734,-0.096056,0.142402,-0.008031,6
3,13,1.018928,-0.656036,0.58365,-0.130439,0.379457,-0.210776,-0.193056,-0.174959,-0.447816,-0.00902,-0.00178,-0.031804,6
25,6,1.572841,-0.984496,0.531606,-0.325024,-0.191842,-0.085718,0.052575,-0.118874,-0.529082,-0.176606,0.074958,0.107055,6
7,5,0.99449,-0.702427,0.523737,-0.492169,-0.174493,-0.160397,0.151168,-0.000778,-0.474967,-0.114783,-0.040374,-0.02009,6
24,13,0.962015,-1.092693,0.745396,-0.114167,0.132173,-0.069491,-0.137107,-0.132191,-0.474639,-0.151247,0.020851,-0.026937,6
14,4,1.330224,-1.099603,0.66053,-0.453199,-0.269789,-0.019397,0.027887,-0.018827,-0.453076,-0.280649,-0.019185,0.073733,6
15,9,1.178381,-0.862063,0.479208,-0.138887,0.093423,-0.145084,-0.001554,-0.109747,-0.610675,-0.192172,0.103244,0.102676,6
4,16,1.421565,-1.250671,0.543197,0.335835,0.155196,-0.240181,-0.176262,-0.254522,-0.417773,0.006871,0.07974,-0.132376,6
9,11,0.93476,-0.932778,0.4448,-0.277601,0.0581,-0.175575,0.01665,-0.135783,-0.496545,-0.174714,-0.020362,0.176142,6
18,18,1.317183,-0.578943,0.577404,-0.115483,0.393529,-0.072647,-0.349053,-0.195512,-0.379701,-0.064702,0.019578,-0.152505,6
27,13,1.005823,-0.764569,0.754002,-0.333315,0.222728,0.060289,-0.151573,-0.154358,-0.544925,-0.147358,0.055327,-0.06156,6
14,7,1.524073,-0.832782,0.457625,-0.361938,-0.110897,-0.186117,0.042189,0.011508,-0.489282,-0.242915,-0.037883,0.088513,6
25,16,0.930633,-1.474761,0.781919,0.099054,-0.011079,0.055198,-0.219881,-0.287593,-0.339138,-0.094106,0.115566,-0.068869,6
16,2,1.259919,-0.52683,0.72644,-0.554489,-0.303177,-0.194913,0.065669,0.007444,-0.410185,-0.068284,-0.030606,-0.061972,6
22,3,1.140121,-1.00086,0.649631,-0.304563,-0.053447,-0.024393,-0.064925,-0.100297,-0.472287,-0.268626,0.032843,0.151389,6
11,12,1.001942,-1.167614,0.553182,-0.102878,0.097596,-0.096746,0.0062,-0.211984,-0.527317,-0.073507,0.015666,0.036718,6
23,14,1.156874,-1.100927,0.565402,-0.26569,0.147378,-0.008807,-0.165853,-0.116841,-0.477936,-0.176205,0.090959,0.057027,6
18,4,1.536809,-0.171874,0.544604,-0.638105,-0.153005,-0.19137,0.147419,0.074154,-0.516139,-0.154361,-0.084752,-0.116875,6
23,12,0.963658,-1.094936,0.572057,0.010807,0.162846,-0.142882,-0.169064,-0.26596,-0.485315,-0.012769,0.072918,-0.072287,6
2,14,1.351488,-0.738951,0.594308,0.345793,0.220954,-0.192196,-0.096595,-0.261117,-0.398728,-0.092172,0.03594,-0.027243,6
8,13,1.202831,-1.077646,0.765655,-0.027317,0.001872,-0.011774,-0.146711,-0.277184,-0.470853,-0.077108,0.138689,-0.006218,6
16,14,0.758811,-1.027839,0.672855,-0.031906,0.318513,-0.142713,-0.19205,-0.12944,-0.513453,-0.046534,0.047561,-0.163385,6
20,11,1.169629,-1.193498,0.762117,0.044068,0.044864,-0.003801,-0.120274,-0.234051,-0.465345,-0.084485,0.101165,-0.106801,6
29,1,1.004513,-0.499973,0.500392,-0.610621,-0.26145,-0.235527,0.147833,0.067185,-0.355655,-0.14257,-0.055246,-0.01954,6
24,18,0.852094,-1.271376,0.637856,-0.116258,0.095321,-0.030882,-0.13679,-0.269337,-0.511489,-0.048389,0.080465,-0.0732,6
15,2,1.268083,-0.791996,0.506923,-0.435747,-0.321197,-0.26936,0.212913,0.034504,-0.430484,-0.074027,-0.079379,-0.038774,6
1,4,1.369715,-1.043369,0.561381,-0.448128,-0.401298,-0.16924,0.152889,-0.056636,-0.458082,-0.085293,-0.002576,0.004894,6
5,16,1.004419,-0.993125,0.727944,0.173976,0.205145,-0.19813,-0.206769,-0.280122,-0.346799,0.06717,0.012436,-0.144797,6
13,8,1.166136,-1.311131,0.645109,-0.283203,-0.087247,0.050972,-0.086388,-0.175643,-0.526566,-0.188396,0.122335,0.006427,6
6,13,1.097178,-1.300952,0.604672,0.217458,0.122077,-0.163317,-0.13383,-0.298689,-0.399446,0.028682,0.011797,-0.148371,6
3,3,1.277078,-0.714258,0.490018,-0.232486,-0.525238,-0.2221,0.20759,-0.038779,-0.333275,-0.129593,0.001918,-0.017275,6
26,13,1.126969,-1.2948,0.570054,0.040193,0.048719,-0.146305,-0.124812,-0.18584,-0.519575,-0.084449,0.130188,-0.075355,6
12,12,1.198083,-1.043834,0.553767,0.034779,0.167623,-0.009704,-0.104611,-0.27562,-0.463951,0.007282,0.069956,-0.126327,6
22,13,1.084918,-0.881454,0.631287,-0.407865,0.10982,0.025172,-0.108719,-0.158558,-0.527175,-0.103639,0.10157,0.008319,6
2,11,1.629553,-0.729641,0.377582,0.170569,0.191586,-0.218477,-0.011226,-0.175352,-0.45245,-0.187757,-0.001561,0.138895,6
21,4,0.864052,-0.888456,0.712101,-0.583244,-0.281598,0.001891,0.175111,-0.110015,-0.436481,-0.117898,-0.109519,0.029713,6
6,13,1.285735,-0.952388,0.435284,0.195282,0.036145,-0.154922,-0.045671,-0.318172,-0.430082,-0.108865,0.068875,0.073743,6
4,11,1.555553,-0.541,0.239064,-0.010042,0.191594,-0.292919,0.027822,-0.269125,-0.512567,-0.129704,0.046579,0.184112,6
2,14,1.326539,-0.703369,0.616039,0.253465,0.304666,-0.29404,-0.094796,-0.213522,-0.440858,0.047296,0.011252,-0.092023,6
23,13,0.964237,-1.037881,0.578177,0.052143,0.216898,-0.173997,-0.204597,-0.25351,-0.464574,0.02301,0.069784,-0.118261,6
28,1,1.256069,-0.526357,0.466377,-0.612471,-0.292177,-0.164393,0.175305,-0.030676,-0.37889,-0.035565,-0.138636,-0.087781,6
11,14,0.894965,-1.200602,0.577637,0.043462,0.150905,-0.121947,-0.04316,-0.246518,-0.468924,-0.038384,0.005107,-0.019132,6
7,9,1.140564,-0.909721,0.530171,-0.327382,0.051565,-0.063895,0.060564,-0.029019,-0.555655,-0.209852,0.019025,0.078057,6
21,11,0.947893,-1.139863,0.678234,-0.175902,0.141149,0.019074,-0.153029,-0.265024,-0.507352,-0.045945,0.043998,-0.083725,6
3,16,0.997014,-0.909116,0.504625,0.197257,0.313204,-0.214501,-0.223222,-0.214505,-0.272577,0.006797,-0.018184,-0.151839,6
14,5,1.398381,-0.786492,0.492452,-0.455969,-0.266664,-0.269141,0.144285,0.010743,-0.473878,-0.153278,-0.059268,0.035373,6
22,10,1.015742,-1.438532,0.745623,-0.097464,-0.025198,0.012593,-0.199062,-0.246622,-0.455209,-0.120688,0.113733,-0.098037,6
5,2,1.4305,-0.682263,0.446907,-0.169684,-0.136181,-0.290573,0.248924,0.006536,-0.446507,-0.006462,-0.008788,-0.04707,6
10,13,1.174196,-1.043666,0.550358,-0.062227,0.054113,-0.128864,0.001778,-0.317578,-0.521254,-0.003478,0.018378,0.02778,6
8,9,1.133543,-0.829893,0.582524,-0.152822,-0.08883,-0.085014,-0.018554,-0.147506,-0.477668,-0.241176,0.070996,0.157854,6
4,9,1.093941,-1.087381,0.400928,-0.197998,-0.059613,-0.211224,0.029657,-0.132604,-0.536946,-0.124454,0.059367,0.086334,6
5,14,1.018673,-1.026106,0.726705,0.128842,0.191259,-0.157903,-0.21861,-0.250353,-0.406701,0.017336,0.075071,-0.106081,6
16,7,1.213177,-0.724959,0.705807,-0.393058,-0.067878,-0.081048,0.008386,0.042743,-0.543918,-0.26527,0.047879,0.003413,6
19,5,1.151608,-0.510277,0.691506,-0.373269,-0.183261,-0.137026,0.242693,-0.161221,-0.489223,-0.093275,-0.148117,0.082958,6
13,3,1.386109,-1.208225,0.650846,-0.171221,-0.612767,-0.087554,0.232853,-0.122666,-0.409642,-0.131985,0.024247,-0.059476,6
21,9,0.987194,-1.03451,0.632073,-0.197158,0.164917,0.00245,-0.10165,-0.241471,-0.508532,-0.068177,0.020144,0.018206,6
4,1,1.219808,-0.228764,0.703155,-0.331165,-0.388024,-0.412572,0.292996,-0.24003,-0.3225,0.105597,-0.07784,0.059854,6
24,6,1.071542,-0.953312,0.714142,-0.386054,-0.234379,-0.07743,0.077866,-0.049628,-0.446999,-0.253104,-0.105461,0.042403,6
16,2,1.622002,-0.571531,0.331708,-0.403836,-0.137233,-0.300863,0.142569,0.004702,-0.481258,-0.156817,-0.078342,0.06046,6
17,10,1.349196,-0.751511,0.308052,-0.183281,0.229138,-0.168975,-0.001578,-0.145555,-0.534696,-0.106812,-0.014855,0.083367,6
4,9,1.687347,-0.729438,0.253854,0.063705,0.060012,-0.337822,0.083503,-0.122032,-0.533888,-0.152687,0.085572,0.164785,6
1,10,1.120789,-1.21742,0.445953,-0.331399,0.034313,-0.043215,-0.112582,-0.172958,-0.476005,-0.14909,0.047781,0.116452,6
13,6,1.120028,-1.215193,0.614607,-0.40579,-0.142715,-0.006355,0.008872,-0.102461,-0.55324,-0.16904,0.065837,-0.011259,6
6,10,1.369186,-0.90096,0.394997,0.173281,0.186336,-0.216715,-0.046238,-0.303261,-0.399764,0.009598,0.007693,-0.006636,6
21,10,1.033066,-0.975823,0.622951,-0.285471,-0.0204,-0.02651,0.046779,-0.190373,-0.577634,-0.11108,0.076646,0.082645,6
21,1,1.034653,-0.67631,0.497124,-0.523016,-0.066238,-0.190942,0.106408,-0.007786,-0.539378,-0.144293,-0.040289,0.020843,6
17,18,1.046857,-1.311115,0.680509,0.18575,0.25549,-0.204137,-0.236487,-0.109916,-0.345942,0.00888,-0.00393,-0.21283,6
28,13,1.301663,-1.122131,0.596436,0.082245,0.043244,-0.026478,-0.09238,-0.297886,-0.437665,-0.080423,0.06567,-0.052089,6
16,9,1.047909,-0.677509,0.650338,-0.250373,0.170938,-0.081675,-0.09389,-0.010656,-0.528945,-0.262668,0.059184,0.089834,6
27,7,1.076546,-0.55557,0.643228,-0.361558,0.104745,-0.146838,-0.001351,-0.017327,-0.604904,-0.204557,0.060815,0.046093,6
24,14,0.740723,-1.090271,0.807756,0.016566,0.118379,-0.075239,-0.135928,-0.190924,-0.429563,-0.138141,-0.017253,-0.020647,6
18,11,1.287884,-0.412934,0.52418,-0.313651,0.028615,0.068264,-0.04368,-0.226185,-0.566543,-0.119602,0.158485,-0.049367,6
13,18,0.969876,-1.852765,0.630921,0.424528,-0.161527,-0.027159,-0.103705,-0.37396,-0.382033,-0.07614,0.116788,-0.069894,6
12,3,1.492029,-0.743624,0.703005,-0.605173,-0.461364,-0.081685,0.201122,-0.02822,-0.41709,-0.040212,-0.092803,-0.124595,6
30,13,1.331593,-1.243777,0.69626,0.028462,0.028159,-0.053134,-0.159412,-0.231706,-0.422072,-0.091522,0.059937,-0.105762,6
21,18,0.261491,-0.204816,-0.031287,0.037047,0.636896,-0.086496,-0.11969,-0.30587,0.020695,-0.126672,-0.106019,0.056095,7
14,11,1.016415,-0.150885,-0.327467,-0.223203,0.351918,-0.029582,-0.11601,-0.31937,0.122343,-0.278586,-0.147104,0.079536,7
4,15,0.403286,-0.28882,0.029327,0.231738,0.524862,-0.044455,-0.12252,-0.351875,0.089907,-0.221178,-0.044241,0.071006,7
30,20,0.57612,0.09153,-0.334109,0.072278,0.574011,-0.120074,-0.097633,-0.226605,-0.044365,-0.275829,0.057111,0.022009,7
9,9,1.057944,-0.019077,-0.153857,-0.415058,0.258274,-0.057572,-0.118614,-0.180259,0.132834,-0.281487,-0.125807,0.180004,7
19,17,0.484794,-0.375572,0.041402,0.196776,0.614807,-0.119186,-0.179229,-0.307717,0.07101,-0.231418,-0.012254,-0.013542,7
9,1,1.595928,-0.409936,0.16469,-0.592553,-0.097061,-0.257119,-0.128961,-0.012669,0.211809,0.225053,-0.278909,-0.013519,7
17,6,0.863575,0.014045,-0.019188,-0.622597,0.485763,-0.043027,-0.221738,0.074946,0.024799,-0.131245,-0.127277,0.026748,7
27,5,1.087438,0.148945,-0.026443,-0.576753,0.22096,-0.313011,-0.105024,0.098252,0.063576,-0.061556,-0.122958,0.06668,7
22,13,0.753382,0.136994,-0.118474,-0.190466,0.578955,0.093962,-0.229612,-0.238083,-0.090711,-0.244023,0.073596,-0.01262,7
19,13,0.885486,-0.140541,-0.261054,-0.114529,0.515979,0.070979,-0.204858,-0.264723,0.103436,-0.342381,-0.006918,-0.003638,7
16,10,0.794426,0.25674,-0.2745,-0.188005,0.464989,0.101787,-0.090415,-0.3362,0.050328,-0.26149,0.097793,0.002298,7
2,22,0.347745,-0.339637,0.111979,0.04817,0.729397,-0.085499,-0.170475,-0.182723,-0.09352,-0.149979,-0.064489,0.044669,7
4,1,0.902153,0.123377,-0.038666,-0.742025,0.35075,-0.6093,-0.086326,0.24408,0.009915,0.031003,-0.248772,0.048195,7
2,17,0.59367,0.112973,-0.229806,-0.0887,0.585204,0.102645,-0.158723,-0.362668,0.05334,-0.258691,0.057682,0.081191,7
23,7,0.926426,0.031425,0.049082,-0.505619,0.457369,-0.255518,-0.148552,-0.013535,-0.012849,-0.046459,-0.108216,0.137738,7
9,15,0.694662,-0.237237,-0.048835,0.045111,0.438568,0.107709,-0.248873,-0.334405,0.073028,-0.270523,0.05555,0.097304,7
20,12,1.142966,-0.275386,-0.09102,-0.378542,0.586969,0.187486,-0.151172,-0.382026,0.046755,-0.225449,-0.203187,0.130574,7
10,7,0.240954,0.19523,0.330976,-0.643625,0.478077,0.02857,-0.105401,-0.19881,-0.171915,-0.12606,0.00657,0.029987,7
16,12,0.756592,-0.040646,-0.176551,0.05265,0.385364,0.097028,-0.097734,-0.355945,0.049887,-0.281221,0.078369,0.034836,7
5,6,0.641655,0.034788,-0.034573,-0.148537,0.508694,0.125949,-0.152342,-0.450224,0.233944,-0.207409,-0.099585,0.090318,7
15,4,1.125299,0.081193,-0.020029,-0.452912,0.027025,-0.211492,-0.100367,-0.114208,0.34846,-0.184508,-0.169164,0.132919,7
4,11,0.351058,0.136234,-0.239619,-0.078564,0.618622,-0.017526,-0.242059,-0.294022,0.144256,-0.293782,0.08124,0.029821,7
23,7,0.827179,0.436747,-0.412346,-0.640853,0.291843,-0.506314,0.084091,0.020282,-0.033032,-0.085475,-0.138138,0.038901,7
30,7,0.638463,0.535166,-0.16466,-0.552445,0.387689,-0.444158,-0.126285,0.025662,0.150638,-0.084638,-0.098165,-0.040921,7
28,12,0.900578,0.151465,-0.345734,-0.371785,0.577281,-0.215028,-0.082908,-0.19507,-0.067403,-0.173848,-0.0665,0.114276,7
12,8,0.830802,0.392278,-0.220569,-0.533332,0.141774,-0.207904,-0.046733,0.011193,0.037707,-0.075405,-0.051165,0.020682,7
29,17,0.649207,-0.16672,-0.120127,0.014718,0.536532,0.005675,-0.230544,-0.322419,0.004896,-0.199469,-0.117216,0.063694,7
23,17,0.360949,-0.009355,-0.117809,-0.129905,0.761013,-0.1906,-0.109662,-0.137018,-0.266171,-0.044198,-0.093735,-0.017523,7
37,4,0.945759,0.245446,0.064593,-0.784968,0.289846,-0.490447,-0.312836,0.147921,0.152113,0.099675,-0.114662,-0.015183,7
13,7,1.121419,0.263271,-0.077006,-0.437653,0.245918,-0.09215,-0.095798,-0.180984,0.134539,-0.057826,-0.19564,0.040033,7
8,15,0.635638,-0.033882,0.003589,-0.094997,0.624946,-0.066238,-0.215864,-0.273403,-0.003114,-0.218561,-0.009649,0.047778,7
24,14,0.757176,-0.179744,-0.042652,-0.353612,0.556838,0.038071,-0.188814,-0.211253,-0.03336,-0.264873,-0.071104,0.05767,7
17,1,0.592573,0.035194,-0.08479,-0.612506,0.148048,-0.558844,-0.034797,0.231259,0.065484,-0.121961,-0.183969,0.111025,7
4,9,0.571664,-0.308216,-0.139263,0.021068,0.324743,0.082301,-0.260527,-0.283588,0.14452,-0.370995,-0.019982,0.136709,7
21,3,0.543753,0.318252,0.084055,-0.595738,0.397616,-0.490191,-0.118854,0.001631,-0.052919,0.076065,-0.044914,0.062089,7
26,12,0.489456,-0.358623,0.017798,-0.032924,0.394762,-0.069642,-0.000942,-0.292631,0.01683,-0.288468,-0.031463,0.115953,7
3,1,0.730195,-0.204716,-0.15991,-0.493037,0.096264,-0.277894,-0.134821,-0.030484,0.227274,-0.250995,-0.106156,0.132879,7
4,6,0.795146,-0.06611,-0.159162,-0.176872,0.204117,-0.068879,-0.15223,-0.224201,0.167468,-0.424116,-0.092585,0.193705,7
20,6,0.819351,0.01808,0.215875,-0.420788,0.470766,-0.149794,-0.160523,-0.047464,-0.048608,-0.152721,-0.062796,0.148736,7
30,15,0.596055,0.03461,0.040401,-0.134541,0.589234,0.023111,-0.080503,-0.320555,-0.036678,-0.175279,-0.046891,0.101841,7
28,2,1.013873,0.045421,0.001047,-0.649593,0.189235,-0.441145,-0.272909,0.082737,0.220588,-0.031103,-0.110823,0.04714,7
6,2,0.815066,0.092896,-0.033353,-0.502088,0.187781,-0.169079,-0.169889,-0.028085,0.122192,-0.209386,-0.244018,0.111921,7
8,3,1.185077,0.089301,0.043516,-0.582752,0.260359,-0.103071,-0.053916,-0.107239,0.165453,-0.270964,-0.126409,0.225688,7
7,10,0.776777,0.204795,-0.206386,-0.284199,0.197523,0.089725,-0.124193,-0.33388,0.193546,-0.339024,0.012246,0.044273,7
29,13,0.66155,0.083943,-0.221709,-0.247792,0.549455,-0.033832,-0.153152,-0.274721,0.016348,-0.172545,-0.086901,0.071207,7
1,6,0.436892,0.091719,-0.337956,-0.141598,0.366657,0.055313,-0.193648,-0.296791,0.155452,-0.388759,0.076037,0.001577,7
28,14,0.633797,-0.152394,-0.091558,-0.014062,0.499762,-0.05818,-0.092786,-0.280786,0.045275,-0.335629,0.027218,0.092527,7
27,1,1.148698,-0.275565,-0.027874,-0.639747,0.041958,-0.357154,-0.116872,0.016752,0.201649,-0.070203,-0.226344,0.146297,7
7,16,0.534509,-0.222463,0.080409,0.196957,0.400351,0.04956,-0.111527,-0.319572,0.12667,-0.259622,0.006396,0.075474,7
19,16,0.901821,-0.250044,0.001684,-0.055728,0.478357,0.114666,-0.144226,-0.400037,0.066624,-0.253967,-0.039518,0.120776,7
6,3,0.827732,0.004193,-0.000766,-0.438866,0.244212,-0.204273,-0.127778,-0.066106,0.059227,-0.185761,-0.253313,0.17566,7
40,13,0.582742,0.398618,0.07087,-0.484602,0.436593,-0.079809,0.162181,-0.16835,-0.213107,-0.085286,-0.14576,0.099305,7
16,8,0.850136,0.166634,-0.263079,-0.401595,0.428909,0.007183,-0.03225,-0.219123,-0.002376,-0.204709,-0.07783,0.09798,7
18,7,1.31029,0.035203,0.088331,-0.743101,0.371487,-0.170122,-0.100883,0.075945,-0.093404,-0.031289,-0.25242,0.002891,7
18,13,0.517596,0.068913,0.070357,-0.260412,0.660171,0.126027,-0.128204,-0.281524,-0.049008,-0.168266,-0.011967,0.128103,7
7,1,0.703713,0.306394,-0.196537,-0.436165,0.06201,-0.583281,-0.161898,0.0053,0.208565,0.073781,-0.144255,0.051012,7
40,4,1.281469,0.146138,0.415026,-0.534669,-0.039824,-0.191125,-0.338235,0.035987,0.187875,0.120809,-0.113712,0.022961,7
29,3,0.897155,0.24417,-0.256142,-0.565692,0.009753,-0.058148,-0.256688,-0.095497,0.308622,-0.214813,0.083151,-0.019554,7
7,7,1.014535,0.102065,-0.15473,-0.519289,0.115894,-0.10738,-0.070462,-0.057929,0.054918,-0.156508,-0.161515,0.070649,7
40,14,0.522007,0.36499,0.015906,-0.225242,0.377177,-0.061058,0.122648,-0.205985,-0.141132,-0.213969,-0.02087,0.040542,7
20,1,1.882421,-0.290616,0.32088,-0.722098,0.036163,-0.150788,-0.288689,0.07027,0.123966,0.092284,-0.180384,-0.074946,7
2,8,0.875748,-0.186202,-0.075255,-0.25034,0.481669,-0.220148,-0.176695,0.035322,-0.066948,-0.153697,-0.113877,0.105832,7
16,6,1.066064,0.177184,-0.257697,-0.397257,0.295133,0.093822,-0.137048,-0.236553,0.18941,-0.28539,-0.096264,0.008172,7
37,2,0.918156,0.003947,0.240874,-0.787581,0.214622,-0.440595,-0.334987,0.171972,0.093092,0.024471,-0.087705,0.025018,7
17,3,0.60409,0.07047,-0.305673,-0.55767,0.283808,-0.515099,0.011247,0.074397,0.080597,-0.121882,-0.206378,0.098104,7
32,16,0.455306,-0.29016,0.153808,0.145779,0.598266,-0.136647,-0.005652,-0.222793,-0.043202,-0.210288,-0.114134,0.092996,7
4,11,0.125687,-0.327146,0.000673,0.008989,0.535955,0.017411,-0.309337,-0.19829,0.064197,-0.269013,-0.020377,0.056528,7
28,4,1.126987,0.188635,-0.1407,-0.688295,0.315665,-0.425945,-0.160922,0.064317,0.060876,0.056683,-0.160936,0.034628,7
13,3,1.323329,0.065829,0.058051,-0.604627,0.231969,-0.219829,-0.205612,0.027793,0.125151,0.024491,-0.194507,-0.034407,7
12,15,0.733068,-0.001347,-0.24271,-0.312746,0.349113,0.036849,-0.040773,-0.235751,-0.000526,-0.283642,0.019444,0.077892,7
33,1,0.745149,0.395069,0.110389,-0.728061,0.249064,-0.591363,-0.09114,0.209441,-0.008686,-0.042748,-0.133001,-0.003555,7
35,7,0.827312,0.355052,-0.142377,-0.504146,0.297229,-0.029937,-0.122182,-0.178908,0.086958,-0.225651,-0.007831,0.073231,7
22,14,0.680514,-0.025516,0.049524,-0.147358,0.596022,-0.017949,-0.18968,-0.189825,-0.117762,-0.168594,-0.014792,0.018786,7
12,14,0.618433,0.132479,0.023559,-0.11157,0.699591,-0.029852,-0.193039,-0.286375,-0.048402,-0.130452,0.015997,-0.022381,7
24,13,0.354655,-0.004691,-0.272872,0.027597,0.680093,-0.157314,-0.136646,-0.293551,0.040739,-0.185243,-0.024092,0.102662,7
13,14,1.125552,-0.177788,-0.14411,-0.080991,0.536563,0.0414,0.055871,-0.459455,0.003831,-0.088969,-0.179241,0.161472,7
11,1,0.716836,0.103005,0.020043,-0.608663,0.131365,-0.50103,-0.2229,0.040351,0.145841,0.053422,-0.162706,0.063287,7
19,2,1.159146,-0.337269,0.062815,-0.647862,0.125264,-0.377953,-0.184995,0.052984,0.101924,0.134217,-0.309395,0.018588,7
6,13,0.471451,-0.366159,0.012212,0.157539,0.58091,-0.015925,-0.26606,-0.380531,0.096134,-0.18225,-0.036423,0.03786,7
4,3,0.627705,0.167462,0.061156,-0.636077,0.238338,-0.387392,-0.160236,0.180512,0.173535,-0.089087,-0.271151,0.140432,7
28,3,1.342135,0.215069,-0.197424,-0.720883,0.325589,-0.482961,-0.205722,0.040871,0.05789,0.104525,-0.13058,0.002059,7
9,7,1.377305,-0.29036,-0.158453,-0.614178,0.15073,0.038754,-0.223702,-0.151553,0.163728,-0.155615,-0.159846,0.076593,7
4,4,0.813866,-0.128307,-0.034177,-0.400103,0.096607,-0.173686,-0.05689,-0.11376,0.197117,-0.304722,-0.273238,0.20011,7
21,17,0.2591,-0.136032,-0.118897,0.015293,0.5766,-0.069504,-0.071164,-0.34887,0.012129,-0.178426,-0.088428,0.075651,7
28,13,0.613207,-0.012408,-0.079121,-0.160068,0.443726,0.035501,-0.05742,-0.375543,0.000229,-0.242238,-0.001582,0.11502,7
15,2,1.05021,-0.668841,-0.172436,-0.493455,0.194522,-0.265686,-0.30996,0.128396,-0.018775,-0.052558,-0.139191,-0.145113,7
12,10,0.954892,0.242844,-0.333114,-0.188131,0.573485,-0.114928,-0.102784,-0.280584,-0.081329,-0.110531,0.001437,0.068935,7
25,2,1.410495,-0.342695,0.121286,-0.671474,0.040737,-0.249933,-0.170363,-0.033595,0.093331,0.166086,-0.263622,-0.000876,7
4,16,0.419164,-0.349052,0.097237,0.309367,0.450941,-0.061245,-0.094968,-0.343055,0.096372,-0.249291,-0.039222,0.079409,7
11,9,0.851238,0.298965,-0.269567,-0.278499,0.315403,0.115375,-0.232405,-0.220585,0.095945,-0.366434,0.239757,-0.052248,7
14,1,1.183498,-0.057054,-0.08568,-0.392438,0.017563,-0.450217,-0.120485,0.001754,0.234762,0.017001,-0.200041,-0.000179,7
4,13,0.417844,-0.127413,-0.081788,0.128534,0.513444,-0.080386,-0.076521,-0.338347,0.012412,-0.160086,-0.071202,0.159135,7
35,10,0.883116,0.193263,0.024409,-0.383705,0.363352,-0.02114,-0.008456,-0.268084,-0.029814,-0.095075,-0.168161,0.142099,7
13,13,0.525848,-0.310134,0.117411,-0.272745,0.456691,0.038536,-0.144148,-0.22517,-0.086001,-0.208875,-0.00964,0.143639,7
9,16,0.698632,-0.247022,-0.028292,0.099093,0.428761,0.096403,-0.280441,-0.346294,0.155164,-0.322611,0.073573,0.083447,7
38,11,0.667376,0.135848,-0.162652,-0.27699,0.494113,0.114598,-0.005234,-0.392603,0.063629,-0.136459,-0.011942,0.181644,7
6,6,0.856404,-0.136714,0.288482,-0.615342,0.005861,-0.117167,-0.157958,0.058649,0.030243,-0.177854,-0.179237,0.189393,7
14,2,1.741396,-0.443475,0.048935,-0.639774,0.025354,-0.24636,-0.200514,-0.119185,0.16578,0.088754,-0.305405,0.117065,7
6,4,1.09559,-0.147706,0.088658,-0.627827,0.104575,-0.41991,-0.104858,0.124009,0.070925,-0.091796,-0.244149,0.133406,7
15,5,1.002566,0.099462,0.009276,-0.548991,0.088565,-0.094387,-0.103712,-0.145437,0.282817,-0.21009,-0.148787,0.167673,7
26,3,1.047498,-0.11727,0.046959,-0.756861,0.26311,-0.205436,-0.192424,0.163346,0.029558,-0.081755,-0.146513,0.066756,7
6,12,0.415948,-0.300256,0.024993,0.048239,0.665488,-0.003795,-0.297162,-0.385082,0.06757,-0.128309,-0.062682,0.047087,7
25,4,1.465483,-0.317448,0.024134,-0.714462,0.130419,-0.12181,-0.191269,-0.03971,0.092859,0.094682,-0.248363,0.004678,7
37,19,0.733317,0.1472,-0.111998,-0.492796,0.559507,-0.10381,-0.229966,-0.097398,-0.096267,-0.163842,-0.030917,0.021102,7
18,15,0.94741,0.004727,-0.108798,-0.236206,0.826593,-0.045123,-0.151883,-0.301528,-0.060743,-0.123224,-0.137261,0.065938,7
16,2,1.091056,0.131367,0.045224,-0.623343,-0.021591,-0.167412,-0.001009,-0.077438,0.235569,0.024508,-0.273085,0.138323,7
13,19,0.185369,-0.542501,0.338006,0.034883,0.549327,-0.046822,-0.178547,-0.184684,-0.060672,-0.20155,-0.053265,0.044061,7
12,4,0.88182,0.305332,-0.295018,-0.549411,0.133639,-0.479983,0.104801,0.038078,0.007494,-0.120614,-0.137542,0.137681,7
3,4,0.222734,0.060194,-0.043308,-0.224242,0.323864,-0.134606,-0.117325,-0.089845,-0.036418,-0.313561,-0.067614,0.221052,7
6,3,1.162422,-0.231121,0.174308,-0.590169,-0.037654,-0.451904,-0.107628,0.140492,0.116039,-0.065414,-0.215855,0.143814,7
27,11,0.977839,0.181713,-0.237582,-0.462243,0.526345,-0.075377,-0.064676,-0.204223,-0.05459,-0.134946,-0.00145,0.112483,7
27,12,1.065827,-0.502086,0.022145,-0.050599,0.360611,0.00372,-0.222386,-0.234254,-0.016693,-0.337178,-0.01774,0.183957,7
22,3,0.780095,0.424425,-0.031369,-0.502411,0.30311,-0.512961,-0.165169,0.039265,0.213431,-0.041086,-0.04959,0.072301,7
32,5,0.58109,0.372854,-0.342745,-0.302878,0.550035,-0.198098,-0.034701,-0.125352,-0.083606,-0.171896,-0.090562,0.015004,7
21,12,0.657121,-0.015517,-0.247382,-0.413538,0.645928,-0.175473,-0.064957,-0.050903,-0.141633,-0.169009,-0.220772,-0.020797,7
19,12,0.689681,-0.139617,-0.27392,-0.197981,0.630226,-0.026838,-0.102532,-0.385836,-0.044539,-0.167941,-0.049463,0.076542,7
18,11,1.367439,-0.061215,-0.065244,-0.521582,0.546403,0.000114,-0.120312,-0.151882,-0.049143,-0.197676,-0.183857,0.103925,7
27,9,1.164519,-0.255571,-0.123333,-0.427155,0.560323,-0.117942,-0.207762,-0.201824,-0.077246,-0.175032,-0.119584,0.152642,7
13,4,1.437674,-0.17565,0.183853,-0.523521,0.094097,-0.046512,-0.24437,-0.055487,0.193996,0.032223,-0.26525,-0.032747,7
23,10,0.753307,0.227116,0.032467,-0.519814,0.453567,-0.073957,-0.152227,-0.091439,-0.019238,-0.056473,-0.060002,0.069079,7
16,16,0.609769,-0.178244,0.118844,0.174275,0.631433,0.005875,-0.04803,-0.426082,0.095144,-0.11351,-0.027387,0.120258,7
18,10,0.594499,0.231943,-0.092515,-0.362733,0.410065,0.172741,-0.079297,-0.326046,0.009645,-0.37089,0.092735,0.140717,7
26,5,0.819163,0.062087,-0.264199,-0.530049,0.263641,-0.106263,-0.073006,-0.093455,0.095851,-0.331449,-0.013505,0.063562,7
11,5,1.171689,-0.014231,0.163959,-0.770849,0.282594,0.030077,-0.220827,0.004081,-0.070923,-0.155062,0.029465,0.156457,7
18,2,1.485649,-0.005289,0.178911,-0.679359,0.184535,-0.373757,-0.201366,0.182236,0.060292,0.052892,-0.178975,-0.025589,7
17,7,0.756104,-0.254006,-0.201094,-0.486141,0.459778,-0.289391,-0.14791,-0.04549,-0.011919,-0.212284,-0.121412,0.16379,7
17,14,0.501877,-0.189825,0.063814,-0.114845,0.686259,0.08915,-0.195499,-0.300628,0.051787,-0.144826,0.032952,0.103472,7
3,1,0.256892,0.340879,-0.228636,-0.388484,0.336766,-0.214212,0.004274,-0.054614,-0.084081,-0.245729,0.010891,0.163081,7
18,5,1.204798,-0.003221,0.240996,-0.836071,0.290185,-0.057459,-0.315161,0.115114,-0.046448,-0.082593,-0.064313,-0.044005,7
2,7,0.877874,-0.154097,0.074888,-0.407528,0.350877,-0.100082,-0.192568,0.076126,0.037061,-0.309518,-0.06804,0.158784,7
18,20,0.206025,-0.119103,0.473683,0.03156,0.683964,0.013991,-0.10924,-0.109298,-0.166546,-0.18486,0.067814,0.091922,7
39,9,0.77589,-0.051652,-0.047312,-0.657869,0.50425,-0.028916,-0.128481,-0.039706,-0.093464,-0.150049,-0.15928,0.024544,7
23,16,0.373671,0.040409,-0.310931,-0.108916,0.789702,-0.264461,-0.071768,-0.168409,-0.218476,-0.094218,-0.126876,0.013158,7
24,7,0.719017,0.095717,-0.163319,-0.382529,0.313921,-0.142356,-0.154534,-0.200361,0.189086,-0.16302,-0.101376,0.160452,7
11,20,0.528385,-0.107958,0.053873,0.015416,0.577099,-0.032083,-0.098971,-0.261075,-0.004431,-0.310102,0.11442,0.007618,7
9,4,1.502999,-0.281822,-0.072125,-0.572887,-0.003735,-0.142835,-0.129213,-0.144628,0.266105,0.095577,-0.255746,0.036975,7
29,1,0.932747,0.107527,0.002567,-0.629358,0.07769,-0.235301,-0.43064,0.124715,0.236563,-0.046978,0.018382,-0.079619,7
17,4,0.623492,0.004335,-0.258486,-0.572895,0.296901,-0.43829,-0.032275,0.050289,0.066054,-0.142644,-0.173782,0.109248,7
8,14,0.475899,0.061478,-0.32,-0.039319,0.373034,0.097619,-0.077577,-0.457756,0.190917,-0.197295,-0.076749,0.176271,7
13,7,1.088101,-0.337856,0.034392,-0.519352,0.161468,-0.084784,-0.173625,0.003174,0.021918,-0.146879,-0.273888,0.056494,7
28,5,0.972126,0.292124,-0.168115,-0.744688,0.343194,-0.360134,-0.152886,0.0325,0.030843,0.041463,-0.113935,0.007387,7
28,6,1.005752,0.156425,-0.110917,-0.582637,0.340152,-0.423917,-0.166848,0.008838,0.161764,-0.058293,-0.171224,0.07843,7
15,1,1.108526,0.20733,0.069011,-0.550783,0.066487,-0.321717,-0.235579,-0.069561,0.371652,0.037239,-0.134384,0.099605,7
29,16,0.008338,-0.222967,0.022346,-0.159333,0.354102,-0.01222,-0.108588,-0.312157,-0.143578,-0.333673,0.150534,-0.064934,7
22,1,0.576173,-0.107152,0.019279,-0.507711,0.053939,-0.543784,-0.105114,0.150614,0.085458,-0.098015,-0.18282,0.082602,7
14,6,1.022274,-0.02198,-0.344037,-0.388232,0.089591,-0.052873,-0.102667,-0.285601,0.326179,-0.281745,-0.136031,0.045596,7
25,2,1.291535,-0.061521,0.370463,-0.774924,0.143248,-0.250516,-0.194857,0.155071,-0.044035,-0.004359,-0.166763,0.057927,7
28,11,0.862113,0.028902,-0.375022,-0.223081,0.394138,0.043563,-0.065557,-0.363856,0.021899,-0.221293,0.016,0.048171,7
35,5,0.922226,0.339872,0.039699,-0.614264,0.051805,-0.162113,-0.034777,0.022576,0.002317,-0.198754,-0.054039,0.048609,7
5,11,0.599668,-0.345307,0.168561,0.060909,0.456091,0.001132,-0.035219,-0.27258,0.157247,-0.285678,-0.036327,0.22197,7
39,12,0.518693,-0.082936,-0.229922,-0.279328,0.482759,0.066249,-0.057867,-0.277145,-0.012208,-0.307605,-0.066371,0.026832,7
11,18,0.701835,0.030347,-0.219217,-0.004521,0.590363,0.080515,-0.160759,-0.364684,0.056529,-0.306423,0.13567,-0.02646,7
38,18,0.234664,0.06427,0.142822,0.040702,0.472941,0.049844,0.00427,-0.354868,0.001202,-0.229707,0.080015,0.127418,7
39,15,0.338946,-0.095942,-0.008405,-0.261535,0.526803,0.075635,-0.014778,-0.305752,-0.080042,-0.244947,-0.031929,0.055149,7
1,2,0.284982,0.092512,-0.329693,-0.511112,0.127773,-0.433444,-0.09361,0.150256,0.099022,-0.258941,-0.012201,-0.063243,7
19,11,1.312397,-0.301365,-0.26381,-0.268771,0.442113,0.019352,-0.146969,-0.195546,0.055179,-0.261629,-0.188049,0.066961,7
24,11,0.835751,-0.00968,-0.347494,-0.377228,0.439608,0.062383,-0.205123,-0.196039,-0.001558,-0.230713,-0.044207,-0.009901,7
36,14,0.857489,-0.008386,0.113367,-0.350942,0.401867,0.03129,-0.216821,0.011574,-0.093213,-0.190755,-0.053375,0.134637,7
37,12,1.131791,0.17181,-0.058187,-0.821808,0.392356,-0.35801,-0.18198,0.058575,0.053121,-0.031396,-0.165864,0.003776,7
1,5,0.288063,-0.04937,-0.252133,-0.526488,0.275424,-0.271148,-0.203542,0.096465,-0.036681,-0.270462,-0.065457,0.020918,7
5,6,0.912545,-0.213157,0.008972,-0.279044,0.432266,-0.063385,-0.063307,-0.29576,0.092337,-0.154655,-0.204752,0.28117,7
30,16,0.628971,0.048237,0.119505,-0.052796,0.505293,0.065202,-0.058888,-0.364895,-0.049648,-0.199165,0.006658,0.112119,7
33,3,0.737315,0.261877,0.089608,-0.676024,0.250493,-0.487296,-0.09896,0.17413,-0.013076,-0.10685,-0.154201,0.023767,7
5,11,0.577627,-0.114132,0.073725,0.133647,0.42419,0.075034,-0.210666,-0.342375,0.166563,-0.363105,-0.025186,0.013617,7
10,1,0.548104,0.274866,0.118615,-0.756206,0.220663,-0.286738,-0.064831,0.007564,-0.113411,-0.197765,-0.002322,0.051623,7
13,10,1.098037,0.208307,-0.164377,-0.403886,0.533379,0.017218,-0.020951,-0.256557,-0.042874,-0.135296,-0.175771,0.123795,7
9,8,1.183576,-0.113412,-0.102302,-0.547663,0.242348,-0.107258,-0.119214,-0.139069,0.139522,-0.204364,-0.193147,0.173388,7
20,13,0.987976,-0.294946,-0.055058,-0.222309,0.503332,0.253092,-0.180487,-0.42177,0.067535,-0.217776,-0.163952,0.103901,7
2,5,0.454559,0.093182,-0.229091,-0.410824,0.168637,-0.347423,-0.144419,0.005425,0.163938,-0.226576,-0.145404,0.07485,7
29,9,0.510261,0.360017,-0.120724,-0.431139,0.22272,-0.24354,0.176341,-0.085694,0.002144,-0.249883,-0.108923,0.129667,7
9,6,1.336772,-0.298403,-0.043753,-0.686142,0.100284,-0.015618,-0.162468,-0.142165,0.1656,-0.021523,-0.232379,0.094575,7
30,5,0.87827,0.283142,0.041341,-0.545012,0.24281,-0.375315,-0.222256,0.009486,0.245739,-0.007974,-0.215752,0.050747,7
23,3,0.675698,0.27167,-0.140349,-0.574745,0.158971,-0.580278,-0.10577,0.209099,0.142299,-0.078329,-0.089982,0.025799,7
8,4,1.05036,0.176281,-0.006182,-0.638974,0.291767,-0.046209,-0.030707,-0.10249,0.097219,-0.294951,-0.035778,0.197882,7
17,9,0.769967,-0.095674,-0.21238,-0.389135,0.4873,-0.213791,-0.156201,-0.158318,-0.026348,-0.22172,-0.042344,0.15175,7
26,13,0.353435,-0.344004,0.129633,-0.049584,0.400741,-0.077422,-0.01799,-0.244095,-0.016013,-0.274612,0.021966,0.141983,7
14,6,1.303473,0.061678,-0.419736,-0.356361,0.226337,-0.280468,-0.056252,-0.147412,0.189741,-0.112799,-0.220786,-0.057526,7
40,16,0.591853,-0.0777,0.164115,0.099511,0.408259,0.073093,-0.035143,-0.318286,0.012461,-0.339714,-0.003971,0.144368,7
32,2,0.715023,0.30399,0.034152,-0.280713,0.107653,-0.224854,-0.132032,-0.106326,0.148848,-0.152551,-0.066292,0.12776,7
1,10,0.201364,-0.236191,-0.264897,-0.277923,0.535859,-0.183579,-0.337114,-0.106824,-0.185612,-0.273583,0.027242,0.01469,7
39,1,0.891301,0.29649,0.159636,-0.578351,0.276586,-0.526144,-0.179687,0.071175,0.050806,-0.008093,-0.074779,0.065539,7
19,5,1.583188,-0.149749,-0.167775,-0.317476,0.081805,-0.348316,-0.011756,-0.119486,0.160805,-0.046415,-0.290914,0.056354,7
33,12,0.50776,0.280788,-0.100634,-0.45713,0.584911,-0.103449,-0.148655,-0.1644,-0.133088,-0.119446,-0.054237,0.105432,7
7,15,0.643784,-0.201254,0.006383,0.121646,0.334174,0.12242,-0.104284,-0.382721,0.111452,-0.316538,0.053713,0.118162,7
20,14,0.858665,-0.419676,0.129023,-0.204213,0.546723,0.171721,-0.183845,-0.352707,-0.018761,-0.129286,-0.193485,0.122452,7
3,3,0.236313,0.080026,-0.187544,-0.189243,0.344118,-0.173413,-0.128433,-0.120617,0.019724,-0.328046,-0.003156,0.172577,7
6,15,0.315305,-0.299435,0.204062,0.074685,0.587754,0.050035,-0.293724,-0.310188,0.055527,-0.141935,-0.056791,0.032919,7
1,4,0.603895,0.092981,-0.31943,-0.316777,0.24876,0.072419,-0.197193,-0.208853,0.118631,-0.309677,0.04734,0.073074,7
15,8,0.88681,0.268051,-0.357663,-0.36939,0.196698,0.064339,-0.081476,-0.275215,0.228211,-0.262497,0.016616,0.03653,7
21,21,0.253547,-0.33466,0.127685,0.19083,0.695619,-0.11121,-0.186399,-0.204776,0.025404,-0.091176,-0.049838,0.003793,7
14,7,1.193592,0.007236,-0.326149,-0.357578,0.260698,-0.225869,-0.054035,-0.196265,0.147624,-0.135581,-0.229989,-0.004907,7
35,13,0.787241,0.165798,0.011908,-0.171902,0.3937,-0.015624,0.094082,-0.348045,-0.098587,-0.202963,-0.045674,0.157369,7
27,2,1.247033,-0.223713,-0.040171,-0.669303,0.087646,-0.31157,-0.050157,-0.02905,0.172705,-0.042685,-0.272437,0.170881,7
1,9,0.404429,0.066534,-0.21307,-0.032379,0.443273,0.057854,-0.09945,-0.325153,0.007687,-0.259789,0.111192,0.018904,7
12,7,0.984334,0.500038,-0.341242,-0.509376,0.234451,-0.370253,-0.064773,0.099809,0.060814,0.016511,-0.099015,-0.046389,7
15,7,0.660702,-0.462752,-0.48129,-0.240361,0.454068,-0.153953,-0.148986,-0.235368,-0.079604,-0.197607,-0.122116,-0.039012,7
23,20,0.391926,-0.144699,-0.02385,-0.029426,0.709922,-0.209479,0.001531,-0.107969,-0.207597,-0.083962,-0.073127,-0.041996,7
19,15,1.04449,-0.268816,-0.077077,-0.096585,0.500886,0.141934,-0.193195,-0.367867,0.081518,-0.27321,-0.063199,0.103978,7
34,2,0.794613,0.555054,0.120928,-0.743437,0.31848,-0.602618,-0.136212,0.126832,-0.002705,0.132164,-0.048758,0.034312,7
26,10,0.495407,0.649752,-0.132737,-0.382764,0.267241,0.017858,0.010903,-0.262958,0.020708,-0.263369,-0.004461,0.030042,7
11,10,0.71411,0.26206,-0.283942,-0.221809,0.365027,0.170966,-0.140295,-0.299141,0.07093,-0.345095,0.203065,-0.027774,7
10,11,0.669944,-0.063606,-0.265759,-0.144774,0.460823,0.130866,-0.311886,-0.235909,0.037525,-0.397634,0.047895,-0.046891,7
21,11,0.727637,-0.056202,-0.286275,-0.408413,0.584343,-0.187666,-0.034708,-0.019387,-0.098447,-0.216893,-0.266243,-0.018569,7
34,16,0.383353,0.351895,0.136212,-0.349229,0.507717,0.005124,0.024535,-0.204829,-0.256609,-0.10264,-0.019922,0.049517,7
15,14,0.93502,-0.161159,-0.297368,0.032312,0.369319,0.142008,-0.111344,-0.445013,0.082757,-0.247446,0.056302,-0.008657,7
29,4,0.70966,0.461996,-0.00992,-0.391582,0.193512,-0.456123,-0.064146,0.046923,0.163641,-0.098765,-0.134052,0.049861,7
24,9,0.728147,0.003238,-0.313901,-0.547929,0.427599,-0.083706,-0.161288,-0.098319,0.041132,-0.199015,-0.104006,0.006919,7
38,6,0.857313,0.120591,-0.04904,-0.564928,0.35128,-0.137042,-0.052825,-0.10953,0.054304,0.01356,-0.206489,0.173096,7
6,11,0.161717,0.003943,-0.01723,0.034545,0.404944,0.011999,-0.287385,-0.350034,0.182909,-0.260738,0.037462,0.10205,7
15,10,0.704309,-0.490183,-0.284474,-0.284462,0.505463,-0.108257,-0.094688,-0.205169,-0.254144,-0.190426,-0.083521,0.047885,7
24,3,0.399664,0.326301,-0.140661,-0.381061,0.261054,-0.376013,-0.187286,-0.090762,0.161673,-0.055806,-0.050084,0.115039,7
19,13,0.61539,-0.201875,-0.219835,-0.062202,0.637392,-0.027562,-0.155774,-0.395525,0.018378,-0.1633,-0.054574,0.030736,7
10,11,0.144708,0.299555,0.346215,-0.426521,0.391121,0.202977,-0.050558,-0.33516,-0.132221,-0.197433,0.057069,-0.020543,7
23,15,0.794084,-0.065172,0.196001,-0.102806,0.412148,-0.139395,-0.1773,-0.098073,-0.073901,-0.325441,0.104405,0.082431,7
22,15,0.681216,-0.035226,0.009898,-0.088035,0.613193,0.003284,-0.173193,-0.240444,-0.065214,-0.172019,-0.025552,0.027258,7
25,14,0.57131,-0.147378,0.384168,-0.236468,0.411617,0.086563,-0.208396,-0.238395,-0.015365,-0.190843,-0.041129,0.116929,7
28,1,0.825419,0.098227,0.241111,-0.684334,0.216039,-0.529571,-0.375611,0.157263,0.111189,0.015333,-0.083981,0.065666,7
18,2,1.001888,0.256462,0.054099,-0.767492,0.281741,-0.297755,-0.260921,0.051725,0.063047,0.09196,-0.146862,-0.040736,7
33,16,0.399688,0.149582,-0.037082,-0.154813,0.745928,-0.10918,-0.182543,-0.235394,-0.110609,-0.151907,-0.041493,0.072907,7
12,16,0.610691,-0.078456,-0.207199,-0.231089,0.411206,0.018073,-0.054186,-0.279123,0.016798,-0.23859,-0.052587,0.125214,7
2,19,0.454827,-0.012296,-0.189351,-0.014275,0.64915,0.145465,-0.25313,-0.365456,0.066334,-0.273471,0.090377,-0.012358,7
30,16,0.322942,0.22955,-0.231525,-0.102956,0.535831,-0.082186,-0.186044,-0.196252,0.010551,-0.218511,-0.012759,0.095068,7
30,18,0.449324,0.176009,-0.200767,-0.086609,0.54662,-0.05537,-0.151644,-0.227902,-0.023246,-0.204604,-0.002584,0.12314,7
40,8,0.83544,0.394647,-0.116585,-0.329331,0.114283,-0.041925,-0.198723,-0.104529,0.248567,-0.205526,-0.054381,-0.003284,7
2,15,0.563402,0.075053,-0.217934,-0.281434,0.543011,-0.037334,-0.191551,-0.167396,-0.010387,-0.309585,0.024371,0.099562,7
10,4,1.007085,-0.030268,-0.063803,-0.541155,0.253884,-0.223143,-0.049484,-0.072143,0.183099,-0.246448,-0.2485,0.138996,7
1,3,0.302741,0.035903,-0.298024,-0.50045,0.14133,-0.379288,-0.110061,0.107191,0.080943,-0.272467,-0.024626,-0.036182,7
29,21,0.360557,-0.208088,0.089963,0.141251,0.619736,-0.084616,-0.273698,-0.286937,0.038362,-0.171322,-0.111272,0.037527,7
20,13,0.406243,-0.011781,-0.013829,0.270562,0.621203,-0.138675,-0.224256,-0.210536,0.024685,-0.269669,0.093652,-0.064331,7
14,15,0.989265,-0.602913,0.101317,-0.042472,0.464309,-0.002944,-0.213984,-0.190238,-0.014397,-0.151658,-0.071593,0.091767,7
27,16,1.011486,-0.523864,0.14871,0.074066,0.43744,-0.183151,-0.050114,-0.238192,-0.038989,-0.225822,-0.11876,0.13003,7
36,19,0.38665,0.10463,0.134425,-0.061514,0.626502,-0.303193,-0.156523,-0.064038,-0.008801,-0.123044,-0.200443,0.065474,7
30,23,0.410652,-0.036499,0.096131,-0.058743,0.672466,-0.073871,-0.163185,-0.264982,-0.112056,-0.122572,-0.089204,0.160816,7
3,7,0.535934,-0.171206,-0.217951,-0.230098,0.326363,-0.131845,-0.205911,-0.207607,0.052677,-0.403211,0.041411,0.113318,7
7,1,0.819645,0.074831,-0.28205,-0.285882,0.413359,-0.005369,-0.207522,-0.110606,-0.014487,-0.286074,-0.015036,0.055305,7
17,3,1.049399,0.121095,-0.077056,-0.557083,0.323221,-0.289304,-0.097402,0.043672,0.215076,-0.035396,-0.193431,0.005164,7
3,10,0.607636,-0.153301,-0.144844,0.031987,0.466647,-0.136877,-0.255536,-0.273719,0.05992,-0.328963,0.01096,0.111778,7
12,1,1.111344,-0.165575,-0.055946,-0.579973,-0.02662,-0.523795,-0.032317,0.121169,0.116767,0.024792,-0.177399,0.113443,7
27,15,0.869181,-0.353742,0.024025,-0.021694,0.504023,-0.155429,-0.10489,-0.161464,-0.078715,-0.30115,-0.015246,0.058659,7
18,9,0.634576,0.261007,-0.034111,-0.43732,0.34536,0.080815,-0.076352,-0.246021,0.024746,-0.342391,0.020309,0.136003,7
14,5,1.228656,-0.166387,-0.254564,-0.382415,0.036655,-0.097479,-0.1221,-0.21092,0.271899,-0.183331,-0.20749,0.072483,7
40,1,1.246408,0.028934,0.486866,-0.369081,-0.060187,-0.364942,-0.224876,0.106865,0.063987,0.13092,-0.085051,0.047267,7
38,3,0.904586,0.050403,0.235893,-0.640734,0.081604,-0.127749,-0.006468,-0.133349,0.117123,-0.029727,-0.19101,0.220334,7
30,8,1.027902,0.147239,-0.372828,-0.3101,0.350262,-0.002093,-0.112751,-0.221711,0.070998,-0.205133,-0.055706,0.025582,7
31,5,1.049409,0.098383,-0.227317,-0.669184,0.283526,-0.322206,-0.148442,-0.006368,0.108838,-0.086211,-0.121624,-0.026639,7
29,19,0.472247,0.01248,-0.135824,-0.003845,0.663958,-0.046789,-0.161959,-0.302525,-0.052037,-0.179237,-0.096611,0.063031,7
3,10,0.10187,-0.163208,0.268534,0.089336,0.570479,-0.202159,-0.218713,-0.050155,-0.055827,-0.147899,0.064181,0.083556,7
33,15,0.486923,0.115504,-0.077949,-0.214873,0.669443,-0.065929,-0.170223,-0.302357,-0.092869,-0.130365,-0.039375,0.10514,7
4,8,0.659676,-0.394957,-0.141682,-0.150013,0.326845,0.151013,-0.310315,-0.220563,0.054589,-0.354468,-0.059652,0.133087,7
17,10,0.823,-0.134266,-0.119452,-0.411943,0.547832,-0.183978,-0.218364,-0.139176,-0.050137,-0.232139,0.010201,0.162987,7
17,12,0.619864,0.078999,-0.165986,-0.15959,0.548867,0.105886,-0.12797,-0.294546,0.123988,-0.246858,0.07388,0.061726,7
14,7,0.905833,0.034934,-0.337135,-0.428364,0.170188,0.003404,-0.116531,-0.299119,0.26737,-0.297389,-0.108169,0.047464,7
16,3,1.300213,0.394382,-0.182721,-0.474965,-0.037572,0.018608,-0.19131,-0.073225,0.317672,-0.329326,0.030006,-0.027863,7
3,9,0.658059,-0.24168,-0.091001,-0.051294,0.400764,-0.070575,-0.30039,-0.206751,0.041989,-0.385496,0.039136,0.134485,7
35,1,1.093728,0.252823,0.180421,-0.958492,0.212178,-0.32526,-0.142523,0.086617,-0.084225,0.055356,-0.045436,0.051094,7
28,7,1.113041,-0.037368,-0.117783,-0.637894,0.381881,-0.181113,-0.111501,-0.104301,-0.031441,-0.006864,-0.198943,0.130724,7
14,3,1.459664,-0.20538,-0.057802,-0.524102,-0.011102,-0.160384,-0.153814,-0.142918,0.21889,-0.036078,-0.224508,0.091133,7
34,15,0.335375,0.407037,0.084386,-0.407288,0.575618,-0.001776,-0.015896,-0.240443,-0.221671,-0.118537,0.006505,0.029674,7
25,3,1.105674,-0.167392,0.429643,-0.721132,0.165984,-0.182541,-0.252948,0.130512,-0.061237,-0.02892,-0.164224,0.069923,7
20,10,1.102457,-0.136216,-0.147601,-0.405406,0.444872,0.078886,-0.032547,-0.32209,0.049509,-0.20702,-0.240392,0.107105,7
31,11,0.838604,0.138571,-0.201473,-0.550471,0.363816,0.067254,-0.042972,-0.252111,-0.06188,-0.276999,-0.052743,0.071065,7
15,6,0.752441,-0.550278,-0.440903,-0.262901,0.391248,-0.175606,-0.176465,-0.183343,-0.059538,-0.141818,-0.145332,-0.063223,7
11,14,0.743329,-0.001359,-0.366396,-0.233604,0.461575,0.086403,-0.226518,-0.345604,0.001421,-0.279955,0.100352,0.053456,7
16,13,0.836226,-0.440739,0.301207,0.086645,0.383542,0.056241,-0.11187,-0.182659,-0.067116,-0.291857,0.068062,0.163565,7
25,10,1.282219,-0.278425,-0.304609,-0.393483,0.318928,0.177683,-0.098549,-0.480809,0.115069,-0.211143,-0.109846,0.179042,7
37,1,0.59587,0.145085,0.304334,-0.848149,0.199972,-0.509893,-0.354674,0.173234,-0.00076,0.078397,-0.03976,0.00809,7
22,14,0.420488,-0.340483,-0.193407,-0.022678,0.498435,-0.095928,-0.223485,-0.260271,-0.025616,-0.226059,0.063322,-0.042662,7
27,7,0.827638,0.269329,-0.060703,-0.560876,0.214138,-0.076154,-0.112114,-0.043911,0.018562,-0.212799,-0.03395,0.100537,7
25,7,0.85401,0.088991,0.112985,-0.453497,0.345473,-0.083134,-0.156584,-0.160387,-0.025431,-0.101365,-0.158551,0.210626,7
11,2,0.725534,0.117655,-0.085199,-0.635749,0.17485,-0.481153,-0.188076,0.039896,0.15118,0.034164,-0.17163,0.038639,7
28,12,0.639209,0.115234,-0.213369,-0.23141,0.40999,0.092764,-0.086792,-0.416877,0.034119,-0.208398,0.000898,0.091923,7
8,9,0.790754,0.041629,-0.089151,-0.335268,-0.010831,-0.255361,0.047227,-0.21399,0.180814,0.062573,-0.343058,0.082165,7
6,11,0.534986,-0.33709,0.047797,-0.023321,0.611248,0.008235,-0.223774,-0.369968,0.06231,-0.145676,-0.11582,0.098333,7
30,11,0.519055,0.254524,-0.114242,-0.398818,0.501767,-0.262899,-0.092687,-0.10751,-0.046237,-0.155327,-0.032825,0.097988,7
5,2,1.214958,-0.397175,0.151269,-0.3007,0.025897,-0.067949,-0.148034,-0.105565,0.172683,-0.172706,-0.275474,0.180626,7
8,1,1.046327,0.053718,0.055641,-0.516544,0.23872,-0.051499,-0.257536,0.068369,0.068652,-0.209567,-0.065161,0.065516,7
18,14,0.437661,0.044611,0.155624,-0.248263,0.695696,0.114801,-0.145131,-0.223081,-0.099784,-0.190636,-0.019075,0.122925,7
38,1,0.987293,-0.084813,0.350135,-0.727016,0.081792,-0.168853,-0.266979,0.046818,0.19607,0.060369,-0.223176,0.060755,7
21,5,1.279862,-0.097783,-0.063764,-0.377154,0.101001,-0.271627,0.0047,0.065111,0.048418,-0.022135,-0.246495,0.022736,7
28,15,0.72851,0.165691,-0.201176,-0.319439,0.624486,-0.066844,-0.129992,-0.245591,-0.135309,-0.148875,-0.037349,0.005522,7
13,3,1.146679,-0.265555,0.070918,-0.670139,0.206531,-0.38733,-0.194113,0.120779,0.076004,-0.026551,-0.27623,0.076069,7
36,12,0.96522,-0.031036,0.090779,-0.462617,0.508388,-0.161073,-0.172753,0.042037,-0.050024,-0.158185,-0.132348,0.152506,7
37,18,0.915579,0.017403,-0.156507,-0.511774,0.473264,-0.115443,-0.22727,-0.054962,-0.070964,-0.159748,-0.080448,-0.000389,7
24,8,0.646911,0.161316,-0.13874,-0.428607,0.329779,-0.076989,-0.126068,-0.187365,0.161554,-0.203479,-0.076093,0.178176,7
30,6,0.778088,0.432104,-0.084069,-0.546461,0.314956,-0.435841,-0.180989,-0.007677,0.257229,-0.080215,-0.108811,-0.004573,7
30,12,0.941795,0.058615,-0.243414,-0.241073,0.539817,0.000944,-0.159026,-0.221263,-0.068075,-0.165766,-0.022067,0.019364,7
6,2,0.870508,-0.278949,0.288143,-0.67124,-0.035475,-0.463218,-0.15806,0.224485,0.075503,-0.078325,-0.149308,0.122562,7
11,12,0.913232,-0.036372,-0.441218,-0.308177,0.37135,-0.010545,-0.233029,-0.225099,-0.007103,-0.250282,-0.010836,0.017514,7
9,3,1.101213,-0.050451,0.014013,-0.558147,0.04646,-0.38676,-0.078329,0.074737,0.191253,-0.060727,-0.249844,0.144467,7
35,8,0.921962,0.323819,-0.232388,-0.412461,0.472605,-0.117204,-0.108796,-0.179859,0.028832,-0.203963,-0.032462,0.029621,7
33,11,0.562303,0.267867,-0.121035,-0.458984,0.555917,-0.172152,-0.15105,-0.081455,-0.098748,-0.147463,-0.127596,0.088482,7
3,6,0.565237,-0.113186,-0.208459,-0.302928,0.306674,-0.140532,-0.230392,-0.165924,0.110929,-0.382808,0.021243,0.097223,7
12,1,0.650159,0.155664,0.173922,-0.738689,0.113113,-0.337403,-0.048256,0.171061,0.074121,0.073482,-0.141652,0.053097,7
9,2,1.156297,-0.185644,0.066343,-0.565661,0.033979,-0.331191,-0.092838,0.106038,0.139354,-0.003834,-0.238914,0.096384,7
19,2,1.338578,0.291703,-0.200897,-0.416164,0.200609,-0.613881,-0.127469,0.023883,0.193309,0.012631,-0.248424,0.047668,7
21,3,0.921816,0.172482,-0.096115,-0.316573,0.008714,-0.449572,-0.004523,0.047548,0.140059,0.004836,-0.223382,0.048822,7
2,12,0.654801,-0.032105,-0.110844,-0.024932,0.573408,-0.033073,-0.369212,-0.103315,0.029875,-0.203188,0.116421,0.062104,7
18,14,0.928218,-0.02549,-0.11227,-0.307128,0.79366,-0.023338,-0.155424,-0.258068,-0.073991,-0.133032,-0.109394,0.071903,7
14,11,0.684949,0.023135,-0.335382,-0.208941,0.393013,0.169697,-0.137799,-0.447482,0.104753,-0.254006,0.042528,0.073972,7
21,12,0.450941,-0.016961,-0.183034,-0.032058,0.565667,0.054332,-0.071587,-0.340036,-0.029747,-0.174971,0.004485,0.009671,7
18,18,0.197982,-0.115563,0.243769,0.047557,0.69276,-0.02364,-0.123718,-0.162969,-0.090847,-0.158809,-0.051831,0.120476,7
35,15,0.655802,0.308777,0.067292,-0.213809,0.322851,0.111251,0.052016,-0.428054,-0.019991,-0.232375,0.00592,0.086316,7
10,9,0.113997,0.37093,0.357314,-0.605788,0.330507,0.207682,-0.007448,-0.312505,-0.163158,-0.234173,0.004435,0.040287,7
14,2,1.125884,-0.075572,-0.106466,-0.414814,0.085597,-0.450401,-0.100894,-0.030667,0.221894,0.010705,-0.241244,0.000458,7
4,5,0.679819,0.258023,-0.098039,-0.574506,0.326123,-0.376286,0.005047,0.035314,0.021382,-0.113177,-0.233397,0.166125,7
18,12,0.559651,0.050947,-0.013633,-0.334453,0.628077,0.164971,-0.159611,-0.276421,-0.068991,-0.175005,-0.041174,0.146581,7
15,7,0.848414,0.286842,-0.256618,-0.453822,0.183369,0.044283,-0.136921,-0.244139,0.246569,-0.246284,0.013448,0.065389,7
14,4,1.362947,-0.105669,-0.235899,-0.299552,0.044095,-0.333086,-0.0726,-0.102632,0.246258,-0.054875,-0.223096,-0.032552,7
13,4,1.19375,-0.287637,0.097769,-0.697872,0.190351,-0.309123,-0.171905,0.113404,0.030498,-0.054511,-0.280288,0.066205,7
1,14,0.029695,-0.376396,0.028613,-0.120745,0.633195,-0.147233,-0.40659,-0.067195,-0.267707,-0.16585,0.007001,-0.005511,7
15,12,1.00663,-0.076317,-0.380497,-0.125423,0.322994,0.279548,-0.174918,-0.436746,0.133418,-0.320293,0.101552,0.009049,7
9,13,1.074501,-0.283206,-0.211337,-0.234529,0.411927,0.016825,-0.145217,-0.366127,0.118792,-0.272313,-0.00981,0.127017,7
19,14,0.515179,-0.197067,-0.164733,0.051686,0.660559,-0.069044,-0.178571,-0.402344,0.040788,-0.149943,-0.048496,0.004755,7
25,12,0.621037,0.045336,0.307674,-0.18761,0.339753,-0.074978,-0.183117,-0.198411,0.052204,-0.279244,-0.013637,0.13054,7
25,5,0.962444,-0.004729,0.114065,-0.538762,0.300135,-0.114028,-0.165851,-0.071457,-0.000826,-0.05041,-0.230582,0.180462,7
12,3,0.931342,0.188076,-0.202167,-0.587947,0.084999,-0.428157,0.00339,0.059062,0.059038,-0.067126,-0.103166,0.09255,7
26,2,1.071736,-0.075127,-0.014263,-0.71262,0.222454,-0.352787,-0.133243,0.184665,0.06698,-0.05503,-0.187973,0.091119,7
24,5,0.731564,0.029068,-0.033061,-0.397247,0.311992,-0.22759,-0.242965,-0.128484,0.21331,-0.120713,-0.09583,0.174438,7
8,8,0.703244,0.099851,-0.117714,-0.379426,0.00465,-0.299586,0.009877,-0.098502,0.112813,0.025636,-0.295874,0.091672,7
29,11,0.534179,0.186545,-0.332223,-0.445471,0.35685,0.049892,-0.097688,-0.297682,0.007716,-0.369501,0.027831,0.02493,7
22,8,0.933413,0.351406,-0.208119,-0.428318,0.450053,-0.07629,-0.16301,-0.030028,-0.04739,-0.242392,0.048153,0.006387,7
29,19,0.112482,-0.161583,0.313275,-0.052651,0.429868,-0.101478,-0.147144,-0.23874,-0.205369,-0.31474,0.028463,0.073698,7
19,6,1.143645,-0.028311,-0.268872,-0.573462,0.371687,-0.209706,-0.053292,-0.172132,0.029711,-0.095185,-0.242429,0.110673,7
1,12,0.502442,-0.086538,-0.136918,0.178288,0.355261,0.196661,-0.201335,-0.280839,0.092062,-0.417467,0.162494,-0.016365,7
30,3,0.78828,0.391447,0.00044,-0.536825,0.295699,-0.523098,-0.197346,0.020233,0.228264,-0.010539,-0.155122,0.032982,7
16,7,1.00381,0.172855,-0.280707,-0.263854,0.221952,0.167167,-0.063293,-0.318787,0.185605,-0.341159,-0.092784,0.014089,7
16,12,0.889285,-0.449949,0.356085,-0.120248,0.390196,0.1108,-0.133648,-0.174155,-0.109334,-0.223791,0.012967,0.122595,7
38,8,1.031835,-0.025207,-0.083844,-0.48509,0.278113,0.088085,-0.048731,-0.243998,0.128223,-0.172908,-0.137157,0.177504,7
7,8,0.384933,-0.031356,-0.00481,-0.102804,0.651426,0.021566,-0.162703,-0.218558,-0.038743,-0.277563,0.070861,0.076354,7
7,4,0.980254,0.093507,-0.158372,-0.574882,0.107726,-0.239226,-0.136223,-0.102524,0.192952,0.052039,-0.231219,0.037589,7
18,1,1.034207,0.242887,0.090119,-0.790825,0.301003,-0.323233,-0.289554,0.10428,0.013668,0.107431,-0.103407,-0.081227,7
25,11,0.651481,0.039194,0.201698,-0.259551,0.369123,-0.056612,-0.137312,-0.274983,0.104505,-0.217424,-0.157593,0.217672,7
20,11,0.4271,0.083282,-0.04783,0.111515,0.712741,-0.17931,-0.158776,-0.205334,-0.071201,-0.166114,0.035094,-0.031773,7
4,12,0.104687,-0.40533,0.07466,0.023946,0.565554,0.00782,-0.27228,-0.187835,0.02001,-0.221803,-0.031164,0.032225,7
23,10,0.697917,0.468595,-0.49705,-0.606742,0.421063,-0.276113,0.050179,-0.091132,-0.092448,-0.151484,-0.065414,-0.008089,7
28,5,0.95135,0.148686,-0.063279,-0.596961,0.27066,-0.421612,-0.164328,0.028467,0.223048,-0.071028,-0.178017,0.076931,7
36,20,0.319133,0.072723,0.212717,0.033313,0.601026,-0.362024,-0.129761,-0.103216,0.037072,-0.117279,-0.193661,0.05159,7
8,8,0.945465,0.237413,0.067242,-0.757305,0.297059,0.180996,0.030476,-0.138285,-0.083244,-0.272526,-0.040603,0.186842,7
9,10,1.183646,-0.152357,-0.335374,-0.380455,0.200796,-0.008545,-0.079068,-0.287421,0.126201,-0.253369,-0.084216,0.1263,7
14,13,0.960059,-0.326703,-0.166199,-0.095054,0.373012,0.164051,-0.172668,-0.403264,0.087615,-0.219987,-0.007842,0.086561,7
19,14,1.044459,-0.145222,-0.217558,-0.062014,0.453436,0.159951,-0.164317,-0.399723,0.135258,-0.313109,-0.026617,0.047084,7
30,1,0.971006,0.327842,0.085746,-0.467631,0.338009,-0.584494,-0.272783,0.097773,0.132941,-0.046364,-0.098442,0.026675,7
4,10,0.422316,0.245855,-0.359272,-0.162428,0.668178,-0.147432,-0.178808,-0.209232,-0.006985,-0.164149,-0.022173,0.057185,7
24,18,0.680067,-0.381594,0.027482,-0.057951,0.576304,-0.034141,-0.136782,-0.189828,-0.002394,-0.282916,-0.046194,0.059084,7
7,2,0.764757,0.147362,-0.115803,-0.506976,0.067324,-0.489535,-0.200693,0.058418,0.17837,0.099282,-0.214002,0.02297,7
20,7,0.726188,-0.004634,0.063393,-0.325481,0.630484,-0.185331,-0.162606,-0.093351,-0.080222,-0.119979,-0.071049,0.118882,7
20,3,0.48632,0.374072,0.179969,-0.698626,0.286582,-0.125012,-0.006998,-0.026827,-0.120768,-0.159881,-0.008528,0.18115,7
27,8,1.169777,-0.334908,-0.058951,-0.527444,0.502026,-0.105623,-0.244471,-0.124229,-0.07029,-0.161572,-0.128468,0.165028,7
18,9,1.269804,0.11893,0.182148,-0.757912,0.244222,0.080274,-0.012199,-0.084603,-0.164164,-0.194216,-0.186159,0.138766,7
23,5,0.823464,0.239862,0.030432,-0.446529,0.351458,-0.302825,-0.169248,-0.148339,0.171561,-0.096626,-0.020671,0.131418,7
10,1,0.812838,0.082578,0.031643,-0.485969,-0.013736,-0.359447,-0.07257,0.012902,0.283829,-0.148398,-0.165161,0.123045,7
39,13,0.444102,-0.1328,-0.116787,-0.338905,0.574605,0.055069,-0.092234,-0.226806,-0.110959,-0.198497,-0.096038,0.032247,7
29,12,0.691233,0.17103,-0.24611,-0.322306,0.545386,-0.144055,-0.07934,-0.188779,0.007473,-0.169664,-0.151671,0.065287,7
2,2,0.774632,-0.088985,-0.067976,-0.235511,0.073462,-0.199881,-0.186207,-0.032335,0.238448,-0.300173,-0.070663,0.202732,7
11,12,0.713518,0.287927,-0.137521,-0.072934,0.370044,0.107351,-0.100933,-0.256532,-0.013939,-0.340993,0.287186,-0.075356,7
29,14,0.064488,-0.188256,-0.061768,-0.319985,0.332416,0.036447,-0.072125,-0.359729,-0.116377,-0.327119,0.05054,-0.0072,7
28,9,1.085663,0.060707,-0.218258,-0.575606,0.323767,0.05503,-0.089622,-0.198928,-0.011985,-0.239922,-0.010298,0.131602,7
18,4,1.218462,0.250587,0.018106,-0.666762,0.311522,-0.367332,-0.143144,0.163242,0.072339,0.012351,-0.187294,-0.061478,7
8,12,0.933347,-0.097524,0.043828,-0.256397,0.395356,0.038516,-0.157891,-0.303309,0.142647,-0.274824,-0.093877,0.096875,7
10,12,0.094089,0.393493,0.300407,-0.342607,0.5054,0.117104,-0.065473,-0.261031,-0.155345,-0.170864,0.026359,-0.017601,7
3,6,0.353977,-0.090867,-0.040509,-0.088733,0.414681,-0.129927,-0.219178,-0.126729,0.002781,-0.272195,-0.02585,0.169218,7
22,6,0.7767,0.330503,-0.040358,-0.643581,0.461743,-0.296339,-0.095823,0.018864,0.011513,-0.058106,-0.05068,0.125557,7
30,4,0.932521,0.31784,0.033449,-0.555013,0.207669,-0.331818,-0.24323,-0.001114,0.220811,0.028897,-0.183192,0.017242,7
26,6,0.813374,0.043431,-0.312157,-0.425206,0.327455,-0.046832,-0.096725,-0.198685,0.147504,-0.333454,-0.038919,0.054578,7
5,4,0.696653,0.171578,0.037714,-0.317215,0.275229,0.107673,-0.022001,-0.28373,0.162011,-0.263298,-0.141544,0.165949,7
13,12,0.613181,-0.258621,0.051624,-0.333969,0.433351,0.005625,-0.139218,-0.205779,-0.049662,-0.236671,-0.060879,0.16716,7
13,13,1.086322,-0.123785,-0.10298,-0.191042,0.514085,0.049436,-0.030148,-0.426636,0.105672,-0.171936,-0.183314,0.1802,7
39,11,0.557966,-0.016913,-0.205286,-0.318858,0.462524,0.064566,-0.101455,-0.274509,0.035522,-0.330158,-0.084208,0.072944,7
1,1,0.270476,0.098453,-0.267792,-0.54662,0.116515,-0.46075,-0.126412,0.208075,0.079692,-0.191732,-0.031982,-0.041928,7
34,11,0.679252,0.388037,-0.21913,-0.501437,0.604766,-0.04441,-0.054057,-0.166918,-0.170231,-0.205494,-0.113576,0.047787,7
2,16,0.63407,0.094187,-0.278633,-0.148392,0.537953,0.030797,-0.155322,-0.200621,-0.02192,-0.249507,0.042639,0.054613,7
14,14,0.984302,-0.267201,-0.195942,-0.128987,0.473977,0.092844,-0.164937,-0.39813,0.100887,-0.276545,-0.126065,0.160859,7
10,9,0.807883,-0.100242,-0.161583,-0.314727,0.406927,0.128712,-0.282225,-0.146245,-0.000928,-0.369318,-0.069617,0.028337,7
2,13,0.444719,0.250732,-0.213648,-0.262983,0.480669,-0.186603,-0.148464,-0.165718,0.025845,-0.215797,-0.098844,0.167435,7
1,15,-0.00381,-0.42039,0.130114,-0.083383,0.590851,-0.148937,-0.394848,-0.055324,-0.258838,-0.175741,0.000853,-0.015109,7
23,2,0.615864,0.229595,-0.111878,-0.557362,0.160604,-0.598706,-0.135205,0.235598,0.142645,-0.077029,-0.080681,0.019326,7
9,8,1.376391,-0.339717,-0.218238,-0.536578,0.131168,0.08388,-0.205191,-0.153981,0.153658,-0.229028,-0.153785,0.090804,7
5,9,0.354206,0.134539,0.013558,0.055066,0.560001,-0.144115,-0.092119,-0.307525,0.001956,-0.144055,-0.035602,-0.031876,7
21,8,0.951566,-0.004886,-0.231932,-0.361516,0.340752,-0.233692,0.025054,-0.066163,0.008939,-0.136103,-0.289818,0.078406,7
33,8,1.075123,-0.01181,-0.061578,-0.594878,0.414247,-0.275415,-0.077947,0.085766,-0.174072,-0.160841,-0.241499,0.058371,7
37,16,0.916897,0.097419,-0.201633,-0.644075,0.375994,-0.168532,-0.125118,-0.032496,-0.071074,-0.147032,-0.118407,-0.00349,7
31,12,0.89359,0.067737,-0.259036,-0.440805,0.445034,0.079646,-0.106116,-0.252507,-0.075276,-0.270355,-0.010613,0.018517,7
23,11,0.693037,0.21692,-0.468966,-0.542362,0.480878,-0.194695,0.001887,-0.138803,-0.117585,-0.149961,-0.071072,0.02877,7
22,4,0.650684,0.348307,-0.05535,-0.51273,0.446115,-0.423181,-0.207848,0.015319,0.194648,-0.003589,-0.042193,0.079131,7
37,10,0.942212,0.314286,-0.057106,-0.843457,0.351094,-0.356472,-0.179889,0.091366,0.05188,0.019188,-0.120535,-0.016197,7
27,5,1.270182,0.046589,-0.236405,-0.690514,0.30921,-0.318185,-0.029203,-0.033722,-0.022131,-0.129793,-0.150457,0.140105,7
9,5,1.379689,-0.295361,-0.052272,-0.640063,0.045417,-0.080778,-0.131817,-0.151561,0.244522,0.03736,-0.269441,0.091299,7
27,2,1.064681,0.099287,0.007886,-0.651327,0.210221,-0.359774,-0.188296,0.195704,0.160323,-0.025147,-0.092936,0.006048,7
25,14,0.771554,-0.501973,-0.060767,-0.070909,0.464242,0.11896,-0.190758,-0.473791,0.102399,-0.185655,-0.105698,0.113548,7
29,12,0.385436,0.10818,-0.337662,-0.418994,0.36429,0.043667,-0.069815,-0.337255,-0.067381,-0.354344,0.037396,0.009416,7
31,9,0.920558,0.067312,-0.331021,-0.46556,0.309365,-0.055156,-0.104915,-0.187101,0.047248,-0.249792,-0.073991,0.006016,7
38,7,0.904708,0.11742,-0.028181,-0.631347,0.320131,-0.00817,-0.004453,-0.138094,0.017412,-0.059525,-0.164775,0.183942,7
11,8,0.974394,0.307282,-0.243491,-0.339684,0.273098,0.116587,-0.266645,-0.196721,0.140169,-0.301729,0.167755,-0.020107,7
24,21,0.50493,-0.340713,0.132769,0.047923,0.518881,0.0405,-0.192713,-0.119141,-0.022957,-0.276981,0.022398,-0.035275,7
5,4,0.918991,0.0423,-0.076187,-0.280914,0.219866,-0.201805,0.012126,-0.171802,0.185472,-0.20501,-0.227861,0.156605,7
36,17,0.513215,0.181548,-0.002752,-0.110874,0.443603,-0.171665,-0.013106,-0.136155,-0.030984,-0.259525,-0.019895,0.104689,7
22,10,0.772206,0.222364,-0.147838,-0.358242,0.441724,-0.004116,-0.099552,-0.260945,-0.03591,-0.225402,-0.032756,0.089339,7
25,9,1.274986,-0.27288,-0.272856,-0.495072,0.300785,0.07014,-0.043193,-0.414374,0.125538,-0.160729,-0.193776,0.186889,7
36,16,0.781584,0.132762,-0.051813,-0.217307,0.505116,-0.120585,-0.076954,-0.099973,-0.070043,-0.160064,-0.089495,0.118632,7
13,8,0.957804,-0.288036,-0.023185,-0.448861,0.191715,-0.090485,-0.137345,-0.052638,0.013501,-0.185331,-0.237156,0.101129,7
37,23,0.819647,-0.027962,0.074923,-0.430862,0.632208,0.01327,-0.230747,-0.157136,-0.193523,-0.123859,0.000519,0.000556,7
36,4,0.575635,0.50691,0.046939,-0.498598,0.326717,-0.592055,-0.10497,0.20398,0.084054,-0.019975,-0.091602,0.084482,7
23,13,0.812199,-0.934833,0.708652,0.167938,0.444202,-0.278039,-0.315385,-0.030972,-0.266778,-0.040549,-0.10014,-0.215977,8
22,11,0.674203,-0.716394,0.622766,-0.332959,0.52519,-0.067129,-0.522209,-0.0023,-0.34154,-0.166424,0.177496,-0.065672,8
21,3,0.829345,-0.511005,0.061024,-0.512818,0.119246,-0.199763,-0.151606,0.063009,-0.248463,-0.275075,0.055979,0.175975,8
29,3,1.003736,0.09095,-0.169781,-0.372479,-0.020165,-0.456719,0.068444,0.076549,-0.268835,-0.308155,0.089002,0.149893,8
2,5,0.520751,0.136089,-0.190781,-0.254728,0.322688,-0.560468,0.095277,-0.191621,-0.338033,-0.151067,0.098335,0.205403,8
46,5,0.626206,-0.606291,0.349189,-0.51155,0.454804,-0.186408,-0.309167,0.004137,-0.436228,-0.240131,0.011801,0.052598,8
30,13,0.730996,-0.851789,0.469178,0.066471,0.504682,-0.211842,-0.375466,-0.092609,-0.15243,-0.124193,-0.090444,-0.035407,8
18,10,0.600284,-0.56138,0.542025,0.217631,0.54417,-0.352905,-0.25445,-0.048466,-0.220322,-0.033664,-0.147412,-0.190013,8
22,1,0.809814,-0.736811,0.357379,-0.840329,-0.091862,-0.32955,-0.142782,0.359666,-0.250893,-0.232357,0.138848,0.127406,8
25,10,0.377436,-0.670985,0.512397,0.031063,0.511445,-0.280121,-0.333255,-0.06472,-0.212852,-0.137704,-0.042027,-0.056978,8
8,8,0.551827,-0.528172,0.387229,-0.134333,0.371668,-0.197317,-0.161993,-0.211747,-0.195687,-0.195866,0.028639,0.171127,8
22,8,0.741003,-0.422316,0.270453,-0.251248,0.303738,-0.197324,-0.233563,-0.118347,-0.348779,-0.133077,0.173764,0.096599,8
15,4,0.898122,-0.413321,0.124464,-0.420637,0.513926,-0.208668,-0.302668,0.032318,-0.16936,-0.239824,0.008504,0.172723,8
2,9,0.800752,-0.766809,0.43731,0.107527,0.273016,-0.060675,-0.45657,-0.148713,-0.13832,-0.104878,0.073645,0.023137,8
49,6,0.886841,-0.63996,0.296623,-0.612696,0.153162,-0.240997,-0.172209,0.181853,-0.303707,-0.373923,-0.092066,0.152816,8
30,4,1.468994,-0.795332,0.201562,-0.592917,-0.355238,-0.20226,-0.103656,0.107146,-0.026785,-0.338558,-0.088784,0.252655,8
13,7,0.892042,-0.396352,-0.018422,-0.225253,0.326017,-0.177583,-0.153494,-0.107101,-0.246545,-0.325815,-0.00583,0.156459,8
4,10,0.786182,-0.733531,0.724503,0.245198,0.393488,-0.311081,-0.243389,-0.038872,-0.090311,-0.035418,-0.137887,-0.115301,8
5,3,0.757404,-0.54429,0.224748,-0.590576,0.188801,-0.210568,-0.154226,0.045337,-0.345924,-0.167633,0.128145,0.111982,8
29,12,0.974674,-1.054062,0.672694,0.194584,0.367492,-0.173263,-0.249217,0.011245,-0.230117,-0.085975,-0.062475,-0.189074,8
45,13,0.13621,-1.050542,1.062105,0.135973,0.437621,-0.263539,-0.357375,0.171013,-0.194492,-0.117297,-0.102047,-0.256044,8
31,5,0.843988,-0.765717,0.288273,-0.66498,0.228962,-0.16597,-0.33767,0.207617,-0.286743,-0.363321,-0.030751,0.070195,8
35,8,1.04896,-0.725061,0.205269,-0.507438,0.36704,-0.09676,-0.362414,0.0276,-0.366884,-0.283328,-0.019281,-0.006761,8
13,12,0.731992,-0.726138,0.372298,0.047691,0.293493,-0.081706,-0.337814,-0.166346,-0.283442,-0.020822,0.076499,-0.16661,8
24,15,0.601357,-0.557872,0.632178,0.452786,0.350744,-0.421786,-0.061593,-0.084234,-0.112389,-0.024186,-0.229572,-0.144406,8
14,3,1.378889,-0.940761,0.304695,-0.589259,0.069143,-0.020143,-0.273199,0.093524,-0.164357,-0.300657,-0.019446,0.194533,8
3,13,0.038963,-0.511659,0.338867,0.646172,0.310203,-0.28602,0.049979,-0.21847,0.113213,-0.175305,-0.03827,-0.168456,8
34,13,0.458315,-0.754925,0.508749,0.064482,0.521738,-0.247326,-0.266474,-0.071599,-0.172447,-0.12703,-0.056808,-0.09558,8
13,2,0.696916,-0.514721,0.081604,-0.457581,0.065396,-0.357328,-0.031311,-0.020788,-0.086395,-0.358789,-0.10192,0.308721,8
48,3,0.734323,-0.257816,0.218265,-0.581784,0.187145,-0.240586,-0.009104,0.056535,-0.236503,-0.272934,-0.049331,0.19578,8
20,12,0.547098,-0.518251,0.444419,-0.053498,0.521477,-0.238986,-0.211315,-0.117577,-0.257698,-0.027255,0.040834,-0.057468,8
9,7,1.002308,-0.817363,0.351,-0.407075,0.097162,-0.139201,-0.153124,-0.05583,-0.346947,-0.258784,0.013009,0.210885,8
50,7,0.922389,-0.60086,0.315902,-0.226997,0.326175,-0.173058,-0.27071,-0.166719,-0.388009,-0.196762,0.117206,0.11434,8
37,6,0.829515,-0.495029,0.430707,-0.210643,0.503988,-0.251265,-0.403219,-0.093764,-0.357255,-0.110165,0.076436,-0.063674,8
19,1,1.206917,-0.706625,0.259367,-0.860768,0.086119,-0.298489,-0.327037,0.311512,-0.12509,-0.27987,-0.083648,0.149438,8
43,13,0.327928,-0.903607,0.869472,0.138201,0.438189,-0.294219,-0.34263,0.061437,-0.228524,-0.12116,-0.103171,-0.201449,8
20,6,1.183065,-0.389952,0.206194,-0.445253,0.203689,-0.131019,-0.083627,0.087612,-0.222596,-0.205222,0.046925,0.217748,8
47,1,1.149366,-0.056636,-0.14613,-0.598742,0.079884,-0.473031,-0.056133,0.223633,-0.058412,-0.245961,-0.082232,0.077999,8
13,1,0.731289,-0.572257,0.150765,-0.515971,0.053482,-0.338667,-0.084456,0.061001,-0.070112,-0.345436,-0.09339,0.26826,8
7,2,0.956438,-0.449703,-0.066863,-0.369631,-0.015832,-0.178259,-0.207536,-0.109356,-0.039747,-0.424537,-0.006512,0.22047,8
24,6,0.855724,-0.594473,0.071412,-0.342566,0.398661,-0.182173,-0.314798,-0.053861,-0.256303,-0.267082,-0.04701,0.158478,8
35,9,0.990652,-0.947135,0.403876,-0.495625,0.388554,-0.076349,-0.465088,0.030482,-0.38582,-0.261334,0.084778,-0.047813,8
24,6,1.196127,-0.146292,-0.052279,-0.379013,0.148185,-0.298938,-0.077927,0.058643,-0.251956,-0.339671,-0.038594,0.193124,8
29,6,0.870401,-0.590073,0.248387,-0.321684,0.405277,-0.132421,-0.254501,-0.11011,-0.336896,-0.259696,-0.023383,0.112564,8
14,13,0.597257,-0.84095,0.668934,0.199336,0.360661,-0.326364,-0.284958,-0.011647,-0.134378,-0.113982,-0.143445,-0.153793,8
12,9,0.901485,-0.415705,0.308434,-0.066285,0.151592,-0.101713,-0.262429,-0.092854,-0.366924,-0.297495,0.153493,0.039408,8
17,13,0.147217,-0.636198,0.579689,0.145006,0.509588,-0.299203,-0.227684,-0.065411,-0.165941,-0.093539,-0.081725,-0.135057,8
8,3,1.349026,-0.886976,0.179512,-0.495418,-0.128721,-0.037159,-0.132839,0.086005,-0.138831,-0.366509,0.000744,0.231315,8
21,13,0.797802,-0.790873,0.526261,0.082298,0.456869,-0.29756,-0.357646,-0.033066,-0.143488,-0.144295,-0.12274,-0.105974,8
12,11,0.767565,-0.816581,0.557932,-0.136638,0.368701,-0.042187,-0.384157,-0.050457,-0.24409,-0.165381,0.05091,-0.109355,8
9,9,0.881734,-0.807405,0.397796,-0.259253,0.304149,-0.152044,-0.268897,-0.10629,-0.321887,-0.236144,0.008323,0.126763,8
9,12,0.684023,-0.79146,0.576098,0.210792,0.437182,-0.282861,-0.378954,-0.032314,-0.091,-0.111056,-0.060218,-0.106984,8
42,11,0.696831,-0.753551,0.599962,0.002789,0.675873,-0.161809,-0.42148,0.022156,-0.162761,-0.098579,-0.112793,-0.176758,8
1,6,1.605052,-0.961441,0.466962,-0.159815,0.017909,-0.052794,-0.202158,-0.155547,-0.283838,-0.191212,0.096109,0.193174,8
3,9,0.751004,-0.677148,0.373045,0.198427,0.301514,-0.064168,-0.314526,-0.040629,-0.178562,-0.105424,0.135719,-0.073248,8
45,11,0.457155,-1.055168,0.810352,0.036068,0.480364,-0.207984,-0.411533,0.06333,-0.236606,-0.101537,-0.037402,-0.234277,8
28,3,0.688952,-0.464085,0.376711,-0.756586,0.025754,-0.235441,-0.150609,0.200947,-0.200416,-0.237241,-0.108036,0.08171,8
23,4,1.624268,-0.675241,0.003849,-0.711855,0.04976,-0.279343,-0.284794,0.212428,-0.164345,-0.31653,-0.040859,0.151772,8
30,6,0.534052,-0.693025,0.239334,-0.448926,0.353862,-0.153698,-0.241847,-0.034475,-0.365859,-0.256012,-0.011334,0.071584,8
10,1,0.969274,-0.364676,0.12963,-0.666811,-0.011758,-0.371159,0.034597,0.044426,-0.144268,-0.290304,-0.059249,0.31132,8
3,7,0.867088,-0.647282,0.053707,0.051859,0.159078,-0.01247,-0.265087,-0.110992,-0.211665,-0.27409,0.130891,0.195969,8
26,5,0.691811,-0.687683,0.277027,-0.491653,0.348836,-0.125422,-0.262955,-0.016346,-0.456138,-0.233645,0.043436,0.01873,8
33,4,1.011388,-0.52186,0.082848,-0.655165,0.257839,-0.316972,-0.284096,0.193408,-0.269307,-0.298961,-0.037109,0.110915,8
3,10,0.457284,-0.444973,0.078389,0.317342,0.342656,-0.345076,0.006414,-0.324766,-0.034416,-0.13565,-0.003748,0.047564,8
25,6,0.955386,-0.795019,0.16065,-0.754539,0.148107,-0.286619,-0.256452,0.148791,-0.223452,-0.289342,-0.07017,0.305268,8
49,10,0.756703,-0.974209,0.437328,-0.265735,0.485688,-0.112806,-0.471507,-0.036089,-0.315615,-0.24545,0.002518,0.040806,8
49,2,0.779937,-0.432351,0.419948,-0.840905,0.03791,-0.424833,-0.156616,0.357339,-0.240947,-0.286834,-0.083125,0.126515,8
43,6,0.708648,-0.561408,0.040491,-0.445772,0.323062,-0.246203,-0.169441,0.011281,-0.251644,-0.31835,-0.096279,0.181052,8
19,3,1.190015,-0.620525,0.011236,-0.522727,-0.020879,-0.306658,-0.13667,0.108085,-0.116978,-0.23123,-0.013058,0.25257,8
45,4,0.851114,-0.738134,0.308793,-0.683801,0.149817,-0.24423,-0.272062,0.24831,-0.310303,-0.357772,0.010461,0.146344,8
16,11,0.521288,-0.7502,0.463399,0.299634,0.394445,-0.26061,-0.284837,-0.034639,-0.199125,-0.076713,-0.061174,-0.236276,8
26,1,0.896464,-0.625753,0.124187,-0.732843,0.155286,-0.330206,-0.239375,0.231096,-0.218198,-0.234208,-0.089643,0.054514,8
41,3,0.926432,-0.54694,0.187978,-0.777113,0.238491,-0.341076,-0.310667,0.272551,-0.206367,-0.274743,-0.099758,0.096824,8
22,9,0.53257,-0.383949,0.257215,-0.066718,0.341945,-0.250504,-0.199565,-0.188685,-0.26884,-0.098243,0.117419,0.022794,8
40,11,0.326063,-0.485905,0.373815,0.030863,0.472809,-0.289201,-0.132798,-0.125063,-0.263246,-0.100541,0.00943,-0.125036,8
5,4,1.262638,-0.83964,0.153171,-0.49621,0.17846,-0.150118,-0.300885,0.030451,-0.17971,-0.267081,0.018346,0.285973,8
7,11,0.413886,-0.670823,0.598661,0.264385,0.394685,-0.268338,-0.196369,-0.017096,-0.080087,-0.113479,-0.00552,-0.105424,8
27,4,0.984596,-0.428884,0.001339,-0.547717,0.20856,-0.278472,-0.19485,0.138913,-0.222293,-0.308022,-0.037807,0.125868,8
36,2,0.788819,-0.523184,0.395766,-0.808756,-0.141411,-0.327682,-0.049996,0.308274,-0.336108,-0.19799,0.112511,0.01451,8
16,3,1.023581,-0.470103,0.167617,-0.499057,0.192097,-0.141946,-0.19984,0.048451,-0.146316,-0.287913,-0.034024,0.247729,8
40,5,0.648483,-0.11986,-0.185897,-0.317967,0.131438,-0.285356,-0.055436,-0.005498,-0.229405,-0.369993,0.104349,0.135923,8
39,11,0.499599,-0.590056,0.600711,0.017586,0.584267,-0.344538,-0.256748,-0.005656,-0.273229,-0.072862,-0.105132,-0.161327,8
19,9,0.63163,-0.873815,0.474912,-0.303054,0.421778,-0.227369,-0.355637,-0.038151,-0.418463,-0.162983,0.094979,0.027891,8
43,10,0.630692,-0.881972,0.452314,-0.125678,0.450756,-0.158574,-0.336937,-0.073797,-0.299044,-0.102647,0.026103,-0.053817,8
35,13,1.051319,-1.055364,0.700428,0.080839,0.423615,-0.198769,-0.424288,0.072525,-0.249115,-0.195925,-0.00437,-0.194175,8
14,6,0.889008,-0.768062,0.236824,-0.407866,0.112706,-0.045388,-0.171424,-0.097543,-0.307169,-0.231878,0.098538,0.155833,8
28,13,0.552163,-0.845234,0.768794,0.234224,0.46724,-0.373092,-0.296484,0.069195,-0.173456,-0.140685,-0.158477,-0.148299,8
6,6,0.963146,-0.508952,0.004533,-0.224122,0.237432,-0.071491,-0.221183,-0.081282,-0.239625,-0.20945,0.144047,0.184706,8
21,6,0.899315,-0.156226,-0.023507,-0.523197,0.249811,-0.309924,-0.07137,0.034689,-0.148932,-0.391675,-0.011254,0.189506,8
18,6,0.872092,-0.48677,0.209635,-0.226771,0.500801,-0.224348,-0.278368,-0.142849,-0.427628,-0.127247,0.014341,0.058567,8
24,8,1.097148,-0.042286,0.026546,-0.396601,0.387769,-0.344681,-0.165569,-0.053906,-0.353182,-0.207423,0.046531,0.142942,8
10,12,0.54794,-0.872038,0.707025,0.150175,0.513844,-0.306331,-0.293179,0.005773,-0.202389,-0.087517,-0.108747,-0.148609,8
44,4,0.791114,-0.24068,0.145468,-0.792954,0.259603,-0.52549,-0.140102,0.26565,-0.373396,-0.17674,-0.005638,0.202649,8
3,1,0.721666,0.235287,-0.208294,-0.411741,0.21681,-0.439879,0.082024,0.144196,0.035029,-0.120504,-0.145034,0.202483,8
17,2,0.79986,-0.29742,0.375345,-0.634866,0.116907,-0.280551,-0.167219,0.212211,-0.228002,-0.308825,-0.140753,0.093818,8
12,6,0.944488,0.021664,0.051468,-0.349153,0.117581,-0.106549,-0.141978,-0.142687,-0.184815,-0.434877,0.134325,0.12661,8
34,6,1.048246,-0.841731,0.207537,-0.566449,0.273492,-0.142913,-0.294295,0.083475,-0.251017,-0.336836,-0.083581,0.178069,8
7,1,1.143498,-0.361135,-0.124295,-0.379185,-0.034705,-0.240781,-0.151081,-0.126025,0.064511,-0.441348,-0.082317,0.254554,8
26,6,0.668281,-0.597938,0.221187,-0.329639,0.288087,-0.029749,-0.321278,0.002748,-0.337992,-0.368447,0.052522,0.079557,8
20,15,0.299449,-0.726452,0.753356,0.187075,0.480183,-0.28384,-0.195607,0.067619,-0.213755,-0.06118,-0.065874,-0.165533,8
7,9,0.604085,-0.63522,0.487046,0.001986,0.418818,-0.216257,-0.222371,-0.053391,-0.211792,-0.120995,0.045489,-0.01057,8
1,7,1.400783,-0.882064,0.40819,-0.034274,0.127891,-0.053035,-0.23921,-0.168345,-0.271236,-0.184067,0.122218,0.114415,8
10,12,0.374844,-0.653992,0.516352,0.340906,0.431532,-0.306088,-0.217432,-0.06265,-0.082258,-0.156545,-0.079391,-0.127206,8
33,1,1.286509,-0.630752,0.333444,-0.881951,0.047529,-0.331909,-0.36377,0.379842,-0.139904,-0.324735,-0.029957,0.116385,8
36,14,0.710901,-0.767577,0.722215,0.089193,0.43785,-0.239232,-0.283235,-0.076893,-0.203108,0.033818,-0.205811,-0.23406,8
10,4,0.897577,-0.249662,0.07467,-0.417746,0.04543,-0.157207,0.017971,-0.091122,-0.15754,-0.372404,0.096023,0.251207,8
9,10,0.769326,-0.709437,0.6836,-0.035297,0.404906,-0.254653,-0.462621,-0.025326,-0.185458,-0.191134,-0.009209,-0.061779,8
21,10,0.768108,-0.391182,0.222314,-0.134586,0.296056,-0.215055,-0.114586,-0.13883,-0.290513,-0.252199,0.116181,0.103403,8
6,8,0.838214,-0.446599,0.01438,-0.056886,0.263783,-0.104674,-0.195026,-0.165227,-0.317929,-0.174387,0.171539,0.082731,8
27,6,0.888178,-0.490761,0.091969,-0.387226,0.359129,-0.23522,-0.194669,-0.021458,-0.271275,-0.24832,-0.071236,0.16878,8
17,14,0.091064,-0.644922,0.640095,0.209932,0.490601,-0.324094,-0.214029,-0.051435,-0.156583,-0.095146,-0.118927,-0.152355,8
29,5,0.894882,-0.43285,0.171144,-0.359253,0.391847,-0.127953,-0.208425,-0.100911,-0.307572,-0.304851,-0.031655,0.14935,8
27,13,0.263119,-0.743973,0.748144,0.22037,0.427044,-0.323254,-0.245723,-0.02043,-0.175814,-0.113563,-0.128714,-0.175161,8
6,3,0.829805,-0.395419,0.103162,-0.654274,0.087924,-0.355243,-0.047917,0.098646,-0.220076,-0.259424,0.139494,0.317915,8
50,8,0.865279,-0.63749,0.476098,-0.041099,0.366192,-0.132646,-0.314008,-0.14673,-0.297752,-0.157505,0.076803,0.036896,8
50,10,0.438339,-0.529335,0.538732,0.129324,0.540209,-0.319069,-0.258783,-0.09557,-0.156015,-0.106553,-0.139055,-0.114079,8
12,10,0.78851,-0.60135,0.481088,0.025668,0.173752,-0.071272,-0.311956,-0.098422,-0.312086,-0.246627,0.108032,-0.005922,8
32,11,0.538333,-0.915531,0.548062,0.079172,0.455427,-0.220661,-0.353472,-0.02108,-0.230285,-0.148114,-0.021342,-0.116315,8
22,4,0.825638,-0.408091,0.258278,-0.426607,-0.075023,-0.314882,0.082121,-0.053986,-0.284823,-0.217375,0.09203,0.234023,8
2,11,0.259295,-0.26288,0.480965,0.496715,0.232354,-0.258511,-0.04059,-0.231517,0.062617,-0.214006,0.008482,-0.169151,8
4,4,1.062671,-0.739196,0.324149,-0.43086,0.066236,-0.143732,-0.161147,0.001415,-0.264603,-0.239675,0.086937,0.214657,8
17,12,0.280801,-0.650537,0.487338,0.071168,0.522616,-0.317617,-0.23466,-0.051306,-0.198086,-0.096485,-0.032645,-0.115008,8
27,12,0.356485,-0.769794,0.650092,0.16231,0.440233,-0.27985,-0.243399,-0.028389,-0.195102,-0.121227,-0.08697,-0.140156,8
11,2,0.453363,-0.341712,0.222406,-0.415363,0.284311,-0.225532,-0.098502,0.020227,-0.354424,-0.269377,0.119023,0.165803,8
15,11,0.74233,-0.742237,0.443366,-0.006858,0.275187,-0.325217,-0.172753,-0.17064,-0.301589,-0.059569,-0.043789,-0.040624,8
29,12,0.252574,-0.881375,0.92887,0.307709,0.453427,-0.234936,-0.32631,0.10616,-0.161998,-0.131418,-0.109695,-0.238327,8
19,11,0.643923,-1.017802,0.630921,-0.055323,0.474475,-0.24304,-0.371961,0.006409,-0.296385,-0.091764,-0.032711,-0.176739,8
33,6,0.782781,-0.61866,0.349532,-0.519384,0.361137,-0.126622,-0.342555,0.04755,-0.369266,-0.271517,0.010962,0.061517,8
14,12,0.533309,-0.716661,0.606951,0.122611,0.370197,-0.333454,-0.276466,-0.050527,-0.124835,-0.095035,-0.109955,-0.127282,8
48,5,0.979249,-0.519406,0.162978,-0.497113,0.168457,-0.143098,-0.184155,-0.038659,-0.213954,-0.315256,-0.065345,0.22684,8
11,6,0.210279,-0.583662,0.324747,0.011394,0.273005,-0.324302,-0.222534,-0.156382,-0.282554,-0.169544,0.052956,-0.072417,8
26,9,0.375022,-0.924132,0.521445,-0.062815,0.473783,-0.186336,-0.302678,0.035153,-0.368275,-0.186045,0.050306,-0.128091,8
6,1,1.051467,-0.597433,0.216315,-0.734126,0.025783,-0.356154,-0.120465,0.24268,-0.134407,-0.220914,-0.129993,0.281802,8
15,3,0.982187,-0.420907,0.230391,-0.560229,0.426113,-0.219972,-0.299498,0.124525,-0.182352,-0.221575,-0.010735,0.177889,8
12,7,0.976549,-0.715959,0.243116,-0.273818,0.294622,-0.125981,-0.247304,-0.107832,-0.354736,-0.183461,0.072322,0.05578,8
30,9,0.958967,-0.730518,0.253243,-0.383876,0.249419,-0.239547,-0.195921,-0.07243,-0.281601,-0.27721,-0.079054,0.269412,8
23,7,1.043972,-0.37308,-0.077761,0.176354,-0.010896,-0.08205,-0.144431,-0.273378,-0.14926,-0.330165,0.160352,0.162969,8
28,12,0.451885,-0.743143,0.458669,-0.161289,0.535402,-0.141278,-0.304005,-0.021396,-0.359455,-0.189863,0.036466,-0.068928,8
43,15,0.210223,-0.899351,0.999603,0.206284,0.406545,-0.274797,-0.339736,0.09961,-0.200277,-0.105866,-0.09772,-0.252835,8
42,9,0.868908,-0.514591,0.174277,-0.155966,0.705181,-0.187908,-0.379289,-0.091065,-0.247266,-0.150792,-0.067372,0.000605,8
50,9,0.748962,-0.657967,0.552004,0.037497,0.436192,-0.196937,-0.309416,-0.099485,-0.189059,-0.137579,-0.039682,-0.069629,8
29,5,1.078083,-0.258014,-0.083907,-0.336819,0.119523,-0.338294,0.072311,0.028483,-0.367777,-0.313926,-0.014915,0.191844,8
4,6,1.182681,-0.52227,0.417836,-0.211133,0.100671,-0.025606,-0.21506,-0.155442,-0.264114,-0.188372,0.207972,0.168324,8
17,8,0.904396,-0.535918,0.187256,0.082717,0.240351,-0.230591,-0.176226,-0.211975,-0.266285,-0.204977,0.073521,0.096926,8
26,2,1.150783,-0.545109,0.172206,-0.545743,0.008802,-0.174162,-0.299708,0.126675,-0.10448,-0.379432,-0.089634,0.135151,8
17,3,0.918644,-0.238177,0.235283,-0.546473,0.189836,-0.274866,-0.136502,0.086421,-0.277636,-0.304534,-0.093206,0.102347,8
13,14,0.659561,-0.765078,0.46909,0.207421,0.331399,-0.130388,-0.30838,-0.099456,-0.250582,-0.071127,0.019999,-0.229974,8
10,8,0.628417,-0.801462,0.436716,-0.042008,0.407043,-0.278703,-0.285476,-0.141021,-0.282813,-0.160521,-0.059482,-0.006493,8
25,1,1.008538,-0.460474,0.182627,-0.904271,0.221828,-0.31618,-0.275622,0.23303,-0.215589,-0.243944,-0.154038,0.089599,8
44,6,0.851581,-0.120852,-0.040594,-0.49664,0.335529,-0.481542,-0.124506,0.095091,-0.388789,-0.202404,-0.00134,0.205402,8
28,8,0.67032,-0.653404,0.334003,-0.578136,0.291071,-0.107048,-0.26422,-0.0418,-0.39756,-0.205382,0.046122,0.036974,8
17,2,1.191945,-0.706248,0.213192,-0.754806,0.119191,-0.219042,-0.298022,0.186983,-0.189745,-0.302322,-0.030871,0.162433,8
40,6,0.628044,-0.188423,-0.151375,-0.306911,0.212921,-0.273646,-0.089976,-0.048981,-0.263651,-0.316783,0.064041,0.137124,8
33,8,1.102685,-0.736505,0.162298,-0.165102,0.354815,-0.156816,-0.241995,-0.127568,-0.403678,-0.182301,0.023712,-0.000838,8
30,1,1.197129,-0.682869,0.408894,-0.813699,0.019754,-0.236907,-0.334953,0.312461,-0.145452,-0.347309,-0.073475,0.109131,8
29,1,1.301832,-0.508461,-0.065884,-0.501713,0.123752,-0.304677,-0.025088,0.091042,-0.078845,-0.298993,-0.180198,0.224709,8
4,5,0.871541,-0.751825,0.32621,-0.409755,0.217322,-0.111241,-0.168879,-0.061916,-0.323657,-0.234101,0.089543,0.206375,8
18,2,1.096155,-0.36039,0.028265,-0.488987,0.299779,-0.401874,-0.130937,0.063899,-0.324663,-0.260696,-0.076979,0.25699,8
20,12,0.408898,-0.652347,0.490102,0.173763,0.457854,-0.402623,-0.214963,-0.021647,-0.15676,-0.145943,-0.118812,-0.149072,8
29,2,0.862243,0.067616,-0.103588,-0.467376,-0.067433,-0.434537,0.083611,0.102656,-0.144922,-0.359618,0.121776,0.116626,8
9,1,1.359637,-0.748816,0.373181,-0.663813,0.072764,-0.141561,-0.316739,0.169656,-0.133886,-0.325635,-0.074887,0.23313,8
23,3,1.033089,-0.108233,-0.17526,-0.162136,-0.116451,-0.08033,-0.009132,-0.184081,-0.059322,-0.4277,0.054202,0.171758,8
10,6,0.650033,-0.207099,0.191902,-0.238335,0.117789,-0.241481,-0.046712,-0.189504,-0.2441,-0.281479,0.241175,0.126172,8
9,6,0.957232,-0.641546,0.419506,-0.289881,0.296571,-0.064077,-0.211898,-0.130445,-0.316441,-0.234355,0.030355,0.182004,8
32,5,0.728989,-0.359584,-0.019043,-0.388101,0.125446,-0.168286,-0.116844,-0.09255,-0.199497,-0.358934,0.008447,0.219035,8
23,13,0.713698,-0.6325,0.481474,0.414602,0.258193,-0.174363,-0.326191,-0.052785,-0.102443,-0.173283,-0.030164,-0.20231,8
34,10,0.810356,-0.736179,0.274925,-0.214224,0.405941,-0.16145,-0.303959,-0.147343,-0.272751,-0.190454,-0.006102,0.046544,8
50,2,0.817452,-0.536583,0.280777,-0.725442,0.087161,-0.348724,-0.198945,0.312342,-0.277551,-0.294014,0.055392,0.12976,8
38,12,1.119387,-0.892008,0.29789,-0.17695,0.315081,-0.141244,-0.287901,-0.143331,-0.293282,-0.179107,-0.042881,0.041556,8
16,9,0.715125,-0.340977,0.268611,0.072786,0.398086,-0.26029,-0.151803,-0.133141,-0.213605,-0.163571,0.027671,-0.007884,8
14,13,0.354194,-0.884847,0.868858,0.158877,0.440041,-0.26776,-0.28911,0.064374,-0.216401,-0.098945,-0.103983,-0.251912,8
20,3,0.889634,-0.363506,0.255204,-0.599926,0.160799,-0.279192,-0.117226,0.066625,-0.257367,-0.183064,-0.053532,0.121656,8
13,9,0.693624,-0.567867,0.200173,-0.178465,0.311173,-0.097065,-0.391238,-0.10396,-0.273589,-0.175548,0.065686,-0.03065,8
30,3,0.869252,-0.397277,0.340346,-0.704064,0.210452,-0.178098,-0.30267,0.217504,-0.225467,-0.371262,-0.0723,0.136864,8
37,3,1.377161,-0.383738,0.305007,-0.39234,0.033842,-0.242134,-0.131963,0.024909,-0.375569,-0.240765,0.05628,0.124692,8
24,12,0.450301,-0.809301,0.704242,0.058222,0.539836,-0.256695,-0.409528,0.021737,-0.196466,-0.140717,-0.07938,-0.228411,8
17,10,0.722664,-0.835989,0.512826,0.075278,0.401328,-0.202141,-0.31638,-0.052621,-0.28377,-0.183679,0.000375,-0.057271,8
6,9,0.867246,-0.558217,0.117175,0.021942,0.209093,-0.115262,-0.240534,-0.147236,-0.316044,-0.155344,0.134535,0.025172,8
14,6,1.035279,-0.884568,0.348895,-0.299111,0.385881,-0.126939,-0.308745,-0.079049,-0.321586,-0.174871,-0.025724,0.102494,8
49,8,0.595278,-0.737017,0.367444,-0.445596,0.392505,-0.186972,-0.289586,0.06901,-0.408546,-0.345992,-0.011272,0.116907,8
24,8,0.69477,-0.897063,0.307998,-0.113879,0.448485,-0.162016,-0.437836,-0.13181,-0.247224,-0.197131,-0.008319,0.013839,8
35,11,0.956233,-1.031046,0.546362,-0.160888,0.454571,-0.105282,-0.488839,0.034274,-0.314372,-0.224955,0.121925,-0.095607,8
32,7,0.774456,-0.572596,0.133722,-0.266677,0.191998,-0.057858,-0.201774,-0.138593,-0.325392,-0.289868,0.054041,0.114529,8
20,8,0.583588,-0.462711,0.276162,-0.189363,0.268296,-0.174957,-0.143479,-0.169025,-0.362354,-0.164935,0.127324,0.011324,8
37,8,0.83187,-0.573052,1.002348,-0.114377,0.417083,-0.281513,-0.392337,0.088636,-0.383794,-0.126044,0.054994,-0.232552,8
43,5,0.676484,-0.449316,-0.076714,-0.448661,0.289849,-0.317023,-0.071498,0.028839,-0.23103,-0.33897,-0.128208,0.188242,8
46,4,0.821248,-0.466933,0.291751,-0.584621,0.398558,-0.251416,-0.264337,0.139652,-0.384726,-0.336788,-0.075671,0.091359,8
29,10,1.091207,-0.818071,0.43592,0.003342,0.374537,-0.150075,-0.206683,-0.136278,-0.381615,-0.041635,0.018898,-0.071995,8
4,3,1.175979,-0.775539,0.329546,-0.57754,-0.007876,-0.171347,-0.194107,0.084402,-0.236377,-0.24491,0.096096,0.227011,8
39,13,0.395912,-0.49261,0.591506,0.127147,0.601615,-0.381147,-0.254354,-0.037007,-0.197252,-0.069635,-0.1556,-0.181482,8
41,13,0.633144,-1.047234,0.750513,0.283156,0.438401,-0.222609,-0.362836,0.054216,-0.167271,-0.118124,-0.095781,-0.228216,8
49,9,0.673194,-0.880893,0.39299,-0.404284,0.462557,-0.131513,-0.380875,0.029486,-0.403348,-0.311479,0.005144,0.083417,8
43,2,0.734023,-0.407203,0.065547,-0.562755,0.068123,-0.413194,-0.058524,0.173409,-0.110159,-0.273077,-0.124098,0.187588,8
25,5,0.714359,-0.49442,0.185901,-0.485637,0.368872,-0.194504,-0.222628,-0.04891,-0.320882,-0.272761,-0.041194,0.139571,8
4,3,1.432559,-0.448778,0.164335,-0.363768,-0.108872,-0.156599,-0.120266,0.004455,-0.225208,-0.276139,0.181958,0.310171,8
31,3,0.824872,-0.61424,0.335373,-0.77204,0.224015,-0.209484,-0.380997,0.293268,-0.254457,-0.370896,-0.025677,0.061446,8
47,5,1.023712,-0.307662,-0.005157,-0.433125,0.251789,-0.253875,-0.149788,0.031022,-0.256298,-0.25959,-0.13305,0.090762,8
35,7,1.154679,-0.39806,0.091685,-0.582504,0.391504,-0.15765,-0.331538,0.097586,-0.336749,-0.309771,-0.031506,0.040334,8
26,6,0.649027,-0.776062,0.314058,-0.438573,0.352876,-0.12256,-0.257363,-0.036722,-0.501388,-0.235212,0.099906,0.027998,8
17,9,0.771896,-0.667855,0.337232,0.065136,0.357092,-0.193025,-0.268047,-0.119862,-0.272133,-0.196049,0.045467,0.01736,8
23,2,1.107183,-0.131707,-0.160827,-0.307073,-0.048751,-0.203811,-0.081265,-0.05641,-0.020009,-0.318215,0.027043,0.198204,8
23,1,1.313472,-0.872475,0.230029,-0.653993,-0.173269,-0.21181,-0.296081,0.235216,0.063464,-0.321165,-0.089361,0.160213,8
6,7,0.542239,-0.237843,0.27743,-0.08423,0.361954,-0.219487,-0.142767,-0.227791,-0.228369,-0.131208,0.106598,0.011885,8
31,13,0.494638,-0.878986,0.703721,-0.019105,0.468092,-0.215844,-0.319435,0.031004,-0.29045,-0.107629,0.013395,-0.134645,8
27,4,1.030104,-0.771076,0.211543,-0.760015,0.144125,-0.231225,-0.298034,0.206264,-0.22499,-0.303281,-0.074048,0.121684,8
1,5,0.588785,-0.353828,0.099177,-0.155802,0.284266,-0.140318,-0.137679,-0.233045,-0.128836,-0.206589,0.1658,0.128068,8
8,7,0.582352,-0.561361,0.364568,-0.294898,0.333963,-0.1171,-0.132395,-0.180846,-0.245969,-0.208984,0.048105,0.231351,8
1,2,0.83423,-0.410407,0.07598,-0.347517,0.137446,-0.202531,-0.102925,-0.001504,-0.110739,-0.282265,0.01359,0.268328,8
40,1,0.762565,-0.280218,-0.083535,-0.467963,-0.078846,-0.358635,-0.028063,0.198109,-0.124118,-0.251351,0.104082,0.08959,8
21,8,0.267508,-0.501878,0.122299,0.056365,0.202723,-0.217858,-0.254139,-0.071512,-0.293256,-0.259605,0.058105,-0.069273,8
13,1,1.678449,-0.312888,0.10331,-0.662141,-0.092768,-0.256991,-0.110225,0.119638,-0.125574,-0.277348,-0.099477,0.168583,8
3,11,0.506712,-0.713967,0.445528,0.37869,0.446406,-0.260857,-0.18553,0.086674,-0.115355,-0.079922,-0.021231,-0.174595,8
23,9,1.035338,-0.8027,0.324759,-0.3723,0.420864,-0.130362,-0.347666,-0.09685,-0.420851,-0.156863,0.041717,0.059774,8
20,13,0.39324,-0.518779,0.529595,0.083489,0.491686,-0.268245,-0.194227,-0.063839,-0.264179,-0.017438,0.028188,-0.146357,8
22,6,0.719397,-0.219536,0.056431,-0.29434,0.086795,-0.294152,-0.002651,-0.091836,-0.376195,-0.254973,0.136358,0.14608,8
26,10,0.366952,-0.972844,0.620628,0.020328,0.492045,-0.215911,-0.334186,0.069007,-0.315489,-0.184216,-0.010922,-0.189362,8
7,10,0.250403,-0.835168,0.446528,0.3038,0.434233,-0.229936,-0.356658,-0.023269,-0.14514,-0.158884,-0.051122,-0.158827,8
13,16,0.575839,-0.805056,0.586663,0.299939,0.314033,-0.144642,-0.315965,-0.052718,-0.243587,-0.080001,-0.043917,-0.284836,8
29,8,0.781772,-0.866268,0.45477,-0.037587,0.453079,-0.157781,-0.348618,-0.072572,-0.256097,-0.156911,-0.006654,-0.031069,8
3,4,1.011884,-0.324358,-0.22588,0.086718,0.131411,-0.404086,0.152734,-0.059206,-0.123932,-0.199639,-0.115611,0.266202,8
10,6,0.749818,-0.769852,0.377201,-0.139117,0.318879,-0.164549,-0.237715,-0.128088,-0.353552,-0.213997,0.030339,0.039059,8
21,4,1.249037,-0.31599,0.190332,-0.731726,0.138371,-0.360691,-0.09542,0.244188,-0.172321,-0.299609,-0.076533,0.225249,8
25,7,0.519316,-0.563755,0.250436,-0.347746,0.442703,-0.220175,-0.249786,-0.115519,-0.383322,-0.242722,0.025234,0.09575,8
13,15,0.678594,-0.845652,0.551466,0.24329,0.32127,-0.119874,-0.308431,-0.080166,-0.252868,-0.074628,-0.004683,-0.264628,8
39,7,0.668734,-0.584536,0.346875,-0.413623,0.468103,-0.231687,-0.197915,-0.072932,-0.523282,-0.131255,0.070746,-0.003044,8
19,11,1.026342,-0.785179,0.461673,0.099824,0.387659,-0.207881,-0.269206,-0.100509,-0.182074,-0.04285,-0.039475,-0.078917,8
46,6,0.673893,-0.782454,0.360615,-0.431759,0.447749,-0.14888,-0.328965,-0.038576,-0.452286,-0.224233,0.061003,0.055807,8
9,9,0.762301,-0.668319,0.585452,-0.06277,0.360137,-0.246704,-0.408071,-0.038145,-0.212687,-0.220664,0.026003,-0.041223,8
26,9,0.596572,-0.818353,0.45786,-0.121926,0.424296,-0.122863,-0.426903,-0.051494,-0.295865,-0.241185,0.048231,-0.027121,8
3,6,0.859763,-0.591351,0.038824,-0.033742,0.090371,-0.00019,-0.245701,-0.121737,-0.196459,-0.336966,0.154604,0.261718,8
28,15,0.360493,-0.842858,0.82737,0.272488,0.498879,-0.400894,-0.246759,0.118633,-0.184098,-0.107692,-0.17868,-0.159316,8
30,6,1.495648,-0.828315,0.245878,-0.703722,-0.117195,-0.212175,-0.176897,0.185148,-0.14332,-0.354377,-0.116093,0.252599,8
32,8,0.761115,-0.707723,0.23523,-0.200946,0.248081,-0.125869,-0.255833,-0.134397,-0.33658,-0.22868,0.06777,0.05655,8
36,6,0.926051,-0.490726,0.234262,-0.535442,0.147689,-0.237248,-0.093809,0.057465,-0.401144,-0.272928,0.028129,0.166239,8
43,3,0.680597,-0.431699,0.023925,-0.518921,0.111143,-0.381007,-0.038973,0.106274,-0.140122,-0.300866,-0.121782,0.213682,8
31,4,0.831809,-0.711117,0.332288,-0.756183,0.238387,-0.17997,-0.383185,0.277363,-0.276761,-0.392934,-0.024963,0.069372,8
24,11,0.566249,-0.762517,0.645594,0.026544,0.564444,-0.238844,-0.444768,0.002377,-0.17643,-0.14233,-0.053195,-0.182703,8
42,13,0.616877,-0.917966,0.935298,0.206908,0.461858,-0.201077,-0.333974,0.067893,-0.187939,-0.11975,-0.108283,-0.220187,8
25,3,1.150267,-0.916947,0.316077,-0.860108,-0.080945,-0.267082,-0.245547,0.284532,-0.152166,-0.27775,-0.056403,0.200274,8
26,2,0.886027,-0.638243,0.162321,-0.705181,0.189444,-0.262134,-0.252354,0.177687,-0.284119,-0.242483,-0.052906,0.039829,8
43,7,0.768042,-0.672852,0.12804,-0.382456,0.354378,-0.179323,-0.243812,-0.060068,-0.288277,-0.247722,-0.030467,0.138253,8
13,13,0.639662,-0.622501,0.55437,-0.007604,0.487465,-0.234431,-0.275986,-0.034865,-0.301107,-0.075302,0.063246,-0.096606,8
23,1,1.043195,-0.137942,-0.168679,-0.357687,-0.107546,-0.266301,-0.066007,-0.044364,0.075076,-0.32277,0.019178,0.221012,8
12,6,0.912837,-0.704882,0.247338,-0.444144,0.29093,-0.155465,-0.25532,-0.042295,-0.342143,-0.20788,0.072134,0.143565,8
14,2,1.570117,-0.964288,0.262499,-0.584545,-0.035579,-0.094203,-0.292398,0.127796,-0.089684,-0.275155,0.005583,0.241868,8
8,4,0.740888,-0.653089,0.174636,-0.551423,0.246383,-0.168153,-0.175854,-0.098773,-0.315175,-0.176116,0.045027,0.175069,8
25,2,1.308104,-0.98207,0.347637,-0.847491,-0.163398,-0.24642,-0.256869,0.289691,-0.091464,-0.266877,-0.069228,0.182572,8
38,5,1.293571,-0.977092,0.313004,-0.702283,-0.070996,-0.16917,-0.330959,0.18031,-0.04204,-0.247611,-0.104065,0.105512,8
10,7,0.573688,-0.218488,0.109532,-0.120445,0.296251,-0.301299,-0.109288,-0.200537,-0.204732,-0.251344,0.185244,0.088944,8
47,4,1.051197,-0.273869,-0.019875,-0.450651,0.182797,-0.287355,-0.13546,0.069886,-0.223961,-0.247234,-0.124345,0.081436,8
17,3,1.23305,-0.71257,0.187809,-0.763419,0.182967,-0.196322,-0.295161,0.158155,-0.246971,-0.291022,-0.000424,0.183891,8
13,6,1.095539,-0.613558,0.161461,-0.486015,0.328893,-0.222434,-0.341443,0.057657,-0.330883,-0.283414,0.061748,0.177153,8
22,8,0.749709,-0.503028,0.379863,-0.548651,0.327222,-0.055698,-0.365519,0.069337,-0.316691,-0.340317,0.043797,0.081128,8
17,7,0.764801,-0.514003,0.097644,-0.351306,0.370457,-0.159925,-0.159664,-0.202384,-0.29363,-0.203746,0.034141,0.164135,8
37,9,0.87688,-0.709424,1.128259,-0.0029,0.382131,-0.282177,-0.426073,0.112074,-0.337416,-0.158659,0.005249,-0.252302,8
20,4,0.79766,-0.401669,0.21454,-0.524417,0.191274,-0.229223,-0.058449,-0.026065,-0.326908,-0.204357,0.021861,0.119551,8
28,4,0.681923,-0.454946,0.311503,-0.683692,0.14883,-0.217003,-0.183069,0.186771,-0.251013,-0.307756,-0.097993,0.095364,8
15,9,0.773092,-0.67035,0.528624,-0.098354,0.167034,-0.206373,-0.10612,-0.20901,-0.363433,-0.068005,0.047906,0.05056,8
20,10,0.489873,-0.639665,0.353678,0.019204,0.451936,-0.295195,-0.186876,-0.085678,-0.221747,-0.146804,-0.009909,-0.050989,8
19,5,0.891006,-0.620493,0.322803,-0.603175,0.265922,-0.190127,-0.380371,0.090311,-0.257038,-0.264649,-0.000992,0.088246,8
38,8,1.035338,-0.700529,0.264183,-0.664379,0.150923,-0.198898,-0.284941,0.136905,-0.232221,-0.253445,-0.03432,0.115337,8
3,4,1.010333,-0.470597,-0.201013,-0.178735,0.004235,-0.129663,-0.015588,-0.157725,0.028466,-0.43857,0.032526,0.299579,8
22,13,0.305503,-0.762307,0.717596,0.251788,0.411543,-0.317632,-0.137609,0.005787,-0.174188,-0.075093,-0.163258,-0.169543,8
11,8,0.296015,-0.740383,0.692591,0.101374,0.427038,-0.408935,-0.382229,-0.00257,-0.194707,-0.106289,-0.071456,-0.129281,8
32,3,0.696713,-0.507681,0.091526,-0.554693,0.006086,-0.242009,-0.12746,0.094528,-0.167721,-0.286332,0.002824,0.150098,8
29,7,0.825928,-0.730321,0.333834,-0.190531,0.407241,-0.154369,-0.303997,-0.118653,-0.314994,-0.202204,0.005294,0.051367,8
4,4,1.417883,-0.502019,0.256865,-0.382978,-0.019899,-0.10395,-0.160465,-0.011351,-0.19463,-0.32199,0.156723,0.371658,8
30,9,0.774573,-0.513854,0.445529,-0.238474,0.51238,-0.170454,-0.286076,-0.054175,-0.414063,-0.173397,0.090394,0.008793,8
49,11,0.737374,-1.010952,0.530956,-0.109952,0.52186,-0.109429,-0.530916,-0.0465,-0.22414,-0.184383,0.002457,-0.033051,8
38,4,1.439534,-1.000657,0.405375,-0.740478,-0.16866,-0.148207,-0.333198,0.197626,-0.02308,-0.252854,-0.080958,0.116677,8
4,7,0.698367,-0.633046,0.379674,-0.284547,0.341935,-0.120182,-0.183373,-0.166722,-0.35259,-0.134187,0.123211,0.086448,8
22,10,0.608934,-0.629675,0.505399,-0.438946,0.483409,-0.056098,-0.511271,-0.006741,-0.336031,-0.206977,0.145535,0.002712,8
45,6,0.786376,-0.804914,0.354487,-0.501211,0.341551,-0.18646,-0.339805,0.107098,-0.377582,-0.324327,0.016139,0.118263,8
10,9,0.580776,-0.452626,0.185256,0.145777,0.245552,-0.269757,-0.158097,-0.237367,-0.102894,-0.199682,0.090886,-0.04166,8
32,2,0.852769,-0.620228,0.128649,-0.650651,-0.029699,-0.223279,-0.169279,0.202047,-0.125043,-0.286668,0.030752,0.142384,8
15,8,0.579305,-0.279506,0.164691,0.004058,0.54747,-0.281272,-0.222132,-0.139516,-0.218198,-0.185204,0.089377,-0.003331,8
11,1,0.721106,-0.444963,0.328532,-0.516584,0.188134,-0.230078,-0.122697,0.125137,-0.30548,-0.248238,0.157909,0.211436,8
8,5,0.935451,-0.565152,0.358324,-0.434535,0.16044,-0.049931,-0.185539,-0.08448,-0.263359,-0.25583,0.067386,0.248328,8
25,8,0.658285,-0.798622,0.178842,-0.550216,0.301973,-0.248368,-0.259289,0.035626,-0.273243,-0.321934,-0.048083,0.258435,8
48,6,0.851729,-0.408562,0.08247,-0.460107,0.233964,-0.236266,-0.176494,-0.103029,-0.153511,-0.294428,-0.071246,0.237335,8
47,11,0.679694,-0.80566,0.469138,0.189642,0.44312,-0.216722,-0.296585,-0.071089,-0.187914,-0.098768,-0.069601,-0.107609,8
16,7,0.866964,-0.257189,0.003414,-0.078187,0.339624,-0.190056,-0.016241,-0.255484,-0.218978,-0.212198,0.00774,0.148896,8
47,7,1.046912,-0.506128,0.068095,-0.301875,0.300678,-0.18529,-0.213332,-0.109877,-0.286392,-0.195772,-0.067615,0.111038,8
13,11,0.629824,-0.444454,0.333964,-0.160752,0.449925,-0.231656,-0.282428,-0.149612,-0.317962,-0.109957,0.060932,-0.022161,8
31,1,1.088272,-0.388112,0.246722,-0.714119,0.099548,-0.349177,-0.269902,0.228311,-0.195171,-0.280973,-0.018263,0.065773,8
17,11,0.707922,-0.983322,0.682785,0.055707,0.416276,-0.206298,-0.375486,-0.009295,-0.261395,-0.16809,-0.037527,-0.125908,8
48,11,0.512721,-0.82144,0.574542,0.10355,0.504068,-0.27794,-0.271993,-0.059534,-0.158363,-0.098473,-0.167466,-0.084415,8
7,5,0.650166,-0.510989,0.223736,-0.217459,0.168943,-0.129562,0.018782,-0.179902,-0.228165,-0.271872,0.126647,0.258453,8
11,12,0.223385,-0.765162,0.49582,0.118716,0.518916,-0.3564,-0.240534,-0.036412,-0.180192,-0.137042,-0.08313,-0.084198,8
28,12,0.610461,-0.750233,0.604682,0.204088,0.455047,-0.332391,-0.267318,-0.008171,-0.171698,-0.121253,-0.121006,-0.128997,8
8,1,0.755699,-0.559079,0.16955,-0.825005,0.246524,-0.304123,-0.180011,0.217173,-0.281124,-0.229754,-0.051638,0.214746,8
49,5,1.091854,-0.575174,0.248843,-0.633949,-0.006297,-0.263302,-0.125239,0.196813,-0.267994,-0.392466,-0.047555,0.163727,8
13,16,0.47199,-0.653191,0.772927,0.069796,0.504372,-0.324977,-0.279104,0.10235,-0.256968,-0.104408,-0.068289,-0.213409,8
31,6,0.803638,-0.669438,0.213376,-0.440263,0.179476,-0.073668,-0.274832,0.044343,-0.311025,-0.307116,-0.00577,0.050561,8
7,11,0.151086,-0.887106,0.565033,0.348468,0.425298,-0.198934,-0.362463,0.011731,-0.174961,-0.148456,-0.063539,-0.229093,8
22,2,1.426666,0.069895,-0.062117,-0.696574,-0.110748,-0.391236,-0.066403,0.222235,-0.213295,-0.169688,-0.037584,-0.004917,8
4,8,1.016237,-0.522784,0.438836,0.023367,0.408879,-0.194784,-0.332336,-0.202368,-0.107885,-0.117559,-0.05457,0.021046,8
50,12,0.40696,-0.677707,0.711026,0.32166,0.411807,-0.28491,-0.216446,-0.066503,-0.124896,-0.085651,-0.158153,-0.15164,8
10,1,1.173963,-0.408162,0.159312,-0.638053,0.178137,-0.257237,-0.184422,0.102059,-0.23796,-0.215006,-0.096734,0.132491,8
16,3,0.770579,-0.444281,0.152131,-0.46956,0.286554,-0.268525,-0.14401,0.02111,-0.298234,-0.270672,-0.084716,0.197727,8
22,6,0.890553,-0.250994,0.171942,-0.499402,0.152367,-0.169854,-0.133417,0.079461,-0.308493,-0.324044,0.022578,0.108315,8
24,3,1.160254,-0.420823,0.050767,-0.591131,-0.100489,-0.342258,-0.158605,0.293647,-0.067857,-0.296172,0.045441,0.11409,8
27,3,0.887841,-0.414394,0.003306,-0.583262,0.154473,-0.31777,-0.192391,0.185339,-0.173352,-0.290663,-0.057705,0.109552,8
38,7,1.114168,-0.625006,0.198183,-0.750069,0.093637,-0.277423,-0.215636,0.158729,-0.20836,-0.210207,-0.085081,0.138927,8
1,5,1.622383,-0.902197,0.332683,-0.075907,-0.093294,-0.017807,-0.162303,-0.144504,-0.229708,-0.231121,0.101459,0.205816,8
4,1,1.496334,-0.4766,0.128671,-0.480379,-0.258138,-0.270433,0.017263,-0.037075,-0.091076,-0.211983,-0.014279,0.310381,8
50,11,0.292958,-0.565159,0.613072,0.236918,0.492372,-0.329073,-0.229798,-0.085882,-0.13783,-0.111641,-0.153564,-0.133235,8
22,3,0.865703,-0.262172,0.219145,-0.575778,-0.096224,-0.434105,0.110279,-0.015984,-0.215208,-0.211019,0.073298,0.265048,8
46,2,0.902897,-0.56065,0.202993,-0.611544,0.124722,-0.260599,-0.25048,0.265798,-0.278998,-0.433079,-0.000788,0.123763,8
28,13,0.380327,-0.754713,0.55716,-0.07197,0.526544,-0.182259,-0.320021,-0.01149,-0.321527,-0.166169,-0.006086,-0.13576,8
23,12,0.920161,-0.924621,0.588802,0.073534,0.463288,-0.247682,-0.327822,-0.022027,-0.278982,-0.055269,-0.074491,-0.198542,8
34,12,0.617886,-0.869429,0.46652,0.007165,0.454453,-0.18756,-0.303392,-0.097153,-0.209934,-0.115479,-0.029964,-0.07866,8
18,4,1.040627,-0.984812,0.366111,-0.626104,0.162338,-0.120979,-0.336841,0.169147,-0.220146,-0.359691,-0.085615,0.126553,8
45,5,0.863155,-0.770397,0.335839,-0.58871,0.230747,-0.201384,-0.302587,0.177824,-0.332928,-0.360007,0.003272,0.145362,8
41,6,0.815483,-0.589675,0.166339,-0.514764,0.495727,-0.306515,-0.301842,0.058638,-0.399219,-0.236803,-0.029122,0.109659,8
13,10,0.806328,-0.693017,0.291165,-0.140978,0.303074,-0.095485,-0.372045,-0.171498,-0.291058,-0.092931,0.060218,-0.076303,8
23,7,1.162305,-0.607757,0.22739,-0.499758,0.450314,-0.247593,-0.366999,0.02069,-0.345533,-0.244732,0.000348,0.160922,8
3,7,0.526923,-0.084238,-0.048104,-0.07659,0.306645,-0.282686,-0.056991,-0.261261,-0.055189,-0.306861,0.080134,0.228369,8
18,6,0.853446,-0.906304,0.352955,-0.512457,0.405553,-0.079002,-0.384698,0.063304,-0.356594,-0.336755,-0.02297,0.089427,8
4,9,0.892266,-0.740861,0.520477,0.048787,0.328512,-0.126809,-0.194781,-0.194449,-0.250433,-0.048429,0.032362,-0.012117,8
8,13,0.068065,-0.502582,0.601156,0.348979,0.328784,-0.343414,-0.08791,-0.152307,-0.021131,-0.100719,-0.021884,-0.12643,8
37,7,0.781076,-0.403808,0.670934,-0.14756,0.488304,-0.236466,-0.3522,-0.084733,-0.354732,-0.064747,0.078512,-0.138665,8
23,5,0.934951,-0.282929,-0.063828,0.144122,-0.167506,-0.023308,-0.063806,-0.305079,-0.115323,-0.39683,0.161523,0.168705,8
15,12,0.636015,-0.757866,0.604401,0.038453,0.303135,-0.310434,-0.22582,-0.129899,-0.266315,-0.042214,-0.054525,-0.09843,8
14,7,0.89181,-0.848385,0.433286,-0.195762,0.393538,-0.168435,-0.333979,-0.117768,-0.294214,-0.09629,-0.020786,-0.0092,8
19,2,1.189404,-0.755022,0.214296,-0.860775,0.121143,-0.281018,-0.32138,0.289585,-0.194773,-0.288137,-0.071191,0.135879,8
16,5,0.946195,-0.378641,0.129529,-0.238884,0.391247,-0.256445,-0.319296,-0.018231,-0.110496,-0.22265,-0.027761,0.10938,8
17,1,0.998584,-0.430736,0.416202,-0.682922,0.044813,-0.273279,-0.195586,0.252508,-0.164599,-0.294596,-0.181954,0.100134,8
4,7,1.141077,-0.503513,0.429499,-0.127928,0.30603,-0.060877,-0.328933,-0.210151,-0.166616,-0.1316,0.064678,0.07933,8
18,3,0.843608,-0.320323,0.071906,-0.339743,0.420477,-0.335507,-0.152888,-0.027672,-0.352631,-0.224666,-0.05334,0.187285,8
4,5,1.226584,-0.50933,0.325751,-0.286812,-0.016182,-0.044299,-0.134308,-0.064537,-0.251785,-0.262371,0.196646,0.283314,8
15,2,1.001317,-0.355179,0.241533,-0.670337,0.381726,-0.244841,-0.273275,0.191889,-0.203787,-0.20746,-0.021955,0.159401,8
3,8,0.87154,-0.724814,0.224296,0.134464,0.247499,-0.064979,-0.254521,-0.057574,-0.254645,-0.131012,0.144416,0.054296,8
7,7,0.710898,-0.843535,0.327381,0.06215,0.353101,-0.148691,-0.432142,-0.078662,-0.227663,-0.251784,0.007591,-0.025869,8
8,12,0.173876,-0.55255,0.584184,0.330298,0.323387,-0.31801,-0.181146,-0.101916,-0.094266,-0.108684,0.014858,-0.143765,8
48,13,0.254416,-0.809705,0.82037,0.179591,0.541206,-0.360623,-0.287088,0.087438,-0.161213,-0.103778,-0.182673,-0.161931,8
36,13,0.845752,-0.815642,0.721289,0.111162,0.362162,-0.237984,-0.26107,-0.107428,-0.254907,0.032001,-0.169224,-0.244563,8
2,7,0.90564,-0.619706,0.111323,0.06208,0.096837,-0.038889,-0.287283,-0.102788,-0.316309,-0.169675,0.132818,0.178873,8
44,8,0.79653,-0.498605,0.009474,-0.240964,0.339878,-0.262898,-0.253033,0.00512,-0.446981,-0.253732,-0.010104,0.148895,8
38,3,1.522864,-1.028958,0.460071,-0.73617,-0.216729,-0.121147,-0.361223,0.219502,0.026862,-0.305988,-0.088439,0.125976,8
17,15,0.156791,-0.712055,0.705467,0.254457,0.470796,-0.338979,-0.226816,-0.012822,-0.157375,-0.112201,-0.138941,-0.156094,8
24,9,0.582342,-0.915633,0.401037,-0.03105,0.477507,-0.207724,-0.487691,-0.113005,-0.204023,-0.172903,-0.011903,-0.040737,8
15,5,0.883653,-0.377991,0.053748,-0.30906,0.575792,-0.2409,-0.307077,-0.041452,-0.169544,-0.217078,0.012342,0.14435,8
50,6,0.913794,-0.623364,0.243879,-0.330538,0.261369,-0.198309,-0.219722,-0.101329,-0.405976,-0.240613,0.115405,0.126576,8
22,5,0.956015,-0.123529,0.115593,-0.61463,0.111981,-0.253715,-0.107371,0.119212,-0.263598,-0.290059,0.012542,0.077412,8
18,9,0.665778,-0.966743,0.41476,-0.302446,0.4726,-0.087886,-0.388722,-0.056746,-0.353434,-0.182817,0.032931,-0.037407,8
15,5,1.091646,-0.602034,0.229632,-0.635355,0.085174,-0.199261,-0.158767,0.054284,-0.312561,-0.133694,0.058721,0.146797,8
21,4,0.667718,-0.481633,0.032298,-0.397476,0.115479,-0.141783,-0.129604,-0.006319,-0.291271,-0.270564,0.062892,0.125136,8
6,10,0.724086,-0.618468,0.180352,0.073595,0.251698,-0.180763,-0.237469,-0.16324,-0.286701,-0.138664,0.07358,-0.011775,8
26,4,0.946077,-0.627651,0.348755,-0.510309,0.188994,-0.058119,-0.39094,0.093329,-0.228154,-0.377212,0.006972,0.126295,8
2,12,0.713085,-0.873766,0.847064,0.329313,0.321754,-0.101597,-0.239707,-0.014024,-0.07137,-0.019005,-0.046457,-0.168115,8
20,5,0.843009,-0.482206,0.160329,-0.470296,0.178392,-0.165885,-0.012076,-0.092365,-0.384641,-0.227707,0.023055,0.140556,8
35,15,0.705231,-1.19379,0.926319,0.103562,0.410409,-0.204525,-0.467372,0.175767,-0.188293,-0.2098,-0.013459,-0.28133,8
2,1,1.052872,-0.13003,-0.29785,-0.13562,-0.286437,-0.255265,0.001007,-0.066882,0.209557,-0.417565,0.048598,0.203458,8
25,3,0.647401,-0.377264,0.136856,-0.738342,0.371892,-0.310863,-0.282892,0.101904,-0.23674,-0.252475,-0.11409,0.146581,8
29,3,0.949635,-0.289565,0.036723,-0.400572,0.273484,-0.23718,-0.077679,-0.029118,-0.198525,-0.354673,-0.040279,0.196657,8
27,11,0.362249,-0.715476,0.502949,0.12639,0.417839,-0.251516,-0.207715,-0.090177,-0.219671,-0.119064,-0.050013,-0.073155,8
3,3,0.994394,-0.504503,-0.169538,-0.228489,-0.06873,-0.212733,0.062026,-0.136924,0.132743,-0.387593,-0.035636,0.374272,8
15,1,0.879081,-0.444343,0.099331,-0.685815,-0.03018,-0.379373,-0.104122,0.158748,-0.082151,-0.235658,-0.073367,0.276331,8
20,7,0.628667,-0.516224,0.217094,-0.309042,0.244836,-0.162773,-0.081614,-0.170322,-0.380599,-0.198927,0.092349,0.077655,8
24,5,0.751878,-0.501794,-0.071597,-0.419469,0.319036,-0.262734,-0.272338,0.005088,-0.202083,-0.305013,-0.020757,0.188992,8
13,7,1.038992,-0.674355,0.22489,-0.313444,0.312501,-0.101164,-0.316143,-0.003063,-0.303349,-0.257871,0.03108,0.08257,8
33,9,0.943694,-0.763525,0.222788,-0.051735,0.3491,-0.203111,-0.250443,-0.156633,-0.336583,-0.176177,0.009467,-0.004547,8
22,12,0.330714,-0.681526,0.615065,0.201275,0.415673,-0.286417,-0.147353,-0.038949,-0.157454,-0.076363,-0.103607,-0.16553,8
40,8,0.642754,-0.384108,0.055776,-0.284886,0.371836,-0.260409,-0.146599,-0.135868,-0.333253,-0.154136,0.024173,0.106442,8
36,7,1.0401,-0.531297,0.29823,-0.516755,0.258597,-0.248863,-0.178996,-0.0113,-0.442892,-0.164863,0.075435,0.129058,8
29,9,0.670686,-0.976323,0.612973,0.055198,0.503551,-0.181773,-0.350507,0.022075,-0.202563,-0.139536,-0.069448,-0.124456,8
39,3,0.856067,-0.48546,0.171496,-0.69466,0.339945,-0.340326,-0.179335,0.186315,-0.337939,-0.278295,-0.12118,0.098747,8
21,5,1.039045,-0.255334,0.167786,-0.658222,0.17454,-0.304858,-0.070287,0.155882,-0.195301,-0.335161,-0.041349,0.205174,8
26,3,0.852053,-0.625301,0.223559,-0.636266,0.27242,-0.208008,-0.283571,0.109969,-0.33043,-0.244267,-0.04297,0.039118,8
19,4,0.965972,-0.635874,0.220555,-0.75381,0.255245,-0.229424,-0.369426,0.192641,-0.243395,-0.275639,-0.038793,0.105603,8
25,8,0.528334,-0.63301,0.33242,-0.261255,0.46165,-0.242597,-0.310411,-0.105454,-0.36561,-0.222909,0.039817,0.084321,8
24,7,1.071398,-0.114793,0.093059,-0.377726,0.254023,-0.275275,-0.094274,0.016697,-0.352011,-0.277409,0.022436,0.16868,8
4,6,0.765731,-0.739023,0.351921,-0.355677,0.30234,-0.103501,-0.175938,-0.127455,-0.36013,-0.177164,0.097534,0.152944,8
6,3,1.161483,-0.389674,-0.138037,-0.402865,-0.127998,-0.154489,-0.231328,0.060785,-0.177359,-0.29307,0.200079,0.244375,8
26,10,0.587168,-0.867908,0.579654,0.016636,0.480489,-0.167374,-0.420501,0.008493,-0.220407,-0.19109,0.002351,-0.103548,8
7,5,0.620919,-0.513612,0.162603,-0.139226,0.151067,-0.099443,-0.351943,-0.109882,-0.215421,-0.355263,0.100194,0.16477,8
37,11,0.639882,-0.59829,1.110077,0.040002,0.466031,-0.189878,-0.350386,0.092041,-0.278098,-0.089918,-0.029905,-0.261133,8
17,1,1.109512,-0.766059,0.254505,-0.660506,0.014341,-0.220301,-0.277641,0.174422,-0.109673,-0.289221,-0.059366,0.138971,8
21,13,-0.099102,-0.52888,0.538871,0.381054,0.399405,-0.279856,-0.256334,-0.034653,-0.15147,-0.154231,-0.069713,-0.241006,8
9,1,1.173177,-0.573879,0.288365,-0.736917,0.055636,-0.389305,-0.212188,0.272271,-0.131876,-0.168306,-0.126981,0.170355,8
1,8,0.324519,-0.624827,0.491188,0.095928,0.460771,-0.250834,-0.180819,-0.152887,-0.131537,-0.077041,-0.016646,-0.096541,8
2,8,0.853989,-0.708265,0.295777,0.084294,0.205978,-0.02878,-0.415369,-0.156085,-0.188374,-0.133531,0.107711,0.091366,8
3,8,0.74307,-0.321388,-0.016504,-0.044178,0.341385,-0.1915,-0.041053,-0.330677,-0.085181,-0.246026,0.069011,0.207096,8
40,14,0.159686,-0.587575,0.719846,0.291338,0.436834,-0.405568,-0.17602,-0.016213,-0.189279,-0.073838,-0.14371,-0.194639,8
8,1,1.073009,-0.872243,0.34804,-0.495581,-0.262815,-0.259608,-0.086249,0.139819,-0.116435,-0.208027,-0.109513,0.21303,8
11,4,0.216416,-0.397592,0.22919,-0.137917,0.215976,-0.269349,-0.11509,-0.152613,-0.30706,-0.220249,0.002335,0.049726,8
30,14,0.72303,-0.926437,0.555365,0.199721,0.48036,-0.240264,-0.340673,-0.042369,-0.133461,-0.137816,-0.135227,-0.113518,8
18,9,0.720964,-0.613057,0.510248,0.151919,0.53938,-0.305743,-0.255837,-0.055109,-0.255507,-0.019456,-0.100007,-0.160583,8
5,6,1.168582,-0.822141,0.396502,-0.311736,0.250517,-0.078269,-0.292859,-0.044337,-0.340281,-0.198417,0.133099,0.11932,8
8,10,0.366446,-0.567471,0.462406,0.157624,0.356202,-0.328012,-0.19744,-0.162072,-0.133356,-0.135952,0.026157,-0.073377,8
28,11,0.54831,-0.724322,0.399728,-0.239072,0.518561,-0.125642,-0.303268,-0.033353,-0.392793,-0.198637,0.074438,0.007832,8
25,11,0.348387,-0.701195,0.564243,0.103929,0.537026,-0.310126,-0.327338,-0.061122,-0.187116,-0.127416,-0.098383,-0.095779,8
50,5,0.820578,-0.6172,0.292814,-0.484232,0.214595,-0.209393,-0.16273,0.050543,-0.446763,-0.301043,0.104302,0.126695,8
8,10,0.5485,-0.694758,0.571933,0.121877,0.442878,-0.290699,-0.267957,-0.114444,-0.089563,-0.088355,-0.082743,-0.009583,8
17,9,0.681959,-0.617115,0.208272,-0.175203,0.380289,-0.222143,-0.24677,-0.165172,-0.288526,-0.158881,0.043199,-0.000509,8
2,6,0.876914,-0.663162,-0.021576,0.033186,-0.056093,-0.022223,-0.210951,-0.101975,-0.253129,-0.228157,0.123373,0.247434,8
12,2,0.986123,-0.473351,0.176823,-0.627211,0.051301,-0.258951,-0.258199,0.185341,-0.192504,-0.273016,0.036833,0.156814,8
28,10,0.622414,-0.594506,0.196111,-0.018818,0.411242,-0.265158,-0.216843,-0.15769,-0.266153,-0.191093,-0.007027,0.04462,8
40,13,0.241106,-0.611435,0.67966,0.197183,0.462032,-0.391097,-0.208244,-0.019266,-0.221488,-0.077303,-0.114702,-0.193865,8
2,10,0.368525,-0.215105,0.355817,0.475243,0.193696,-0.316866,-0.011091,-0.28034,0.015517,-0.214296,0.033329,-0.098455,8
14,10,0.617989,-0.948909,0.700665,0.020722,0.472678,-0.176556,-0.320455,0.034917,-0.226288,-0.087375,-0.023423,-0.215682,8
44,5,0.773274,-0.156911,0.149189,-0.680168,0.322588,-0.48615,-0.146629,0.209257,-0.377973,-0.174164,-0.00033,0.207534,8
7,4,1.45776,-0.18265,-0.080084,-0.358975,-0.138531,-0.060459,-0.089444,0.131343,-0.025532,-0.188186,0.094608,0.182736,9
20,5,1.40711,-0.338769,0.202606,-0.503779,-0.135503,-0.466349,0.020561,0.280775,-0.116071,-0.091375,-0.074589,0.097396,9
4,14,0.835219,-0.726484,0.426909,-0.247142,0.598044,-0.159719,-0.274068,-0.000137,-0.256793,-0.139673,0.024752,0.167078,9
29,6,1.444622,-0.156007,-0.180085,-0.21264,-0.029218,-0.078794,-0.093959,-0.084701,0.097905,-0.411212,-0.151499,0.149352,9
10,16,1.185587,-0.380477,0.262344,0.116462,0.666202,-0.258605,-0.061853,-0.048911,-0.313227,0.031451,-0.057301,0.118032,9
4,16,0.79325,-0.874413,0.563084,-0.184301,0.58367,-0.060751,-0.434994,0.038825,-0.241738,-0.189462,0.096147,0.006151,9
22,1,0.979691,-0.17857,-0.056433,-0.270237,0.049015,-0.056673,-0.204309,0.16016,0.016548,-0.361856,0.000977,0.214794,9
13,6,1.748417,-1.291924,0.198168,-0.23969,-0.159464,-0.354699,-0.05464,0.387145,-0.300876,-0.35232,0.095567,0.03705,9
20,9,0.975869,-0.384415,0.101048,0.053527,0.429889,-0.254808,0.045138,-0.183937,-0.22577,-0.098246,-0.046146,0.296945,9
18,9,0.743725,-0.355046,0.02004,-0.249043,0.359096,-0.426839,-0.014225,-0.076987,-0.367855,-0.043049,0.030068,0.278522,9
22,5,1.095314,-0.622873,-0.159833,0.053917,0.169597,-0.096972,-0.029779,0.004754,-0.264733,-0.12979,0.096922,0.201861,9
11,8,1.000248,-0.260297,0.307625,-0.624695,0.170655,-0.223197,-0.162822,0.123034,-0.378502,-0.223651,0.142786,0.158485,9
16,5,1.468141,-0.323636,0.107684,-0.559,0.463421,-0.21834,-0.24775,0.13349,-0.155449,-0.121843,-0.065598,0.192931,9
28,4,1.031508,-0.150205,-0.050779,-0.339165,-0.214591,-0.230876,-0.121816,0.228014,-0.130111,-0.254429,0.232009,0.176231,9
13,14,0.997742,-0.716539,0.227063,-0.069769,0.464662,-0.217518,-0.011169,-0.045125,-0.454549,-0.053945,-0.027358,0.105647,9
6,12,1.185485,-0.752828,0.252451,0.026177,0.311477,0.048193,-0.326981,0.052604,-0.293303,-0.25421,0.282536,0.08497,9
21,7,1.027261,-0.246822,-0.058353,-0.472441,0.6841,-0.288179,-0.121987,0.030732,-0.231207,-0.070673,-0.098549,0.170043,9
20,17,1.299741,-0.531694,0.184155,-0.02939,0.649604,-0.189098,-0.084012,-0.096844,-0.314043,-0.041915,-0.11961,0.150494,9
9,18,0.926847,-0.843604,0.501933,-0.113852,0.649109,-0.098802,-0.381253,0.08782,-0.268138,-0.128246,0.054247,-0.110341,9
12,9,1.306274,-0.714883,0.092649,-0.328339,0.293036,-0.332363,-0.149831,0.099335,-0.427856,-0.139146,-0.002349,0.161699,9
28,3,0.972779,-0.087256,-0.341108,-0.370138,-0.062454,-0.245131,-0.146241,0.263031,-0.140726,-0.304488,0.063687,0.102767,9
2,3,1.091492,-0.206593,0.130166,-0.4551,0.384499,-0.299649,-0.007658,0.146421,-0.370163,-0.116341,0.037246,0.180825,9
19,14,1.164453,-0.457996,0.45106,0.140806,0.519355,-0.128911,-0.167674,-0.036181,-0.285973,-0.199572,0.023479,0.061721,9
29,3,1.114773,-0.071157,-0.060395,-0.333598,0.022005,-0.338011,-0.08351,0.179612,0.049813,-0.216987,-0.217056,0.076721,9
19,2,1.363907,-0.370315,-0.099809,-0.514172,0.213904,-0.397052,-0.142737,0.292939,-0.279944,-0.206584,-0.107778,0.097002,9
27,14,1.312326,-0.657673,0.001782,-0.009747,0.364787,-0.183363,-0.176548,0.081793,-0.325228,-0.12852,0.099174,0.111942,9
25,1,1.185678,-0.430011,-0.004158,-0.11357,-0.09054,-0.170363,-0.189518,0.080787,-0.055098,-0.274092,-0.026063,0.20374,9
27,3,1.147993,0.320588,-0.524308,-0.108709,-0.085347,-0.405778,0.057775,0.11845,0.167415,-0.308266,-0.075508,0.00497,9
9,3,1.24332,-0.242608,-0.089654,-0.462804,-0.23729,-0.12886,-0.033694,0.158702,0.037562,-0.270682,0.053026,0.150177,9
25,10,1.422898,-1.021389,0.411575,0.054326,0.534296,-0.057592,-0.293188,0.049224,-0.328939,-0.099596,0.076721,-0.135949,9
9,1,1.178797,-0.83148,0.224028,-0.450231,-0.198879,-0.370094,0.133085,0.29219,-0.218161,-0.132742,-0.036303,0.085905,9
14,11,1.299608,-0.331232,-0.086938,-0.148427,0.346996,-0.259676,-0.217961,0.069099,-0.373246,-0.068419,0.021338,0.11547,9
12,12,1.213793,-0.482929,-0.027125,-0.006944,0.354926,-0.108798,-0.209365,0.038451,-0.348507,-0.161288,0.141833,0.118463,9
3,5,1.124518,-0.142754,0.207592,-0.476599,0.23635,-0.339934,0.085282,0.324061,-0.111368,-0.297707,-0.123059,0.096714,9
26,3,1.330171,-0.507567,0.305683,-0.568231,0.061396,-0.204743,-0.192451,0.260484,-0.091252,-0.271107,-0.00068,0.199539,9
6,18,0.901836,-0.67964,0.505169,0.075909,0.449437,-5.2e-05,-0.315246,0.02379,-0.24944,-0.155445,0.237562,-0.081428,9
11,13,1.069178,-0.485369,0.248118,-0.01872,0.551988,-0.280615,-0.115524,0.004992,-0.314235,0.009504,0.06955,0.082177,9
1,15,1.209065,-0.739069,0.252106,-0.078742,0.509981,-0.093134,-0.302658,0.103272,-0.240633,-0.171342,0.100594,0.063225,9
19,3,1.026504,-0.484855,0.464914,-0.482395,-0.107094,-0.166804,-0.058458,0.208885,-0.348528,-0.237095,0.096539,-0.047395,9
10,9,1.109982,-0.435846,0.33428,-0.097292,0.674291,-0.275183,-0.291312,0.079572,-0.305562,-0.099118,0.032733,0.042718,9
24,2,1.230953,-0.117745,-0.586151,0.040187,-0.215783,-0.353293,0.116585,-0.020689,0.09532,-0.368386,0.060685,0.115955,9
25,3,0.879494,-0.718393,-0.130111,-0.141822,0.133391,-0.066754,-0.22872,0.128544,-0.317472,-0.264956,0.05939,0.142561,9
8,17,0.758722,-0.44195,0.36096,-0.039992,0.713184,-0.228331,-0.194772,0.085479,-0.307527,-0.046411,0.111927,-0.018735,9
10,4,1.548629,-0.396191,0.477849,-0.617668,-0.052831,-0.357715,-0.025104,0.441121,-0.173501,-0.141302,0.023031,0.101457,9
9,4,1.423576,-0.607697,0.175411,-0.574374,0.037767,-0.295523,-0.063769,0.243337,-0.305447,-0.205913,0.025871,0.132516,9
15,7,1.229557,-0.630581,0.197257,-0.247005,0.469334,-0.203854,-0.10752,-0.006058,-0.295365,-0.069364,-0.075423,0.217662,9
4,7,1.118132,-0.545942,0.319657,-0.619896,0.235226,-0.217142,-0.147662,0.171912,-0.289395,-0.170713,0.023772,0.295393,9
24,12,1.015054,-0.723909,0.172063,0.159899,0.461225,-0.050444,-0.361349,0.036298,-0.220675,-0.101832,0.172961,-0.04847,9
1,6,1.574815,-0.348581,0.396193,-0.427667,-0.000198,-0.424688,0.110201,0.279089,-0.163834,-0.1386,-0.19483,0.171832,9
6,15,0.858949,-0.513423,0.206401,0.057111,0.623417,-0.264604,-0.033292,-0.131567,-0.287761,-0.0023,-0.129458,0.08172,9
6,5,1.092165,-0.426387,0.002575,-0.35041,0.069774,-0.166728,-0.210199,0.167893,-0.174606,-0.234073,0.230148,0.245937,9
28,9,1.505263,-0.700795,0.085891,-0.17444,0.23725,-0.107523,-0.194286,0.16528,-0.353725,-0.20494,0.240572,0.116141,9
13,2,1.320662,-0.123676,0.133945,-0.516631,0.086802,-0.492165,0.085223,0.275805,-0.274288,-0.080638,-0.089913,0.167869,9
28,6,1.260043,-0.223337,-0.243125,-0.309836,0.058222,-0.231011,-0.142976,0.239782,-0.244615,-0.188887,0.077656,0.19674,9
15,12,1.11724,-0.977255,0.258536,0.18741,0.531612,-0.232307,-0.242212,-0.00321,-0.300747,-0.021783,7.5e-05,-0.050669,9
14,12,1.293918,-0.41308,0.018437,-0.129281,0.399585,-0.256506,-0.18297,-0.004372,-0.375332,-0.017282,0.028318,0.119298,9
27,10,1.3004,-0.482557,-0.05106,-0.279453,0.068015,-0.153088,-0.196463,0.226834,-0.246849,-0.275461,0.179279,0.20501,9
16,8,1.274425,-0.33121,0.03634,-0.272067,0.576242,-0.149203,-0.192204,0.003171,-0.14198,-0.189642,-0.072794,0.173815,9
25,7,0.911901,-0.370813,-0.051352,-0.107917,0.248642,-0.06875,-0.227726,0.089869,-0.243734,-0.224454,0.225519,0.156951,9
24,9,1.111664,-0.526368,-0.153475,0.013783,0.330054,-0.158552,-0.201137,0.12805,-0.260171,-0.063529,0.189326,0.110478,9
1,12,1.080475,-0.474655,0.226442,-0.30744,0.510794,-0.167563,-0.051023,0.125622,-0.240654,-0.17962,-0.198841,0.175881,9
10,17,1.088864,-0.335451,0.239028,0.265445,0.630355,-0.282007,-0.069133,-0.056038,-0.256406,-0.025465,-0.079348,0.088009,9
21,1,1.323488,-0.463687,-0.198963,-0.570255,0.282852,-0.363754,-0.055253,0.123361,-0.11614,-0.070514,-0.16889,0.215351,9
7,14,1.142616,-0.608001,0.377129,-0.21874,0.478792,0.000267,-0.40277,0.014801,-0.167534,-0.221555,0.130418,0.106966,9
28,5,1.037642,-0.076396,-0.314899,-0.386746,0.041908,-0.238449,-0.168935,0.25633,-0.223933,-0.23551,0.099293,0.119964,9
23,7,1.157538,-0.306588,0.370782,-0.432017,0.662029,-0.026642,-0.299693,0.047062,-0.288999,-0.169054,0.017013,0.077614,9
16,7,1.23636,-0.173208,0.144678,-0.559938,0.414659,-0.206198,-0.224956,0.189485,-0.216159,-0.144496,0.02913,0.107003,9
17,10,1.228612,-0.711245,0.273158,-0.236553,0.401205,-0.01271,-0.307149,0.005396,-0.302054,-0.204894,0.046694,0.032034,9
12,6,1.335149,-0.434709,-0.124223,-0.328368,0.000864,-0.263003,-0.09548,0.278319,-0.302697,-0.207712,0.023676,0.071685,9
28,2,1.223804,-0.337076,0.086374,-0.333321,-0.227634,-0.31661,-0.187636,0.302814,-0.09421,-0.142101,0.189687,0.120461,9
23,6,1.345129,-0.714028,0.094671,-0.429043,-0.01455,-0.303877,-0.020425,0.216996,-0.339418,-0.109135,0.08994,0.057779,9
21,10,1.16297,-0.168264,0.181358,0.022105,0.792962,-0.206327,-0.205305,-0.157404,-0.197274,-0.030964,-0.055505,0.034713,9
4,1,0.953358,-0.446245,0.459929,-0.569333,-0.220519,-0.211154,-0.108664,0.294335,-0.080618,-0.189687,-0.033341,0.116798,9
6,6,1.247012,-0.376963,0.159828,-0.304912,0.063112,-0.463688,0.250776,0.104971,-0.248165,-0.11801,-0.109137,0.305657,9
15,6,1.072311,-0.521645,-0.025129,-0.138999,0.107426,-0.240782,-0.212719,0.121045,-0.303468,-0.235034,0.054438,0.152839,9
21,5,1.286305,-0.303421,0.285245,-0.47204,0.435734,-0.236273,-0.031809,0.174611,-0.335368,-0.146162,0.023393,0.236504,9
10,14,1.327757,-0.348194,0.167854,-0.045626,0.626738,-0.209423,-0.141657,0.044383,-0.308391,-0.035407,0.037414,0.143674,9
16,15,1.071301,-0.472625,0.271217,-0.115797,0.655554,-0.012724,-0.384484,-0.004638,-0.222127,-0.024892,0.145019,-0.081642,9
6,9,1.21956,-0.759047,0.091391,-0.004279,0.370155,-0.201793,0.216602,0.02757,-0.290578,-0.161612,-0.127462,0.254236,9
3,1,1.401514,0.030547,-0.182475,-0.41653,0.086833,-0.417837,0.01578,0.321125,-0.213435,-0.131668,-0.06763,0.145677,9
2,1,1.434264,-0.449358,0.185516,-0.589983,0.169897,-0.237559,-0.245872,0.2738,-0.097623,-0.275511,-0.13884,0.040508,9
11,8,1.194466,-0.355751,0.132172,-0.518287,0.48162,-0.277414,-0.141027,0.208066,-0.296637,-0.102732,0.022671,0.23969,9
9,13,0.961292,-0.588769,0.155717,-0.058022,0.562396,-0.143286,-0.248817,-0.067003,-0.198829,-0.122551,0.032578,0.077303,9
23,4,1.356103,-0.446519,-0.095669,-0.373772,-0.191858,-0.291088,-0.025049,0.289104,-0.216324,-0.142029,0.008628,0.022292,9
4,13,1.129221,-0.395481,0.074231,-0.082441,0.640859,-0.23717,0.017922,-0.020542,-0.163507,-0.007378,-0.092598,0.226729,9
8,2,1.302186,-0.582834,0.282478,-0.694594,0.110932,-0.213049,-0.008049,0.439702,-0.245666,-0.215614,0.033103,0.030257,9
18,10,0.977569,-0.502663,0.145194,-0.146087,0.48593,-0.166776,-0.18318,0.136433,-0.241264,-0.180457,0.134733,0.147354,9
18,10,0.728274,-0.38502,0.066734,-0.186768,0.427584,-0.417694,-0.041979,-0.058914,-0.346063,-0.04582,0.033456,0.26893,9
21,9,1.31008,-0.331922,0.185202,-0.003343,0.684876,-0.169521,-0.170457,-0.120809,-0.236225,-0.024979,0.00824,0.117539,9
9,10,0.999842,-0.596334,0.119236,-0.296368,0.562492,-0.219139,-0.141511,0.06133,-0.345725,-0.073576,0.000267,0.16259,9
22,2,0.998982,-0.492918,-0.165593,-0.171398,-0.051028,-0.110248,0.049994,0.072976,-0.131762,-0.253631,0.103869,0.258342,9
14,3,1.393887,-0.528977,0.127883,-0.489166,0.085687,-0.523593,-0.102568,0.214502,-0.188357,-0.116075,-0.238915,0.18763,9
11,4,1.464892,-0.350029,0.239557,-0.740707,0.181411,-0.286721,-0.084332,0.462579,-0.220658,-0.270353,0.028439,0.115239,9
15,6,1.246421,-0.655112,0.106777,-0.212393,0.366503,-0.187821,-0.0357,0.005053,-0.255944,-0.114078,-0.073391,0.225264,9
18,1,1.013476,-0.420717,0.097832,-0.543552,-0.154299,-0.382958,0.129152,0.222407,-0.313657,-0.015547,0.045679,0.116859,9
26,9,1.187766,-0.575306,0.04217,-0.075497,0.346884,0.033628,-0.326648,-0.065942,-0.147198,-0.307883,0.052767,0.14037,9
7,7,1.405312,-0.45845,0.127307,-0.34926,0.015404,-0.074354,-0.04589,0.114062,-0.273363,-0.161305,0.247236,0.221064,9
2,6,1.174848,-0.525512,0.172043,-0.461644,0.515411,-0.268721,-0.298427,0.132805,-0.319616,-0.212373,-0.053317,0.123025,9
13,9,1.191323,-0.399064,0.107092,-0.32826,0.298884,-0.30836,0.049402,0.09334,-0.394749,-0.127968,0.023501,0.218101,9
11,11,1.046543,-0.435776,0.155,-0.18203,0.486376,-0.204724,-0.056884,0.085707,-0.33132,-0.089247,0.056196,0.162557,9
9,7,1.168144,-0.49056,0.283475,-0.602354,0.353026,-0.27982,-0.166456,0.230988,-0.377381,-0.177107,0.094199,0.186965,9
28,11,1.472062,-0.753588,0.146493,-0.068695,0.298222,-0.166289,-0.239574,0.081344,-0.393132,-0.196042,0.176191,0.101864,9
15,9,0.977306,-0.573875,0.197559,0.018262,0.58243,-0.268766,-0.142928,-0.129323,-0.237355,-0.032044,-0.068736,0.188422,9
3,6,1.371858,-0.353779,-0.088984,-0.241995,0.407294,-0.373262,-0.019728,0.072268,-0.272697,-0.028767,-0.032562,0.260888,9
19,4,1.223967,-0.390831,-0.036164,-0.609804,0.453402,-0.3561,-0.135125,0.26174,-0.273981,-0.18517,-0.192712,0.099719,9
4,13,0.865614,-0.743942,0.428772,-0.284077,0.565324,-0.1798,-0.26109,0.049797,-0.278142,-0.125243,0.036509,0.179515,9
27,2,0.988576,0.069249,-0.468026,-0.000185,-0.128241,-0.3236,0.110453,0.141253,0.134289,-0.335946,-0.026513,-0.027366,9
12,17,1.129362,-0.71924,0.429313,0.126867,0.612919,-0.125055,-0.290003,-0.007936,-0.344466,-0.014446,0.074454,-0.183168,9
9,1,1.579517,-0.150031,-0.007689,-0.480479,-0.25901,-0.210892,-0.080261,0.248281,0.00229,-0.202123,0.063248,0.080306,9
4,3,1.154309,-0.513065,0.332981,-0.726098,-0.028595,-0.23231,-0.12481,0.235845,-0.1617,-0.203466,-0.075747,0.153869,9
21,6,1.313413,-0.310561,0.226863,-0.375465,0.509372,-0.202496,-0.102582,0.102843,-0.339496,-0.132259,0.016121,0.183163,9
12,8,1.317647,-0.583573,0.013549,-0.387238,0.239171,-0.313957,-0.143947,0.175869,-0.411927,-0.182768,0.030389,0.12151,9
29,6,1.273056,-0.41261,0.022741,-0.329668,0.124095,-0.412164,0.143246,0.043805,-0.206256,-0.094194,-0.04231,0.414377,9
16,13,0.850433,-0.294479,0.032153,0.240225,0.610279,-0.271892,-0.14383,-0.060445,-0.182791,-0.065427,-0.009716,-8.3e-05,9
16,9,1.296387,-0.383754,0.010491,-0.17996,0.642806,-0.218785,-0.214404,-0.012577,-0.208187,-0.108117,-0.084869,0.132577,9
13,12,1.093756,-0.564383,0.14198,-0.155704,0.349479,-0.263338,0.068819,-0.004141,-0.44839,-0.129768,-0.025807,0.192578,9
29,7,1.216506,-0.424432,-0.034349,-0.294238,0.16627,-0.397758,0.091827,0.023178,-0.191598,-0.111245,-0.011547,0.425088,9
27,15,1.348968,-0.694131,0.02713,0.078345,0.387663,-0.124483,-0.161365,-0.022281,-0.311359,-0.098183,0.068928,0.065885,9
7,16,1.10167,-0.825263,0.584433,-0.136385,0.572189,-0.082276,-0.364806,0.066319,-0.254491,-0.056775,0.144139,-0.070263,9
5,9,1.016003,-0.231472,0.029555,-0.16521,0.142933,-0.404442,0.216655,-0.003322,-0.222598,-0.076332,0.025394,0.324672,9
7,2,1.253195,-0.085413,0.155462,-0.460008,-0.341014,-0.34671,-0.040376,0.218416,-0.017911,-0.179635,0.100232,0.126363,9
4,9,1.316827,-0.262429,-0.053768,-0.138403,0.26592,-0.263765,0.195528,-0.035115,-0.142484,-0.152872,-0.09056,0.30012,9
1,5,1.272744,-0.287131,0.314084,-0.607262,-0.09659,-0.400376,0.09044,0.338497,-0.336851,-0.118085,0.016037,-0.019486,9
28,13,1.382793,-0.712973,0.221811,-0.094434,0.437898,-0.07806,-0.307245,-0.027404,-0.387733,-0.122532,0.130369,-0.000137,9
13,4,1.247773,-0.198975,0.092868,-0.468356,0.091704,-0.452321,0.162272,0.184614,-0.332068,-0.090865,-0.088802,0.195051,9
20,21,0.885017,-0.472931,0.401314,0.260941,0.664451,-0.273946,-0.111746,-0.125766,-0.343616,-0.002187,-0.064414,-0.02867,9
15,1,1.273194,0.019244,-0.36281,-0.058983,-0.427427,-0.403192,0.122758,0.010503,0.103788,-0.437024,0.017278,0.043198,9
17,4,1.038933,-0.203067,-0.157715,-0.339114,0.07037,-0.202735,-0.128955,0.405894,-0.167802,-0.219598,0.053173,0.140011,9
20,14,0.520159,-0.288572,0.225746,0.27947,0.542134,-0.223583,0.119451,-0.13424,-0.142676,0.010791,-0.012691,0.102708,9
7,8,1.321872,-0.472943,0.197019,-0.412666,0.127912,-0.147556,-0.049771,0.127134,-0.3311,-0.130597,0.221079,0.226534,9
23,15,0.92649,-0.91401,0.387956,-0.006424,0.451747,-0.242593,-0.209258,-0.124212,-0.441622,-0.012745,-0.008188,0.006147,9
18,5,0.862538,-0.408778,-0.010572,-0.32506,0.077187,-0.385202,0.171204,0.019954,-0.315342,-0.137951,-0.032837,0.308056,9
23,13,1.015825,-0.84807,0.260954,-0.229349,0.36883,-0.258929,-0.180682,-0.036246,-0.477784,-0.04706,0.064839,0.080141,9
10,4,1.142247,-0.315016,0.054592,-0.294789,0.392048,-0.065754,-0.221198,0.125159,-0.173702,-0.249386,0.135684,0.114224,9
8,5,1.441499,-0.442846,0.252963,-0.552541,0.140269,-0.258908,-0.052233,0.316629,-0.315803,-0.201672,0.02881,0.108892,9
17,2,1.329109,-0.422088,0.024539,-0.58648,0.188739,-0.358885,-0.007857,0.351759,-0.25679,-0.169767,-0.082994,0.095157,9
27,6,1.142423,-0.003146,-0.337216,-0.380693,-0.139042,-0.310461,-0.081396,0.214489,-0.015616,-0.336125,0.064246,0.102539,9
9,9,1.448989,-0.446076,-0.116597,-0.331764,0.08375,-0.20444,-0.20405,0.103378,-0.222795,-0.244737,0.191655,0.231062,9
5,1,1.2543,-0.061214,0.161361,-0.465982,-0.123012,-0.52262,0.239847,0.375368,-0.188827,0.062661,-0.053099,0.072673,9
28,9,1.241333,-0.489743,-0.240264,-0.12291,0.227498,-0.157653,-0.178033,-0.046884,-0.360318,0.005988,0.103857,0.106172,9
7,5,1.139214,-0.16771,0.084424,-0.49075,0.126352,-0.105499,-0.089903,0.107659,-0.073158,-0.193773,0.085227,0.216843,9
23,8,1.052951,-0.3034,0.470172,-0.383046,0.705027,-0.031169,-0.346698,0.047967,-0.27768,-0.145193,0.022738,0.027974,9
20,1,1.279939,-0.265687,-0.143899,-0.415381,-0.01298,-0.489265,0.101716,0.424428,-0.14853,-0.098986,-0.108063,0.107595,9
5,11,0.963346,-0.264441,-0.024332,-0.11919,0.227071,-0.373169,0.19624,-0.003125,-0.300015,-0.083143,0.017935,0.297248,9
20,6,1.060474,-0.322731,-0.098801,-0.136492,0.303445,-0.3387,0.142304,-0.002627,-0.156702,-0.065803,-0.075403,0.260296,9
1,11,1.283138,-0.573484,0.245375,-0.291004,0.166943,-0.208196,-0.153417,0.182187,-0.352288,-0.277648,0.11594,0.187286,9
29,2,0.886567,0.002587,-0.082727,-0.319855,0.021656,-0.360849,-0.092013,0.186839,0.034324,-0.213924,-0.211937,0.065662,9
19,8,1.11143,-0.499675,0.060588,-0.276506,0.673587,-0.258114,-0.124391,0.08352,-0.38978,-0.099242,-0.049363,0.13841,9
14,15,1.194785,-0.676972,0.382532,-0.048204,0.537253,-0.202399,-0.215548,0.047926,-0.366087,-0.006486,0.071244,-0.007317,9
27,10,1.078472,-0.287431,-0.259354,0.070775,0.251895,-0.093293,0.018995,-0.212,-0.02961,-0.356599,-0.0259,0.172594,9
3,9,1.177183,-0.290595,-0.099926,-0.151066,0.63418,-0.317229,-0.056654,-0.016178,-0.267268,-0.03012,-0.043479,0.220612,9
14,9,1.042282,-0.537105,-0.074124,-0.213979,0.352959,-0.426159,-0.032083,-0.035647,-0.328887,-0.114527,-0.138305,0.29693,9
23,2,1.17122,-0.19671,-0.029445,-0.451029,-0.302325,-0.268389,-0.00785,0.296052,-0.218339,-0.187621,0.07988,0.044542,9
9,7,1.43116,-0.464186,-0.043657,-0.520117,0.021689,-0.247239,-0.133436,0.113339,-0.158849,-0.261645,0.076111,0.228726,9
27,17,0.969614,-0.511914,-0.031632,0.394731,0.336728,0.001406,-0.147155,-0.282373,0.010744,-0.223239,0.011835,0.041177,9
13,3,1.515304,-1.092778,0.202756,-0.208863,-0.331256,-0.451486,-0.177155,0.3932,-0.120583,-0.311043,0.13384,0.064588,9
12,5,1.189163,0.04155,-0.207602,-0.28121,-0.365215,-0.270972,0.06281,0.066359,0.046992,-0.424901,0.044058,0.100667,9
23,11,1.053434,-0.510386,0.527426,-0.166743,0.700645,-0.124435,-0.404231,0.056119,-0.259202,-0.194442,0.065873,-0.023554,9
5,8,1.058463,-0.516823,0.381711,-0.332044,0.789828,-0.094009,-0.372533,0.042589,-0.220913,-0.10704,0.010624,0.118699,9
12,14,1.185405,-0.644743,0.115704,0.159844,0.485171,-0.087463,-0.259725,0.045772,-0.377388,-0.110515,0.143175,-0.02217,9
8,8,1.385877,-0.371525,0.16791,-0.462227,0.361087,-0.250972,-0.065372,0.229394,-0.344131,-0.151922,0.026469,0.198994,9
22,8,1.215473,-0.527161,0.194608,-0.20604,0.577772,-0.009251,-0.341948,0.053644,-0.239223,-0.251534,0.06083,0.065843,9
17,12,1.053487,-0.668148,0.40681,-0.1433,0.725355,-0.086609,-0.372984,0.075712,-0.204476,-0.048135,0.069524,0.00641,9
14,14,1.179287,-0.568773,0.191286,-0.048048,0.511518,-0.24209,-0.174334,0.023949,-0.347012,0.000378,0.038991,0.072726,9
15,4,0.833233,-0.144754,-0.241934,-0.15746,-0.019185,-0.205873,-0.06626,0.076722,-0.155901,-0.384199,0.069538,0.137505,9
14,12,1.025261,-0.667605,-0.033926,-9.7e-05,0.53498,-0.382865,-0.217068,-0.146265,-0.290388,0.008427,-0.054944,0.140444,9
24,9,0.706424,-0.323877,-0.091274,-0.062233,0.448329,-0.16438,-0.204983,0.05514,-0.234575,-0.189248,0.11914,0.125729,9
7,11,1.17991,-0.66363,0.494088,-0.491491,0.453872,-0.0295,-0.413017,0.160251,-0.243664,-0.249029,0.158464,0.123628,9
5,14,0.74919,-0.572618,0.670008,-0.139972,0.774495,-0.113274,-0.421374,0.112243,-0.301508,-0.11316,0.093894,-0.108889,9
24,6,1.138537,-0.392731,-0.149063,-0.231612,0.110203,-0.051099,-0.276942,0.045626,-0.036279,-0.321553,0.145129,0.275772,9
11,3,1.483944,-0.340305,0.201969,-0.732554,0.133469,-0.251783,-0.07081,0.489074,-0.167474,-0.267416,0.022328,0.040176,9
20,5,1.066298,-0.243941,-0.244679,-0.216195,0.170623,-0.403298,0.269346,0.114735,-0.163614,-0.157533,-0.102467,0.298091,9
2,8,0.946307,-0.333988,0.241425,-0.111921,0.698784,-0.257234,-0.182895,-0.071955,-0.332041,-0.052984,-0.047274,0.072982,9
18,7,0.833004,-0.515731,-0.027726,-0.074366,0.23342,-0.472733,0.083924,-0.059755,-0.327752,-0.05305,0.010679,0.285947,9
21,2,1.2421,-0.426872,-0.285179,-0.514609,0.301228,-0.295255,-0.112479,0.057928,-0.189052,-0.167093,-0.038161,0.174522,9
3,12,1.050068,-0.333097,0.143191,-0.309172,0.791983,-0.069869,-0.221871,0.046992,-0.220122,-0.190369,-0.112156,0.05915,9
5,17,0.591365,-0.325787,0.006991,0.23911,0.495674,-0.31318,0.050034,-0.185375,-0.306563,-0.061434,0.020935,0.219471,9
12,13,1.134342,-0.550409,0.037554,0.128745,0.42085,-0.104343,-0.221714,0.035477,-0.377087,-0.125468,0.116421,0.068253,9
4,8,1.028928,-0.568644,0.300276,-0.504479,0.274185,-0.21277,-0.167075,0.122434,-0.259282,-0.161837,0.063083,0.323573,9
11,7,1.248651,-0.370652,0.175279,-0.578938,0.395665,-0.267609,-0.141886,0.282014,-0.259558,-0.146616,0.019024,0.210872,9
26,11,1.126642,-0.613221,0.297539,-0.382326,0.547767,-0.151397,-0.292467,0.114885,-0.29897,-0.197087,0.021204,0.10377,9
15,10,0.832982,-0.498226,0.171789,0.022861,0.668597,-0.289116,-0.155977,-0.125338,-0.211309,-0.019332,-0.051949,0.163265,9
28,14,1.418509,-0.780273,0.285353,-0.087637,0.481431,-0.123554,-0.313209,0.004093,-0.366268,-0.083416,0.109575,-0.027859,9
28,7,1.365356,-0.557916,0.077592,-0.280663,-0.000744,-0.073012,-0.169709,0.249405,-0.247739,-0.241368,0.208249,0.124869,9
21,1,1.247029,-0.229836,0.126165,-0.535483,0.037365,-0.361238,-0.030285,0.365013,-0.132939,-0.173249,0.052279,0.138112,9
3,16,0.866103,-0.416587,0.417218,0.005608,0.652257,-0.225587,-0.251125,0.085284,-0.264531,-0.058437,0.111324,-0.088633,9
8,6,1.723606,-0.677411,0.157708,-0.218956,0.295996,-0.175273,-0.151646,0.066225,-0.266538,-0.103341,0.019061,0.140515,9
14,10,1.259466,-0.262647,-0.168685,-0.177714,0.288893,-0.250456,-0.253401,0.135038,-0.330942,-0.118496,-0.009554,0.112705,9
8,11,1.279017,-0.531905,0.205622,-0.397606,0.586806,-0.098556,-0.152192,0.142098,-0.324513,-0.036057,0.074801,0.129538,9
2,2,1.035943,-0.176617,0.168884,-0.575882,0.339103,-0.362097,0.032797,0.239701,-0.398107,-0.141508,0.034318,0.173035,9
13,7,1.561099,-1.22175,0.135995,-0.222679,-0.068659,-0.335785,-0.049667,0.337863,-0.325957,-0.31584,0.070242,0.067625,9
13,2,1.329309,-0.997482,0.325953,-0.195717,-0.420278,-0.354974,-0.097111,0.405371,-0.127993,-0.318733,0.123482,0.04341,9
16,3,1.538156,-0.412191,0.268218,-0.71564,0.244854,-0.224742,-0.239041,0.335449,-0.12434,-0.230961,-0.075658,0.125381,9
15,11,0.99056,-0.767196,0.121521,0.19739,0.467276,-0.191602,-0.178694,-0.067745,-0.352132,-0.028245,0.028855,0.006943,9
9,11,1.296936,-0.593655,0.115091,-0.365893,0.402928,-0.167296,-0.229994,0.059913,-0.207715,-0.144475,0.152382,0.263044,9
4,6,1.243948,-0.106532,0.026272,-0.336991,0.13309,-0.458338,0.252358,0.187157,-0.274024,-0.130799,-0.049415,0.276239,9
3,1,1.351919,-0.145138,0.425393,-0.564916,0.056491,-0.459256,0.07661,0.390227,-0.2005,-0.121468,-0.10986,0.083229,9
27,15,0.979391,-0.344448,-0.151946,0.28417,0.3182,0.016919,-0.231242,-0.261861,-0.034898,-0.287297,0.038986,0.079998,9
24,1,1.169915,-0.255233,-0.099638,-0.438796,-0.372436,-0.184431,-0.002282,0.106098,0.226262,-0.347996,-0.018087,0.211663,9
3,4,1.203733,-0.165131,0.27507,-0.564045,0.172973,-0.401502,0.1091,0.361379,-0.124149,-0.257651,-0.176978,0.120744,9
2,11,0.942648,-0.515916,0.454117,0.079167,0.582195,-0.318071,-0.179623,-0.119408,-0.367066,0.010892,-0.080218,-0.056985,9
17,9,1.247751,-0.654176,0.318839,-0.383511,0.617754,-0.020484,-0.315263,0.184978,-0.218805,-0.169247,0.104855,0.101528,9
19,1,1.204453,-0.42785,0.732213,-0.699554,-0.345411,-0.241186,-0.113796,0.370365,-0.13328,-0.25056,0.118079,-0.046583,9
19,11,1.087572,-0.559546,0.070623,0.001919,0.673393,-0.217523,-0.112712,-0.075371,-0.375983,-0.000763,-0.094993,0.04536,9
19,7,1.085374,-0.637955,0.501127,-0.454375,0.261781,-0.197534,-0.137574,0.281761,-0.38986,-0.342225,-0.011282,0.086747,9
7,19,1.095923,-0.567022,0.374393,0.022291,0.546195,-0.023589,-0.362544,0.007687,-0.262147,-0.171202,0.158935,-0.069349,9
11,2,1.585062,-0.311948,0.215031,-0.758523,0.10335,-0.247686,-0.106854,0.486612,-0.125784,-0.22471,0.014352,-3.8e-05,9
6,18,0.76111,-0.503261,0.296265,0.171441,0.706844,-0.363188,-0.137479,-0.092691,-0.243814,-0.004579,-0.116201,0.042803,9
3,15,0.905885,-0.531691,0.304278,-0.231707,0.776899,0.013891,-0.28182,-0.003672,-0.259268,-0.081408,-0.044581,-0.068996,9
1,8,1.266745,-0.396697,0.152268,-0.41357,0.033087,-0.389329,0.113294,0.185218,-0.350953,-0.100835,-0.083651,0.106782,9
1,9,1.300103,-0.369755,0.252676,-0.385023,0.130716,-0.296697,0.14392,0.128265,-0.183113,-0.218815,-0.243618,0.211397,9
17,13,1.334598,-0.935858,0.39089,0.037756,0.493798,-0.098532,-0.212496,-0.00761,-0.269908,-0.049935,0.001292,0.001389,9
13,1,1.298623,-0.093577,0.246081,-0.562873,-0.031341,-0.469653,0.15772,0.297848,-0.300381,-0.029248,-0.037173,0.097859,9
3,11,1.087492,-0.335351,0.120007,-0.161185,0.674986,-0.190283,-0.246663,0.015826,-0.186428,-0.066051,0.075828,0.044852,9
26,10,1.121027,-0.478862,0.197048,-0.398373,0.505684,-0.181788,-0.193226,0.101971,-0.32052,-0.142538,-0.023585,0.120296,9
19,6,0.982032,-0.533954,0.564422,-0.460858,0.16212,-0.195955,-0.139535,0.26654,-0.377142,-0.356254,0.018814,0.10304,9
26,10,1.212234,-0.644546,0.091264,-0.038732,0.433685,0.035969,-0.356637,-0.110525,-0.104358,-0.268881,0.012287,0.108731,9
13,10,1.747003,-1.40599,0.156307,-0.158193,0.040292,-0.245569,-0.102061,0.157079,-0.382113,-0.250345,0.108294,0.150635,9
13,13,1.059246,-0.660646,0.182973,-0.108995,0.410996,-0.243237,0.0122,-0.033949,-0.46783,-0.062235,-0.017856,0.116107,9
22,2,0.94019,-0.271859,0.029131,-0.39447,0.103224,-0.037706,-0.174147,0.261201,-0.056662,-0.325792,-0.028355,0.139571,9
25,1,0.930609,-0.148703,0.207096,-0.381461,-0.213983,-0.17088,-0.01007,0.259103,-0.034622,-0.29039,0.123702,0.125297,9
21,10,0.750255,-0.224164,0.044064,-0.030691,0.525258,-0.392938,0.004954,-0.005907,-0.34936,-0.009604,0.071378,0.091553,9
2,3,1.226302,-0.433637,0.099982,-0.546638,0.304848,-0.200594,-0.228606,0.224133,-0.180115,-0.293701,-0.1425,0.063277,9
4,2,1.11914,-0.043878,0.219106,-0.467641,-0.062028,-0.470764,0.273746,0.276665,-0.209353,-0.02586,-0.081434,0.090795,9
6,16,0.963308,-0.697906,0.470315,-0.006271,0.419042,0.010057,-0.363429,-0.013004,-0.244062,-0.157836,0.217642,-0.05914,9
23,7,1.249693,-0.721155,0.145885,-0.464999,0.102409,-0.312763,-0.015355,0.170627,-0.423165,-0.076558,0.078961,0.124126,9
13,10,1.190901,-0.490613,0.135813,-0.299807,0.30493,-0.248885,0.027459,0.096328,-0.417143,-0.170001,0.037676,0.212519,9
1,1,1.587478,0.011602,0.176796,-0.315726,-0.154902,-0.569685,0.169223,0.240834,-0.021412,-0.070292,-0.108172,0.103413,9
29,10,1.118108,-0.258605,-0.103982,-0.231256,0.344866,-0.223807,-0.014415,-0.046215,-0.219385,0.013357,-0.010018,0.19286,9
2,5,1.213034,-0.350239,0.176224,-0.283377,0.470095,-0.266292,-0.028925,0.063385,-0.404648,-0.110509,0.015787,0.189642,9
17,5,1.4551,-0.575683,0.202991,-0.465586,0.235229,-0.097787,-0.186703,0.289169,-0.122138,-0.295325,0.117696,0.250222,9
19,8,1.113885,-0.715478,0.457829,-0.40047,0.37138,-0.139272,-0.129452,0.274856,-0.39255,-0.331625,-0.002714,0.066841,9
8,12,1.074424,-0.486903,0.178647,-0.264054,0.618446,-0.150433,-0.135212,0.105338,-0.34233,-0.032269,0.108687,0.107962,9
30,5,1.141889,-0.485815,0.288329,-0.687604,0.301889,-0.203278,0.057573,0.382032,-0.245315,-0.1879,-0.034779,0.170756,9
24,4,1.03696,-0.013341,-0.47798,-0.131131,-0.136655,-0.229323,-0.00779,0.00769,0.090735,-0.413667,0.120819,0.148659,9
4,11,1.436278,-0.550717,0.227921,-0.291414,0.414114,-0.147212,0.106324,0.025804,-0.206734,-0.047993,-0.145286,0.321329,9
17,6,1.233045,-0.419669,-0.01685,-0.382656,0.202159,-0.14332,-0.108145,0.241958,-0.289457,-0.216877,0.091035,0.134676,9
11,5,1.358207,-0.320064,0.33337,-0.580651,-0.164989,-0.247798,-0.013825,0.28887,-0.278871,-0.228208,0.150155,0.07383,9
11,10,1.158676,-0.682392,0.287635,-0.305141,0.215313,-0.233966,-0.293302,-0.013335,-0.32351,-0.100222,0.204967,0.152827,9
5,12,0.973761,-0.36261,-0.020527,0.008483,0.320924,-0.338729,0.144154,-0.072931,-0.329463,-0.060753,0.050576,0.299064,9
18,9,1.047935,-0.423504,0.140723,-0.193828,0.382667,-0.180675,-0.209427,0.169009,-0.27952,-0.240722,0.177973,0.204865,9
17,8,1.219501,-0.609781,0.118316,-0.246194,0.361556,-0.163793,-0.140351,0.154091,-0.368996,-0.209085,0.032872,0.147269,9
1,3,1.331602,-0.048136,0.233187,-0.240975,-0.238177,-0.433666,0.133098,0.230347,0.045999,-0.169915,-0.086713,0.106553,9
25,13,1.209465,-0.959196,0.509631,0.251227,0.550188,-0.160495,-0.296036,-0.018256,-0.354598,-0.077417,0.027824,-0.170827,9
10,1,1.300204,-0.182885,-0.157908,-0.437236,0.175893,-0.031722,-0.091669,0.210465,-0.154168,-0.176714,-0.012035,0.028065,9
11,3,1.250701,-0.178172,0.397305,-0.760744,-0.155447,-0.322199,-0.025587,0.322076,-0.221868,-0.111083,0.107869,0.024247,9
13,15,0.982148,-0.7778,0.27589,-0.006651,0.48688,-0.193326,-0.000663,-0.073358,-0.449452,-0.045854,-0.057,0.105154,9
8,15,0.893902,-0.534961,0.237067,-0.099498,0.70191,-0.20486,-0.058189,0.048893,-0.344777,-0.004622,0.029013,0.113978,9
9,5,1.288027,-0.565575,0.331089,-0.608892,0.148409,-0.268327,-0.137883,0.26515,-0.314505,-0.224229,0.069953,0.166666,9
28,1,1.407858,-0.310496,0.139769,-0.419397,-0.374991,-0.283117,-0.111215,0.341622,-0.017056,-0.139756,0.160754,0.080159,9
13,11,1.686534,-1.438798,0.244818,-0.151413,0.001218,-0.111623,-0.034211,0.057941,-0.381913,-0.219327,0.088909,0.143069,9
6,6,1.12982,-0.517971,0.019036,-0.346278,0.076879,-0.104386,-0.230041,0.156041,-0.154536,-0.268136,0.193311,0.23408,9
3,14,1.080687,-0.393211,0.26219,-0.10808,0.670798,-0.16863,-0.224619,0.078237,-0.292811,-0.036122,0.083184,-0.016586,9
25,6,1.00477,-0.387321,-0.066153,-0.146857,0.135856,-0.06248,-0.223233,0.110797,-0.249013,-0.219665,0.181266,0.183997,9
12,7,1.347424,-0.300622,-0.395117,-0.188675,-0.117887,-0.247235,0.023343,0.038245,-0.146962,-0.314601,0.024562,0.220949,9
4,15,0.814215,-0.729954,0.471977,-0.193769,0.600424,-0.12357,-0.3478,-0.010445,-0.221795,-0.165513,0.052037,0.100308,9
1,9,1.313255,-0.520735,0.188857,-0.399826,0.067098,-0.374269,0.102493,0.129602,-0.336935,-0.15236,-0.109432,0.207979,9
24,4,1.201284,-0.389109,-0.138033,-0.340961,-0.067795,-0.063424,-0.2093,0.074079,0.061558,-0.375152,0.057543,0.275242,9
16,1,0.961089,0.101827,0.013051,-0.473609,-0.216827,-0.257211,-0.110707,0.255169,0.087958,-0.230163,0.077789,0.058856,9
8,18,0.721473,-0.493274,0.425455,0.026281,0.694573,-0.199734,-0.266302,0.124142,-0.262656,-0.086931,0.105926,-0.058287,9
5,6,1.195075,-0.599895,0.342887,-0.463751,0.649562,-0.087006,-0.305662,0.211161,-0.265431,-0.169726,0.075047,0.108096,9
17,12,1.065539,-0.682723,0.299327,0.011908,0.506107,-0.095613,-0.282764,-0.029556,-0.256498,-0.087453,0.005665,0.023892,9
18,5,1.171679,-0.53167,0.29928,-0.668969,0.357118,-0.213176,-0.308175,0.273844,-0.25897,-0.229807,0.041901,0.147265,9
3,3,1.23899,-0.136182,0.326814,-0.520204,0.087727,-0.440835,0.109357,0.358628,-0.120861,-0.182471,-0.195188,0.109788,9
7,7,1.231574,-0.487669,0.278439,-0.548891,0.248866,-0.160286,-0.170073,0.168518,-0.208796,-0.293708,0.077945,0.309092,9
1,12,1.279035,-0.604105,0.267678,-0.265741,0.216363,-0.192553,-0.171788,0.193807,-0.31935,-0.270961,0.114849,0.171902,9
16,10,1.251047,-0.406402,0.050231,-0.078063,0.660976,-0.24526,-0.222511,-0.036759,-0.249042,-0.072885,-0.08022,0.11266,9
29,11,1.333588,-0.336968,0.030185,-0.129151,0.499724,0.131581,-0.387142,-0.144674,-0.163379,-0.31326,0.002683,0.017867,9
20,11,1.575589,-0.486196,-0.069117,-0.212794,0.2314,-0.34722,0.081548,0.037898,-0.199062,-0.121283,-0.197344,0.231165,9
5,2,1.29435,-0.034288,0.107561,-0.507057,-0.071167,-0.531736,0.262988,0.379501,-0.243108,0.01088,-0.039216,0.119862,9
20,10,1.495819,-0.429773,-0.067848,-0.239857,0.188338,-0.394748,0.095879,0.093734,-0.197024,-0.113565,-0.188952,0.214382,9
15,7,1.132787,-0.66748,0.074214,-0.120136,0.20295,-0.185826,-0.218775,0.085683,-0.310339,-0.196189,0.067725,0.146065,9
5,5,1.127746,-0.043165,-0.021545,-0.432011,0.014158,-0.472694,0.255621,0.232985,-0.265145,-0.020944,-0.045078,0.21386,9
25,5,0.969227,-0.269483,-0.148744,-0.192929,0.026561,-0.074599,-0.179392,0.166177,-0.243854,-0.284663,0.193032,0.211929,9
23,5,1.31809,-0.52921,-0.044035,-0.367788,-0.156588,-0.284167,-0.021618,0.255331,-0.256549,-0.123643,0.031537,0.001498,9
19,6,1.097613,-0.379851,0.052859,-0.464317,0.592085,-0.31133,-0.145503,0.176896,-0.358599,-0.132075,-0.039302,0.124415,9
6,19,0.757553,-0.513971,0.321265,0.182105,0.712926,-0.351705,-0.147433,-0.092575,-0.237379,0.001342,-0.10889,0.032542,9
25,7,1.422555,-0.737113,0.238933,-0.071289,0.496708,-0.066102,-0.319704,0.01518,-0.335014,-0.119123,0.117766,-0.018019,9
16,1,1.370764,-0.437526,0.44215,-0.782441,-0.004708,-0.277188,-0.280738,0.409038,-0.014378,-0.230881,-0.015744,0.104866,9
23,2,1.300551,-0.230109,0.069042,-0.353132,0.099003,-0.074583,-0.168097,0.188971,-0.006286,-0.302891,-0.010003,0.135814,9
16,7,1.231348,-0.255885,0.046596,-0.353049,0.523675,-0.15021,-0.117831,-0.004043,-0.144482,-0.190863,-0.093565,0.24419,9
18,1,0.791434,-0.323044,0.317135,-0.722195,-0.101159,-0.224655,-0.21008,0.425723,-0.080314,-0.253283,0.06578,0.10058,9
7,2,1.075146,-0.460754,0.445836,-0.706261,-0.129683,-0.170271,-0.093547,0.194996,-0.058301,-0.226628,-0.021938,0.277151,9
23,5,1.294748,-0.325878,0.38937,-0.600737,0.606433,0.071992,-0.29314,0.039263,-0.264982,-0.136489,0.00952,0.139165,9
28,6,1.379946,-0.543782,0.053059,-0.264493,-0.068116,-0.130865,-0.158665,0.267047,-0.208424,-0.218144,0.194063,0.150231,9
25,6,1.477946,-0.70211,0.114458,-0.054919,0.487133,-0.102203,-0.347174,0.097582,-0.299589,-0.183629,0.101453,0.012166,9
30,6,1.162979,-0.34098,0.290894,-0.553881,0.324858,-0.250906,0.008865,0.249452,-0.35053,-0.169895,0.101546,0.227674,9
15,11,0.770457,-0.488004,0.179936,-0.012345,0.730446,-0.247525,-0.098423,-0.085915,-0.227168,0.044729,-0.032297,0.103245,9
18,8,0.797127,-0.424758,-0.014615,-0.230534,0.30218,-0.44132,0.032384,-0.058173,-0.355668,-0.052449,0.021645,0.278737,9
6,3,1.153688,-0.403568,0.046696,-0.391671,-0.086907,-0.214901,-0.118371,0.230417,-0.10939,-0.228599,0.162791,0.210723,9
28,10,1.175623,-0.67923,-0.128117,-0.013344,0.231451,-0.010919,-0.299932,-0.092922,-0.339495,-0.035084,0.115294,0.038878,9
1,15,0.788728,-0.38165,0.133488,-0.099593,0.714338,-0.176042,-0.102111,-0.038891,-0.24482,-0.119669,-0.154014,0.096,9
14,7,1.370297,0.049907,-0.153188,-0.321018,0.008573,-0.295764,-0.182151,0.219081,-0.276078,-0.171714,-0.02318,0.064657,9
5,15,0.65405,-0.231511,0.022823,0.090096,0.48941,-0.370111,0.073845,-0.161402,-0.324382,-0.029169,0.019311,0.25369,9
6,13,1.226156,-0.773874,0.326914,0.01879,0.30086,0.012289,-0.324748,0.030851,-0.330384,-0.282562,0.28184,0.062129,9
7,1,1.116844,-0.46359,0.390486,-0.705219,-0.202995,-0.219175,-0.036525,0.241032,-0.049976,-0.22074,-0.011838,0.213277,9
22,1,0.722903,-0.659432,-0.188257,-0.186586,-0.016672,-0.194239,0.020373,0.07405,-0.120119,-0.200436,0.04254,0.124569,9
27,9,1.038514,-0.176533,-0.336229,0.091431,0.143122,-0.060936,0.045366,-0.177068,0.030139,-0.427519,-0.008525,0.1355,9
22,4,0.977918,-0.517384,-0.074389,-0.301865,0.251511,-0.07868,-0.153422,0.159796,-0.244974,-0.30108,0.075455,0.136571,9
11,2,1.283677,-0.153325,0.343966,-0.704759,-0.199868,-0.340737,-0.018683,0.345364,-0.184665,-0.096903,0.111356,-0.002061,9
21,3,1.270483,-0.217089,0.134068,-0.478057,0.252143,-0.351305,-0.045695,0.311252,-0.222976,-0.176852,0.047691,0.198695,9
25,2,0.932398,-0.215458,0.047454,-0.368668,-0.098858,-0.108544,-0.065299,0.232146,-0.063349,-0.341865,0.114966,0.154344,9
3,4,1.449159,-0.296557,-0.111391,-0.382739,0.329198,-0.326847,-0.070473,0.145345,-0.282616,-0.073825,0.026614,0.189864,9
10,6,1.316629,-0.262739,0.141541,-0.59994,0.156274,-0.423471,-0.035363,0.419981,-0.207072,-0.165127,-0.092758,0.064709,9
25,8,0.933609,-0.488606,0.015762,-0.072036,0.353393,-0.026345,-0.226519,0.11601,-0.292593,-0.204325,0.220114,0.075909,9
10,2,1.320299,-0.213391,0.386707,-0.592262,-0.135521,-0.304609,-0.114501,0.397888,-0.022343,-0.225579,0.081001,0.10256,9
24,11,1.074518,-0.689243,0.139229,0.058871,0.443318,-0.050469,-0.360985,0.017376,-0.245833,-0.079183,0.212596,-0.016919,9
14,13,1.302017,-0.533852,0.11744,-0.10802,0.462149,-0.267608,-0.167724,-0.017017,-0.354216,0.006353,0.01339,0.126285,9
26,14,0.937612,-0.678013,0.50391,-0.279274,0.599142,-0.167765,-0.441493,0.025588,-0.320885,-0.145628,0.103565,0.027787,9
2,5,1.202362,-0.450799,0.086504,-0.45627,0.414479,-0.26665,-0.233691,0.149307,-0.252798,-0.233696,-0.111007,0.109842,9
27,7,1.159332,-0.136711,-0.306608,-0.418685,-0.006828,-0.29913,-0.128291,0.234696,-0.120527,-0.258992,0.04107,0.116001,9
9,12,1.198807,-0.592085,0.122787,-0.299481,0.456523,-0.115315,-0.225974,0.045996,-0.225484,-0.164672,0.145561,0.224553,9
24,7,1.128988,-0.449284,-0.143659,-0.200743,0.214046,-0.057225,-0.309702,0.064621,-0.118667,-0.227528,0.175622,0.205026,9
6,3,1.121924,-0.261265,0.174386,-0.51525,-0.088227,-0.519687,0.300052,0.187204,-0.272487,-0.048,-0.112537,0.209043,9
27,8,1.173024,-0.217193,-0.305467,0.058963,0.027079,-0.090303,0.044973,-0.141463,0.006642,-0.406759,-0.020713,0.164882,9
20,1,1.229754,-0.412049,0.44825,-0.626694,-0.251684,-0.447848,-0.009771,0.262005,-0.172498,-0.068798,0.056133,0.109308,9
3,15,1.009036,-0.440856,0.388689,-0.082673,0.655708,-0.19431,-0.235499,0.099291,-0.291732,-0.045928,0.084425,-0.049967,9
3,7,1.115005,-0.221256,0.156043,-0.425007,0.366776,-0.198066,0.011149,0.293,-0.201589,-0.334623,-0.132503,0.086738,9
21,5,0.975493,-0.734597,-0.066875,-0.419634,0.316855,-0.238644,0.010791,0.027104,-0.296107,-0.124217,-0.051128,0.203075,9
19,10,1.034154,-0.473672,-0.012606,-0.030177,0.694968,-0.236034,-0.080654,-0.01656,-0.34272,-0.023341,-0.102056,0.098652,9
7,13,0.779671,-0.620103,0.638467,-0.410531,0.579952,0.014658,-0.481666,0.165734,-0.231596,-0.229429,0.173749,0.081551,9
25,11,1.318091,-0.996297,0.482917,0.091247,0.563907,-0.09246,-0.323024,0.043234,-0.331339,-0.09866,0.042877,-0.156873,9
16,4,1.163998,0.168675,0.001833,-0.583028,0.156983,-0.065925,-0.13696,0.207718,-0.065229,-0.187906,0.059111,0.02537,9
6,11,1.127695,-0.703083,0.168632,-0.015921,0.317471,0.054222,-0.329284,0.074754,-0.268712,-0.241338,0.27451,0.119907,9
20,15,1.360617,-0.437963,0.020269,-0.163807,0.599256,-0.163168,-0.150207,-0.072648,-0.265189,-0.113974,-0.127691,0.148649,9
25,9,1.420387,-0.903993,0.349435,0.011124,0.542922,-0.068079,-0.305438,0.044144,-0.344149,-0.119799,0.124973,-0.05823,9
26,2,1.275841,-0.243482,-0.128623,-0.277007,-0.224854,-0.222121,0.001134,-0.069141,0.209403,-0.384482,-0.134196,0.244012,9
30,9,0.966744,-0.323093,0.305467,-0.419457,0.514195,-0.31106,-0.033985,0.154038,-0.389686,-0.089183,0.16625,0.173642,9
4,12,1.2361,-0.404873,0.162675,-0.169899,0.529082,-0.248244,0.074555,0.019478,-0.25058,0.010648,-0.06618,0.265221,9
15,12,0.791902,-0.561904,0.24214,0.031241,0.718256,-0.196216,-0.061971,-0.082997,-0.262518,0.067831,-0.03582,0.061648,9
8,13,0.97037,-0.505375,0.20836,-0.17297,0.648733,-0.173814,-0.107963,0.067825,-0.340189,-0.030101,0.071269,0.099043,9
18,7,1.272172,-0.541816,0.283998,-0.521823,0.371964,-0.211061,-0.299368,0.209166,-0.303,-0.261077,0.11886,0.250868,9
5,16,0.701181,-0.667726,0.838964,-0.072641,0.726654,-0.108832,-0.407138,0.158788,-0.256683,-0.092597,0.125103,-0.124462,9
11,9,1.082847,-0.477288,0.312736,-0.579934,0.2266,-0.185527,-0.303752,0.014484,-0.342479,-0.128049,0.168868,0.139583,9
10,5,1.126103,-0.328529,0.121342,-0.231798,0.451821,-0.098847,-0.205536,0.124331,-0.186437,-0.248588,0.0931,0.110119,9
5,10,0.920008,-0.183865,-0.068604,-0.128268,0.142028,-0.388253,0.217586,0.009362,-0.237579,-0.100459,-0.000606,0.303973,9
13,7,1.264911,-0.411571,0.178294,-0.402976,0.187623,-0.323081,0.053624,0.100127,-0.371685,-0.079914,0.003743,0.190332,9
1,7,1.313458,-0.343047,0.247342,-0.523869,0.006131,-0.394448,0.083061,0.264612,-0.345292,-0.101931,-0.052857,0.069825,9
27,4,1.202193,0.274842,-0.569779,-0.006122,-0.075496,-0.386146,0.065169,0.041434,0.189002,-0.33552,-0.085666,0.023233,9
8,3,1.621477,-0.223292,0.14482,-0.596831,0.120236,-0.394266,0.009391,0.256134,-0.386982,-0.161956,0.017917,0.181179,9
19,4,1.089764,-0.488294,0.523908,-0.498717,-0.006327,-0.135812,-0.136801,0.174946,-0.310039,-0.276111,0.076407,0.049307,9
29,8,1.214579,-0.399925,-0.127891,-0.239583,0.221423,-0.374714,0.046216,0.051754,-0.197824,-0.099159,-0.018177,0.359986,9
18,14,0.814933,-0.530521,0.375191,0.089686,0.593556,-0.16199,-0.186762,0.040603,-0.321453,0.063947,0.126483,-0.115249,9
20,7,1.428232,-0.458205,0.250684,-0.587776,-0.022077,-0.369183,0.010236,0.276852,-0.151166,-0.157149,-0.136865,0.154902,9
20,8,0.922757,-0.335304,-0.039688,0.03376,0.445371,-0.328543,0.03371,-0.119606,-0.179058,-0.100788,-0.087966,0.316544,9
27,1,0.868252,-0.165602,-0.472931,0.153917,-0.072916,-0.234803,0.20996,0.165318,0.168707,-0.292245,-0.048096,-0.088355,9
5,12,0.856626,-0.537993,0.57939,-0.194862,0.71823,-0.044848,-0.383288,0.0547,-0.28773,-0.176227,0.073853,-0.014719,9
17,1,1.164143,-0.326873,-0.021113,-0.418294,-0.166244,-0.234142,-0.173134,0.331097,-0.027745,-0.210537,0.054064,0.097877,9
20,10,1.0541,-0.511871,0.207425,0.059756,0.4934,-0.21218,-0.029378,-0.217926,-0.230368,-0.01183,-0.040807,0.256698,9
20,19,1.099922,-0.537992,0.283298,0.133283,0.682201,-0.191419,-0.130903,-0.096546,-0.267898,-0.046409,-0.114631,0.064113,9
7,16,1.254612,-0.639301,0.397972,-0.138194,0.518108,0.005337,-0.419117,0.034966,-0.184697,-0.244537,0.146165,0.037456,9
5,18,0.536538,-0.242182,0.053232,0.149464,0.525185,-0.293337,0.027061,-0.199441,-0.258926,-0.06971,0.019024,0.182585,9
11,9,1.139731,-0.365524,0.115952,-0.389271,0.47279,-0.264275,-0.121006,0.165398,-0.325905,-0.143792,0.062095,0.250308,9
12,15,1.119127,-0.651891,0.209859,0.192748,0.513116,-0.057619,-0.281972,-0.00121,-0.308792,-0.120067,0.131171,-0.049591,9
18,2,0.900833,-0.365025,0.054897,-0.569979,-0.083379,-0.329342,0.07835,0.17417,-0.340051,-0.01705,0.055012,0.128804,9
9,10,1.293192,-0.502138,-0.006388,-0.329926,0.261993,-0.219979,-0.22052,0.064987,-0.201751,-0.193561,0.19814,0.258465,9
9,5,1.34013,-0.250253,-0.106679,-0.500399,-0.098663,-0.206614,-0.08325,0.178016,-0.092938,-0.2239,0.046626,0.116555,9
13,12,1.632855,-1.466623,0.208753,-0.017872,0.161844,-0.201331,-0.070087,0.038924,-0.442528,-0.15104,0.084024,0.058811,9
16,6,1.40161,-0.31461,0.095384,-0.494617,0.53263,-0.180167,-0.195407,0.05883,-0.158909,-0.109485,-0.10955,0.231457,9
4,12,0.913928,-0.738495,0.412372,-0.3592,0.543383,-0.164632,-0.273388,0.095449,-0.30977,-0.124158,0.083864,0.190041,9
20,2,1.355087,-0.47026,0.440139,-0.661189,-0.215972,-0.464733,-0.016995,0.319599,-0.154826,-0.052252,-0.023115,0.090478,9
2,11,0.832742,-0.69249,0.420171,-0.213138,0.675277,-0.163446,-0.335985,0.068306,-0.368669,-0.157679,0.032074,-0.056958,9
1,11,1.169659,-0.408841,0.2465,-0.332946,0.384294,-0.197019,-0.022976,0.108011,-0.180277,-0.219422,-0.222582,0.217592,9
3,6,1.091187,-0.171044,0.165382,-0.423746,0.290849,-0.237037,0.041872,0.294505,-0.137394,-0.345051,-0.108307,0.096566,9
26,15,0.940369,-0.652831,0.457452,-0.259364,0.624977,-0.236877,-0.454757,0.017603,-0.278405,-0.101095,0.06807,-0.002035,9
23,1,1.382714,-0.184104,0.066019,-0.432141,-0.015288,-0.049019,-0.12333,0.202696,0.041879,-0.277021,-0.05809,0.101588,9
10,1,1.166344,-0.144428,0.408938,-0.620263,-0.154973,-0.361136,-0.104019,0.394993,-0.084782,-0.169695,0.094705,0.052833,9
28,2,1.011173,-0.180188,-0.237999,-0.344964,-0.104752,-0.273027,-0.165804,0.243675,-0.071081,-0.267674,0.074387,0.161397,9
22,16,0.974204,-0.497267,0.34488,0.342763,0.554766,-0.081451,-0.418375,0.008141,-0.243202,-0.199131,0.053807,-0.151088,9
4,10,1.427034,-0.440648,0.094745,-0.221535,0.381314,-0.220907,0.117492,0.002059,-0.213149,-0.056918,-0.121318,0.292133,9
7,11,1.210849,-0.641732,0.323882,-0.357594,0.365168,-0.185516,-0.074899,0.117463,-0.403489,-0.080585,0.119329,0.160457,9
16,12,1.082058,-0.330344,0.115921,-0.243579,0.66406,-0.223206,-0.225068,0.124102,-0.317983,-0.041113,0.08267,0.091498,9
7,6,1.213444,-0.401749,0.097726,-0.497334,0.304582,-0.191283,-0.120235,0.137945,-0.185626,-0.251259,0.016233,0.242972,9
12,14,0.94142,-0.786808,0.363879,-0.083762,0.522123,-0.104336,-0.192442,-0.128937,-0.378603,0.027109,-0.006074,-0.03352,9
13,3,1.312305,-0.275645,0.108986,-0.499249,0.119401,-0.445204,0.09771,0.205908,-0.328881,-0.093994,-0.106894,0.189522,9
9,8,1.50593,-0.45089,-0.097915,-0.420379,0.02978,-0.255898,-0.144948,0.126062,-0.220735,-0.256812,0.130208,0.231179,9
16,14,0.686003,-0.351796,0.165926,0.140062,0.635658,-0.270417,-0.202226,-0.013927,-0.205702,-0.129162,0.049983,-0.058616,9
26,5,1.099244,-0.382404,0.023931,-0.067949,0.011231,-0.27955,-0.197341,-0.095044,0.054342,-0.303988,-0.054598,0.263645,9
5,2,1.121348,-0.444346,0.43328,-0.571379,0.51774,-0.173175,-0.316754,0.276021,-0.293804,-0.227987,0.098665,0.20751,9
14,2,1.389271,-0.564711,0.147958,-0.588051,0.014295,-0.481044,-0.120485,0.20003,-0.118694,-0.156013,-0.269086,0.187283,9
26,1,1.350661,-0.612996,0.386161,-0.726014,-0.038534,-0.21252,-0.278075,0.342428,-0.0233,-0.312139,-0.033179,0.145436,9
2,7,1.128922,-0.551824,0.201894,-0.42164,0.567916,-0.261888,-0.317933,0.102329,-0.341351,-0.203219,-0.03861,0.127978,9
24,5,1.133934,-0.39225,-0.119351,-0.284969,0.040101,-0.055635,-0.254026,0.055293,0.003548,-0.345845,0.125097,0.289333,9
20,4,1.057713,-0.15397,-0.251618,-0.252386,0.125063,-0.419135,0.275175,0.171403,-0.116255,-0.16854,-0.132991,0.283916,9
21,4,1.191334,-0.654259,-0.238465,-0.497971,0.393883,-0.291741,-0.042874,0.039742,-0.267749,-0.095989,-0.136781,0.183526,9
21,8,0.9616,-0.118619,0.014742,-0.382606,0.643761,-0.3935,-0.134235,-0.020091,-0.327956,-0.047093,-0.054577,0.170766,9
1,2,1.155726,-0.168982,0.385749,-0.480784,-0.226822,-0.470891,0.10203,0.308255,-0.261857,0.024854,0.026492,-0.040641,9
23,8,1.183738,-0.680265,0.228104,-0.514648,0.127063,-0.282947,-0.039983,0.14873,-0.435957,-0.097956,0.079997,0.150273,9
15,5,1.466419,-0.715353,0.110918,-0.254917,0.224649,-0.219843,-0.026022,-0.00211,-0.245968,-0.133095,-0.106091,0.240367,9
20,3,1.428604,-0.488052,0.361346,-0.672122,-0.195829,-0.452418,-0.008408,0.326697,-0.15749,-0.078766,-0.053187,0.078472,9
12,16,0.902862,-0.844496,0.440911,0.06904,0.537926,-0.193958,-0.145767,-0.082839,-0.374238,0.037377,-0.020583,-0.061689,9
4,6,1.162535,-0.521039,0.304094,-0.661845,0.178174,-0.248037,-0.125364,0.178305,-0.294803,-0.180046,0.002854,0.276219,9
12,2,1.659279,-0.30194,-0.059518,-0.556808,-0.213941,-0.383263,-0.088973,0.416675,-0.122038,-0.189069,0.065578,0.010017,9
29,2,1.601568,-0.401418,-0.115707,-0.549387,-0.033465,-0.543227,0.13675,0.172487,-0.190715,-0.017122,-0.111288,0.227841,9
22,6,0.972977,-0.600708,-0.160085,0.181684,0.238875,-0.149298,-0.070138,-0.038834,-0.173475,-0.116466,0.079119,0.134604,9
1,6,1.375948,-0.380495,0.354738,-0.627268,-0.087936,-0.394132,0.090389,0.331945,-0.348058,-0.120292,-0.017333,0.01392,9
5,4,1.137305,-0.562502,0.149318,-0.634079,0.587989,-0.161274,-0.338976,0.171505,-0.345995,-0.15895,0.07514,0.111364,9
8,6,1.536322,-0.425718,0.261294,-0.54469,0.142804,-0.290806,-0.095524,0.226026,-0.321911,-0.172449,0.01377,0.179885,9
8,9,1.364154,-0.618557,0.209713,-0.063243,0.560604,-0.208641,-0.20796,-0.041233,-0.380295,-0.003248,0.023036,0.045388,9
9,15,0.960457,-0.737683,0.34073,-0.084088,0.572813,-0.063027,-0.307141,0.048242,-0.290989,-0.147518,0.122461,-0.043225,9
22,15,1.01256,-0.525389,0.283875,0.310697,0.494154,-0.057216,-0.401884,-0.047173,-0.1992,-0.214095,0.026308,-0.122998,9
10,12,1.392085,-0.36169,0.111803,-0.25519,0.540194,-0.266943,-0.169311,0.159591,-0.335623,-0.131969,0.024286,0.191009,9
8,10,1.380437,-0.513823,0.184436,-0.433493,0.477394,-0.143198,-0.088615,0.190712,-0.342323,-0.058105,0.090467,0.152152,9
