What_would_you_call_the_part_of_the_country_you_live_in_now,How_much_do_you_personally_identify_as_a_Midwesterner,Do_you_consider_Illinois_state_as_part_of_the_Midwest,Do_you_consider_Indiana_state_as_part_of_the_Midwest,Do_you_consider_Iowa_state_as_part_of_the_Midwest,Do_you_consider_Kansas_state_as_part_of_the_Midwest,Do_you_consider_Michigan_state_as_part_of_the_Midwest,Do_you_consider_Minnesota_state_as_part_of_the_Midwest,Do_you_consider_Missouri_state_as_part_of_the_Midwest,Do_you_consider_Nebraska_state_as_part_of_the_Midwest,Do_you_consider_North_Dakota_state_as_part_of_the_Midwest,Do_you_consider_Ohio_state_as_part_of_the_Midwest,Do_you_consider_South_Dakota_state_as_part_of_the_Midwest,Do_you_consider_Wisconsin_state_as_part_of_the_Midwest,Do_you_consider_Arkansas_state_as_part_of_the_Midwest,Do_you_consider_Colorado_state_as_part_of_the_Midwest,Do_you_consider_Kentucky_state_as_part_of_the_Midwest,Do_you_consider_Oklahoma_state_as_part_of_the_Midwest,Do_you_consider_Pennsylvania_state_as_part_of_the_Midwest,Do_you_consider_West_Virginia_state_as_part_of_the_Midwest,Do_you_consider_Montana_state_as_part_of_the_Midwest,Do_you_consider_Wyoming_state_as_part_of_the_Midwest,Gender,Age,Household_Income,Education,In_what_ZIP_code_is_your_home_located,Census_Region
South,Not at all,Yes,Yes,Yes,Yes,No,No,Yes,Yes,No,Yes,No,No,No,No,No,No,No,No,No,No,Male,30-44,"$50,000 - $99,999",Some college,71913,West South Central
the South,Not at all,Yes,Yes,Yes,Yes,No,No,Yes,Yes,No,Yes,No,No,No,No,No,Yes,No,No,No,No,Female,45-60,"$150,000+",Some college,72210,West South Central
Backwoods,Some,No,No,No,No,No,No,No,No,No,No,No,No,No,Yes,No,Yes,No,No,No,Yes,Female,18-29,"$0 - $24,999",Some college,72683,West South Central
"Hot, sorta uncomfortable, redneck, gun idiot to the max, religiously dark aged, stupid, head up their ass, could really do a better job at being human and needs better education.",Not at all,No,No,No,No,No,No,No,Yes,No,No,No,No,No,No,No,No,No,No,No,No,Male,45-60,"$50,000 - $99,999",Associate or bachelor degree,76051,West South Central
The south.,Not at all,No,No,Yes,Yes,No,Yes,No,Yes,Yes,No,Yes,Yes,No,Yes,Yes,No,No,No,Yes,Yes,Female,18-29,"$25,000 - $49,999",Some college,72202,West South Central
City,Some,No,No,Yes,Yes,No,Yes,Yes,Yes,Yes,No,Yes,No,Yes,Yes,Yes,Yes,No,Yes,No,Yes,Female,18-29,"$25,000 - $49,999",Some college,76010,West South Central
Texas,Not much,Yes,Yes,Yes,Yes,Yes,Yes,Yes,Yes,Yes,Yes,No,Yes,No,Yes,Yes,No,No,Yes,Yes,Yes,Male,30-44,"$100,000 - $149,999",Some college,75703,West South Central
Texas,Not at all,No,No,No,Yes,No,No,No,Yes,Yes,No,Yes,No,No,Yes,No,No,No,No,Yes,Yes,Male,45-60,"$100,000 - $149,999",Associate or bachelor degree,77355,West South Central
Southwest,Some,Yes,Yes,Yes,Yes,Yes,Yes,Yes,No,No,Yes,No,Yes,No,No,No,No,No,No,No,No,Male,45-60,"$150,000+",Graduate degree,73632,West South Central
Southwestern,Not at all,Yes,Yes,Yes,Yes,Yes,No,Yes,Yes,No,No,No,Yes,Yes,Yes,No,No,No,No,No,Yes,Female,45-60,"$50,000 - $99,999",Some college,77090,West South Central
One of the best places in te entire world,Not at all,No,No,Yes,Yes,No,No,No,No,No,No,No,No,No,No,No,No,No,No,Yes,No,Male,18-29,"$150,000+",High school degree,77089,West South Central
Mid south,Some,No,No,Yes,Yes,No,No,Yes,Yes,Yes,No,Yes,No,Yes,No,No,Yes,No,No,No,No,Male,> 60,"$0 - $24,999",Some college,74743,West South Central
Southwest,Not at all,No,No,No,No,No,No,No,No,No,No,No,No,Yes,Yes,No,Yes,No,No,No,Yes,Male,30-44,"$50,000 - $99,999",Some college,79913,West South Central
South Texas,Not at all,Yes,Yes,Yes,Yes,No,Yes,Yes,Yes,Yes,Yes,Yes,Yes,No,No,No,No,No,No,No,No,Male,45-60,"$150,000+",Associate or bachelor degree,77077,West South Central
South central,Not at all,Yes,Yes,Yes,No,No,No,Yes,No,No,Yes,No,No,No,No,No,No,No,No,No,No,Female,45-60,"$100,000 - $149,999",Associate or bachelor degree,74063,West South Central
Midwest,A lot,Yes,No,Yes,Yes,No,No,Yes,Yes,Yes,Yes,No,No,No,No,No,Yes,No,No,No,No,Male,45-60,"$100,000 - $149,999",Graduate degree,62901,West South Central
Midwest,A lot,No,No,Yes,Yes,No,No,Yes,Yes,No,No,Yes,No,Yes,Yes,No,Yes,No,No,No,No,Male,30-44,"$150,000+",Graduate degree,73044,West South Central
Central Southern,Not much,No,No,Yes,Yes,No,No,No,No,No,No,No,No,No,No,No,No,No,No,No,No,Female,> 60,"$100,000 - $149,999",Associate or bachelor degree,72903,West South Central
texas,Not at all,No,Yes,Yes,No,Yes,Yes,No,No,No,No,No,Yes,No,No,No,No,No,No,No,No,Female,45-60,"$0 - $24,999",Associate or bachelor degree,77803,West South Central
South,Not much,Yes,Yes,No,No,Yes,No,Yes,No,No,Yes,No,No,No,No,Yes,Yes,No,No,No,No,Female,30-44,"$0 - $24,999",Some college,77056,West South Central
The South,Not much,Yes,No,Yes,Yes,No,No,Yes,Yes,No,Yes,No,No,No,No,Yes,No,No,No,No,No,Female,18-29,"$25,000 - $49,999",Associate or bachelor degree,72956,West South Central
south central,Not at all,No,No,No,No,No,No,No,No,No,No,No,No,No,Yes,No,No,No,No,No,Yes,Female,18-29,"$0 - $24,999",Graduate degree,75104,West South Central
Fly over,A lot,No,No,Yes,Yes,No,No,Yes,Yes,Yes,Yes,Yes,No,Yes,Yes,No,Yes,No,No,No,Yes,Male,> 60,"$150,000+",Associate or bachelor degree,73703,West South Central
Central South,Not much,No,No,No,Yes,No,No,Yes,No,No,No,No,No,No,Yes,No,No,No,No,Yes,Yes,Female,30-44,"$25,000 - $49,999",Some college,75234,West South Central
Midwest,Not much,No,No,No,Yes,No,No,No,Yes,Yes,No,Yes,No,No,No,No,Yes,No,No,No,Yes,Female,30-44,"$25,000 - $49,999",Graduate degree,73071,West South Central
Midwest,Some,Yes,Yes,Yes,Yes,Yes,No,Yes,No,No,Yes,No,No,No,Yes,No,Yes,No,No,No,No,Female,30-44,"$50,000 - $99,999",Associate or bachelor degree,73072,West South Central
Southeast Texas,Not much,No,No,No,Yes,No,No,Yes,Yes,No,No,No,No,No,No,No,Yes,No,No,No,No,Male,> 60,"$50,000 - $99,999",Graduate degree,77304,West South Central
Midwest,Some,No,No,Yes,Yes,No,No,Yes,Yes,Yes,No,Yes,No,Yes,No,No,Yes,No,No,No,No,Female,> 60,"$50,000 - $99,999",Some college,73139,West South Central
new and gleaming,Not at all,Yes,Yes,Yes,No,Yes,Yes,Yes,No,No,Yes,No,Yes,No,No,No,No,No,No,No,No,Male,18-29,"$150,000+",Some college,76018,West South Central
Hell,Not at all,Yes,Yes,Yes,Yes,Yes,No,Yes,Yes,Yes,No,Yes,Yes,Yes,No,No,Yes,No,No,No,No,Female,45-60,"$0 - $24,999",Some college,73141,West South Central
Southwest,A lot,No,No,No,Yes,No,No,No,No,No,No,No,No,No,Yes,No,Yes,No,No,Yes,Yes,Female,45-60,"$50,000 - $99,999",Some college,73120,West South Central
Southwest,Not at all,Yes,Yes,No,No,Yes,No,No,No,No,Yes,No,Yes,No,No,No,No,No,No,No,No,Male,18-29,"$50,000 - $99,999",Some college,79938,West South Central
South or mid-south,A lot,Yes,Yes,Yes,Yes,Yes,Yes,Yes,Yes,Yes,Yes,Yes,Yes,No,No,No,No,No,No,No,No,Male,30-44,"$150,000+",Graduate degree,73003,West South Central
south,Not much,No,No,No,No,No,No,No,No,No,No,No,No,No,Yes,No,No,No,No,No,No,Female,45-60,"$50,000 - $99,999",Associate or bachelor degree,72015,West South Central
Mid South,Some,Yes,No,Yes,Yes,Yes,Yes,Yes,No,No,Yes,No,Yes,Yes,No,No,Yes,No,No,No,No,Male,18-29,"$25,000 - $49,999",Graduate degree,72903,West South Central
south redneck heaven,Some,No,No,No,Yes,No,No,Yes,No,No,No,No,No,Yes,No,Yes,Yes,No,No,No,No,Male,45-60,"$50,000 - $99,999",Some college,74480,West South Central
The south,Some,No,No,No,No,No,No,No,No,Yes,No,No,No,No,No,No,No,No,No,Yes,Yes,Female,45-60,"$50,000 - $99,999",Some college,72032,West South Central
The South,Not much,Yes,No,No,No,Yes,Yes,Yes,No,No,No,No,Yes,No,No,No,No,No,No,No,No,Female,18-29,"$50,000 - $99,999",Some college,72032,West South Central
mid-south,Some,No,No,No,No,No,No,No,Yes,Yes,No,Yes,Yes,No,Yes,No,Yes,No,No,No,Yes,Female,30-44,"$0 - $24,999",Associate or bachelor degree,72034,West South Central
Southwest,Not much,Yes,Yes,Yes,Yes,Yes,Yes,Yes,Yes,Yes,Yes,Yes,Yes,No,No,No,No,No,No,No,No,Female,> 60,"$50,000 - $99,999",Graduate degree,78750,West South Central
Texas,Not at all,Yes,Yes,No,No,Yes,No,No,No,No,Yes,No,Yes,No,No,No,No,No,No,No,No,Male,18-29,"$150,000+",Graduate degree,77054,West South Central
"the country, south, but not rural",Not at all,Yes,No,Yes,Yes,No,No,No,Yes,No,No,No,No,No,Yes,No,Yes,No,No,No,No,Male,30-44,"$50,000 - $99,999",High school degree,72032,West South Central
Midwest,Some,Yes,No,No,No,No,No,Yes,No,No,No,No,No,No,No,No,No,No,No,No,No,Female,45-60,"$50,000 - $99,999",Graduate degree,63011,West South Central
south,Not at all,No,No,No,Yes,No,No,Yes,Yes,No,No,No,No,No,No,Yes,Yes,No,No,No,No,Female,30-44,"$25,000 - $49,999",High school degree,71049,West South Central
South,Not at all,No,Yes,No,Yes,Yes,No,Yes,No,Yes,Yes,Yes,Yes,No,No,Yes,No,No,No,No,No,Female,30-44,"$0 - $24,999",Associate or bachelor degree,71901,West South Central
mountain top - summit,Some,No,No,No,Yes,No,No,Yes,No,No,No,No,No,Yes,No,No,Yes,No,No,No,No,Female,> 60,"$25,000 - $49,999",Some college,72036,West South Central
South,Not much,Yes,Yes,Yes,Yes,Yes,Yes,Yes,Yes,No,Yes,No,Yes,Yes,No,No,No,No,No,No,No,Female,> 60,"$100,000 - $149,999",Graduate degree,78750,West South Central
South,Not at all,No,No,No,No,No,No,No,No,No,No,No,No,No,Yes,No,No,No,No,Yes,Yes,Male,18-29,"$100,000 - $149,999",Associate or bachelor degree,75244,West South Central
south,Not at all,No,No,No,Yes,No,No,No,Yes,No,No,No,No,No,Yes,No,No,No,No,No,Yes,Male,45-60,"$50,000 - $99,999",Some college,76528,West South Central
Southwest,Not at all,Yes,Yes,Yes,Yes,Yes,Yes,Yes,No,No,No,No,Yes,No,No,No,No,No,No,No,No,Male,> 60,"$150,000+",Graduate degree,78654,West South Central
The Deep South,Not at all,No,No,No,Yes,No,No,Yes,Yes,No,No,No,Yes,No,Yes,No,Yes,No,No,No,Yes,Male,30-44,"$50,000 - $99,999",Graduate degree,70605,West South Central
South Central,Not much,No,No,No,Yes,No,No,No,No,No,No,No,No,No,Yes,No,Yes,No,No,Yes,Yes,Female,> 60,"$150,000+",High school degree,74962,West South Central
Green country -upper south,Not much,No,No,No,Yes,No,No,Yes,Yes,No,No,No,No,Yes,Yes,No,Yes,No,No,No,No,Female,45-60,"$100,000 - $149,999",Some college,74136,West South Central
in a mess,Not at all,No,No,No,No,No,No,No,Yes,No,No,No,No,No,Yes,No,No,No,No,No,Yes,Female,> 60,"$25,000 - $49,999",High school degree,70131,West South Central
Middle Plains,Not at all,Yes,Yes,No,Yes,Yes,Yes,Yes,Yes,No,No,No,Yes,Yes,No,No,Yes,No,No,Yes,Yes,Female,45-60,"$25,000 - $49,999",Some college,74401,West South Central
Mid west or Central Western States,A lot,No,Yes,Yes,Yes,Yes,Yes,Yes,Yes,Yes,Yes,Yes,Yes,Yes,Yes,No,Yes,No,No,No,Yes,Male,> 60,"$50,000 - $99,999",Graduate degree,74801,West South Central
The Southeast,Not at all,Yes,Yes,Yes,Yes,No,No,Yes,Yes,Yes,No,Yes,No,Yes,No,No,Yes,No,No,No,No,Male,45-60,"$150,000+",Some college,70431,West South Central
"The South, but I being so close to Missouri, I prefer midwest.",A lot,Yes,Yes,Yes,Yes,Yes,Yes,Yes,No,No,Yes,No,Yes,No,Yes,No,No,No,No,No,No,Female,45-60,"$25,000 - $49,999",Associate or bachelor degree,72703,West South Central
southwest,Not much,Yes,Yes,Yes,Yes,No,No,Yes,Yes,Yes,Yes,Yes,No,No,No,No,No,No,No,No,No,Female,45-60,"$150,000+",Graduate degree,73034,West South Central
Southern Mid-West,Some,Yes,Yes,Yes,Yes,Yes,Yes,Yes,Yes,Yes,No,Yes,Yes,Yes,No,No,Yes,No,No,No,No,Male,> 60,"$150,000+",Graduate degree,73008,West South Central
Texas,Not at all,Yes,No,No,No,No,No,No,No,No,Yes,No,No,No,No,No,No,No,No,No,No,Male,18-29,"$150,000+",Associate or bachelor degree,77345,West South Central
midwest,A lot,Yes,Yes,Yes,Yes,Yes,Yes,Yes,Yes,Yes,Yes,Yes,Yes,No,No,No,No,No,No,No,No,Male,30-44,"$25,000 - $49,999",Graduate degree,53575,East North Central
Midwest,Some,Yes,Yes,No,No,Yes,Yes,Yes,No,No,Yes,No,Yes,No,No,No,No,Yes,No,No,No,Female,45-60,"$150,000+",Some college,43469,East North Central
Central,Not much,Yes,Yes,Yes,Yes,No,Yes,Yes,Yes,Yes,No,Yes,Yes,No,No,No,Yes,No,No,No,Yes,Male,30-44,"$25,000 - $49,999",Graduate degree,60615,East North Central
MidWest,A lot,Yes,Yes,No,No,Yes,No,No,No,No,Yes,No,Yes,No,No,No,No,No,No,No,No,Female,45-60,"$50,000 - $99,999",Associate or bachelor degree,44107,East North Central
The midwest,A lot,Yes,No,No,No,Yes,No,No,No,No,Yes,No,Yes,No,No,No,No,No,No,No,No,Female,18-29,"$50,000 - $99,999",Some college,49505,East North Central
Upper Midwest,Some,Yes,Yes,Yes,Yes,Yes,Yes,Yes,Yes,Yes,No,Yes,Yes,No,Yes,No,No,No,No,Yes,Yes,Male,> 60,"$25,000 - $49,999",Graduate degree,54849,East North Central
Midwest,A lot,Yes,Yes,Yes,Yes,Yes,Yes,Yes,No,Yes,Yes,Yes,Yes,No,No,No,No,No,No,No,No,Female,18-29,"$25,000 - $49,999",Graduate degree,60647,East North Central
"Midwest, on the edge of East",Some,Yes,Yes,Yes,Yes,Yes,No,Yes,No,No,Yes,No,No,No,No,No,No,No,No,No,No,Female,45-60,"$50,000 - $99,999",Associate or bachelor degree,44107,East North Central
great,Not at all,Yes,Yes,No,No,No,Yes,No,No,No,No,No,Yes,No,No,No,No,No,No,No,No,Female,18-29,"$0 - $24,999",Some college,60429,East North Central
Southern Illinois,A lot,Yes,Yes,Yes,Yes,Yes,Yes,Yes,Yes,No,Yes,No,Yes,Yes,No,No,No,No,No,No,No,Female,18-29,"$25,000 - $49,999",Associate or bachelor degree,62816,East North Central
Buckeye country!,A lot,Yes,Yes,Yes,No,Yes,No,No,No,No,Yes,No,No,No,No,No,No,Yes,No,No,No,Male,45-60,"$50,000 - $99,999",Some college,44618,East North Central
Upper Midwest,Some,Yes,Yes,Yes,Yes,No,No,Yes,Yes,No,Yes,No,No,No,Yes,Yes,Yes,Yes,Yes,No,No,Female,18-29,"$50,000 - $99,999",Some college,47905,East North Central
Midwest,A lot,Yes,Yes,No,No,Yes,Yes,No,No,No,Yes,No,Yes,No,No,Yes,No,No,No,No,No,Female,45-60,"$50,000 - $99,999",Associate or bachelor degree,48009,East North Central
Cold,A lot,Yes,Yes,Yes,No,No,Yes,Yes,No,No,Yes,No,Yes,No,No,No,No,No,No,No,No,Female,18-29,"$150,000+",Some college,60008,East North Central
Midwest,Some,Yes,Yes,Yes,No,Yes,Yes,Yes,No,No,Yes,No,Yes,Yes,No,No,No,No,No,No,No,Female,30-44,"$50,000 - $99,999",Associate or bachelor degree,49088,East North Central
MIDWEST,Some,No,Yes,No,No,Yes,No,No,No,No,Yes,No,Yes,No,No,No,No,Yes,No,No,No,Female,45-60,"$50,000 - $99,999",Associate or bachelor degree,44107,East North Central
Midwest,A lot,Yes,Yes,Yes,Yes,No,No,Yes,Yes,No,Yes,No,No,No,No,Yes,Yes,No,No,No,No,Female,45-60,"$150,000+",Graduate degree,46226,East North Central
The midwest,Some,Yes,Yes,Yes,Yes,Yes,No,Yes,Yes,No,No,No,Yes,No,No,No,No,No,No,No,No,Female,30-44,"$100,000 - $149,999",Associate or bachelor degree,60439,East North Central
midwest,A lot,Yes,Yes,Yes,Yes,Yes,Yes,Yes,No,No,Yes,No,Yes,No,No,Yes,No,No,No,No,No,Female,30-44,"$50,000 - $99,999",Graduate degree,46220,East North Central
Midwest,A lot,Yes,Yes,Yes,No,Yes,Yes,No,No,No,Yes,No,Yes,No,No,No,No,No,No,No,No,Female,45-60,"$100,000 - $149,999",Associate or bachelor degree,53144,East North Central
Midwest,Some,Yes,Yes,Yes,No,Yes,Yes,No,No,No,Yes,No,Yes,No,No,No,No,No,No,No,No,Female,> 60,"$0 - $24,999",Associate or bachelor degree,60137,East North Central
A Midwest city,A lot,Yes,Yes,Yes,No,Yes,Yes,No,No,No,Yes,No,Yes,No,No,No,No,No,No,No,No,Male,30-44,"$0 - $24,999",Some college,49503,East North Central
midwest,Some,Yes,Yes,Yes,No,Yes,Yes,Yes,No,No,Yes,No,Yes,No,No,No,No,No,No,No,No,Male,45-60,"$150,000+",Graduate degree,60053,East North Central
small quaint town,A lot,Yes,No,Yes,Yes,No,Yes,Yes,Yes,Yes,No,Yes,Yes,No,No,No,No,No,No,No,Yes,Female,> 60,"$150,000+",High school degree,60098,East North Central
COLD,Not much,Yes,No,No,No,No,No,No,No,No,No,No,No,No,No,No,No,No,No,No,No,Male,18-29,"$0 - $24,999",Associate or bachelor degree,60115,East North Central
Suburban,Not much,Yes,Yes,Yes,No,Yes,Yes,Yes,No,No,Yes,No,Yes,No,No,No,No,No,No,No,No,Female,> 60,"$50,000 - $99,999",Some college,60130,East North Central
Midwest,Some,Yes,Yes,Yes,No,Yes,No,No,No,No,Yes,No,Yes,No,No,No,No,Yes,No,No,No,Female,18-29,"$150,000+",Associate or bachelor degree,44121,East North Central
The only semi-descent place to live in this country.,Not much,No,No,No,No,No,No,No,No,No,No,No,No,No,Yes,No,No,No,No,Yes,Yes,Female,45-60,"$50,000 - $99,999",Associate or bachelor degree,44107,East North Central
Midwest,A lot,Yes,Yes,Yes,No,Yes,No,Yes,Yes,No,Yes,No,Yes,No,No,Yes,No,No,No,No,No,Female,30-44,"$100,000 - $149,999",Associate or bachelor degree,46582,East North Central
Northern Midwest,A lot,Yes,Yes,Yes,Yes,Yes,Yes,Yes,Yes,Yes,Yes,Yes,Yes,Yes,No,Yes,Yes,No,No,No,No,Male,> 60,"$50,000 - $99,999",Associate or bachelor degree,48097,East North Central
Midwest,A lot,Yes,Yes,Yes,No,Yes,Yes,No,No,No,Yes,No,Yes,Yes,No,Yes,No,Yes,Yes,No,No,Male,45-60,"$150,000+",Graduate degree,44236,East North Central
southwest,Not at all,No,No,No,No,No,Yes,No,No,No,No,No,No,No,No,No,No,No,No,No,No,Female,45-60,"$50,000 - $99,999",Associate or bachelor degree,44107,East North Central
Great Lakes Region,A lot,Yes,Yes,Yes,Yes,Yes,Yes,Yes,Yes,Yes,Yes,Yes,Yes,No,No,No,Yes,No,No,No,No,Male,18-29,"$0 - $24,999",Some college,49931,East North Central
Ohio,Not at all,Yes,No,Yes,Yes,No,Yes,Yes,Yes,No,No,No,Yes,No,Yes,No,No,No,No,No,No,Male,30-44,"$100,000 - $149,999",Some college,45419,East North Central
Mid west,Not much,Yes,Yes,No,No,Yes,No,No,No,No,Yes,No,Yes,No,No,Yes,No,No,No,No,No,Female,18-29,"$25,000 - $49,999",Associate or bachelor degree,46256,East North Central
Midwest,Some,Yes,Yes,Yes,No,Yes,Yes,Yes,No,No,No,No,Yes,No,No,No,No,No,No,No,No,Female,45-60,"$50,000 - $99,999",Graduate degree,47803,East North Central
severely broken,Not at all,Yes,No,Yes,Yes,No,No,Yes,Yes,No,No,Yes,No,No,No,No,Yes,No,No,No,No,Male,> 60,"$150,000+",Graduate degree,48844,East North Central
The Great Lakes,Some,Yes,Yes,Yes,Yes,Yes,Yes,Yes,Yes,No,Yes,No,Yes,No,No,No,No,No,No,No,No,Male,45-60,"$50,000 - $99,999",Graduate degree,49453,East North Central
chicagoland,A lot,Yes,Yes,Yes,No,No,No,No,No,No,No,No,No,No,No,No,No,No,No,No,No,Male,45-60,"$50,000 - $99,999",Some college,46311,East North Central
Midwest,Some,Yes,Yes,Yes,No,Yes,Yes,No,No,Yes,Yes,Yes,Yes,No,No,No,No,No,No,No,No,Female,30-44,"$150,000+",Associate or bachelor degree,60543,East North Central
Midwest,A lot,Yes,Yes,Yes,No,Yes,Yes,Yes,No,No,Yes,No,Yes,No,No,Yes,No,No,No,No,No,Female,18-29,"$25,000 - $49,999",Graduate degree,47901,East North Central
Great weather here in Southern California,Some,Yes,Yes,Yes,No,Yes,Yes,No,No,Yes,Yes,Yes,Yes,No,No,No,No,No,No,No,No,Male,> 60,"$50,000 - $99,999",Some college,77399,East North Central
midwest,Not much,Yes,No,No,No,No,No,No,No,No,No,No,No,No,No,No,No,No,No,No,No,Female,> 60,"$150,000+",Graduate degree,61615,East North Central
midwest,A lot,Yes,No,Yes,No,Yes,Yes,No,No,No,No,No,Yes,No,No,No,No,No,No,No,No,Female,45-60,"$50,000 - $99,999",Associate or bachelor degree,44107,East North Central
Upper mid-west,Not much,Yes,Yes,Yes,No,Yes,Yes,No,No,No,Yes,No,Yes,No,No,No,No,No,No,No,No,Male,45-60,"$150,000+",Associate or bachelor degree,49505,East North Central
Midwest,A lot,Yes,Yes,Yes,No,Yes,Yes,No,No,No,Yes,No,Yes,No,No,No,No,No,No,No,No,Male,45-60,"$50,000 - $99,999",Associate or bachelor degree,54880,East North Central
A taxpayers hell,A lot,Yes,Yes,Yes,No,Yes,Yes,No,No,No,No,No,Yes,No,No,No,No,No,No,No,No,Female,30-44,"$150,000+",Some college,53074,East North Central
North east mid west,A lot,Yes,Yes,No,No,Yes,Yes,Yes,No,Yes,Yes,Yes,Yes,No,No,No,No,Yes,No,No,No,Male,45-60,"$150,000+",Graduate degree,48706,East North Central
Pacific Northwest,Not at all,No,No,No,Yes,No,No,No,No,No,No,No,No,No,Yes,No,Yes,No,No,No,No,Female,45-60,"$50,000 - $99,999",Associate or bachelor degree,44107,East North Central
upper south,Some,Yes,Yes,Yes,Yes,No,No,Yes,No,No,Yes,No,No,No,No,No,Yes,No,No,No,No,Female,45-60,"$50,000 - $99,999",Associate or bachelor degree,44107,East North Central
Ohio,Some,Yes,Yes,Yes,Yes,No,No,No,Yes,No,Yes,No,No,No,No,No,No,No,No,No,No,Male,30-44,"$50,000 - $99,999",Associate or bachelor degree,45840,East North Central
Northeastern United States,Not at all,No,No,No,Yes,No,No,No,Yes,Yes,No,Yes,No,No,Yes,No,Yes,No,No,Yes,No,Female,45-60,"$50,000 - $99,999",Associate or bachelor degree,44107,East North Central
Midwest- Chicago,Some,Yes,Yes,Yes,No,Yes,No,Yes,No,No,Yes,No,Yes,No,No,Yes,No,No,No,No,No,Female,45-60,"$50,000 - $99,999",Associate or bachelor degree,44107,East North Central
Chicago,Not much,Yes,Yes,Yes,No,Yes,Yes,No,No,No,Yes,No,Yes,No,No,No,No,No,No,No,No,Male,30-44,"$50,000 - $99,999",Some college,60626,East North Central
Living blue in a red state.,Some,Yes,Yes,No,No,Yes,No,No,No,No,Yes,No,No,No,No,No,No,No,No,No,No,Male,45-60,"$100,000 - $149,999",Graduate degree,46113,East North Central
Great Lakes Region,Not at all,Yes,Yes,Yes,Yes,Yes,Yes,Yes,Yes,No,Yes,Yes,Yes,No,No,Yes,Yes,No,Yes,Yes,Yes,Female,45-60,"$50,000 - $99,999",Associate or bachelor degree,44107,East North Central
Southern California,Not at all,No,No,Yes,Yes,No,No,Yes,Yes,No,Yes,No,No,No,No,No,Yes,No,No,No,No,Female,45-60,"$50,000 - $99,999",Associate or bachelor degree,44107,East North Central
midwest,Some,Yes,Yes,Yes,No,Yes,Yes,No,No,No,Yes,No,Yes,No,No,No,No,No,No,No,No,Male,45-60,"$50,000 - $99,999",Graduate degree,49525,East North Central
midwest,Not at all,Yes,Yes,No,No,Yes,No,No,No,No,Yes,No,No,No,No,Yes,No,No,No,No,No,Male,> 60,"$25,000 - $49,999",Some college,45212,East North Central
North coast,Not much,Yes,Yes,Yes,Yes,No,Yes,Yes,Yes,No,No,No,No,No,No,No,No,No,No,No,No,Female,45-60,"$50,000 - $99,999",Graduate degree,44109,East North Central
Midwest,Some,No,No,Yes,No,No,Yes,No,No,Yes,No,Yes,Yes,No,No,No,No,No,No,No,No,Female,45-60,"$50,000 - $99,999",Associate or bachelor degree,44107,East North Central
Midwest,A lot,Yes,Yes,Yes,No,Yes,Yes,No,No,No,No,No,Yes,No,No,No,No,No,No,No,No,Male,30-44,"$100,000 - $149,999",High school degree,60123,East North Central
Midwest,A lot,Yes,Yes,Yes,No,Yes,Yes,No,No,Yes,Yes,Yes,Yes,No,No,No,No,No,No,No,No,Female,> 60,"$50,000 - $99,999",Some college,49855,East North Central
Midwest,A lot,Yes,Yes,Yes,No,Yes,Yes,No,No,No,Yes,No,Yes,No,No,No,No,No,No,No,No,Male,30-44,"$100,000 - $149,999",Associate or bachelor degree,53110,East North Central
I live in the Midwest part of the country,A lot,Yes,No,No,No,No,No,No,No,No,No,No,No,No,No,No,No,No,No,No,No,Male,45-60,"$100,000 - $149,999",Associate or bachelor degree,60628,East North Central
The midwest.  The rust belt.,Some,Yes,Yes,No,No,Yes,No,No,No,No,Yes,No,No,No,No,No,No,Yes,No,No,No,Male,45-60,"$100,000 - $149,999",Some college,44133,East North Central
MidWest,A lot,Yes,Yes,Yes,No,Yes,No,No,No,No,Yes,No,Yes,No,No,Yes,No,Yes,Yes,No,No,Male,30-44,"$100,000 - $149,999",Associate or bachelor degree,44333,East North Central
Northern us,Some,No,No,No,No,No,Yes,Yes,No,No,No,No,No,No,No,No,No,No,No,No,No,Female,45-60,"$100,000 - $149,999",Graduate degree,49341,East North Central
East,Not at all,No,No,No,Yes,No,No,Yes,Yes,No,No,No,Yes,No,No,No,No,Yes,No,No,No,Female,45-60,"$50,000 - $99,999",Associate or bachelor degree,44107,East North Central
midwest,Some,Yes,Yes,No,No,No,No,No,No,No,Yes,No,No,No,No,No,No,No,No,No,No,Male,> 60,"$100,000 - $149,999",Graduate degree,44612,East North Central
Midwest,Not at all,Yes,Yes,No,No,Yes,Yes,No,No,No,No,No,Yes,No,No,No,No,No,No,No,No,Female,30-44,"$50,000 - $99,999",Associate or bachelor degree,49507,East North Central
new york,Not at all,Yes,No,No,Yes,Yes,No,No,Yes,Yes,No,Yes,No,No,Yes,No,Yes,No,No,Yes,Yes,Male,> 60,"$150,000+",Associate or bachelor degree,11023,East North Central
Midwest,Not much,Yes,Yes,Yes,Yes,Yes,Yes,Yes,Yes,Yes,Yes,Yes,Yes,No,No,No,Yes,No,No,No,No,Male,> 60,"$100,000 - $149,999",Some college,47006,East North Central
Midwest,A lot,Yes,Yes,Yes,No,Yes,Yes,Yes,No,No,Yes,No,Yes,No,No,No,No,No,No,No,No,Female,30-44,"$50,000 - $99,999",Associate or bachelor degree,53207,East North Central
"The mid west, rust belt",A lot,Yes,Yes,Yes,Yes,Yes,Yes,No,No,No,No,No,Yes,No,No,No,No,No,No,No,No,Female,45-60,"$50,000 - $99,999",Some college,49508,East North Central
midwest,A lot,Yes,Yes,Yes,Yes,Yes,Yes,No,Yes,No,No,No,Yes,No,No,No,No,No,No,No,No,Female,45-60,"$150,000+",Graduate degree,60625,East North Central
"picturesque, brutal winter this year.",Not much,Yes,Yes,Yes,No,Yes,Yes,Yes,Yes,Yes,Yes,Yes,Yes,No,No,No,No,No,No,No,No,Male,> 60,"$25,000 - $49,999",Some college,48507,East North Central
Midwest,A lot,Yes,Yes,Yes,No,Yes,Yes,No,No,Yes,Yes,No,Yes,No,No,Yes,No,No,No,No,No,Male,30-44,"$50,000 - $99,999",Some college,48912,East North Central
Midwest,Some,Yes,Yes,No,Yes,Yes,No,Yes,No,No,Yes,No,No,No,No,Yes,No,No,No,No,No,Male,30-44,"$100,000 - $149,999",Associate or bachelor degree,45211,East North Central
midwest,A lot,Yes,No,Yes,No,No,No,No,No,No,No,No,Yes,No,No,No,No,No,No,No,No,Male,45-60,"$50,000 - $99,999",Some college,60099,East North Central
Southeast,Not at all,Yes,Yes,Yes,Yes,Yes,Yes,Yes,Yes,Yes,Yes,Yes,Yes,Yes,Yes,Yes,Yes,No,No,No,Yes,Female,45-60,"$50,000 - $99,999",Associate or bachelor degree,44107,East North Central
Mid Atlantic,Not at all,Yes,Yes,No,Yes,Yes,Yes,Yes,Yes,No,Yes,Yes,No,No,No,No,No,No,No,No,No,Female,45-60,"$50,000 - $99,999",Associate or bachelor degree,44107,East North Central
Midwest,A lot,Yes,Yes,Yes,Yes,Yes,Yes,No,Yes,Yes,Yes,No,Yes,No,No,No,Yes,No,No,No,No,Female,45-60,"$50,000 - $99,999",Associate or bachelor degree,44107,East North Central
northeast,Not at all,Yes,No,Yes,Yes,Yes,No,Yes,No,No,No,No,No,No,No,No,No,No,No,No,No,Female,45-60,"$50,000 - $99,999",Associate or bachelor degree,44107,East North Central
Southern Illinois/Midwest,A lot,Yes,Yes,No,No,No,No,Yes,No,No,Yes,No,No,No,No,No,No,No,No,No,No,Female,30-44,"$25,000 - $49,999",Associate or bachelor degree,62002,East North Central
Midwest,Some,Yes,Yes,Yes,No,No,Yes,No,Yes,No,No,No,Yes,No,No,Yes,No,No,No,No,No,Male,45-60,"$150,000+",Associate or bachelor degree,53097,East North Central
midwest,A lot,Yes,Yes,Yes,No,No,Yes,Yes,No,No,No,No,Yes,No,No,No,No,No,No,No,No,Female,> 60,"$150,000+",Some college,61081,East North Central
WAY North ;),Some,Yes,No,No,No,No,No,No,No,No,No,No,No,No,No,No,No,No,No,No,No,Female,18-29,"$150,000+",High school degree,53081,East North Central
mid west,Some,Yes,Yes,Yes,Yes,Yes,Yes,Yes,No,No,Yes,Yes,Yes,No,No,No,No,No,No,No,No,Male,45-60,"$50,000 - $99,999",Some college,44070,East North Central
Upper Midwest.,Some,Yes,No,Yes,No,Yes,Yes,No,No,No,No,No,Yes,No,No,No,No,No,No,No,No,Male,> 60,"$50,000 - $99,999",Some college,53190,East North Central
Midwest,A lot,Yes,Yes,Yes,No,No,No,Yes,No,No,Yes,No,No,No,No,Yes,Yes,No,No,No,No,Male,> 60,"$100,000 - $149,999",Associate or bachelor degree,45014,East North Central
Midwest,A lot,No,Yes,Yes,No,Yes,Yes,No,No,Yes,Yes,Yes,Yes,No,No,No,No,No,No,No,No,Male,18-29,"$150,000+",High school degree,54235,East North Central
Midwesterner,A lot,Yes,Yes,Yes,Yes,Yes,Yes,No,Yes,Yes,Yes,Yes,Yes,No,No,No,No,No,No,Yes,No,Female,> 60,"$150,000+",Graduate degree,54481,East North Central
Midwest,Some,Yes,Yes,No,No,Yes,Yes,Yes,No,No,Yes,No,Yes,No,No,No,No,No,No,No,No,Female,30-44,"$150,000+",Some college,48623,East North Central
Mountain West,Not at all,Yes,Yes,Yes,No,No,No,No,No,No,Yes,No,No,No,No,No,No,No,No,No,No,Female,45-60,"$50,000 - $99,999",Associate or bachelor degree,44107,East North Central
Midwest,A lot,Yes,Yes,Yes,Yes,Yes,Yes,Yes,Yes,No,Yes,No,Yes,No,No,No,No,No,No,No,No,Female,45-60,"$150,000+",Graduate degree,60601,East North Central
"a suburban area of Chicago, definetely in the midwest",A lot,Yes,Yes,Yes,No,Yes,Yes,No,Yes,No,No,No,Yes,No,No,No,No,No,No,No,No,Male,> 60,"$25,000 - $49,999",Associate or bachelor degree,60435,East North Central
"a beautiful country where you have all seasons, hills, flowers, green grass, tall trees, rivers and streams.",A lot,Yes,Yes,No,No,Yes,No,Yes,No,No,No,No,No,No,No,No,Yes,No,No,No,No,Female,45-60,"$25,000 - $49,999",Some college,47250,East North Central
Ohio,Some,No,Yes,No,No,No,No,No,No,No,Yes,No,No,No,No,Yes,No,Yes,No,No,No,Male,18-29,"$150,000+",Some college,45227,East North Central
Midwest,Not at all,Yes,Yes,No,No,Yes,No,No,No,No,Yes,No,Yes,No,No,No,No,No,No,No,No,Male,18-29,"$0 - $24,999",Associate or bachelor degree,60134,East North Central
The midwest.  The rust belt.  The snow belt.,Some,Yes,Yes,No,No,Yes,No,No,No,No,Yes,No,No,No,No,No,No,Yes,No,No,No,Female,45-60,"$50,000 - $99,999",Associate or bachelor degree,44107,East North Central
Mid West,Not much,No,Yes,No,Yes,No,No,Yes,Yes,No,No,No,Yes,Yes,No,No,Yes,No,No,No,No,Male,> 60,"$50,000 - $99,999",Graduate degree,62056,East North Central
midwest,Not at all,No,No,No,Yes,No,No,Yes,Yes,Yes,No,Yes,No,No,No,No,Yes,No,No,No,No,Female,45-60,"$50,000 - $99,999",Associate or bachelor degree,44107,East North Central
Midwest,A lot,Yes,No,Yes,No,Yes,Yes,No,Yes,Yes,Yes,Yes,Yes,No,No,No,No,No,No,No,No,Male,18-29,"$150,000+",Associate or bachelor degree,54636,East North Central
Midwest,Some,Yes,Yes,No,No,Yes,No,No,No,No,Yes,No,Yes,No,No,No,No,No,No,No,No,Female,18-29,"$50,000 - $99,999",Graduate degree,48042,East North Central
upper midwest,A lot,Yes,No,Yes,No,No,Yes,No,No,No,No,No,Yes,No,No,No,No,No,No,No,No,Male,30-44,"$50,000 - $99,999",Associate or bachelor degree,53005,East North Central
middle,Some,Yes,Yes,Yes,No,Yes,Yes,No,No,Yes,Yes,No,Yes,No,Yes,No,No,No,No,No,Yes,Male,18-29,"$50,000 - $99,999",Graduate degree,60201,East North Central
midwest,A lot,Yes,No,Yes,No,No,Yes,No,No,Yes,No,Yes,Yes,No,No,No,No,No,No,No,No,Female,45-60,"$50,000 - $99,999",Associate or bachelor degree,44107,East North Central
Great lakes.,Not at all,Yes,No,Yes,No,Yes,Yes,No,No,Yes,No,No,Yes,No,No,No,No,No,No,No,No,Male,> 60,"$50,000 - $99,999",Graduate degree,48917,East North Central
Midwest,Some,No,No,Yes,Yes,No,No,Yes,Yes,No,Yes,No,No,No,No,No,No,No,No,No,No,Female,45-60,"$50,000 - $99,999",Associate or bachelor degree,44107,East North Central
Midwest,A lot,No,No,Yes,Yes,No,No,Yes,No,No,No,No,No,No,Yes,No,No,No,No,No,No,Female,45-60,"$50,000 - $99,999",Associate or bachelor degree,44107,East North Central
The Midwest,Some,Yes,Yes,No,Yes,Yes,No,Yes,No,No,Yes,No,No,No,Yes,No,No,Yes,No,No,No,Male,30-44,"$50,000 - $99,999",Graduate degree,45440,East North Central
midwest,Not much,Yes,Yes,Yes,No,Yes,Yes,No,No,No,Yes,No,Yes,No,No,No,No,No,No,No,No,Female,45-60,"$50,000 - $99,999",Associate or bachelor degree,44107,East North Central
Midwest,A lot,Yes,Yes,Yes,No,Yes,No,No,No,No,Yes,No,Yes,No,No,No,No,No,No,No,No,Female,45-60,"$50,000 - $99,999",Associate or bachelor degree,44139,East North Central
The midwest,Some,Yes,Yes,Yes,Yes,Yes,Yes,Yes,Yes,Yes,Yes,Yes,Yes,No,No,Yes,Yes,No,No,No,No,Male,18-29,"$25,000 - $49,999",High school degree,53715,East North Central
Mid-West,Some,Yes,Yes,Yes,No,Yes,Yes,No,No,No,Yes,No,No,No,No,No,No,No,No,No,No,Male,> 60,"$50,000 - $99,999",Graduate degree,46845,East North Central
Upper midwest,A lot,Yes,No,Yes,No,Yes,Yes,No,No,No,No,No,Yes,No,No,No,No,No,No,No,No,Female,45-60,"$50,000 - $99,999",Associate or bachelor degree,44107,East North Central
midwest,Not much,Yes,Yes,No,No,No,No,Yes,No,No,Yes,No,No,No,No,Yes,No,No,No,No,No,Female,> 60,"$50,000 - $99,999",Graduate degree,47711,East North Central
Great Lakes Region.,A lot,Yes,Yes,Yes,Yes,Yes,Yes,Yes,Yes,Yes,Yes,Yes,Yes,No,No,No,No,No,No,No,No,Female,18-29,"$25,000 - $49,999",Graduate degree,53140,East North Central
Mid-west,Some,Yes,Yes,Yes,Yes,No,No,Yes,No,No,No,No,Yes,No,No,No,Yes,No,No,No,No,Female,30-44,"$100,000 - $149,999",Graduate degree,60016,East North Central
Midwest,Some,Yes,Yes,Yes,No,Yes,Yes,No,Yes,No,Yes,No,Yes,No,No,No,No,No,No,No,No,Male,45-60,"$100,000 - $149,999",Associate or bachelor degree,61301,East North Central
Mid Atlantic Region,Not at all,Yes,Yes,Yes,No,No,No,Yes,Yes,Yes,No,Yes,No,No,No,No,Yes,No,No,No,No,Female,45-60,"$50,000 - $99,999",Associate or bachelor degree,44107,East North Central
Michigan,Not much,Yes,Yes,Yes,Yes,Yes,Yes,No,No,Yes,Yes,Yes,Yes,No,No,No,No,No,No,No,No,Male,45-60,"$150,000+",Some college,49323,East North Central
the midwest,Not much,Yes,Yes,Yes,No,Yes,Yes,No,Yes,No,Yes,No,Yes,No,No,No,No,No,No,No,No,Female,45-60,"$50,000 - $99,999",Associate or bachelor degree,44107,East North Central
Mix of city and woods.,Not much,No,No,No,Yes,No,No,Yes,Yes,Yes,No,Yes,No,Yes,Yes,Yes,Yes,No,No,No,Yes,Female,18-29,"$150,000+",Some college,94566,East North Central
Upper Midwest,A lot,Yes,Yes,Yes,No,Yes,Yes,Yes,No,No,Yes,No,Yes,No,No,No,No,No,No,No,No,Male,> 60,"$50,000 - $99,999",Graduate degree,53224,East North Central
the great midwest,A lot,Yes,Yes,Yes,Yes,Yes,Yes,Yes,Yes,No,Yes,No,Yes,No,No,No,No,No,No,No,No,Female,45-60,"$50,000 - $99,999",Some college,53189,East North Central
Rural,Not at all,Yes,Yes,No,No,No,No,Yes,No,No,No,No,No,No,No,No,No,No,No,No,No,Female,45-60,"$50,000 - $99,999",Associate or bachelor degree,44107,East North Central
Midwest,A lot,Yes,Yes,No,Yes,Yes,No,No,No,No,Yes,No,Yes,Yes,No,No,No,No,No,No,No,Female,18-29,"$25,000 - $49,999",Associate or bachelor degree,46563,East North Central
Upper Midwest,A lot,Yes,Yes,Yes,Yes,Yes,Yes,Yes,Yes,Yes,Yes,Yes,Yes,No,No,No,No,No,No,No,No,Male,> 60,"$50,000 - $99,999",Graduate degree,54603,East North Central
Very cold,Not much,No,No,Yes,No,No,Yes,No,No,Yes,No,Yes,Yes,No,Yes,No,No,No,No,No,No,Female,45-60,"$150,000+",High school degree,48327,East North Central
midwest,Some,Yes,Yes,Yes,No,Yes,Yes,No,No,No,Yes,No,Yes,No,No,No,No,Yes,Yes,No,No,Male,18-29,"$150,000+",Associate or bachelor degree,44106,East North Central
Midwest.,A lot,Yes,Yes,Yes,No,Yes,Yes,Yes,No,No,Yes,No,Yes,No,No,No,No,No,No,No,No,Male,30-44,"$150,000+",Graduate degree,44105,East North Central
Midwest,Some,Yes,Yes,Yes,No,Yes,No,Yes,No,No,Yes,No,Yes,No,No,Yes,No,No,No,No,No,Female,30-44,"$50,000 - $99,999",Graduate degree,46235,East North Central
midwest,A lot,Yes,Yes,Yes,Yes,Yes,Yes,Yes,Yes,No,Yes,No,Yes,Yes,No,Yes,Yes,Yes,No,No,No,Female,30-44,"$100,000 - $149,999",Some college,46060,East North Central
The classiest part of the south.,Not at all,Yes,Yes,Yes,Yes,Yes,Yes,Yes,Yes,Yes,Yes,Yes,Yes,No,Yes,No,Yes,No,Yes,Yes,Yes,Female,18-29,"$25,000 - $49,999",Associate or bachelor degree,28056,East North Central
Northeast,Not at all,No,No,Yes,Yes,No,No,Yes,Yes,Yes,No,Yes,No,Yes,Yes,No,Yes,No,No,Yes,No,Female,30-44,"$25,000 - $49,999",Associate or bachelor degree,44129,East North Central
The midwest.,Not at all,Yes,Yes,Yes,No,Yes,Yes,No,No,No,Yes,No,Yes,No,No,No,No,No,No,No,No,Female,45-60,"$50,000 - $99,999",Associate or bachelor degree,44107,East North Central
Midwest,A lot,Yes,Yes,Yes,Yes,Yes,Yes,Yes,Yes,Yes,Yes,Yes,Yes,No,No,No,Yes,No,No,No,No,Female,> 60,"$50,000 - $99,999",Associate or bachelor degree,62363,East North Central
Upper Midwest,A lot,Yes,Yes,Yes,Yes,Yes,Yes,No,No,No,Yes,No,Yes,No,No,No,No,No,No,No,No,Male,45-60,"$50,000 - $99,999",Some college,49938,East North Central
Central or midwest,Some,Yes,Yes,Yes,Yes,Yes,Yes,Yes,Yes,Yes,Yes,Yes,Yes,Yes,No,No,Yes,No,No,Yes,No,Female,45-60,"$50,000 - $99,999",Associate or bachelor degree,44107,East North Central
mid atlantic,Not at all,Yes,Yes,Yes,No,No,No,No,Yes,No,No,No,No,No,No,No,No,No,No,No,No,Female,45-60,"$50,000 - $99,999",Associate or bachelor degree,44107,East North Central
south,Not at all,Yes,No,Yes,Yes,No,No,Yes,Yes,No,No,Yes,Yes,No,Yes,No,Yes,No,No,No,Yes,Female,45-60,"$50,000 - $99,999",Associate or bachelor degree,44107,East North Central
Midwest,Not much,Yes,Yes,Yes,No,Yes,No,No,No,No,No,No,Yes,No,No,No,No,No,No,No,No,Male,30-44,"$150,000+",Graduate degree,60605,East North Central
Cold,Some,Yes,Yes,Yes,Yes,Yes,No,Yes,Yes,No,Yes,No,No,Yes,No,Yes,Yes,No,No,No,No,Female,18-29,"$50,000 - $99,999",Some college,48038,East North Central
Up nort,A lot,No,No,Yes,Yes,No,Yes,Yes,Yes,No,No,No,Yes,No,No,No,No,No,No,No,No,Male,30-44,"$150,000+",Associate or bachelor degree,54701,East North Central
Midwest,Some,Yes,Yes,Yes,Yes,Yes,Yes,Yes,Yes,Yes,Yes,Yes,Yes,Yes,Yes,Yes,No,Yes,No,Yes,Yes,Female,30-44,"$50,000 - $99,999",Some college,49042,East North Central
Florida,Not at all,No,No,Yes,Yes,No,Yes,No,Yes,Yes,No,Yes,Yes,No,No,No,Yes,No,No,No,No,Female,18-29,"$150,000+",Some college,32740,East North Central
Pacific Northwest,Not at all,Yes,Yes,No,No,Yes,No,No,No,No,No,No,No,No,No,No,No,No,No,No,No,Female,45-60,"$50,000 - $99,999",Associate or bachelor degree,44107,East North Central
The Cornbelt,A lot,Yes,Yes,Yes,Yes,No,No,Yes,Yes,No,No,No,Yes,No,No,Yes,No,No,No,No,No,Male,45-60,"$100,000 - $149,999",Some college,60178,East North Central
midwest,A lot,Yes,Yes,Yes,No,Yes,Yes,No,Yes,Yes,Yes,Yes,Yes,No,No,No,No,No,No,No,No,Male,45-60,"$25,000 - $49,999",Associate or bachelor degree,48455,East North Central
Northeastern Wisconsin,Some,Yes,Yes,Yes,No,Yes,Yes,No,No,No,No,No,Yes,No,No,No,No,No,No,No,No,Male,30-44,"$150,000+",Associate or bachelor degree,54961,East North Central
Midwest,A lot,Yes,Yes,Yes,No,Yes,Yes,No,No,No,No,No,Yes,No,No,No,No,No,No,No,No,Male,30-44,"$100,000 - $149,999",Associate or bachelor degree,60626,East North Central
midwest,A lot,Yes,Yes,No,No,Yes,Yes,No,No,No,Yes,No,Yes,No,No,No,No,No,No,No,No,Female,45-60,"$50,000 - $99,999",Associate or bachelor degree,44107,East North Central
Midwest,A lot,Yes,Yes,No,No,Yes,No,No,No,No,Yes,No,Yes,No,No,No,No,No,No,No,No,Male,45-60,"$150,000+",Associate or bachelor degree,60439,East North Central
Northern California,Not at all,No,No,Yes,No,No,No,No,Yes,Yes,No,No,Yes,No,Yes,No,No,No,No,No,No,Female,45-60,"$50,000 - $99,999",Associate or bachelor degree,44107,East North Central
midwest,A lot,Yes,Yes,Yes,No,Yes,No,Yes,No,No,Yes,No,No,No,No,No,No,No,No,No,No,Female,> 60,"$100,000 - $149,999",Associate or bachelor degree,44053,East North Central
Midwest,A lot,Yes,Yes,Yes,Yes,Yes,No,Yes,No,No,Yes,No,No,Yes,No,No,No,No,No,No,No,Female,45-60,"$150,000+",Graduate degree,62226,East North Central
Midwest,Some,No,No,No,No,No,No,No,No,No,Yes,No,No,No,No,No,No,No,No,No,No,Female,45-60,"$50,000 - $99,999",Associate or bachelor degree,44107,East North Central
Mid-west,A lot,Yes,Yes,No,No,Yes,Yes,No,No,No,Yes,No,Yes,No,No,No,No,No,No,No,No,Male,18-29,"$25,000 - $49,999",Associate or bachelor degree,48185,East North Central
Midwest,Some,No,Yes,No,No,Yes,No,No,No,No,Yes,No,No,No,No,Yes,No,Yes,Yes,No,No,Female,45-60,"$50,000 - $99,999",Associate or bachelor degree,44107,East North Central
midwest,A lot,Yes,Yes,Yes,Yes,Yes,Yes,Yes,Yes,No,Yes,No,Yes,Yes,No,Yes,No,No,No,No,No,Male,> 60,"$25,000 - $49,999",Some college,48135,East North Central
Midwest,A lot,Yes,Yes,Yes,No,Yes,No,No,No,No,Yes,No,Yes,No,No,No,No,Yes,No,No,No,Female,> 60,"$50,000 - $99,999",High school degree,44313,East North Central
Northern California,Not at all,Yes,Yes,Yes,Yes,Yes,Yes,Yes,Yes,Yes,No,Yes,Yes,Yes,Yes,Yes,Yes,No,No,No,Yes,Female,45-60,"$50,000 - $99,999",Associate or bachelor degree,44107,East North Central
Midwest,A lot,Yes,Yes,Yes,No,Yes,Yes,No,Yes,Yes,Yes,Yes,Yes,Yes,No,Yes,No,No,Yes,No,No,Male,45-60,"$100,000 - $149,999",Some college,43224,East North Central
The Great Lakes Region.,A lot,Yes,Yes,Yes,Yes,Yes,Yes,Yes,Yes,Yes,Yes,Yes,Yes,No,No,No,No,No,No,No,No,Male,30-44,"$25,000 - $49,999",Associate or bachelor degree,48386,East North Central
NW,Not much,No,No,No,No,No,No,No,No,No,No,No,No,No,No,No,No,No,No,Yes,No,Female,45-60,"$50,000 - $99,999",Associate or bachelor degree,44107,East North Central
upper midweat,A lot,Yes,Yes,Yes,Yes,Yes,Yes,Yes,No,Yes,Yes,Yes,Yes,No,No,Yes,No,No,No,No,No,Male,> 60,"$150,000+",High school degree,46614,East North Central
Midwest,A lot,Yes,Yes,Yes,No,Yes,No,No,No,No,Yes,No,Yes,No,No,No,No,No,No,No,No,Male,30-44,"$100,000 - $149,999",Associate or bachelor degree,45334,East North Central
Great Lakes area,A lot,Yes,Yes,Yes,No,Yes,Yes,No,No,No,Yes,No,Yes,No,No,No,No,No,No,No,No,Male,> 60,"$50,000 - $99,999",Graduate degree,48072,East North Central
Midwest,Some,Yes,Yes,Yes,No,Yes,No,Yes,No,No,No,No,Yes,No,No,No,No,No,No,No,No,Female,30-44,"$50,000 - $99,999",Graduate degree,60140,East North Central
midwest,A lot,Yes,Yes,No,Yes,Yes,Yes,Yes,Yes,Yes,Yes,Yes,Yes,No,No,Yes,No,No,No,No,No,Male,> 60,"$25,000 - $49,999",Associate or bachelor degree,60062,East North Central
Mid Westerner,Not at all,Yes,No,Yes,Yes,Yes,Yes,Yes,Yes,No,No,No,Yes,Yes,Yes,No,Yes,Yes,No,No,No,Female,45-60,"$50,000 - $99,999",Associate or bachelor degree,44107,East North Central
Midwest,A lot,Yes,Yes,No,No,Yes,No,Yes,Yes,Yes,Yes,No,No,No,No,No,No,No,No,No,No,Female,45-60,"$50,000 - $99,999",High school degree,44256,East North Central
upper mid-west,Some,Yes,Yes,Yes,Yes,Yes,Yes,Yes,Yes,Yes,Yes,Yes,Yes,No,No,No,No,No,No,No,No,Female,45-60,"$50,000 - $99,999",Associate or bachelor degree,44107,East North Central
Midwest,A lot,Yes,Yes,Yes,Yes,Yes,Yes,Yes,No,Yes,Yes,Yes,Yes,No,No,No,No,No,No,No,No,Female,45-60,"$50,000 - $99,999",Associate or bachelor degree,44107,East North Central
Urban,Some,No,No,Yes,Yes,No,Yes,No,Yes,Yes,No,Yes,Yes,No,No,No,No,No,No,Yes,No,Female,45-60,"$50,000 - $99,999",Associate or bachelor degree,44107,East North Central
Midwest,Not much,Yes,No,Yes,No,Yes,Yes,No,No,Yes,No,No,Yes,No,No,No,No,No,No,No,No,Female,30-44,"$50,000 - $99,999",Some college,54517,East North Central
North West,Not at all,No,Yes,Yes,Yes,Yes,Yes,Yes,Yes,Yes,No,No,Yes,No,No,Yes,Yes,No,No,No,No,Female,45-60,"$50,000 - $99,999",Associate or bachelor degree,44107,East North Central
Midwest,A lot,Yes,Yes,No,No,Yes,Yes,No,No,No,Yes,No,Yes,No,No,No,No,No,No,No,No,Male,> 60,"$150,000+",Graduate degree,48640,East North Central
midwest,A lot,Yes,Yes,No,No,Yes,Yes,No,No,No,Yes,No,Yes,No,No,No,No,No,No,No,No,Female,45-60,"$150,000+",Graduate degree,48140,East North Central
midwest,Some,Yes,Yes,Yes,No,Yes,No,No,No,No,No,No,No,No,No,No,No,No,No,No,No,Female,30-44,"$50,000 - $99,999",Some college,46224,East North Central
Midwest,A lot,Yes,Yes,Yes,No,Yes,Yes,No,No,No,Yes,No,Yes,No,No,No,No,No,No,Yes,No,Male,18-29,"$50,000 - $99,999",Some college,49601,East North Central
South Carolina,Not at all,No,Yes,No,Yes,No,Yes,No,Yes,Yes,No,Yes,No,Yes,No,No,Yes,No,No,Yes,Yes,Female,45-60,"$50,000 - $99,999",Associate or bachelor degree,44107,East North Central
upper mid west,A lot,Yes,Yes,Yes,No,Yes,Yes,No,No,No,No,No,Yes,No,No,No,No,No,No,No,No,Male,> 60,"$0 - $24,999",Some college,53142,East North Central
city,Some,Yes,Yes,Yes,Yes,Yes,Yes,Yes,No,No,Yes,No,Yes,No,No,No,No,No,No,No,No,Male,45-60,"$50,000 - $99,999",Associate or bachelor degree,44310,East North Central
Midwest,Some,Yes,Yes,Yes,No,Yes,No,Yes,No,No,Yes,No,Yes,No,No,No,No,No,No,No,No,Male,18-29,"$25,000 - $49,999",Some college,60642,East North Central
West,Not much,No,Yes,Yes,Yes,No,Yes,Yes,Yes,No,Yes,No,Yes,No,No,No,No,No,No,No,No,Female,45-60,"$50,000 - $99,999",Associate or bachelor degree,44107,East North Central
Midwest rural and urban,A lot,Yes,Yes,Yes,Yes,No,No,No,No,No,Yes,No,No,No,No,Yes,No,No,No,No,No,Female,45-60,"$50,000 - $99,999",Associate or bachelor degree,46239,East North Central
Midwest,Some,Yes,Yes,Yes,No,Yes,Yes,No,No,No,Yes,No,Yes,No,No,No,No,Yes,No,No,No,Male,45-60,"$50,000 - $99,999",Graduate degree,44107,East North Central
the Midwest,A lot,Yes,Yes,No,No,Yes,No,No,No,No,Yes,No,No,No,No,Yes,No,No,No,No,No,Female,45-60,"$100,000 - $149,999",High school degree,46562,East North Central
Upper Midwest,A lot,Yes,Yes,Yes,Yes,Yes,Yes,Yes,Yes,Yes,Yes,Yes,Yes,Yes,Yes,Yes,Yes,Yes,Yes,Yes,Yes,Female,45-60,"$50,000 - $99,999",Associate or bachelor degree,44107,East North Central
Midwest,A lot,Yes,Yes,Yes,No,Yes,Yes,No,No,No,No,No,Yes,No,No,No,No,No,No,No,No,Female,45-60,"$50,000 - $99,999",High school degree,54220,East North Central
The best,Not at all,No,Yes,No,No,No,No,No,No,No,No,No,Yes,No,No,No,No,No,No,No,No,Female,45-60,"$50,000 - $99,999",Associate or bachelor degree,44107,East North Central
Midwest,A lot,Yes,Yes,No,No,No,No,No,Yes,No,No,No,Yes,No,No,No,No,No,No,No,No,Female,45-60,"$50,000 - $99,999",Associate or bachelor degree,44107,East North Central
midwest,Not at all,Yes,Yes,Yes,Yes,No,No,Yes,Yes,No,Yes,No,No,No,No,No,Yes,No,No,No,No,Female,30-44,"$150,000+",Associate or bachelor degree,45840,East North Central
the midwest,Some,Yes,No,No,No,No,No,No,No,No,No,No,No,No,No,No,No,No,No,No,No,Female,18-29,"$25,000 - $49,999",Associate or bachelor degree,60613,East North Central
Midwest,A lot,Yes,No,Yes,No,Yes,Yes,No,No,No,Yes,No,Yes,No,No,No,No,No,No,No,No,Female,18-29,"$50,000 - $99,999",Some college,56001,East North Central
Midwest,A lot,Yes,Yes,Yes,Yes,Yes,Yes,Yes,Yes,Yes,Yes,No,Yes,No,No,No,No,No,No,No,No,Male,45-60,"$100,000 - $149,999",Graduate degree,47401,East North Central
midwest,A lot,Yes,No,No,No,No,No,No,No,No,No,No,No,No,No,No,No,No,No,No,No,Female,30-44,"$50,000 - $99,999",Some college,61536,East North Central
Spoiled,Some,Yes,No,No,Yes,No,Yes,Yes,No,Yes,No,Yes,No,No,Yes,No,No,No,No,Yes,No,Male,18-29,"$150,000+",Graduate degree,43026,East North Central
Midwest,Some,Yes,Yes,Yes,No,Yes,Yes,No,Yes,No,Yes,No,Yes,No,No,No,No,Yes,No,No,No,Female,45-60,"$100,000 - $149,999",Graduate degree,44107,East North Central
"Midwest, great lakes",A lot,Yes,Yes,Yes,No,Yes,Yes,Yes,No,No,Yes,No,Yes,No,No,Yes,No,No,No,No,No,Female,30-44,"$25,000 - $49,999",Some college,49111,East North Central
Suburbs,A lot,Yes,No,No,No,No,No,No,No,No,No,No,No,No,No,No,No,No,No,No,No,Male,18-29,"$150,000+",Associate or bachelor degree,60103,East North Central
midwest,Some,Yes,Yes,No,No,Yes,Yes,No,No,No,Yes,No,Yes,No,No,Yes,No,Yes,Yes,No,No,Female,30-44,"$50,000 - $99,999",Some college,44646,East North Central
Midwest,Not at all,Yes,Yes,Yes,Yes,Yes,Yes,Yes,No,Yes,No,Yes,Yes,No,No,No,No,No,No,No,No,Female,45-60,"$50,000 - $99,999",Associate or bachelor degree,44107,East North Central
Midwest,Some,Yes,Yes,No,No,Yes,No,No,No,No,Yes,No,Yes,No,No,No,No,No,No,No,No,Female,30-44,"$150,000+",Graduate degree,48917,East North Central
West,Some,Yes,No,Yes,Yes,Yes,No,No,Yes,No,Yes,No,No,No,Yes,No,Yes,No,No,No,Yes,Female,45-60,"$50,000 - $99,999",Associate or bachelor degree,44107,East North Central
Mid West.,A lot,Yes,Yes,Yes,No,Yes,Yes,No,No,No,Yes,No,Yes,No,No,No,No,No,No,No,No,Male,30-44,"$50,000 - $99,999",Associate or bachelor degree,54403,East North Central
the midwest,A lot,Yes,No,Yes,No,Yes,Yes,Yes,Yes,Yes,No,Yes,No,No,No,No,No,No,No,No,No,Female,18-29,"$100,000 - $149,999",Graduate degree,53593,East North Central
Midwest,Not much,Yes,Yes,Yes,Yes,Yes,Yes,Yes,Yes,Yes,Yes,Yes,Yes,No,No,Yes,No,No,No,No,No,Male,30-44,"$50,000 - $99,999",High school degree,49503,East North Central
midwest,A lot,Yes,Yes,No,No,Yes,Yes,No,No,No,Yes,No,Yes,No,No,Yes,No,No,Yes,No,No,Female,45-60,"$50,000 - $99,999",Associate or bachelor degree,44107,East North Central
Midwest,A lot,Yes,Yes,Yes,No,Yes,Yes,Yes,No,No,Yes,No,Yes,No,No,No,No,No,No,No,No,Female,18-29,"$150,000+",Associate or bachelor degree,53217,East North Central
rural Indiana,A lot,Yes,Yes,Yes,Yes,Yes,Yes,No,Yes,No,Yes,No,Yes,No,No,No,Yes,No,No,No,No,Male,> 60,"$50,000 - $99,999",Associate or bachelor degree,47371,East North Central
Flyover country,Some,Yes,Yes,Yes,Yes,Yes,Yes,Yes,No,No,Yes,No,Yes,No,No,No,No,No,No,No,No,Male,45-60,"$100,000 - $149,999",Associate or bachelor degree,46350,East North Central
North America  Mid West,A lot,Yes,Yes,Yes,Yes,Yes,Yes,Yes,Yes,Yes,Yes,Yes,Yes,Yes,No,Yes,Yes,No,Yes,No,No,Female,45-60,"$150,000+",Some college,49684,East North Central
Midwest,Some,Yes,Yes,Yes,No,Yes,No,No,No,No,Yes,No,No,No,No,Yes,No,Yes,Yes,No,Yes,Female,18-29,"$150,000+",Associate or bachelor degree,45458,East North Central
New England,Not much,Yes,Yes,Yes,No,Yes,No,Yes,No,No,Yes,No,Yes,Yes,No,Yes,No,No,Yes,No,No,Female,45-60,"$50,000 - $99,999",Associate or bachelor degree,2556,East North Central
mid atlantic,Not at all,No,Yes,Yes,Yes,No,No,Yes,No,No,No,No,No,Yes,No,Yes,Yes,No,Yes,Yes,No,Female,45-60,"$50,000 - $99,999",Associate or bachelor degree,44107,East North Central
midwest,Some,Yes,Yes,No,No,No,No,No,No,No,Yes,No,No,No,No,No,No,No,No,No,No,Female,45-60,"$50,000 - $99,999",Associate or bachelor degree,44107,East North Central
island,Not at all,No,Yes,Yes,Yes,No,No,Yes,Yes,Yes,Yes,Yes,No,No,Yes,No,No,No,No,Yes,Yes,Female,45-60,"$50,000 - $99,999",Associate or bachelor degree,96818,East North Central
Cold,A lot,No,No,No,No,No,Yes,No,No,Yes,No,Yes,Yes,No,No,No,No,No,No,Yes,Yes,Female,45-60,"$50,000 - $99,999",Associate or bachelor degree,44107,East North Central
"Rural, city like",Not much,Yes,Yes,No,No,Yes,Yes,No,No,No,Yes,No,Yes,No,No,No,No,No,No,No,No,Female,18-29,"$0 - $24,999",Some college,60115,East North Central
coastal,Not much,Yes,Yes,Yes,Yes,Yes,Yes,Yes,Yes,Yes,Yes,Yes,Yes,No,No,No,No,No,No,No,No,Female,45-60,"$50,000 - $99,999",Associate or bachelor degree,44107,East North Central
Midwest,Not much,Yes,Yes,Yes,Yes,Yes,Yes,No,Yes,Yes,Yes,Yes,Yes,No,No,No,No,No,No,No,No,Female,45-60,"$50,000 - $99,999",Associate or bachelor degree,44107,East North Central
Mid Wst,Not much,Yes,Yes,Yes,No,Yes,Yes,No,No,No,Yes,No,Yes,No,No,No,No,No,No,No,No,Male,> 60,"$100,000 - $149,999",Associate or bachelor degree,48198,East North Central
midwest,Not at all,Yes,Yes,Yes,Yes,Yes,Yes,Yes,Yes,No,Yes,No,Yes,Yes,No,No,No,No,No,No,No,Female,30-44,"$150,000+",Graduate degree,60657,East North Central
Midwest,A lot,Yes,Yes,Yes,No,Yes,Yes,No,No,No,Yes,No,Yes,No,No,Yes,No,No,No,No,No,Female,45-60,"$50,000 - $99,999",Associate or bachelor degree,44107,East North Central
midwest,A lot,No,No,No,No,No,No,No,No,No,No,No,Yes,No,No,No,No,No,No,No,No,Male,30-44,"$50,000 - $99,999",Some college,53704,East North Central
midwest,Some,Yes,Yes,Yes,No,Yes,No,Yes,No,No,Yes,No,Yes,No,No,No,No,No,No,No,No,Female,45-60,"$50,000 - $99,999",Associate or bachelor degree,44107,East North Central
Southeast,Not at all,Yes,Yes,Yes,Yes,Yes,Yes,Yes,Yes,No,No,No,Yes,No,No,No,Yes,No,No,No,No,Female,45-60,"$50,000 - $99,999",Associate or bachelor degree,44107,East North Central
Ohio,Not at all,No,No,No,No,No,No,No,No,No,Yes,No,No,No,No,No,No,No,No,No,No,Male,30-44,"$0 - $24,999",Some college,43207,East North Central
Midwest,A lot,Yes,Yes,Yes,Yes,Yes,Yes,Yes,Yes,No,Yes,No,Yes,Yes,No,Yes,Yes,No,No,Yes,No,Male,18-29,"$150,000+",Associate or bachelor degree,48073,East North Central
Midwest,A lot,Yes,Yes,No,No,Yes,Yes,No,No,No,No,No,Yes,No,No,No,No,No,No,No,No,Female,45-60,"$50,000 - $99,999",Some college,53561,East North Central
Midwester,A lot,Yes,Yes,Yes,No,Yes,Yes,No,No,Yes,Yes,No,Yes,No,No,No,No,No,No,Yes,No,Male,> 60,"$100,000 - $149,999",Some college,48246,East North Central
Midwestern US,A lot,No,No,Yes,Yes,No,No,No,Yes,No,No,No,No,No,Yes,No,Yes,No,No,No,No,Female,45-60,"$50,000 - $99,999",Associate or bachelor degree,44107,East North Central
Midwest,Some,Yes,Yes,Yes,Yes,Yes,Yes,Yes,Yes,Yes,Yes,Yes,Yes,Yes,Yes,Yes,Yes,No,No,No,No,Male,18-29,"$100,000 - $149,999",Associate or bachelor degree,60134,East North Central
western USA,Some,No,No,Yes,Yes,No,Yes,No,Yes,No,No,Yes,No,No,No,No,No,No,No,Yes,Yes,Female,45-60,"$50,000 - $99,999",Associate or bachelor degree,44107,East North Central
midwest,Some,Yes,Yes,Yes,Yes,Yes,Yes,Yes,Yes,Yes,Yes,Yes,Yes,Yes,No,Yes,Yes,No,No,No,No,Female,> 60,"$50,000 - $99,999",Graduate degree,53105,East North Central
Midwest,A lot,Yes,Yes,No,No,Yes,Yes,No,No,No,Yes,No,Yes,No,No,No,No,No,No,No,No,Female,30-44,"$50,000 - $99,999",Graduate degree,48192,East North Central
Midwest,A lot,Yes,Yes,Yes,No,Yes,Yes,No,No,No,No,No,Yes,No,No,No,No,No,No,No,No,Female,> 60,"$0 - $24,999",High school degree,60554,East North Central
Midwest,A lot,Yes,Yes,Yes,No,Yes,Yes,Yes,No,No,Yes,No,Yes,No,No,No,No,No,No,No,No,Female,> 60,"$25,000 - $49,999",Graduate degree,60640,East North Central
rural,Some,Yes,Yes,Yes,Yes,Yes,Yes,Yes,Yes,No,Yes,No,Yes,Yes,No,Yes,No,No,No,No,No,Female,45-60,"$50,000 - $99,999",Associate or bachelor degree,44107,East North Central
Midwest,Some,Yes,Yes,No,No,Yes,No,No,No,No,Yes,No,Yes,No,No,No,No,No,No,No,No,Female,30-44,"$150,000+",Associate or bachelor degree,49504,East North Central
midwest,A lot,Yes,Yes,Yes,Yes,Yes,No,Yes,Yes,No,Yes,No,No,No,No,No,No,No,No,No,No,Female,45-60,"$150,000+",Some college,46552,East North Central
"urban/suburban, mid-western city",A lot,Yes,Yes,Yes,Yes,Yes,No,Yes,No,No,Yes,No,No,No,No,Yes,No,No,No,No,No,Female,45-60,"$50,000 - $99,999",Graduate degree,45211,East North Central
The midwest,A lot,Yes,Yes,Yes,No,Yes,Yes,No,No,Yes,No,Yes,Yes,No,No,No,No,No,No,No,No,Male,30-44,"$150,000+",Associate or bachelor degree,54009,East North Central
something related to the North Pole,A lot,Yes,Yes,Yes,No,Yes,No,No,No,No,Yes,No,Yes,No,No,No,No,No,No,No,No,Female,45-60,"$50,000 - $99,999",Associate or bachelor degree,44107,East North Central
North East,Not at all,Yes,Yes,No,No,Yes,Yes,No,No,No,Yes,No,Yes,No,No,No,No,No,No,No,No,Female,45-60,"$50,000 - $99,999",Associate or bachelor degree,44107,East North Central
Midwest,Some,Yes,Yes,No,No,Yes,No,No,No,No,Yes,No,Yes,No,No,No,No,No,No,No,No,Female,18-29,"$50,000 - $99,999",Associate or bachelor degree,48170,East North Central
Northeast,Not at all,No,Yes,No,No,No,No,No,No,No,No,No,No,No,No,No,No,No,No,No,No,Female,> 60,"$25,000 - $49,999",High school degree,47274,East North Central
Midwest,A lot,Yes,Yes,Yes,No,Yes,No,Yes,No,No,Yes,No,Yes,No,No,Yes,No,No,No,No,No,Female,45-60,"$0 - $24,999",High school degree,46013,East North Central
Cold weather,Some,Yes,Yes,No,Yes,Yes,No,Yes,No,Yes,Yes,Yes,Yes,No,No,Yes,Yes,No,No,No,No,Male,45-60,"$25,000 - $49,999",Less than high school degree,43920,East North Central
Midwest,A lot,Yes,Yes,Yes,No,Yes,Yes,No,No,No,Yes,No,Yes,No,No,No,No,No,No,No,No,Female,> 60,"$50,000 - $99,999",Associate or bachelor degree,53207,East North Central
midwest,A lot,Yes,No,No,No,No,No,No,No,No,No,No,No,No,No,No,No,No,No,No,No,Female,18-29,"$150,000+",Graduate degree,60614,East North Central
Central illinois,Not much,No,No,No,Yes,No,No,No,No,No,No,No,No,No,Yes,No,Yes,No,No,Yes,Yes,Female,45-60,"$25,000 - $49,999",Some college,62951,East North Central
The Mid-West,Not much,No,Yes,No,No,Yes,Yes,No,No,No,Yes,No,Yes,No,No,No,No,No,No,No,No,Male,> 60,"$150,000+",Some college,48307,East North Central
Midwest,Some,Yes,Yes,Yes,Yes,Yes,Yes,Yes,Yes,Yes,No,Yes,Yes,Yes,No,Yes,No,No,No,No,No,Female,> 60,"$50,000 - $99,999",Graduate degree,47401,East North Central
Michigan,Some,Yes,Yes,Yes,No,Yes,Yes,Yes,No,No,Yes,No,Yes,No,No,Yes,No,No,No,No,No,Male,18-29,"$100,000 - $149,999",Some college,48105,East North Central
heartbeat of america,A lot,Yes,Yes,Yes,Yes,Yes,Yes,No,Yes,No,Yes,No,Yes,No,No,No,No,No,No,No,No,Male,> 60,"$100,000 - $149,999",Some college,48188,East North Central
The woods near the beach on the southeastern coach of Lake Michigan,A lot,Yes,No,Yes,Yes,Yes,Yes,Yes,Yes,No,Yes,No,Yes,No,No,No,No,No,No,No,No,Male,> 60,"$0 - $24,999",Associate or bachelor degree,49117,East North Central
MidWest,A lot,Yes,Yes,No,No,Yes,No,No,No,No,Yes,No,Yes,No,No,Yes,No,Yes,Yes,No,No,Male,45-60,"$50,000 - $99,999",Some college,43162,East North Central
Midwest,Some,Yes,Yes,Yes,Yes,Yes,Yes,Yes,Yes,No,Yes,No,Yes,No,No,Yes,Yes,No,No,No,No,Male,18-29,"$0 - $24,999",Associate or bachelor degree,46545,East North Central
Virginia,Some,No,No,Yes,Yes,No,Yes,Yes,Yes,Yes,No,Yes,Yes,Yes,Yes,No,Yes,No,No,Yes,No,Male,18-29,"$25,000 - $49,999",Less than high school degree,75601,East North Central
Bay Area,Not at all,Yes,No,Yes,No,Yes,Yes,Yes,No,No,Yes,No,Yes,No,No,No,No,No,No,No,No,Female,45-60,"$50,000 - $99,999",Associate or bachelor degree,44107,East North Central
Mid-West,Some,Yes,Yes,Yes,Yes,Yes,Yes,Yes,Yes,Yes,Yes,Yes,Yes,Yes,Yes,Yes,Yes,Yes,Yes,Yes,Yes,Male,18-29,"$25,000 - $49,999",High school degree,47166,East North Central
northeast,Not at all,No,No,Yes,Yes,No,No,No,Yes,No,No,No,Yes,No,Yes,No,No,No,No,No,No,Female,45-60,"$50,000 - $99,999",Associate or bachelor degree,44107,East North Central
Midwest,A lot,Yes,Yes,Yes,No,Yes,No,Yes,No,No,Yes,No,Yes,No,No,No,No,No,No,No,No,Male,45-60,"$100,000 - $149,999",Associate or bachelor degree,48069,East North Central
THE UNITED STATES,Some,Yes,No,No,No,No,No,No,No,No,No,No,No,No,No,No,No,No,No,No,No,Female,30-44,"$50,000 - $99,999",Some college,62002,East North Central
"The Mid-West. The Heartland, The best location in the Nation.",A lot,Yes,Yes,Yes,Yes,Yes,Yes,Yes,Yes,No,Yes,No,Yes,Yes,No,No,Yes,No,No,No,No,Male,> 60,"$50,000 - $99,999",Some college,44113,East North Central
"Midwest, Great Lakes region",A lot,Yes,Yes,Yes,No,Yes,Yes,Yes,Yes,Yes,Yes,Yes,Yes,No,No,No,Yes,No,No,No,No,Male,> 60,"$50,000 - $99,999",Associate or bachelor degree,44118,East North Central
Midwest,A lot,Yes,Yes,Yes,Yes,Yes,Yes,Yes,Yes,No,Yes,No,Yes,No,No,Yes,No,No,No,No,No,Male,45-60,"$50,000 - $99,999",Graduate degree,69565,East North Central
North Central/east,Not much,No,Yes,No,Yes,No,No,Yes,Yes,No,No,No,No,No,Yes,No,No,No,No,Yes,No,Female,> 60,"$150,000+",High school degree,48761,East North Central
"Very expensive, but worth it (New Jersey).",Not at all,Yes,Yes,No,Yes,Yes,Yes,No,Yes,Yes,Yes,Yes,Yes,No,No,No,No,No,No,No,No,Male,18-29,"$50,000 - $99,999",Graduate degree,8087,East North Central
Rural Pennsylvania,Not at all,Yes,Yes,Yes,Yes,No,Yes,Yes,Yes,No,No,No,No,No,No,No,No,No,No,No,No,Female,45-60,"$50,000 - $99,999",Associate or bachelor degree,44107,East North Central
northeast,A lot,No,No,No,No,No,No,No,No,No,Yes,No,No,No,No,No,No,No,No,No,No,Female,45-60,"$0 - $24,999",Graduate degree,44405,East North Central
North central,Not at all,Yes,Yes,No,No,Yes,No,No,No,No,No,No,No,No,No,Yes,No,Yes,No,No,No,Female,45-60,"$25,000 - $49,999",Some college,44125,East North Central
Midwest,A lot,Yes,Yes,Yes,Yes,Yes,Yes,Yes,Yes,Yes,Yes,Yes,Yes,No,No,No,No,No,No,No,No,Male,18-29,"$0 - $24,999",Some college,49007,East North Central
Midwest,A lot,Yes,Yes,No,No,Yes,Yes,Yes,No,Yes,Yes,No,Yes,No,No,Yes,No,No,No,No,No,Female,45-60,"$50,000 - $99,999",Associate or bachelor degree,44107,East North Central
Central,Not much,No,No,No,No,No,No,Yes,No,No,No,No,Yes,Yes,No,No,No,No,No,No,No,Female,45-60,"$50,000 - $99,999",Associate or bachelor degree,44107,East North Central
The Midwest,A lot,Yes,Yes,Yes,No,Yes,Yes,Yes,No,No,Yes,No,Yes,No,No,No,No,No,No,No,No,Male,18-29,"$150,000+",Some college,46703,East North Central
Eastern,A lot,No,No,No,No,Yes,No,No,No,No,No,No,No,No,No,No,No,No,No,No,No,Male,> 60,"$150,000+",Associate or bachelor degree,48315,East North Central
Midwest,Not much,Yes,Yes,Yes,Yes,Yes,Yes,Yes,No,No,Yes,No,Yes,No,No,No,No,No,No,No,No,Female,> 60,"$50,000 - $99,999",High school degree,60107,East North Central
Upper Midwest,A lot,Yes,Yes,Yes,No,Yes,Yes,No,No,No,No,No,Yes,No,No,No,No,No,No,No,No,Male,18-29,"$150,000+",Some college,54956,East North Central
midwest,Some,Yes,Yes,Yes,No,Yes,Yes,No,No,No,Yes,No,Yes,No,No,No,No,No,No,No,No,Male,45-60,"$50,000 - $99,999",High school degree,48088,East North Central
"northeast (that's because I just moved to philadelphia, but I moved here from Cleveland, OH which is definitely Midwest)",A lot,Yes,Yes,Yes,Yes,Yes,Yes,Yes,Yes,Yes,Yes,Yes,Yes,No,No,No,No,No,No,No,No,Male,18-29,"$25,000 - $49,999",Some college,44135,East North Central
Midwest urban,Some,Yes,Yes,Yes,No,No,No,No,No,No,Yes,No,Yes,No,No,No,No,No,No,No,No,Female,45-60,"$50,000 - $99,999",Associate or bachelor degree,44107,East North Central
Mid-East,Some,Yes,Yes,Yes,Yes,No,Yes,No,Yes,No,No,No,Yes,No,No,No,No,No,No,No,No,Male,45-60,"$50,000 - $99,999",Some college,43230,East North Central
Great Lakes area,A lot,Yes,No,Yes,No,No,Yes,Yes,Yes,Yes,No,Yes,Yes,No,Yes,No,Yes,No,No,No,No,Female,> 60,"$50,000 - $99,999",Associate or bachelor degree,53153,East North Central
Midwest,Some,Yes,No,No,No,Yes,Yes,No,No,No,Yes,No,Yes,No,No,No,No,No,No,No,No,Female,45-60,"$50,000 - $99,999",Associate or bachelor degree,44107,East North Central
midwest,A lot,Yes,Yes,No,No,Yes,No,No,No,No,Yes,No,No,No,No,No,No,No,No,No,No,Male,> 60,"$0 - $24,999",High school degree,46819,East North Central
Midwest,A lot,Yes,Yes,Yes,No,Yes,No,Yes,No,No,Yes,No,Yes,No,No,No,No,No,No,No,No,Male,45-60,"$0 - $24,999",Associate or bachelor degree,60618,East North Central
Mid-East,Some,Yes,No,Yes,Yes,No,Yes,Yes,Yes,Yes,No,Yes,No,Yes,Yes,No,Yes,No,No,Yes,Yes,Male,18-29,"$150,000+",Some college,47040,East North Central
The midwest,A lot,Yes,Yes,Yes,No,Yes,Yes,Yes,No,No,Yes,No,Yes,No,No,No,No,No,No,No,No,Female,45-60,"$50,000 - $99,999",Associate or bachelor degree,44107,East North Central
midwest,A lot,Yes,Yes,Yes,No,Yes,Yes,No,No,No,Yes,No,Yes,No,No,Yes,No,Yes,Yes,No,No,Female,45-60,"$50,000 - $99,999",Associate or bachelor degree,44107,East North Central
"Depressing, cold, cloudy, snowy",Not much,Yes,Yes,Yes,Yes,Yes,Yes,Yes,No,No,Yes,No,Yes,Yes,No,No,No,Yes,No,Yes,No,Female,30-44,"$100,000 - $149,999",Associate or bachelor degree,48150,East North Central
Midwest,Not at all,Yes,Yes,Yes,Yes,No,No,Yes,Yes,No,Yes,No,No,No,No,No,Yes,No,No,No,No,Female,> 60,"$100,000 - $149,999",Some college,45133,East North Central
Midwest,A lot,Yes,Yes,Yes,Yes,Yes,Yes,Yes,Yes,No,Yes,No,Yes,No,No,No,Yes,No,No,No,No,Female,18-29,"$25,000 - $49,999",Graduate degree,62704,East North Central
Chicagoland,A lot,Yes,Yes,Yes,No,Yes,Yes,Yes,No,No,No,No,Yes,No,No,No,No,No,No,No,No,Male,45-60,"$150,000+",Graduate degree,60126,East North Central
Very Cold,Not at all,Yes,Yes,Yes,No,Yes,Yes,No,No,No,Yes,No,Yes,No,No,No,No,No,No,No,No,Male,45-60,"$50,000 - $99,999",High school degree,49080,East North Central
Southern Indiana,Some,No,No,No,Yes,No,No,Yes,Yes,No,No,No,No,Yes,No,No,Yes,No,No,No,Yes,Female,45-60,"$50,000 - $99,999",High school degree,47150,East North Central
Upper Midwest,A lot,Yes,Yes,Yes,Yes,Yes,Yes,Yes,Yes,Yes,Yes,Yes,Yes,No,No,No,No,No,No,No,No,Male,45-60,"$150,000+",Graduate degree,49085,East North Central
midewest,A lot,Yes,Yes,Yes,No,No,No,No,No,No,Yes,No,No,No,No,No,No,No,Yes,No,No,Male,18-29,"$50,000 - $99,999",Associate or bachelor degree,45040,East North Central
Midwest,Not at all,Yes,Yes,Yes,Yes,Yes,Yes,Yes,Yes,No,No,No,Yes,No,No,No,Yes,No,No,No,No,Male,18-29,"$150,000+",Some college,60201,East North Central
northeast,Not at all,Yes,No,Yes,Yes,No,No,No,Yes,No,No,Yes,No,Yes,Yes,No,Yes,No,No,Yes,Yes,Male,45-60,"$50,000 - $99,999",High school degree,44662,East North Central
Central,Not much,No,No,No,No,No,No,Yes,No,No,No,No,No,No,Yes,No,No,No,No,No,Yes,Male,45-60,"$100,000 - $149,999",Some college,60018,East North Central
mid-atlantic,Not at all,No,No,No,Yes,No,No,No,Yes,No,No,No,No,Yes,Yes,Yes,Yes,No,No,No,Yes,Female,45-60,"$50,000 - $99,999",Associate or bachelor degree,44107,East North Central
midwest,Not much,Yes,Yes,Yes,Yes,Yes,Yes,Yes,Yes,No,Yes,No,Yes,No,No,No,No,No,No,No,No,Female,30-44,"$25,000 - $49,999",Graduate degree,60637,East North Central
mid-atlantic,Not at all,Yes,Yes,No,Yes,No,No,Yes,Yes,No,Yes,Yes,Yes,No,No,No,No,No,No,No,No,Female,45-60,"$50,000 - $99,999",Associate or bachelor degree,44107,East North Central
Midwest,A lot,No,Yes,Yes,No,Yes,Yes,No,No,No,Yes,No,Yes,No,No,No,No,No,No,No,No,Male,30-44,"$50,000 - $99,999",Some college,48093,East North Central
Midwest,A lot,Yes,Yes,No,No,Yes,Yes,Yes,No,No,Yes,No,Yes,No,No,No,No,No,No,No,No,Male,30-44,"$50,000 - $99,999",Associate or bachelor degree,48335,East North Central
frigid,Not much,Yes,Yes,No,Yes,Yes,Yes,Yes,Yes,Yes,Yes,Yes,Yes,No,No,No,No,No,No,No,No,Female,18-29,"$150,000+",Associate or bachelor degree,48326,East North Central
Eastern United States,Not much,No,No,Yes,No,No,No,Yes,Yes,Yes,No,Yes,No,No,No,No,Yes,No,No,Yes,Yes,Female,45-60,"$50,000 - $99,999",Associate or bachelor degree,44107,East North Central
the midwest,Not much,Yes,Yes,Yes,No,Yes,Yes,Yes,No,No,Yes,No,Yes,No,No,No,No,No,No,No,No,Male,18-29,"$50,000 - $99,999",High school degree,60634,East North Central
The Midwest,Some,Yes,Yes,Yes,No,Yes,Yes,Yes,No,No,Yes,No,Yes,No,No,No,No,No,No,No,No,Female,30-44,"$50,000 - $99,999",Associate or bachelor degree,60056,East North Central
Midwest,Some,Yes,Yes,No,No,No,No,Yes,No,No,Yes,No,No,No,No,No,No,No,No,No,No,Male,> 60,"$25,000 - $49,999",Some college,45377,East North Central
Midwest,Some,Yes,No,Yes,No,No,Yes,No,No,No,No,No,Yes,No,No,No,No,No,No,No,No,Male,45-60,"$150,000+",Some college,53221,East North Central
Midwest,A lot,Yes,Yes,Yes,No,No,Yes,No,No,No,Yes,No,Yes,No,No,No,No,No,No,No,No,Female,> 60,"$50,000 - $99,999",Graduate degree,61201,East North Central
Rural,Not at all,Yes,Yes,No,No,Yes,Yes,Yes,No,No,Yes,No,Yes,No,No,Yes,No,No,No,No,Yes,Female,30-44,"$25,000 - $49,999",Graduate degree,44103,East North Central
Midwest,A lot,Yes,Yes,Yes,Yes,Yes,No,Yes,Yes,No,Yes,No,Yes,No,No,No,No,No,No,No,No,Female,30-44,"$50,000 - $99,999",Some college,63123,East North Central
Mid Atlantic,Not at all,No,Yes,Yes,Yes,No,No,Yes,Yes,No,No,No,No,Yes,No,No,No,No,No,No,No,Female,45-60,"$50,000 - $99,999",Associate or bachelor degree,44107,East North Central
Midwest,Some,Yes,Yes,Yes,Yes,Yes,Yes,Yes,No,No,Yes,No,Yes,No,No,No,No,No,No,No,No,Female,45-60,"$150,000+",Associate or bachelor degree,48035,East North Central
midwest,Not much,No,No,No,No,Yes,No,No,No,No,No,No,No,No,No,No,No,No,No,No,No,Female,> 60,"$50,000 - $99,999",Some college,48327,East North Central
MID WEST,Some,No,No,No,No,No,No,No,No,No,No,No,Yes,No,No,No,No,No,No,No,No,Female,> 60,"$0 - $24,999",Graduate degree,53202,East North Central
Mid west,A lot,Yes,Yes,No,Yes,No,Yes,No,No,No,No,No,No,No,No,No,No,No,No,No,No,Female,45-60,"$50,000 - $99,999",Associate or bachelor degree,44107,East North Central
Midwest,A lot,Yes,Yes,Yes,Yes,Yes,Yes,No,Yes,No,Yes,No,Yes,No,No,No,No,No,No,No,No,Female,> 60,"$50,000 - $99,999",Graduate degree,48642,East North Central
nw,Not much,No,No,No,No,No,No,No,No,No,Yes,No,No,No,No,No,No,No,No,No,No,Female,30-44,"$25,000 - $49,999",Some college,43315,East North Central
Midwest,Some,Yes,Yes,Yes,Yes,No,Yes,Yes,Yes,Yes,Yes,Yes,Yes,No,No,Yes,Yes,No,No,No,No,Female,45-60,"$100,000 - $149,999",High school degree,45385,East North Central
Midwest,Some,Yes,Yes,Yes,Yes,No,No,Yes,Yes,Yes,Yes,Yes,No,No,No,No,No,No,No,No,No,Male,18-29,"$50,000 - $99,999",Some college,44312,East North Central
Midwest,A lot,Yes,Yes,Yes,Yes,Yes,Yes,Yes,Yes,No,Yes,No,Yes,No,No,No,No,No,No,No,No,Female,30-44,"$50,000 - $99,999",Graduate degree,45243,East North Central
Upper midwest,A lot,Yes,Yes,Yes,Yes,Yes,Yes,No,Yes,Yes,Yes,Yes,Yes,No,No,No,No,No,Yes,No,No,Male,30-44,"$50,000 - $99,999",Associate or bachelor degree,54720,East North Central
midwest,A lot,Yes,Yes,No,No,Yes,Yes,No,No,No,Yes,No,Yes,No,No,No,No,No,No,No,No,Female,45-60,"$50,000 - $99,999",Associate or bachelor degree,44107,East North Central
Midwest,A lot,Yes,Yes,No,No,Yes,Yes,No,No,No,Yes,No,Yes,No,No,No,No,No,No,No,No,Female,18-29,"$0 - $24,999",Some college,49008,East North Central
Midwest,Not much,Yes,Yes,Yes,Yes,Yes,Yes,Yes,Yes,No,Yes,No,Yes,No,No,Yes,Yes,No,Yes,No,No,Female,30-44,"$150,000+",Associate or bachelor degree,44130,East North Central
The Midwest,A lot,Yes,Yes,Yes,Yes,Yes,Yes,Yes,Yes,No,Yes,No,Yes,No,No,No,No,No,No,No,No,Female,18-29,"$50,000 - $99,999",Associate or bachelor degree,60647,East North Central
Midwest,A lot,Yes,Yes,No,No,Yes,Yes,No,Yes,No,Yes,No,Yes,No,No,No,No,No,No,No,No,Female,30-44,"$100,000 - $149,999",Graduate degree,46201,East North Central
Midwest,Some,Yes,Yes,Yes,Yes,Yes,No,Yes,Yes,No,Yes,No,Yes,No,No,No,No,No,No,No,No,Female,45-60,"$50,000 - $99,999",Associate or bachelor degree,44107,East North Central
Midwest,Some,No,No,Yes,No,No,Yes,No,No,Yes,No,Yes,Yes,No,No,No,No,No,No,No,No,Female,45-60,"$50,000 - $99,999",Associate or bachelor degree,44107,East North Central
"I live in Illinois, and wish I was young enough to take up my roots and move elsewhere. Politically possibilly the worst state you can live in!",Some,Yes,Yes,Yes,No,Yes,Yes,Yes,No,No,Yes,No,Yes,Yes,No,Yes,No,No,No,No,No,Female,> 60,"$25,000 - $49,999",Some college,60467,East North Central
Midwest,A lot,Yes,Yes,Yes,Yes,Yes,Yes,Yes,Yes,No,Yes,No,Yes,No,No,Yes,No,No,No,No,No,Female,30-44,"$50,000 - $99,999",Graduate degree,47928,East North Central
midwest,A lot,Yes,Yes,Yes,No,Yes,Yes,Yes,No,No,Yes,No,Yes,No,No,No,No,No,No,No,No,Male,30-44,"$50,000 - $99,999",Some college,54170,East North Central
Midwest,A lot,Yes,Yes,Yes,No,No,No,No,No,No,Yes,No,No,No,No,No,No,No,No,No,No,Male,45-60,"$100,000 - $149,999",Graduate degree,60007,East North Central
The mid-west,Some,Yes,No,No,No,No,No,No,No,No,No,No,No,No,No,No,No,No,No,No,No,Female,30-44,"$100,000 - $149,999",Graduate degree,60090,East North Central
Midwest,Some,Yes,Yes,Yes,Yes,No,No,Yes,Yes,No,Yes,No,No,No,No,No,Yes,No,No,No,No,Female,18-29,"$25,000 - $49,999",Some college,45044,East North Central
Northeast,Not much,No,Yes,Yes,No,No,Yes,No,No,No,No,No,No,No,No,No,No,No,No,No,No,Female,45-60,"$50,000 - $99,999",Associate or bachelor degree,44107,East North Central
Midwest,A lot,Yes,Yes,Yes,Yes,No,No,Yes,Yes,No,Yes,No,No,No,No,No,No,No,No,No,No,Female,18-29,"$25,000 - $49,999",Associate or bachelor degree,43015,East North Central
Northwestern,Some,No,No,No,No,No,No,No,Yes,Yes,No,Yes,No,No,Yes,No,No,No,No,Yes,Yes,Female,45-60,"$50,000 - $99,999",Associate or bachelor degree,44107,East North Central
Southeast,Not at all,No,No,No,No,No,No,No,No,No,No,No,No,Yes,No,No,No,No,No,No,No,Female,45-60,"$50,000 - $99,999",Associate or bachelor degree,44107,East North Central
the midwest,A lot,Yes,Yes,Yes,No,Yes,Yes,No,No,No,Yes,No,Yes,No,No,No,No,No,No,No,No,Male,18-29,"$100,000 - $149,999",High school degree,60632,East North Central
Midwest,A lot,Yes,Yes,Yes,No,Yes,Yes,No,No,No,Yes,No,Yes,No,No,No,No,No,No,No,No,Male,45-60,"$150,000+",Graduate degree,45255,East North Central
Midwest,Some,Yes,Yes,Yes,Yes,Yes,No,Yes,Yes,Yes,Yes,Yes,No,Yes,No,Yes,No,No,No,No,No,Male,30-44,"$150,000+",Associate or bachelor degree,61422,East North Central
Midwest,A lot,Yes,Yes,Yes,No,Yes,No,No,No,No,Yes,No,No,No,No,Yes,No,No,Yes,No,No,Male,18-29,"$150,000+",High school degree,43221,East North Central
Midwest,A lot,Yes,Yes,Yes,No,Yes,Yes,No,No,No,Yes,No,Yes,No,No,Yes,No,No,No,No,No,Male,> 60,"$100,000 - $149,999",Graduate degree,47348,East North Central
midwest...northern midwest...i live in northern michigan,A lot,Yes,Yes,Yes,Yes,Yes,Yes,Yes,Yes,Yes,Yes,Yes,Yes,Yes,No,Yes,Yes,No,No,Yes,No,Female,18-29,"$0 - $24,999",Some college,48703,East North Central
Southwest,Not much,Yes,Yes,No,No,No,No,No,No,No,Yes,No,No,No,No,No,No,No,No,No,No,Female,45-60,"$50,000 - $99,999",Associate or bachelor degree,44107,East North Central
Rust Belt,Some,Yes,Yes,Yes,Yes,Yes,Yes,Yes,Yes,No,Yes,No,Yes,No,No,No,No,No,No,No,No,Male,> 60,"$100,000 - $149,999",Graduate degree,44109,East North Central
The Midwest,A lot,Yes,Yes,No,No,Yes,Yes,Yes,No,No,Yes,No,Yes,No,No,No,No,No,No,No,No,Male,> 60,"$150,000+",Graduate degree,46235,East North Central
Midwest,Some,Yes,Yes,Yes,Yes,Yes,No,Yes,No,No,Yes,No,Yes,No,No,No,No,No,No,No,No,Female,30-44,"$100,000 - $149,999",Associate or bachelor degree,49506,East North Central
The City,Not at all,No,No,Yes,No,Yes,Yes,No,No,No,Yes,No,Yes,No,Yes,No,No,No,No,No,No,Male,18-29,"$150,000+",Associate or bachelor degree,4609,East North Central
midwest,A lot,Yes,Yes,Yes,No,Yes,Yes,No,No,No,No,No,Yes,No,No,No,No,No,No,No,No,Male,> 60,"$0 - $24,999",Associate or bachelor degree,60640,East North Central
"flat, cold, no trees, western people",Some,No,No,No,No,No,No,No,No,Yes,No,Yes,No,No,No,No,No,No,No,Yes,Yes,Female,45-60,"$50,000 - $99,999",Associate or bachelor degree,44107,East North Central
A decent place to live in.,Not much,Yes,No,Yes,Yes,No,Yes,Yes,Yes,No,No,Yes,Yes,No,No,No,No,No,No,No,No,Male,18-29,"$150,000+",Some college,60629,East North Central
Midwest,Some,Yes,Yes,No,No,Yes,Yes,No,No,No,Yes,No,Yes,No,No,Yes,No,No,No,No,No,Female,30-44,"$25,000 - $49,999",Associate or bachelor degree,43612,East North Central
Midwest,A lot,Yes,No,No,No,No,No,No,No,No,No,No,No,No,No,No,No,No,No,No,No,Female,30-44,"$25,000 - $49,999",Associate or bachelor degree,62703,East North Central
Hype Park,Not at all,Yes,Yes,No,No,No,Yes,No,No,No,Yes,No,Yes,No,No,No,No,No,No,No,No,Male,30-44,"$50,000 - $99,999",Associate or bachelor degree,60637,East North Central
mid-West / central Illinois,Some,Yes,Yes,Yes,Yes,Yes,Yes,Yes,Yes,No,No,No,Yes,No,No,No,No,No,No,No,No,Female,30-44,"$50,000 - $99,999",Graduate degree,62707,East North Central
Midwest,A lot,Yes,Yes,Yes,No,Yes,Yes,No,No,No,Yes,No,Yes,No,No,No,No,No,No,No,No,Male,45-60,"$150,000+",Graduate degree,60527,East North Central
The Midwest,Not much,Yes,Yes,Yes,No,Yes,Yes,Yes,No,No,Yes,No,Yes,No,No,No,No,No,No,No,No,Female,30-44,"$150,000+",Associate or bachelor degree,60563,East North Central
midwest,Some,Yes,Yes,Yes,Yes,Yes,Yes,Yes,Yes,Yes,No,Yes,Yes,No,No,No,No,No,No,No,No,Male,30-44,"$150,000+",Graduate degree,60626,East North Central
midwest,Not much,Yes,Yes,Yes,No,Yes,No,No,No,No,Yes,No,Yes,No,No,No,No,No,No,No,No,Female,45-60,"$150,000+",Associate or bachelor degree,60446,East North Central
The midwest,A lot,Yes,No,Yes,No,Yes,No,Yes,No,No,No,No,Yes,No,No,No,No,No,No,No,No,Female,30-44,"$0 - $24,999",Associate or bachelor degree,60620,East North Central
Midwest,Some,Yes,Yes,Yes,No,Yes,No,No,No,No,No,No,Yes,No,No,No,No,No,No,No,No,Female,45-60,"$50,000 - $99,999",Associate or bachelor degree,44107,East North Central
Northeast Ohio,Not at all,No,No,Yes,Yes,No,Yes,Yes,Yes,Yes,No,Yes,No,Yes,Yes,No,Yes,No,No,Yes,Yes,Female,18-29,"$50,000 - $99,999",Graduate degree,44280,East North Central
The Midwest,Some,Yes,Yes,Yes,Yes,Yes,Yes,Yes,Yes,Yes,Yes,Yes,Yes,No,No,No,No,No,No,No,No,Male,45-60,"$150,000+",Graduate degree,46032,East North Central
The Great Lakes Region,Not at all,No,No,Yes,Yes,No,Yes,Yes,Yes,Yes,No,Yes,Yes,No,No,No,No,No,No,No,No,Male,30-44,"$0 - $24,999",Some college,44107,East North Central
Midwest,A lot,Yes,Yes,Yes,Yes,No,No,Yes,No,No,No,No,No,Yes,No,No,Yes,No,No,No,No,Female,30-44,"$0 - $24,999",Some college,63084,West North Central
The Midwest,A lot,Yes,Yes,Yes,Yes,Yes,No,Yes,No,No,Yes,No,No,No,No,Yes,Yes,No,No,No,No,Female,30-44,"$150,000+",Associate or bachelor degree,63114,West North Central
midwest,A lot,Yes,No,Yes,Yes,Yes,Yes,Yes,Yes,Yes,No,Yes,Yes,No,No,No,No,No,No,No,No,Female,> 60,"$50,000 - $99,999",Some college,55102,West North Central
Upper Midwest,A lot,No,No,Yes,No,No,Yes,No,Yes,Yes,No,Yes,Yes,No,No,No,No,No,No,No,No,Male,> 60,"$50,000 - $99,999",Associate or bachelor degree,57108,West North Central
Midwest,A lot,No,No,Yes,Yes,No,No,Yes,Yes,No,No,No,No,No,Yes,No,Yes,No,No,No,No,Female,45-60,"$50,000 - $99,999",Graduate degree,66436,West North Central
upper midwest,A lot,Yes,Yes,Yes,No,Yes,Yes,Yes,Yes,Yes,Yes,Yes,Yes,No,No,No,No,No,No,No,No,Female,> 60,"$50,000 - $99,999",Graduate degree,55731,West North Central
Northern Plains,A lot,No,No,No,No,No,Yes,No,No,No,No,No,No,No,No,No,No,No,No,No,No,Male,30-44,"$100,000 - $149,999",Some college,55412,West North Central
midwest,Some,Yes,No,Yes,Yes,No,No,Yes,Yes,No,No,No,No,No,No,No,No,No,No,No,No,Male,> 60,"$100,000 - $149,999",Some college,64836,West North Central
Upper MidWest,Not much,Yes,Yes,Yes,Yes,Yes,Yes,No,Yes,Yes,Yes,Yes,Yes,No,Yes,No,No,No,No,Yes,Yes,Female,45-60,"$150,000+",Associate or bachelor degree,56537,West North Central
Plains,Not much,Yes,Yes,Yes,No,No,Yes,Yes,No,No,No,No,Yes,No,No,No,No,No,No,No,No,Male,45-60,"$150,000+",Graduate degree,68135,West North Central
Midwest,A lot,Yes,Yes,Yes,Yes,No,Yes,Yes,Yes,No,Yes,No,Yes,Yes,No,No,Yes,No,Yes,No,No,Male,> 60,"$50,000 - $99,999",Some college,50219,West North Central
CENTRAL,Not at all,No,No,No,Yes,No,No,No,Yes,Yes,No,Yes,No,No,Yes,No,Yes,No,No,Yes,Yes,Male,> 60,"$0 - $24,999",High school degree,55103,West North Central
Midwest/central,A lot,No,No,No,No,No,No,No,Yes,No,No,No,No,No,No,No,No,No,No,No,No,Male,45-60,"$150,000+",Associate or bachelor degree,68516,West North Central
Midwest,A lot,Yes,Yes,Yes,Yes,Yes,Yes,Yes,Yes,Yes,No,Yes,Yes,No,No,No,No,No,No,No,No,Female,> 60,"$100,000 - $149,999",Some college,50266,West North Central
cold,Some,No,No,Yes,Yes,Yes,Yes,Yes,Yes,Yes,No,Yes,Yes,No,No,No,Yes,No,No,No,No,Male,> 60,"$100,000 - $149,999",Associate or bachelor degree,55792,West North Central
midwest,A lot,Yes,No,Yes,Yes,No,No,Yes,Yes,Yes,Yes,Yes,No,No,No,No,Yes,No,No,Yes,No,Female,45-60,"$50,000 - $99,999",Some college,64030,West North Central
Midwest,Not much,Yes,Yes,Yes,Yes,No,No,Yes,Yes,No,No,No,No,Yes,No,No,Yes,No,No,No,No,Female,45-60,"$100,000 - $149,999",Graduate degree,66061,West North Central
Midwest,A lot,Yes,No,Yes,Yes,No,No,Yes,Yes,Yes,No,Yes,Yes,Yes,No,No,Yes,No,No,No,Yes,Female,30-44,"$50,000 - $99,999",Some college,63376,West North Central
Midwest,Some,No,No,Yes,No,No,Yes,No,Yes,Yes,No,Yes,Yes,No,No,No,No,No,No,Yes,Yes,Female,18-29,"$150,000+",Some college,55077,West North Central
midwest,A lot,Yes,No,Yes,Yes,No,No,Yes,Yes,No,Yes,No,Yes,Yes,Yes,No,No,No,No,No,Yes,Female,18-29,"$50,000 - $99,999",Some college,65201,West North Central
Midwest,A lot,No,No,Yes,Yes,No,No,No,Yes,No,No,Yes,No,No,Yes,No,Yes,No,No,No,Yes,Female,30-44,"$100,000 - $149,999",Graduate degree,68920,West North Central
North,Not much,No,No,Yes,No,Yes,Yes,No,No,Yes,No,Yes,Yes,No,No,No,No,No,No,No,No,Female,> 60,"$150,000+",Associate or bachelor degree,55304,West North Central
Midwest,Some,No,Yes,Yes,Yes,No,No,Yes,Yes,No,No,No,No,No,No,No,Yes,No,No,No,No,Female,30-44,"$25,000 - $49,999",Some college,65802,West North Central
Midwest,A lot,Yes,Yes,Yes,Yes,Yes,Yes,Yes,Yes,Yes,Yes,Yes,Yes,Yes,No,No,Yes,No,No,No,No,Male,> 60,"$150,000+",Graduate degree,68801,West North Central
Great Plains,Not at all,Yes,Yes,Yes,No,No,No,Yes,No,No,Yes,No,No,No,No,Yes,No,Yes,No,No,No,Female,45-60,"$0 - $24,999",Some college,66512,West North Central
Kansas,Some,Yes,Yes,Yes,Yes,No,No,Yes,Yes,No,No,No,No,No,No,No,No,No,No,No,No,Male,30-44,"$25,000 - $49,999",Associate or bachelor degree,67204,West North Central
midwest,A lot,No,No,No,Yes,No,No,Yes,Yes,Yes,No,Yes,No,No,No,No,Yes,No,No,No,No,Female,45-60,"$150,000+",Associate or bachelor degree,66210,West North Central
I will call the The solitary streets,Some,Yes,No,No,Yes,No,No,Yes,No,No,No,No,No,Yes,No,Yes,Yes,No,No,Yes,Yes,Female,45-60,"$50,000 - $99,999",Some college,65704,West North Central
The Midwest/Great Plains,Not much,Yes,Yes,Yes,Yes,Yes,No,Yes,Yes,Yes,Yes,Yes,No,Yes,Yes,No,Yes,No,No,Yes,Yes,Male,18-29,"$0 - $24,999",Some college,66045,West North Central
Midwest,A lot,No,No,Yes,Yes,Yes,Yes,No,Yes,Yes,Yes,Yes,Yes,No,No,No,Yes,No,No,No,No,Male,45-60,"$100,000 - $149,999",High school degree,68507,West North Central
Mid West,A lot,No,Yes,Yes,Yes,Yes,No,Yes,Yes,No,Yes,No,Yes,Yes,No,No,No,No,No,No,No,Female,> 60,"$150,000+",Some college,65202,West North Central
Minne-snow-ta,A lot,Yes,Yes,Yes,Yes,Yes,Yes,Yes,No,Yes,Yes,Yes,Yes,No,No,No,No,No,No,No,No,Male,18-29,"$50,000 - $99,999",Some college,55105,West North Central
Midwest. The Heartland.,A lot,Yes,Yes,Yes,Yes,No,Yes,Yes,Yes,No,No,No,No,No,No,No,No,No,No,No,No,Female,45-60,"$25,000 - $49,999",Some college,66062,West North Central
South-Central Midwest,A lot,No,No,Yes,Yes,No,No,Yes,Yes,No,Yes,No,No,Yes,No,No,Yes,No,No,No,No,Female,> 60,"$150,000+",Associate or bachelor degree,64772,West North Central
midwest,Some,No,No,Yes,Yes,No,No,Yes,Yes,No,No,No,No,No,No,No,Yes,No,No,No,No,Female,30-44,"$50,000 - $99,999",Some college,66053,West North Central
Midwest,A lot,No,No,Yes,No,No,Yes,No,No,Yes,No,Yes,Yes,No,No,No,No,No,No,No,No,Male,30-44,"$150,000+",Graduate degree,55016,West North Central
"Okay, not to exciting.",A lot,Yes,No,Yes,Yes,No,No,Yes,Yes,Yes,No,Yes,No,Yes,No,Yes,Yes,No,No,No,No,Male,45-60,"$50,000 - $99,999",High school degree,64063,West North Central
Midwest,Some,No,No,Yes,Yes,No,Yes,No,Yes,No,No,No,No,No,Yes,No,No,No,No,Yes,Yes,Female,45-60,"$100,000 - $149,999",Associate or bachelor degree,68154,West North Central
Central,Not at all,Yes,No,Yes,Yes,No,Yes,Yes,Yes,No,No,Yes,Yes,Yes,No,No,Yes,No,No,No,No,Male,> 60,"$50,000 - $99,999",High school degree,55103,West North Central
southwest,A lot,No,No,No,No,No,No,Yes,No,No,No,No,No,No,No,No,No,No,No,No,No,Female,> 60,"$150,000+",High school degree,65608,West North Central
Midwest,A lot,No,No,Yes,No,No,Yes,No,No,Yes,No,Yes,Yes,No,No,No,No,No,No,Yes,No,Female,30-44,"$50,000 - $99,999",Some college,56601,West North Central
North,Some,Yes,Yes,Yes,Yes,No,Yes,Yes,Yes,Yes,Yes,Yes,Yes,Yes,No,Yes,No,No,No,No,No,Male,18-29,"$25,000 - $49,999",Associate or bachelor degree,58701,West North Central
Promise Land,Not much,No,No,No,Yes,No,No,No,Yes,No,No,No,No,No,No,No,Yes,No,No,No,No,Male,18-29,"$25,000 - $49,999",Some college,67022,West North Central
cold,Some,Yes,No,Yes,Yes,No,No,Yes,Yes,No,No,No,No,No,No,No,No,No,No,No,No,Female,45-60,"$25,000 - $49,999",High school degree,52601,West North Central
Midwest,A lot,Yes,No,Yes,No,No,Yes,Yes,Yes,No,No,Yes,Yes,No,No,No,No,No,No,No,No,Male,45-60,"$50,000 - $99,999",Graduate degree,68154,West North Central
central usa,A lot,No,No,Yes,Yes,No,Yes,Yes,Yes,Yes,No,Yes,No,Yes,Yes,No,Yes,No,No,No,Yes,Male,45-60,"$50,000 - $99,999",Associate or bachelor degree,67026,West North Central
Midwest,A lot,Yes,Yes,No,Yes,No,No,Yes,No,No,No,No,Yes,No,No,No,No,No,No,No,No,Female,> 60,"$50,000 - $99,999",Some college,63348,West North Central
Midwest,Some,Yes,No,Yes,Yes,Yes,Yes,No,Yes,Yes,No,Yes,Yes,No,No,No,Yes,No,No,Yes,No,Male,18-29,"$0 - $24,999",Graduate degree,55305,West North Central
Upper midwest,A lot,Yes,Yes,Yes,No,No,Yes,No,No,Yes,No,Yes,Yes,No,No,No,No,No,No,No,No,Female,> 60,"$100,000 - $149,999",Graduate degree,55439,West North Central
midwest,A lot,No,No,Yes,Yes,No,No,Yes,Yes,No,No,Yes,No,No,No,No,No,No,No,No,No,Female,30-44,"$150,000+",High school degree,51401,West North Central
midwest,A lot,Yes,Yes,Yes,No,Yes,Yes,No,No,No,Yes,No,Yes,No,No,No,No,No,No,No,No,Female,30-44,"$50,000 - $99,999",Associate or bachelor degree,55901,West North Central
Expensive and Entertainment Country.,Some,No,No,No,Yes,No,No,Yes,No,No,No,No,No,No,No,No,No,No,No,No,No,Female,18-29,"$0 - $24,999",Less than high school degree,63105,West North Central
the Heartland,A lot,Yes,Yes,Yes,Yes,Yes,Yes,Yes,No,No,Yes,No,Yes,No,No,No,No,No,No,No,No,Female,> 60,"$25,000 - $49,999",Associate or bachelor degree,66206,West North Central
Midwest,Some,Yes,Yes,No,No,Yes,Yes,No,No,Yes,Yes,Yes,Yes,No,No,No,No,No,No,No,No,Male,45-60,"$100,000 - $149,999",Associate or bachelor degree,55359,West North Central
upper midwest,A lot,Yes,No,Yes,No,Yes,Yes,No,Yes,Yes,No,Yes,Yes,No,No,No,No,No,No,No,No,Male,> 60,"$100,000 - $149,999",Associate or bachelor degree,50438,West North Central
Mid Missouri,Some,No,No,Yes,Yes,No,Yes,Yes,Yes,Yes,No,Yes,No,No,No,No,No,No,No,No,No,Male,45-60,"$50,000 - $99,999",High school degree,65486,West North Central
Midwest,Some,No,No,Yes,Yes,No,Yes,No,Yes,Yes,No,Yes,No,No,No,No,Yes,No,No,Yes,Yes,Male,30-44,"$0 - $24,999",Some college,57701,West North Central
upper midwest,A lot,No,No,Yes,No,Yes,Yes,No,No,Yes,No,Yes,Yes,No,No,No,No,No,No,No,No,Female,> 60,"$100,000 - $149,999",Associate or bachelor degree,55403,West North Central
MId West,A lot,Yes,No,No,No,No,Yes,No,No,Yes,Yes,No,Yes,No,No,No,No,No,No,No,No,Female,45-60,"$150,000+",Associate or bachelor degree,58554,West North Central
Upper midwest,A lot,Yes,Yes,Yes,Yes,Yes,Yes,Yes,Yes,Yes,Yes,Yes,Yes,Yes,No,No,Yes,No,No,No,No,Male,30-44,"$0 - $24,999",Associate or bachelor degree,55923,West North Central
Midwest,A lot,Yes,No,Yes,Yes,Yes,Yes,Yes,Yes,Yes,No,Yes,Yes,No,No,No,No,No,No,No,No,Female,45-60,"$25,000 - $49,999",Associate or bachelor degree,50021,West North Central
Liberal midwest,Not much,No,No,No,No,No,Yes,No,No,No,No,No,Yes,No,No,No,No,No,No,No,No,Male,18-29,"$0 - $24,999",Some college,55455,West North Central
Mid-west,Some,No,No,Yes,Yes,No,No,No,Yes,Yes,No,No,No,No,Yes,No,No,No,No,No,No,Female,> 60,"$50,000 - $99,999",Some college,68506,West North Central
Minnesota,Not at all,Yes,No,Yes,No,Yes,Yes,No,Yes,Yes,No,Yes,Yes,No,No,No,No,No,No,No,No,Female,30-44,"$50,000 - $99,999",Graduate degree,55122,West North Central
high plains,Some,No,No,Yes,Yes,No,Yes,Yes,Yes,Yes,No,Yes,No,No,No,No,No,No,No,No,No,Male,> 60,"$50,000 - $99,999",Some college,51142,West North Central
Midwest,Not much,No,No,Yes,No,No,Yes,No,No,Yes,No,Yes,Yes,No,No,No,No,No,No,No,No,Female,45-60,"$150,000+",Some college,55426,West North Central
midwest,Some,No,No,Yes,Yes,No,No,Yes,Yes,No,No,No,No,Yes,No,No,Yes,No,No,No,No,Female,> 60,"$150,000+",Some college,66111,West North Central
Midwest,Not much,Yes,Yes,Yes,Yes,No,Yes,Yes,Yes,No,No,No,Yes,Yes,No,No,No,No,No,No,No,Female,> 60,"$150,000+",Graduate degree,63017,West North Central
midwest,A lot,Yes,Yes,Yes,Yes,Yes,Yes,Yes,Yes,No,No,No,Yes,No,No,No,No,No,No,No,No,Female,45-60,"$100,000 - $149,999",Associate or bachelor degree,63461,West North Central
Midwest,Some,Yes,Yes,Yes,Yes,Yes,Yes,Yes,Yes,No,Yes,No,Yes,No,No,No,No,No,No,No,No,Female,> 60,"$50,000 - $99,999",Graduate degree,66112,West North Central
Midwest,A lot,Yes,Yes,Yes,Yes,Yes,Yes,Yes,Yes,Yes,Yes,Yes,Yes,No,No,No,No,No,No,No,No,Female,30-44,"$50,000 - $99,999",Some college,52404,West North Central
western,Not much,No,No,No,Yes,No,No,Yes,No,No,No,No,No,Yes,No,No,Yes,No,No,No,Yes,Female,> 60,"$0 - $24,999",High school degree,65542,West North Central
midwest,Some,Yes,Yes,Yes,Yes,Yes,Yes,Yes,Yes,No,No,No,No,Yes,No,No,No,No,No,No,No,Female,45-60,"$150,000+",Some college,64060,West North Central
Midwest,A lot,Yes,No,Yes,Yes,Yes,Yes,Yes,Yes,Yes,Yes,Yes,Yes,No,No,No,No,No,No,No,No,Female,45-60,"$150,000+",Graduate degree,55024,West North Central
Midwest,A lot,Yes,Yes,Yes,Yes,No,No,Yes,Yes,No,Yes,No,No,No,No,No,No,No,No,No,No,Female,18-29,"$50,000 - $99,999",Associate or bachelor degree,64014,West North Central
Midwest,A lot,Yes,No,Yes,Yes,No,No,Yes,Yes,No,No,No,No,No,No,No,No,No,No,No,No,Female,45-60,"$150,000+",High school degree,64624,West North Central
Midwest,Some,No,No,Yes,Yes,No,No,Yes,Yes,No,No,No,No,Yes,No,No,No,No,No,No,No,Female,> 60,"$50,000 - $99,999",Graduate degree,64114,West North Central
northwoods,A lot,Yes,Yes,Yes,Yes,Yes,Yes,No,Yes,Yes,Yes,Yes,Yes,No,No,No,No,No,No,No,Yes,Male,> 60,"$50,000 - $99,999",Graduate degree,55803,West North Central
the midwest,A lot,Yes,Yes,Yes,No,Yes,Yes,Yes,Yes,Yes,Yes,Yes,Yes,No,No,No,No,No,No,No,No,Male,> 60,"$100,000 - $149,999",Associate or bachelor degree,63011,West North Central
Southern Midwest,Some,Yes,Yes,Yes,No,Yes,Yes,Yes,No,No,Yes,No,Yes,No,No,Yes,No,No,No,No,No,Male,45-60,"$50,000 - $99,999",Graduate degree,64804,West North Central
home,A lot,No,No,Yes,No,No,No,No,Yes,No,No,No,No,No,No,No,No,No,No,No,No,Female,> 60,"$25,000 - $49,999",Some college,52807,West North Central
Upper Plains,Not much,No,No,No,Yes,No,Yes,No,Yes,Yes,No,Yes,No,No,Yes,No,No,No,No,Yes,Yes,Male,30-44,"$25,000 - $49,999",Some college,57384,West North Central
Midwest,Some,Yes,Yes,Yes,Yes,No,No,Yes,Yes,No,No,No,No,No,No,No,No,No,No,No,No,Female,45-60,"$150,000+",Some college,63038,West North Central
midwest,A lot,Yes,Yes,Yes,No,No,No,Yes,No,No,No,No,Yes,No,No,No,No,No,No,No,No,Female,30-44,"$50,000 - $99,999",Some college,63755,West North Central
Midwest,A lot,Yes,No,Yes,No,No,Yes,No,Yes,Yes,No,Yes,Yes,No,No,No,No,No,No,No,No,Female,30-44,"$150,000+",Graduate degree,55113,West North Central
snooty and unfriendly,Some,Yes,No,Yes,No,No,Yes,No,No,Yes,No,Yes,Yes,No,No,No,No,No,No,No,No,Female,18-29,"$25,000 - $49,999",Associate or bachelor degree,55902,West North Central
Upper Midwest,Not much,Yes,Yes,Yes,Yes,Yes,Yes,Yes,No,Yes,No,Yes,Yes,Yes,No,No,Yes,No,No,No,No,Female,18-29,"$25,000 - $49,999",Some college,55420,West North Central
Midwest,Some,Yes,Yes,Yes,Yes,Yes,No,Yes,Yes,No,Yes,No,No,Yes,No,No,No,No,No,No,No,Male,30-44,"$25,000 - $49,999",Some college,65202,West North Central
Upper Midwest,Some,Yes,Yes,Yes,Yes,Yes,Yes,No,Yes,Yes,Yes,Yes,Yes,No,No,No,No,No,No,No,No,Male,45-60,"$150,000+",Graduate degree,55406,West North Central
mid-west,Some,No,No,No,Yes,No,No,Yes,Yes,No,No,No,No,Yes,Yes,No,Yes,No,No,No,No,Female,45-60,"$50,000 - $99,999",Some college,67401,West North Central
Midwest rural area,A lot,Yes,Yes,Yes,No,Yes,Yes,No,Yes,Yes,No,Yes,Yes,No,Yes,No,No,No,No,Yes,Yes,Male,30-44,"$50,000 - $99,999",Associate or bachelor degree,57702,West North Central
midwest,A lot,No,No,Yes,Yes,No,No,Yes,Yes,Yes,No,Yes,Yes,No,No,No,Yes,No,No,No,Yes,Male,18-29,"$25,000 - $49,999",Some college,68505,West North Central
midwest,A lot,No,No,Yes,No,No,Yes,No,Yes,No,No,Yes,Yes,No,No,No,No,No,No,No,No,Male,> 60,"$50,000 - $99,999",Associate or bachelor degree,55123,West North Central
midwest,A lot,Yes,No,Yes,No,No,Yes,No,No,Yes,No,Yes,Yes,No,No,No,No,No,No,Yes,Yes,Male,18-29,"$25,000 - $49,999",Some college,55101,West North Central
MidWest,A lot,No,No,Yes,Yes,No,No,Yes,Yes,Yes,No,Yes,No,No,Yes,No,Yes,No,No,No,Yes,Female,> 60,"$100,000 - $149,999",Some college,67561,West North Central
Upper Midwest,Not much,Yes,Yes,Yes,Yes,Yes,Yes,Yes,Yes,Yes,Yes,Yes,Yes,No,No,No,No,No,No,No,No,Male,> 60,"$100,000 - $149,999",Graduate degree,55117,West North Central
The Midwest,A lot,No,No,No,Yes,No,No,No,No,No,No,No,No,No,No,No,No,No,No,No,No,Male,18-29,"$150,000+",High school degree,112345,West North Central
Midwest,Not much,No,No,No,No,No,No,No,Yes,No,No,No,No,No,No,No,No,No,No,No,No,Female,45-60,"$150,000+",High school degree,68725,West North Central
Midwest,Some,Yes,Yes,No,Yes,No,Yes,No,Yes,Yes,No,Yes,Yes,No,No,No,No,No,No,No,No,Male,30-44,"$25,000 - $49,999",Graduate degree,56502,West North Central
The midwest,Some,Yes,No,Yes,Yes,No,Yes,Yes,Yes,Yes,No,Yes,Yes,No,No,No,No,No,No,No,No,Female,45-60,"$25,000 - $49,999",Graduate degree,56301,West North Central
midwest,A lot,Yes,No,Yes,Yes,Yes,Yes,Yes,Yes,Yes,No,Yes,Yes,No,Yes,No,No,No,No,Yes,Yes,Male,45-60,"$100,000 - $149,999",Graduate degree,68045,West North Central
midwesr,A lot,No,No,Yes,No,No,Yes,No,No,Yes,No,Yes,Yes,No,No,No,No,No,No,No,No,Female,> 60,"$25,000 - $49,999",Some college,56215,West North Central
Upper Midwest,Some,Yes,Yes,Yes,No,Yes,Yes,No,No,Yes,Yes,Yes,Yes,No,No,No,No,No,No,No,No,Female,18-29,"$50,000 - $99,999",Associate or bachelor degree,55406,West North Central
Midwest,A lot,No,Yes,Yes,Yes,Yes,Yes,Yes,Yes,Yes,Yes,Yes,Yes,No,Yes,No,Yes,No,No,No,No,Female,45-60,"$0 - $24,999",Some college,68048,West North Central
Midwest,Some,Yes,No,Yes,No,Yes,Yes,No,No,Yes,No,Yes,Yes,No,No,No,No,No,No,No,No,Female,18-29,"$0 - $24,999",Associate or bachelor degree,55408,West North Central
Boring,A lot,Yes,No,Yes,Yes,Yes,Yes,Yes,Yes,No,Yes,No,Yes,No,No,No,Yes,No,No,No,No,Female,18-29,"$50,000 - $99,999",Less than high school degree,52748,West North Central
Midwest North America,Not at all,No,No,Yes,Yes,No,No,Yes,Yes,No,No,Yes,No,No,No,No,No,No,No,No,No,Female,45-60,"$50,000 - $99,999",Some college,50265,West North Central
the Midwest,A lot,Yes,Yes,Yes,Yes,Yes,Yes,Yes,Yes,Yes,Yes,Yes,Yes,No,No,No,Yes,No,No,No,No,Female,> 60,"$150,000+",Graduate degree,52807,West North Central
upper midwest tundra,A lot,Yes,Yes,Yes,No,Yes,Yes,No,No,No,Yes,No,Yes,No,No,No,No,No,No,No,No,Male,> 60,"$25,000 - $49,999",Associate or bachelor degree,55110,West North Central
midwest,A lot,Yes,Yes,Yes,Yes,No,No,Yes,Yes,No,No,No,No,No,No,No,Yes,No,No,No,No,Male,> 60,"$50,000 - $99,999",Graduate degree,68025,West North Central
Midwest,Not much,Yes,No,Yes,No,No,Yes,No,Yes,Yes,No,Yes,Yes,No,No,No,No,No,No,No,No,Female,> 60,"$50,000 - $99,999",Some college,55474,West North Central
Midwest,A lot,Yes,No,Yes,Yes,No,No,Yes,No,No,No,No,No,No,No,No,Yes,No,No,No,No,Female,30-44,"$50,000 - $99,999",Associate or bachelor degree,64117,West North Central
The Midwest,Not at all,Yes,Yes,No,No,Yes,No,Yes,No,No,Yes,No,Yes,No,No,No,No,No,No,No,No,Male,45-60,"$50,000 - $99,999",Associate or bachelor degree,63108,West North Central
Midwest,A lot,No,No,No,Yes,No,No,No,No,No,No,No,No,No,No,No,No,No,No,No,No,Male,30-44,"$100,000 - $149,999",Associate or bachelor degree,66207,West North Central
Central plains,Some,No,No,Yes,Yes,No,No,No,Yes,Yes,No,Yes,No,No,No,No,Yes,No,No,No,No,Male,45-60,"$150,000+",Associate or bachelor degree,76502,West North Central
mid states,Some,No,No,Yes,Yes,No,No,No,Yes,No,No,Yes,No,No,No,No,No,No,No,No,No,Female,> 60,"$50,000 - $99,999",High school degree,68106,West North Central
northern midwest,A lot,Yes,Yes,Yes,Yes,Yes,Yes,Yes,Yes,Yes,Yes,Yes,Yes,Yes,Yes,Yes,Yes,No,Yes,Yes,Yes,Male,45-60,"$50,000 - $99,999",Some college,55303,West North Central
The midwest.,Some,Yes,No,Yes,Yes,Yes,Yes,Yes,Yes,Yes,No,Yes,Yes,Yes,Yes,No,No,No,No,No,No,Female,> 60,"$100,000 - $149,999",Some college,64468,West North Central
The Midwest.,Some,Yes,Yes,Yes,Yes,Yes,Yes,Yes,Yes,No,No,No,Yes,No,No,No,No,No,No,No,No,Female,45-60,"$100,000 - $149,999",Some college,63368,West North Central
the midwest,A lot,Yes,No,Yes,No,Yes,No,No,No,Yes,No,Yes,Yes,No,No,No,No,No,No,No,No,Female,45-60,"$50,000 - $99,999",Some college,55431,West North Central
Northern central,Some,Yes,No,No,No,Yes,Yes,Yes,Yes,Yes,No,Yes,Yes,No,No,No,No,No,No,No,No,Male,45-60,"$50,000 - $99,999",Associate or bachelor degree,55301,West North Central
mid west,Some,Yes,No,Yes,No,No,Yes,No,No,Yes,No,No,Yes,No,No,No,No,No,No,No,No,Male,30-44,"$25,000 - $49,999",High school degree,55421,West North Central
Midwest,A lot,No,No,Yes,No,Yes,Yes,No,No,Yes,No,Yes,Yes,No,No,No,No,No,No,No,No,Female,30-44,"$150,000+",Graduate degree,55812,West North Central
Midwest/plains,A lot,Yes,Yes,Yes,Yes,Yes,No,Yes,Yes,No,Yes,No,Yes,No,No,No,Yes,No,No,No,No,Male,45-60,"$0 - $24,999",Graduate degree,68128,West North Central
Midwest,Some,Yes,No,Yes,Yes,No,Yes,Yes,Yes,Yes,No,Yes,Yes,No,No,No,No,No,No,No,No,Female,> 60,"$150,000+",Graduate degree,55438,West North Central
midwest,A lot,Yes,No,Yes,Yes,Yes,Yes,Yes,Yes,Yes,Yes,Yes,No,No,Yes,No,Yes,No,No,No,No,Female,18-29,"$0 - $24,999",Some college,66801,West North Central
Northern Plains,Some,No,Yes,Yes,Yes,Yes,Yes,Yes,Yes,Yes,No,Yes,Yes,No,No,No,No,No,No,No,No,Male,45-60,"$100,000 - $149,999",Associate or bachelor degree,55112,West North Central
rural,A lot,Yes,No,Yes,Yes,No,Yes,Yes,Yes,No,Yes,No,Yes,Yes,No,No,Yes,No,No,No,No,Male,> 60,"$100,000 - $149,999",Graduate degree,65233,West North Central
Urban,Not at all,No,No,No,Yes,Yes,No,Yes,No,No,Yes,No,Yes,No,No,Yes,No,No,Yes,No,Yes,Male,18-29,"$50,000 - $99,999",High school degree,10469,Middle Atlantic
Northeast,Not at all,No,No,No,No,No,No,No,No,Yes,No,Yes,No,No,Yes,No,No,No,No,Yes,Yes,Female,30-44,"$100,000 - $149,999",Some college,17078,Middle Atlantic
East Coast,Not at all,Yes,Yes,Yes,Yes,Yes,Yes,Yes,Yes,Yes,Yes,Yes,Yes,Yes,No,No,Yes,No,No,No,No,Female,18-29,"$50,000 - $99,999",Associate or bachelor degree,18109,Middle Atlantic
Northeast,Not at all,Yes,Yes,Yes,Yes,Yes,Yes,Yes,Yes,No,Yes,No,Yes,No,No,No,No,No,No,No,No,Male,45-60,"$25,000 - $49,999",Some college,16686,Middle Atlantic
North East,Some,Yes,No,Yes,Yes,No,No,No,Yes,No,No,No,No,Yes,No,No,Yes,No,No,No,No,Male,30-44,"$100,000 - $149,999",Associate or bachelor degree,19492,Middle Atlantic
Northeast,Not at all,Yes,No,Yes,No,No,No,No,Yes,Yes,No,Yes,Yes,No,No,No,No,No,No,No,Yes,Male,18-29,"$50,000 - $99,999",Associate or bachelor degree,8550,Middle Atlantic
Northeast,Not at all,Yes,Yes,Yes,Yes,Yes,Yes,Yes,Yes,Yes,No,Yes,Yes,Yes,Yes,Yes,Yes,No,No,Yes,Yes,Female,30-44,"$100,000 - $149,999",Graduate degree,8520,Middle Atlantic
"northeast PA. rural, on the edge of the appalachians",Not at all,Yes,Yes,No,Yes,Yes,Yes,Yes,Yes,Yes,Yes,Yes,Yes,No,No,No,No,No,No,No,No,Male,> 60,"$50,000 - $99,999",Graduate degree,18657,Middle Atlantic
the north east,Not at all,Yes,Yes,Yes,No,Yes,Yes,No,Yes,No,Yes,No,Yes,No,No,No,No,No,No,No,No,Female,> 60,"$150,000+",Graduate degree,10803,Middle Atlantic
Mid-Atlantic region,A lot,Yes,Yes,Yes,Yes,Yes,Yes,Yes,Yes,Yes,Yes,Yes,Yes,No,No,No,Yes,No,No,No,No,Male,45-60,"$150,000+",Graduate degree,19031,Middle Atlantic
mid atlantic,Not much,Yes,No,Yes,Yes,No,No,Yes,No,Yes,No,Yes,No,No,Yes,No,Yes,No,No,No,No,Male,45-60,"$50,000 - $99,999",Associate or bachelor degree,17747,Middle Atlantic
Limiting.,Not at all,Yes,Yes,No,No,Yes,No,No,No,No,Yes,No,No,No,No,No,No,No,No,No,No,Male,18-29,"$0 - $24,999",Associate or bachelor degree,16802,Middle Atlantic
Northeast,Not at all,Yes,Yes,Yes,No,No,No,Yes,No,No,Yes,No,Yes,No,No,No,No,Yes,No,No,No,Male,30-44,"$50,000 - $99,999",Some college,11374,Middle Atlantic
Northeast,Not at all,Yes,Yes,Yes,No,No,No,Yes,Yes,No,No,No,No,No,No,No,No,No,No,Yes,Yes,Female,30-44,"$50,000 - $99,999",Associate or bachelor degree,17602,Middle Atlantic
Depressed,Not at all,No,No,Yes,Yes,No,No,Yes,Yes,No,No,No,Yes,No,No,No,No,No,No,Yes,Yes,Female,30-44,"$0 - $24,999",Some college,16148,Middle Atlantic
Northeast,Not at all,Yes,No,Yes,Yes,Yes,Yes,No,Yes,Yes,No,Yes,Yes,Yes,No,No,Yes,No,No,No,No,Male,18-29,"$100,000 - $149,999",High school degree,16063,Middle Atlantic
Central New York,Not at all,No,Yes,Yes,Yes,No,No,Yes,Yes,No,No,No,No,No,No,No,No,No,No,No,No,Female,30-44,"$50,000 - $99,999",Some college,14882,Middle Atlantic
Northeast,Not at all,Yes,No,Yes,No,No,No,Yes,Yes,Yes,No,Yes,No,Yes,No,No,No,No,No,Yes,Yes,Male,18-29,"$100,000 - $149,999",Some college,18360,Middle Atlantic
North East,Not at all,Yes,Yes,Yes,Yes,No,Yes,Yes,Yes,Yes,No,Yes,Yes,No,Yes,Yes,Yes,No,No,Yes,Yes,Female,18-29,"$50,000 - $99,999",Associate or bachelor degree,17740,Middle Atlantic
NEW YORK,Not at all,No,Yes,No,Yes,No,No,Yes,No,No,Yes,No,Yes,Yes,No,Yes,Yes,No,Yes,No,No,Female,18-29,"$150,000+",Some college,13902,Middle Atlantic
Midwest,Some,No,Yes,No,No,Yes,No,No,No,No,Yes,No,No,No,No,No,No,Yes,No,No,No,Male,> 60,"$100,000 - $149,999",Graduate degree,15237,Middle Atlantic
northeast,Not at all,No,No,Yes,No,No,No,No,No,No,No,No,No,No,No,No,No,No,No,No,No,Male,30-44,"$50,000 - $99,999",Associate or bachelor degree,15236,Middle Atlantic
Northeast,Not at all,Yes,Yes,Yes,Yes,Yes,Yes,Yes,Yes,No,Yes,Yes,Yes,No,No,No,Yes,No,No,No,Yes,Female,45-60,"$150,000+",Some college,7731,Middle Atlantic
"The Northeast or central New Jersey, sometimes South Central NJ, depending upon the 'scope' of the issue",Not at all,No,No,Yes,Yes,No,No,Yes,Yes,Yes,No,Yes,No,No,Yes,No,Yes,No,No,Yes,Yes,Female,> 60,"$50,000 - $99,999",Associate or bachelor degree,8520,Middle Atlantic
Northeast,Not at all,Yes,Yes,Yes,Yes,Yes,No,Yes,Yes,Yes,Yes,Yes,Yes,No,No,No,No,No,No,No,No,Male,30-44,"$50,000 - $99,999",Graduate degree,18966,Middle Atlantic
Middle Atlantic,Not at all,Yes,No,Yes,Yes,No,Yes,No,Yes,Yes,No,No,No,No,No,Yes,Yes,No,No,Yes,No,Male,30-44,"$50,000 - $99,999",Graduate degree,15317,Middle Atlantic
the suburbs of philadelphia,Not much,No,No,No,Yes,No,No,No,Yes,No,No,Yes,No,No,No,No,No,No,No,Yes,Yes,Female,18-29,"$150,000+",Some college,19063,Middle Atlantic
Southwest pennsylvania,Not at all,No,No,Yes,Yes,No,Yes,Yes,Yes,Yes,No,Yes,No,Yes,Yes,No,Yes,No,No,No,Yes,Male,30-44,"$50,000 - $99,999",Some college,15236,Middle Atlantic
South Central Pennsylvania,Not at all,No,Yes,Yes,Yes,No,No,No,Yes,No,No,No,No,Yes,No,Yes,No,No,No,Yes,Yes,Male,45-60,"$100,000 - $149,999",Associate or bachelor degree,17013,Middle Atlantic
Northeast,Not at all,Yes,No,Yes,Yes,Yes,No,No,Yes,Yes,Yes,Yes,No,No,Yes,No,No,No,No,Yes,No,Female,30-44,"$25,000 - $49,999",Some college,19116,Middle Atlantic
Central Pennsylvania,Not at all,No,No,No,No,No,No,No,Yes,No,No,No,No,Yes,No,No,Yes,No,No,No,No,Female,> 60,"$50,000 - $99,999",Associate or bachelor degree,17013,Middle Atlantic
Mid-Atlantic,Not much,Yes,Yes,Yes,Yes,Yes,Yes,No,No,No,No,No,Yes,No,No,No,No,No,No,No,No,Male,> 60,"$25,000 - $49,999",Graduate degree,17046,Middle Atlantic
NORTHEAST,Not at all,Yes,No,Yes,Yes,No,No,No,No,No,No,No,No,No,No,No,No,No,No,No,No,Male,45-60,"$25,000 - $49,999",Associate or bachelor degree,10019,Middle Atlantic
united States,Not at all,No,No,No,Yes,No,No,Yes,No,No,No,No,No,Yes,Yes,Yes,No,No,No,No,Yes,Female,45-60,"$150,000+",Some college,17022,Middle Atlantic
Northeast,Not at all,Yes,Yes,No,No,Yes,No,No,No,No,Yes,No,Yes,No,No,No,No,No,No,No,No,Male,> 60,"$100,000 - $149,999",Associate or bachelor degree,10547,Middle Atlantic
The Northeast,Not at all,Yes,Yes,Yes,No,Yes,Yes,Yes,Yes,Yes,Yes,Yes,Yes,No,No,No,Yes,No,No,No,No,Female,45-60,"$150,000+",Graduate degree,11570,Middle Atlantic
America,Some,Yes,Yes,Yes,Yes,Yes,Yes,Yes,Yes,Yes,Yes,Yes,Yes,Yes,No,Yes,Yes,No,No,No,No,Male,30-44,"$150,000+",Graduate degree,15701,Middle Atlantic
Mid Atlantic,Not at all,Yes,Yes,Yes,Yes,No,No,No,No,No,Yes,No,No,No,No,No,No,No,No,No,No,Male,> 60,"$150,000+",Graduate degree,19606,Middle Atlantic
Mid Atlantic,A lot,Yes,Yes,Yes,No,Yes,Yes,No,No,No,Yes,No,Yes,No,No,No,No,No,No,No,No,Male,18-29,"$150,000+",Associate or bachelor degree,19146,Middle Atlantic
Northeast,Not at all,No,No,Yes,Yes,No,Yes,Yes,Yes,No,No,Yes,No,Yes,Yes,Yes,Yes,No,No,No,Yes,Female,18-29,"$25,000 - $49,999",Graduate degree,18058,Middle Atlantic
northeast,Not at all,No,No,Yes,Yes,No,Yes,Yes,Yes,No,No,No,No,Yes,No,No,Yes,No,No,Yes,Yes,Female,30-44,"$150,000+",Associate or bachelor degree,15068,Middle Atlantic
East coast,Some,Yes,Yes,Yes,Yes,Yes,No,Yes,Yes,No,Yes,No,Yes,Yes,No,No,No,No,No,No,No,Female,18-29,"$150,000+",Some college,8801,Middle Atlantic
midatlantic,A lot,Yes,Yes,Yes,Yes,Yes,Yes,Yes,Yes,Yes,No,Yes,Yes,No,No,No,No,No,No,No,No,Female,30-44,"$50,000 - $99,999",Associate or bachelor degree,19403,Middle Atlantic
northern New York,Not at all,Yes,Yes,Yes,Yes,Yes,Yes,Yes,Yes,Yes,Yes,Yes,Yes,Yes,No,No,Yes,No,No,No,No,Male,> 60,"$100,000 - $149,999",Graduate degree,13601,Middle Atlantic
Central Pennsylvania,Not at all,Yes,Yes,No,No,No,No,Yes,No,No,No,No,No,Yes,No,Yes,No,No,No,No,No,Female,18-29,"$0 - $24,999",Associate or bachelor degree,15905,Middle Atlantic
The United States,A lot,Yes,No,No,Yes,Yes,No,No,Yes,Yes,No,No,Yes,No,No,No,No,No,No,No,No,Female,45-60,"$25,000 - $49,999",High school degree,19120,Middle Atlantic
east,Not at all,Yes,Yes,Yes,Yes,Yes,No,Yes,No,No,No,No,No,No,No,No,Yes,No,No,No,No,Female,45-60,"$150,000+",Graduate degree,15236,Middle Atlantic
NorthEast,Not at all,Yes,Yes,Yes,Yes,No,No,Yes,Yes,No,Yes,No,No,No,No,Yes,Yes,No,No,No,Yes,Female,> 60,"$25,000 - $49,999",Some college,19124,Middle Atlantic
great country side of white plain eastern usa,Not much,No,No,No,Yes,No,No,No,No,No,No,No,No,No,No,No,No,No,No,No,No,Male,45-60,"$50,000 - $99,999",Some college,10605,Middle Atlantic
northeast,Not at all,No,No,Yes,Yes,No,Yes,Yes,Yes,Yes,No,Yes,Yes,Yes,Yes,Yes,Yes,No,No,Yes,Yes,Male,45-60,"$100,000 - $149,999",Some college,19149,Middle Atlantic
"Western, Midwest, small city.",Some,Yes,Yes,Yes,Yes,No,Yes,Yes,Yes,Yes,Yes,Yes,Yes,No,Yes,No,Yes,No,No,Yes,Yes,Female,18-29,"$0 - $24,999",Some college,13411,Middle Atlantic
"New York City, a city-state a la Athens. For people who don't know what that means, I'd say Mid-Atlantic",Not at all,Yes,Yes,No,No,Yes,No,No,No,No,Yes,No,No,No,No,No,No,No,No,No,No,Male,30-44,"$50,000 - $99,999",Some college,11209,Middle Atlantic
ne,Not at all,No,No,No,Yes,No,Yes,Yes,Yes,Yes,No,Yes,Yes,Yes,Yes,No,Yes,No,No,Yes,Yes,Female,45-60,"$0 - $24,999",Some college,11414,Middle Atlantic
East Coast,Not at all,Yes,Yes,Yes,Yes,No,No,Yes,Yes,No,No,No,No,Yes,No,Yes,No,No,No,No,No,Male,18-29,"$150,000+",High school degree,15301,Middle Atlantic
suburbia,Not at all,Yes,Yes,Yes,Yes,Yes,No,Yes,No,No,Yes,No,Yes,No,No,No,Yes,No,No,No,No,Female,> 60,"$150,000+",Graduate degree,16117,Middle Atlantic
northeastern,Some,No,No,Yes,No,No,No,No,Yes,No,No,No,Yes,Yes,Yes,Yes,Yes,No,No,No,No,Female,45-60,"$25,000 - $49,999",Some college,19020,Middle Atlantic
Mid Atlantic,Not much,No,Yes,Yes,Yes,No,Yes,Yes,Yes,No,No,No,Yes,No,No,No,Yes,No,No,No,Yes,Male,18-29,"$25,000 - $49,999",Graduate degree,15218,Middle Atlantic
Very Country,Not at all,Yes,Yes,Yes,Yes,Yes,Yes,Yes,Yes,No,No,No,No,No,No,No,No,No,No,No,No,Male,> 60,"$150,000+",Some college,17307,Middle Atlantic
Northeast,Not at all,No,No,Yes,No,No,No,No,Yes,No,No,No,No,No,No,Yes,Yes,No,No,No,Yes,Male,30-44,"$50,000 - $99,999",Some college,11566,Middle Atlantic
a great place to live in but for the high property taxs,Not at all,Yes,Yes,No,No,Yes,Yes,No,No,No,Yes,No,Yes,No,No,No,No,No,No,No,No,Male,> 60,"$50,000 - $99,999",Some college,8053,Middle Atlantic
The Northeast,Not at all,Yes,Yes,Yes,Yes,No,No,No,Yes,No,No,No,No,No,Yes,No,Yes,No,No,No,No,Female,30-44,"$25,000 - $49,999",Associate or bachelor degree,13135,Middle Atlantic
"East coast with a mix of country side, suburban neighborhoods, and cities.  All of this can be found within a two hour radius of where I live.",Not at all,Yes,Yes,Yes,Yes,No,Yes,Yes,Yes,Yes,Yes,Yes,Yes,Yes,Yes,Yes,Yes,No,No,Yes,Yes,Female,18-29,"$150,000+",High school degree,18040,Middle Atlantic
"East, great lakes area of the US",Not at all,No,Yes,No,Yes,No,Yes,Yes,No,No,No,No,No,Yes,No,No,No,No,No,No,No,Female,45-60,"$50,000 - $99,999",Some college,14094,Middle Atlantic
Northeastern Pennsylvania,Not at all,Yes,Yes,No,Yes,Yes,Yes,Yes,No,No,Yes,No,No,Yes,No,Yes,No,No,No,No,No,Male,30-44,"$50,000 - $99,999",Associate or bachelor degree,18661,Middle Atlantic
Northeast,Not at all,Yes,Yes,Yes,Yes,No,No,No,Yes,Yes,No,Yes,Yes,Yes,No,Yes,Yes,No,No,No,No,Female,18-29,"$50,000 - $99,999",Graduate degree,15108,Middle Atlantic
Northeast,Not at all,No,Yes,Yes,No,No,No,Yes,Yes,Yes,No,Yes,No,No,Yes,No,Yes,No,No,Yes,Yes,Female,45-60,"$25,000 - $49,999",Associate or bachelor degree,18235,Middle Atlantic
North East,Not at all,Yes,Yes,Yes,Yes,Yes,Yes,Yes,Yes,Yes,Yes,Yes,Yes,No,No,No,No,No,No,Yes,No,Female,30-44,"$25,000 - $49,999",Some college,15228,Middle Atlantic
northeast,Not at all,Yes,Yes,Yes,No,No,No,Yes,No,No,Yes,No,No,No,No,Yes,No,No,No,No,No,Female,> 60,"$150,000+",Associate or bachelor degree,18017,Middle Atlantic
northern,Not much,No,No,No,No,No,No,No,Yes,Yes,No,Yes,No,Yes,Yes,No,Yes,No,No,Yes,Yes,Female,45-60,"$150,000+",Some college,17267,Middle Atlantic
mid-Atlantic state,Not at all,Yes,Yes,Yes,Yes,No,No,Yes,No,No,Yes,Yes,No,No,No,Yes,No,No,No,No,No,Female,> 60,"$100,000 - $149,999",Graduate degree,15044,Middle Atlantic
East,A lot,Yes,Yes,No,No,Yes,Yes,No,No,No,Yes,No,Yes,No,No,No,No,No,No,No,No,Male,> 60,"$50,000 - $99,999",Associate or bachelor degree,18078,Middle Atlantic
tri-state,Some,Yes,Yes,Yes,No,Yes,Yes,No,No,No,Yes,No,Yes,No,No,Yes,No,No,No,No,No,Male,45-60,"$150,000+",Associate or bachelor degree,19317,Middle Atlantic
suburbs,Not at all,No,Yes,Yes,No,No,Yes,No,Yes,Yes,No,Yes,No,Yes,No,No,No,No,No,Yes,No,Female,> 60,"$25,000 - $49,999",Graduate degree,19395,Middle Atlantic
New York,Not at all,No,No,No,Yes,No,Yes,Yes,No,No,No,No,No,Yes,No,No,Yes,No,No,No,No,Female,18-29,"$50,000 - $99,999",Some college,11228,Middle Atlantic
North East,Not at all,Yes,No,Yes,Yes,Yes,Yes,Yes,Yes,Yes,No,Yes,Yes,Yes,No,Yes,No,No,No,Yes,No,Female,> 60,"$150,000+",Graduate degree,7676,Middle Atlantic
north east,Not at all,Yes,Yes,Yes,No,Yes,Yes,Yes,No,No,Yes,No,Yes,No,No,No,No,No,No,No,No,Male,> 60,"$150,000+",Graduate degree,10024,Middle Atlantic
New York/Northeast,Not at all,No,No,No,Yes,No,No,No,No,No,No,No,No,Yes,No,Yes,Yes,No,No,No,No,Female,18-29,"$50,000 - $99,999",Graduate degree,10901,Middle Atlantic
North east,Not at all,No,No,Yes,Yes,No,No,No,Yes,No,No,No,No,No,No,No,Yes,No,No,No,No,Female,45-60,"$100,000 - $149,999",Associate or bachelor degree,16601,Middle Atlantic
North East,Some,Yes,Yes,Yes,No,Yes,No,Yes,Yes,No,No,No,Yes,No,No,No,No,No,No,No,No,Female,18-29,"$25,000 - $49,999",Some college,19010,Middle Atlantic
Western Pennsylvania,Not much,Yes,Yes,Yes,Yes,No,Yes,Yes,Yes,Yes,No,Yes,Yes,Yes,No,No,Yes,No,No,No,No,Male,> 60,"$50,000 - $99,999",Graduate degree,15007,Middle Atlantic
The northeast,Not at all,No,No,Yes,Yes,Yes,Yes,Yes,Yes,No,Yes,No,Yes,Yes,No,No,Yes,No,No,No,Yes,Male,30-44,"$150,000+",Graduate degree,15208,Middle Atlantic
NORTHEAST,Not at all,No,No,No,Yes,No,No,No,No,Yes,No,Yes,No,Yes,Yes,No,Yes,No,No,Yes,Yes,Female,> 60,"$25,000 - $49,999",High school degree,19604,Middle Atlantic
Mid Atlantic,Not at all,Yes,Yes,Yes,Yes,No,Yes,Yes,Yes,Yes,No,Yes,Yes,No,No,No,Yes,No,No,No,No,Male,45-60,"$50,000 - $99,999",Some college,19023,Middle Atlantic
"cold, expensive and limiting.",Some,Yes,Yes,Yes,No,Yes,Yes,Yes,No,No,Yes,No,Yes,No,No,No,No,No,No,No,No,Female,18-29,"$0 - $24,999",Some college,7017,Middle Atlantic
Northeast,Some,Yes,Yes,Yes,Yes,Yes,Yes,Yes,No,No,Yes,No,Yes,No,No,No,No,No,No,No,No,Female,45-60,"$150,000+",Associate or bachelor degree,15234,Middle Atlantic
trashy and racist,Not at all,Yes,Yes,Yes,Yes,Yes,Yes,Yes,Yes,Yes,Yes,Yes,Yes,Yes,Yes,Yes,Yes,Yes,Yes,Yes,Yes,Female,45-60,"$25,000 - $49,999",Some college,14616,Middle Atlantic
Ny tri state area,Not at all,Yes,Yes,Yes,No,Yes,Yes,No,No,Yes,No,No,Yes,No,No,No,No,No,No,No,No,Male,30-44,"$150,000+",Graduate degree,7065,Middle Atlantic
Mid Atlantic,Not much,Yes,Yes,Yes,No,Yes,Yes,Yes,No,No,Yes,No,Yes,No,No,Yes,No,No,No,No,No,Male,30-44,"$50,000 - $99,999",Associate or bachelor degree,19403,Middle Atlantic
Northeast,Not at all,Yes,Yes,Yes,Yes,Yes,Yes,No,No,Yes,No,No,Yes,Yes,Yes,No,Yes,No,No,Yes,No,Male,45-60,"$50,000 - $99,999",Associate or bachelor degree,12533,Middle Atlantic
Upstate NY,Not much,Yes,Yes,Yes,Yes,Yes,Yes,Yes,Yes,Yes,No,Yes,Yes,No,No,No,No,No,No,No,No,Male,> 60,"$50,000 - $99,999",Graduate degree,14623,Middle Atlantic
countryside,Not at all,Yes,Yes,Yes,No,Yes,Yes,Yes,No,No,Yes,No,Yes,No,No,No,No,No,No,No,No,Female,30-44,"$100,000 - $149,999",High school degree,10512,Middle Atlantic
northeast,Not at all,Yes,Yes,Yes,Yes,No,No,Yes,Yes,Yes,Yes,Yes,Yes,No,Yes,No,Yes,No,No,Yes,Yes,Female,45-60,"$100,000 - $149,999",Graduate degree,10308,Middle Atlantic
Northeast,Not at all,No,No,Yes,Yes,No,No,Yes,Yes,Yes,No,Yes,No,No,No,No,Yes,No,No,No,No,Male,> 60,"$50,000 - $99,999",Some college,17402,Middle Atlantic
Eastern,Not at all,Yes,Yes,Yes,Yes,No,No,No,No,No,Yes,No,No,No,No,Yes,No,No,No,No,No,Female,30-44,"$100,000 - $149,999",High school degree,16059,Middle Atlantic
The East,Not at all,Yes,Yes,Yes,Yes,No,Yes,Yes,Yes,Yes,Yes,Yes,Yes,No,No,No,Yes,No,No,No,No,Male,> 60,"$150,000+",Graduate degree,16872,Middle Atlantic
northeast,Not at all,No,No,No,Yes,No,No,No,No,Yes,No,No,Yes,No,No,No,No,Yes,No,No,No,Male,18-29,"$150,000+",Some college,17777,Middle Atlantic
East/Central,Not at all,No,No,Yes,Yes,No,No,No,Yes,Yes,No,Yes,No,No,Yes,No,Yes,No,No,No,Yes,Male,30-44,"$150,000+",Associate or bachelor degree,15217,Middle Atlantic
"I live in the east coast part of NJ Somerset County, Franklin Township. I have lived here for 14 years",Not much,No,No,Yes,Yes,No,No,Yes,Yes,Yes,Yes,Yes,Yes,Yes,Yes,No,No,No,No,Yes,No,Female,45-60,"$0 - $24,999",Some college,8823,Middle Atlantic
The greatest aka NYC!,Not at all,Yes,Yes,Yes,No,Yes,Yes,Yes,Yes,Yes,No,No,No,No,No,No,No,No,No,No,No,Male,30-44,"$150,000+",Associate or bachelor degree,10003,Middle Atlantic
Middle Atlantic,Not at all,No,No,Yes,Yes,No,No,No,Yes,No,No,No,No,No,No,No,No,No,No,No,No,Male,> 60,"$50,000 - $99,999",Graduate degree,17046,Middle Atlantic
Northeast,Not at all,Yes,Yes,Yes,Yes,Yes,Yes,Yes,Yes,No,Yes,No,Yes,Yes,No,Yes,Yes,No,No,No,No,Male,> 60,"$100,000 - $149,999",Some college,18901,Middle Atlantic
North-east,Not at all,Yes,Yes,Yes,Yes,Yes,No,Yes,No,No,Yes,No,No,No,No,No,No,No,No,No,No,Male,> 60,"$100,000 - $149,999",Graduate degree,12209,Middle Atlantic
East Coast,Not at all,No,Yes,Yes,No,No,No,Yes,Yes,Yes,Yes,No,No,No,No,No,No,No,No,Yes,Yes,Female,18-29,"$25,000 - $49,999",Some college,10033,Middle Atlantic
Northeast,Not much,Yes,Yes,Yes,Yes,Yes,Yes,Yes,Yes,Yes,Yes,Yes,Yes,No,No,Yes,Yes,No,No,No,No,Male,45-60,"$50,000 - $99,999",Associate or bachelor degree,14031,Middle Atlantic
New Jersey,Not at all,Yes,Yes,Yes,Yes,No,Yes,Yes,Yes,No,Yes,No,Yes,No,No,No,No,No,No,No,No,Male,30-44,"$150,000+",Graduate degree,8844,Middle Atlantic
southwestern pennsylvania,Not much,Yes,Yes,Yes,Yes,Yes,Yes,Yes,Yes,No,Yes,No,Yes,No,No,Yes,Yes,No,Yes,No,No,Male,18-29,"$150,000+",Some college,15061,Middle Atlantic
western NY or the northeast,Not at all,No,No,Yes,Yes,No,No,No,Yes,Yes,No,Yes,No,No,No,No,No,No,No,No,No,Female,> 60,"$150,000+",Graduate degree,14450,Middle Atlantic
Mid Atlantic,Not much,Yes,Yes,Yes,Yes,No,No,Yes,Yes,No,Yes,No,No,Yes,No,No,Yes,No,No,No,No,Female,> 60,"$100,000 - $149,999",Associate or bachelor degree,15206,Middle Atlantic
east,Not at all,No,No,No,Yes,No,No,No,No,Yes,No,Yes,No,No,No,No,Yes,No,No,Yes,Yes,Female,45-60,"$25,000 - $49,999",Some college,18902,Middle Atlantic
Northeast,Not at all,No,Yes,No,No,Yes,No,No,No,No,Yes,No,Yes,No,Yes,No,No,No,No,No,No,Male,30-44,"$25,000 - $49,999",Some college,19083,Middle Atlantic
rural northwestern Pennsylvania,Not at all,Yes,Yes,Yes,Yes,Yes,Yes,No,Yes,No,No,No,No,No,No,No,No,No,No,No,No,Male,> 60,"$50,000 - $99,999",Graduate degree,15801,Middle Atlantic
North East Pennsylvania,Not much,Yes,Yes,Yes,Yes,Yes,Yes,No,Yes,Yes,Yes,Yes,Yes,No,No,No,No,No,No,No,No,Female,30-44,"$50,000 - $99,999",Some college,18504,Middle Atlantic
north east,Not at all,No,No,Yes,Yes,No,Yes,Yes,Yes,Yes,Yes,No,No,No,No,Yes,Yes,No,No,Yes,Yes,Male,18-29,"$0 - $24,999",Some college,11691,Middle Atlantic
North East,Not at all,No,No,Yes,Yes,No,No,Yes,Yes,No,No,Yes,No,Yes,No,No,Yes,No,No,No,No,Male,30-44,"$100,000 - $149,999",Some college,19518,Middle Atlantic
East,Not at all,Yes,Yes,Yes,No,Yes,No,No,No,No,Yes,No,Yes,No,No,No,No,No,No,No,No,Female,18-29,"$0 - $24,999",Graduate degree,14850,Middle Atlantic
The Northeast,Not at all,No,Yes,Yes,Yes,No,No,Yes,Yes,No,Yes,No,No,Yes,No,No,No,No,No,No,No,Female,45-60,"$50,000 - $99,999",Some college,8340,Middle Atlantic
Northeastern Pennsylvania,Not at all,Yes,Yes,Yes,Yes,Yes,No,No,Yes,No,Yes,No,Yes,No,No,No,No,No,No,No,No,Female,45-60,"$100,000 - $149,999",Associate or bachelor degree,18801,Middle Atlantic
northeast,A lot,Yes,Yes,No,No,Yes,Yes,No,Yes,Yes,Yes,Yes,Yes,Yes,Yes,Yes,Yes,No,No,Yes,Yes,Female,45-60,"$50,000 - $99,999",Graduate degree,19352,Middle Atlantic
Northern Mid Atlantic,Some,No,Yes,Yes,Yes,Yes,Yes,Yes,Yes,Yes,Yes,Yes,Yes,Yes,No,Yes,Yes,No,No,No,No,Female,> 60,"$50,000 - $99,999",Some college,18902,Middle Atlantic
Northeast,Not at all,Yes,Yes,Yes,Yes,Yes,Yes,No,No,No,Yes,No,Yes,No,No,No,No,No,No,No,No,Female,30-44,"$100,000 - $149,999",Associate or bachelor degree,19063,Middle Atlantic
northwest,Some,No,No,No,No,No,No,No,No,Yes,No,Yes,No,No,Yes,No,No,No,No,Yes,Yes,Male,> 60,"$25,000 - $49,999",Associate or bachelor degree,59860,Mountain
Southeast Colorado,Some,No,No,No,Yes,No,No,No,Yes,No,No,No,No,No,Yes,No,Yes,No,No,No,No,Female,45-60,"$150,000+",Some college,81050,Mountain
Rocky Mountains,Some,Yes,Yes,Yes,Yes,Yes,Yes,Yes,Yes,Yes,No,Yes,Yes,No,No,No,No,No,No,No,No,Female,> 60,"$100,000 - $149,999",Graduate degree,80906,Mountain
Southwest,Not at all,Yes,Yes,Yes,Yes,No,No,No,No,No,Yes,No,No,Yes,No,Yes,No,No,Yes,No,No,Female,30-44,"$150,000+",Associate or bachelor degree,85029,Mountain
southwest,Not at all,Yes,Yes,No,No,Yes,Yes,No,No,No,Yes,No,No,No,No,No,No,No,No,No,No,Male,45-60,"$25,000 - $49,999",Associate or bachelor degree,85282,Mountain
Southwest,Not much,No,No,Yes,Yes,No,No,Yes,Yes,Yes,No,Yes,No,No,No,No,No,No,No,No,No,Male,30-44,"$0 - $24,999",Associate or bachelor degree,81147,Mountain
Rocky Mountains,Not much,Yes,Yes,No,Yes,No,No,Yes,Yes,No,Yes,No,No,Yes,No,No,Yes,No,No,No,No,Male,> 60,"$150,000+",Associate or bachelor degree,80907,Mountain
South West,A lot,Yes,Yes,Yes,No,Yes,No,Yes,No,No,Yes,No,Yes,No,No,No,No,No,No,No,No,Female,30-44,"$150,000+",Some college,80923,Mountain
Southwest,Some,Yes,Yes,Yes,No,Yes,Yes,No,Yes,Yes,No,Yes,Yes,No,No,No,No,No,No,Yes,No,Female,> 60,"$100,000 - $149,999",Associate or bachelor degree,80031,Mountain
southwest,Some,No,No,No,No,No,Yes,No,No,No,No,No,Yes,No,No,No,No,No,No,Yes,No,Male,45-60,"$25,000 - $49,999",Some college,87120,Mountain
West,Not at all,Yes,Yes,No,Yes,Yes,No,No,Yes,No,Yes,No,Yes,No,No,No,No,No,No,No,No,Male,> 60,"$150,000+",Associate or bachelor degree,87111,Mountain
MidWest,A lot,No,No,No,Yes,No,No,No,No,Yes,No,Yes,No,No,Yes,No,Yes,No,No,Yes,Yes,Male,45-60,"$50,000 - $99,999",Some college,80922,Mountain
Southwest,Not at all,Yes,Yes,Yes,Yes,Yes,Yes,No,Yes,Yes,Yes,Yes,Yes,Yes,No,No,Yes,No,No,Yes,Yes,Male,18-29,"$50,000 - $99,999",Some college,85282,Mountain
Rocky Mountains,Some,Yes,Yes,No,No,Yes,No,No,No,No,Yes,No,Yes,No,No,Yes,No,No,No,No,No,Male,30-44,"$50,000 - $99,999",Graduate degree,80202,Mountain
Rocky Mountain Region,A lot,Yes,Yes,No,No,Yes,No,Yes,No,No,Yes,No,No,No,No,Yes,No,No,No,No,No,Female,30-44,"$0 - $24,999",Some college,80247,Mountain
The polluted capitol of the West,Not at all,Yes,Yes,Yes,No,Yes,Yes,Yes,No,No,Yes,No,Yes,No,No,No,No,No,No,No,No,Male,30-44,"$0 - $24,999",Associate or bachelor degree,84119,Mountain
Rocky Mountain Region,Not at all,Yes,No,Yes,Yes,No,Yes,Yes,Yes,Yes,No,Yes,Yes,No,No,No,Yes,No,No,No,No,Male,18-29,"$50,000 - $99,999",Associate or bachelor degree,81620,Mountain
The west,Not much,No,Yes,Yes,Yes,No,No,Yes,Yes,No,Yes,No,No,Yes,No,Yes,Yes,No,No,No,Yes,Female,30-44,"$50,000 - $99,999",Some college,89117,Mountain
Southwest,Not at all,No,No,Yes,Yes,No,No,No,Yes,No,No,No,No,No,No,No,Yes,No,No,No,No,Male,45-60,"$100,000 - $149,999",Graduate degree,85635,Mountain
Beautiful dessert area.,Not much,Yes,Yes,Yes,Yes,No,No,No,Yes,Yes,No,No,No,Yes,No,No,Yes,No,No,No,No,Female,> 60,"$150,000+",Some college,87123,Mountain
West,Some,Yes,Yes,Yes,Yes,No,No,Yes,Yes,No,No,No,No,No,No,No,No,No,No,No,No,Female,30-44,"$50,000 - $99,999",Some college,80537,Mountain
mountain west,Not much,Yes,Yes,Yes,Yes,No,No,No,Yes,No,No,Yes,Yes,No,No,No,No,No,No,No,No,Male,45-60,"$150,000+",High school degree,82082,Mountain
rural-desert,A lot,Yes,Yes,Yes,Yes,Yes,Yes,Yes,No,Yes,Yes,No,Yes,No,No,No,Yes,No,No,No,No,Female,> 60,"$0 - $24,999",Some college,86442,Mountain
Rocky Mountain Region,Not at all,Yes,Yes,Yes,No,No,No,Yes,No,No,Yes,No,Yes,No,No,No,No,No,No,No,No,Male,> 60,"$150,000+",Graduate degree,80013,Mountain
Colorado,Not much,Yes,Yes,Yes,Yes,No,No,Yes,Yes,Yes,No,Yes,Yes,Yes,No,Yes,Yes,No,No,No,No,Female,18-29,"$50,000 - $99,999",Associate or bachelor degree,81007,Mountain
The West,Not at all,Yes,Yes,Yes,Yes,Yes,Yes,No,No,No,Yes,No,Yes,No,No,No,No,No,No,No,No,Male,45-60,"$50,000 - $99,999",Graduate degree,80204,Mountain
southwest,Not much,Yes,Yes,Yes,Yes,No,No,Yes,Yes,No,Yes,No,Yes,No,No,No,No,No,No,Yes,No,Female,45-60,"$150,000+",Graduate degree,85253,Mountain
Desert Southwest,Not at all,Yes,Yes,Yes,Yes,Yes,Yes,Yes,Yes,Yes,Yes,Yes,Yes,No,No,No,No,No,No,No,No,Male,30-44,"$25,000 - $49,999",Some college,85392,Mountain
Northern Rockies Region,Not at all,Yes,Yes,Yes,No,No,No,No,No,No,Yes,No,No,No,No,Yes,No,No,No,No,No,Female,45-60,"$50,000 - $99,999",Associate or bachelor degree,59701,Mountain
Mountain west,Not at all,Yes,Yes,Yes,No,Yes,Yes,No,No,No,Yes,No,Yes,No,No,No,No,No,No,No,No,Female,> 60,"$50,000 - $99,999",Associate or bachelor degree,80210,Mountain
Midwest.,Some,No,No,No,Yes,No,No,No,Yes,Yes,No,Yes,No,No,Yes,No,No,No,No,No,Yes,Male,45-60,"$100,000 - $149,999",Graduate degree,80026,Mountain
New Mexico,Not at all,No,No,No,No,No,No,No,Yes,Yes,No,No,No,No,Yes,No,No,No,No,Yes,Yes,Male,18-29,"$150,000+",High school degree,87508,Mountain
zdfhg,Some,No,No,No,No,No,Yes,No,Yes,Yes,Yes,No,No,No,No,No,No,No,No,No,No,Male,30-44,"$150,000+",Some college,544,Mountain
Colorado,Not at all,No,Yes,Yes,Yes,No,No,No,Yes,No,Yes,No,No,No,No,No,No,No,No,No,No,Male,45-60,"$50,000 - $99,999",Associate or bachelor degree,80210,Mountain
Rocky Mountains,Some,No,No,Yes,Yes,No,Yes,No,Yes,Yes,No,Yes,No,No,No,No,Yes,No,No,No,No,Male,> 60,"$25,000 - $49,999",Graduate degree,81147,Mountain
The Southwest,Not much,Yes,Yes,Yes,Yes,Yes,Yes,Yes,Yes,Yes,Yes,Yes,Yes,No,No,No,No,No,No,No,No,Male,> 60,"$50,000 - $99,999",Associate or bachelor degree,85712,Mountain
Rocky Mountains,Some,Yes,No,Yes,Yes,No,No,Yes,Yes,No,No,No,No,Yes,No,No,No,No,No,No,No,Male,> 60,"$50,000 - $99,999",Associate or bachelor degree,82435,Mountain
Good place to live. Has a nice clear difference in all four seasons.,Not at all,No,No,No,Yes,Yes,Yes,No,Yes,Yes,No,Yes,No,No,No,No,No,No,No,No,No,Male,45-60,"$25,000 - $49,999",Some college,83709,Mountain
West,A lot,Yes,No,Yes,No,Yes,Yes,No,Yes,Yes,Yes,Yes,Yes,No,No,No,No,No,No,No,No,Female,18-29,"$100,000 - $149,999",Associate or bachelor degree,80301,Mountain
Southwest,Not at all,No,No,No,Yes,No,No,No,Yes,Yes,No,Yes,No,No,Yes,No,No,No,No,No,No,Male,45-60,"$25,000 - $49,999",Some college,85742,Mountain
desert west,Not at all,No,No,No,No,No,No,No,No,No,No,No,No,No,No,No,No,No,No,Yes,Yes,Male,30-44,"$25,000 - $49,999",Some college,85301,Mountain
Barren and very boring for someone in their early twenties,Some,No,No,No,No,No,No,No,Yes,No,No,Yes,No,No,Yes,No,No,No,No,Yes,Yes,Female,18-29,"$150,000+",High school degree,82716,Mountain
Western United States,Some,No,No,No,No,No,Yes,No,Yes,Yes,No,Yes,Yes,No,Yes,No,No,No,No,Yes,Yes,Female,18-29,"$25,000 - $49,999",Associate or bachelor degree,59701,Mountain
mountain zone,Not at all,Yes,No,Yes,No,No,No,No,No,No,Yes,No,No,No,No,Yes,No,No,No,No,No,Female,45-60,"$0 - $24,999",High school degree,81125,Mountain
West,A lot,Yes,Yes,Yes,Yes,Yes,Yes,No,No,Yes,Yes,Yes,Yes,No,No,No,No,No,No,No,No,Female,18-29,"$25,000 - $49,999",Associate or bachelor degree,80918,Mountain
mountain west,Not at all,Yes,Yes,Yes,No,Yes,Yes,No,No,No,Yes,No,Yes,No,No,No,No,No,No,No,No,Male,45-60,"$50,000 - $99,999",Graduate degree,80015,Mountain
West,A lot,Yes,No,Yes,No,Yes,No,No,No,No,Yes,No,Yes,No,No,No,No,No,No,No,No,Female,45-60,"$50,000 - $99,999",Graduate degree,81131,Mountain
Southwest,Not at all,Yes,Yes,Yes,Yes,Yes,Yes,No,Yes,No,No,No,Yes,No,No,No,No,No,No,No,No,Female,> 60,"$50,000 - $99,999",Graduate degree,80003,Mountain
Colorado/West,Not much,Yes,Yes,Yes,Yes,No,No,Yes,Yes,Yes,No,Yes,No,No,No,No,Yes,No,No,No,No,Female,18-29,"$150,000+",Some college,80127,Mountain
The West,Not at all,No,No,No,Yes,No,No,Yes,Yes,Yes,No,Yes,No,No,No,No,Yes,No,No,No,No,Male,18-29,"$0 - $24,999",Some college,84095,Mountain
Southwest,A lot,Yes,Yes,Yes,Yes,Yes,Yes,Yes,Yes,Yes,Yes,Yes,Yes,No,No,No,Yes,No,No,Yes,Yes,Male,> 60,"$150,000+",Graduate degree,87144,Mountain
Rocky Mountain,A lot,No,No,Yes,Yes,No,No,Yes,Yes,Yes,No,Yes,No,No,No,No,No,No,No,No,No,Male,45-60,"$150,000+",Associate or bachelor degree,80301,Mountain
colorado,Some,Yes,Yes,Yes,Yes,Yes,No,Yes,Yes,Yes,No,Yes,No,No,No,No,Yes,No,No,No,No,Male,45-60,"$25,000 - $49,999",Some college,80923,Mountain
Eastern Pacific Northwest,Not much,Yes,Yes,Yes,Yes,Yes,Yes,No,Yes,Yes,Yes,Yes,Yes,No,No,No,Yes,No,No,No,No,Male,30-44,"$25,000 - $49,999",Some college,59801,Mountain
Mountain West,Not at all,Yes,Yes,Yes,Yes,Yes,Yes,Yes,Yes,Yes,Yes,Yes,Yes,No,No,No,Yes,No,No,No,No,Female,30-44,"$100,000 - $149,999",Associate or bachelor degree,80005,Mountain
Colorado mountains,A lot,Yes,Yes,Yes,No,Yes,No,No,No,No,Yes,No,No,No,No,Yes,No,Yes,No,No,No,Female,> 60,"$150,000+",Graduate degree,80447,Mountain
Colorado,Not at all,No,No,Yes,No,No,No,Yes,Yes,No,No,No,No,No,No,Yes,No,No,No,No,No,Male,18-29,"$100,000 - $149,999",Less than high school degree,80122,Mountain
West,Not much,Yes,Yes,Yes,No,Yes,No,No,No,No,Yes,No,Yes,No,No,No,No,No,Yes,No,No,Male,45-60,"$100,000 - $149,999",Graduate degree,80033,Mountain
Western,Some,Yes,Yes,Yes,No,Yes,Yes,No,No,No,Yes,No,Yes,No,No,No,No,No,No,No,No,Female,> 60,"$100,000 - $149,999",Associate or bachelor degree,80226,Mountain
Mountain States,Not at all,No,No,Yes,Yes,No,No,Yes,Yes,Yes,No,Yes,No,No,No,No,Yes,No,No,Yes,No,Male,30-44,"$150,000+",Associate or bachelor degree,80504,Mountain
Southwest,Some,Yes,Yes,Yes,No,Yes,Yes,Yes,No,Yes,Yes,Yes,Yes,No,No,No,No,No,No,No,No,Female,18-29,"$100,000 - $149,999",Graduate degree,80021,Mountain
Midwest,Not at all,No,No,No,No,No,No,No,Yes,Yes,No,Yes,No,No,Yes,No,No,No,No,Yes,Yes,Female,30-44,"$100,000 - $149,999",Associate or bachelor degree,80002,Mountain
mid West Rocky mountains,Some,No,No,No,No,No,No,No,Yes,No,No,No,No,No,Yes,No,No,No,No,Yes,Yes,Female,30-44,"$100,000 - $149,999",Some college,80138,Mountain
The West,Not much,Yes,Yes,Yes,Yes,Yes,No,Yes,Yes,No,Yes,No,No,No,No,No,No,No,No,No,No,Female,30-44,"$50,000 - $99,999",Associate or bachelor degree,80237,Mountain
Mountain West,A lot,Yes,Yes,Yes,Yes,Yes,Yes,No,Yes,Yes,Yes,Yes,Yes,No,No,No,No,Yes,No,No,No,Male,30-44,"$50,000 - $99,999",Graduate degree,59715,Mountain
Big Sky Country,A lot,No,No,Yes,Yes,No,Yes,Yes,Yes,Yes,No,Yes,No,No,Yes,No,No,No,No,Yes,Yes,Male,30-44,"$50,000 - $99,999",Graduate degree,59405,Mountain
Southwest or Rocky Mountains,Not at all,Yes,Yes,Yes,Yes,Yes,Yes,Yes,Yes,No,Yes,No,Yes,No,No,No,Yes,No,No,No,No,Female,45-60,"$100,000 - $149,999",Graduate degree,81303,Mountain
Desert Northwest,Not at all,No,No,Yes,Yes,No,Yes,No,Yes,Yes,No,Yes,Yes,No,No,No,Yes,No,No,No,No,Male,> 60,"$150,000+",Some college,84088,Mountain
Eastern,Not much,No,No,No,Yes,No,No,No,Yes,Yes,No,Yes,No,No,Yes,No,Yes,No,No,Yes,Yes,Female,30-44,"$50,000 - $99,999",Graduate degree,25541,South Atlantic
Mid Atlantic,Not much,Yes,Yes,Yes,Yes,Yes,Yes,No,Yes,No,Yes,No,Yes,No,No,No,Yes,No,No,No,No,Male,45-60,"$50,000 - $99,999",Graduate degree,25313,South Atlantic
U.S. Capitol,Not at all,Yes,Yes,Yes,Yes,Yes,Yes,Yes,Yes,No,Yes,No,Yes,No,No,No,No,No,No,No,No,Male,> 60,"$50,000 - $99,999",Graduate degree,20007,South Atlantic
Southeast,Not much,Yes,No,No,No,Yes,No,No,No,No,Yes,No,No,No,No,Yes,No,No,No,No,No,Male,30-44,"$100,000 - $149,999",Associate or bachelor degree,30324,South Atlantic
South Florida,Not at all,Yes,Yes,Yes,Yes,No,No,Yes,Yes,No,No,Yes,No,Yes,No,No,Yes,No,No,No,No,Male,> 60,"$50,000 - $99,999",Some college,33473,South Atlantic
east coast,Some,Yes,Yes,Yes,Yes,Yes,Yes,Yes,Yes,Yes,Yes,Yes,Yes,No,No,No,Yes,No,No,No,No,Female,30-44,"$25,000 - $49,999",Graduate degree,23219,South Atlantic
North America,Not much,No,No,No,No,No,No,No,No,Yes,No,Yes,No,Yes,Yes,No,Yes,No,No,Yes,Yes,Female,> 60,"$25,000 - $49,999",Some college,30506,South Atlantic
Sunny south fl,Some,Yes,No,No,No,Yes,Yes,No,No,Yes,No,Yes,Yes,No,No,No,No,No,No,No,No,Female,45-60,"$50,000 - $99,999",Some college,33472,South Atlantic
The Southeast.,Not at all,Yes,Yes,Yes,Yes,Yes,Yes,Yes,Yes,No,Yes,Yes,Yes,No,Yes,No,Yes,No,No,Yes,Yes,Male,30-44,"$50,000 - $99,999",Graduate degree,30309,South Atlantic
Southeast,Not at all,Yes,Yes,Yes,Yes,No,Yes,No,Yes,Yes,Yes,Yes,Yes,No,Yes,No,No,No,No,Yes,Yes,Female,18-29,"$150,000+",Some college,32608,South Atlantic
South eastern,Not at all,No,No,No,No,No,No,No,Yes,No,No,No,No,No,Yes,No,Yes,No,No,No,No,Female,> 60,"$25,000 - $49,999",High school degree,29061,South Atlantic
Southeast,Not at all,Yes,Yes,Yes,Yes,No,No,Yes,Yes,No,Yes,No,No,Yes,No,No,Yes,No,No,No,No,Female,45-60,"$50,000 - $99,999",Associate or bachelor degree,30067,South Atlantic
Paradise,Not at all,No,No,Yes,Yes,No,No,Yes,No,No,No,No,No,No,No,No,No,No,No,No,No,Male,45-60,"$25,000 - $49,999",Graduate degree,30093,South Atlantic
Merry Go Round of Weather!,Some,Yes,Yes,Yes,No,No,No,Yes,No,No,Yes,No,No,No,No,No,No,No,No,No,No,Female,> 60,"$50,000 - $99,999",Graduate degree,29732,South Atlantic
Southeast,Not at all,No,No,No,Yes,No,No,Yes,Yes,Yes,No,Yes,No,Yes,Yes,Yes,No,No,No,No,No,Male,18-29,"$100,000 - $149,999",Associate or bachelor degree,32137,South Atlantic
southeast Virginia,Not at all,Yes,Yes,Yes,Yes,Yes,Yes,Yes,Yes,Yes,Yes,Yes,Yes,Yes,No,No,Yes,No,No,No,Yes,Male,18-29,"$0 - $24,999",Associate or bachelor degree,23072,South Atlantic
A southern rural community.,Not at all,Yes,Yes,Yes,Yes,Yes,Yes,Yes,Yes,Yes,Yes,Yes,No,Yes,No,No,Yes,No,No,No,No,Male,45-60,"$50,000 - $99,999",Associate or bachelor degree,27583,South Atlantic
Southeast,Not at all,No,No,No,Yes,No,No,Yes,No,No,Yes,No,No,Yes,Yes,No,Yes,No,No,No,Yes,Male,18-29,"$25,000 - $49,999",Associate or bachelor degree,30004,South Atlantic
Southeast,Not much,Yes,No,No,No,Yes,No,No,No,No,No,No,Yes,No,No,No,No,No,No,No,No,Female,30-44,"$150,000+",Associate or bachelor degree,32792,South Atlantic
Mid Atlantic,Not much,Yes,Yes,Yes,Yes,Yes,Yes,Yes,Yes,Yes,Yes,Yes,Yes,No,No,No,No,No,No,No,No,Male,45-60,"$150,000+",Associate or bachelor degree,21146,South Atlantic
The south,Not at all,Yes,Yes,Yes,Yes,Yes,Yes,Yes,No,No,Yes,No,Yes,Yes,Yes,No,Yes,No,No,No,No,Male,18-29,"$0 - $24,999",Some college,28390,South Atlantic
Mid-Atlantic,A lot,Yes,Yes,Yes,Yes,Yes,Yes,Yes,Yes,Yes,Yes,No,Yes,No,No,Yes,No,No,No,No,No,Male,> 60,"$0 - $24,999",Some college,26260,South Atlantic
Southeastern United States of America,Not much,No,No,No,Yes,No,No,No,Yes,Yes,No,Yes,No,No,Yes,No,No,No,No,Yes,Yes,Male,30-44,"$100,000 - $149,999",Some college,31021,South Atlantic
Beachy,Not at all,No,Yes,No,Yes,No,Yes,Yes,Yes,Yes,No,Yes,Yes,No,Yes,No,Yes,No,No,Yes,No,Female,18-29,"$25,000 - $49,999",Less than high school degree,33584,South Atlantic
MidAtlantic,Not at all,Yes,Yes,Yes,Yes,Yes,Yes,Yes,Yes,Yes,Yes,Yes,Yes,Yes,No,Yes,Yes,No,No,No,No,Female,18-29,"$150,000+",Associate or bachelor degree,20770,South Atlantic
Paradise,Not at all,No,Yes,Yes,Yes,No,No,Yes,No,No,No,No,No,Yes,No,No,Yes,No,No,No,No,Female,45-60,"$50,000 - $99,999",High school degree,32810,South Atlantic
Mid-Atlantic,Not at all,Yes,Yes,Yes,No,Yes,Yes,No,No,No,Yes,No,Yes,No,No,No,No,No,No,No,No,Female,45-60,"$25,000 - $49,999",Some college,24572,South Atlantic
badlands,Not at all,No,No,No,No,No,No,No,Yes,No,No,No,No,No,No,No,No,No,No,No,No,Male,30-44,"$0 - $24,999",High school degree,33613,South Atlantic
southeast,Some,Yes,Yes,Yes,No,Yes,Yes,Yes,No,No,Yes,No,Yes,No,No,No,No,No,No,No,No,Female,> 60,"$25,000 - $49,999",Graduate degree,30110,South Atlantic
The South-East,Not at all,Yes,Yes,Yes,Yes,Yes,Yes,Yes,Yes,Yes,Yes,Yes,Yes,Yes,Yes,No,Yes,No,No,Yes,Yes,Male,18-29,"$0 - $24,999",Associate or bachelor degree,24354,South Atlantic
The southeast,Some,Yes,Yes,Yes,No,Yes,Yes,Yes,No,No,Yes,No,Yes,Yes,No,Yes,No,No,No,No,No,Male,30-44,"$25,000 - $49,999",Associate or bachelor degree,32607,South Atlantic
the South,Not much,No,No,Yes,Yes,No,No,No,Yes,No,No,No,No,Yes,No,No,No,No,No,No,Yes,Female,45-60,"$25,000 - $49,999",Graduate degree,31636,South Atlantic
Southeastern U.S.,Not at all,Yes,Yes,Yes,Yes,Yes,Yes,Yes,Yes,No,Yes,No,Yes,No,No,No,No,No,No,No,No,Male,> 60,"$50,000 - $99,999",Associate or bachelor degree,30039,South Atlantic
Mountains and river,A lot,Yes,Yes,No,Yes,No,No,Yes,Yes,Yes,Yes,No,Yes,Yes,No,Yes,Yes,No,No,No,No,Female,> 60,"$50,000 - $99,999",Associate or bachelor degree,26624,South Atlantic
Sunshine State,Not at all,No,No,No,No,No,No,Yes,Yes,No,No,No,Yes,No,Yes,No,Yes,No,No,Yes,Yes,Female,30-44,"$100,000 - $149,999",Associate or bachelor degree,33186,South Atlantic
Middle Atlantic,Not at all,No,No,No,No,No,No,No,No,Yes,No,No,No,No,Yes,No,Yes,No,No,Yes,Yes,Male,> 60,"$50,000 - $99,999",Some college,23970,South Atlantic
The South,Not much,Yes,Yes,Yes,Yes,No,Yes,No,No,No,Yes,No,Yes,No,No,No,Yes,No,No,No,No,Female,> 60,"$150,000+",Some college,29405,South Atlantic
South,Not at all,No,No,No,No,No,No,No,No,No,No,No,No,No,No,No,Yes,No,No,Yes,No,Female,30-44,"$150,000+",Graduate degree,29073,South Atlantic
Southeast,Not at all,No,No,Yes,Yes,No,No,Yes,Yes,Yes,No,Yes,No,No,Yes,No,Yes,No,No,Yes,Yes,Female,45-60,"$150,000+",Graduate degree,30506,South Atlantic
Mid-atlantic,Not at all,Yes,Yes,Yes,No,Yes,Yes,Yes,Yes,Yes,Yes,Yes,Yes,No,No,No,No,No,No,Yes,Yes,Male,18-29,"$0 - $24,999",Less than high school degree,20018,South Atlantic
Mid Atlantic,Not at all,Yes,Yes,Yes,Yes,Yes,Yes,Yes,Yes,No,Yes,No,Yes,Yes,No,No,Yes,No,No,No,Yes,Female,> 60,"$25,000 - $49,999",Graduate degree,20036,South Atlantic
Beautiful mountain town mixed with college town.,Not at all,No,No,Yes,Yes,No,Yes,Yes,Yes,Yes,No,Yes,No,Yes,Yes,No,Yes,No,No,Yes,Yes,Female,18-29,"$0 - $24,999",Some college,26505,South Atlantic
US Capital District of the Mid Atlantic Region,Some,Yes,Yes,Yes,Yes,Yes,Yes,Yes,Yes,Yes,Yes,Yes,Yes,Yes,No,Yes,Yes,No,No,No,No,Male,> 60,"$0 - $24,999",Associate or bachelor degree,20012,South Atlantic
Southeasters United States or the Deep South,Not at all,Yes,No,Yes,Yes,No,No,Yes,Yes,Yes,No,Yes,No,No,No,No,Yes,No,No,No,No,Female,> 60,"$25,000 - $49,999",Associate or bachelor degree,30044,South Atlantic
Appalachia,Not at all,Yes,Yes,Yes,Yes,Yes,Yes,Yes,Yes,Yes,Yes,Yes,No,Yes,No,No,Yes,No,No,No,No,Male,18-29,"$150,000+",Some college,25411,South Atlantic
South florida,Not much,Yes,Yes,Yes,Yes,Yes,No,Yes,Yes,No,Yes,No,Yes,Yes,No,No,Yes,No,No,No,No,Male,45-60,"$150,000+",Associate or bachelor degree,33064,South Atlantic
South,Not at all,Yes,Yes,Yes,Yes,Yes,Yes,Yes,Yes,No,Yes,No,No,No,No,No,No,No,No,No,No,Female,> 60,"$150,000+",Associate or bachelor degree,34448,South Atlantic
The South,Some,Yes,Yes,Yes,Yes,Yes,Yes,Yes,No,No,Yes,No,Yes,No,No,No,No,No,No,No,No,Female,> 60,"$50,000 - $99,999",Graduate degree,33852,South Atlantic
Mid Atlantic,Not at all,No,Yes,No,Yes,Yes,Yes,Yes,Yes,Yes,Yes,Yes,Yes,No,No,No,No,No,No,No,No,Male,30-44,"$150,000+",Associate or bachelor degree,24016,South Atlantic
"the mid-Atlantic region...or else maybe ""D.C. suburbs""",Not at all,No,No,Yes,Yes,Yes,Yes,Yes,Yes,Yes,No,Yes,No,No,Yes,No,Yes,No,No,Yes,Yes,Female,45-60,"$100,000 - $149,999",Associate or bachelor degree,20902,South Atlantic
Northeast shore,Not at all,Yes,Yes,Yes,Yes,No,Yes,Yes,Yes,Yes,No,No,Yes,Yes,Yes,No,Yes,No,No,Yes,No,Female,45-60,"$50,000 - $99,999",Some college,21740,South Atlantic
Southeast,Not at all,No,Yes,No,Yes,Yes,Yes,Yes,Yes,No,No,No,No,No,No,No,Yes,No,No,Yes,Yes,Female,18-29,"$50,000 - $99,999",Associate or bachelor degree,31308,South Atlantic
south east,A lot,Yes,Yes,Yes,Yes,Yes,No,Yes,Yes,No,Yes,No,Yes,No,No,No,Yes,No,No,No,No,Female,> 60,"$0 - $24,999",Some college,33021,South Atlantic
The South,A lot,Yes,Yes,Yes,Yes,Yes,Yes,Yes,Yes,Yes,Yes,Yes,No,No,No,No,Yes,Yes,No,Yes,No,Male,30-44,"$0 - $24,999",Graduate degree,27587,South Atlantic
southeast,Some,Yes,Yes,No,No,Yes,Yes,No,No,No,Yes,No,Yes,No,No,No,No,No,No,No,No,Male,30-44,"$25,000 - $49,999",Graduate degree,34239,South Atlantic
"The Washington, DC Metro area",Not at all,Yes,Yes,Yes,Yes,No,Yes,Yes,Yes,Yes,No,Yes,Yes,No,No,No,Yes,No,No,No,No,Male,45-60,"$25,000 - $49,999",Graduate degree,20906,South Atlantic
busy & popular,Not at all,No,Yes,Yes,Yes,No,Yes,Yes,Yes,No,No,No,No,No,Yes,No,No,No,No,No,Yes,Male,> 60,"$25,000 - $49,999",Some college,33319,South Atlantic
South,Not at all,Yes,Yes,No,No,No,Yes,No,No,No,Yes,No,Yes,No,No,No,No,No,No,No,No,Female,30-44,"$50,000 - $99,999",Some college,32963,South Atlantic
Mid-sized Southern city,Not at all,Yes,Yes,Yes,Yes,No,No,Yes,Yes,No,No,No,No,No,No,No,Yes,No,No,Yes,No,Female,> 60,"$50,000 - $99,999",Associate or bachelor degree,27104,South Atlantic
northeast,Not at all,Yes,Yes,No,Yes,No,No,Yes,Yes,Yes,No,No,Yes,Yes,No,No,No,No,No,Yes,No,Female,30-44,"$25,000 - $49,999",Some college,21046,South Atlantic
Northeast,Not at all,Yes,Yes,Yes,Yes,No,No,Yes,Yes,No,No,No,No,No,No,Yes,Yes,No,No,Yes,No,Female,18-29,"$25,000 - $49,999",Associate or bachelor degree,25413,South Atlantic
Mid-Atlantic,Not at all,Yes,Yes,Yes,Yes,Yes,Yes,Yes,Yes,Yes,Yes,Yes,Yes,No,No,No,Yes,No,No,No,No,Male,45-60,"$150,000+",Graduate degree,22003,South Atlantic
upper south,Not at all,No,Yes,Yes,Yes,No,No,Yes,Yes,No,No,No,No,No,No,No,Yes,No,No,No,No,Female,> 60,"$25,000 - $49,999",Associate or bachelor degree,20110,South Atlantic
southeast,Not at all,No,Yes,No,Yes,No,No,Yes,Yes,No,No,No,No,Yes,Yes,No,Yes,No,No,No,No,Male,30-44,"$150,000+",Associate or bachelor degree,29649,South Atlantic
God's Country,Not at all,Yes,Yes,Yes,Yes,Yes,Yes,Yes,Yes,Yes,No,Yes,Yes,No,No,No,Yes,No,No,No,No,Male,30-44,"$50,000 - $99,999",Graduate degree,27545,South Atlantic
The dirty south,Not at all,Yes,No,Yes,Yes,Yes,Yes,Yes,Yes,Yes,Yes,Yes,Yes,Yes,No,No,No,No,No,No,No,Female,30-44,"$50,000 - $99,999",High school degree,34683,South Atlantic
Midwest,Not at all,No,No,Yes,No,Yes,Yes,No,No,No,Yes,No,Yes,No,No,No,No,No,No,No,No,Female,> 60,"$100,000 - $149,999",Graduate degree,49307,South Atlantic
Southeast,Some,Yes,Yes,Yes,Yes,Yes,Yes,Yes,Yes,Yes,Yes,Yes,Yes,No,No,Yes,No,No,No,No,No,Male,> 60,"$25,000 - $49,999",Associate or bachelor degree,33782,South Atlantic
Southeast,Not at all,Yes,Yes,Yes,Yes,No,No,Yes,Yes,Yes,No,Yes,Yes,No,No,No,No,No,No,No,No,Female,> 60,"$50,000 - $99,999",Graduate degree,23518,South Atlantic
South,Not much,No,No,Yes,Yes,No,No,No,Yes,Yes,No,Yes,No,No,Yes,No,Yes,No,No,No,No,Male,> 60,"$0 - $24,999",Graduate degree,33596,South Atlantic
the South,Some,Yes,Yes,Yes,Yes,Yes,Yes,Yes,Yes,Yes,Yes,Yes,Yes,No,No,No,Yes,No,No,No,No,Female,45-60,"$50,000 - $99,999",Associate or bachelor degree,29707,South Atlantic
East coast,Not at all,Yes,Yes,Yes,Yes,Yes,No,Yes,Yes,Yes,Yes,Yes,Yes,No,Yes,Yes,Yes,No,No,Yes,Yes,Female,45-60,"$50,000 - $99,999",Associate or bachelor degree,23464,South Atlantic
Glober atlanta,Not at all,No,No,No,Yes,No,No,No,No,No,No,No,No,No,No,Yes,No,No,Yes,No,No,Female,45-60,"$50,000 - $99,999",Associate or bachelor degree,30263,South Atlantic
South,Not at all,No,No,Yes,Yes,No,No,Yes,Yes,Yes,No,Yes,No,No,No,No,No,No,No,No,No,Female,45-60,"$50,000 - $99,999",Associate or bachelor degree,27406,South Atlantic
Washington DC suburb,Not at all,No,Yes,No,Yes,No,No,No,Yes,No,Yes,No,No,Yes,No,Yes,Yes,No,No,No,No,Female,18-29,"$25,000 - $49,999",Associate or bachelor degree,20147,South Atlantic
The Southeast,Not at all,Yes,Yes,Yes,Yes,No,No,Yes,Yes,No,Yes,No,Yes,Yes,No,No,Yes,No,No,No,No,Female,45-60,"$25,000 - $49,999",Graduate degree,28791,South Atlantic
South Atlantic,Not at all,No,No,Yes,No,No,No,Yes,Yes,No,No,No,No,No,Yes,No,Yes,No,No,Yes,No,Female,> 60,"$0 - $24,999",Some college,33417,South Atlantic
Mid-Atlantic Coast,Not at all,Yes,Yes,Yes,No,No,No,No,Yes,No,No,Yes,Yes,Yes,No,No,Yes,No,No,Yes,Yes,Female,45-60,"$150,000+",Associate or bachelor degree,23236,South Atlantic
The South,Not at all,Yes,Yes,Yes,Yes,No,Yes,Yes,Yes,Yes,No,Yes,Yes,No,No,Yes,Yes,No,No,No,No,Male,18-29,"$25,000 - $49,999",Some college,27502,South Atlantic
DC/MD/VA area,Not at all,Yes,Yes,Yes,Yes,Yes,Yes,Yes,Yes,No,Yes,No,Yes,No,No,Yes,Yes,No,No,No,No,Female,> 60,"$150,000+",Some college,20735,South Atlantic
"Paradise, Florida is amazing",Not at all,No,Yes,No,Yes,No,No,Yes,No,No,No,No,No,No,No,Yes,No,No,No,No,No,Male,18-29,"$150,000+",Some college,32304,South Atlantic
mid-atlantic,Not at all,Yes,Yes,Yes,Yes,No,No,No,Yes,No,Yes,No,No,No,No,Yes,No,No,No,No,No,Female,> 60,"$0 - $24,999",Associate or bachelor degree,22303,South Atlantic
sunny,Not at all,No,No,No,Yes,Yes,No,No,No,Yes,No,No,Yes,No,No,No,No,No,No,Yes,No,Female,45-60,"$50,000 - $99,999",Some college,34231,South Atlantic
American south,Not at all,Yes,Yes,Yes,No,No,No,Yes,No,No,Yes,No,No,No,No,No,No,No,No,No,No,Male,45-60,"$150,000+",Some college,32776,South Atlantic
Southeast,Not at all,No,Yes,Yes,Yes,Yes,Yes,Yes,Yes,Yes,Yes,Yes,Yes,No,Yes,No,Yes,No,No,No,Yes,Male,45-60,"$100,000 - $149,999",Graduate degree,27101,South Atlantic
South,Not at all,Yes,Yes,Yes,Yes,Yes,Yes,Yes,No,No,Yes,No,Yes,No,No,No,No,No,No,No,No,Female,> 60,"$100,000 - $149,999",Some college,32308,South Atlantic
Mid Atlantic,Not at all,Yes,Yes,No,Yes,No,Yes,Yes,Yes,No,No,No,No,No,No,No,Yes,No,No,No,No,Male,30-44,"$50,000 - $99,999",Some college,21651,South Atlantic
The Regressive South,Not at all,No,No,No,No,No,No,No,No,Yes,No,Yes,No,No,Yes,No,No,No,No,Yes,Yes,Male,> 60,"$25,000 - $49,999",Some college,28227,South Atlantic
NoVa on the east coast,Not at all,No,No,No,Yes,No,No,No,Yes,No,No,Yes,No,No,Yes,No,Yes,No,No,No,Yes,Female,18-29,"$0 - $24,999",Associate or bachelor degree,20106,South Atlantic
the South,Not at all,Yes,Yes,Yes,No,No,No,Yes,Yes,No,No,No,No,No,No,No,Yes,No,No,No,No,Female,30-44,"$50,000 - $99,999",Graduate degree,35603,East South Central
Midwest,A lot,Yes,Yes,No,Yes,No,No,Yes,Yes,No,No,No,No,No,No,Yes,No,No,No,No,No,Female,30-44,"$50,000 - $99,999",Graduate degree,42301,East South Central
the South,Not at all,No,No,No,Yes,Yes,No,Yes,No,Yes,No,Yes,Yes,Yes,No,No,Yes,No,No,No,No,Female,> 60,"$50,000 - $99,999",Graduate degree,37411,East South Central
south central kentucky,Not at all,No,No,Yes,Yes,No,Yes,Yes,Yes,No,No,No,No,No,No,No,No,No,No,No,No,Male,> 60,"$50,000 - $99,999",Associate or bachelor degree,42103,East South Central
best part of us,Not at all,Yes,Yes,Yes,Yes,No,Yes,Yes,Yes,Yes,No,Yes,No,Yes,Yes,No,Yes,No,No,Yes,Yes,Male,> 60,"$0 - $24,999",Less than high school degree,42129,East South Central
NE TN,Not at all,Yes,Yes,Yes,Yes,No,Yes,Yes,Yes,Yes,No,No,Yes,Yes,No,No,Yes,No,No,No,No,Female,> 60,"$150,000+",Some college,37659,East South Central
Mid-South,Some,No,No,No,No,No,No,No,No,No,No,No,No,No,Yes,No,Yes,No,No,Yes,No,Female,45-60,"$150,000+",Some college,38016,East South Central
Midwest,A lot,No,Yes,No,Yes,No,No,Yes,No,No,Yes,No,No,Yes,No,Yes,Yes,No,Yes,No,No,Female,18-29,"$50,000 - $99,999",Associate or bachelor degree,40502,East South Central
"The South, Mid-South, actually.",Not at all,Yes,Yes,Yes,No,Yes,Yes,No,No,No,Yes,No,No,No,No,Yes,No,No,No,No,No,Male,18-29,"$150,000+",Associate or bachelor degree,37917,East South Central
North Eastern Kentucky,Not at all,Yes,Yes,Yes,Yes,Yes,Yes,Yes,Yes,Yes,No,Yes,No,Yes,Yes,No,Yes,No,No,Yes,Yes,Male,18-29,"$150,000+",Some college,41175,East South Central
South,Not at all,Yes,Yes,Yes,Yes,No,No,No,Yes,No,No,No,No,No,No,No,Yes,No,No,No,No,Female,18-29,"$50,000 - $99,999",Associate or bachelor degree,40517,East South Central
The South,Not at all,No,No,Yes,Yes,No,No,Yes,Yes,No,No,No,No,No,Yes,No,Yes,No,No,No,No,Male,18-29,"$0 - $24,999",High school degree,37122,East South Central
The upper south,Some,Yes,Yes,Yes,No,Yes,Yes,Yes,Yes,No,Yes,No,Yes,No,No,No,Yes,No,No,No,No,Female,45-60,"$150,000+",Some college,40509,East South Central
Southeast,Not at all,Yes,No,Yes,Yes,No,No,No,No,No,No,No,No,No,No,No,Yes,No,No,No,No,Female,30-44,"$50,000 - $99,999",Some college,40214,East South Central
Midwest,A lot,Yes,Yes,No,No,No,No,No,No,No,Yes,No,No,No,No,Yes,No,No,Yes,No,No,Female,45-60,"$25,000 - $49,999",Graduate degree,41075,East South Central
South,Not at all,No,No,Yes,Yes,No,No,Yes,Yes,Yes,No,Yes,No,No,Yes,No,Yes,No,No,No,Yes,Male,45-60,"$50,000 - $99,999",Associate or bachelor degree,42303,East South Central
SOME WHAT SOUTHERN,Not much,No,No,No,No,No,No,No,Yes,Yes,No,No,Yes,No,No,No,No,No,Yes,Yes,Yes,Male,18-29,"$0 - $24,999",Some college,40216,East South Central
Midwest,Some,No,Yes,Yes,Yes,No,No,Yes,No,No,Yes,No,No,No,No,Yes,No,No,Yes,No,No,Female,45-60,"$50,000 - $99,999",Associate or bachelor degree,40291,East South Central
South US,Not at all,Yes,Yes,Yes,Yes,Yes,Yes,Yes,Yes,No,No,No,Yes,No,No,No,Yes,No,No,No,No,Female,45-60,"$50,000 - $99,999",Graduate degree,37072,East South Central
Mid-eastern appalachia,Not at all,No,No,No,Yes,No,No,No,Yes,No,No,No,No,No,Yes,No,No,No,No,No,Yes,Female,30-44,"$50,000 - $99,999",Associate or bachelor degree,41240,East South Central
Dirty south,Some,Yes,No,Yes,No,No,Yes,No,No,No,No,No,Yes,No,No,No,No,No,No,No,No,Female,18-29,"$25,000 - $49,999",Associate or bachelor degree,38301,East South Central
South,Not much,No,No,Yes,Yes,No,No,Yes,Yes,No,No,No,No,No,Yes,No,No,No,No,No,No,Male,45-60,"$50,000 - $99,999",Associate or bachelor degree,42001,East South Central
"I'm move from Southeastern Kentucky to an area with decent roads,NO Coal Companies and where people can find decent paying jobs",Not at all,No,No,No,No,No,No,No,No,No,No,No,No,No,No,Yes,No,No,No,No,No,Male,45-60,"$0 - $24,999",Some college,41722,East South Central
southeast,Not at all,No,No,No,Yes,No,No,No,Yes,No,No,Yes,No,No,Yes,No,Yes,No,No,No,Yes,Female,18-29,"$50,000 - $99,999",Graduate degree,37128,East South Central
South,Not much,Yes,No,Yes,No,No,Yes,Yes,Yes,Yes,No,Yes,Yes,No,No,No,Yes,No,No,No,No,Male,> 60,"$50,000 - $99,999",Graduate degree,40513,East South Central
The South,A lot,Yes,Yes,Yes,Yes,Yes,Yes,No,Yes,Yes,Yes,Yes,Yes,No,Yes,No,Yes,No,No,Yes,Yes,Male,45-60,"$25,000 - $49,999",Some college,36695,East South Central
Midwest,Not at all,Yes,Yes,Yes,Yes,Yes,Yes,Yes,Yes,Yes,Yes,Yes,Yes,No,No,No,Yes,No,No,No,Yes,Female,30-44,"$150,000+",Associate or bachelor degree,41017,East South Central
Mid South,Some,Yes,Yes,Yes,Yes,Yes,No,Yes,Yes,No,No,No,No,Yes,No,No,Yes,No,No,No,No,Male,45-60,"$150,000+",Some college,41169,East South Central
MIDwESTERN,A lot,Yes,Yes,No,No,No,No,No,No,No,Yes,No,No,No,No,Yes,No,No,No,No,No,Female,> 60,"$50,000 - $99,999",Some college,40261,East South Central
South,Not much,No,No,No,Yes,No,No,No,Yes,No,No,No,No,No,Yes,No,Yes,No,No,No,Yes,Female,30-44,"$100,000 - $149,999",Some college,40502,East South Central
mid-south,Not at all,No,No,Yes,Yes,Yes,Yes,Yes,Yes,Yes,No,Yes,Yes,No,No,No,No,No,No,No,No,Male,45-60,"$150,000+",Graduate degree,38017,East South Central
Southern country,Not at all,No,No,Yes,Yes,No,Yes,Yes,Yes,Yes,No,Yes,No,Yes,Yes,No,Yes,No,No,No,No,Female,30-44,"$100,000 - $149,999",Associate or bachelor degree,42729,East South Central
Midwest,A lot,Yes,Yes,Yes,Yes,No,No,Yes,Yes,No,Yes,No,No,Yes,No,Yes,No,No,No,No,No,Male,45-60,"$150,000+",Some college,40379,East South Central
Midwest,Some,No,No,No,No,No,No,No,No,No,No,No,No,No,No,Yes,No,No,No,No,No,Male,> 60,"$100,000 - $149,999",Some college,42352,East South Central
Hawaii,A lot,No,No,No,Yes,No,No,No,No,No,No,No,No,No,Yes,No,No,No,No,No,Yes,Female,18-29,"$50,000 - $99,999",Some college,96734,Pacific
West Coast  SoCal  Southern California,Not at all,No,Yes,Yes,Yes,No,No,Yes,Yes,No,Yes,Yes,No,Yes,No,Yes,Yes,No,No,No,Yes,Male,30-44,"$100,000 - $149,999",Associate or bachelor degree,91320,Pacific
The far west.,Not at all,Yes,Yes,Yes,Yes,Yes,Yes,Yes,Yes,Yes,Yes,Yes,Yes,No,No,No,Yes,No,No,No,No,Male,> 60,"$25,000 - $49,999",Graduate degree,95747,Pacific
West coast,Not at all,Yes,Yes,Yes,No,Yes,Yes,No,No,No,Yes,No,Yes,No,No,No,No,No,No,No,No,Female,30-44,"$150,000+",Graduate degree,92359,Pacific
West Coast,Not at all,No,No,No,No,No,No,No,Yes,Yes,No,Yes,No,No,Yes,No,Yes,No,No,No,Yes,Male,45-60,"$50,000 - $99,999",Some college,93940,Pacific
Sunny California,Not at all,No,No,No,Yes,No,No,Yes,Yes,No,No,No,No,No,Yes,No,No,No,No,Yes,Yes,Female,45-60,"$150,000+",Some college,91350,Pacific
northwest,Some,Yes,Yes,Yes,Yes,Yes,Yes,Yes,Yes,No,Yes,No,Yes,No,No,No,No,Yes,Yes,No,No,Male,30-44,"$50,000 - $99,999",Associate or bachelor degree,97006,Pacific
"The greatest part of the country. Always something to do. The climate is just right, alm,ost always. Four definite but fairly mild seasons compared to the rest of the country.",Not at all,Yes,Yes,Yes,Yes,No,No,Yes,Yes,No,Yes,No,Yes,Yes,No,Yes,No,No,No,No,No,Female,45-60,"$100,000 - $149,999",Some college,95709,Pacific
PACIFIC NORTH WEST,Not at all,No,No,Yes,Yes,Yes,Yes,Yes,Yes,Yes,No,Yes,No,No,No,No,No,No,No,No,No,Male,45-60,"$150,000+",Some college,98908,Pacific
west,A lot,No,No,No,Yes,Yes,No,No,No,No,Yes,No,No,No,No,No,No,No,No,No,No,Male,18-29,"$100,000 - $149,999",Some college,95758,Pacific
NW,Not at all,Yes,Yes,Yes,No,No,No,Yes,Yes,No,No,No,No,No,No,No,No,No,No,No,No,Male,45-60,"$150,000+",Associate or bachelor degree,97224,Pacific
the Southwest,Not much,Yes,Yes,Yes,Yes,Yes,Yes,Yes,No,No,Yes,No,Yes,No,No,No,No,No,No,No,No,Female,> 60,"$50,000 - $99,999",Graduate degree,92345,Pacific
West coast,Not at all,Yes,Yes,Yes,No,No,No,Yes,No,No,Yes,No,No,No,No,No,No,No,No,No,No,Female,> 60,"$150,000+",Graduate degree,93401,Pacific
West,Not at all,Yes,Yes,Yes,Yes,No,Yes,Yes,Yes,No,Yes,Yes,Yes,No,No,No,No,No,No,No,No,Female,> 60,"$100,000 - $149,999",Graduate degree,95018,Pacific
Southwest,Some,Yes,No,Yes,No,No,Yes,No,Yes,No,No,No,Yes,No,No,No,No,No,No,No,No,Female,> 60,"$150,000+",Graduate degree,92020,Pacific
The West,Not at all,Yes,Yes,Yes,Yes,No,No,Yes,Yes,Yes,Yes,Yes,No,No,Yes,No,Yes,No,No,Yes,Yes,Female,30-44,"$25,000 - $49,999",Associate or bachelor degree,92021,Pacific
Pacific Northwest,Not at all,Yes,Yes,Yes,No,Yes,Yes,No,No,No,Yes,No,Yes,No,No,No,No,No,No,No,No,Female,30-44,"$100,000 - $149,999",Associate or bachelor degree,98107,Pacific
mountains south west,Not at all,No,No,No,Yes,No,No,Yes,No,No,Yes,Yes,No,Yes,No,Yes,Yes,No,No,No,No,Male,> 60,"$50,000 - $99,999",Some college,92036,Pacific
Pacific Coast,A lot,Yes,Yes,No,No,No,No,Yes,No,No,No,No,No,No,No,No,No,No,No,No,No,Female,30-44,"$25,000 - $49,999",Some college,91942,Pacific
west coast,Not at all,Yes,Yes,Yes,Yes,No,Yes,Yes,Yes,Yes,No,Yes,No,No,No,No,No,No,No,No,No,Female,45-60,"$100,000 - $149,999",Some college,93063,Pacific
West coast,Not much,Yes,Yes,Yes,Yes,Yes,Yes,Yes,Yes,Yes,Yes,Yes,Yes,Yes,Yes,Yes,Yes,No,Yes,Yes,Yes,Male,18-29,"$150,000+",Associate or bachelor degree,92115,Pacific
north western us,Some,No,No,Yes,Yes,No,No,No,Yes,No,No,Yes,No,No,Yes,Yes,No,No,No,No,No,Male,30-44,"$25,000 - $49,999",Graduate degree,97914,Pacific
California,Not at all,Yes,Yes,Yes,Yes,Yes,Yes,Yes,Yes,No,Yes,Yes,Yes,No,No,No,No,No,No,No,No,Female,> 60,"$150,000+",Graduate degree,94114,Pacific
an island,Not at all,Yes,Yes,Yes,Yes,Yes,Yes,No,Yes,No,Yes,No,Yes,No,Yes,No,No,No,No,No,No,Male,30-44,"$25,000 - $49,999",Some college,96818,Pacific
Pacific Northwest,Not at all,Yes,Yes,Yes,Yes,Yes,Yes,Yes,Yes,Yes,No,Yes,Yes,Yes,No,No,Yes,No,No,No,No,Male,45-60,"$150,000+",Associate or bachelor degree,99114,Pacific
west coast,Not much,No,No,Yes,Yes,No,No,No,Yes,No,No,No,Yes,Yes,No,No,Yes,No,No,No,No,Female,45-60,"$150,000+",Some college,92708,Pacific
West Coast.  Left Wing radicals that have no clue of life and trying to mess up everything,Not much,No,No,No,Yes,No,No,No,Yes,Yes,No,No,No,No,Yes,No,No,No,No,Yes,No,Male,45-60,"$50,000 - $99,999",Some college,94806,Pacific
The west,Not at all,Yes,Yes,Yes,Yes,Yes,Yes,No,Yes,Yes,Yes,Yes,Yes,No,No,No,No,No,No,No,No,Female,18-29,"$50,000 - $99,999",Graduate degree,95822,Pacific
Pacific Northwest,Not at all,Yes,Yes,No,No,No,No,Yes,No,No,Yes,No,No,No,No,No,No,No,No,No,No,Male,45-60,"$150,000+",Graduate degree,98665,Pacific
California,Some,Yes,Yes,Yes,Yes,Yes,Yes,Yes,Yes,Yes,No,Yes,Yes,Yes,No,No,Yes,No,No,No,No,Male,> 60,"$150,000+",Graduate degree,93711,Pacific
West,Not at all,Yes,No,Yes,Yes,No,No,Yes,Yes,No,Yes,No,No,Yes,No,Yes,Yes,No,No,Yes,Yes,Male,45-60,"$100,000 - $149,999",Some college,95426,Pacific
Pacific Northwest,A lot,Yes,Yes,Yes,No,Yes,Yes,No,No,No,Yes,No,Yes,No,No,No,No,No,No,No,No,Male,30-44,"$150,000+",Graduate degree,98101,Pacific
"Northern climate, Alaska",Not at all,No,No,Yes,Yes,No,Yes,No,Yes,Yes,No,Yes,No,No,No,No,No,No,No,Yes,Yes,Female,30-44,"$100,000 - $149,999",Associate or bachelor degree,99709,Pacific
Land of Opportunity,Not at all,No,Yes,Yes,No,No,Yes,No,Yes,No,No,No,No,No,No,No,No,No,No,Yes,Yes,Female,30-44,"$0 - $24,999",Some college,92126,Pacific
North west,Some,Yes,No,Yes,No,No,Yes,No,Yes,Yes,Yes,Yes,Yes,No,Yes,No,No,No,No,Yes,Yes,Male,45-60,"$150,000+",Some college,97306,Pacific
Raining city,Not at all,No,No,No,No,No,No,No,Yes,No,No,No,Yes,No,No,Yes,No,No,No,Yes,No,Male,18-29,"$100,000 - $149,999",Graduate degree,98087,Pacific
northwest,Some,Yes,Yes,Yes,Yes,Yes,Yes,Yes,Yes,Yes,Yes,No,Yes,No,No,No,No,No,No,No,No,Female,> 60,"$150,000+",Graduate degree,99507,Pacific
The North West,Not at all,No,No,No,No,No,No,No,No,No,Yes,No,No,No,No,No,No,No,Yes,Yes,No,Male,45-60,"$25,000 - $49,999",High school degree,98632,Pacific
"Pacific Northwest, Cascadia",Not at all,Yes,Yes,Yes,No,Yes,Yes,Yes,Yes,No,Yes,No,Yes,No,No,Yes,Yes,No,No,No,No,Female,18-29,"$25,000 - $49,999",Associate or bachelor degree,98225,Pacific
Northwest,Not at all,No,Yes,Yes,Yes,No,No,Yes,No,Yes,Yes,Yes,No,Yes,No,Yes,Yes,No,No,Yes,No,Female,18-29,"$25,000 - $49,999",Graduate degree,97214,Pacific
Southwest coastal,Not at all,Yes,Yes,Yes,Yes,Yes,Yes,Yes,Yes,Yes,No,Yes,Yes,No,No,No,Yes,No,No,No,No,Female,> 60,"$100,000 - $149,999",Associate or bachelor degree,92123,Pacific
Southern California,Not at all,Yes,No,Yes,Yes,No,No,No,Yes,No,Yes,No,Yes,No,Yes,No,Yes,No,No,Yes,Yes,Male,30-44,"$150,000+",Some college,91750,Pacific
coastal,Not much,Yes,Yes,Yes,Yes,Yes,Yes,Yes,Yes,Yes,Yes,Yes,Yes,No,No,No,No,No,No,No,No,Female,45-60,"$150,000+",High school degree,95608,Pacific
Southern clifornia,Not at all,No,No,No,No,No,No,No,No,No,No,No,No,No,Yes,No,Yes,No,No,No,Yes,Male,45-60,"$25,000 - $49,999",High school degree,92324,Pacific
Pacific Northwest,Not at all,Yes,Yes,Yes,Yes,Yes,Yes,No,Yes,No,Yes,No,Yes,Yes,No,Yes,Yes,Yes,No,No,No,Female,18-29,"$25,000 - $49,999",Associate or bachelor degree,98052,Pacific
Pacific Northwest,Not at all,Yes,Yes,Yes,Yes,No,No,No,Yes,No,No,No,No,No,No,No,Yes,No,No,No,No,Male,45-60,"$50,000 - $99,999",Graduate degree,97223,Pacific
The Bay Area,Not at all,Yes,Yes,Yes,Yes,Yes,Yes,Yes,Yes,Yes,Yes,Yes,Yes,No,No,No,Yes,No,No,Yes,Yes,Female,18-29,"$0 - $24,999",Associate or bachelor degree,94708,Pacific
Pacific northwest,A lot,Yes,Yes,Yes,Yes,No,No,Yes,Yes,Yes,No,Yes,No,No,No,No,No,No,No,No,No,Male,30-44,"$150,000+",Associate or bachelor degree,97007,Pacific
California,Not at all,Yes,Yes,No,No,Yes,Yes,No,No,Yes,Yes,Yes,Yes,No,No,No,No,No,No,No,No,Male,45-60,"$25,000 - $49,999",Associate or bachelor degree,94949,Pacific
Northwest,A lot,Yes,Yes,Yes,Yes,Yes,Yes,Yes,Yes,Yes,Yes,Yes,Yes,No,No,No,No,No,No,No,No,Female,30-44,"$100,000 - $149,999",Some college,98042,Pacific
Southern California,Not at all,Yes,Yes,Yes,Yes,No,No,No,Yes,No,Yes,No,No,No,No,No,No,No,No,No,No,Female,45-60,"$50,000 - $99,999",Graduate degree,92107,Pacific
The beautiful Northwest of the United States.,Not at all,No,No,No,Yes,No,No,No,Yes,No,No,No,No,Yes,Yes,No,Yes,No,No,No,Yes,Female,> 60,"$0 - $24,999",Some college,97402,Pacific
Pacific North West,Not at all,No,Yes,Yes,Yes,No,No,No,No,No,No,No,Yes,No,Yes,Yes,Yes,No,No,Yes,Yes,Male,> 60,"$0 - $24,999",Associate or bachelor degree,94580,Pacific
Big Lake,Some,No,Yes,Yes,No,Yes,Yes,No,Yes,Yes,Yes,No,Yes,No,No,No,No,No,No,No,No,Male,18-29,"$0 - $24,999",Some college,55455,Pacific
Northwest,Not at all,Yes,Yes,Yes,Yes,Yes,Yes,Yes,Yes,Yes,Yes,Yes,Yes,No,No,No,Yes,No,No,No,No,Female,> 60,"$25,000 - $49,999",Some college,97202,Pacific
Western,Not at all,No,No,No,No,No,No,No,No,No,No,No,No,No,Yes,No,No,No,No,No,No,Male,30-44,"$0 - $24,999",Less than high school degree,95132,Pacific
Sf,Not at all,No,No,No,No,No,No,No,Yes,No,Yes,Yes,No,No,Yes,Yes,No,No,No,No,Yes,Male,18-29,"$50,000 - $99,999",Associate or bachelor degree,95014,Pacific
Southern California,Not at all,No,No,No,No,No,Yes,No,Yes,No,No,Yes,Yes,No,Yes,No,No,No,No,Yes,Yes,Female,30-44,"$100,000 - $149,999",Some college,92024,Pacific
Southern California,Not at all,No,No,Yes,No,Yes,No,No,Yes,No,Yes,No,No,No,Yes,No,No,No,No,Yes,Yes,Female,> 60,"$25,000 - $49,999",Some college,92083,Pacific
Northwest,Not at all,Yes,No,Yes,Yes,No,No,Yes,Yes,No,No,Yes,No,Yes,No,Yes,Yes,No,No,No,Yes,Female,18-29,"$50,000 - $99,999",Associate or bachelor degree,95501,Pacific
Inland Northwest,Not at all,Yes,Yes,Yes,No,Yes,Yes,Yes,Yes,No,Yes,No,Yes,No,No,No,No,No,No,No,No,Male,45-60,"$150,000+",Associate or bachelor degree,89338,Pacific
Pacific northwest,Not at all,No,No,No,No,No,No,No,Yes,No,No,No,No,No,No,No,Yes,No,No,No,Yes,Female,30-44,"$50,000 - $99,999",Associate or bachelor degree,98375,Pacific
pacific west,Not at all,No,Yes,Yes,No,No,Yes,No,Yes,Yes,Yes,Yes,Yes,No,No,No,No,No,No,No,Yes,Female,> 60,"$25,000 - $49,999",Some college,91722,Pacific
SOUTHERN CALIFORNIA,Not at all,No,No,No,No,No,No,No,No,No,No,No,No,No,Yes,No,No,No,No,No,No,Female,30-44,"$25,000 - $49,999",Some college,92887,Pacific
West,Some,Yes,Yes,Yes,Yes,No,No,Yes,Yes,Yes,Yes,Yes,No,No,No,No,Yes,No,No,No,No,Female,30-44,"$100,000 - $149,999",Associate or bachelor degree,95409,Pacific
Pacific Northwest,Not at all,Yes,Yes,Yes,Yes,No,Yes,Yes,Yes,No,No,No,Yes,No,No,No,Yes,No,No,No,No,Male,30-44,"$100,000 - $149,999",Associate or bachelor degree,98144,Pacific
north east,Not at all,Yes,Yes,No,Yes,No,No,No,Yes,No,Yes,No,No,No,No,No,No,No,Yes,No,No,Male,45-60,"$25,000 - $49,999",Some college,95641,Pacific
Southwest,Not at all,No,Yes,Yes,Yes,No,Yes,Yes,Yes,Yes,No,Yes,Yes,Yes,No,No,Yes,No,No,Yes,Yes,Female,45-60,"$150,000+",Associate or bachelor degree,92128,Pacific
Western part of U.S.,Some,Yes,No,No,No,Yes,No,No,No,Yes,No,Yes,Yes,No,No,No,No,No,No,Yes,Yes,Female,30-44,"$0 - $24,999",Some college,91356,Pacific
Pacific Northwest,Not at all,No,No,No,Yes,No,No,Yes,Yes,No,No,Yes,No,No,No,No,Yes,No,No,No,No,Male,45-60,"$25,000 - $49,999",Associate or bachelor degree,97201,Pacific
Pacific Northwest,Not at all,Yes,Yes,Yes,Yes,No,Yes,Yes,Yes,Yes,No,Yes,Yes,No,Yes,No,No,No,No,Yes,Yes,Male,30-44,"$50,000 - $99,999",Associate or bachelor degree,98115,Pacific
SoCal,Not much,No,No,No,Yes,No,No,No,Yes,No,No,Yes,No,No,Yes,No,No,No,No,No,Yes,Female,30-44,"$100,000 - $149,999",Some college,92223,Pacific
West,A lot,Yes,Yes,No,Yes,Yes,No,No,No,No,Yes,No,No,No,No,Yes,No,No,No,No,No,Female,> 60,"$150,000+",Some college,91792,Pacific
the West Coast,Not at all,Yes,Yes,Yes,No,Yes,Yes,Yes,Yes,Yes,Yes,Yes,Yes,No,Yes,No,No,No,No,Yes,No,Female,45-60,"$150,000+",Associate or bachelor degree,91604,Pacific
Pacific Northwest,Not at all,Yes,Yes,Yes,No,Yes,Yes,No,No,No,Yes,No,No,No,No,No,No,No,No,No,No,Male,45-60,"$100,000 - $149,999",Some college,98501,Pacific
West Coast,Not at all,No,Yes,Yes,Yes,No,No,Yes,Yes,No,Yes,No,No,No,No,No,No,No,No,No,No,Male,30-44,"$100,000 - $149,999",Associate or bachelor degree,90803,Pacific
Practically perfect,Not much,Yes,Yes,Yes,Yes,Yes,No,Yes,Yes,No,Yes,No,Yes,No,No,No,Yes,No,No,No,No,Female,> 60,"$100,000 - $149,999",Some college,94597,Pacific
Alaska,Not at all,Yes,Yes,Yes,Yes,No,No,No,Yes,No,Yes,No,No,No,Yes,No,Yes,No,No,No,Yes,Male,18-29,"$25,000 - $49,999",Associate or bachelor degree,99801,Pacific
pacific northwest,Not at all,Yes,Yes,Yes,Yes,Yes,Yes,No,No,No,Yes,No,Yes,No,No,No,No,No,No,No,No,Female,45-60,"$100,000 - $149,999",Associate or bachelor degree,97056,Pacific
San Francisco Bay Area,Not at all,Yes,Yes,Yes,Yes,Yes,Yes,Yes,Yes,Yes,Yes,Yes,Yes,Yes,No,No,No,No,Yes,No,No,Male,30-44,"$50,000 - $99,999",Graduate degree,94040,Pacific
West Coast,Not at all,No,No,Yes,No,No,No,Yes,Yes,No,No,No,No,Yes,No,No,Yes,No,No,No,No,Male,45-60,"$50,000 - $99,999",Associate or bachelor degree,93454,Pacific
west coast,Not at all,No,No,Yes,Yes,No,No,No,Yes,Yes,No,Yes,No,No,No,No,Yes,No,No,No,No,Female,45-60,"$0 - $24,999",Graduate degree,97321,Pacific
Southern california,Not at all,Yes,Yes,Yes,Yes,No,Yes,Yes,Yes,Yes,No,Yes,Yes,Yes,No,No,Yes,No,No,Yes,Yes,Female,45-60,"$150,000+",Graduate degree,92782,Pacific
Pacific Coast,Not at all,No,No,Yes,Yes,No,No,Yes,Yes,No,No,No,No,No,No,Yes,Yes,No,No,No,No,Female,> 60,"$50,000 - $99,999",Associate or bachelor degree,95472,Pacific
hawaii,A lot,Yes,Yes,Yes,Yes,Yes,Yes,Yes,Yes,Yes,Yes,Yes,Yes,Yes,Yes,Yes,Yes,No,No,Yes,Yes,Male,30-44,"$150,000+",Graduate degree,96814,Pacific
Southern California,Not at all,Yes,Yes,No,No,Yes,No,No,Yes,No,No,No,Yes,No,No,No,Yes,No,No,No,No,Male,30-44,"$150,000+",Associate or bachelor degree,92024,Pacific
Southern California,Not at all,No,No,No,Yes,No,No,No,Yes,No,Yes,No,Yes,No,No,No,Yes,No,No,No,No,Female,45-60,"$150,000+",Some college,92026,Pacific
New England,Not at all,Yes,Yes,Yes,Yes,Yes,Yes,Yes,Yes,Yes,Yes,Yes,Yes,Yes,Yes,Yes,Yes,Yes,Yes,Yes,Yes,Male,18-29,"$150,000+",High school degree,5495,New England
North East,Not at all,No,No,No,Yes,No,No,No,Yes,No,No,No,No,No,No,No,No,No,No,No,No,Female,45-60,"$50,000 - $99,999",Some college,6854,New England
Northeast,Not at all,No,No,No,Yes,No,No,No,Yes,Yes,No,Yes,No,No,Yes,No,Yes,No,No,Yes,Yes,Female,> 60,"$150,000+",Associate or bachelor degree,4915,New England
North East,Not at all,No,Yes,No,Yes,No,No,No,Yes,No,No,No,Yes,Yes,No,No,Yes,No,No,No,No,Female,30-44,"$50,000 - $99,999",Some college,1001,New England
New England,Not much,Yes,Yes,Yes,Yes,No,No,Yes,Yes,Yes,Yes,Yes,Yes,Yes,No,No,Yes,No,Yes,No,Yes,Male,18-29,"$50,000 - $99,999",Some college,2025,New England
The north east,Not at all,No,Yes,Yes,Yes,Yes,Yes,Yes,Yes,Yes,Yes,Yes,Yes,No,No,No,Yes,No,No,Yes,Yes,Female,30-44,"$150,000+",Associate or bachelor degree,6951,New England
New England,Not at all,Yes,Yes,Yes,Yes,Yes,Yes,Yes,Yes,No,Yes,No,Yes,No,No,No,No,No,No,Yes,Yes,Male,30-44,"$0 - $24,999",Associate or bachelor degree,6029,New England
northeast,Some,Yes,Yes,No,Yes,Yes,Yes,Yes,Yes,Yes,No,Yes,Yes,No,No,Yes,No,No,No,No,No,Female,45-60,"$150,000+",Associate or bachelor degree,1463,New England
New england,Not at all,Yes,Yes,No,Yes,Yes,Yes,Yes,No,No,Yes,No,Yes,No,No,No,Yes,No,No,No,No,Male,45-60,"$150,000+",Graduate degree,6770,New England
rural western Maine,Not at all,Yes,Yes,Yes,Yes,No,Yes,Yes,Yes,Yes,No,Yes,Yes,Yes,Yes,No,Yes,No,No,Yes,Yes,Male,> 60,"$0 - $24,999",Associate or bachelor degree,4261,New England
New England,Not at all,No,Yes,No,No,No,No,Yes,No,No,Yes,No,No,No,Yes,No,Yes,No,No,Yes,No,Female,18-29,"$50,000 - $99,999",Some college,2721,New England
Northeast,Not at all,No,Yes,Yes,Yes,No,Yes,Yes,Yes,Yes,No,Yes,No,No,Yes,Yes,No,No,No,Yes,Yes,Female,30-44,"$150,000+",Associate or bachelor degree,6460,New England
Northern New England,Not at all,Yes,Yes,Yes,No,Yes,Yes,No,No,No,Yes,No,No,No,No,No,No,No,No,Yes,No,Female,> 60,"$150,000+",Graduate degree,4103,New England
New England,Not at all,Yes,Yes,Yes,Yes,No,Yes,Yes,Yes,No,Yes,No,No,Yes,No,No,No,No,No,No,No,Female,45-60,"$100,000 - $149,999",Associate or bachelor degree,5468,New England
New England,Not at all,No,No,Yes,Yes,No,No,Yes,No,No,Yes,No,No,No,Yes,No,Yes,No,No,No,Yes,Female,45-60,"$100,000 - $149,999",Associate or bachelor degree,1876,New England
Northeast,Not at all,Yes,Yes,Yes,Yes,Yes,Yes,Yes,Yes,No,Yes,No,Yes,No,No,No,No,No,No,No,No,Male,> 60,"$150,000+",Graduate degree,6410,New England
California,Not at all,Yes,Yes,Yes,No,Yes,Yes,No,No,No,Yes,No,Yes,No,No,No,No,No,No,No,No,Male,18-29,"$25,000 - $49,999",Associate or bachelor degree,65305,New England
cold,Not at all,Yes,No,Yes,No,Yes,No,No,No,Yes,Yes,Yes,Yes,Yes,No,No,No,No,No,Yes,No,Male,30-44,"$50,000 - $99,999",Some college,1604,New England
East coast,Not at all,Yes,No,No,No,No,No,No,No,No,Yes,No,No,No,No,Yes,No,No,No,No,No,Male,18-29,"$25,000 - $49,999",High school degree,1844,New England
Northern America,Not at all,No,No,No,No,No,No,No,No,No,No,No,No,No,Yes,No,No,No,No,No,No,Female,18-29,"$150,000+",Some college,6269,New England
New England,Not at all,Yes,Yes,Yes,Yes,No,No,No,Yes,Yes,Yes,Yes,Yes,No,No,No,Yes,No,No,No,No,Female,30-44,"$25,000 - $49,999",Graduate degree,1420,New England
Northeast USA,Not at all,Yes,Yes,Yes,Yes,Yes,Yes,Yes,Yes,Yes,Yes,Yes,Yes,No,No,No,No,No,No,No,No,Male,> 60,"$150,000+",Associate or bachelor degree,1983,New England
New England,Some,Yes,Yes,Yes,No,Yes,Yes,No,No,No,Yes,No,Yes,No,No,No,No,No,No,No,No,Male,18-29,"$50,000 - $99,999",Associate or bachelor degree,2906,New England
The Northeast,Not at all,Yes,Yes,Yes,Yes,No,No,Yes,No,No,Yes,No,No,Yes,No,Yes,Yes,No,No,No,No,Male,45-60,"$100,000 - $149,999",Some college,2760,New England
northeast,Some,Yes,Yes,Yes,Yes,Yes,Yes,Yes,Yes,Yes,Yes,No,Yes,No,Yes,Yes,Yes,No,No,No,No,Male,45-60,"$0 - $24,999",Some college,1609,New England
New England,Not at all,No,No,Yes,Yes,No,Yes,Yes,Yes,Yes,No,Yes,No,Yes,No,No,Yes,No,No,Yes,Yes,Female,18-29,"$150,000+",Graduate degree,2720,New England
Vermont is beautiful during all seasons.,Not at all,Yes,Yes,Yes,No,Yes,Yes,Yes,No,No,Yes,No,Yes,No,No,No,No,No,No,No,No,Female,18-29,"$25,000 - $49,999",Some college,5495,New England
N.E.,Not at all,Yes,Yes,Yes,Yes,Yes,Yes,Yes,Yes,Yes,Yes,Yes,Yes,No,No,No,No,No,No,No,No,Male,45-60,"$50,000 - $99,999",Associate or bachelor degree,5663,New England
New England,Some,Yes,Yes,No,No,Yes,Yes,No,No,No,Yes,No,Yes,No,No,No,No,No,No,No,No,Female,30-44,"$100,000 - $149,999",Associate or bachelor degree,2917,New England
New england,Not at all,Yes,Yes,Yes,No,Yes,Yes,Yes,Yes,Yes,No,Yes,Yes,No,No,Yes,Yes,No,No,No,No,Female,30-44,"$100,000 - $149,999",Graduate degree,2038,New England
northeast,Not at all,Yes,Yes,Yes,No,Yes,Yes,No,Yes,Yes,Yes,Yes,Yes,No,No,No,No,No,No,Yes,No,Female,18-29,"$0 - $24,999",Graduate degree,6037,New England
New England,Not at all,Yes,Yes,Yes,Yes,Yes,Yes,Yes,Yes,Yes,Yes,Yes,Yes,No,No,Yes,Yes,No,No,No,No,Female,30-44,"$100,000 - $149,999",Graduate degree,3301,New England
northeast,Not much,No,No,No,No,No,No,No,No,No,No,No,No,No,Yes,No,No,No,No,No,No,Male,45-60,"$150,000+",Associate or bachelor degree,6016,New England
midwest,A lot,Yes,Yes,Yes,Yes,Yes,Yes,Yes,Yes,Yes,Yes,Yes,Yes,No,No,No,No,No,No,No,No,Male,30-44,"$25,000 - $49,999",Graduate degree,53575,East North Central
midwest,A lot,Yes,Yes,Yes,Yes,Yes,Yes,Yes,Yes,Yes,Yes,Yes,Yes,No,No,No,No,No,No,No,No,Male,30-44,"$25,000 - $49,999",Graduate degree,53575,East North Central
midwest,A lot,Yes,Yes,Yes,Yes,Yes,Yes,Yes,Yes,Yes,Yes,Yes,Yes,No,No,No,No,No,No,No,No,Male,30-44,"$25,000 - $49,999",Graduate degree,53575,East North Central
midwest,A lot,Yes,Yes,Yes,Yes,Yes,Yes,Yes,Yes,Yes,Yes,Yes,Yes,No,No,No,No,No,No,No,No,Male,30-44,"$25,000 - $49,999",Graduate degree,53575,East North Central
midwest,A lot,Yes,Yes,Yes,Yes,Yes,Yes,Yes,Yes,Yes,Yes,Yes,Yes,No,No,No,No,No,No,No,No,Male,30-44,"$25,000 - $49,999",Graduate degree,53575,East North Central
