spid,commeqta,llploans,costtoincome,roe,liqassta,size,rating
222808,0.04179,0.052628,0.463943,-0.49529,0.102417,17.349871,above_average
132485,0.020031,0.034454,0.754655,-0.198752,0.422636,16.946037,above_average
237118,0.096736,0.062246,0.300409,-0.481643,0.777464,15.588062,above_average
105986,0.010092,0.080791,1.364978,-0.26104,0.157598,15.963289,above_average
104473,0.040931,0.087014,0.875882,-0.473052,0.096407,20.874623,above_average
374711,0.101152,0.050554,0.606405,-0.077725,0.406958,21.421689,above_average
313790,0.084849,0.037926,0.471118,-0.027679,0.747062,20.248447,above_average
357260,0.011593,0.052724,1.008631,0.27277,0.122096,18.631759,above_average
180855,0.129799,0.086354,1.583692,-0.217584,0.437436,21.255672,above_average
308102,0.064422,0.005454,1.188593,-0.292081,0.191434,20.418269,above_average
158674,0.071796,0.068656,1.272183,-0.242334,0.148803,15.670899,above_average
308745,0.049814,0.041862,0.257782,0.26561,0.230638,15.962338,above_average
184391,0.070469,0.025704,1.184919,-0.070092,0.327826,16.496319,above_average
353679,0.018855,0.025547,1.527674,0.399556,0.345525,20.335759,above_average
161884,0.055177,0.02561,1.251962,0.133133,0.28789,21.133764,above_average
106456,0.055091,0.026054,0.410437,-0.124106,0.779371,19.560594,above_average
298869,0.070966,0.048322,1.41215,0.297838,0.033822,17.310061,above_average
175903,0.101403,0.011142,1.26001,0.386509,0.030876,20.564782,above_average
163874,0.098136,0.007252,0.756485,0.457313,0.270757,18.468153,above_average
109068,0.092851,0.034583,0.651064,0.210806,0.680875,15.768811,above_average
233084,0.148191,0.064013,1.342639,0.200735,0.811492,20.157516,above_average
290039,0.164234,0.014002,1.546335,0.132884,0.526024,18.809099,above_average
194734,0.13651,0.002069,1.429973,-0.098737,0.550151,16.940553,above_average
148971,0.016312,0.07525,0.678798,0.062907,0.310829,19.873691,above_average
395327,0.070382,0.040656,1.245034,-0.092925,0.426659,19.971094,above_average
341725,0.009103,0.08184,1.00224,0.186759,0.522545,18.846833,above_average
343421,0.152467,0.006809,0.421615,-0.345767,0.342774,18.529496,above_average
212135,0.133662,0.013054,1.06744,-0.177724,0.434148,19.847261,above_average
322887,0.137914,0.013212,1.502365,0.243778,0.105346,19.808344,above_average
144873,0.092079,0.036947,1.450806,0.075722,0.415039,17.209572,above_average
146134,0.017193,0.056026,1.23965,0.273175,0.764287,15.773709,above_average
151093,0.022645,0.031738,0.24853,-0.223519,0.624141,19.882239,above_average
246562,0.058868,0.063499,0.523379,-0.451329,0.535689,15.790094,above_average
292520,0.119254,0.051792,0.756479,0.067443,0.411767,19.775527,above_average
305337,0.034871,0.0155,0.422716,-0.353523,0.352463,17.580395,above_average
133939,0.117113,0.064856,1.339978,-0.100383,0.348399,15.519022,above_average
332085,0.128875,0.051265,0.968758,-0.160031,0.04455,17.358597,above_average
220221,0.103719,0.013152,1.191253,0.374306,0.720013,19.605816,above_average
165327,0.098241,0.07197,1.472006,-0.176274,0.492742,21.195608,above_average
250487,0.031693,0.036875,0.470253,0.03464,0.318877,15.537213,above_average
143668,0.099373,0.012541,0.816319,-0.268019,0.453581,20.607981,above_average
320296,0.100836,0.039103,0.951554,-0.249506,0.312706,15.336431,above_average
388737,0.008968,0.010761,0.243114,0.074932,0.545853,20.430565,above_average
196729,0.071462,0.058341,0.597239,-0.119508,0.088591,17.264452,above_average
107622,0.008912,0.089919,0.558106,0.041581,0.41332,16.621987,above_average
272005,0.073862,0.053457,1.481567,0.092529,0.258909,16.462469,above_average
150195,0.123279,0.01649,0.32141,0.375487,0.424867,19.746116,above_average
340758,0.151331,0.021048,0.616544,-0.432366,0.602812,16.901187,above_average
390738,0.136345,0.061564,0.39325,-0.387376,0.135857,20.215913,above_average
185780,0.097867,0.022993,1.575199,-0.127477,0.688987,16.541907,above_average
164582,0.028023,0.062965,0.68635,0.022318,0.762828,17.582201,above_average
199916,0.117513,0.037586,0.553259,0.273368,0.698102,21.146025,above_average
229186,0.117511,0.046754,0.598361,-0.099712,0.123651,19.280077,above_average
384803,0.167089,0.025923,0.430201,0.38488,0.261732,19.013283,above_average
195732,0.04168,0.092147,0.990304,-0.469842,0.727085,18.505745,above_average
126317,0.136566,0.057693,1.023896,-0.437565,0.04929,20.615536,above_average
163016,0.090103,0.050986,0.839667,0.164443,0.382838,20.249974,above_average
363906,0.097125,0.007423,1.03479,0.487987,0.444682,17.584773,above_average
280421,0.090117,0.038521,0.993982,-0.412526,0.686166,20.530535,above_average
249406,0.010659,0.032676,1.092897,0.357075,0.258292,18.97703,above_average
178534,0.106608,0.01543,0.367784,0.236131,0.652939,21.262753,above_average
304702,0.022293,0.071036,0.292165,0.067565,0.510368,16.542602,above_average
107125,0.010782,0.089392,0.35583,0.262439,0.408223,15.772133,above_average
367786,0.030738,0.014139,0.417723,0.093263,0.539409,19.902369,above_average
321496,0.090032,0.014264,1.565973,-0.105211,0.531004,19.139745,above_average
150508,0.12202,0.027181,0.539949,-0.019708,0.814974,16.337213,above_average
185670,0.069151,0.084972,0.385293,-0.431526,0.757609,20.34209,above_average
227504,0.147568,0.046077,1.088325,0.331471,0.521523,16.108017,above_average
197168,0.16205,0.062308,0.965589,0.220549,0.132627,20.35473,above_average
181917,0.052825,0.039759,1.038303,0.08349,0.522647,17.112954,above_average
350840,0.041641,0.008355,0.299009,0.1738,0.257291,15.530285,above_average
147632,0.029725,0.092257,1.248344,0.208265,0.61728,20.838314,above_average
229949,0.117968,0.02562,0.415026,0.029127,0.367902,19.016714,above_average
100517,0.04977,0.09235,0.469585,-0.442854,0.633727,21.023782,above_average
125507,0.039756,0.08199,0.979988,0.285176,0.334199,16.417159,above_average
398774,0.151302,0.08925,0.657992,0.453599,0.315969,19.205403,above_average
281680,0.032176,0.056428,0.397765,-0.18524,0.281055,20.35785,above_average
154541,0.146344,0.022036,1.57977,-0.258311,0.047588,21.249247,above_average
369469,0.113544,0.052293,0.245365,-0.420496,0.03761,16.985105,above_average
374072,0.048023,0.026295,0.380719,-0.446673,0.721345,21.152045,above_average
370200,0.165069,0.037817,0.29298,-0.158593,0.17452,21.109774,above_average
240791,0.020739,0.070521,1.562938,-0.319328,0.443493,20.731047,above_average
144236,0.143822,0.018031,0.889899,0.426709,0.63153,18.202253,above_average
196461,0.066043,0.086515,0.91844,-0.399116,0.618638,18.834859,above_average
230063,0.027339,0.071635,0.563361,0.166368,0.142424,18.891198,above_average
112087,0.095398,0.036008,1.384486,0.351007,0.778466,15.918266,above_average
188653,0.052839,0.017601,0.521508,-0.479363,0.076742,20.727268,above_average
310220,0.103433,0.009972,0.73224,0.433363,0.676095,18.941133,above_average
105285,0.105257,0.009913,0.389594,-0.490177,0.79951,17.323033,above_average
223376,0.025423,0.002209,0.40904,-0.114699,0.079761,17.561048,above_average
105399,0.144111,0.005153,0.624719,-0.306505,0.197419,15.914676,above_average
341676,0.071447,0.027843,0.266484,0.315287,0.116548,19.630047,above_average
364199,0.135792,0.030452,0.780331,0.336842,0.302433,16.567796,above_average
112281,0.016044,0.02625,0.821492,-0.438126,0.723845,17.02991,above_average
199528,0.148248,0.030312,0.678161,-0.419185,0.377444,18.14689,above_average
146001,0.078474,0.067781,0.729197,0.057405,0.670696,16.317358,above_average
373110,0.042896,0.077766,1.446818,-0.476926,0.076052,16.685784,above_average
177546,0.143424,0.046217,0.799326,-0.342855,0.133733,19.853267,above_average
292841,0.135247,0.053312,1.263927,-0.193427,0.733295,16.186802,above_average
303241,0.056234,0.033027,1.341251,0.389844,0.146923,19.887695,above_average
143705,0.104113,0.081596,1.36919,0.481742,0.533681,17.545401,above_average
256760,0.084867,0.067446,0.497574,0.026455,0.59895,15.67535,above_average
323710,0.139688,0.020495,0.821711,0.28292,0.523125,18.777921,above_average
154566,0.102361,0.0718,0.368732,0.271818,0.065855,19.20214,above_average
187928,0.131997,0.037501,0.416263,0.2842,0.733812,17.532639,above_average
243379,0.085808,0.053841,0.317133,-0.469326,0.258946,17.665208,above_average
165388,0.077575,0.018173,0.727666,0.184354,0.243342,19.193514,above_average
392167,0.094316,0.071285,1.33735,0.404406,0.350504,18.157137,above_average
107313,0.013049,0.094904,0.929743,0.265719,0.690523,19.616041,above_average
203490,0.075187,0.044351,1.215159,-0.453955,0.527418,17.335995,above_average
331110,0.160824,0.009823,1.125697,-0.257099,0.788071,17.464801,above_average
223976,0.130376,0.006747,0.39614,-0.241663,0.153602,21.103894,above_average
156406,0.031603,0.022961,1.121027,-0.048862,0.812529,17.573621,above_average
293235,0.124708,0.035183,1.267833,-0.412135,0.755259,18.309355,above_average
106258,0.008845,0.078614,0.947007,-0.381077,0.652565,18.824653,above_average
335498,0.02527,0.090044,1.346152,-0.307719,0.53975,19.574136,above_average
347180,0.073313,0.059056,1.485432,0.183351,0.776543,17.427644,above_average
365102,0.073791,0.085289,1.388908,-0.053937,0.789081,19.08336,above_average
152017,0.085797,0.023625,1.420902,-0.079124,0.329241,21.24695,above_average
192807,0.08189,0.061087,1.45933,-0.445606,0.627561,17.045247,above_average
116873,0.068252,0.006913,0.830326,-0.353292,0.51395,17.965618,above_average
220957,0.116727,0.083752,1.424128,-0.378143,0.363279,19.694456,above_average
390269,0.043519,0.071414,1.057308,0.19947,0.035687,17.852662,above_average
220941,0.133458,0.042919,0.540087,0.115101,0.386138,20.620973,above_average
353302,0.105079,0.053533,1.56973,-0.149542,0.482407,18.471247,above_average
109858,0.01673,0.016784,0.30252,-0.040235,0.600796,17.30897,average
348842,0.067041,0.00469,0.465146,-0.012173,0.243277,19.780568,average
342081,0.139066,0.016683,0.419964,0.238436,0.35704,17.196584,average
354169,0.148852,0.017528,0.769944,-0.04309,0.50315,20.190062,average
323736,0.117477,0.005521,0.717753,0.007229,0.02492,21.218041,average
203385,0.116674,0.015921,0.955334,0.090812,0.483391,19.228957,average
258949,0.163705,0.007467,0.828934,0.196945,0.262971,21.262584,average
216834,0.164819,0.016542,0.576435,-0.080569,0.193897,17.629855,average
249824,0.061996,0.010225,0.302427,-0.136508,0.242879,20.884034,average
279126,0.056292,0.009275,1.093038,-0.022625,0.585803,17.725529,average
318675,0.158045,0.007566,0.612749,0.030574,0.668145,16.810107,average
396288,0.038463,0.010933,0.250714,0.068664,0.10569,19.495318,average
173674,0.054139,0.000935,0.330728,0.158761,0.268918,19.461259,average
371250,0.106482,0.006327,0.389185,0.091319,0.516378,20.813811,average
196836,0.166322,0.01344,0.795519,0.090471,0.345296,16.398294,average
204853,0.133209,0.002823,0.73604,-0.072299,0.082085,20.474691,average
290430,0.066331,0.017092,0.588182,0.226303,0.368885,17.500597,average
185413,0.029861,0.013387,1.09684,-0.128122,0.238652,19.836774,average
399207,0.125213,0.00472,0.953811,0.244447,0.581242,18.869429,average
212747,0.109902,0.013147,0.286226,0.124881,0.424299,21.041874,average
194073,0.038471,0.007544,0.759117,-0.08441,0.666684,19.198663,average
199395,0.065264,0.00921,0.425566,0.223945,0.207963,20.049824,average
236391,0.079083,0.006343,0.727383,0.076043,0.290085,21.275078,average
274217,0.010628,0.016627,1.104183,0.069528,0.586366,20.527498,average
166011,0.14409,0.015918,0.521374,-0.044222,0.653943,20.067337,average
151168,0.080303,0.012712,1.009948,-0.152894,0.62857,21.300717,average
360758,0.059482,0.007768,0.762781,0.150527,0.094586,17.830952,average
283225,0.095528,0.01001,1.118721,-0.063973,0.67701,19.747621,average
186272,0.105719,0.010935,0.360976,-0.116777,0.443265,19.578126,average
159144,0.132964,0.009894,0.509045,-0.087683,0.038024,21.352773,average
259444,0.0922,0.007675,0.760533,0.232918,0.614314,16.586525,average
371491,0.153451,0.004401,0.382705,0.061298,0.27465,18.465665,average
181221,0.044783,0.004988,0.417731,0.162264,0.483553,19.081848,average
351283,0.126144,0.005643,1.049522,-0.06493,0.517792,17.270215,average
248961,0.039509,0.015742,0.347191,0.246752,0.080553,18.148127,average
177958,0.01391,0.002796,0.29141,-0.074919,0.024761,15.896659,average
254862,0.073661,0.010854,0.539149,-0.130663,0.623484,18.800705,average
398453,0.105114,0.016107,0.535384,0.103583,0.055063,15.830297,average
306560,0.160459,0.007639,0.745796,-0.083145,0.073381,15.82286,average
356116,0.14211,0.016677,0.654252,-0.096995,0.220393,19.024,average
357087,0.125585,0.005609,0.380064,0.227397,0.216305,20.6642,average
104449,0.04806,0.001492,0.777414,0.187566,0.156551,17.853128,average
312095,0.067408,0.001709,0.779501,-0.01596,0.277209,17.535992,average
208545,0.145058,0.011327,0.498976,0.243489,0.430442,16.338638,average
321880,0.145874,0.011043,1.030231,-0.047138,0.587674,18.993758,average
203191,0.093278,0.000821,0.522661,-0.078224,0.075115,20.155973,average
243517,0.15038,0.005135,0.319208,0.062973,0.601258,21.253485,average
299259,0.059399,0.001994,0.906782,0.097779,0.34131,16.688653,average
117891,0.068345,0.010764,0.754089,0.093507,0.329168,17.458008,average
332158,0.122832,0.017442,0.876443,0.041621,0.078758,16.365606,average
106911,0.118675,0.014689,0.328989,0.09802,0.099456,17.854595,average
312759,0.060507,0.016953,0.498642,-0.145541,0.267146,19.391939,average
114021,0.07944,0.005024,0.905382,-0.12023,0.125475,20.95041,average
180603,0.01379,0.010454,0.767468,0.122218,0.632569,20.56912,average
288017,0.131451,0.015114,0.331574,0.149984,0.08901,20.438471,average
127763,0.091022,0.007241,0.245759,-0.135716,0.643519,19.769761,average
347512,0.105477,0.0129,1.100527,0.183417,0.541788,19.082467,average
325835,0.039935,0.005433,0.599624,-0.131032,0.056207,18.603803,average
280869,0.125413,0.003915,0.944651,0.137107,0.648833,20.995619,average
153937,0.10702,0.01035,0.426811,-0.009588,0.676943,19.301553,average
156012,0.148156,0.000263,0.325364,-0.048781,0.304479,21.059132,average
399315,0.144956,0.000518,0.55322,0.15821,0.689032,18.046434,average
352319,0.085049,0.003764,0.643845,0.08873,0.310384,18.327898,average
340407,0.009266,0.00146,1.138326,-0.040227,0.401029,19.462226,average
376495,0.039514,0.003969,0.318076,0.150934,0.077789,18.753089,average
337887,0.079781,0.004889,0.964925,0.204978,0.527352,19.087651,average
379158,0.030408,0.011673,0.266284,-0.137122,0.438699,19.179164,average
291557,0.056368,0.015041,1.09851,0.077467,0.227634,20.674555,average
130861,0.025114,0.002403,1.114033,-0.018928,0.313189,19.81143,average
370472,0.028188,0.011545,0.516399,0.033119,0.605305,20.038463,average
402124,0.121312,0.012637,0.272289,-0.022336,0.469243,19.576694,average
320355,0.136639,0.009953,0.785675,0.137474,0.558528,18.624479,average
347823,0.124038,0.006504,0.292023,-0.133934,0.400888,18.85496,average
185277,0.057611,0.012501,0.816512,0.072784,0.594099,20.578712,average
264519,0.160955,0.001936,0.251556,0.061273,0.41124,20.878623,average
219239,0.103977,0.004016,0.321224,0.245725,0.599221,16.235932,average
228684,0.162999,0.010731,0.607654,0.191259,0.171155,17.163941,average
367965,0.015449,0.007739,0.493528,0.085437,0.059864,18.986125,average
362430,0.008302,0.008466,0.504154,-0.127507,0.171689,20.158032,average
206298,0.052801,0.014322,0.322679,-0.042696,0.546793,21.009826,average
269359,0.079327,0.017737,0.456338,0.091413,0.152505,15.876873,average
389183,0.163693,0.006848,0.690212,-0.11079,0.198291,19.510419,average
146137,0.100153,0.01663,1.107379,0.198576,0.427809,20.76118,average
178982,0.061064,0.009491,0.48079,-0.073779,0.162685,18.830002,average
193582,0.138021,0.009883,0.417618,0.163338,0.656924,18.537296,average
360126,0.114337,0.004645,1.083885,-0.120134,0.182271,16.817019,average
311481,0.14201,0.013498,0.886222,-0.047053,0.248131,21.349435,average
305506,0.149671,0.006312,1.043324,0.103714,0.669614,18.278911,average
292749,0.009824,0.007809,1.11722,-0.073207,0.293704,16.295904,average
295999,0.020315,0.014329,0.43932,0.251254,0.646833,17.125494,average
164517,0.156661,0.003524,0.388509,0.047919,0.157795,17.319328,average
227924,0.06959,0.011285,0.937561,0.020311,0.197533,17.252645,average
332837,0.032467,0.010778,1.095349,0.176277,0.393494,16.230977,average
354770,0.154813,0.006509,0.847695,0.009186,0.191911,16.167513,average
170895,0.143944,0.00753,0.931881,0.114432,0.303956,16.109084,average
313164,0.070827,0.014334,0.673963,0.032144,0.549063,19.889092,average
127311,0.015513,0.007116,0.483847,-0.15058,0.131281,18.073566,average
206646,0.050272,0.011323,0.987448,-0.082293,0.261447,18.696582,average
225465,0.134179,0.006847,0.456664,0.191288,0.605559,19.109065,average
120551,0.066325,0.002184,0.545542,-0.037449,0.047467,20.162869,average
309358,0.116123,0.011435,0.953488,-0.142955,0.308678,16.425742,average
212915,0.085838,0.002586,0.549813,0.160743,0.517647,21.283523,average
148739,0.067831,0.011314,0.632981,0.004475,0.129738,19.223979,average
161988,0.02507,0.016108,0.31206,0.149554,0.060306,19.392702,average
298813,0.062491,0.001081,0.466752,-0.018146,0.24851,18.752449,average
331993,0.031161,0.014483,0.760767,-0.058562,0.249323,16.714767,average
142189,0.1058,0.017491,0.868494,0.108962,0.343379,18.500914,average
224833,0.059496,0.017395,0.897349,-0.034596,0.351313,17.477994,average
228629,0.16168,0.016382,0.884036,0.165046,0.502044,18.234787,average
364880,0.109282,0.000714,0.373938,-0.089365,0.604284,19.239487,average
238555,0.113284,0.007446,0.999848,-0.132263,0.567377,19.888539,average
132533,0.157993,0.003221,0.377139,-0.032017,0.05415,20.108353,average
215755,0.142293,0.0173,0.290701,0.123145,0.098555,17.397173,average
342035,0.049497,0.002415,0.649867,-0.084915,0.640019,18.719463,average
223651,0.143413,0.013109,1.017289,0.176082,0.444857,19.452038,average
141779,0.030199,0.003333,1.001596,0.207163,0.481113,20.752155,average
402279,0.072973,0.015075,0.319067,0.23872,0.192043,15.828656,average
368008,0.029828,0.009305,0.778459,-0.064881,0.612642,16.879499,average
384254,0.127529,0.011653,0.696106,0.198976,0.309287,19.508351,average
273735,0.019412,0.002564,1.055529,0.126455,0.509965,16.240593,average
334128,0.112158,0.013453,0.812098,0.175803,0.284155,20.75309,average
297296,0.16384,0.011398,1.157303,0.238945,0.529377,17.949867,average
349274,0.16712,0.012588,0.63211,-0.111542,0.131121,17.922557,average
184822,0.080471,0.002431,1.150349,0.19091,0.19567,18.870914,average
145463,0.010661,0.005587,1.140774,0.15178,0.265419,19.452408,average
100868,0.094467,0.002301,0.686616,0.177599,0.234407,18.775424,bad
218150,0.020253,-0.001409,0.712263,0.170991,0.048688,17.967745,bad
268779,0.089581,0.003468,0.475952,0.185527,0.336264,17.356084,bad
114532,0.038634,1.2e-05,0.512081,0.121357,0.084792,16.665332,bad
233465,0.024152,0.006433,0.652523,0.135137,0.236902,19.958542,bad
196016,0.075616,0.005057,0.462001,0.207602,0.33459,20.933816,bad
162290,0.052894,-0.000492,0.70219,0.115793,0.126784,20.800016,bad
158990,0.068842,0.002483,0.473237,0.215199,0.34852,19.136994,bad
157497,0.065319,0.005456,0.456054,0.167249,0.082306,17.019957,bad
245908,0.020517,0.007833,0.459384,0.070007,0.256863,15.683727,bad
320937,0.060698,0.006841,0.576207,0.111832,0.2901,19.331233,bad
338209,0.04546,0.00083,0.572525,0.132483,0.053319,17.751034,bad
336116,0.081378,0.002618,0.558109,0.108169,0.279694,20.58261,bad
291779,0.066156,0.007791,0.717526,0.148923,0.203384,17.997493,bad
321009,0.032707,0.003806,0.711285,0.082067,0.297323,20.026198,bad
243758,0.086593,0.004113,0.530874,0.066767,0.220988,18.883887,bad
368420,0.046233,0.000828,0.529652,0.212291,0.424246,19.907564,bad
338791,0.050419,0.003569,0.698481,0.144863,0.388729,18.957782,bad
160945,0.063896,0.002452,0.587351,0.146105,0.154878,20.09749,bad
249736,0.030543,0.006855,0.537169,0.214838,0.310143,19.284179,bad
320482,0.020316,0.003157,0.643994,0.128643,0.150801,20.280907,bad
137085,0.087822,0.000841,0.473108,0.196042,0.278727,18.236974,bad
212636,0.074392,0.00188,0.618678,0.114108,0.169016,18.735669,bad
308850,0.044926,0.006326,0.58763,0.132461,0.058179,18.700997,bad
357276,0.075504,0.004128,0.48264,0.181306,0.333371,17.520976,bad
101258,0.042691,0.003419,0.539491,0.178711,0.306682,16.063348,bad
252465,0.097399,0.008161,0.529144,0.109995,0.399788,15.897298,bad
217913,0.068086,0.00799,0.52348,0.059112,0.206803,17.071412,bad
370150,0.039343,0.007216,0.467413,0.052511,0.303831,17.804676,bad
384464,0.023722,0.008058,0.57351,0.143409,0.337548,20.744225,bad
371066,0.02044,0.0079,0.649158,0.182358,0.211453,15.942487,bad
199416,0.098799,0.007518,0.526092,0.163743,0.234403,18.724057,bad
283458,0.020485,0.008167,0.458848,0.215912,0.158903,15.985879,bad
385669,0.061736,0.002406,0.638757,0.221303,0.310916,19.348247,bad
336026,0.077333,0.000549,0.642499,0.151297,0.320062,19.796861,bad
282037,0.035943,0.006398,0.61493,0.162146,0.085156,17.153237,bad
140867,0.071172,0.001623,0.720073,0.179225,0.403225,19.641944,bad
187234,0.039679,0.000396,0.508504,0.116948,0.370127,19.094413,bad
158597,0.093027,0.003869,0.722993,0.208993,0.192571,17.976093,bad
205746,0.027065,0.006368,0.565824,0.1691,0.350908,19.72131,bad
394876,0.064725,0.002246,0.457289,0.129687,0.422933,21.172058,bad
381335,0.045277,0.007397,0.597056,0.157082,0.247596,15.64475,bad
394917,0.07485,0.005007,0.574484,0.081122,0.244239,17.035072,bad
301329,0.089235,0.001403,0.634338,0.177687,0.067925,16.809533,bad
300631,0.075784,0.004504,0.567791,0.055653,0.265701,19.921978,bad
325299,0.055939,0.004424,0.575704,0.159032,0.043074,17.444426,bad
206917,0.067217,0.00277,0.58163,0.058958,0.106148,18.887838,bad
366180,0.092924,0.000715,0.719453,0.124846,0.398277,19.379984,bad
387943,0.09452,0.000623,0.62858,0.133046,0.14685,19.010235,bad
168163,0.030021,-0.000547,0.526907,0.124315,0.221898,15.964791,bad
348791,0.049858,0.007296,0.707532,0.111832,0.288968,20.615118,bad
252055,0.040642,0.00025,0.693022,0.096362,0.299634,16.179047,bad
201418,0.068677,0.006803,0.707485,0.215422,0.135911,21.058137,bad
391661,0.089884,0.005548,0.479541,0.125004,0.194436,15.641573,bad
321475,0.061566,0.001128,0.687864,0.143924,0.371848,17.179776,bad
281793,0.083904,-0.000869,0.556757,0.061533,0.298114,20.474208,bad
260176,0.021454,0.007807,0.688388,0.179911,0.03884,16.927611,bad
347450,0.029794,0.004674,0.631271,0.118755,0.107838,17.583116,bad
274252,0.091126,0.006821,0.545613,0.184486,0.118944,15.821355,bad
296083,0.022992,0.004206,0.648957,0.199199,0.382313,15.958299,bad
180013,0.049445,-0.001105,0.545766,0.088873,0.181419,15.811194,bad
173054,0.0512,0.000765,0.680071,0.083337,0.303661,20.453719,bad
169888,0.018336,0.007848,0.637821,0.188898,0.194349,21.238314,bad
275824,0.049099,0.004979,0.52635,0.222477,0.289576,20.549405,bad
393238,0.089233,0.00092,0.461707,0.218292,0.025356,19.039187,bad
259234,0.085546,0.005996,0.553989,0.102825,0.045756,17.6728,bad
346638,0.027007,0.007599,0.712383,0.188999,0.28272,17.913211,bad
171900,0.071224,0.002709,0.583114,0.120381,0.351398,18.437526,bad
139731,0.088207,0.000171,0.457101,0.212974,0.211529,17.698844,bad
224090,0.031419,0.003989,0.556923,0.222517,0.102245,18.78028,bad
139206,0.03125,0.003866,0.518446,0.098637,0.144964,16.315785,bad
315205,0.022045,-0.000732,0.482941,0.168617,0.362187,16.72685,bad
175626,0.081398,-0.000619,0.610434,0.196635,0.36978,20.648923,bad
133725,0.020878,0.005162,0.654781,0.204859,0.312421,17.689129,bad
360106,0.092578,0.000805,0.608713,0.185258,0.419735,17.603713,bad
298243,0.018528,0.00611,0.644975,0.075489,0.12676,20.925977,bad
330910,0.065532,-0.000407,0.692748,0.103429,0.401676,17.168974,bad
255130,0.06889,0.004773,0.583957,0.148919,0.387543,20.543504,bad
372921,0.078246,0.0013,0.576356,0.198034,0.189721,20.585745,bad
170090,0.047571,0.002628,0.514565,0.211144,0.122809,16.936211,bad
134398,0.023499,0.002961,0.45981,0.207942,0.400257,18.923817,bad
228283,0.089707,0.003902,0.496168,0.056023,0.414393,16.463374,bad
366386,0.031399,0.006308,0.53484,0.140682,0.023897,19.038047,bad
317933,0.052559,0.001385,0.502997,0.206179,0.034118,20.474018,bad
247987,0.042593,0.003126,0.469829,0.077095,0.272752,15.863026,bad
310656,0.071791,-0.001084,0.604153,0.082374,0.381538,16.745411,bad
204507,0.063825,0.002598,0.62125,0.152177,0.048214,16.281842,bad
399817,0.045998,0.007477,0.590197,0.149857,0.408761,16.553768,bad
400855,0.074747,0.007915,0.71862,0.071736,0.183498,20.455,bad
275940,0.058322,0.004578,0.686612,0.123097,0.419835,19.273547,bad
110080,0.041383,-0.000654,0.528019,0.105777,0.103961,20.803786,bad
280041,0.096968,0.008074,0.56943,0.146405,0.260257,15.590684,bad
399828,0.057173,0.00776,0.592534,0.1657,0.376048,18.094555,bad
298244,0.038365,0.001593,0.560267,0.052132,0.344656,18.875072,bad
207779,0.054205,0.008262,0.584471,0.065031,0.394369,19.37598,bad
372716,0.076088,-0.001356,0.513501,0.101581,0.244283,18.006957,bad
191269,0.028023,0.003961,0.589877,0.223053,0.305779,15.684343,bad
355685,0.04636,3.1e-05,0.531786,0.105294,0.245594,19.809856,bad
175869,0.092577,0.002249,0.665901,0.112403,0.202698,20.623383,bad
106817,0.031202,-0.001475,0.548442,0.158841,0.242671,18.253202,bad
101969,0.041745,0.003929,0.546755,0.12877,0.348842,15.540874,bad
123432,0.039465,0.002329,0.69716,0.085493,0.027169,16.113601,bad
192768,0.057453,0.000479,0.62954,0.064294,0.223476,16.501641,bad
313693,0.070566,-0.00014,0.72455,0.089717,0.144749,19.902285,bad
190715,0.074903,0.006004,0.57529,0.184969,0.380733,19.630549,bad
141934,0.088373,0.00087,0.452323,0.129102,0.39472,19.472007,bad
287925,0.072425,0.005481,0.585085,0.152113,0.060842,17.254031,bad
281271,0.093363,-0.001076,0.620228,0.154596,0.219559,17.355338,bad
215500,0.063255,0.006103,0.535553,0.196525,0.432892,17.747289,bad
120389,0.018076,0.008051,0.555695,0.140939,0.203939,19.899674,bad
334202,0.093785,-0.001007,0.599826,0.095016,0.266186,20.077445,bad
230969,0.028545,0.003467,0.455583,0.118031,0.222014,20.69221,bad
230040,0.036141,3.1e-05,0.639722,0.179108,0.152975,20.339361,bad
299117,0.084068,0.002104,0.477914,0.078106,0.181946,18.831774,bad
169590,0.036301,0.000157,0.639612,0.142588,0.041497,19.196534,bad
373151,0.08493,0.000683,0.714515,0.129325,0.292863,17.903952,bad
128542,0.093379,0.002738,0.632089,0.072227,0.31353,21.09929,bad
373557,0.090389,0.005031,0.672286,0.206862,0.043214,16.443771,bad
262411,0.062774,0.002503,0.722004,0.131903,0.186936,18.180009,bad
135324,0.088467,0.00669,0.477672,0.053441,0.072582,16.018529,bad
215114,0.027318,0.007016,0.714426,0.18652,0.309412,20.854077,bad
366373,0.069848,0.004406,0.593017,0.065029,0.136016,20.137517,bad
237886,0.028598,0.004417,0.653572,0.114054,0.30671,20.123858,bad
251094,0.087072,0.003383,0.607889,0.168303,0.199818,17.360946,bad
395209,0.064874,0.00611,0.597757,0.160366,0.327517,20.487589,bad
232081,0.069312,0.026594,0.6353,-0.012213,0.212817,18.699307,below_average
349488,0.208989,0.030824,0.443364,0.133524,0.325937,20.392109,below_average
395518,0.127865,0.017074,0.552217,0.123494,0.24581,16.037251,below_average
269013,0.215631,0.02803,0.661212,-0.033237,0.146741,17.034318,below_average
213171,0.062254,0.052224,0.556651,0.111373,0.603603,17.883012,below_average
328221,0.049201,0.010728,0.770361,0.181419,0.290726,18.395707,below_average
317243,0.246614,0.055558,0.352724,0.144346,0.386666,20.103442,below_average
328449,0.264332,0.010891,0.39446,0.045003,0.084418,20.800462,below_average
292284,0.21094,0.031168,0.66295,0.169332,0.083744,20.412537,below_average
322718,0.077258,0.013247,0.362628,0.093389,0.348862,18.612234,below_average
207110,0.164876,0.029647,0.358747,0.060393,0.216996,16.2856,below_average
107197,0.072726,0.03272,0.515019,0.007651,0.447051,16.119893,below_average
260535,0.220481,0.030463,0.628953,0.110289,0.1005,16.95155,below_average
332971,0.167912,0.029199,0.555703,0.052649,0.529806,20.375782,below_average
360266,0.21314,0.036357,0.568063,0.172599,0.347232,16.153389,below_average
266134,0.246879,0.055758,0.773522,0.051348,0.490885,21.243884,below_average
190673,0.117836,0.034631,0.479365,0.206556,0.59718,19.294794,below_average
228478,0.17017,0.006611,0.694644,0.090594,0.321076,18.364846,below_average
138871,0.076668,0.061889,0.384259,0.028417,0.292263,17.951246,below_average
374699,0.09123,0.003579,0.3887,-0.012187,0.456857,18.922503,below_average
377782,0.057446,0.016432,0.669304,0.12587,0.594207,15.705686,below_average
153236,0.042181,0.054975,0.390624,0.052491,0.405233,18.412111,below_average
250783,0.052932,0.020009,0.724585,0.135923,0.361943,19.299206,below_average
161818,0.133465,0.04777,0.352221,0.116161,0.180662,20.513978,below_average
268351,0.16341,0.044596,0.611653,-0.024176,0.429324,17.492005,below_average
400331,0.266627,0.02956,0.575754,0.014323,0.166997,19.181321,below_average
105709,0.199211,0.036574,0.753605,0.159703,0.391449,19.578715,below_average
326446,0.082809,0.050795,0.427771,-0.055708,0.213477,18.841331,below_average
114886,0.095281,0.00786,0.36808,0.151191,0.470178,19.572664,below_average
282286,0.215171,-7.5e-05,0.602262,0.114118,0.041717,16.823608,below_average
269744,0.071614,0.058276,0.524441,0.079838,0.33105,16.477588,below_average
384878,0.214986,0.018557,0.577691,-0.045683,0.504184,19.329778,below_average
143727,0.180533,0.056011,0.431662,0.005063,0.292537,18.435483,below_average
327498,0.192248,0.010184,0.685628,0.137326,0.304054,15.679599,below_average
277600,0.06878,0.016681,0.710619,0.168111,0.445066,19.624403,below_average
258159,0.186224,0.011263,0.561775,0.018427,0.063694,19.173057,below_average
114304,0.087645,0.051212,0.386131,0.181066,0.453781,16.855819,below_average
155622,0.141871,0.01413,0.543768,0.143845,0.566444,17.342998,below_average
317267,0.210448,0.004982,0.782543,0.052599,0.565673,15.703069,below_average
243934,0.135435,0.017881,0.479453,-0.052204,0.168868,18.485717,below_average
312904,0.124808,0.05907,0.471966,0.070259,0.258797,18.396675,below_average
123624,0.056845,0.000314,0.74271,0.005429,0.230016,19.00814,below_average
173053,0.245288,0.009417,0.571646,0.165587,0.058036,18.438903,below_average
367691,0.139037,0.026941,0.645634,0.047918,0.328704,17.453848,below_average
377813,0.140224,0.038069,0.506448,0.020644,0.085657,20.066593,below_average
256055,0.165146,0.061788,0.734136,0.082853,0.265779,20.091954,below_average
254611,0.156715,0.068962,0.745131,-0.022839,0.301867,17.031616,below_average
269141,0.240062,0.019694,0.766362,-0.017443,0.516406,16.167498,below_average
312078,0.027949,0.053393,0.758622,0.111088,0.355903,16.778818,below_average
231078,0.124843,0.071682,0.66895,0.053541,0.459418,19.503677,below_average
257986,0.199606,0.010774,0.760162,0.179277,0.137519,16.09497,below_average
335033,0.03034,0.069081,0.606866,0.184952,0.314585,19.188524,below_average
306439,0.255221,0.011291,0.668378,0.093986,0.071281,16.563284,below_average
312871,0.053322,0.003353,0.389624,0.190295,0.450078,16.751188,below_average
162646,0.094283,0.027738,0.570355,0.151987,0.241968,17.947281,below_average
277640,0.030639,0.009782,0.361176,0.154396,0.227067,19.41516,below_average
126503,0.206371,0.036417,0.639445,0.108042,0.161477,20.266522,below_average
173309,0.111817,0.004084,0.420432,0.178991,0.079654,21.087159,below_average
258821,0.132931,0.019954,0.384239,0.017302,0.586458,15.953269,below_average
262001,0.263504,0.046918,0.630371,0.170945,0.355145,17.520786,below_average
227150,0.182536,0.033271,0.534756,0.033585,0.027057,16.188364,below_average
275161,0.095605,0.021881,0.677224,-0.024818,0.246603,21.175137,below_average
170647,0.097077,0.001685,0.735306,0.031864,0.223566,16.461971,below_average
317400,0.174761,0.049188,0.574377,0.17563,0.099511,16.790818,below_average
146232,0.24781,0.065957,0.748358,-0.009538,0.376501,17.601883,below_average
178031,0.190158,0.008858,0.431516,0.003922,0.071794,19.38043,below_average
310350,0.1126,0.054097,0.36039,-0.035804,0.106846,20.506418,below_average
172882,0.052098,0.042314,0.627721,0.150646,0.052123,16.606164,below_average
125306,0.21836,0.050099,0.742091,0.062502,0.341134,18.989397,below_average
307834,0.118059,0.068033,0.55361,0.181587,0.253848,18.810177,below_average
242781,0.040906,0.018885,0.54338,0.01833,0.352716,16.18803,below_average
186086,0.092747,0.071498,0.354963,-0.010049,0.31516,16.709979,below_average
163166,0.052052,0.031067,0.725828,0.142309,0.059462,15.811515,below_average
279322,0.099713,0.069485,0.497286,0.153222,0.490087,18.878169,below_average
156926,0.038676,0.055336,0.488567,0.047844,0.278657,16.571976,below_average
248390,0.118732,0.005189,0.440845,0.047494,0.176946,20.941006,below_average
211236,0.225346,0.002092,0.40323,0.193529,0.258491,19.555465,below_average
346930,0.14944,0.019222,0.544908,-0.011083,0.254087,17.401527,below_average
289204,0.218345,0.053791,0.677185,0.000697,0.522313,16.229283,below_average
235488,0.051822,0.000825,0.565683,0.062718,0.568364,15.986529,below_average
179716,0.084876,0.002108,0.456189,0.098943,0.148965,18.835756,below_average
278694,0.058162,0.046927,0.623172,-0.059883,0.587748,21.030717,below_average
181535,0.098684,0.006963,0.745868,0.190579,0.416607,18.93734,below_average
327365,0.13438,0.00266,0.350821,0.109352,0.066371,19.305105,below_average
233016,0.124062,0.048661,0.464111,0.146155,0.186792,20.789139,below_average
133689,0.235367,0.023333,0.46427,0.139183,0.40312,18.509951,below_average
172628,0.137273,0.02394,0.597094,0.190064,0.153706,20.481342,below_average
372552,0.024367,0.044509,0.377048,0.076075,0.47772,19.646617,below_average
328377,0.051086,0.006233,0.708877,0.181629,0.537873,20.986009,below_average
374348,0.121523,0.01105,0.456727,0.080441,0.170385,16.002774,below_average
364062,0.1092,0.017342,0.353537,0.052073,0.087591,16.351543,below_average
175318,0.032119,0.047722,0.76404,-0.013515,0.311631,18.991896,below_average
100473,0.036579,0.024658,0.713957,0.069844,0.260179,17.100156,below_average
236507,0.221986,0.010308,0.605186,0.030411,0.047038,19.931492,below_average
192084,0.159172,0.004882,0.566108,0.007025,0.461564,19.048642,below_average
233711,0.235044,0.01734,0.618282,0.153343,0.155766,18.050531,below_average
162585,0.050259,0.049421,0.576521,0.186955,0.090581,19.602051,below_average
173900,0.136905,0.050006,0.383759,0.029085,0.606525,16.527495,below_average
301804,0.146595,0.027346,0.771093,0.20867,0.091951,18.359854,below_average
326030,0.223572,0.010678,0.744438,0.098152,0.198867,17.216416,below_average
269841,0.10457,0.033668,0.389963,0.03346,0.528727,16.275435,below_average
109719,0.032393,0.030507,0.678794,0.123547,0.547418,15.970034,below_average
129066,0.179943,0.060492,0.709188,0.044748,0.053326,19.977587,below_average
192287,0.08978,0.05997,0.766391,-0.030663,0.179381,17.126403,below_average
297894,0.22386,0.04077,0.472412,-0.057533,0.317305,19.773716,below_average
168568,0.065751,0.026148,0.477034,0.209173,0.26833,18.752991,below_average
126370,0.247785,0.053978,0.661184,0.146915,0.183577,19.708582,below_average
195738,0.112688,0.032487,0.708812,-0.005827,0.358257,19.943537,below_average
209935,0.265704,0.029329,0.616615,0.047993,0.071053,19.600768,below_average
196658,0.141546,0.064566,0.356813,0.018888,0.242664,17.074895,below_average
260293,0.143383,0.071903,0.410565,0.163775,0.60339,18.610847,below_average
314675,0.119327,0.067159,0.595277,0.14991,0.515799,15.540876,below_average
205728,0.063938,0.057736,0.42347,-0.004646,0.450496,19.987759,below_average
189588,0.103197,0.02482,0.479632,0.122249,0.543167,19.042053,below_average
341554,0.052816,0.064076,0.761796,0.038684,0.061555,16.611736,below_average
297063,0.222751,-0.000458,0.735088,-0.011707,0.030495,15.716345,below_average
333781,0.236771,0.053998,0.633808,0.203911,0.45922,17.734636,below_average
322717,0.082013,0.009919,0.712671,0.060357,0.178476,17.101001,below_average
351529,0.026556,0.015064,0.713561,0.178632,0.516463,21.015027,below_average
358500,0.12604,0.04865,0.471014,0.106878,0.27211,15.430659,below_average
177308,0.044294,0.066351,0.534351,0.129474,0.308612,16.061416,below_average
108554,0.054196,0.066922,0.564155,0.160918,0.503825,18.281938,below_average
380236,0.150598,0.065989,0.574229,0.011795,0.278052,19.162936,below_average
342775,0.22982,0.026998,0.724517,0.029651,0.25542,20.278128,below_average
290489,0.193571,0.018804,0.388846,0.106918,0.349527,18.108033,below_average
119701,0.109654,0.028261,0.923548,0.02506,0.36319,16.779097,excellent
103231,0.063868,0.000671,0.824114,0.100197,0.32015,17.475647,excellent
100237,0.057651,0.032484,0.86939,0.045539,0.356044,15.684806,excellent
366254,0.025817,0.013344,0.512827,0.111273,0.346583,17.800661,excellent
369286,0.103263,0.032165,0.875843,0.024713,0.083048,16.879607,excellent
171302,0.044762,0.031551,0.671258,0.083648,0.009261,17.054781,excellent
115972,0.023703,0.0162,0.668643,0.147075,0.508341,15.436794,excellent
247111,0.070452,0.004524,0.698638,0.182284,0.500834,15.968285,excellent
131185,0.101645,0.014768,0.402367,0.042741,0.109164,16.299693,excellent
209543,0.030425,0.007925,0.405726,0.253332,0.078463,18.444632,excellent
360857,0.048837,0.03507,0.517384,0.15866,0.338772,17.50645,excellent
247798,0.077775,0.004962,0.704114,0.122731,0.06541,16.194488,excellent
308480,0.049395,0.01791,0.489367,0.146159,0.210103,16.821119,excellent
189556,0.044341,0.007996,0.802757,0.221302,0.054744,17.197488,excellent
398664,0.102137,0.031577,0.423586,0.223016,0.12874,16.648173,excellent
106299,0.049739,0.03429,0.558013,0.250814,0.332311,15.60236,excellent
263718,0.016778,0.010324,0.855269,0.209175,0.162659,17.351358,excellent
301611,0.040548,0.001495,0.778852,0.172748,0.137344,17.749875,excellent
333481,0.032975,0.023792,0.914131,-0.021578,0.319864,15.626814,excellent
197281,0.019133,0.004403,0.374336,0.202702,0.211882,15.922655,excellent
223580,0.121856,0.032795,0.466961,-0.045369,0.487498,18.986781,excellent
323306,0.097581,0.02021,0.414254,0.214126,0.140439,16.624827,excellent
126364,0.115035,0.006742,0.878876,0.025266,0.178488,18.579886,excellent
285193,0.091154,0.013121,0.926295,0.188325,0.418659,16.151431,excellent
269248,0.115041,0.021215,0.599722,0.043495,0.311012,18.48251,excellent
350932,0.024187,0.000698,0.529954,0.087247,0.446516,18.792275,excellent
170608,0.105409,0.032766,0.704369,0.035395,0.299657,17.255619,excellent
367428,0.051566,0.011555,0.406615,0.139708,0.227861,16.79705,excellent
127930,0.028066,0.03183,0.652728,0.178389,0.339636,17.697898,excellent
167089,0.107349,0.001126,0.355969,0.111732,0.139119,16.142154,excellent
286945,0.102693,0.026436,0.490485,0.153768,0.070083,16.31352,excellent
192489,0.075618,0.029294,0.690218,0.14048,0.301085,16.872225,excellent
109821,0.118351,0.010743,0.703374,0.135641,0.072792,15.434855,excellent
179602,0.098722,0.003029,0.571653,0.213481,0.240989,18.616531,excellent
118349,0.040064,0.020062,0.877091,0.01759,0.494233,18.41766,excellent
320086,0.110112,0.038291,0.622254,0.078539,0.037938,17.389173,excellent
344400,0.109014,0.039024,0.589075,0.101941,0.354178,16.235843,excellent
314735,0.068141,0.028321,0.67125,0.098163,0.379303,19.228303,excellent
315720,0.02995,0.030382,0.843736,0.216219,0.351576,18.362933,excellent
173449,0.079406,0.000954,0.576625,0.133139,0.383539,18.804601,excellent
240539,0.10395,0.016522,0.467636,0.117684,0.50231,18.213119,excellent
382985,0.0888,0.007853,0.815866,0.067954,0.413366,17.748905,excellent
278438,0.1046,0.03195,0.362736,0.048971,0.20393,17.220343,excellent
323830,0.102394,0.0254,0.367288,-0.006305,0.127492,15.660569,excellent
245045,0.054321,0.011355,0.396652,0.110404,0.195332,16.446895,excellent
258324,0.043197,0.037569,0.532301,0.121721,0.04085,16.51337,excellent
168017,0.028169,0.021349,0.362276,0.16775,0.109021,16.688794,excellent
199860,0.025537,0.03665,0.401961,0.028636,0.145797,15.533896,excellent
371622,0.104011,0.030214,0.802615,0.167355,0.09369,18.631641,excellent
268323,0.081917,0.013764,0.588309,0.039964,0.076257,17.550331,excellent
253401,0.103424,0.003286,0.559672,-0.032084,0.166198,15.98644,excellent
105505,0.070563,0.014086,0.359352,0.17958,0.404875,18.816232,excellent
204126,0.084838,0.033141,0.854215,0.145592,0.315606,17.202078,excellent
112103,0.064373,0.040192,0.457905,0.031783,0.432752,17.318169,excellent
157656,0.013581,0.022826,0.728945,0.069008,0.148169,15.846172,excellent
282191,0.097654,0.038179,0.775545,0.128133,0.11202,17.120851,excellent
180778,0.119697,0.035552,0.621014,0.20739,0.037046,17.113116,excellent
149796,0.039502,0.034952,0.876709,-0.002916,0.334728,15.497919,excellent
214222,0.025493,0.015526,0.426664,0.058312,0.176746,16.724433,excellent
271432,0.113719,0.001831,0.736401,0.068948,0.224644,18.356899,excellent
194609,0.065977,0.022418,0.465012,-0.018157,0.344547,15.963367,excellent
248932,0.074474,0.000608,0.810643,0.019056,0.348711,16.043567,excellent
268452,0.064185,0.035067,0.665081,0.045868,0.162798,15.71223,excellent
234475,0.07388,0.010298,0.633013,0.24713,0.263006,17.933062,excellent
191060,0.023182,7.7e-05,0.690556,0.12474,0.259338,19.243548,excellent
324854,0.062447,0.030169,0.60833,0.016479,0.076455,15.958685,excellent
238465,0.101811,0.032203,0.592876,0.098744,0.096314,17.988908,excellent
367226,0.115478,0.027962,0.364935,0.11402,0.462195,17.846799,excellent
391173,0.093589,0.014563,0.672559,0.245936,0.04274,19.039039,excellent
265764,0.094762,0.028827,0.354307,0.085682,0.169815,18.33766,excellent
221343,0.031873,0.010148,0.579255,0.085215,0.014073,17.283285,excellent
298248,0.119652,0.004088,0.724403,0.084084,0.315418,17.972866,excellent
107688,0.042431,0.02131,0.635467,0.068864,0.124829,18.854967,excellent
333573,0.032282,0.02891,0.452845,-0.020922,0.40298,17.1545,excellent
261319,0.058506,0.037443,0.386756,0.246972,0.200928,15.639731,excellent
362246,0.113815,0.034082,0.750092,-0.004558,0.239825,16.400651,excellent
189024,0.052836,0.00692,0.484634,0.227927,0.374665,15.874741,excellent
115103,0.016018,0.011383,0.720716,-0.034115,0.499669,17.961589,excellent
308280,0.094766,0.033159,0.722479,0.122437,0.49447,15.451643,excellent
186574,0.068821,0.040353,0.692875,0.122775,0.201643,15.610389,excellent
231064,0.021246,0.016839,0.635137,0.228984,0.335658,15.933101,excellent
288068,0.072278,0.038679,0.860072,-0.030594,0.116469,18.088388,excellent
198664,0.072026,0.01088,0.465058,0.235525,0.491141,17.53604,excellent
188149,0.041418,0.019047,0.48791,-0.026591,0.141571,16.524085,excellent
359601,0.065818,0.032534,0.832148,-0.008724,0.320868,18.075721,excellent
283562,0.114452,0.029186,0.728151,0.186348,0.295613,15.788085,excellent
201135,0.037882,0.031517,0.502108,0.000268,0.084326,17.048492,excellent
389321,0.013895,0.036766,0.483467,-0.03102,0.10797,19.069122,excellent
226254,0.081727,0.025153,0.529534,-0.005564,0.114506,18.359748,excellent
312597,0.073879,0.006485,0.899278,0.099097,0.042939,16.349531,excellent
297092,0.031951,0.02556,0.49569,0.089217,0.301065,18.521687,excellent
382445,0.095122,0.000685,0.580574,0.136149,0.36996,16.957337,excellent
259338,0.101716,0.031658,0.412942,0.107672,0.04695,18.486927,excellent
376535,0.089552,0.020366,0.389721,0.005416,0.323422,16.401369,excellent
257420,0.09481,0.029104,0.739755,-0.001994,0.030805,15.530438,excellent
110979,0.019069,0.033964,0.556158,0.023601,0.499399,18.831366,excellent
187412,0.075743,0.039345,0.895797,0.041377,0.457036,17.178983,excellent
398671,0.104202,0.004393,0.860009,0.094819,0.170321,19.129198,excellent
354973,0.037733,0.019529,0.912948,-0.041485,0.146601,15.725723,excellent
278529,0.06621,0.004628,0.845201,0.081324,0.284912,15.632008,excellent
375661,0.11898,0.014558,0.377211,0.114739,0.073829,17.744181,excellent
288485,0.026973,0.007597,0.669369,-0.003407,0.160991,17.73899,excellent
105719,0.052796,0.000927,0.804092,-0.027827,0.059,17.603399,excellent
366066,0.045558,0.000795,0.411774,-0.021823,0.45228,18.5157,excellent
364193,0.02181,0.001928,0.830057,0.257593,0.165841,16.396383,excellent
395742,0.084097,0.035578,0.651906,0.084871,0.031653,17.30016,excellent
189340,0.039935,0.026016,0.378317,0.014854,0.157638,16.622111,excellent
319856,0.044855,0.025768,0.768429,-0.031703,0.016141,16.247192,excellent
200861,0.072176,0.0141,0.507641,0.105905,0.043993,17.604685,excellent
343911,0.050923,0.038901,0.778613,0.16375,0.29318,17.440249,excellent
204510,0.066154,0.003399,0.443713,0.107773,0.051181,16.225896,excellent
310951,0.026622,0.028844,0.600366,0.024651,0.191989,18.600507,excellent
269056,0.090556,0.037468,0.707038,0.089437,0.39587,16.418617,excellent
120769,0.106832,0.020167,0.576548,0.229139,0.106179,19.099688,excellent
181124,0.10893,0.010704,0.891282,0.152605,0.505003,16.544586,excellent
115583,0.061261,0.013095,0.607118,0.165106,0.080459,18.992582,excellent
258479,0.029922,0.033633,0.932337,0.134907,0.255672,16.758587,excellent
342401,0.01421,0.0371,0.67419,0.092224,0.314914,17.352438,excellent
147592,0.035003,0.026142,0.892184,0.185272,0.055755,19.094094,excellent
331114,0.115988,0.011458,0.433376,0.061874,0.121518,15.659247,excellent
292246,0.026457,0.009698,0.678774,0.163563,0.322819,18.079345,excellent
218373,0.117061,0.012587,0.396599,0.197558,0.201779,16.216586,excellent
180719,0.101796,0.004325,0.514228,0.154267,0.109656,19.249192,excellent
330140,0.04054,0.040285,0.685539,0.228547,0.375553,17.288964,excellent
360739,0.018632,0.008347,0.826078,0.189023,0.311971,18.182374,excellent
141126,0.088445,0.057333,0.58216,0.177753,0.374932,18.818966,good
268727,0.167749,0.022479,0.585915,0.211333,0.415462,16.177509,good
162866,0.048912,0.058884,0.778156,0.007484,0.06239,16.398579,good
188356,0.03296,0.050555,0.738531,-0.028942,0.389023,17.63495,good
179359,0.120339,0.004574,0.410471,-0.064286,0.071822,18.32266,good
350801,0.02156,0.011073,0.418877,0.20572,0.297221,17.756291,good
333504,0.117277,0.007053,0.412498,0.057696,0.449662,16.886094,good
265993,0.143245,0.049762,0.542622,0.140396,0.341308,19.229453,good
198482,0.136948,0.038425,0.442592,0.059731,0.285679,16.790349,good
386084,0.020804,0.006444,0.380747,0.122749,0.078939,19.182706,good
388977,0.076226,0.028708,0.833761,-0.003936,0.263046,16.276795,good
118085,0.112753,0.04985,0.667308,0.24466,0.16396,16.586412,good
272125,0.1723,0.009216,0.687268,0.18795,0.07535,16.362033,good
138728,0.174219,0.057095,0.443126,0.366729,0.395312,16.485164,good
101823,0.15371,0.03544,0.470297,0.091011,0.376691,19.293479,good
357311,0.144987,0.047477,0.429566,0.347108,0.355294,18.648885,good
337084,0.130637,0.044574,0.745583,0.299501,0.34348,18.077717,good
247756,0.11696,0.01387,0.702313,0.31896,0.163199,17.005056,good
128745,0.11131,0.057955,0.509985,0.079185,0.193599,18.195466,good
278214,0.060291,0.02042,0.739514,-0.05078,0.360354,16.948202,good
132922,0.160978,0.023755,0.793288,-0.047283,0.459654,18.044976,good
217772,0.155653,0.015248,0.841251,0.172319,0.419631,17.786237,good
201032,0.140585,0.053432,0.707985,0.105058,0.289246,16.269311,good
167948,0.017362,0.031218,0.758242,0.290792,0.389534,18.594106,good
398238,0.118732,0.024757,0.481539,0.144708,0.234671,15.876541,good
158772,0.021044,0.049841,0.633896,-0.017549,0.183928,17.869269,good
124495,0.02973,0.049906,0.804144,-0.013575,0.159043,18.178701,good
138658,0.138384,0.0344,0.479316,0.027283,0.244636,16.641951,good
281095,0.130772,0.001266,0.351978,0.183255,0.158436,18.643578,good
108918,0.152355,0.019877,0.786066,-0.031343,0.137299,18.505848,good
117197,0.132736,0.035787,0.596312,0.266114,0.026116,16.243278,good
242210,0.064056,0.046524,0.579257,0.157805,0.242369,17.888803,good
235837,0.059569,0.05422,0.398977,0.327622,0.318668,16.470781,good
209148,0.077193,0.044927,0.349323,0.019391,0.184322,17.28523,good
117688,0.099083,0.021943,0.523911,-0.070599,0.448378,16.781,good
270079,0.094757,0.023198,0.600637,-0.04679,0.431069,16.960906,good
151528,0.01947,0.020841,0.619049,0.363577,0.387585,18.822275,good
375656,0.037765,0.017738,0.641279,0.120738,0.352779,16.234075,good
197776,0.128533,0.044202,0.625571,0.004103,0.320972,17.609482,good
391770,0.148188,0.03339,0.824405,-0.031388,0.452495,17.892148,good
250558,0.104478,0.013925,0.413887,0.154802,0.149611,19.211887,good
159647,0.106765,0.003788,0.464804,0.146178,0.103007,17.634062,good
190909,0.084761,0.033748,0.509958,0.367972,0.039736,17.781784,good
218272,0.115524,0.015659,0.567159,0.089572,0.287303,16.482813,good
266647,0.14553,0.025324,0.609779,0.319579,0.323411,18.431144,good
302260,0.123542,0.003344,0.455502,0.355361,0.103917,16.457121,good
167812,0.030167,0.055786,0.576377,0.358213,0.090384,16.855134,good
253097,0.086912,0.004985,0.842684,0.154187,0.325225,16.793573,good
397614,0.023094,0.032291,0.748519,0.207183,0.39784,16.968227,good
147034,0.170564,0.047909,0.484464,0.289015,0.070651,18.574647,good
171355,0.137483,0.008563,0.369411,0.374196,0.146858,19.066379,good
397708,0.136451,0.046947,0.79958,0.31674,0.171168,16.710489,good
390903,0.038959,0.043217,0.629981,0.067633,0.179018,16.234795,good
232377,0.169247,0.051068,0.34656,0.160151,0.431599,19.341077,good
125919,0.088527,0.018292,0.786459,0.277786,0.235807,16.895165,good
179363,0.141097,0.052968,0.496773,0.125997,0.140192,16.43472,good
294001,0.135556,0.045127,0.362835,0.277141,0.031186,17.414269,good
244371,0.05425,0.014318,0.707504,0.198688,0.1513,15.815418,good
105874,0.169127,0.055655,0.419413,0.161129,0.120787,16.472239,good
311129,0.096233,0.047168,0.545353,0.263398,0.082166,18.915978,good
228713,0.163959,0.045141,0.4769,0.216706,0.138082,16.365119,good
369188,0.110896,0.057274,0.687348,0.110406,0.350625,17.462691,good
362692,0.081627,0.030326,0.604953,0.250515,0.194251,17.198291,good
159174,0.146106,0.050616,0.675634,0.16101,0.424002,18.277305,good
325329,0.075867,0.027338,0.408026,0.328529,0.369284,15.920651,good
152736,0.055983,0.001584,0.616615,-0.02344,0.224285,19.350134,good
330587,0.037342,0.054713,0.706752,0.041032,0.300069,16.72245,good
215646,0.172254,0.023674,0.553569,0.159208,0.445406,17.638366,good
400152,0.079377,0.017832,0.571007,0.17992,0.386926,15.981456,good
298022,0.086102,0.006292,0.757379,0.286266,0.339515,17.609475,good
160934,0.143622,0.011766,0.355115,0.115492,0.397818,16.351264,good
231403,0.040952,0.047624,0.554436,0.038523,0.210904,19.010018,good
273919,0.022237,0.017632,0.506734,0.006361,0.107781,18.375909,good
264352,0.160673,0.052282,0.799481,0.151205,0.071751,19.464647,good
180469,0.079973,0.013044,0.750536,0.006497,0.080769,18.91681,good
282600,0.170296,0.031005,0.343311,0.274372,0.08902,16.619289,good
329811,0.142406,0.043066,0.770049,0.006404,0.331488,17.233102,good
240546,0.088238,0.036992,0.476517,-0.005962,0.294417,18.823984,good
386461,0.161994,0.007402,0.798227,-0.002128,0.138643,15.997661,good
388537,0.16746,0.03534,0.349666,-0.05208,0.359326,18.97879,good
100064,0.043041,0.059002,0.817762,0.200977,0.313966,17.592981,good
341359,0.08705,0.045681,0.525551,0.035115,0.422742,16.441713,good
386934,0.114974,0.030808,0.522256,0.158298,0.212408,17.011625,good
114827,0.125999,0.033803,0.772153,0.289096,0.383073,18.467995,good
130735,0.070527,0.028148,0.825026,0.257473,0.101724,18.582418,good
300249,0.079057,0.03939,0.345349,0.152487,0.087124,16.835348,good
268926,0.060681,0.051014,0.744418,0.293406,0.252396,17.89812,good
119639,0.044648,0.002782,0.787295,0.03075,0.296273,16.999632,good
104915,0.062535,0.00146,0.764936,0.033394,0.230133,19.09932,good
344916,0.114235,0.040085,0.772387,0.253616,0.346978,18.608815,good
136722,0.125444,0.034163,0.697622,0.381484,0.292464,15.889572,good
210476,0.068974,0.04375,0.595945,-0.006497,0.129777,18.730741,good
125407,0.135601,0.038415,0.545885,0.072937,0.306291,18.712572,good
184282,0.100658,0.001975,0.712164,0.167292,0.13143,16.757596,good
349045,0.139012,0.009672,0.42411,-0.022413,0.138277,17.676261,good
340991,0.102988,0.056723,0.807812,0.066045,0.355923,17.632054,good
202367,0.118066,0.046032,0.794839,0.293856,0.059752,16.919933,good
279418,0.074142,0.040414,0.56345,0.352631,0.422061,17.001944,good
290028,0.157394,0.011051,0.593994,0.104885,0.063912,16.499986,good
254161,0.016146,0.046401,0.533939,0.032897,0.302813,17.601186,good
222207,0.054878,0.033936,0.693411,0.126764,0.203329,17.346988,good
234009,0.135667,0.034516,0.674403,-0.040026,0.355515,18.145718,good
259408,0.135338,0.053287,0.393103,0.162591,0.112123,18.801348,good
251629,0.044783,0.047407,0.764172,0.253306,0.195038,19.396998,good
184516,0.166866,0.012274,0.826488,-0.04241,0.136196,16.821312,good
313092,0.033112,0.046316,0.499251,0.173478,0.037742,18.054471,good
244133,0.050319,0.013003,0.69962,0.084895,0.405872,15.767178,good
230197,0.168681,0.019644,0.794206,0.245227,0.205196,17.075866,good
176160,0.124441,0.039739,0.637573,0.335816,0.428606,18.710875,good
107306,0.027257,0.018539,0.424821,0.22673,0.331078,19.002153,good
121410,0.148158,0.037367,0.367841,0.293562,0.070545,17.703365,good
122390,0.175412,0.045391,0.414597,0.19379,0.349674,17.871449,good
393828,0.143007,0.03062,0.856968,0.379703,0.167247,19.347578,good
345396,0.039048,0.004819,0.416305,0.262792,0.313032,19.343586,good
301285,0.062881,0.02261,0.677298,0.237272,0.261195,19.019741,good
216841,0.130909,0.03955,0.35864,-0.020719,0.448152,16.100549,good
194261,0.127166,0.003526,0.766847,-0.023708,0.23386,17.176155,good
218499,0.04771,0.013394,0.38464,0.142714,0.271031,18.171259,good
133623,0.081936,0.045835,0.553544,0.124608,0.314305,18.11799,good
202795,0.096388,0.009282,0.701141,0.198059,0.188116,15.82101,good
265140,0.064037,0.005146,0.729027,0.269361,0.110831,16.770204,good
223771,0.099829,0.057023,0.791465,0.132807,0.259818,18.371716,good
192190,0.037769,0.004588,0.636064,0.36962,0.060269,17.170151,good
206433,0.085339,0.028936,0.689005,0.306209,0.084816,15.967986,good
269348,0.168812,0.033666,0.600872,0.337199,0.044563,18.447268,good
213268,0.057502,0.001817,0.571251,0.154804,0.180977,18.493163,good
337719,0.097257,0.02412,0.637423,0.264172,0.45137,19.392603,good
295998,0.128424,0.049128,0.803687,0.104722,0.18619,18.065348,good
371747,0.111126,0.036019,0.504604,0.021689,0.105085,17.925454,good
250200,0.110579,0.006108,0.836371,0.103627,0.421596,17.328962,good
148064,0.173557,0.056559,0.58647,0.080514,0.38165,16.581367,good
299117,0.172066,0.0424,0.791916,0.293914,0.047748,16.990203,good
264981,0.071835,0.007701,0.604097,0.303259,0.377079,17.759208,good
192333,0.13383,0.009442,0.711721,0.158195,0.280888,17.157097,good
154085,0.084711,0.057211,0.545388,0.237394,0.221512,18.293772,good
193604,0.031643,0.049555,0.610236,0.114513,0.265196,16.54993,good
337783,0.132306,0.020264,0.788159,0.308286,0.085302,17.624995,good
158888,0.151974,0.018162,0.610959,0.312037,0.343927,18.401481,good
392227,0.153425,0.031335,0.575678,0.344025,0.247388,19.33742,good
110267,0.066157,0.034632,0.855192,-0.027317,0.2289,18.66369,good
351726,0.12465,0.011933,0.559291,0.196277,0.359647,18.654935,good
108337,0.148634,0.026396,0.375567,0.368866,0.207794,17.923662,good
307974,0.134082,0.038088,0.662137,0.091277,0.189948,17.52021,good
265953,0.160381,0.021012,0.591839,0.10265,0.195632,17.924102,good
384374,0.070546,0.008567,0.438469,0.269638,0.163425,15.779357,good
329934,0.039791,0.017547,0.505506,0.363053,0.24427,16.456575,good
364695,0.048455,0.008514,0.671722,0.17721,0.299735,16.381099,good
363498,0.122296,0.04099,0.697767,-0.059958,0.065355,17.439098,good
175172,0.161749,0.029956,0.813068,0.033591,0.070103,18.715765,good
368456,0.121284,0.043122,0.630815,0.043522,0.159417,18.890634,good
364859,0.134403,0.019307,0.471554,0.30577,0.025537,19.057756,good
112122,0.066726,0.031236,0.3413,0.2094,0.419824,19.125059,good
249132,0.096423,0.021916,0.545752,0.231264,0.442213,15.955835,good
303305,0.044284,0.021863,0.569414,0.215673,0.308711,19.432129,good
242330,0.067978,0.044694,0.563023,0.21788,0.040493,15.71259,good
316600,0.145287,0.036219,0.631642,0.382071,0.082896,19.4736,good
284039,0.135105,0.017259,0.84918,0.301775,0.099294,18.918137,good
283901,0.138705,0.016456,0.495627,-0.065506,0.41835,19.319751,good
319953,0.136177,0.01272,0.828696,-0.05461,0.132476,19.416135,good
356282,0.015405,0.01221,0.445244,0.368981,0.103103,16.856105,good
367657,0.101908,0.038749,0.516101,-0.052872,0.038553,16.626283,good
276821,0.114301,0.039192,0.357266,0.229311,0.103097,16.310733,good
401796,0.016059,0.031946,0.687068,0.173644,0.416285,19.29794,good
133298,0.078712,0.012132,0.412559,0.240977,0.104841,16.811213,good
185903,0.164332,0.031157,0.348386,-0.005687,0.366317,18.492267,good
355235,0.139779,0.055439,0.629389,0.169833,0.286896,16.024822,good
116995,0.03669,0.049113,0.736848,0.205728,0.250462,17.39083,good
388079,0.080189,0.05707,0.762373,0.350024,0.462055,18.556059,good
107203,0.042012,0.032086,0.344122,-0.065662,0.180021,16.021672,good
120396,0.087347,0.016656,0.826337,0.075529,0.305088,17.530107,good
209221,0.097577,0.004718,0.516127,0.248537,0.442778,16.801171,good
209486,0.154593,0.003862,0.648144,-0.008945,0.278596,17.321428,good
265044,0.061031,0.052727,0.44837,0.07368,0.026662,16.455506,good
193333,0.079288,0.024967,0.420245,0.185763,0.239257,16.54555,good
399920,0.1605,0.006735,0.457379,0.312143,0.090398,18.971866,good
392716,0.061671,0.027304,0.709379,0.31983,0.18398,16.175301,good
179874,0.084799,0.031965,0.638622,0.350034,0.045723,19.347758,good
324286,0.062594,0.046483,0.807927,0.210412,0.139677,18.444227,good
152705,0.08312,0.033021,0.760573,0.075336,0.321252,17.897825,good
176276,0.138363,0.016309,0.628928,0.009374,0.376899,18.83849,good
362793,0.05696,0.012111,0.722763,-0.005996,0.19706,18.609844,good
379438,0.023656,0.002024,0.617316,0.25776,0.395032,19.419729,good
369257,0.15556,0.037935,0.612656,0.080591,0.084177,17.988339,good
137787,0.082101,0.029774,0.419541,-0.036386,0.343066,18.613802,good
401986,0.082891,0.043391,0.522913,0.287323,0.211307,18.388942,good
293386,0.048991,0.034543,0.622073,0.15837,0.313288,17.556039,good
345536,0.032293,0.055282,0.794629,0.110353,0.099516,19.034412,good
362984,0.092753,0.053792,0.743229,-0.039929,0.141657,17.211268,good
299380,0.162043,0.029952,0.83306,0.127609,0.455981,16.815478,good
293986,0.108763,0.02807,0.408711,0.381424,0.033931,16.85938,good
342176,0.059717,0.039222,0.805279,0.024119,0.395471,18.060752,good
201548,0.109012,0.026633,0.408456,0.205868,0.064608,16.811038,good
222256,0.088964,0.027035,0.383199,0.136157,0.465285,16.729136,good
363277,0.052021,0.058332,0.788708,0.0008,0.321961,19.36272,good
108610,0.057372,0.002402,0.542988,0.240827,0.191156,18.181528,good
223312,0.102474,0.045811,0.841217,0.348022,0.458332,19.119889,good
360711,0.023739,0.021917,0.811775,0.279139,0.408782,16.62439,good
399492,0.105289,0.03178,0.60865,0.189053,0.331621,16.875994,good
330897,0.139308,0.018315,0.67985,0.294253,0.261851,18.778672,good
205057,0.022311,0.021862,0.750593,0.359521,0.274441,15.701901,good
131324,0.031607,0.022774,0.397168,0.286217,0.158808,16.110848,good
373947,0.139534,0.020308,0.50985,0.1831,0.411132,16.908574,good
220882,0.024235,0.057522,0.704726,0.068593,0.171678,18.149345,good
192494,0.022122,0.056659,0.82971,0.10844,0.170787,19.236828,good
128363,0.1393,0.03289,0.67034,0.0119,0.195989,18.574695,good
392627,0.045504,0.021706,0.378111,0.102349,0.187693,17.228645,good
322192,0.096801,0.04555,0.4226,0.372891,0.20643,18.962562,good
146192,0.131234,0.057738,0.757935,-0.034359,0.324009,19.087771,good
321312,0.04195,0.02926,0.547817,0.163048,0.143925,18.380083,good
263740,0.067403,0.009279,0.475874,0.063422,0.382263,16.786119,good
349946,0.027657,0.046115,0.74349,0.044465,0.403593,17.5432,good
196830,0.085693,0.04408,0.576408,0.366272,0.325301,16.134658,good
112847,0.091095,0.053315,0.439371,0.120836,0.212097,18.211026,good
260883,0.038355,0.024156,0.564006,0.02146,0.402141,18.554451,good
300899,0.027012,0.002813,0.376366,0.250595,0.162963,16.926843,good
192066,0.021357,0.013285,0.546894,0.214781,0.422323,18.620942,good
387676,0.143384,0.016923,0.62914,0.266753,0.287487,19.076213,good
250652,0.036974,0.027699,0.473774,-0.060689,0.101066,17.027721,good
162058,0.093952,0.011296,0.554107,-0.056666,0.08459,17.79923,good
366645,0.061504,0.037917,0.71767,0.25531,0.320106,17.986742,good
156513,0.133243,0.006654,0.854965,0.144886,0.457224,15.799688,good
236854,0.094983,0.00225,0.779776,0.137974,0.231845,15.85967,good
196081,0.171815,0.026301,0.776485,0.159891,0.435951,18.960328,good
314311,0.143421,0.036261,0.613527,0.163893,0.211813,18.860685,good
198497,0.036137,0.039585,0.846117,0.318175,0.046698,19.020238,good
232587,0.095378,0.040715,0.56013,0.030646,0.255559,18.860246,good
230679,0.067323,0.047973,0.819082,0.253812,0.25531,18.095308,good
330923,0.08263,0.033758,0.852987,0.148111,0.404873,18.056413,good
129891,0.089244,0.057182,0.407978,0.320303,0.078631,17.469462,good
362074,0.016239,0.02882,0.693527,0.320893,0.12684,17.061647,good
163767,0.118541,0.018392,0.48139,0.128799,0.25873,16.151485,good
280614,0.103323,0.002491,0.615012,0.302382,0.127978,18.417499,good
147843,0.051068,0.037028,0.638301,0.09603,0.150358,17.661593,good
317774,0.176614,0.02248,0.790443,0.310369,0.425784,17.372398,good
290183,0.026081,0.049617,0.710716,0.341243,0.414214,18.455627,good
109571,0.104798,0.014939,0.555756,0.123021,0.135825,16.278463,good
395649,0.066675,0.021874,0.369764,0.277953,0.158621,16.149785,good
388825,0.100809,0.029945,0.528362,0.191241,0.314977,16.23619,good
183012,0.075822,0.042495,0.443086,-0.014828,0.4011,17.262074,good
392879,0.136176,0.023797,0.663013,0.109305,0.370037,17.80974,good
323532,0.074279,0.025931,0.856932,0.35336,0.029178,16.271448,good
359324,0.125835,0.002091,0.67397,0.346969,0.228841,16.602439,good
352244,0.024878,0.017218,0.490017,0.270333,0.06323,19.207261,good
364896,0.022715,0.014981,0.52893,0.22281,0.403476,19.27392,good
289190,0.117397,0.011776,0.750829,0.147519,0.085923,18.086456,good
201508,0.107247,0.055437,0.83213,0.148416,0.146803,16.253462,good
142603,0.147584,0.001454,0.750069,0.150789,0.155242,16.673864,good
181019,0.147191,0.054088,0.719488,0.094759,0.447924,16.583756,good
225443,0.02805,0.004911,0.496144,-0.048325,0.339482,17.607879,good
234437,0.113835,0.03538,0.425722,0.042217,0.190863,19.013683,good
395239,0.129866,0.048112,0.38845,0.083812,0.374122,16.606917,good
126109,0.149426,0.013814,0.485978,0.227658,0.168013,16.354137,good
356809,0.04477,0.046888,0.496909,0.157245,0.45953,17.125415,good
387111,0.150787,0.008583,0.358408,0.107177,0.409055,17.407407,good
170095,0.032476,0.009961,0.383822,-0.070768,0.095446,17.214869,good
200671,0.066255,0.05652,0.421074,0.174455,0.132038,17.156834,good
365733,0.110634,0.050041,0.371825,0.3037,0.38897,18.514045,good
204812,0.105257,0.015019,0.768044,0.068349,0.210906,19.145452,good
101624,0.072994,0.014907,0.676404,0.376487,0.231453,16.066735,good
312072,0.036385,0.032719,0.480702,0.042863,0.227544,16.464615,good
124127,0.146168,0.015362,0.809998,0.188942,0.076043,18.029362,good
143463,0.148555,0.029894,0.564618,0.094923,0.21381,19.3562,good
361187,0.052386,0.050974,0.819584,0.290208,0.223531,16.849825,good
205611,0.044976,0.053915,0.804546,0.301829,0.275003,16.886323,good
273975,0.03327,0.007632,0.655902,0.194533,0.141757,15.859636,good
156610,0.162676,0.027921,0.455882,0.301228,0.348165,17.853863,good
290322,0.029999,0.023877,0.705292,0.3188,0.367704,16.806429,good
241049,0.165835,0.034655,0.343657,0.098472,0.136309,16.338077,good
127043,0.048949,0.017849,0.441751,-0.043048,0.098262,19.004322,good
260258,0.13978,0.054594,0.703422,0.318637,0.228048,18.993682,good
231134,0.093782,0.026409,0.507336,0.238124,0.063385,16.172548,good
215252,0.03837,0.050241,0.375418,0.237029,0.047416,15.937605,good
226110,0.155286,0.014095,0.472106,0.289721,0.396036,17.496091,good
359363,0.036793,0.049396,0.512604,0.182684,0.055047,16.652848,good
346023,0.108068,0.047901,0.734881,-0.029485,0.458669,15.838518,good
264038,0.147431,0.028844,0.37066,0.374465,0.359107,16.102722,good
218330,0.032286,0.00977,0.659948,0.102171,0.029978,16.073856,good
212558,0.116083,0.039883,0.759614,0.137385,0.307939,17.856534,good
387577,0.061001,0.003775,0.816454,0.171219,0.390834,16.423144,good
132187,0.105308,0.005008,0.83523,0.342874,0.252837,18.499185,good
270944,0.087067,0.043061,0.836579,0.327873,0.422696,17.72276,good
306702,0.131666,0.005713,0.769608,-0.046217,0.290109,18.047727,good
141323,0.038356,0.025164,0.584547,0.19689,0.365526,17.445266,good
135102,0.1607,0.018143,0.462781,-0.044505,0.10306,18.960209,good
116564,0.05295,0.028413,0.707097,0.010784,0.329489,18.568499,good
233547,0.092297,0.036149,0.349773,0.283637,0.37035,16.23867,good
314934,0.03772,0.020217,0.676381,0.029347,0.30248,18.436662,good
146080,0.066718,0.05304,0.45437,0.292059,0.286377,18.656044,good
236160,0.150162,0.018935,0.739184,0.18611,0.256359,17.049293,good
231314,0.052836,0.019662,0.65239,0.292249,0.198931,16.255908,good
243893,0.173703,0.057524,0.508415,-0.024926,0.307256,16.899697,good
214670,0.050231,0.058661,0.719364,-0.036032,0.070943,18.120278,good
171519,0.061659,0.039541,0.817948,0.263984,0.247962,18.893269,good
318045,0.141271,0.025997,0.552987,0.220894,0.192327,15.723558,good
218506,0.050563,0.037508,0.392846,0.106005,0.443353,15.824428,good
221791,0.045956,0.029374,0.67357,-0.063825,0.373821,17.610246,good
393758,0.072954,0.020857,0.406775,-0.02449,0.317125,19.138367,good
183137,0.132111,0.008512,0.373365,0.031609,0.455238,19.318128,good
309981,0.17175,0.018186,0.564821,0.063582,0.163153,17.923563,good
124589,0.11501,0.031419,0.459745,-0.070903,0.15906,16.827379,good
365618,0.024223,0.025119,0.680815,-0.051113,0.281862,18.143726,good
191497,0.03092,0.046837,0.717056,-0.019063,0.314493,16.027058,good
117151,0.17612,0.041934,0.726517,0.115651,0.135668,19.411984,good
140058,0.143869,0.028016,0.52126,0.150629,0.165337,17.55476,good
118456,0.071318,0.013282,0.496726,0.370826,0.280865,18.404407,good
219493,0.158593,0.010867,0.777986,0.186456,0.455141,18.380602,good
229808,0.021896,0.045047,0.853198,-0.011193,0.380857,16.926615,good
120325,0.030967,0.038096,0.787628,0.031629,0.19031,15.768922,good
295165,0.12098,0.058922,0.801958,0.29003,0.457673,16.347508,good
200172,0.148543,0.025189,0.761599,0.292287,0.261758,17.33501,good
291679,0.157998,0.057575,0.406427,0.102118,0.175814,16.459466,good
244205,0.054953,0.055566,0.691954,0.162569,0.28409,18.094987,good
288893,0.025407,0.055416,0.776285,-0.068365,0.397607,19.189992,good
208539,0.134278,0.011266,0.83186,0.124655,0.407153,16.054979,good
259103,0.054484,0.021257,0.824342,0.336853,0.318004,18.766868,good
330937,0.146059,0.048759,0.773966,0.121609,0.175655,19.34911,good
230168,0.146883,0.052499,0.41715,0.020197,0.333778,17.299443,good
339568,0.111837,0.056695,0.57297,0.053179,0.335665,16.269921,good
303842,0.087439,0.017359,0.381208,0.292673,0.34523,18.771906,good
146652,0.02435,0.012169,0.454429,0.301782,0.38065,19.08834,good
353249,0.143818,0.014777,0.638768,0.069976,0.422728,18.46972,good
312030,0.031815,0.053313,0.753997,-0.046799,0.401122,15.882017,good
302872,0.017783,0.02643,0.820397,0.170036,0.350697,18.036929,good
216712,0.149782,0.008003,0.341724,0.068946,0.319174,16.559497,good
118168,0.165037,0.05203,0.418239,-0.006356,0.346876,17.395742,good
259893,0.09556,0.052174,0.36804,0.354404,0.363543,18.125458,good
111689,0.050624,0.051631,0.600013,0.109646,0.358674,17.14162,good
159687,0.018185,0.044268,0.733558,0.008696,0.326321,16.207306,good
288673,0.145698,0.026505,0.56386,-0.058381,0.037185,19.437806,good
185109,0.063533,0.04551,0.700104,0.281322,0.240787,18.258835,good
136386,0.110857,0.011231,0.612837,0.296215,0.129934,17.255927,good
305716,0.159863,0.047066,0.771354,0.153643,0.41226,19.132341,good
293065,0.116231,0.02405,0.534512,0.314883,0.061647,18.528002,good
381851,0.113661,0.044012,0.711749,0.361118,0.321148,16.510175,good
266673,0.130348,0.007302,0.706861,0.053306,0.199553,18.99508,good
268852,0.024453,0.04956,0.59749,0.096001,0.156651,16.866556,good
183619,0.155315,0.058408,0.738862,0.035717,0.386046,17.187471,good
247191,0.021215,0.001636,0.713086,0.128036,0.039818,16.088334,good
363356,0.05335,0.056208,0.83034,0.375961,0.298487,15.751648,good
100585,0.06678,0.047236,0.488115,0.370226,0.440036,15.848121,good
282045,0.017305,0.044911,0.635777,0.221916,0.309752,18.474421,good
271419,0.112959,0.056147,0.392101,0.169798,0.196296,17.888705,good
108595,0.032758,0.008467,0.596161,0.251969,0.419341,19.177129,good
269752,0.05459,0.057137,0.628965,0.106562,0.44259,18.018047,good
300337,0.13075,0.013827,0.624219,-0.063245,0.068771,16.67876,good
216252,0.06154,0.036051,0.589916,0.069674,0.426902,15.997991,good
260799,0.068339,0.016428,0.622313,0.120374,0.258162,17.553131,good
347568,0.025865,0.009853,0.648107,0.115863,0.315722,17.675538,good
342791,0.12201,0.047661,0.672694,0.333225,0.402274,16.383254,good
161064,0.099166,0.028511,0.773664,0.323198,0.348402,16.019906,good
340912,0.04869,0.014009,0.855124,-0.020702,0.285996,15.767475,good
351211,0.099694,0.025943,0.730989,0.227007,0.271112,19.380113,good
343737,0.045511,0.031269,0.598036,0.210625,0.446858,16.665343,good
396759,0.145028,0.027969,0.492155,0.262104,0.306035,16.653492,good
386676,0.162759,0.038518,0.80319,-0.034794,0.109304,16.213202,good
321489,0.115649,0.036425,0.75485,0.184259,0.225285,17.467463,good
279162,0.051482,0.02675,0.574673,0.106327,0.238006,19.335788,good
357394,0.040145,0.013193,0.487597,0.321542,0.415295,15.806566,good
225804,0.158331,0.058476,0.377333,0.262726,0.440984,15.78852,good
259270,0.141073,0.035913,0.469198,0.140196,0.109394,15.926215,good
307345,0.074884,0.056835,0.463635,-0.058956,0.144825,15.76092,good
195816,0.103059,0.019024,0.61281,0.329105,0.041499,17.52245,good
397536,0.064712,0.002833,0.598815,0.239463,0.203324,15.790878,good
280555,0.09096,0.057343,0.567823,0.161185,0.236246,16.67817,good
374043,0.051572,0.017712,0.562683,0.22878,0.303409,16.674146,good
340857,0.1752,0.016445,0.464766,0.297806,0.081146,18.778056,good
189150,0.03658,0.052384,0.717313,0.215522,0.217332,17.801972,good
177186,0.070178,0.017031,0.487062,0.16889,0.124046,16.34262,good
252832,0.063359,0.058068,0.655161,0.326973,0.424113,19.323414,good
282776,0.067322,0.037159,0.748723,0.220624,0.340129,18.847471,good
269767,0.128739,0.02179,0.656445,0.152989,0.465116,18.402496,good
281776,0.100575,0.052233,0.803546,0.211326,0.389521,16.234282,good
347240,0.134159,0.019683,0.769473,-0.05591,0.076593,18.860209,good
237336,0.106871,0.027772,0.830233,0.299633,0.227401,17.287253,good
234238,0.098298,0.020668,0.60503,0.03209,0.283397,18.378513,good
130779,0.048531,0.039597,0.633287,0.09678,0.16765,16.934718,good
238877,0.128074,0.003761,0.539775,-0.021359,0.459333,16.929254,good
285590,0.076648,0.041661,0.532707,-0.027147,0.278345,17.835483,good
351065,0.059861,0.023274,0.823657,0.306191,0.291257,18.83884,good
204994,0.162831,0.044349,0.679642,0.38334,0.37314,18.741418,good
306311,0.082331,0.054004,0.81297,0.286469,0.308758,17.978804,good
369165,0.049819,0.024511,0.684373,-0.053711,0.290592,16.249711,good
142067,0.028867,0.012207,0.823229,0.151069,0.29028,16.109928,good
331711,0.161765,0.011356,0.358664,0.041188,0.232735,19.073477,good
156361,0.082756,0.045516,0.684513,0.200852,0.353426,18.957281,good
294622,0.03572,0.019053,0.753541,0.065597,0.258391,16.170358,good
261412,0.050361,0.004639,0.68854,0.016217,0.419606,19.142954,good
294935,0.071,0.052826,0.649062,0.282405,0.160587,18.259196,good
184131,0.116119,0.028202,0.50237,0.195228,0.118137,16.051403,good
104442,0.165576,0.032821,0.551146,0.269883,0.072651,16.206053,good
176895,0.07996,0.023252,0.797089,0.179655,0.035628,17.36888,good
155983,0.153898,0.019,0.411852,0.00494,0.273547,16.365223,good
196004,0.074299,0.00816,0.455718,-0.008395,0.156249,19.201192,good
202195,0.034101,0.052692,0.539907,0.377538,0.116587,17.340274,good
134065,0.065658,0.012222,0.7514,0.367797,0.340346,17.716955,good
296581,0.176763,0.056701,0.339719,0.174451,0.233526,17.389368,good
237133,0.175641,0.008498,0.798538,0.359,0.199326,18.77802,good
296357,0.027725,0.057756,0.469581,0.017316,0.451181,17.695064,good
375148,0.120645,0.056686,0.811015,0.031221,0.334462,17.333522,good
356102,0.082738,0.057004,0.502777,-0.063566,0.115824,16.359306,good
188545,0.057552,0.042292,0.384084,-0.026368,0.414686,19.227813,good
111710,0.073283,0.017008,0.356243,0.022786,0.161412,18.472239,good
384025,0.169597,0.016996,0.680586,0.067834,0.11848,17.189076,good
313377,0.109327,0.051679,0.508062,0.186473,0.224543,18.96273,good
265258,0.03106,0.027578,0.497848,0.23396,0.163403,17.803884,good
178855,0.089329,0.050792,0.744591,0.292932,0.056757,18.383459,good
388622,0.165725,0.016906,0.428889,0.005302,0.092992,19.181968,good
309032,0.127235,0.01706,0.760601,-0.050837,0.274486,16.63484,good
377853,0.117292,0.009913,0.435907,0.36903,0.054159,19.279674,good
318235,0.067791,0.010762,0.742173,0.28012,0.341079,17.607736,good
116162,0.152707,0.050411,0.746821,0.116064,0.143908,17.118044,good
206718,0.143226,0.03528,0.691648,0.289172,0.094947,18.910038,good
383227,0.127514,0.034087,0.749386,0.147969,0.402443,16.952606,good
401991,0.133061,0.023232,0.792862,0.106412,0.391549,15.908809,good
169604,0.154073,0.015592,0.754232,0.355965,0.036625,18.836194,good
109284,0.100105,0.003375,0.408828,0.221974,0.040801,16.516293,good
194522,0.050727,0.018632,0.48364,0.354104,0.326188,18.712806,good
282503,0.167127,0.028349,0.560398,0.144116,0.238262,16.591896,good
249194,0.036656,0.046531,0.841287,-0.03873,0.319455,19.052093,good
254925,0.067068,0.014527,0.775803,0.073319,0.204192,17.49901,good
356886,0.17616,0.03662,0.79016,0.033947,0.352628,19.280402,good
130221,0.061655,0.039719,0.368217,0.285068,0.451428,16.673647,good
400221,0.065105,0.053502,0.718781,0.331838,0.23226,17.839717,good
241908,0.113133,0.044368,0.824014,0.041745,0.251875,17.268226,good
377335,0.065557,0.051369,0.718491,0.360331,0.168175,17.692241,good
195608,0.154235,0.046008,0.577855,-0.05483,0.22879,18.182708,good
147447,0.154291,0.032169,0.347877,0.174207,0.395074,15.735663,good
202090,0.159839,0.010068,0.592258,-0.040219,0.174321,18.081788,good
352963,0.141857,0.025358,0.646814,0.292466,0.365885,16.501417,good
296934,0.096198,0.025131,0.455789,0.159318,0.426857,18.307668,good
160803,0.063618,0.024622,0.559135,-0.020222,0.326422,17.725714,good
216288,0.163821,0.057469,0.621135,-0.063791,0.218364,18.682698,good
300973,0.154606,0.00724,0.681108,-0.043603,0.27034,17.616405,good
344188,0.053789,0.021988,0.571831,0.181793,0.406742,19.34395,good
271793,0.155303,0.058077,0.498519,0.160084,0.090988,18.428028,good
280280,0.120992,0.03913,0.688782,0.103043,0.440372,17.383887,good
305545,0.076252,0.011231,0.461587,-0.061676,0.162074,17.711717,good
379791,0.051741,0.034418,0.385549,0.027924,0.061097,15.755851,good
397088,0.019752,0.002699,0.824479,0.341467,0.079329,19.267171,good
335008,0.148649,0.04142,0.449578,0.209591,0.375873,18.833392,good
300684,0.126514,0.028169,0.568884,0.072111,0.202173,17.737292,good
182487,0.147621,0.051706,0.62851,0.00548,0.246066,16.963056,good
278578,0.082553,0.024721,0.406773,0.309106,0.227384,16.408359,good
224142,0.168957,0.050101,0.387065,0.351184,0.047691,16.936877,good
320668,0.06232,0.055672,0.830541,0.323575,0.396462,15.937697,good
102300,0.100611,0.051958,0.40596,0.311485,0.305854,18.992905,good
178592,0.12673,0.020892,0.377977,-0.053746,0.15919,18.240754,good
214258,0.154478,0.004573,0.763794,0.187503,0.086352,19.432003,good
282321,0.164389,0.024366,0.651316,-0.069045,0.059021,16.1192,good
137970,0.095089,0.045113,0.621067,-0.038277,0.246481,17.761172,good
181585,0.03517,0.041423,0.6648,0.019134,0.456887,15.826333,good
262769,0.019233,0.03451,0.6542,-0.014338,0.431024,16.363345,good
109163,0.062592,0.026514,0.42321,0.081862,0.041355,17.131722,good
213043,0.099984,0.03083,0.724708,0.108324,0.312944,19.384503,good
176466,0.098144,0.022326,0.512821,0.038704,0.26495,16.543165,good
362142,0.173311,0.009415,0.598892,0.130123,0.123596,17.238011,good
132192,0.108072,0.040753,0.787516,-0.046642,0.105823,16.166245,good
169388,0.127111,0.041217,0.852129,0.002263,0.424847,19.209929,good
219396,0.165107,0.019898,0.348718,0.183049,0.254477,18.842132,good
392812,0.148664,0.016035,0.655351,0.136274,0.097715,15.747455,good
107011,0.161213,0.033687,0.665473,0.237851,0.443991,16.158925,good
170472,0.095275,0.024186,0.608347,-0.045983,0.206619,16.56883,good
255213,0.15421,0.023764,0.708735,0.096109,0.42907,16.684102,good
292208,0.06799,0.006292,0.831502,0.30637,0.16968,17.689174,good
131802,0.027499,0.002038,0.817033,0.295416,0.217994,16.127249,good
384208,0.028894,0.055215,0.504075,0.216259,0.287634,19.098267,good
253375,0.158473,0.058232,0.40646,0.083559,0.378295,17.001184,good
185091,0.128263,0.037086,0.594775,0.07781,0.38592,17.294886,good
183895,0.072165,0.028293,0.355217,-0.004071,0.287299,19.278478,good
191398,0.043451,0.027848,0.382579,0.195471,0.331106,17.203251,good
162016,0.072409,0.0029,0.829594,0.217299,0.087047,18.689097,good
140877,0.162614,0.054096,0.749043,0.165763,0.273163,18.414641,good
109579,0.117006,0.046707,0.793229,0.098065,0.319386,16.340807,good
207664,0.078686,0.011187,0.7936,0.02495,0.074602,16.475395,good
302276,0.103548,0.029577,0.674727,0.371354,0.088089,19.059664,good
297454,0.077397,0.030929,0.450089,0.05741,0.060307,17.016402,good
148210,0.097472,0.001712,0.617391,0.024037,0.095874,16.962598,good
329156,0.129609,0.041751,0.818782,0.088925,0.358858,18.74973,good
305419,0.076728,0.001693,0.469443,0.377795,0.431101,17.493452,good
191616,0.143947,0.014485,0.656024,0.165548,0.081272,17.466263,good
366798,0.07086,0.053362,0.795764,0.233455,0.458757,18.166324,good
257851,0.091894,0.029196,0.795717,0.212817,0.33385,16.295519,good
235543,0.047604,0.022568,0.832594,0.159686,0.412318,18.317598,good
115603,0.093191,0.010019,0.670738,0.345807,0.224366,18.447473,good
124716,0.029592,0.048998,0.609794,0.062728,0.166034,18.164941,good
399811,0.117159,0.029717,0.447206,0.232763,0.334697,17.315306,good
292458,0.124407,0.014004,0.758326,-0.051397,0.420544,15.706913,good
385103,0.152142,0.020437,0.456654,0.033073,0.286922,17.428222,good
199865,0.116942,0.009533,0.542149,-0.069103,0.346808,19.232592,good
165644,0.077747,0.001074,0.421637,0.237615,0.435187,18.146843,good
218226,0.120696,0.058343,0.555441,0.131052,0.147646,18.217801,good
376091,0.016008,0.026273,0.7074,0.017795,0.060062,18.985897,good
272013,0.065036,0.034483,0.466344,0.222366,0.444996,16.784045,good
277442,0.163088,0.025568,0.800264,0.172177,0.09392,18.861557,good
220056,0.131273,0.02385,0.844748,0.259352,0.265271,17.876882,good
335710,0.098076,0.031366,0.683762,0.15336,0.181044,18.244713,good
199745,0.064904,0.045014,0.468992,0.081258,0.06346,18.391299,good
305936,0.043551,0.041625,0.404311,0.089681,0.03975,15.996747,good
164349,0.152613,0.048438,0.822516,0.095307,0.119117,17.824927,good
174134,0.156848,0.007853,0.703821,-0.019445,0.080362,19.30676,good
285953,0.085753,0.017609,0.773378,0.058834,0.080861,16.24015,outstanding
159183,0.163439,0.041129,2.396849,-0.108921,0.201351,16.679433,outstanding
286366,0.094094,0.016277,0.688195,0.143399,0.056105,16.141863,outstanding
157253,0.124177,0.044965,2.189917,0.103909,0.174516,16.973969,outstanding
109378,0.068233,0.035851,1.456769,0.0238,0.142239,15.806983,outstanding
174212,0.053631,0.045155,2.299253,-0.090237,0.107479,17.019168,outstanding
293335,0.165552,0.01329,0.907904,0.088916,0.181461,16.35187,outstanding
296992,0.08065,0.017028,0.612935,-0.085415,0.040151,16.857541,outstanding
208997,0.16277,0.016071,1.675506,-0.050617,0.068384,16.603126,outstanding
101530,0.137332,0.045056,2.188915,0.012865,0.198452,16.185209,outstanding
305759,0.143424,0.010512,2.284331,-0.121366,0.136529,15.89027,outstanding
165996,0.101492,0.016131,0.848907,-0.127218,0.199136,16.874223,outstanding
303238,0.121708,0.019425,1.813721,0.055382,0.031888,16.924868,outstanding
236967,0.158197,0.035958,0.84583,-0.019804,0.055926,16.021977,outstanding
104203,0.100639,0.024736,0.54199,-0.110202,0.17926,16.915958,outstanding
163898,0.106841,0.025464,2.237653,-0.088652,0.137375,15.964818,outstanding
196134,0.144821,0.039328,1.193792,0.117726,0.072385,15.769492,outstanding
165229,0.070812,0.039116,1.702506,-0.07217,0.097383,16.987587,outstanding
341032,0.113708,0.036671,1.07136,-0.139692,0.165564,15.876564,outstanding
124724,0.100192,0.027975,0.632675,-0.214014,0.038185,16.086736,outstanding
125342,0.090814,0.025623,0.827586,-0.106266,0.095541,16.123955,outstanding
265533,0.113162,0.030954,2.131069,-0.188176,0.141055,15.736329,outstanding
183801,0.084695,0.02609,1.883936,-0.00035,0.156986,15.708746,outstanding
382197,0.112026,0.033746,2.264425,-0.12106,0.151155,15.837068,outstanding
206729,0.146471,0.034338,1.151609,0.055106,0.162501,15.803452,outstanding
168709,0.127083,0.039038,1.089401,-0.03531,0.026715,16.431388,outstanding
363567,0.131427,0.035086,1.040499,0.132832,0.182438,15.810075,outstanding
134979,0.13113,0.042032,0.731815,0.073311,0.037392,15.838357,outstanding
311789,0.11637,0.027771,2.024916,-0.019975,0.205045,16.869158,outstanding
258834,0.145317,0.040204,1.589038,-0.006217,0.160151,16.21349,outstanding
352911,0.148143,0.031446,1.992408,-0.078253,0.134318,16.215449,outstanding
141128,0.059765,0.022072,2.447583,-0.030307,0.083511,17.039709,outstanding
353837,0.138326,0.012258,0.691284,0.037353,0.053201,16.431369,outstanding
253094,0.15988,0.036273,1.303839,0.119723,0.104394,15.834275,outstanding
296692,0.165411,0.032031,1.690727,-0.176831,0.079331,16.373507,outstanding
137134,0.132356,0.016913,1.876954,-0.114881,0.150613,16.591189,outstanding
360439,0.096473,0.01172,1.591311,0.015819,0.133685,15.950798,outstanding
246851,0.148893,0.013102,0.683999,-0.191497,0.11813,16.279743,outstanding
192923,0.131645,0.045307,1.081526,0.052517,0.125702,16.865157,outstanding
183318,0.059905,0.013251,1.728452,-0.209592,0.08151,16.461162,outstanding
278781,0.148998,0.020772,1.233303,-0.172834,0.174212,16.023682,outstanding
111013,0.092987,0.023094,0.981353,-0.099164,0.126079,16.597781,outstanding
174583,0.079443,0.011244,2.081107,-0.205629,0.092643,16.275661,outstanding
351389,0.161387,0.044686,0.599659,-0.033709,0.102264,15.671685,outstanding
322931,0.120655,0.046192,1.597987,-0.141899,0.126069,16.127808,outstanding
287031,0.084728,0.04024,2.263308,-0.123376,0.13328,15.930012,outstanding
217863,0.057968,0.009625,1.216338,-0.00072,0.188915,16.047703,outstanding
313616,0.131148,0.034013,2.034519,0.010581,0.037125,15.767146,outstanding
198925,0.064281,0.029044,0.707536,0.010826,0.03821,16.027179,outstanding
118745,0.095921,0.042078,0.982847,0.048796,0.061628,17.042586,outstanding
318446,0.106291,0.011541,1.43061,0.065427,0.056564,16.276057,outstanding
217115,0.087113,0.010692,2.393454,0.095688,0.048345,16.394087,outstanding
364904,0.146313,0.037296,1.720188,-0.16952,0.031544,16.290303,outstanding
400209,0.148466,0.022566,0.953537,0.066165,0.118412,16.979355,outstanding
222441,0.083372,0.036281,2.005851,0.148076,0.089706,16.441456,outstanding
314478,0.056009,0.019014,2.247912,0.043167,0.035746,15.750701,outstanding
243623,0.153585,0.010146,1.487689,-0.022579,0.035279,16.484698,outstanding
231649,0.073819,0.028604,1.538611,0.069625,0.095197,15.971005,outstanding
236071,0.134772,0.018385,2.396716,0.055294,0.160805,17.061263,outstanding
125523,0.158201,0.019279,2.413805,-0.065119,0.143499,16.063132,outstanding
218245,0.097521,0.044782,1.324455,-0.179036,0.130742,17.054797,outstanding
327634,0.071512,0.041831,2.297654,-0.120434,0.115358,16.719576,outstanding
397989,0.081028,0.035843,1.551877,0.04995,0.197245,16.751212,outstanding
226433,0.160019,0.037945,2.216703,-0.216057,0.165461,16.852711,outstanding
309311,0.135692,0.030269,1.443518,-0.060938,0.144501,17.064401,outstanding
322625,0.068918,0.016292,1.610694,0.105033,0.154516,15.686487,outstanding
110721,0.070627,0.04092,2.317248,-0.180793,0.179642,16.393712,outstanding
304710,0.058596,0.041934,1.756743,-0.074309,0.123197,17.031163,outstanding
343874,0.094188,0.044535,0.810681,-0.185613,0.120231,16.561871,outstanding
213713,0.094582,0.009693,2.131017,0.124281,0.146904,15.706481,outstanding
122255,0.127256,0.03163,1.669234,-0.146589,0.133811,15.955057,outstanding
147478,0.059337,0.011685,0.565063,0.024408,0.154842,16.85615,outstanding
273319,0.105,0.030357,1.780655,-0.139585,0.061156,16.388188,outstanding
287930,0.072451,0.018394,2.17259,-0.188841,0.057106,16.54606,outstanding
336006,0.092122,0.042041,0.687032,0.048618,0.060448,16.31902,outstanding
240629,0.062822,0.024828,1.660942,-0.175159,0.113453,16.602783,outstanding
299273,0.067753,0.010876,0.728701,0.117415,0.162838,16.24716,outstanding
117385,0.06271,0.030603,1.172013,-0.064404,0.137028,15.770433,outstanding
194048,0.110126,0.035285,0.938378,-0.116992,0.057348,16.532139,outstanding
199677,0.056175,0.018368,1.371284,0.052676,0.164258,16.316882,outstanding
255390,0.112773,0.03128,0.970283,-0.056315,0.104972,16.637709,outstanding
316455,0.11806,0.036527,1.366094,-0.016425,0.20534,16.898735,outstanding
127651,0.144897,0.018886,1.586214,-0.16378,0.137456,17.007055,outstanding
352460,0.138273,0.010659,2.256633,-0.043529,0.027049,17.046758,outstanding
162906,0.10408,0.034219,1.335544,-0.029047,0.158441,15.82223,outstanding
223393,0.152319,0.019183,1.173462,-0.095861,0.169022,17.027877,outstanding
244220,0.068217,0.024989,1.406062,-0.092782,0.093014,15.856179,outstanding
302697,0.142162,0.029879,2.192222,-0.027122,0.067796,16.943421,outstanding
126156,0.090548,0.031899,1.396231,-0.156198,0.167049,16.797796,outstanding
195524,0.131805,0.014652,1.774692,-0.215622,0.177613,16.124296,outstanding
318422,0.138255,0.022626,2.195735,0.07897,0.178333,16.096455,outstanding
302128,0.072322,0.029408,1.781877,0.022666,0.093132,16.430708,outstanding
125659,0.10127,0.010177,2.191373,-0.177314,0.20113,17.066646,outstanding
351573,0.142313,0.039536,2.02023,0.152163,0.056922,16.790625,outstanding
129608,0.153477,0.045034,1.622775,0.000303,0.131007,16.40722,outstanding
237843,0.142013,0.015254,1.808253,-0.007942,0.157205,15.819373,outstanding
154277,0.077578,0.046262,2.134913,-0.10778,0.118411,15.74605,outstanding
170036,0.104427,0.02837,2.431323,0.013031,0.033077,16.661062,outstanding
379466,0.101283,0.013897,1.408635,-0.10558,0.188367,15.834234,outstanding
320663,0.073751,0.032735,1.262011,0.001503,0.089426,17.033143,outstanding
137394,0.068448,0.009827,0.963126,-0.078003,0.144796,16.484425,outstanding
219128,0.082459,0.043793,1.106068,0.136257,0.075555,16.906944,outstanding
319269,0.055918,0.043216,1.47377,0.11847,0.106602,16.17595,outstanding
106803,0.086497,0.040602,2.308856,-0.147095,0.102918,15.861745,outstanding
330151,0.086447,0.012675,1.172454,0.046735,0.163954,16.457041,outstanding
302224,0.075699,0.035874,2.148471,-0.010885,0.03454,16.387386,outstanding
134034,0.111242,0.043474,1.628247,0.005533,0.124876,16.877156,outstanding
267019,0.093758,0.032041,2.140928,0.014488,0.190871,16.628537,outstanding
274681,0.14041,0.017225,1.062869,0.125792,0.078205,16.202179,outstanding
358911,0.062942,0.017226,2.313887,-0.047114,0.16906,15.777531,outstanding
388433,0.070886,0.035227,1.787417,0.053445,0.120599,16.690425,outstanding
266887,0.143017,0.036067,0.78573,0.112587,0.064439,16.736944,outstanding
361418,0.120922,0.039098,1.432181,0.107928,0.120855,15.939531,outstanding
397041,0.130772,0.016973,1.08578,0.151956,0.114672,16.325419,outstanding
213806,0.136703,0.022742,1.944069,-0.029575,0.15603,16.450293,outstanding
270226,0.085124,0.018607,0.901462,-0.077292,0.156424,15.827447,outstanding
160944,0.141503,0.02226,1.817688,-0.070274,0.025471,15.85281,outstanding
174017,0.147912,0.026127,0.814551,0.081374,0.160699,15.978756,outstanding
251304,0.075807,0.015162,1.687584,0.049302,0.077671,16.833637,outstanding
366790,0.154322,0.014402,2.08455,-0.166647,0.087426,16.075995,outstanding
276429,0.126416,0.041641,1.167181,-0.113275,0.04864,15.802981,outstanding
349529,0.103374,0.011858,1.639769,-0.209125,0.16931,16.467907,outstanding
186305,0.163235,0.017588,1.316896,-0.151853,0.101191,16.531594,outstanding
326722,0.092147,0.022503,1.650593,-0.090607,0.058523,16.544639,outstanding
166872,0.16097,0.020517,1.178778,-0.166499,0.149319,15.987788,outstanding
319034,0.040809,0.010715,0.619326,-0.016251,0.12793,18.19511,poor
150117,0.100282,0.010859,0.585942,-0.00893,0.168222,18.000834,poor
129896,0.093521,0.010482,0.474395,0.026627,0.477462,19.834439,poor
312649,0.089724,0.009878,0.273187,0.026232,0.424344,20.260489,poor
290778,0.039676,-0.000115,0.109625,0.174748,0.115721,16.431037,poor
135064,0.150633,0.002476,0.111788,0.235534,0.264358,19.916157,poor
293919,0.042871,0.008828,0.749464,0.122113,0.194848,18.65324,poor
110582,0.064459,0.005124,0.107169,-0.029736,0.428062,20.431191,poor
292461,0.109829,-0.000663,0.468422,0.238143,0.104041,19.778582,poor
315642,0.128646,-0.000498,0.775329,0.020851,0.309945,19.765682,poor
274286,0.039133,-0.000259,0.436808,0.07741,0.302559,18.959974,poor
256342,0.121927,0.003693,0.188051,0.190231,0.256219,17.701048,poor
341790,0.076275,0.007662,0.128032,0.012709,0.258679,20.593142,poor
373734,0.15759,0.007892,0.568415,0.085736,0.089033,19.371114,poor
126993,0.049964,0.006726,0.061187,0.22274,0.372198,20.161603,poor
284386,0.06263,0.00626,0.43229,0.20701,0.194129,19.844818,poor
391983,0.142945,0.011841,0.292132,0.224168,0.111627,20.016601,poor
267155,0.080885,0.009091,0.392507,0.226669,0.148293,20.174271,poor
310378,0.121864,-0.000642,0.159356,0.016542,0.422227,20.348641,poor
206221,0.100243,0.010717,0.66279,-0.013699,0.345785,18.409448,poor
324821,0.078908,0.010869,0.119125,0.008527,0.364885,17.408392,poor
157661,0.153877,0.00387,0.090089,0.063952,0.408043,17.228484,poor
257591,0.124012,0.000579,0.132935,0.080248,0.367025,19.292679,poor
307901,0.119823,0.001989,0.090243,0.224887,0.078639,19.202315,poor
311862,0.032827,0.00125,0.752266,-0.040046,0.184917,16.463985,poor
239883,0.045486,0.009229,0.203626,0.029863,0.440327,20.462247,poor
158920,0.118179,0.00153,0.500086,-0.025393,0.39716,18.902497,poor
263832,0.069922,0.004023,0.575101,0.015575,0.296781,17.322691,poor
124164,0.025398,0.01209,0.632966,0.051701,0.229698,16.304916,poor
388159,0.125719,0.006238,0.071148,0.101268,0.183543,19.813454,poor
384724,0.157129,-0.000689,0.431849,0.233374,0.112321,20.17085,poor
149015,0.043372,0.001319,0.737904,0.073536,0.187514,16.400162,poor
231232,0.080309,0.001692,0.239818,-0.025343,0.482298,16.709192,poor
270943,0.150907,0.008934,0.429782,0.108117,0.273828,17.933946,poor
166829,0.068381,-0.000628,0.3107,0.151676,0.450071,17.819614,poor
196989,0.038497,0.006976,0.744043,-0.032933,0.372041,20.646028,poor
127253,0.075688,0.003907,0.551617,0.143563,0.462239,20.504413,poor
253488,0.11623,0.006598,0.788407,0.016157,0.401021,18.291509,poor
387252,0.088124,0.009153,0.301772,0.117952,0.140308,20.065891,poor
344874,0.085554,0.007664,0.654218,0.114505,0.296723,19.783325,poor
351685,0.064908,0.0099,0.123524,0.209406,0.237728,20.323734,poor
347700,0.061205,0.007596,0.192453,0.05807,0.357528,18.410094,poor
320944,0.049538,0.006317,0.277027,-0.020181,0.470401,19.596013,poor
385421,0.080119,0.009971,0.77024,-0.01474,0.273238,16.943728,poor
227080,0.135066,0.005593,0.699395,0.146648,0.429938,18.666228,poor
272907,0.109859,0.009666,0.869227,0.20928,0.343927,17.863127,poor
143568,0.031884,0.009558,0.200046,-0.038932,0.317614,20.30588,poor
200214,0.150239,0.00055,0.252459,0.122543,0.132638,18.941912,poor
190141,0.113304,-0.001266,0.185535,-0.00992,0.348497,16.510289,poor
310681,0.117774,0.007322,0.440953,0.114293,0.42264,20.157067,poor
205266,0.031069,0.007543,0.209728,0.18574,0.292615,19.129147,poor
177607,0.061068,0.005634,0.635715,0.120546,0.131148,19.403198,poor
264972,0.12968,0.011953,0.132267,0.015649,0.221579,17.764805,poor
234760,0.13159,0.001786,0.427932,0.195169,0.396935,17.692842,poor
273965,0.112616,0.006163,0.17255,0.125287,0.406908,17.814204,poor
184934,0.07371,0.000364,0.791323,0.105522,0.146269,20.420169,poor
295638,0.075159,0.007072,0.836859,-0.002527,0.147891,19.272124,poor
213494,0.081998,0.00739,0.451631,0.038216,0.148242,19.537952,poor
340475,0.069689,0.001471,0.514137,0.071793,0.451228,19.344477,poor
203798,0.034678,0.005329,0.103713,0.02232,0.233337,20.180912,poor
125029,0.083449,0.000414,0.233081,-0.01135,0.227785,16.307826,poor
361915,0.154545,-0.000475,0.684072,-0.009034,0.128003,16.300941,poor
202365,0.158969,0.001867,0.750656,0.215116,0.413052,20.597075,poor
110163,0.14579,0.007889,0.121161,0.151604,0.44895,18.336986,poor
236495,0.039335,0.010966,0.095071,0.093549,0.452436,17.673556,poor
130166,0.083932,0.00776,0.772781,0.227928,0.226351,17.61756,poor
153841,0.055206,-0.00017,0.108702,0.126705,0.339327,17.985249,poor
132441,0.08307,0.004669,0.246456,0.044163,0.176876,17.022658,poor
326461,0.072962,0.011176,0.432816,0.095642,0.323307,19.953091,poor
381414,0.038157,0.011482,0.791571,0.209792,0.334481,19.070895,poor
281900,0.145392,-0.001119,0.786321,0.034013,0.316783,17.135484,poor
208762,0.094752,0.010624,0.358625,0.018222,0.485103,19.844206,poor
112603,0.046392,0.004056,0.097693,0.145786,0.331079,18.899021,poor
294552,0.050965,0.006468,0.818659,0.223397,0.301456,19.973231,poor
223909,0.088639,0.005223,0.157822,0.169024,0.408316,19.176253,poor
195570,0.070861,0.00344,0.720818,0.160808,0.289879,16.572426,poor
378924,0.092224,0.002154,0.361973,-0.034096,0.25356,17.256962,poor
392371,0.052167,0.001136,0.355198,0.091446,0.224245,17.650417,poor
148148,0.085871,0.010752,0.658285,0.036526,0.325329,19.081216,poor
364996,0.154589,0.011036,0.387781,0.020919,0.436208,17.791643,poor
228796,0.138013,0.000302,0.819224,-0.037241,0.341318,17.602044,poor
143801,0.134092,0.009492,0.665696,0.021332,0.261864,18.194986,poor
231215,0.027213,0.000349,0.595981,-0.044393,0.4579,17.703798,poor
284864,0.125891,0.002043,0.062883,-0.027768,0.275385,16.443314,poor
360217,0.077011,0.008678,0.354746,0.214497,0.404934,20.079151,poor
146900,0.063891,0.00666,0.282568,0.209151,0.133993,19.280477,poor
142166,0.111543,0.002824,0.726777,0.018931,0.116969,16.661705,poor
112170,0.150677,0.008954,0.626546,0.030682,0.406155,18.781209,poor
217090,0.115606,0.010417,0.325468,0.216833,0.266046,20.404905,poor
161171,0.073293,0.01155,0.405822,0.023664,0.187733,17.030004,poor
289866,0.147806,0.006131,0.475153,0.050357,0.393944,20.584393,poor
286298,0.139866,0.00231,0.758879,0.030513,0.388602,16.57193,poor
387748,0.131646,0.000302,0.471011,0.06794,0.399593,20.15062,poor
344808,0.122249,0.006039,0.204742,0.159416,0.37175,20.496836,poor
224091,0.091543,0.003378,0.184105,-0.029226,0.231136,17.691033,poor
117493,0.070534,-0.000184,0.163716,0.227163,0.144391,20.117744,poor
232631,0.0649,-0.000287,0.285871,0.23284,0.264862,20.029838,poor
236334,0.096192,0.008037,0.132981,0.007555,0.432143,16.851207,poor
235859,0.142295,0.000107,0.380708,0.066682,0.363622,18.294517,poor
160910,0.036654,0.009966,0.730853,0.212735,0.106786,18.548646,poor
242359,0.082656,-0.000819,0.065944,0.216395,0.06417,18.969393,poor
105400,0.134544,0.009715,0.303038,0.137447,0.108339,17.755382,poor
192822,0.118991,0.011671,0.843044,0.085129,0.202217,20.528257,poor
346248,0.032206,0.004883,0.176435,0.107069,0.227292,16.730995,poor
201075,0.157539,0.005494,0.102452,0.143372,0.323093,18.858236,poor
111278,0.081082,0.003539,0.55001,0.065074,0.33478,19.092077,poor
396201,0.123261,0.00405,0.850952,0.003074,0.082841,16.446262,poor
107000,0.037535,0.002142,0.271867,0.169242,0.17398,19.084242,poor
209984,0.103486,0.009779,0.376932,0.154366,0.419381,18.120377,poor
162598,0.024079,-6.9e-05,0.855571,-0.01438,0.082112,17.344724,poor
312819,0.096901,0.006582,0.051317,0.029413,0.329805,19.206106,poor
321956,0.056695,0.010956,0.283256,0.024183,0.218136,16.318248,poor
276012,0.063168,0.00979,0.236148,0.178921,0.26838,17.080411,poor
269296,0.026668,0.001212,0.518983,0.192092,0.15354,17.482923,poor
218969,0.09881,0.010177,0.494896,0.110133,0.412172,18.882802,poor
187314,0.109988,0.009543,0.513939,-0.036542,0.209779,17.308261,poor
372437,0.046713,0.008525,0.725019,0.149452,0.256792,18.650604,poor
251891,0.091617,-3.8e-05,0.434274,0.010186,0.184364,18.564277,poor
137603,0.145605,0.003776,0.706787,0.089659,0.299915,18.511531,poor
348736,0.046482,0.005037,0.564405,0.183188,0.326317,19.955366,poor
120701,0.111909,0.000915,0.445507,0.177285,0.250895,18.350387,poor
392542,0.152937,0.012112,0.357773,0.09302,0.368573,18.493836,poor
371523,0.07667,0.001803,0.486157,0.077962,0.181365,19.136504,poor
356097,0.095096,0.008263,0.240031,0.007758,0.426985,18.326038,poor
122263,0.143347,-0.001016,0.654202,-0.01025,0.177786,18.955597,poor
221330,0.030125,0.000831,0.410403,0.078039,0.127362,18.51927,very_bad
232579,0.064256,0.000792,0.712428,0.10532,0.470629,18.411063,very_bad
131967,0.081026,0.00189,0.723084,0.081074,0.404503,18.965675,very_bad
194934,0.062546,0.001513,0.284433,0.073699,0.250891,18.324244,very_bad
162076,0.046437,0.002884,0.746354,0.078216,0.233114,18.532128,very_bad
263818,0.031467,0.002713,0.619389,0.099859,0.44018,18.99348,very_bad
261913,0.054014,0.002515,0.495773,0.099816,0.246705,18.590417,very_bad
364484,0.037808,0.001943,0.746484,0.073786,0.506865,19.17651,very_bad
325254,0.057461,0.001207,0.615708,0.110314,0.406946,18.816671,very_bad
248648,0.078456,0.002061,0.238085,0.107284,0.474314,18.47765,very_bad
247180,0.032258,0.000985,0.361255,0.110858,0.631133,18.604669,very_bad
256816,0.086679,0.002164,0.718699,0.098197,0.248197,19.018404,very_bad
305657,0.074653,0.003132,0.573907,0.079432,0.78259,18.573059,very_bad
214050,0.037769,0.000922,0.763211,0.069261,0.720763,18.001811,very_bad
112535,0.054185,0.002351,0.474996,0.073953,0.448048,19.038822,very_bad
370830,0.048221,0.001484,0.398306,0.067382,0.727123,18.768969,very_bad
303932,0.025739,0.002184,0.687019,0.088488,0.137977,18.164566,very_bad
389988,0.081906,0.002344,0.758823,0.112722,0.763985,18.022994,very_bad
275342,0.071077,0.001207,0.488093,0.060644,0.607293,18.603089,very_bad
279932,0.037117,0.001465,0.611139,0.105971,0.180086,18.648099,very_bad
330334,0.032771,0.001932,0.523738,0.090976,0.219829,18.868075,very_bad
326663,0.047481,0.001137,0.298635,0.05896,0.27346,19.128892,very_bad
322506,0.039244,0.000725,0.443296,0.102168,0.278911,19.091096,very_bad
224588,0.060776,0.001361,0.352335,0.109273,0.733297,19.030711,very_bad
360558,0.074716,0.000896,0.518617,0.071462,0.707821,18.709824,very_bad
381079,0.060871,0.001556,0.600147,0.087564,0.400764,19.029749,very_bad
183214,0.044695,0.000738,0.269941,0.088699,0.171017,18.611593,very_bad
159313,0.044587,0.00248,0.712678,0.061498,0.254538,18.074078,very_bad
189641,0.030091,0.00158,0.381347,0.108982,0.185993,19.183807,very_bad
218777,0.058132,0.001013,0.246321,0.103124,0.762922,18.882488,very_bad
357842,0.049594,0.002867,0.653603,0.092711,0.629152,18.299934,very_bad
351661,0.028425,0.002555,0.266432,0.058602,0.760259,19.131387,very_bad
130298,0.027962,0.001014,0.557587,0.07244,0.172686,18.834637,very_bad
109636,0.027034,0.001983,0.633125,0.068912,0.697417,19.193522,very_bad
130289,0.043099,0.002441,0.320968,0.107925,0.737775,18.795358,very_bad
225103,0.048326,0.001958,0.719064,0.096891,0.58907,18.72854,very_bad
233702,0.039779,0.001954,0.433556,0.072468,0.540865,18.534987,very_bad
325658,0.063408,0.002309,0.593972,0.097,0.6447,19.068243,very_bad
304591,0.068062,0.001018,0.641794,0.095089,0.381078,18.674095,very_bad
179604,0.075377,0.001539,0.764251,0.090907,0.556926,18.221631,very_bad
384277,0.042349,0.00134,0.318576,0.083546,0.693287,18.158879,very_bad
325423,0.033776,0.002216,0.439936,0.058677,0.419526,18.961368,very_bad
320523,0.085102,0.00292,0.513606,0.09512,0.368422,19.072266,very_bad
306306,0.081243,0.001978,0.413297,0.102327,0.140295,19.129607,very_bad
331935,0.079316,0.002849,0.656872,0.07907,0.108272,18.198551,very_bad
151088,0.041787,0.002461,0.657219,0.102877,0.510429,18.465572,very_bad
401661,0.029817,0.001138,0.237621,0.05415,0.491171,19.180785,very_bad
301322,0.050905,0.002142,0.648537,0.060026,0.356281,18.820331,very_bad
256722,0.062451,0.001263,0.480904,0.084846,0.464923,18.35754,very_bad
297042,0.056075,0.002567,0.366835,0.057087,0.573716,19.158291,very_bad
150243,0.063587,0.000721,0.724674,0.092261,0.428832,18.180821,very_bad
328184,0.046889,0.002827,0.233151,0.094529,0.771313,18.702987,very_bad
175782,0.087891,0.001947,0.503485,0.100902,0.141224,18.219787,very_bad
329199,0.062387,0.001743,0.245894,0.087074,0.294779,18.739318,very_bad
240341,0.032236,0.002957,0.557837,0.073857,0.160511,18.929087,very_bad
135196,0.062377,0.002653,0.689402,0.10701,0.382672,18.31526,very_bad
313750,0.045654,0.001623,0.70077,0.068603,0.333584,18.02719,very_bad
109392,0.081342,0.003136,0.654424,0.087098,0.570847,18.372866,very_bad
201597,0.076522,0.002852,0.472939,0.068296,0.278245,18.42554,very_bad
343720,0.063924,0.001783,0.767503,0.095486,0.754523,18.199127,very_bad
197769,0.036034,0.002742,0.230094,0.068415,0.468783,18.916217,very_bad
193174,0.044488,0.000784,0.642062,0.085395,0.153086,19.146858,very_bad
337344,0.076028,0.001372,0.700889,0.069016,0.109904,18.366772,very_bad
108996,0.053127,0.002133,0.724739,0.089306,0.570968,18.85382,very_bad
113760,0.028927,0.001032,0.506699,0.086501,0.610968,18.147355,very_bad
360473,0.061546,0.000752,0.412301,0.073385,0.132166,18.250357,very_bad
369410,0.05314,0.002182,0.618647,0.060596,0.767902,18.654504,very_bad
309229,0.037566,0.002202,0.651252,0.095764,0.756911,18.578416,very_bad
372114,0.071654,0.002929,0.567364,0.093022,0.103598,19.081498,very_bad
169521,0.061167,0.001202,0.757367,0.072991,0.56499,18.302408,very_bad
208139,0.064702,0.002266,0.230601,0.105356,0.38617,18.135874,very_bad
166724,0.073599,0.001533,0.379734,0.106507,0.21633,18.899568,very_bad
360148,0.066861,0.002142,0.443028,0.102427,0.357615,18.279673,very_bad
370679,0.071607,0.00286,0.761615,0.101205,0.345958,18.848914,very_bad
321329,0.088272,0.002911,0.452965,0.087569,0.246767,18.749071,very_bad
337746,0.056215,0.001961,0.401758,0.081221,0.733978,18.184352,very_bad
384102,0.048754,0.000607,0.500873,0.100853,0.67812,18.971361,very_bad
346581,0.080004,0.001914,0.324528,0.099298,0.102455,19.026006,very_bad
322353,0.088566,0.001666,0.571885,0.063092,0.591329,18.965099,very_bad
302052,0.039077,0.002439,0.481432,0.065124,0.520576,18.959087,very_bad
163198,0.062426,0.002145,0.232838,0.053784,0.43318,18.166875,very_bad
145308,0.046268,0.001417,0.644846,0.071835,0.764787,18.402486,very_bad
249611,0.087884,0.001755,0.331796,0.074499,0.41095,18.988752,very_bad
402018,0.035714,0.002821,0.566363,0.099864,0.544101,18.342977,very_bad
328501,0.070608,0.001851,0.320815,0.08694,0.313979,18.355016,very_bad
292011,0.051474,0.002189,0.725622,0.078237,0.101354,19.060345,very_bad
159748,0.051558,0.001219,0.271798,0.0843,0.08503,18.213993,very_bad
308131,0.083634,0.002664,0.528476,0.093581,0.164389,18.085069,very_bad
285447,0.028398,0.003103,0.769997,0.069983,0.334252,18.679391,very_bad
271495,0.056677,0.001161,0.40641,0.108717,0.627553,18.911593,very_bad
166391,0.068199,0.002676,0.421921,0.074164,0.075058,18.382475,very_bad
136110,0.051192,0.002999,0.519741,0.090415,0.666404,18.11887,very_bad
201937,0.037765,0.001462,0.30582,0.061718,0.44981,18.893689,very_bad
326343,0.058121,0.003079,0.42257,0.111929,0.514196,18.358136,very_bad
181962,0.066272,0.00069,0.421386,0.090711,0.731527,19.109459,very_bad
154006,0.042389,0.002479,0.461775,0.065905,0.397024,18.952263,very_bad
138212,0.028484,0.001423,0.630113,0.067142,0.54886,18.000979,very_bad
387423,0.064574,0.00234,0.334849,0.107296,0.497755,19.132648,very_bad
268434,0.087628,0.0006,0.707674,0.073254,0.680808,18.413317,very_bad
289986,0.036667,0.000769,0.309241,0.07542,0.114476,18.194469,very_bad
329114,0.060306,0.002145,0.737569,0.101882,0.770279,18.830105,very_bad
377948,0.034611,0.002738,0.295064,0.089749,0.549507,18.521989,very_bad
290832,0.088176,0.001759,0.260453,0.092859,0.213457,18.642261,very_bad
209507,0.05808,0.002079,0.601343,0.091065,0.694601,19.055647,very_bad
327237,0.077039,0.001775,0.680773,0.103247,0.4037,18.475966,very_bad
127828,0.051927,0.002401,0.641083,0.094721,0.730227,18.019277,very_bad
106517,0.046136,0.001243,0.732232,0.071365,0.420866,19.096988,very_bad
164359,0.081934,0.000933,0.266322,0.082572,0.575991,18.760178,very_bad
269837,0.068753,0.002318,0.549155,0.090225,0.102962,19.190739,very_bad
272996,0.072514,0.001293,0.363518,0.087218,0.64152,18.303545,very_bad
249733,0.038459,0.001334,0.450734,0.082839,0.082135,19.186846,very_bad
340344,0.087077,0.000876,0.617686,0.07685,0.649868,18.619533,very_bad
218150,0.056435,0.001959,0.24573,0.075995,0.316161,18.025722,very_bad
268182,0.079306,0.002049,0.723172,0.107436,0.47489,18.583493,very_bad
330508,0.064254,0.002779,0.732192,0.055496,0.776193,18.161471,very_bad
257976,0.041643,0.001348,0.571712,0.06998,0.29296,18.376622,very_bad
150072,0.026891,0.002505,0.252797,0.111017,0.586288,18.288306,very_bad
265137,0.085555,0.001682,0.415778,0.090702,0.289989,18.888687,very_bad
206906,0.065397,0.000722,0.449708,0.094392,0.148464,18.664597,very_bad
352401,0.04329,0.00153,0.645888,0.059346,0.625242,18.707979,very_bad
195084,0.051408,0.002824,0.613985,0.072718,0.6012,18.341246,very_bad
343747,0.034402,0.001956,0.381587,0.111126,0.744095,18.647097,very_bad
299999,0.074785,0.001776,0.633868,0.088773,0.686423,18.141562,very_bad
267654,0.049173,0.001619,0.234079,0.062049,0.306119,19.146035,very_bad
153369,0.037164,0.002408,0.244453,0.070889,0.695411,18.731794,very_bad
213284,0.306933,0.030693,0.511431,0.030402,0.147,14.363039,very_good
168647,0.16289,0.030354,0.758504,0.191152,0.100462,14.410114,very_good
277241,0.11631,0.02899,0.888985,-0.092025,0.024723,16.728854,very_good
157842,0.265356,0.007042,0.361906,-0.007027,0.047922,13.010017,very_good
327839,0.208449,0.013796,0.879409,0.092008,0.053077,14.539535,very_good
271646,0.135802,0.016346,0.804394,-0.047221,0.116554,11.587408,very_good
335732,0.313012,0.025914,0.445377,0.028292,0.110371,11.649301,very_good
385809,0.155768,0.029197,0.888824,0.039094,0.050981,15.555239,very_good
395037,0.212144,0.013574,0.760772,0.193849,0.02381,11.958125,very_good
277214,0.256013,0.004265,0.776012,0.190082,0.116188,10.652532,very_good
254409,0.11889,0.004353,0.365981,0.00794,0.092835,17.079405,very_good
203068,0.293556,0.011304,0.530654,-0.006141,0.193625,12.115573,very_good
218851,0.153998,0.008515,0.876942,0.034821,0.090904,18.182621,very_good
384573,0.113657,0.029035,0.762124,0.053632,0.195422,15.97916,very_good
203387,0.273011,0.005056,0.470204,0.089191,0.226197,15.435177,very_good
230780,0.108492,0.030729,0.529492,0.123633,0.171053,13.505396,very_good
213753,0.101135,0.016943,0.686979,0.16742,0.17968,15.702972,very_good
195783,0.202334,0.0216,0.796793,-0.04064,0.191617,10.926349,very_good
159584,0.285874,0.017192,0.550811,0.200654,0.143003,14.305728,very_good
302133,0.139115,0.030315,0.54655,-0.058009,0.187483,14.006461,very_good
239117,0.244409,0.009729,0.614899,-0.022764,0.026206,18.069023,very_good
247478,0.140216,0.021439,0.803673,0.145378,0.22444,13.716998,very_good
336270,0.291439,0.004459,0.406637,0.122087,0.070984,13.733783,very_good
377949,0.300089,0.008065,0.426931,0.16527,0.042335,15.721511,very_good
264724,0.07474,0.002415,0.371781,-0.013785,0.174308,15.229483,very_good
302862,0.18366,0.000524,0.41402,0.004374,0.136374,14.761887,very_good
172238,0.101535,0.027366,0.399647,0.192615,0.110243,14.553384,very_good
326360,0.238546,0.013813,0.771405,0.06958,0.143711,12.312232,very_good
103650,0.107154,0.028345,0.824902,-0.06268,0.186714,15.366077,very_good
391728,0.134991,0.009841,0.880362,0.013208,0.131787,13.39348,very_good
393781,0.211182,0.01612,0.43873,-0.019231,0.122832,14.360107,very_good
350059,0.279329,0.022638,0.378097,0.17747,0.227482,15.671786,very_good
372853,0.144956,0.029334,0.416959,0.11305,0.20087,15.45826,very_good
114083,0.121939,0.015914,0.646621,-0.022269,0.110586,18.038774,very_good
147560,0.166931,0.01136,0.594696,0.173463,0.222713,16.102351,very_good
141334,0.069385,0.019536,0.618129,-0.028003,0.090342,18.29003,very_good
117160,0.30599,0.023999,0.829564,0.159402,0.160345,12.422841,very_good
197955,0.104707,0.00269,0.726208,-0.02362,0.118872,11.067604,very_good
380809,0.059036,0.029097,0.86556,0.069604,0.136309,18.310921,very_good
326544,0.122935,0.022133,0.744568,0.121485,0.076906,16.89648,very_good
242613,0.296567,0.023325,0.56867,-0.022537,0.164257,13.046795,very_good
313473,0.137813,0.022759,0.526763,0.099098,0.07374,18.249479,very_good
213268,0.243872,0.008999,0.77986,0.013814,0.082068,13.82269,very_good
383522,0.291751,0.011921,0.502951,0.109692,0.079668,12.713059,very_good
146793,0.156862,0.012795,0.624154,-0.017779,0.200384,13.261829,very_good
331623,0.150757,0.006705,0.901762,-0.039718,0.13862,16.344525,very_good
170426,0.313051,0.026913,0.400359,-0.056392,0.218969,15.810886,very_good
121220,0.083813,0.01102,0.387788,-0.00185,0.189354,16.56695,very_good
386109,0.055359,0.009728,0.778749,0.139266,0.131635,15.687242,very_good
118951,0.303997,0.014939,0.475866,-0.062414,0.084126,10.857755,very_good
131228,0.14547,0.004272,0.67859,0.031215,0.050419,11.057339,very_good
354936,0.30781,0.030697,0.622949,-0.001929,0.079343,15.930939,very_good
303649,0.218853,0.023147,0.512062,0.069507,0.137114,18.005205,very_good
120664,0.136619,0.008822,0.853421,-0.06328,0.203215,18.102953,very_good
156317,0.112317,0.003354,0.829495,0.169019,0.073101,10.907803,very_good
361066,0.267438,0.02486,0.739648,0.109994,0.227898,17.455745,very_good
231785,0.213778,0.01479,0.752737,0.170113,0.222818,12.012052,very_good
359932,0.0697,0.003256,0.490672,0.059512,0.084076,14.094918,very_good
185287,0.227995,0.026832,0.904928,0.199279,0.179595,12.363662,very_good
383746,0.231619,0.003116,0.673779,0.131473,0.166844,12.57877,very_good
388739,0.22483,0.018451,0.358849,0.035326,0.197184,12.10167,very_good
344370,0.151334,0.010651,0.888622,-0.080838,0.223136,17.226875,very_good
373389,0.0607,0.009696,0.791769,0.043146,0.148228,14.094723,very_good
312919,0.3094,0.000374,0.771935,0.128163,0.189232,15.098565,very_good
183676,0.149445,0.000674,0.462961,0.082129,0.104155,17.654424,very_good
233157,0.177677,0.016269,0.752044,0.09505,0.122138,13.945546,very_good
374416,0.168441,0.004936,0.38567,0.127849,0.184768,12.628339,very_good
210204,0.15751,0.01597,0.896917,0.130748,0.185757,14.868781,very_good
371979,0.222454,0.025661,0.402233,0.074506,0.119011,14.680787,very_good
171058,0.248166,0.007744,0.730307,-0.046121,0.164952,13.427418,very_good
401314,0.181725,0.02555,0.596244,-0.092796,0.09378,16.166808,very_good
234317,0.207277,0.016719,0.576117,-0.070261,0.08557,11.602512,very_good
332933,0.11245,0.016489,0.635285,0.073264,0.027607,16.945864,very_good
137045,0.248755,0.01601,0.453169,0.119026,0.088681,16.097844,very_good
154099,0.257791,0.030906,0.361194,-0.007618,0.144691,16.581766,very_good
124868,0.283435,0.022033,0.438172,0.033798,0.187003,17.187857,very_good
139914,0.260324,0.017036,0.557296,0.180311,0.126346,16.704136,very_good
241574,0.30346,0.006589,0.559462,0.18272,0.047136,10.925382,very_good
274058,0.297834,0.029105,0.757103,0.027232,0.049825,18.496514,very_good
291055,0.278716,0.025276,0.460437,-0.086902,0.205446,13.35467,very_good
301421,0.209857,0.001071,0.49919,-0.079455,0.116397,15.799361,very_good
143302,0.304505,0.028226,0.662691,-0.058719,0.175757,16.849169,very_good
344690,0.200486,0.028434,0.487948,0.124724,0.141382,18.40726,very_good
223389,0.130326,0.007148,0.53945,0.122518,0.176439,16.419339,very_good
242757,0.30745,0.005069,0.404396,-0.011435,0.097322,17.776088,very_good
180539,0.057554,0.016258,0.680757,0.145351,0.112661,11.056977,very_good
374579,0.233848,0.022533,0.401769,0.153356,0.06161,18.145911,very_good
234226,0.065627,0.02053,0.557233,0.007257,0.074891,17.990485,very_good
119849,0.264248,0.006039,0.412832,-0.073817,0.060968,13.138673,very_good
164372,0.144297,0.028772,0.613577,0.073454,0.054673,12.117455,very_good
139603,0.28356,0.015284,0.729349,0.137361,0.093113,16.906719,very_good
169346,0.057123,0.018411,0.743333,-0.016086,0.104954,17.496621,very_good
345227,0.053094,0.005348,0.538848,0.158471,0.194011,13.263106,very_good
191699,0.276811,0.002063,0.581743,0.117227,0.173675,14.339333,very_good
276850,0.230039,0.021225,0.648618,0.006532,0.147482,16.055804,very_good
145115,0.270338,0.012613,0.382038,0.08615,0.144469,13.278002,very_good
380451,0.144537,0.025079,0.81144,0.104944,0.148679,13.210204,very_good
100637,0.137563,0.002041,0.833846,0.11648,0.135978,11.438127,very_good
395811,0.115951,0.028128,0.696412,-0.026375,0.108676,16.316203,very_good
401083,0.255292,0.005573,0.351509,0.05832,0.103203,15.4595,very_good
238497,0.306009,0.009672,0.783866,-0.082615,0.096982,16.593774,very_good
344520,0.064312,0.005668,0.656528,0.183328,0.120903,16.191144,very_good
272645,0.13775,0.012404,0.552872,0.121195,0.095158,18.247023,very_good
259366,0.184064,0.027207,0.355821,-0.032472,0.055327,11.84284,very_good
360431,0.117038,0.029926,0.785842,0.198515,0.152409,16.401257,very_good
197030,0.079886,0.013794,0.824782,-0.008599,0.033506,13.149602,very_good
105821,0.302932,0.026473,0.80273,0.080884,0.044185,15.864429,very_good
235335,0.109177,0.011275,0.512778,-0.005818,0.093905,16.57904,very_good
279314,0.067207,0.01987,0.703612,0.121498,0.042123,11.735519,very_good
373070,0.277594,0.007452,0.463407,0.058145,0.112073,11.168714,very_good
170517,0.094126,0.018921,0.423448,0.132873,0.187671,13.48683,very_good
377008,0.187391,0.02374,0.533739,-0.080603,0.159007,13.050051,very_good
131912,0.312928,0.016335,0.659116,0.015959,0.182083,14.86524,very_good
133666,0.189512,0.021042,0.469389,0.037922,0.187971,17.30976,very_good
364807,0.159692,0.021469,0.70834,-0.089505,0.051737,14.867375,very_good
224186,0.064488,0.029303,0.789856,0.193271,0.095702,13.47928,very_good
127236,0.1387,0.024975,0.746554,0.074122,0.172851,11.658867,very_good
129786,0.288816,0.009388,0.851295,-0.004603,0.134477,10.982566,very_good
325223,0.130753,0.028326,0.898339,-0.050826,0.19061,18.41727,very_good
111942,0.134092,0.029262,0.496455,0.167556,0.212665,13.561848,very_good
201653,0.305219,0.023338,0.789985,0.00811,0.183624,17.89323,very_good
349326,0.05218,0.024766,0.507623,-0.031696,0.21231,11.696814,very_good
184404,0.103967,0.024795,0.852872,0.135367,0.074566,18.08044,very_good
334866,0.080532,0.014299,0.886015,0.168259,0.227497,15.767755,very_good
345753,0.201805,0.009753,0.754284,0.071229,0.212998,17.763133,very_good
