Unnamed: 0,Text_ID,Product_Description,Product_Type,Sentiment
4903,8209,Anyone got any news on the #Google Circles social networking announcement at #sxsw ?,9,2
1841,8081,#sxsw #lost #reward 4 finding an #iPhone 4G (black case) in the back of Austin Yellow #Cab - dropped off @mention 3:30 today - call 512-457-8800,9,2
1236,727,.@mention It's not a rumor: Apple is opening up a temporary store in downtown Austin for #SXSW and the iPad 2 launch {link} #fb,9,2
565,7102,Apple is opening up a temporary store in downtown Austin for #SXSW &amp; iPad 2 launch. {link}  Source: Statesman.com,9,2
2373,9007,Still only seen two non-iPad tablets at #sxsw. Thousands of iPads.,9,2
2513,5864,RT @mention Google to Host Developer Day at SXSW {link} #sxsw @mention,9,2
3931,5432,RT @mention Apple is opening up a pop-up store in downtown Austin for the iPad 2 launch at #SXSW {link},9,2
4496,6433,"RT @mention Panel at #SxSW called What? Those Guys Are Canadian?  Featuring: The CEOs of HootSuite, Kiip and Syncapse. {link}",9,2
2319,8389,#tech Posterous Joins The #SXSW Pile On With #Posterous_Events For iPhone {link},9,2
5944,6700,RT @mention Sweet! I got the iPad too! That's a nerd joke!  #SXSW,9,2
1988,6694,RT @mention sure to be a total scene! RT @mention Just spoke with the Austin Apple store. They are cautiously optimistic. #nerd #sxsw,9,2
1840,8834,"Dang #sxsw rumors RT @mention False Alarm: Google Circles Not Coming Now, And Probably Not Ever (AllThingsD): {link}",9,2
475,5395,RT @mention Another great spreadsheet of all the #SXSW parties - {link},9,2
4702,4412,"Arrived in Austin for #SXSW. Our hotel room is B.Y.O.A.P. (bring your own Apple products). My MBP, wife's iMac, iPad.",9,2
3659,404,"At #SXSW? come hear me speak in 40 mins. Designing iPad Interfaces - New Navigation Schemas in Ballrm A, 11:00am #UXDes @mention",9,2
973,1009,"Check out Poked, Liked &amp; Re-Tweeted: A Google Love Story at SXSW. #SXSW #sxsw15 #sxswiC",9,2
3136,8151,"#sxsw Is SXSW getting its own Apple store?: The geeks cried.
Yes the iPad 2 is coming, but itÛªs coming this Frid... {link}",9,2
1353,5782,RT @mention Going to #SXSW? Come by the @mention onsulting booth for chance to win an iPad 2! &lt;&amp; stimulating conversation no doubt!,9,2
5005,7534,Soundtrckr featured by @mention @mention as a Must-have for #SXSW {link},9,2
1680,3773,"via @mention Google to Launch Major New Social Network Called Circles, Possibly Today {link} #sxsw",9,2
3963,5758,RT @mention Funny that even CNN is saying to stay clear of Austin Apple store on Friday (iPad 2 launch) cuz of #sxsw. {link},9,2
4598,5413,RT @mention Apple aligned to big tech events these days. First CES and GDC now #SXSW (with a popup shop and iPad2): {link},9,2
6183,3871,@mention is right next to @mention on the #SXSW trade show floor! {link},9,2
2954,1078,Google is setting up a bunch of computers at their #SXSW trade show exhibit. Premiere of Google Circles? {link},9,2
686,2611,New iPhone app from @mention called DailyGrape - replacing WineLibrary TV with mobile content &amp; videos. Help to make wine choices #sxsw,9,2
1996,6222,"RT @mention Just talked to Mike Tyson #SXSW about his new iPhone game, which lets you fight Pauly D and other celebs. More soon {link}",9,2
1512,5912,RT @mention Google to launch new social network at SXSW? - CNET News {link} #sxsw,5,2
1904,5122,RT @mention @mention Enchantment: get a trustworthiness of #zappos likeability of #virgin and a product of #apple @mention #sxsw,9,2
3134,8271,Google Hot Pot - what the whattt pot....#SXSW,5,2
2176,7464,"At #SXSW presentation, @mention demonstrates how you can pause a video on new video player and pick up in same spot on iPad app. #tveverywhere",9,2
5035,1122,"You guys, tall-tee iPad hoodies are IN at #sxsw  you heard it here first!  {link}",9,2
2015,3791,RT ÛÏ@mention The only news at SXSWi was Apple's temporary iPad store? #sxsw #wth?Û YES. Think of it as the ultimate offsite trade show &quot;booth.&quot;,9,2
121,3229,Whoa. Hang on. I just saw someone without an iPhone!! #SXSW,9,2
2620,7071,Apple to open a pop-up store downtown Austin (1st floor of my bldg at 6th &amp; congress) for #SXSW and the iPad 2 launch #morefunpeoplewatching,9,2
2064,2344,@mention check into some of the new chatting/texting startups that are coming out of #SXSW {link} (re:iphone chat client),9,2
2940,8974,GG new try at social? RT We interrupt your regularly scheduled #sxsw geek programming with big news {link}  #google (via @mention,9,2
3448,988,Confusion over Google Circles. Google claim Circles is not being released at #sxsw and is not even in development. {link},9,2
5354,4600,Downloading #SXSW: Featured Artists - {link} #iTunes,9,2
4562,7579,Google Circles Not Launched at #SXSW {link},9,2
3456,6117,RT @mention il CEO di flipboard annuncia la versione iPhone ÛÏ@mention @mention next platform for Flipboard is the iPhone Team started working on it #SXSW,9,2
4811,533,"ÛÏ@mention Gearing up to make a splash, @mention to Launch &quot;Groupon or Living Social-type&quot; Rewards at #SXSW {link} - Boom!",9,2
1669,2387,"Time for coffee, muffins and news reading with leNewz at #SXSW trade show (booth #1422 just behind Google's)",9,2
1143,6723,RT @mention The @mention / @mention party was without a doubt the best party I've ever been to in #SXSW. Well done!,9,2
4651,6559,RT @mention RT @mention Heard about Apple's pop-up store in downtown Austin? Pics are already on Gowalla: {link} #sxsw #iPad2,9,2
2068,3637,"@mention If you're looking for a space to network and mingle at #sxsw, why don't you stop by Arthaus! Check it out: {link}",9,2
3292,8523,Live @mention the sxsw mobile accessibility session in room 8A: surprise guest Charles Chen is there answering questions about Android access.#sxsw,9,2
706,5589,RT @mention Calvin is now the Geek Charlie Sheen with his goddesses. @mention @mention @mention #google #SXSW,9,2
1221,8670,Google launching social network &quot;google circles&quot; @mention  #sxsw ?????,9,2
577,1609,Nice! RT @mention knitted staircase in attendance at #sxsw party tomo 7pm hosted by @mention &amp; @mention {link},9,2
5743,2333,#techcrunch #google This Post Has Nothing to do with #SXSW: EditorÛªs Note: This is a guest po... {link} #facebook @mention,9,2
1277,6585,RT @mention RT @mention Marissa Mayer: #Google Will Connect Digital &amp; Physical Worlds Through #Mobile {link} #sxsw,9,2
5288,1802,Google #h4ckers audience 95% male- devs are smart (&amp; easy when there's free alcohol) ;) #SXSW  @mention Speakeasy {link},9,2
5777,2519,Watching demo of google hotpot ... People using this? #sxsw,9,2
1929,5721,"RT @mention First in line this morning at the Apple pop-up store in Austin, @mention caught the @mention this morning {link} #sxsw",9,2
1661,1293,ÛÏ@mention Video interview with @mention &amp; @mention at #SXSW &quot;Google deals&quot; {link},9,2
2905,7967,My #SXSW schedule so far: {link},9,2
5016,134,"#Samsung, #Sony follow #Apple, #HP lead @mention {link} #Austin #atx #SXSW /via @mention ^rg",9,2
705,9010,Apparently the #sxsw apple store line is only 15 minutes at the moment.,9,2
974,3826,Who said iPad? at Apple Store #SXSW photos by  @mention @mention @mention @mention @sheltongreen @EricSchu_Ras  {link},9,2
1828,3513,Why the shout-out to Ukraine? {link} @mention @mention HTML validation needed for ranking? {link}  #sxsw,9,2
2578,7958,@mention Saw u r going to #SXSW? Download #GroundLink app &amp; ride in limo for $10 in Austin {link} see us booth 437,9,2
6268,2785,"Getting ready for Your Mom Has An IPad: Designing For Boomers.
{link} #SXSW",9,2
6291,4577,@mention New iPad Apps For Speech Therapy And Communication Are Showcased @mention The #SXSW Conference {link} #sxswi #sxswh #edapps,9,2
5289,1886,Won an iPad case at @mention talking about search research at #SXSW!,9,2
2522,8178,Lazers! RT @mention on display tonite: {link} #gsdm #google Industry Party: {link} #sxsw,9,2
1223,1828,"Go Game, a new #LBS scavenger hunt , launches at #SXSW.  Service creates customized games for events. via @mention {link}",9,2
3065,6070,RT @mention I'd pay an iPad 2 to the person who gets the most Zaarly referrals by March 12th.  #winning #sxsw {link},9,2
1225,7299,The lineup at the #sxsw Apple pop up store.  {link},9,2
4751,7023,"We will connect to it too! RT @mention Google to Launch Major New Social Network Called Circles, Possibly Today {link} #sxsw",9,2
3334,1760,@mention $AAPL should've just put the iPad pop-up store right after the badge pickup line for #SXSW in the convention center,9,2
1073,7262,Anyone know if #SXSW Apple Store still has iPads?,9,2
1623,8087,"The coolest iPhone 4 &amp; iPad cases at #Sxsw, check them out here at #fastcompanygrill #zazzlesxsw #sxswi  {link}",9,2
1204,4459,"Never been to #sxsw, but this is the first year I don't want to go.  Jumped the shark rt @mention It's not a rumor: Apple is opening up a temp",9,2
3164,4054,"#sxsw html5 Apple/Microsoft will likely be doing javascript integration. @mention Browsers compete, not collaborate. System is amoral.",9,2
3513,6520,RT @mention RT @mention Can't be at #sxsw? download their free music mix on itunes {link} cc: @mention,9,2
78,577,"ÛÏ@mention Google to Launch Major New Social Network Called Circles, Possibly Today {link} #sxswÛ #HNWSXSW",9,2
5689,93,Wonder if @mention &amp; @mention will be in the apple flashmob: tcrn.ch/fcs45j #SXSW #ipad2,9,2
5363,1454,Thank you! RT @mention #sxsw #touchingstories great presentation on future of digital magazines {link} (@mention,9,2
6335,7368,Need to upgrade to the iPhone 4 asap. This taking pics without a flash blows on the 3GS. #EhTeam #SXSW,9,2
3306,8650,"The kid ducked, exposing a 4chan4eva tattoo on the small of his back. The iPad flew right over him. #sxsw",9,2
3989,5631,RT @mention come over to the Tech Cocktail event tonight to check out our Mobile Smackdown event! #sxsw #iphone #android #windowsphone,9,2
1953,4743,"#SXSW: Mint Talks Mobile App Development Challenges, Teases New iPad App {link}",9,2
5643,691,"First up: iPad Design Headaches (2 Tablets, Call in the Morning). #SXSW #tapworthy",6,2
5791,4024,"#SXSW folks, what's the best new iPhone/iPad app you've come across so far?",9,2
1768,8940,Leaving excellent panel from @mention on Writing Compelling Content. On to the Android Dev. Meetup! #SXSW,9,2
4444,3709,"WeÛªre giving away 5 dual compatible juice pack airs for iphone 4 NOW! First come, first serve in front of Hall 3 #winning #SXSW",9,2
6187,6294,RT @mention Marissa Mayer: Google Will Connect the Digital &amp; Physical Worlds Through Mobile - {link} #sxsw,9,2
1900,6524,RT @mention RT @mention Come check out @mention iPad App demos at #ARM's #SXSWparty on Mon! {link} #SXSW #SXSW2011,9,2
4487,734,At #sxsw? Join us for a drink (or 2) tonight at 7pm. Fado Irish Pub on 4th.  {link} We'd love to meet!,9,2
349,2460,iPad 2 and Its Rivals: How They Stack Up {link} #bnet #biz #ipad2 #apple #sxsw #ipad #tablet #xoom #tech #laptop #pics #sale,9,2
5947,4738,Check event #sxsw via Google Maps. Lot of buzz overthere..,9,2
3696,8448,"Just for the record, I am not/was not in an iPad 2 line. I merely passed by while making some minor #sxsw rounds. Home now.",9,2
3094,6017,RT @mention Hipster or hobo? Only way to tell is the iPhone. #sxsw,9,2
1857,2884,"Googles Melissa Mayer speaks about augmented reality and contextual discovery at #sxsw, our lives will change with google and melissa!",9,2
982,7955,"Jadi penasaran RT @mention Google to Launch Major New Social Network Called Circles, Possibly Today {link} #sxsw",9,2
5900,139,Headed to #sxsw and want to share/gather contact info? {link} can turn your iphone into a business card broadcaster.,9,2
2281,7878,"Developers Learn About Mobile Accessibility at #sxsw, Android 3.0 to Include Browser Access #a11y2go {link}",9,2
2155,3663,"My 1st #Billboard article: Apple, Spotify, Pandora: Tech Invades Austin @mention SXSWi 2011 {link} #SxSW",9,2
4126,3476,"@mention hey, you are at #sxsw - if life gives you food poisoning, pitch a food poisoning iPhone app to a passing venture capitalist",9,2
3484,212,"I've seen a lot of tablets here, every single one of them is an iPad. #SXSW",9,2
6050,5375,RT @mention Agencies push Google in directions they never would have gone otherwise says Creative Lab Strategy Dir  @mention #SXSW,9,2
5367,8230,"Some great free music! -- 
20+ FREE tracks- #SXSW Music Sampler available on @mention @mention ) #fb",9,2
1263,3317,@mention Go #Android program: {link} (by @mention / @mention Speak to me at #SXSW or #CTIA if you want to learn more.,9,2
477,1597,"@mention @mention is here at The Industry Party presented by  #GSDM &amp; #Google in Austin, TX for #SXSW.",9,2
328,790,"Google to Launch Major New Social Network Called Circles, Possibly Today {link} #sxsw&quot;",9,2
3602,1183,"of course they are, ha RT @mention @mention Apple opening temporary store in Austin for #SXSW &amp; iPad 2 launch {link}",9,2
4639,299,Temporary Apple store opens @mention 6th &amp; Congress tomorrow. #ipad2 #sxsw,9,2
3890,4325,RT &gt; @mention msc_page: Guy gets tattoo at SXSW so he could win a free iPad2 {link} #sxsw #tattoo #ipadÛ_ {link},9,2
5464,6196,RT @mention Join leNewz fo free donuts and massage at #SXSW Trade Show (booth #1422 just behind Google's),9,2
1834,6314,RT @mention Microsoft to launch IE9 at #SXSW: {link} Here you go @mention Maybe you can get MS to install on the  ipad :P,9,2
481,2787,#AAPL already the big winner at #sxsw {link} #in,9,2
1153,6523,"RT @mention RT @mention CNN to launch &quot;TV everywhere&quot; service for mobile, Google TV and computers: {link} #SXSW",9,2
1417,169,Attending #sxsw? Austin Guide by @mention is now free to download on iTunes - {link} #lp,9,2
1035,8181,Noh donlot @mention @mention New #UberSocial for #iPhone now in the App Store includes UberGuide to #SXSW (cont) {link},9,2
602,3553,"@mention I just mean the percentage of iOS vs Android vs Blackberry, etc. #SXSW / @mention",9,2
5821,6106,"RT @mention If you were able to afford to attend #sxsw or buy an iPad today, consider saving a few $$$ for Japan earthquake...",9,2
2376,6092,"RT @mention If U prefer yr news on iPhone, iPad or Droid, @mention has apps 4 that. @mention @mention &amp; @AARPbulletin on mobile apps now. #SXSW",9,2
1590,7294,#SxSW - Downtown Austin Apple Store: Congress &amp; West 6th Street. (answered my own question the old fashion way... I googled it).,9,2
4529,8768,Can you even get in to #SXSW without an iPhone?,9,2
2587,3472,@mention Hey Jen what do you hear about Google Circles at #SXSW?,9,2
1985,3675,"Stopping in for a quick iPhone charge
{link} #SXSW #Macallan",9,2
4072,673,The apple influence on ditto: one button login choice with facebook. #sxsw #UnderstandingHumans,9,2
4700,340,The queue at the apple pop-up store #sxsw {link},9,2
4227,358,will this be another google wave? RT @mention We interrupt your regularly scheduled #sxsw geek programming w/big #google news {link},9,2
2642,677,Hmm. Very interesting. RT @mention Wonder if @mention is putting tips from the @mention API...  #SxSW #SUxSW,9,2
5342,6123,RT @mention In case our rabbits forgot theirs at home! Apple Opening Pop-Up Store In Austin For #SXSW {link},9,2
1352,547,I need to go to #sxsw. but i have 7-mo. old. no sitter. know where to score apple-martin-like #babyheadphones ?,9,2
3489,1628,"@mention @mention Similarily, Tweetcaster for Android lets you zip tweets w annoying hash tags, like #sxsw",1,2
5770,7436,Can you spot @mention iPhone? #SXSW {link},9,2
2910,1003,mashable: Platform for Concertgoers Launches Android App in Time for SXSW - {link} #sxsw {link},9,2
5271,6949,RT @mention Win an iPad 2 at SXSW via @mention ! #sxsw {link},9,2
5721,2294,want Gun Bros for Android? want to play it on #XperiaPlay? Find me @mention for a download card #SXSW  {link},9,2
5699,1864,Keeping tabs on #sxsw via  @mention Awesome iPad app,9,2
4787,3116,"Easy Reviews for your Small Business. Drive Google Places, #SEO  {link}   #sxsw #smm",9,2
529,4331,"Hmmm RT @mention RT @mention Google to Launch Major New Social Network Called Circles, Possibly Today {link} #sxsw",9,2
6018,958,"Zazzle is officially at #SXSW! Come by the @mention Grille, mention us with #zazzlsxsw and youÛªll get to make your own iPhone case!",9,2
6229,2037,"At #sxsw apple has 99% marketshare, not seeing much linux.",9,2
4357,6922,RT @mention WhatÛªs new with Blogger {link} #blogging #blogger #google #sxsw,9,2
6056,6468,RT @mention really digging austin -- especially the east side. stopped by @mention for an apple the size of my head and some great buzz. #sxsw,9,2
2772,736,Posterous Joins The SXSW Pile On With Posterous Events For iPhone {link} #iPhone #RichPearson #SXSW,9,2
1696,2288,"At: Left Brain Search = Google. Right Brain Search = X at SXSW.
{link} #SXSW #BetterSearch",9,2
5967,5626,"RT @mention Come by Aquent Booth 1413 at #SXSW to learn about internetonlinewebsite.com, meet us &amp; enter to win an iPad 2!",9,2
3876,3150,iTunes offers up a free SXSW sampler featuring a selection of 22 of this year's performers - {link} #iTunes #SXSW,9,2
3946,7404,At the Apple Pop-Up Store in Austin #iPad2 #SXSW,9,2
4624,4035,#mint goal for iPhone app: top 3 finance app. #sxsw,9,2
2436,901,Having so much fun handing out chances to win 2 Audi cars with @mention #SXSW  (@mention Apple Store SXSW) {link},9,2
3899,8920,Get the OWLE Bubo for iPhone with a $20 off coupon use code SBSW2011  #sxsw #SXSWFilm #SXSWi #almedia,9,2
1672,2104,Android party #sxsw (@mention Lustre Pearl Bar w/ 19 others) {link},9,2
1355,5696,RT @mention Ellen Page appearance reduced to @mention iphone call. Hearts. Broken. #sxsw #super,8,2
836,7915,"Tweet this to register for exclusive passes to events, parties + iPad 2 during #SXSW - &quot;Give me liberty and/or a free #sxswpass - please RT&quot;",9,2
3991,2612,Ellen Page appearance reduced to @mention iphone call. Hearts. Broken. #sxsw #super,9,2
3749,3135,In need of ipad charger! Any suggestions/kind offers from peeps at #sxsw ?,9,2
5885,978,#Apple to open pop-up shop at #SXSW:  {link},9,2
87,5370,RT @mention A special Apple store: opening at 6th and Congress for SXSW &amp; ipad 2 launch. www.apple.com/retail/thedomain/  #Apple #iPad2 #sxsw #fb,9,2
3753,1914,"Google Brain spent weekend answering search queries for #SXSW attendees. Don't worry. What you search for on Google, stays with Google.  ;-)",9,2
2021,7510,@mention Question of the day: Is &quot;Google Circles&quot; the newest social network on the horizon? #SXSW,9,2
6275,8628,Nice of #Twitter to lwr boom on #API devs undr covr of #japan #tsunami #earthquake #sxsw #wisconsin #libya {link},9,2
2276,1403,Neck &amp; shoulders are *killing* me thanks to the 8 hours a day I spend heads-down w/my iPhone at #SXSW. Where 2 get it fixed in Austin?,9,2
611,8204,"Kicking it 80's style at the @mention party with @mention and @mention #SXSW
 {link} {link}",9,2
4621,8552,@mention to launch 'Circles' later today at #SXSW?? gotta love #SXSW - one platform for everything from Independent film to Innovative Tech,9,2
1176,7758,@mention RT @mention Platform for Concertgoers Launches Android App in Time for SXSW - {link} #sxsw,9,2
3295,3416,"Your Mom Has an iPad: Designing for Boomers at SXSW.
{link} #SXSW",9,2
1334,99,GSD&amp;M &amp; Google's Industry Party Tonight @mention - See u there! {link} #SXSW #Austin #Welivehere #GSDM,9,2
2396,5831,RT @mention Google is NOT launching any products at #SXSW {link},9,2
2560,4715,Did you know each year the SXSW conference showcases tons of new music? Download it for free: {link} #sxsw #free #music #fb,9,2
901,5904,"RT @mention Google to Launch Major New Social Network Called Circles, Possibly Today @mention #sxsw #sxswi - {link} via @mention",9,2
2771,5414,RT @mention Apple announces pop-up store at #SXSW. See our take on the future of pop-up stores here: {link},9,2
3466,3142,For all of those at SXSW RT @mention Last day to get the #LP Austin iPhone app for free {link} #travel #sxsw,9,2
77,5603,"RT @mention Check out Designing iPad Interfaces - New Navigation Schemas at SXSW.
{link} #SXSW #UXDes",9,2
463,3845,AKQA is hiring. Find me up front after Designing iPad Interfaces - New Navigation Schemas in Ballroom A. #sxsw,9,2
1787,3015,MyPOV: #verizon wins hands down for network.  Hard to use new services like #beluga with a crappy #att #iphone network #sxsw,9,2
542,5109,RT @mention @mention 2 at #SXSW? Apple is opening a pop-up store in Austin for SXSW {link},9,2
1713,2119,"Like you asserted, corporate is the new indie. RT @mention Well damn, Apple setting up a &quot;pop-up&quot; shop at #SXSW {link}",9,2
159,1553,"@mention @mention @mention Thanks for making great products!

Great for making #SXSW party podcasts {link}",9,2
4765,6533,RT @mention RT @mention Going to #SXSW? Find me &amp; @mention and you could win some tech prizes such as @mention  #iPad &amp; #iPhone cases!,9,2
1573,5424,RT @mention Apple has two Austin stores but until this week no downtown presence. That changes with an #sxsw popup store {link} ~@mention,9,2
4184,7157,Need support for private content.  RT @mention now discussing PubSubHubbub: {link} #fsw #sxsw,9,2
1041,2307,Optimistic #Ohio #SXSW. Google pay per click management.   {link},9,2
6135,7319,#apple pop-up store in #austin for #sxsw and #ipad2 launch! @mention thought you'd appreciate :-) {link} {link},9,2
1391,8887,Wish you went to #sxsw? We got you covered! Day 1 Recap {link} from Coyne's @mention and @mention,9,2
1187,1949,{link} - Alright #SXSW iPad 2 line time. Line is reasonable. 1/4 block + 1 block + 1/2 block,9,2
469,1747,Going to #SXSW? Sign up for Filmaster iPhone app with code &quot;SXSW&quot; to get a cool t-shirt on site: {link},9,2
350,2667,"If someone in Austin will let me borrow their iPhone charger for a short time, I will heart you for a long time. #sxsw",9,2
4870,5592,RT @mention Cameron Sinclair @mention Spearheads Japan Disaster Relief From #SXSW Via Twitter &amp; iPhone {link} //,9,2
3859,5103,RT @mention @mention @mention taking a google tour tomorrow... in the bay area Tom night...flying 2 AUS 4 #SXSW &lt;&lt;lucky you!,9,2
4708,5088,@mention on @mention apple iPad2 popup store @mention #sxsw is like red cross emergency tent for hipsters. Lol. &lt;3 #publicradio,9,2
1895,6827,RT @mention UBER BRAND SMART: Gonna move a ton of iPad2 - #Apple opening a popup shop in Austin for #SxSW  {link} via@mention @mention,9,2
3790,4723,Queue up now... #Apple set to open popup shop in core of #SXSW action for #iPad2 {link},9,2
2658,289,ÛÏ@mention Apple store downtown Austin open til Midnight. #sxswÛ any ipad2 left in stock?,9,2
4151,6913,"RT @mention Weather changed today at #sxsw, get exclusive weather updates from KXAN Austin's Jim Spencer on @mention {link}",9,2
4504,822,Google to launch social network &quot;Circles&quot; - denies launch at #sxsw though. {link} #google #circles,9,2
5588,1204,".@mention Three types of people at work: The Ghost, The Bad Apple and The Kid. #gamestorming #sxsw",9,2
1827,2462,"Best Brand Marketing at #SXSW: GE @mention solar powered carousel, @mention Rock 'n Roll Trailer Park, Apple's iPad2 pop-up shop",9,2
2231,6635,RT @mention Rumor at #SXSW that Google will launch a new social network called &quot;Circles&quot;. {link} @mention,9,2
4909,385,My Google calendar's Saturday night is a giant overlap of #sxsw parties.,9,2
2933,1295,"Sweet tea vodka out of a glowstick cup doesn't scream &quot;Google&quot; to me, but it is baller.  #SXSW",9,2
2788,6760,"RT @mention The next big thing? Hmmm. RT @mention Google to Launch Major New Social Network Called Circles, Possibly Today {link} #sxsw",9,2
6348,4829,"Here we go again! RT @mention Google to Launch Major New Social Network Called Circles, Possibly Today {link} #sxsw",9,2
824,4496,Stop by and let us make you a custom iPhone case! #zazzlesxsw #Sxsw #sxswi {link}  {link},9,2
3518,921,"HootSuite News: HootSuite Mobile for #SXSW ~ Updates for iPhone, BlackBerry &amp; Android {link}",9,2
519,4520,#sxsw q:Android webkit lags safari webkit @mention we want acceleration to be pervasive #browserwars,9,2
1755,8723,"Leaving Austin and I sort of want to cry. I will always remember this week. My Adele/Fiona Apple mix is my only solace.

#StartupBus #SXSW",9,2
621,7172,"All the posts from #sxsw are making me jealous.  BTW #sxsw auto corrects as ass's on the iPad. No joke, check it.",6,2
4210,3427,Apple to have a pop-up store at South by South West: {link} #sxsw,9,2
6243,5506,RT @mention At #sxsw with an iPhone? Use FREE iSpyArt App to send your photos of the #artallaround to @mention {link},9,2
2958,2125,"Startups at #SXSW, @mention is giving away free hosting. Fill out this and @mention me for a chance to win. {link}",9,2
4404,6787,RT @mention This Google/Bing Q&amp;A panel is like the world's most expensive SEO consultation. #SXSW,9,2
1307,2953,Is the @mention iphone app sync functionality working yet? #sxsw,9,2
3349,42,Hey #SXSW - How long do you think it takes us to make an iPhone case? answer @mention using #zazzlesxsw and weÛªll make you one!,9,2
2445,1743,Going to #SXSW? Here's a google map of free wi-fi hotspots: {link} (warning: it's from 2009),9,2
2316,5288,RT @mention #SXSW crowd swarms for iPad 2 launch {link} via @mention,9,2
1119,8986,"I actually have no idea what #SXSW is. I could google it, but I'm fine not knowing.",9,2
4512,5882,"RT @mention Google to Launch Major New Social Network Called Circles, Possibly Today {link} #SXSW",9,2
9,1318,@mention  Welcome! Enjoy #Sxsw and ride anywhere in Austin for $10 . dwnld the #GroundLink app{link} booth 437,9,2
2402,6271,"RT @mention Looking for tech/mobile bloggers &amp; others to join iPad 2 panelist line up for #SXSW (Tues, 3:30) LMK!",9,2
3382,4203,{link} Killer shot I got last night of @mention at the #nokiaconnects concert for #SXSW,9,2
4977,6480,RT @mention RT ÛÏ@mention Going to / at #SXSW? Check-in w/friends while youÛªre in #Austin w/these location-based apps! {link} #lbs,9,2
5751,5996,RT @mention Hey #nerdbird crew - grab our app and snap some freak pics! {link} #SXSW,9,2
4996,856,If anyone lost an iPhone in the back of a cab in downtown Austin around 10.30-11p tonight please hit me up #sxsw,9,2
2514,4091,More #apple iPads per capital at #sxsw then anywhere else in the world except for Foxconn,9,2
3733,152,@mention  #SXSW is an Austin conference. Do a google search - they have interactive / music / film.,9,2
1527,4761,#sxsw @mention #devops: @mention &quot;There's a Google Group on this. {link},9,2
2451,3669,"Just In Time For SXSW, Foursquare Ups The Game And Adds Recommendations {link} #FriendsOffer #iPhone #SXSW #TheGame",9,2
4565,41,"HootSuite - HootSuite Mobile for #SXSW ~ Updates for iPhone, BlackBerry &amp; Android: Whether youÛªre getting friend... {link}",9,2
6141,5674,"RT @mention Did... what my mom might call The Big at #SXSW. Power plant, CNN, Google, and offchain set by Trombone Shorty at PBS.",9,2
4388,8319,#SXSW LOST! IPhone 3GS in black hard case with pink clouds and multicolor thunderbolts. Email deshi80227@mention reward!,9,2
1257,5804,RT @mention Google and Bing meet at #SXSW after their lovers tiff last month but it seems to have been disappointingly friendly {link},9,2
3237,2062,New iPad Apps for Speech Therapy and Communication Are Showcased at #SXSW | @mention {link},9,2
3325,3165,@mention fires a shot at @mention with check-in rewards and titles starting in Austin #SXSW {link} #in,9,2
3504,4731,"#SXSW plans shaping up... Wed: playing at @mention then #MEGABLAAG fo sho
Twitter for iPhone Û¢ 3/10/11 3:39 PM",9,2
4174,6715,RT @mention Thank you for these! RT @mention Public notes for &quot;5 steps to bulletproof UX strategy&quot;: {link} #sxsw #rhjr_ux5. Via @mention,9,2
3449,1130,hahahahah that's funny RT @mention Never seen so many heads turn at one point. Someone from #Apple asks a question to Reid Hoffman #SXSW,9,2
5618,6675,RT @mention Sound of My Voice was shot exploiting Apple &amp; Best Buy's 14-day return policy on iMacs. Brilliant. #sxsw,9,2
1266,5213,RT @mention #Apple set to open popup shop in core of #SXSW action {link} via @mention,9,2
3097,7907,"Groupon is the darling child of #SXSW - Google, Facebook, Loopt, SCVNGR all want a piece. {link} Is imitation still flattery?",9,2
4889,8932,Z6: No News is Good News {link} [codes valid: 4:00-7:59:59p 03/11/11] #infektd #sxsw #zlf,9,2
5916,1960,Google team and panel say agencies have attitudes. You think?#agileagency #SXSW,9,2
4063,3697,3 block lineup for iPad 2 #sxsw,9,2
4401,185,more than 150 million mobile users for Google Maps for Mobile #SXSW,9,2
5786,9059,@mention you know...they sell apple products at places other than #sxsw... just sayin.,9,2
5683,7297,The Pop-up Apple Store at #sxsw  got a shipment of iPad 2's. Go get em #iPad2,9,2
5954,8141,@mention Sweet 8-bit pic. Are you an artist? www.zaggle.org is having an #art contest for our #iPhone app Check it out We'll be at #SXSW,9,2
2261,8334,knitted staircase in attendance at #sxsw party tomo 7pm hosted by @mention &amp; @mention {link},9,2
3661,7298,"RIM and HP are going to lease stores next door, and put up ÛÏComing SoonÛ signs' {link} &lt;@mention on Apple at #SxSW",9,2
5972,5615,RT @mention Check out Your Mom Has an iPad: Designing for Boomers at SXSW.{link} #SXSW,9,2
4300,4049,Took until the 8th row on the plane to spot an iPad! I thought we were going to #SXSW? #elonsxsw,9,2
5812,3572,@mention I would have been a #SXSW ambassador since I'm going to be everywhere but you only have iphone &amp; Android listed for mobile. :(,9,2
1875,160,@mention  #SXSW prompt for memory: go to Google map and describe a childhood walk,9,2
3227,7103,Apple is opening up a temporary store in downtown Austin for #SXSW and the iPad 2 launch  {link} cc: @mention,9,2
763,1045,"ÛÏ@mention RT @mention Google to Launch New Social Network Called Circles, Possibly Today {link} #sxswÛ Reported on Buzz?",9,2
5539,7108,"Web Developers: If you havenÛªt tried New Relic, sign up during #SXSW and enter to win an iPad 2! Come by booth 13 {link}",9,2
62,5429,RT @mention Apple Is Opening A Pop-Up Store In Austin For #SXSW (AAPL) {link},9,2
2002,2949,rad RT @mention Hey dudes @mention is giving away a sampler of bands at #SXSW w/ a free GLASSER track.. Pick it up! {link},9,2
1923,7683,"&quot;Gearing up to make a splash, @mention to Launch &quot;Groupon or Living Social-type&quot; Rewards at #SXSW&quot; (@mention {link}",9,2
2579,6869,RT @mention Want to win a ticket (1) to the #SXSW party? Rules are simple! {link} | Android Unite - Android News To The Masses #Android,9,2
5256,8450,Enjoying the rooftop terrace at the speakeasy. Reassured that by 'extraordinary hacking' Google meant soft couches and bar #sxsw,9,2
4580,5039,RT @mention : Aron Pilhofer from The New York Times just endorsed HTML over iPad at the #NewsApps #sxsw and asked us not to tweet...,9,2
5612,6457,RT @mention Q&amp;A with #bing &amp; #google. Let the games begin #qagb #sxsw,9,2
1343,3174,Platform for Concertgoers Launches Android App in Time for SXSW - {link} #sxsw {link},9,2
4762,8957,Not at #sxsw or in line for an #iPad I feel like I am a disgrace to geeks everywhere. At home working in @mention instead. #startup,9,2
2982,1496,I think I'm going to get a second iPhone just to view Push Notifications. #sxsw,9,2
2069,5080,RT @mention {link} @mention new mobile app. Your store circulars via Android Blackberry iOS Even Austin &amp; #SXSW {link},9,2
5303,105,".@mention &quot;Google launched checkins a month ago.&quot; Check ins are ok, but CHECK OUTS are the future. #sxsw #Bizzy (via @mention",9,2
1538,2784,Getting ready for my iPad 2 vs Android panel at #SXSW come check it out at 230!,9,2
4447,7062,"Apple's pop up store on sixth street STILL has a giant line in front of it, people waiting for their iPad 2 #apple #sxsw #insanity",9,2
3370,3162,"The next fin serv battle is vs Apple, GOOG, Mobile operators. They have consumer loyalty and tons of cash (vs. Banks) #bankinnovate #SXSW",9,2
3291,6510,RT @mention RT @mention Apple opening a pop-up store downtown Austin for #SXSW and iPad 2 launch {link},9,2
3406,6852,RT @mention VIDEO: Google: &quot;It Gets Better&quot;  // featured in the It Gets Better Book due out 3/22! #sxsw #sxswhomo {link},9,2
2839,5751,"RT @mention From #SXSW: @mention says @mention playing with NFC for next gen devices. Nexus S now, iPhone 5 next?",9,2
1797,227,Is Google about to have another go at social with &quot;Google Circles&quot;? #sxsw #google,9,2
4471,3074,There's yet *another line* at the Austin Apple store for IPad 2! Going well around the block! #SXSW,9,2
703,721,ÛÏ@mention is walking around #SXSW while staring down at my iPhone 4... Just like everyone else.Û // ummmm...ditto that,8,2
474,3082,"For any retailers headed to SXSW this month, check out @mention - Google's SXSW Twitter presence. #sxsw",9,2
3263,4966,"At the Google session, waiting for Marissa Mayer #SXSW",9,2
5966,4612,Interesting news ÛÏ@mention We interrupt your regularly scheduled #sxsw geek programming with big news {link}  #google #circlesÛ,9,2
2871,6620,RT @mention RT @mention We interrupt your regularly scheduled #sxsw geek programming with big news {link} #google #circles,9,2
480,449,"Too bad I don't have a _ button!
RT @mention I know its #SXSW time when I have an abnormal amount of app updates on my iPhone.",9,2
613,7118,Waiting for @mention and a #trollfoot appearance at the #SXSW Apple store. C'mon! :D,9,2
5839,5202,RT @mention #android app Bizzy challenges us to &quot;Check Out&quot; #Sxsw {link},9,2
4595,320,If I were at #SXSW I could spend it all at the @mention Teaching Theater alone; just look at that schedule: {link},9,2
6209,7603,No biz cards! Bump on iphone or google me RT @mention #SXSW is when I basically become automatic business card dispenser for a week,9,2
858,6865,RT @mention Want a free juice pack air for iphone 4? At #SXSW? WeÛªll be giving away 5 at a to-be-announced location. Stay tuned!,9,2
2135,929,Is anyone NOT hopping on this groupon bandwagon?! ÛÏ@mention to Launch &quot;Groupon or Living Social-type&quot; Rewards at #SXSW {link},9,2
1529,6288,"RT @mention March 11. Austin, TX. Will people line up at the #SXSW registration or at the Apple Store? ^_^",9,2
203,7965,@mention says she feels sexier when she uses an @mention product:-) #sxsw-influence,9,2
5937,7082,Apple to open temporary store at #SXSW {link},9,2
4726,5712,RT @mention Fantasy Bracket Challenge &amp; iPad 2 GiveAway {link} via #constantcontact #SXSW #MarchMadness #SelectionSunday,9,2
5201,5409,"RT @mention Apparently, if you Google &quot;ad preferences&quot; and you'll see what Google thinks you'll like. #seenocreepy #sxsw",9,2
3326,8570,"Released today by @mention Spin Play: Spin Magazine's iPad app, download it now! (1st issue free) {link} #sxsw",9,2
5029,3255,don't forget! come to our Q&amp;A With Google's @mention &amp; Bing's @mention On Ranking panel Mon 12:30pm at #sxsw {link},9,2
4173,3862,Z9: What is it? {link} [codes valid: 8:00-11:59:59a 03/12/11] #infektd #sxsw #zlf,9,2
1148,947,"New batch of iPad 2's just delivered #sxsw #ipad2 @mention Apple Store, SXSW {link} #photo",9,2
3681,1334,Interview with Mike McCue - Co-Founder of Flipboard! - iPad Users tune in now - {link} #smc #SXSW #fb,9,2
4966,4176,watching live. Not the tsunami. Apple iPad line at Austin #sxsw. Mostly @mention oh and that sexy @mention,9,2
1454,5310,RT @mention #SXSW party podcasts {link} @mention @mention @mention @DesignerDrugs @iAmPaintedFace @H0U5T0N,9,2
715,8402,@mention thanks for sharing news on @mention Thoughts on this news from @mention {link} #SXSW,9,2
1051,2210,Marissa Mayer demonstrating the google art project. Take a museum tour  without leaving home. Art for the masses. #sxsw,9,2
5610,4406,"Up next in 5: GoogleTV to iPad Apps: The Connected TV Experience
{link} #SXSW #ConnectedTV",9,2
3572,8031,"Today is so big, me and my stomach flu can hardly handle it. @mention (live) {link} #SXSW {link}",9,2
318,8432,Line for the Google and Bing pagerank session #crazy #sxsw,9,2
860,2550,"&quot;we do not want your undivided attention, so please take out your mobile phones and iPad 2s&quot; - @mention  #SXSW #LeanStartup",9,2
6042,8737,Hanging out with @mention at the @mention #google Industry Party...good crowd!  #sxsw,9,2
5127,5887,"RT @mention Google to Launch Major New Social Network Called Circles, Possibly Today {link} #sxsw (via @mention",9,2
2835,7346,#sxsw #japan #sendai #prayforjapan #beforetwitter #iPad #tiesto #hotel #airplane #food,9,2
6063,6561,"RT @mention RT @mention Hey Austin, know a little about #iPhone or #Android, love music &amp; wanna make $20/hour during #SXSW?  Please let me know.",9,2
5380,2631,What's the best iPad app for (offline) viewing of the #sxsw program?,9,2
5454,1239,Apple set to open popup shop in core of #SXSW action for #iPad2 unveiling {link},9,2
4006,778,"Google to Launch Major New Social Network Called Circles, Possibly Today {link} #sxsw (via @mention #pcbuzz",9,2
309,8691,"Apple popup store! #SXSW  @mention Apple Store, SXSW {link} #photo",2,2
1694,8478,i've run through 270% of my iphone battery in 8 hours. #sxsw,9,2
2362,290,@mention  Apple Store on Congress  {link} #sxsw #austin,9,2
6017,5355,"RT @mention 40% of google maps usage is mobile, 150M users using google maps mobile and users drive 128+ miles a year with Google maps navigation #sxsw",9,2
3096,5138,RT @mention @mention New iPad Apps For #SpeechTherapy And Communication Are Showcased At The #SXSW Conference {link} #iear #edchat #asd,9,2
3625,5606,RT @mention Check out our daily #SXSW reports (Dutch): DAY1 {link}  DAY2 {link} More to follow!,9,2
4363,5226,RT @mention #Google #Circles.. Google's latest Social venture Google Circles reportedly won't be launched at #SXSW today - {link},9,2
4535,2361,congrats chris! RT @mention #SXSW Interactive Award: Music Category to &quot;Wilderness Downtown&quot; @mention @mention @mentione,9,2
5332,3068,Today's sessions (1 of 2) at #sxsw -- Print design as future: {link} | Your Mom/iPad: {link},9,2
5500,6864,RT @mention Wanna know where the fast cellular signal is at #SXSW? Get Coverage: Austin for iOS (FREE) for detailed maps - {link},9,2
86,8559,Guy next to me is carefully studying the &quot;best parties at #SXSW 11&quot; spreadsheet he made on on his iPad. But it's an iPad 1. N00B!,9,2
2132,1184,"I bet you they sell out of their 100,000 new ipads in less than 3 days #sxsw #ipad (@mention Apple Store, SXSW w/ 70 others) {link}",9,2
75,3863,Quantter is launching an iPhone app soon. We're participating in the LaunchRock comp at #sxsw {link},9,2
3351,7419,Pop-up Apple Store to sell ipad2 at #SxSW. The line is insane!  {link},9,2
3791,7390,I hope Apple had enough foresight to overstock the Austin stores with iPad 2's tomorrow #SXSW,9,2
4840,7171,"New blogpost Google Announces 60 Checkins in Austin, Texas #SXSW {link} + my iCNNreport post: {link} #sxsw #SCRM",9,2
4332,3381,#technology #Apple Opening Pop-Up Store In Austin For #SXSW: Apple is setting up a pop-up store at West Sixth... {link} #tech,9,2
5361,3580,I'm know I'm going to Austin tomorrow but my iPhone is definitely trying to convince me I'm going to Autism. #sxsw,9,2
1501,652,Practical ideas on android development - Bit.ly/androidhig - #sxsw,9,2
3957,8247,#SXSW lost iPhone in black Parra hard case. Has pink clouds and thunderbolts on back. Email deshi80227@mention Thanks!,9,2
4256,4381,&quot;Community is a place where the web is your friend and the app is not.&quot; {link} #sxsw #grauniad,9,2
6093,3301,"haha, Google serving pies at the #sxsw booth at 3/14 1:59 pm.",9,2
4632,5161,RT @mention /@mention Grab the latest @mention before #SXSW! {link} #saytextson!,9,2
531,7265,anyone know if the apple store at #sxsw still has ipads? or is likely to run out today?,9,2
2426,202,"Wonder if 4sqwill attempt to block GoWalla cross-checkins, the way Facebook blocked Google's contacts connections.  #sxsw #lbsWars",9,2
3640,210,"There was a guy in line for Apple's pop-up store on Sixth Street in Austin. &quot;I'm that guy,&quot; he told me. #sxsw",9,2
3702,1153,Check out the FREE @mention Sampler on iTunes! {link} #SXSW,9,2
6238,7409,#SXSW #apple store just sold their last #ipad,9,2
244,8614,Are you stuck inthat long a$$ line at the Apple store? Come check us out! We are in the next block across from Driskill! #Apple #SXSW  #WAM,9,2
503,4752,"&quot;@mention  #SXSW-Google to Launch Major New Social Network Called Circles, Possibly Today by @mention {link} via @mention",9,2
2154,4608,Z16: Saving Grace {link} [codes valid: 4:00-7:59:59p 03/12/11] #infektd #sxsw #zlf,9,2
2487,3253,Don't forget tomorrow is the music tech category. Download our android or iPhone app before you show up. #sxswaccel #sxsw,9,2
3969,1058,"OOOOrkut? RT @mention RT @mention Google to Launch Major New Social Network Called Circles, Possibly Today {link} #sxsw",9,2
767,5153,RT @mention @mention Wanna sign up for the beta: {link} #SXSW #hhrs ---&gt;&gt; did it!,9,2
4041,896,"There are more than a few PATs here at #sxsw. If you don't know what I'm talking about, please google Julia Sweeney and learn.",9,2
5147,1829,Awww yeaaa new music from @mention just in time for #sxsw {link},9,2
4198,2293,The last broadcast OR Your mom has an iPad. #SXSW,9,2
6345,6571,RT @mention RT @mention It's not a rumor: Apple is opening up a temporary store in downtown Austin for #SXSW + the #iPad2 launch {link},9,2
878,2993,Ever wonder how Google Maps captures those street views? #SXSW {link},9,2
3658,5113,RT @mention @mention announces #windowsphone app today #sxsw {link} #wp7,9,2
2314,5483,RT @mention Apple's doing a #sxsw pop up store for iPad2 sayeth @mention {link},9,2
4669,5006,"Report from @mention that Google may announce #Circles, a new group-aware social network at #SXSW tonight - {link}",9,2
4208,1554,"@mention @mention @mention There's talk that Apple's thinking of a downtown AUS location, and this temp #SXSW store might be a test.",9,2
1697,2973,Fan up @mention To kick off #SXSWi @mention is giving away an iPad 2... Just visit the FB page to enter: {link} #SXSW,9,2
779,1428,"In Austin: not surprising, most popular accessory seems to be the ipad. closely followed up by BBQ pork waffle cone. #sxsw",9,2
2590,1969,"Now You Can Actually Use Q&amp;A Site Hipster, If YouÛªre At SXSW That Is {link} #CO #iPhone #online #SXSW",9,2
1564,3599,Any Android developers going to #sxsw?  @mention me,9,2
1498,6943,RT @mention Will we see Google's new Social Network &quot;Circles&quot; today? {link} #SxSW #SxSWi,9,2
1737,6689,RT @mention Stop killing trees! RT @mention New post: Business cards are dead: Send me your card via Hashable at #SXSW {link},9,2
4100,6622,RT @mention RT @mention We're co-hosting a cmty mngr meetup w/ @mention @mention @CMmeetup at Etsy Austin space on 6th. 6-8p. Google schwag. Come! #sxsw,9,2
2518,4488,"iPad2 launch at Apple pop-up store in Austin, Texas for #sxsw {link}",9,2
656,6004,"RT @mention Hey #sxsw, there's some offers out there for ya {link}",9,2
162,7643,"aight, here's my wed + thurs list of #sxsw possibilities: {link} i hope to see all my twitter buds out + about atx this week!",9,2
1593,6387,RT @mention Notetaking bingo. Will they pull out an iPad 2 or a moleskin? #SXSW,9,2
4602,5870,"RT @mention Google to Launch Major New Social Network Called Circles, {link} #sxsw - Brazil's orkut users have been waiting.",9,2
2719,3811,Win free ipad 2 from webdoc.com #sxsw RT,9,2
4898,1929,"Existential Google. MT @mention ÛÏContextual DiscoveryÛ Demo: where you are, your history, time of search to refine results. #SXSW",9,2
506,3217,best thing abt @mention for #SXSW?  bad ass brunch w/patio &amp; plenty of free parking | 5-10 min N of &quot;the mess&quot; {link},9,2
834,628,"Apple and HP popups at #SXSW. Gee, I wonder which will get more traffic. -  {link}",9,2
2329,3618,I wonder if Apple is setting up a makeshift shop at #SXSW to sell iPad2's tomorrow!?,9,2
404,353,".@mention Bahrain govt turned off Google Earth. As a result, more people learned about it and govt had to turn it back on. #sxsw",9,2
2543,1984,@mention and @mention open up a 64GB 3G iPad 2 - Unboxing and first look - @mention #ipad2 #ipad #apple {link} via @mention #sxsw,9,2
6308,7167,Live photos at Apple Store #SXSW 10x2 @mention @mention @mention @mention @sehugg @kshepherd @juntao @WuChangTX #iPad {link},9,2
1233,642,"Honestly, I think everyone at #sxsw owns an @mention laptop! #truestory",9,2
4341,7721,"miami horror, tacos and bloody marys. i'm there. https://sites.google.com/site/frontgatesxsw11/ #sxsw",9,2
5213,1416,"Announced: as of today, @mention is no longer Wine Library TV. New app for iPhone is Daily Grape. #SXSW",9,2
1330,1988,At #SXSW and having 10 times better luck with my Verizon air card than my AT&amp;T iPhone.,9,2
789,8716,"A full house. Apparently more people care about their Google rankings than synthetic life. Tsk, tsk people. #qagb #sxsw",9,2
1455,4635,"Interesting! RT @mention Google to Launch Major New Social Network Called Circles, Possibly Today {link} #sxsw",9,2
287,4146,Every outlet in this bar has an iPhone charger in it. #sxsw (@mention The Driskill Hotel Bar w/ 16 others) [pic]: {link},9,2
3843,2078,I just heard that iPads are sold out (except for a few) at Apple pop-up store #sxsw True?,9,2
226,7068,Apple to Open 'Pop Up' Temporary Store at #SXSW for iPad 2 Launch {link} via @mention,9,2
3233,5663,RT @mention Design for iPad is like a design 101 class. Will someone give a talk and assume that we didn't all ditch our previous experience #sxsw,9,2
2555,3821,Left the ipad back at the hotel...only one here on a blackberry #bigmistake #SXSW,9,2
406,5318,RT @mention #sxsw tip of the day (again ;-). turn your iphone screen brightness down. way down. #conservebatterylife #peace @mention,9,2
679,3831,Line for iPads at #SXSW. Doesn't look too bad! (I waited 6.5 hours for an iPhone 4). {link},9,2
3987,8394,"Aaron Forth mint.com: Pick platform carefully. (iPhone) Device adoption. Direct to consumers. 
#SXSW #sxswmobileapps @mention",9,2
790,1464,Got Green? Check out @mention LIVE in Austin during #SXSW ..check out his show schedule here -&gt; {link},9,2
3573,6911,TR @mention We're wondering how many @mention will come back from #sxsw with iPad 2's. Maybe everyone? {link},9,2
5899,4907,In front of @mention popup store at #SXSW last night {link},9,2
1489,2863,"By the tweets of it, friends are boarding planes around the world heading for #SXSW . Have a great festival. Bring me an iPad.",9,2
1053,891,"HootSuite Mobile for #SXSW ~ Updates for iPhone, BlackBerry &amp; Android {link} #hootsuite",9,2
2528,6423,"2rd stop on our most excellent meat adventure, city-market in lulling! Good, but no smittys! {link} #sxsw #MeatXMeatWest #BxBQ",9,2
4038,1967,Marissa &amp; the Google crew recommend Amy's Ice Cream in Austin  #SxSW,9,2
1268,7375,Another iPhone related dream: I invented an app that dispenses chili-cheese waffle fries.  #sxsw #allcomfortfooddiet,9,2
5733,4361,1 of the most important things needed when designing for the iPad: gesturing -the ability to talk with your hands. That and listening #sxsw,9,2
3763,74,"Ha.ha. RT @mention #SXSW News: Yahoo.com is loosing search traffic to new site, Google.com. Doubt it will last tho w/ that weird name.",9,2
4279,2696,"The Future of Reading Online Is Customization &amp; Sharing, Not Tablets {link} #SXSW",9,2
1439,4779,#sxsw @mention in her 80s splendor dancin to the spazzmatics at ACLU google #partylikeits1986 !  {link},9,2
5449,6306,RT @mention Mayer: 20% of Google searches are for local information #SXSW ^pr,9,2
5110,1299,"Encounter w charming/intense @mention #TheThankYouEconomy, w bright @mention #localmind. Suffer @mention have fun @mention party #sxsw",9,2
5297,2532,@mention did you see my tweet from before re:ipad 2 being sold at #sxsw ?,9,2
2838,5123,RT @mention @mention from Google taking the mic  #health2dev  #SXSW,9,2
1421,7702,"False Alarm: Google Circles Not Coming Now, And Probably Not Ever {link} - so much for reports that it would unveil at #sxsw",9,2
2443,8765,Just arrived and haven't seen a single person without an iPhone. ATT better be ready! #SXSW,9,2
3944,3602,#Apple said to open temporary store at #SXSW {link} via @mention,9,2
85,1989,@mention and I did a &quot;south by&quot; drive-by for this baby!! What an adventure!! #sxsw #iPad #fb  {link},9,2
5611,3673,"standing in back of rm, iPhone plugged in, laptop won't connect but ready for if everything's so great why's no one happy #gsdm #SXSW",9,2
1809,8177,Jaysis! RT @mention RT @mention Whoa! line at the pop up apple store in downtown #sxsw  {link},9,2
1115,6289,"RT @mention Marissa Mayer talks the future of Google maps and discusses Hotpot, its answer to location-based ratings and recommendations #SXSW -KEK",9,2
6200,2523,The iPad design panel in Hilton Salon J is filling up quickly. No surprises there. #tapworthy #sxsw,9,2
6270,2777,Had no idea that @mention quietly launched its Hotpot review product last fall #outoftheloop #sxsw.  Look into it.,9,2
6346,5802,RT @mention Google 80's Party! #SXSW (@mention Maggie Mae's w/ 64 others) {link},9,2
3165,402,"tools for collaboration across boundaries ~ google, webex, dropbox, whiteboarding, basecamp, join.me, ipad #sxsw #evolvingworkplace",9,2
4298,1039,"Future of retail instore = party [goods] up front, biz [inventory ]in the back ala #apple mullet #sxsw #kiosks",9,2
1506,1745,Going to #sxsw? Need a lift from the airport? Register for the FREE @mention shuttle! {link},9,2
556,6783,So @mention thinks I may have coined a new term: &quot;apptrophy.&quot; It's what happens to unused iPhone apps. They have disuse apptrophy. #SXSW,7,2
1611,1139,Pics from the #apple #ipad2 line at #SXSW #fb  {link} {link} http://t.co/26SVO3m,9,2
1112,6449,RT @mention Pop-up Apple Store to sell ipad2 at #SxSW. The line is insane!  {link},9,2
124,4656,Apple opening a temp store on 6th and Congress in Downtown Austin for iPad 2 release and SXSW #SXSW,9,2
2370,1378,Apple pop-up store in Austin for #SXSW {link} By @mention (via @mention &lt;&lt; #Brilliant #popupstore #experiential,9,2
2979,5602,RT @mention Celebrate Beauty of the Web @mention the MSFT #IE9 launch &amp; play our new #html5 game to win an iPad2 {link} #sxsw,9,2
5267,4597,"Interesting --&gt;&gt; RT @mention Google to Launch Major New Social Network Called Circles, Possibly Today {link} #sxsw",9,2
2878,7665,#Google Preparing To Launch #SocialMedia ÛÏCirclesÛ at #sxsw ÛÓ Or Maybe Not {link} via @mention,9,2
4293,6616,RT @mention RT @mention video from the popup Apple store: {link} #sxsw #sxswi,9,2
4274,889,"HootSuite Mobile for #SXSW ~ Updates for iPhone, BlackBerry &amp; Android {link} (via @mention",9,2
3662,3918,Playing with {link}  New service rolled out at #SXSW  Web or iphone version.  Android and webos?,9,2
5400,6941,RT @mention Will Google reveal a new social network called Circles? #Google #Facebook #Twitter #SXSW {link} via @mention,9,2
2096,2859,I can't keep up with this stuff: @mention to Launch @mention like rewards at #SXSW {link} via @mention,9,2
2390,4069,@mention launched there 1st iPad app at #SXSW! Get all the details + the first edition FREE,9,2
70,8075,now discussing PubSubHubbub: {link} #fsw #sxsw,9,2
2890,2286,#iPad2 Unboxing Outside the #SXSW #Apple Store {link},9,2
4136,5056,RT @mention .@mention reveals average time users spent on NYT's Oscars iPad app was 16mins: &quot;That blew my mind&quot; #newsapps #sxsw,9,2
1561,6702,RT @mention SXSW attendees! Come see #Aquent booth 1415 #SXSW trade show. You might win iPad 2!,9,2
2453,436,"Taking in Designing iPad Interfaces - New Navigation Schemas at SXSW.
{link} #SXSW #UXDes",9,2
1033,6442,"RT @mention Per this rumor, Google may preview its big social strategy at an '80s-themed costume party at #SXSW. Yep. {link} #cnet",9,2
4144,4366,google &amp; facebook have an official death policies. But vast majority of digi companies don't #digitaldeath #sxsw,9,2
1378,1088,ÛÏ@mention So @mention just spilled the beans: next platform for Flipboard is the iPhone. Team started working on it. #sxflip #SXSW #SXSWiÛ,9,2
371,3900,"I'd love it if Google said, &quot;Why do you want to know?&quot; #sxsw",9,2
4654,5703,RT @mention every time u hold yur ipad 2 up in the air to snap a pic it reminds me of a priest holding up a bible. except designed in california. #sxsw,9,2
5706,5640,RT @mention Confusion over Google Circles. Google claim Circles is not being released at #sxsw and is not even in development. {link},9,2
4423,2821,"4.  We need experts coming together.  #sxsw brings experts from Google to Foursquare together to meet, greet, and present!",9,2
3962,5464,RT @mention Apple set to open popup shop in core of SXSW action  - they're going to sell iPad2 at #SXSW! {link} // danger,9,2
6232,7099,Apple is opening up a temp store in Austin for #SXSW {link} via @mention #iPad2,9,2
3745,2009,Lonely Planet's free guide to Austin: {link} iPhone #sxsw,9,2
3026,5200,"RT @mention &quot;we do not want your undivided attention, so please take out your mobile phones and iPad 2s&quot; - @mention  #SXSW #LeanStartup",9,2
3994,557,"Queue for Google (and, er, Bing) talk on spam is ridiculous. Busiest I've seen. #SXSW",9,2
4133,3797,"RT: @mention With 150 million mobile users on Google maps, 40% of all Google Maps usage is from mobile devices. #maps #sxsw",9,2
1185,8193,If u're at #sxsw don't u have cooler things to do? RT @mention 10:30 AM line at Apple pop-up store. It opens at 5 PM. #sxsw {link},2,2
2936,3995,Google take 3. Google Circles may be announced today at #SXSW. Their third try at #SocialNetworking. {link},9,2
2036,1291,"Argh, the UX meet up is at the exact same time as the iPhone dev meetup. Where is my clone? #sxsw",9,2
5381,7700,False Alarm: Google Circles Not Coming NowÛÒand Probably Not Ever {link} more {link} #SXSW #SXSWi,9,2
2347,5596,RT @mention Can't be at #sxsw? download their free music mix on itunes {link} cc: @mention,9,2
766,3628,Find out if you are stupid with our Stupid Game for you #iPad currently on special #sxsw sale! {link},9,2
4352,583,"ÛÏ@mention Google to Launch Major New Social Network Called Circles, Possibly Today {link} rt @mention #sxswÛ",9,2
4957,1311,÷¼ Why are we so fascinated byÛ_ {link} ? #edchat #musedchat #sxsw #sxswi #classical #newTwitter ÷_,9,2
1050,4962,Off to Google party with @mention then @mention @mention @mention at www.getdown.com #msusxsw #sxsw Tweet me if you're there! (@jeremie),9,2
1948,8597,Got lost trying to fond the apple store in Austin so @mention instead!! #sxsw,9,2
1192,855,If anyone lost an iPhone in a cab in downtown Austin last night please hit me up. #sxsw,9,2
3664,6339,RT @mention Ne sapete qualcosa? ÛÏ@mention Google to Launch Major New Social Network Called Circles {link} #sxswÛ,9,2
4850,7041,"Demo of Google Hotpot at #bettersearch panel: still pull search, but personalized. Not yet serendipitous? #SXSW",9,2
4630,5022,@mention omg. Only the best conference of all time ever. Google it. #sxsw #4sqchat,9,2
2248,7391,"#tech #Apple heads to #SXSW, sets up temporary store in Austin {link} #technology",9,2
2101,1224,Listening to Google's Nadya Direkova on using game mechanics to create user engagement in social web apps. {link} #SXSW,9,2
398,4795,#todo @mention Q&amp;A With Google's @mention &amp; Bing's @mention On Ranking - #SXSW Mon 12:30pm {link},9,2
2796,3104,"If 2.68 devices is not enough for you, go to Apple pop-up store at #sxsw for a new iPad2. {link}",9,2
2562,4682,I'm the only one at #sxsw without any apple products,9,2
5470,3504,Got an iPhone or Android app? Come see me at the Microsoft booth and I'll give you a token for free entry into our marketplace. ($99) #sxsw,9,2
4760,2605,"HBD! If we all donated a dime... RT @mention everyone coming to #SXSW, a friendly reminder that iPad 2 out Friday &amp; my birthday is Saturday",9,2
4616,1573,Love. RT @mention Anyone at the show have an iPhone charger? Need to tweet jokes about beards/text ppl to make them jealous. #sxsw,9,2
4461,3450,"#SXSWI: The only place where its not considered rude to text, tweet or look at your phone/iPad during a meal or conversation. #sxsw",9,2
5065,8080,"{link} - SSxSW Showcasing Artists Torrent. 1300 songs for 2011, preview at {link} #fb #sxsw #npr",9,2
4099,2721,Temp Apple store in Austin has quite a few #iPAD2 left... #SXSW,9,2
3882,2619,"If you are at #SXSW stop by the Austin Details Gallery to check out some #iPad art
{link} #Art",9,2
5097,2461,"free #iPad Lounge open daily for #SXSW serving art made on iPads, and local art, free coffee, @mention Austin Details {link} #photo",9,2
1137,5216,RT @mention #Apple to open pop up store at #SXSW in time for #ipad2 sales {link},9,2
5336,8328,{link}  RTÛÏ@mention Google will launch major new social network called Circles. #SXSWÛ,9,2
2337,7729,"#ACLU Approved? WT? RT @mention Google to Launch Major New Social Network Called Circles, Possibly Today {link} #sxsw",9,2
335,6727,RT @mention The #iPad 2 Takes Over #SXSW [VIDEO] /by @mention {link},9,2
2389,1904,@mention after a few days of #sxsw you still thinking of skipping an iPad? #lightnessofbeing,9,2
3175,1627,"@mention @mention send over early app access for iOS or Android, be glad to be on the QA team to help out #sxsw",9,2
4329,2365,It's official: everyone at #sxsw uses an iphone.,9,2
4263,1159,ÛÏ@mention The iPad 2 Takes Over #SXSW [VIDEO]: {link} via MashableÛ,9,2
2079,6067,RT @mention I wish @mention &amp; @mention would make WhisperGram - HollerGram for iPhone size screen. #sxsw,9,2
5138,1555,@mention @mention @mention This is the press release for the iPad apps I am helping launch at #SXSW {link} #sxswi,9,2
6178,253,Reminder: Android and Chrome TTS talk @mention 1 PM today!  {link}  #sxsw,9,2
292,2306,{link} #TC #google #sxsw Marissa Mayer: 40% Of Google Maps Usage Is Mobile (And There Are 150 Million... {link},9,2
5702,2800,itune released free #SXSW featured music! download them today {link},9,2
4816,2083,"@mention Are you at #sxsw ?  || No, just watching from afar.  Couldn't help noticing buzz generated by  a shirt + arduino + android !",9,2
1607,8065,South By Southwest: Google Looks to a Mobile Future {link} #sxsw,9,2
4538,6138,RT @mention Interesting. Google will launch circles later today where context is added to search #sxsw {link},9,2
5710,1605,#sxsw RT @mention Just crashed a segway into google #technology,9,2
4968,5511,RT @mention At #sxsw? @mention / @mention wanna buy you a drink. 7pm at Fado on 4th. {link} Join us!,9,2
5915,5989,RT @mention Here it is! Join actsofsharing.com and starting tonight the person with the most friends in their city by end of #SXSW wins an iPad 2!!!,9,2
5223,8305,Right next to the Google building! #SXSW (@mention Hyatt Place ÛÓ Arboretum) {link},9,2
5628,3167,"@mention flight is delayed to Austin, so networking with google and the webby awards #sxsw",9,2
5788,2976,#sxsw: @mention What if Google asks you &quot;why do you want to know that&quot;?,9,2
3268,5843,RT @mention Google Launching Secret New Social Network Called &quot;Circles&quot; #SXSW,9,2
1662,6600,RT @mention RT @mention Reactions to Google Circles news so far range from &quot;not again&quot; to &quot;please rescue me from the Facebook.&quot;  #sxsw,9,2
699,5100,RT @mention @mention @mention check this: {link} #SXSW #google,9,2
1390,8033,@mention So did u make it to the Google party at #SXSW  :-),9,2
1117,5527,RT @mention Attending #sxsw? Austin Guide by @mention is now free to download on iTunes - {link} #lp,9,2
1762,5254,RT @mention #SxSW - &quot;Pre and Post iPad - The Death of Flash&quot; - {link},9,2
2016,1837,It's not a rumor: Apple is opening up a temporary store in downtown Austin for #SXSW and the iPad 2 launch {link} #rgv,9,2
3232,1163,Z27: I Am the Law {link} [codes valid: 4:00-7:59:59p 03/13/11] #infektd #sxsw #zlf,9,2
5508,920,Why isn't news industry spending more R&amp;D? Why wait for Apple to innovate for publishers (b/c print is subsidizing efforts.) #newsapps #sxsw,9,2
5608,3243,#Samsung Galaxy S II shows up in the woods of the #Teamandroid #SXSW event more here: {link},9,2
345,2515,giving added value to location based services needs to battle check-in fatigue #google #pnid #sxsw,9,2
271,3455,@mention Heading to Austin for #SXSW? The @mention Austin guide for iPhone is free for a limited time {link} #lp #travel,9,2
3871,2231,Marissa Mayer: Google Will Connect the Digital &amp; Physical Worlds Through Mobile - {link} #SXSW,9,2
3680,207,We've got a busy week ahead: Our new book on #Google Apps will be available on Amazon &amp; we're attending #SXSW,9,2
6058,1340,"Cool! And yes, Happy B-day @mention ;-) RT @mention New post: Business cards are dead #SXSW {link}",9,2
2734,1396,"Great job, Siva! RT @mention A brief account of my #SXSW talk &quot;Be Evil&quot; #beevil {link} #ucpress #google",9,2
3318,5380,RT @mention Alarms should go off if you allow users to generate content! - says Google's Richard Salgado #privacybootcamp #sxsw,9,2
1377,1072,I current screen in my browser is &quot;Upload an Application&quot; #android #lmndst #startupbus #sxsw,9,2
5351,5788,RT @mention Going to #SXSW? We compiled a list of the top 6 smartphone apps to have while in Austin. {link} #iPhone #Droid,9,2
5720,2545,Almost didn't bring my #iPad to #SXSW b/c it's a 1st gen. Having lunch wondering what the SXSW hipster uniform will be this year. #FB,9,2
1778,602,Bring it  guys! About to start  in Austin with @mention and @mention at #touchingstories ##SXSW  &quot;Designing Digital Magazines for the iPad&quot;,9,2
1807,3625,I wonder if the front camera to back camera use ratio will be very different btwn the iPad and iPhone #SXSW,9,2
43,4609,Like seeing how @mention is applying technology to Art Project. #sxsw,9,2
2103,5205,RT @mention #Apple finagles way to earn brand awareness at #SXSW: {link} #harhar,9,2
617,7879,The Bus is leaving the Google party and headed to the Power Plant party at 214 w Ave. #SXSW,9,2
471,630,Wonder if I can fit an iPad 2 in my luggage as I'm packing for Austin? Hmmm. #sxsw,9,2
5037,8317,Text &quot;SXSW&quot; to 24587 for chance to win iPad! Drawing 3/17 at Friends #SXSW. Must be present to win! See ya there! {link},9,2
996,7348,@mention panel hashtag for your mom has an iPad: #yourmom #sxsw #winning,9,2
3678,3857,"@mention is currently at #SXSW - learning stuff about iPad design, it would seem: {link}",9,2
4296,7584,Google Circles will be [a true competitor in the social realm?] [cc: @mention #sxsw,9,2
3794,6795,RT @mention THIS was the best thing I saw at #SXSW tonight. RT @mention Security guards protecting iPad 2. Awesome. {link},9,2
152,3172,Platform for Concertgoers Launches #Android #App in Time for #SXSW {link} via @mention #music #events #liveshows,9,2
4419,7611,Anyone here at #SXSW know where the &quot;PopUp&quot; Apple Store will be in Downtown Austin? :) #Apple #ipad2 #purchase :),9,2
6148,7785,@mention RT: New #UberSocial for #iPhone now in the App Store includes UberGuide to #SXSW sponsored by #Mashable {link},9,2
291,7616,Popup store de gadgets da Apple no #SXSW {link},9,2
5439,2900,#Smmnextgen Tools on the cheap: google analytics+excel+buzzmetrics.  Also Radian6 and Altimeter.  #sxsw #sloansxsw,9,2
5094,7688,Google Marissa Mayer: mobile phone as a cursor of physical location - new version of map fast and more real life like   #sxsw,9,2
5111,6786,RT @mention This could be the first big news out of #sxsw... {link}  Google building new social framework.,9,2
2992,7430,"If Apple pops up a store for an event like SXSW, u think AT&amp;T could at least put up an extra friggen tower? #sxsw",9,2
935,1493,Hurrah!...the #sxswi festivities have begun. Met some Mozilla and Google folks tonight at @mention event. #sxsw,9,2
2102,5334,RT @mention ÷¼ Are you all set? ÷_ {link} ÷_ #edchat #musedchat #sxsw #sxswi #newTwitter,9,2
4524,2436,"Google and ACLU are buddies?ÛÏ@mention Google to Launch Major New Social Network Called Circles, Possibly Today {link} #sxswÛ",9,2
4044,2669,200 people in line at pop up Apple store at #sxsw,9,2
1488,2132,Can't be at #sxsw? download their free music mix on itunes {link},9,2
6067,425,&quot;the default state of users is more leisurely and contemplative&quot; @mention #ipad #sxsw,9,2
2724,6540,"RT @mention RT @mention Google says the future is location, location, location: {link} #SXSW #CNN",9,2
2299,6940,RT @mention Will Google preview a major new social service called Google Circles today at #SXSW {link} cc. @mention,9,2
4211,6399,RT @mention Official #SXSW IPhone/iPad/iOS meetup is almost all employers looking for developers.  {link},9,2
1458,4973,Ben at Google: Think while making as fast as you can - aim to have a product on day one: #agileagency #sxsw,9,2
432,9003,"Austin, my pal @mention lost her phone, please help RT @mention I left my WHITE iPhone 4G in a cab in Austin at #SXSW Internet, please help.",9,2
2571,672,NFC to be included on iPhone 5? Maybe.... #sxsw,9,2
3077,1838,It's not a rumor: Apple is opening up a temporary store in downtown Austin for #SXSW and the iPad 2 launch {link} via @mention,9,2
742,8987,Is anybody having trouble downloading the #SXSW pak in the @mention app for iPhone.,9,2
1855,6847,RT @mention via @mention - #Apple set to open temp store in downtown #Austin during #SXSW - {link}  #iPad2,9,2
2359,2084,@mention are you in Texas? HOW IS IT?  #Apple #SXSW,9,2
117,3182,Register for our private beta and to win an Apple TV during #SXSW! Visit {link} for details,9,2
564,6741,"RT @mention the internet blurs, {link} the iPad fades, {link} ÛÒ @mention at #SXSW",9,2
3731,3505,Got an iPhone or Android app? Im in  back of the Phone Gap session.  Show me your app and get into the Windows Phone marketplace free. #sxsw,9,2
76,7293,You can download a free @mention sampler of some of the bands playing at #SXSW here: {link},9,2
4181,3955,@mention Just found out apple is opening a pop-up shop in DT Austin. Hoping I don't have to camp out w @mention #SXSW,9,2
4939,4787,(Y)RT @mention New  #UberSocial for #iPhone now in the App Store includes UberGuide to #SXSW sponsored by #Mashable {link},9,2
4064,1049,"B_social! RT @mention Google to Launch Major New Social Network Called Circles, Possibly Today {link} #sxsw #in",9,2
1761,8330,&quot;Lotta hipsters here. You could meet a guy in a fedora with an iPad 2.&quot; @mention to his assistant on the stage at #sxsw,9,2
2165,2635,Now at the better living through cloud computing #SXSW session with John Wiley from Google #bettercloud{link} {link},9,2
5276,3398,"Photo: Ooh, a triple: MacBook, iPad, and iPhone simultaneously #SXSW (Taken with Instagram at Hyatt Regency... {link}",9,2
6223,4118,From #Apple to #Naomi Campbell: pop-up stores are all the rage: {link} #sxsw,9,2
1425,4066,Grab the latest @mention before #SXSW! {link},9,2
2352,8933,#Socialnews RT @mention Facebook can breathe a sigh of relief- Google kills plans 4 'Google Circles' {link} #sxsw,9,2
4757,3088,"YouTube gets 2B views/day, 10% are mobile. 35 hours of video uploaded every minute. @mention Google League of Extraordinary Hackers #sxsw",9,2
951,5079,RT @mention [Just FYI...] BREAKING: Google to Launch Major New Social Network Called Circles...Today? {link} via @mention #sxsw #socialmedia,9,2
6106,7069,Apple to open &quot;popup&quot; guerrilla store on 6th and Congress for #SXSW in Austin. Wonder what they're selling? {link},9,2
4230,8361,Need a Late Night Snack? @mention discovered some filling options at SXSWi RECAP DAY 3! {link} #sxsw #yum,9,2
6155,2923,"What happens at the google party, doesn't stay at the google party.... It's waiting in your inbox when you wakeup #sxsw",9,2
4250,9024,"by the way, we're looking for a spanish-speaking trend scout based in Austin -&gt; {link} #sxsw",9,2
3414,8951,New at #sxsw film this year: folks sitting in line reading scripts on their #ipad,9,2
3666,8456,"Shoe on other foot. Newspapers always chasing young readers. At #SXSW, young developers pack panel on iPad design for boomers. #yourmom",9,2
2644,3097,Android Developers Meetup #SXSW @mention The Hilton {link},9,2
2477,4687,Who's #winning #SXSW the day before it even begins? Apple - {link} /@mention,9,2
1687,7010,"Did some one say free music? Did someone say free @mention music!? Yes, yes they did. {link} #SXSW #FreeMusic",9,2
423,7242,Checking out Q&amp;A With Google &amp; Bing On Website Ranking at #SXSW #qagb #raidsxsw,9,2
1930,5489,RT @mention Are you attending the #SXSW and want to explore #Austin ? Check out @mention for Austin {link},9,2
3606,8077,Health sessions at #sxsw (via @mention {link},9,2
4568,1567,@mention @mention apple's gotta take advantage of all the hipsters that head out to #SXSW somehow.,9,2
3025,267,"BREAKING: Apple announces partnership w/porn industry for new #ipad2 video chat app called, &quot;O-FaceTime&quot;. #sxsw",9,2
4121,2292,Should I bring my iPad and MacBook Air OR just my Air on the #startupbus to #sxsw? #NYC,9,2
2806,8636,#SXSW party time with @mention and @mention thanks @mention,9,2
4245,678,#TheKills interview now on @mention at #sxsw may be one of the most painfully vacuous interviews in history. {link},9,2
1742,7200,#bettercloud #SXSW presenter &amp; Austin native John Wiley happens to be chief engineer behind Google search,9,2
508,7678,For any friends coming to Austin for SXSW: {link} #Austin #sxsw,9,2
540,6921,RT @mention What does an Apple security guy after he locks up the store..... #sxsw - {link},9,2
5301,1750,@mention #webmobile talking about #mVideo. Talked about iPhone and Android video but what about the other 85% of phones? #SXSW,9,2
4830,6029,"RT @mention Homeless guy in front of Apple pop-up store here at #sxsw is holding a sign that says, &quot;Need money for iPad 2&quot;",9,2
3675,8722,"my wife just tried to call my ATT iphone, only 2 have ATT say my number was not working. is #sxsw taking down all ATT networks nationwide?",8,2
1893,7182,Panel &quot;iPad 2 vs Android vs the World&quot; #platform met @mention #sxsw #sxswNL - {link},9,2
1261,7898,"Tomorrow's panel on #CSS panel features folks from Opera, Chrome, IE, Mozilla and W3C. Apple is downstairs selling iPads. Ahem. #sxsw #apple",9,2
1848,753,Google to launch Circles social network at #sxsw? {link},9,2
557,8100,"&quot;We started google doc to crowdsource/ Arab voices, Egyptians from all over world took shifts to help translate&quot; @mention #Arabspring #sxsw",9,2
4220,7545,Co Founder of Google Teacher Academy is bringing HS students from Austin to show how they use tech: {link} #SxSW #education,9,2
3339,7314,N12: Sheep to the slaughter {link} [codes valid: 12:00-3:59:59p 03/12/11] #infektd #sxsw #necro,9,2
5004,3245,#SXSW #qagb an extremely packed house at this panel: Q&amp;A Google &amp; Bing on Website Ranking,9,2
5038,3282,"&quot;Google before you tweet&quot; is the new &quot;think before you speak.&quot; - Mark Belinsky, #911tweets panel at #SXSW #sxswi",9,2
4272,7979,"No surprise... ÛÏ@mention Google to Launch Major New Social Network Called Circles, Possibly Today {link} #sxswÛ",9,2
866,3006,Gary Vaynerchuck lÌ_gger ner winelibrary.tv och slÌ_pper i stÌ_llet Iphone-appen Daily Grape. #thankyoueconomy #sxsw #swesxsw,9,2
3619,6397,RT @mention Official #SXSW App Û÷SXSW GOÛª {link} #android #iphone #ipad,9,2
852,8408,"@mention Thanks! Good tidbit on the I/O conference, too, thanks for sharing that. #sxsw #google",9,2
5126,7704,"No. Confirmed RT @mention Google to Launch Major New Social Network Called Circles, Possibly Today {link} #sxsw",9,2
1704,2082,@mention are you around #sxsw? Need a US sim for my iphone 3GS for the next 10. Wanna bring one in? #please,9,2
1122,679,Can't get into my first panel today. Line looks like the Apple Store. #SXSW {link},9,2
4508,6163,"RT @mention iReport on Austin Apple store, via @mention highlight from co-founder Josh Williams: {link} #sxsw",9,2
1361,5814,RT @mention Google could = search engines. Google instead = useful information. #savebrands #sxsw,9,2
4556,2660,If you are heading to #sxsw make sure you have the @mention holler gram  {link},9,2
3813,3641,See? So big my links smooshed. Here's Google Realtime for #SXSW {link},9,2
3228,8581,"Google Hotpot activity map for this week in Austin, TX before #SxSW #SUxSW {link}",9,2
6169,43,Mashable! - The iPad 2 Takes Over SXSW [VIDEO] #ipad #sxsw #gadgets {link},9,2
1649,5408,RT @mention apparently the line to get an iPad at the #sxsw store grew by 2 blocks to 5 blocks in the past 30 mins. WUT.,9,2
485,431,"Attending Designing iPad Interfaces - New Navigation Schemas. With AKQA's Lynn Teo. Ballroom A. And yes, we are hiring. #sxsw",9,2
3533,4523,Is the Tandy 100 the Great Grandfather of the iPad?  U tell me? {link} #SXSWi #SXSW,9,2
5435,5386,Cpmpetition and difference of prespective #sxsw #google #microsoft {link},9,2
6170,3360,Had some great conversations at the UX meet-up and iPhone dev meet-up this afternoon. Onto the Phoenix for happy hour. #sxsw,9,2
219,5239,RT @mention #iPad2 Live Unboxing In Front Of The #SXSW Apple Store [VIDEO] {link},9,2
3016,292,2wks only Apple Store in 6th Austin street is now opened. #sxsw,9,2
862,5538,RT @mention Awesome presentation on digital magazines {link} #touchingstories #SXSW #gsdm,9,2
5991,4386,Just saw my first iPad 2 user tooÛÓcan tell because he has the white one. #sxsw #apple #iminfanboycentral,9,2
2756,4055,no umbrella when you have &quot;the list&quot; via @mention ÷¼ Are you all set? ÷_ {link} ÷_ #edchat #musedchat #sxsw #sxswi #newTwitter,9,2
119,4343,The line might have started off a bit slow but by 4:45PM it easily wrapped around ...  #ipad #sxsw #gadgets {link},9,2
5210,4073,"iPad 2 Sold Out, 70% Went to New Buyers [REPORT] - {link} #sxsw #socialmedia #tech #ipad2 #media",9,2
4158,2067,"#SXSW ##tapworthy Check out iPad Design Headaches (2 Tablets, Call in the Morning) at SXSW.
{link}",9,2
4407,6390,RT @mention now discussing PubSubHubbub: {link} #fsw #sxsw,9,2
2705,8128,&quot;#SXSW #privacybootcamp for startups with @mention @mention @mention and @mention sounds like a fight waiting to happen. Can we add Orin Hatch?,9,2
632,5236,RT @mention #hashable is rocking @mention #SXSW the new &quot;cloud&quot; of Business Cards. No for #iPhone and #Android too,9,2
1605,4543,iPad 2 line is easily 300 deep! #sxsw  {link},9,2
4722,1580,Haha the @mention drinking game --&gt; &quot;Drink every time Seth says Game Layer OR Google Ventures&quot; #sxsw cc @mention @mention,9,2
374,2081,Startups are talking to the captive audience here in the Apple store line. Very smart idea. Why aren't more doing it? #SXSW,9,2
6100,3332,@mention Google Circles will be widely publicized as the next Facebook and then be completely forgotten about by the end of next week. #sxsw,9,2
2746,8648,#sxsw #touchingstories great presentation on future of digital magazines {link},9,2
4640,6722,RT @mention Thanks to Heathcare Digital @mention for publishing the news about our new Medical Apps showcased at #SXSW {link} #sxswh,9,2
407,7476,How to improve website rankings: Advice from Google and Bing at #SXSW | Poynter. {link},9,2
4462,1110,the apple store at #sxsw is almost sell out...,9,2
5146,5265,"RT @mention #SXSW ##UXDes Check out Designing iPad Interfaces - New Navigation Schemas at SXSW.
{link}",9,2
4285,2873,First panel up: Marissa Mayer of google presents.. #sxsw #MarissaGoogle,9,2
2433,1206,#SXSW Pro Tip: Remove access to corporate twitter account from iPhone by 4pm each day.,9,2
6267,3141,The end of the line is one block away from the Apple pop up #sxsw,9,2
3692,403,Trying to collaborate on #sxsw events with a few friends. Google Calendar or Plancast?,9,2
3493,4247,"DELICIOUSLY IRONIC GOOGLE PRIVACY PARTY MADE WHOLE BY &quot;BANKING CARTEL, MILITARY-SCIENTIFIC DICTATORSHIP TAKEOVER&quot; CAB RANT! #SXSW",9,2
3955,7184,{link} another example of the marketing beast that is #apple at #sxsw,9,2
4578,532,SXSW Geek Games: Compete To Gain VIP Status &amp; Win Big Prizes: We all know... {link} #mashable #geek_games #sxsw #Cyber #iPhone,9,2
6137,3536,Any thoughts on the Path iphone photo app? #sxsw #iphoneography #mobilephotography,9,2
511,4906,#Google doesn't view itself as the final end but rather a tool pointing users to sources to make their decisions. #marissagoogle #sxsw,9,2
3220,4514,Man panhandling for an iPad 2 at #SXSW!  What's the world coming to? &lt;Seriously!&gt; {link} by @mention on @mention @mention,9,2
4571,4993,Austin Hookers:  please do not accept apple products for the coochie.  #SXSW,9,2
189,5017,When is someone going to ask why Bing is copying Google's search results? #qagb #SXSW #SEO,9,2
957,2226,Marissa Mayer: 40% Of Google Maps Usage Is Mobile (And There Are 150 Million MobileåÊUsers) {link} via @mention #SXSW $GOOG,9,2
3352,8585,Google hotpot has anyone used it? #sxsw,9,2
5681,6534,"RT @mention RT @mention Google 2 Launch Major New Social Network Called Circles, Possibly Today {link} #sxsw",9,2
4373,1244,Apple set to open popup shop in core of SXSW action {link} #sxsw #apple: Apple set to open popup sh... {link},9,2
4440,6444,RT @mention Photo: How IÛªm spending my Sat night at #SXSW. Chatting with my husband over skype on my iphone at a coffee... {link},9,2
5001,9067,"&quot;If you were able to afford to attend  #sxsw or buy an #iPad today, consider saving a few $$$ for #Japan #earthquake relief. #Justsayin&quot; #FF",9,2
1818,8160,"All you #SXSW tweeps, Check out our homies @mention this Thursday. {link}",9,2
3322,7863,Many folks have asked about my iPhone battery case. Here's the link {link} #sxsw #fb #Li,9,2
1507,6146,RT @mention iPad 2 line is easily 300 deep! #sxsw  {link},9,2
4297,5971,RT @mention heading to @mention #pvhouse? first 2 snackers to tweet us &amp; find one of our popchicks will #win an iPhone 4 case! #sxsw,9,2
458,4815,At the sony area at buffalo billards tweeting from a google tv. #sxsw,9,2
1970,2120,Can't be at  #SXSW ? well this is a nice (free) booby prize... Featured Artists - {link} #iTunes #free via  @mention,9,2
1606,3236,Was hoping to pull the family card for some @mention @mention @mention love tonight. Think I tried too late #SXSW,9,2
5749,581,"ÛÏ@mention Google to Launch Major New Social Network Called Circles, Possibly Today {link} #sxswÛ te dije wey @mention",9,2
3783,8168,"AGREED! RT @mention If u could afford to attend #SXSW or buy an iPad today, consider saving a few $$$ for Japan earthquake relief.",9,2
4397,2004,"Paywall panel: Daniel Bernard WSJ:
In app (game) purchases are frictionless like apple. &quot;the new free&quot; #sxsw",9,2
5950,1315,ÛÏ@mention We're not launching any products at #SXSW but we're doing plenty else. {link} / Ok aun no,9,2
5298,590,.@mention Google Will Connect the Digital &amp; Physical Worlds Through Mobile - {link} #SXSW RT @mention,9,2
2753,2499,iPad 2 Update: ONLINE sales start at 12:01am PST | 3am EST on 3/11/11 | 2-day Free Shipping |FYI: #SXSW - Popup store downtown Austin #apple,9,2
2439,7141,"In line for the Google and Bing pagerank session. Hope there's a smack down! #sxsw (@mention Hilton, Salon J w/ 44 others) {link}",9,2
5362,2470,#sxsw ipad store sold out of everything except 64gig wifi only white,9,2
934,7406,"#tech #Apple saves #SXSW, set to open pop-up store {link} #technology",9,2
431,1384,"May be so, but I still have a few RT @mention New post: Business cards are dead: Send me your card via Hashable at #SXSW {link}",9,2
510,4965,20% of Google searches are for local information - Google trying to fill that need with its Places and Hotpot services #SXSW,9,2
4519,7127,Looking for an iphone battery solution for next week at #SXSW. Any suggestions?,9,2
1229,2446,&quot;iPad cleaner&quot; takes on two very different terms at #sxsw,9,2
939,3007,Why is there a line waiting for temp Apple store to open at #sxsw? Did I miss a product launch?,9,2
3560,6326,"RT @mention MT @mention If you were able to attend #sxsw or buy an iPad today, consider saving a few $$$ for earthquake relief. Just sayin.",9,2
4301,5451,RT @mention Apple opening up temporary store in downtown Austin for #sxsw and the iPad 2 launch {link},9,2
5772,2377,really excited for my first panel!  #tapworthy iPad Design Headaches  Should be awesome.  the book is!  #sxsw #gsdm,9,2
4583,9001,Apparently mobile #sxsw GO app is not compatible w/my iPhone. Any other suggestions on good mobile aps for sxsw? thanks!,9,2
3972,7632,iPad 2s are popping up everywhere here at #SXSW. Are there a glut of iPads on sale on Craigslist now?,9,2
3498,8366,last minute venue change for #eecms #sxsw meetup at noon: Pecan St. Cafe: {link} Trinity and 6thish,9,2
4068,6505,RT @mention RT @mention Apple alignd 2 big tech events ths days. 1st CES &amp; GDC now #SXSW (with popup shop &amp; iPad2) {link},9,2
2367,4000,I feel like Harry in #dumbanddumber in this #SXSW panel with all these google peeps #understandinghumans,9,2
4486,6090,"RT @mention If someone in Austin will let me borrow their iPhone charger for a short time, I will heart you for a long time. #sxsw",9,2
375,3100,"Have you ever seen someone pay to have a guy wait in line for them for an Apple device? Yeah, I just did that. #Lame #sxsw",9,2
2561,7168,"Hey tweegos..Google to Launch Major New Social Network Called Circles, Possibly Today {link}  #sxsw",9,2
5568,927,C34: ItÛªs Not a Retreat! {link} [codes valid: 12:00-3:59:59p 03/14/11] #infektd #sxsw #cvdc,9,2
2230,732,SXSW Gets Its Own Apple Store {link} #atx,9,2
4247,408,Among the cool/goofy things I've spied at #SxSW today - iPad case made to look like an EtchnSketch; grown up game of tug o' war.,9,2
180,9019,"Come party w/ @mention and Google tonight at #sxsw: {link} Bands, food, art, ice cream, nifty interactive maps!",9,2
3107,5025,RT @mention,9,2
6352,1441,Confirmed! Apple store 2 week popup in Austin for #SXSW Now with picture!  {link} ( via @mention who gave us no credit! ),9,2
553,8259,my biggest mistake since South By Southwest last year? writin a book bout iPhone photography instead of makin a photography iPhone app #SXSW,9,2
4919,3846,C9: The First Cut {link} [codes valid: 8:00-11:59:59a 03/12/11] #infektd #sxsw #cvdc,9,2
3380,953,I14: Call of the Zombie {link} [codes valid: 4:00-7:59:59p 03/12/11] #infektd #sxsw #zomb,9,2
1739,4772,"&quot;@mention Google to Launch Major New Social Network Called Circles, Possibly Today {link}  #sxsw&quot;",9,2
5505,5156,"RT @mention @mention Who said you won't be able to get the iPad 2 at #SXSW? 

Apple is opening a pop-up store in Austin for SXSW {link}",9,2
3565,6656,"RT @mention Shoe on other foot. Newspapers always chasing young readers. At #SXSW, young developers pack panel on iPad design for boomers. #yourmom",9,2
2786,2530,@mention Did you find out the hours of the apple store? I'm curious too... #sxsw,9,2
4405,7961,@mention Saw u r going to #SXSW. Dwnld #GroundLink app &amp; ride for $10 in Austin during SXSWi{link} see us booth 437,9,2
1015,1898,I just loaded up the GroupMe app for the iPhone. Load me up #sxsw brethren. ;) {link},9,2
711,8038,@mention so then you price discriminate against Android users? and YOU contacted ME! #doingsocialmediawrong #sxsw,9,2
2229,4859,"#Google to Launch Major New Social Network Called Circles, Possibly Today by @mention {link} via @mention #sm #sxsw",9,2
2698,1941,Server Challenge is a huge hit at #sxsw! Come by booth 400 to try your hand. Win an iPhone 4 bottle opener case by beating 2 mins.,9,2
3146,7514,#SxSW - &quot;Pre and Post iPad - The Death of Flash&quot; - {link},9,2
5285,8924,@mention worked with @mention to create open-source s2 to fill the gap needed by location-based applications that use nosql db model #sxsw,9,2
5350,247,@mention  and here's a pic of you winning your ipad! #unsix #sxsw cc @mention @mention  {link} (cont) {link},9,2
966,5260,RT @mention #sxsw @mention in her 80s splendor dancin to the spazzmatics at ACLU google #partylikeits1986 !  {link},9,2
3048,5130,"RT @mention @mention hey Rudy, are Belgiums and Dutch taking over #sxsw? We launched www.skylines.net and {link} today",9,2
2975,3849,@mention is #android app known battery killer? #sxsw,9,2
3792,7128,"Not a rumor any longer, Apple to open up a pop up store on Congress for the iPad2 launch during #SXSW. {link} #GeeksRejoice",9,2
2210,2708,Has anyone read or heard anything about Google Circles? #sxsw,9,2
532,4468,"Hey Austin, know a little about #iPhone or #Android, love music &amp; wanna make $20/hour during #SXSW?  Please let me know.",9,2
5999,2475,Just found the back door into the #sxsw apple store. #ip2 ftw!,9,2
5012,7138,"Looking for tech/mobile bloggers &amp; others to join iPad 2 panelist line up for #SXSW (Tues, 3:30) LMK!",9,2
3367,1232,Apple set to open a pop-up shop at the #SXSW Interactive Conference. {link} #apple #iPad2 #marketing #media,9,2
2856,9051,@mention You can get an iPad 1 for under $350 now. And they'll be $99 before you know it. Look at iPhone. #newsapps #sxsw,6,2
4888,7613,Groups were challenged with coming up with an iPhone app to solve their parenting/start-up issues #sxsw,9,2
1708,1659,@mention &amp; I just finished a mad dash to complete an iPad-formatted web app for a client that'll be showing it off at #SXSW. It's been fun.,9,2
5571,5499,"RT @mention At #sxsw apple has 99% marketshare, not seeing much linux.",9,2
1384,7207,Google should do a Doodle for #SXSW.,9,2
3275,3527,Just bought a mophie juice pack air rechargeable battery case for my iPhone - this would have come in handy this week #sxsw,9,2
3304,2761,"So strange, mixed tweets of #ipad spammers, #sxsw, and regular life together w/Pacific Rim rocking near nuclear disaster. Does not compute",9,2
5998,434,"Check out Designing iPad Interfaces - New Navigation Schemas at SXSW.
{link} #SXSW #UXDes",9,2
1898,1225,Reactions to Google Circles news so far range from &quot;not again&quot; to &quot;please rescue me from the Facebook.&quot;  #sxsw,9,2
3765,848,#tech One lone dude awaits #iPad_2 at #AppleÛªs #SXSW store: Apple likely expected a bigger crowd forming... {link} #technology,9,2
2614,7506,"Audience Q: What prototyping tools do you use? Sketchbooks/sharpie pens, photoshop, Balsamic, Google docs, Axsure, etc. #myprototype #sxsw",9,2
4894,1466,At #sxsw ? Join us and @mention for a drink (or 2) at Fado on 4th at 7pm. {link},9,2
3182,1798,My #sxsw 2011 new iPhone app page. What's missing? See any breakouts? {link},9,2
2892,6757,RT @mention The Lonely Planet iPhone app guide to Austin is free this week. #sxsw,9,2
3340,7194,Hey all you lucky ducks headed to #SXSW want to win an iPad? @mention (client) is giving one away. Details here: {link} #SXSWi,9,2
5783,4337,"Good Q ÛÏ@mention To those that purchased iPad 2 at #SXSW, I see more ppl buying white one. Why? Nice frame for presentations? Reading?Û",9,2
3299,6350,RT @mention New #UberSocial for #iPhone now in the App Store includes UberGuide to #SXSW sponsored by ... {link},9,2
2460,9050,@mention you can check out {link} for other #SXSW iPad apps too.,9,2
2356,3358,@mention Gr8 meeting u IRL after the book signing today! Really enjoyed your iPad prez &amp; mahalo for the autograph! #SXSW #HISXSW,9,2
2437,1344,Make sure you bring your business card to the #nonprofit meetup at #sxsw. It's your ticket into our drawing for a $100 Apple gift card.,9,2
5924,6249,"RT @mention Life Online Podcast w/ @mention @mention @mention on Android security, #SXSW, #DickBar, IE6, &amp; iPad 2 {link} #LolShow",9,2
3964,6850,RT @mention Video interview with @mention &amp; @mention at #SXSW &quot;Google deals&quot; {link},9,2
5125,4691,@mention No iPhone? No worries. Drop into one of our venues and talk to a concierge. We'll take care of you! #SXSW #SXSWi,9,2
5819,6527,"RT @mention RT @mention Flipboard is developing an iPhone version, not Android, says @mention #sxswi #sxsw",9,2
301,1663,Wanna 5'6&quot; chinese dude as your bff? Bring me an effen iPhone charger #sxsw,9,2
5883,4262,"Video: Tim Wu explains to me #netneutrality, information empires and himself: {link} thanks @mention @mention #sxsw",9,2
3437,1209,Listening to @mention talk about iPad design #sxsw,9,2
4822,7750,@mention RT @mention Heading to  #SXSW? The @mention Austin guide for #iPhone is free for a limited time {link},9,2
5890,2537,Who's heading to the pop-up Apple store today? Anyone know what time the sale starts? #SXSW #SXSWK,9,2
1788,4350,"@mention mission round table #sxsw #sxbrits with twitter, google, dell, microsoft and icm",9,2
200,3671,Want to win a ticket (1) to the #SXSW party? Rules are simple! {link} | Android Unite - Android News To The Masses #Android,9,2
5987,1843,"&lt;just a rumor...&gt; RT @mention Google to Launch Major New Social Network Called Circles, Possibly Today {link} #sxsw",9,2
4191,4986,Are you going to #SXSW in Austin and want to win an iPad. Mindjet is giving one away. Here are the details: {link},9,2
2070,2214,Merissa Mayer of Google - study of mail-order purchases led to 98% accuracy in predicting divorces two years in advance. #SXSW,9,2
295,888,"HootSuite Mobile for #SXSW ~ Updates for iPhone, BlackBerry &amp; Android {link}",9,2
59,8418,Enjoying the #sxsw California (Hollywood + Silicon Valley) meets NYC in sunny Austin by-the-pool with cowboy boots + iPad vibe. #sxswi,9,2
5968,1752,Mayer: 20% of Google searches are for local information #SXSW ^pr,9,2
6296,3225,Installing GeoLoqi for Android to track my #sxsw movement {link},9,2
3434,1869,"looking back at some of my tweets from #sxsw and holy wow, so many typos! ughhhhh. autocorrect and my inability to type on ipad. goo",9,2
2351,4892,Talking local search. No surprises. // Does Google Hotpot weight those reviews heavier than other sites' in results? cc @mention #SXSW,9,2
190,2409,"Google recreated the code for Pac-Man for their doodle, original bugs included. #sxsw #googledoodles",3,2
3428,5002,"RT The coolest iPhone 4 &amp; iPad cases at #Sxsw, check them out here at #fastcompanygrill #zazzlesxsw #sxswi  http... {link}",9,2
4458,1467,At #SXSW?? MindTouchers @mention @mention @mention are there giving iPad demos of MindTouch TCS! Tweet them to check it out!,9,2
3150,54,ÛÏ@mention @mention #Google Will Connect the Digital &amp; Physical Worlds Through Mobile - {link} #sxswÛ @mention,9,2
2182,2952,"#sxsw: @mention intrvw @mention &quot;Schmidt [Google CEO] told me: u'r good at telling stories; go talk to lots of ppl, tell us what u hear&quot;",9,2
3677,2257,About to be interviewed by Mashable while waiting in line at the popup Apple Store at #SxSW.,9,2
4051,4659,Apple Opening Pop-Up Store in Austin (Sixth &amp; Congress) for #SXSW {link} #iPad2,9,2
4196,568,ÛÏ@mention Google set to launch new social network #Circles today at #sxswÛ @mention  @mention,9,2
5495,4849,I guess no Google social network just yet. But soon? #socialmedia #sxsw #facebook #monopoly #integration {link},9,2
3256,757,Google to Launch Major New Social Network Called Circles --{link} #sxsw,9,2
4805,586,#technews Google to launch new social network at SXSW? {link} #Tech_News #ACLU #SXSW #tech,9,2
3706,7013,FOUND iPHONE: Ballroom D just now. Volunteer at door has it. #sxsw #sxswi,9,2
1411,574,"ÛÏ@mention Google to Launch Major New Social Network Called Circles, Possibly Today {link} #sxswÛ @mention",9,2
3547,6315,RT @mention Might need to go to Apple today.  I think my &quot;S&quot; &quot;X&quot; and &quot;W&quot; keys are worn out. #sxsw,9,2
5677,8417,Download the #SXSW app on your Iphone and do this: {link},9,2
4746,7669,Google fires a shot at Foursquare with check-in rewards and titles {link} #sxsw,9,2
3143,5562,RT @mention Best thing I've heard this weekend at #SXSW &quot;I gave my iPad 2 money to #Japan relief. I don'Û_ (cont) {link},9,2
979,5517,RT @mention At #sxsw? We're giving away an iPad 2 to the creator of the most popular disc during interactive. Create a disc &amp; share on Twitter!,9,2
5762,8423,#SXSW at The Apple popup store in Austin (see Map) waiting for ipad2 Who wants me to buy one for him? @mention @mention @mention ?,9,2
1682,1981,"Just saw an iPhone #periscope move w/ 2nd camera @mention  gowalla talk @mention #sxsw. Snoring guy busted &amp; documented. Get a cpap, homie!",9,2
4952,8136,"Great #SXSW session by Google's Marissa Mayer on their local strategies: Hotpot, 3D Maps, mobile AR #marissagoogle",9,2
1219,1296,My ipad 2 vs Android panel starts at 330 at Radisson. Bloody Mary starts now! #SXSW,9,2
653,197,New Post: 3 iPhone Apps We'll Be Using at South By Southwest Interactive #SXSW #SXSWi {link},9,2
3179,6705,RT @mention SXSW Recap Day 4 It's Greaaat? Exploring Brand Mascots in the Digital Age - {link} #sxsw #HOTSHEET,9,2
4010,4683,"Like a venn diagram ? &quot;@mention Google to Launch Major New Social Network Called Circles, Possibly Today {link} #sxsw&quot;",9,2
223,751,google to launch a social network at #sxsw today?,9,2
803,798,"Google to Launch Major New Social Network Called Circles, Possibly Today at #sxsw {link}",9,2
2471,5319,RT @mention #sxsw today = @mention &amp; his iphone game and @mention &amp; @mention More and more a celeb/brand destination. #marketing,9,2
1155,8517,(y) ÛÏ@mention New #UberSocial for #iPhone now in the App Store includes UberGuide to #SXSW sponsored by #Mashable {link},9,2
1556,2628,Ah! iPhone battery fully recharged courtesy of @mention Charge Anywhere. Find @mention or I at #SXSW &amp; charge up on the fly!,9,2
6098,5849,"RT @mention Google Marissa Mayer, future of location: augmented reality, contextual discovery, make smartphones smarter. #sxsw",9,2
869,7076,Apple to Open Pop-Up Shop at SXSW [REPORT] - {link} #sxsw,9,2
4160,4515,Man panhandling for an iPad 2 at SXSW. WhatÛªs the world coming to? {link} #iPad2 #SXSW,9,2
1171,5866,RT @mention google to launch a social network at #sxsw today?,9,2
4727,6496,RT @mention RT @mention #Social Is Too Important For #Google To Screw Up With A Big Launch Circus {link} via @mention #SXSW,9,2
4971,2248,"In #SXSW Ballroom D for @mention from @mention 
one seat reserved in the fourth row if anyone wants to join #HTXSW",9,2
3305,6241,RT @mention Learnt from @mention that there are more Google searches for Jesus than Star Wars but not by much #sxsw #allhat,9,2
1075,718,GameSalad is the topic of a Dutch podcast! {link} #gssxsw #sxsw #sxsw2011 #SXSWNL,9,2
5490,7612,"if you were at the #pepsicostage yesterday, please check your bag. You may have my iPad. The lock screen will tell you it's mine. #sxsw",9,2
4814,1322,"I left my WHITE iPhone 4G in a cab in Austin at #SXSW

Internet, please help.",9,2
5457,9087,"@mention Yup, but I don't have a third app yet. I'm on Android, any suggestions? #SXSW CC: @mention",9,2
3879,8292,"talk about the power of peer pressure marketing at #SXSW !  I confess, it's making me think about it {link}",9,2
5031,1157,"Oh, 'ware the Ides of March.  Location: {link}  #sxsw",9,2
4964,8023,"Final session today. Left Brain Search = Google. Right Brain Search = X 
#SXSW #BetterSearch",9,2
3607,2919,#Apple Opening Temporary #iPad2 Store to Handle #SXSW Demand {link},9,2
248,2024,Hello gigantic line outside Google v Bing SEO session. #sxsw #sxswi,9,2
4278,6607,RT @mention RT @mention So @mention just spilled the beans: next platform for Flipboard is the iPhone. Team started working on it. #sxflip #SXSW #SXSWi,9,2
1427,3271,Google engineer said..for search personalizing experience not scary..but making it relevant for people. #sxsw #mktgmoment,9,2
5780,1343,"&quot;Are you bringing Flipboard to android? No, but we are bringing it to iPhone. We're still rounding over the corners for iOS&quot; #cmsxsw #sxsw",9,2
5620,8152,"Download SXSW GO Mobile App for Blackberry, Android, iPhone, iPad and Windows Phone 7 - {link} #SXSW2011 #SXSW #android",9,2
2368,3764,our @mention AMI sampler is live on #iTunes! Just in time for #CMW and #SXSW. Check it here {link} #musicindustry #USA,9,2
720,4678,Still thinking about how awesome the  #smileyparty was at #SXSW and how they are going to give me an iPad! #please,9,2
4104,1600,Just met @mention in line at the apple store at #SXSW !!,9,2
5627,8854,"Location wars are heating up in Austin. Google Latitude launching Check-in offers, &quot;mayorships&quot;, ... {link} #SXSW",9,2
822,3786,Cc: @mention RT @mention New #UberSocial for #iPhone now in the App Store includes UberGuide to #SXSW  {link},9,2
2521,8851,@mention Wanna sign up for the beta: {link} #SXSW #hhrs,9,2
2233,3017,"#SXSW movers &amp; shakers, @mention is publishing a &quot;Poke the Box&quot; eBook. Get involved: {link} (RT @mention #in",9,2
4022,4565,@mention needs a driving buddy for 30 hours from #Albany to #SXSW -&gt; {link},9,2
4125,8171,"gd idea RT @mention &quot;Google before you tweet&quot; is the new &quot;think before you speak.&quot; - Mark Belinsky, #911tweets panel at #SXSW.",9,2
5328,8568,"SerÌÁ cierto? RT @mention Google to Launch Major New Social Network Called Circles, Possibly Today rww.to/f6BCEt #sxsw",9,2
4318,8493,Experimenting is crucial to the Google brand says Marissa Mayer  #marissagoogle #sxsw,9,2
4553,4058,Lol. So glad Chris Poole is showing some #memes. &quot;Why you no text me no more?&quot; is pretty funny. Google it. #sxswmoot #sxswi #sxsw,9,2
363,3802,"Use question/answer, ask/receive kind of model in iPad app design. Give and take. Entice them to ask more. @mention #tapworthy #sxsw",9,2
2690,2359,"Best tsotchke at #SxSW so farÛÓmy iPhone was almost out of power and PowerMat gave me a free, fully charged battery: {link}",9,2
1870,7475,How to improve website rankings: Advice from Google &amp; Bing at #SXSW {link} via @mention,9,2
1563,8659,wish i could go @mention Head over to {link} by 1pm CST today to win VIP access to my acoustic solo set at #SXSW tonight,9,2
5960,2453,SXSW Crowd Earns $10K for Charity by Playing a Game [PICS]: In an unusual keynote speech... {link} #News #sxsw #Cyber #iPhone,9,2
4769,254,iPad 2 vs Android vs The World : Panel at #SXSW today 3:30PM by @mention {link},9,2
3605,7606,Buttons are a hack around direct interaction. Use the medium. #tapworthy #iPad #sxsw,9,2
3281,3876,"@mention is that u? &quot;Google to Launch Major New Social Network Called Circles, Possibly Today&quot; {link} #sxsw",9,2
142,7363,Win an #OpenBeta6 iPad @mention this #sxsw panel {link}  today @mention 11! #usguys cc @mention  #DgtlTribe #sxswbuffalo,9,2
4581,2896,Apple2 Open 'Pop Up' Temporary Store @mention #SXSW 4 iPad 2 Launch: Apple2 Open 'Pop Up' Temporary Store @mention SXSW 4 iPad 2 L #: {link},9,2
4315,7627,"I dont care if people use android or iphones, but when see a browsering in #IE and takeing notes in word then I need to comment :-| #SXSW",9,2
3190,825,"Google to launch their own social network today @mention #sxsw. Update status, share videos &amp; photos with a Circle of friends. {link}",9,2
5101,4767,&quot;@mention Apple Store has had a line down the block all week long at #sxsw amazing&quot; @mention I have footage @mention,9,2
984,5637,RT @mention Conan to his Asst: 'Lots of hipsters here..She's looking for a man w/ a fedora and an Ipad 2' lol! #SXSW,9,2
3683,7679,Google (tries again) to launch a new social network called Circles: {link} #sxsw,3,2
4428,215,"Now thats a NEWS :P RT@mention Google to Launch Major New Social Network Called Circles, Possibly Today {link} #sxsw",9,2
3520,3237,Publishing to your website from #sxsw try the Mpact app on your iphone,9,2
783,1221,"According to Google's Marissa Mayer, future of location: augmented reality, contextual discovery, making smartphones smarter. #sxsw #fb",9,2
4835,7992,At SXSW? Send Your Best Photos &amp; Videos to... {link} #citizen_journalism #cnn #ireport #photography #sxsw #Cyber #iPhone,9,2
1071,5037,RT @mention : Aron Pilhofer from The New York Times just endorsed HTML over iPad at the #NewsApps #sxsw anÛ_ (cont) {link},9,2
5581,8797,"Websites visited: 73% Google, 66.7% Microsoft, 50.6% Facebook, 48% Yahoo, 31%, Wikimedia - @mention #diversity #sxsw",9,2
950,6161,RT @mention iPhone autocorrects &quot;sxsw&quot; to &quot;scar&quot; -- foreshadowing? #sxsw,9,2
4089,565,&quot;The Google name was built on getting things out there and trying them out.&quot; -Marissa Mayer #sxsw frm @mention,9,2
3346,1406,OH: &quot;like I can't believe I've had three boyfriends since the first iPad ..&quot; #sxsw,9,2
4354,5528,"RT @mention Attending Designing iPad Interfaces - New Navigation Schemas. With AKQA's Lynn Teo. Ballroom A. And yes, we are hiring. #sxsw",9,2
6293,6089,RT @mention If I were at #SXSW I could spend it all at the @mention Teaching Theater alone; just look at that schedule: {link},9,2
6087,2860,"#google sees itself not as a search engine, but an organizer of information, giving them a path to innovate new products #savebrands #sxsw",9,2
1093,600,/@mention Grab the latest @mention before #SXSW! {link} #saytextson!,9,2
2378,3453,Here is the video I took with my iPhone of @mention in Super #SXSW  {link},9,2
3390,60,&quot;via @mention : {link} Guy Kawasaki talks 'Enchanted' at SXSW - HE knows his stuff! #books #internet #Apple #sxsw  &quot;,9,2
1256,5053,"RT @mention .@mention of @mention on manufacturing serendipity- &quot;Having access to more information makes us more curious, not less&quot; #SXSW",9,2
2777,7557,Free 23-track #SXSW sampler on iTunes: {link},9,2
2353,4693,@mention No worries man! Just glad I got to run into ya in the iPad line. #sxsw,9,2
1412,2886,How the hell am I supposed to get the new IPad when I am stumbling around Austin during #SXSW #notwinning,9,2
2889,3379,"#technology #Apple heads to #SXSW, sets up temporary store in Austin: Apple is going to be at SXSW this year,... {link} #tech",9,2
1095,6855,Debating on visiting the Apple pop-up store... #byebyemoney #sxsw,9,2
6119,4664,Apple Opening Pop-Up Store In Austin For SXSW {link} #Apple #AppleApple #SXSW,9,2
3779,3851,The line is already forming at the temp Austin Apple store...and it doesn't open until 5. #sxsw #insanity,9,2
2001,8731,Hanging out in the Hilton lobby in downtown Austin. Stop by and say hi and check out the Android controller for #Sonos. #SXSW,9,2
484,6083,RT @mention I'm so happy this exist! Going to try and do the whole #sxsw trip w/o a laptop. iPhone &amp; iPad only.  {link},9,2
3078,2429,What would #copyright look like if created today? w/ @mention CEO/Pres Floor64 Inc &amp; William Patry Sr Copyright counsel Google #sxsw,9,2
4393,912,Why do we need a &quot;page flip effect&quot; -ÛÏlike having a fake needle on a cd-playerÛ  #tapworthy #sxsw #iPad,9,2
5676,8252,Best Wurst late night decision ever  RT @mention Whoa! line at the pop up apple store in downtown #sxsw  {link},9,2
1006,3933,Mayer admits that Google needs to &quot;consolidate&quot; some of its products ÛÒ namely Latitude and Hotpot ÛÒ into &quot;features of products&quot; #sxsw,9,2
5605,5648,RT @mention CoyneÛªs very own @mention and @mention are #sxsw. HereÛªs how to keep up with them while they're on the road {link},9,2
3621,2168,No way!'Matt fricking Damon at Google party at Maggie mae's. #Sxsw @mention {link},9,2
1047,2137,"No, up that count to 48 as I pass charging station. #fools #sxsw @mention",9,2
5810,3230,"Surprising or not surprising that you can type #sxsw on your iPhone perfectly? No autocorrect, no nothin'.",9,2
5352,5201,RT @mention &quot;You can Google Canadian Tuxedo and lose yourself for hours&quot; #sxsw,9,2
4523,6427,RT @mention Over 100 in line at Apple pop-up store; everyone waiting for iPads. First guy arrived at 6:30am (36 degrees then). Badges everywhere #sxsw,9,2
2599,5899,"RT @mention Google to Launch Major New Social Network Called Circles, Possibly Today {link} via @mention @mention #SxSW #w2p",9,2
1868,5770,RT @mention Get a look at #SXSW's rumored #Apple &quot;pop-up&quot; store in Austin: {link},9,2
1019,6594,RT @mention RT @mention news Google may launch &quot;social circles&quot; social network today {link} #soccomp #sxsw,9,2
5099,5729,RT @mention Follow our #SXSW coverage at {link} on mobile at {link} or with our iPhone app http://bit.ly/guardianapp,9,2
1194,8045,New #UberSocial for #iPhone now in the App Store includes UberGuide to #SXSW sponsored by #Mashable {link} by @mention #app,7,2
4660,5044,RT @mention . @mention double fisting at the keynote #sxsw #apple {link},9,2
3878,558,haha. the google &quot;Party like it's 1986&quot; Party {link} #SXSW,3,2
526,4697,#NFC technology:  Google's testing using stickers in store windows that you can tap to get info. #sxsw,9,2
3875,8775,Heading over to ballroom b 'your mom has an ipad-designing for boomers' #sxsw,9,2
2626,154,Anyone at #SXSW know if the apple store has had a new shipment of iPads yet?,9,2
4372,1570,just met @mention at Q&amp;A with bing and google panel...interesting to hear about what NASDAQ is doing in social media #sxsw,9,2
777,3550,@mention i heard the downtown location sold $1m in merchandise last night #sxsw #apple #ipad2,9,2
2053,4994,"Google spokewoman Nadja Blagojevic e-mail about Google Circle: &quot;We are not announcing anything like this at #SXSW, this is an untrue rumor.&quot;",9,2
816,803,"Google to Launch Major New Social Network Called Circles, Possibly Today by @mention {link} via @mention #SXSW",9,2
5647,7012,"#SXSW iPhone tip, turn off 3G to get good service/data",9,2
2175,7045,"40% of #Google Maps usage from mobile devices, said @mention at #SXSW. {link} /via @mention #gmaps",9,2
5592,1433,SXSW 2011: The Google and Bing smackdown in all its bloody banality (Guardian) {link} #SXSW,9,2
5792,3693,#SXSW a line of about 100 outside Apple pop- up store at Sixth &amp; Congress,9,2
261,6019,"RT @mention Hiring marketers, designers, creatives, social media pros... Come see #Aquent booth 1415 #SXSW trade show. You might win iPad 2",9,2
3453,138,Any other #Sxsw accounts I need to follow or apps to download for iPhone?,9,2
254,2271,Success! Blah panel but found an open outlet to charge up the old iPad. #SxSW #fb,9,2
4689,7577,"Google Circles might launch today at #sxsw, a new social network: {link}",9,2
5684,3590,"Totalitarian thought in action: People worldwide come to Austin, TX for #SXSW and decide to spend their time in line at an Apple Store.",2,1
2790,3136,Novelty of iPad news apps fades fast among #SXSW delegates - by @mention {link},6,1
1684,6018,RT @mention Hipsters w/ oversized earphones pluged into the new IPAD make me happy that Texas has such loose gun laws #SXSW,6,1
5930,4852,Heading to iPad Design Headaches in Hilton - Salon J #sxsw,9,1
1906,3144,"Pollak, if you're having so much trouble the don't sell through apple...duh #sxswbigbrands #sxsw",2,1
5879,6380,RT @mention Not a fan of a new #sxsw trend - audience sharing opinions via holding up an iPad. Not here to listen to you. #annoying,6,1
4283,4696,This technology couldn't happen on an iPhone' - Nokia #pushsnowboarding #sxsw,8,1
3721,2465,You should probably put that away... RT @mention at the Android party and kinda embarrassed by my iPhone #SXSW,8,1
5443,4185,Google will eat itself #rhizome #sxswk #sxsw  @mention Hilton {link},3,1
6204,7235,"Checking out iPad Design Headaches (2 Tablets, Call in the Morning).
{link} #SXSW #tapworthy #fb",9,1
5231,268,Of course Apple built a temp store in Austin. It's Texas. They understand the concept of corralling cattle #SXSW #PickMeUpAniPad2,2,1
446,2264,@mention Best thing I've heard at #SXSW &quot;I gave my iPad 2 money to #Japan relief. I don't need an iPad 2.(@mention @mention #SXSWGOOD,6,1
4690,2895,Google seems to have sabotaged my YouTube account - WTF? Are they trying to OWN the entire online ecosystem?  VERY BAD FORM #SXSW,3,1
6136,4737,In the Consumerist's &quot;Worst Company in America 2011&quot; tournament bracket - apple is pitted against microsoft in the first round #sxsw,2,1
1468,1769,#SXSW 2011: Novelty of #iPad news apps fades fast among digital delegates {link} via @mention,7,1
5600,3817,Guy with iPad 2 taking photos of @mention slides. Awkward! #sxsw,6,1
4544,1826,Apple is a more selfish brand than Microsoft but it has served its brand well.#sxsw,2,1
2544,7164,Looking forward to the day when @mention and @mention release native Android 3.0 tablet-optimized clients! Google Latitude sucks! #sxsw,5,1
392,6154,RT @mention iPad design headaches with Josh Clark #tapworthy #SXSW  {link},6,1
6077,4869,iPhone too old for #SXSW schedule app. Oh noes.  #rejection,8,1
863,8822,Dear #sxsw iPhone app: you suck again this year! (sitby.us is great but doesn't include film sessions),7,1
2884,5410,"RT @mention Apparently, if you Google &quot;ad preferences&quot; and you'll see what Google thinks you'll like. #seenocreepy #sxsw #PNID",3,1
6173,352,".@mention Bad Apple: shows up late, Qs the process, poo-poos ideas, leaves early. Can even be &quot;I'm too creative&quot; or busy #gamestorming #sxsw",2,1
3709,8088,Google lost its way by caring too much for the business vs. the users' - @mention #psych #sxsw,3,1
4003,6169,RT @mention It is ridiculous to see someone taking a photo during a session with their iPad. Cannot wait to see concert use. #SXSW #Silly,6,1
3536,5711,"RT @mention False Alarm: Google Circles Not Coming Now, And Probably Not Ever {link} - so much for reports that it would unveil at #sxsw",5,1
6218,5718,"RT @mention Finally fed up with #AngryBirds, Julian screamed &quot;I got your no-fly zone right here, pigfucker!&quot; and threw his iPad at some kid. #sxsw",6,1
6005,1939,It's not all Apple love here at #sxsw. Heard quite a bit of grumbling about holding back features on iPad 1 so people would have to buy v2.,2,1
2326,4114,#sxsw apple store run out for the day :( boo apple.,2,1
3596,6189,RT @mention It's official: people using the iPad 2 to take photos just look weird. #SXSW,6,1
1555,8819,Dear #SXSW goer... Please look up from your fucking iPhone when walking the halls. Thanks Hipsters. Hilarious!,8,1
2447,4904,"Google product showcases never feel that cool. No price tag, brand equity, wow factor attached. #sxsw marissa mayer",3,1
1747,5180,"RT @mention &quot;Google looks for technical solutions, which why they're not great at community because it's a human solution.&quot; #SXSW",3,1
2673,7647,@mention really disappointed with the iPad app - lots of error messages have to switch to tweet deck for the rest of #sxsw,7,1
4994,3578,@mention I'm glad I don't have an iPad 2 ... I think. #sxsw,6,1
1250,4842,#google to expensive mobile data plans are killing the flavor of contextual discovery abroad #SxSW #pnid,3,1
4852,405,"iPad 2 is coming out at #SXSW, guess Apple's pretty desperate to give it attention.",2,1
3720,2058,Come on #Apple! Why cant I have spell-checking without auto-correct? Must it be all or nothing? #Grrr #sxsw,2,1
5517,7222,But are your phones staying charged? My crappy #iPhone would never handle #SXSW! RT @mention @mention @mention no sleep crazyfest!!!!!!,8,1
2866,2818,"Apple cited as the opposite of crowdsourcing - proprietary, Steve Jobs tells you what you want #csuitecsourcing #sxsw",2,1
5576,3037,Apple likes it if you pay them. That's what Apple likes. - Barry Diller #SXSW,2,1
5531,2340,#sxsw #enchantment: @mention &quot;No one uses Windows voluntarily.&quot; &quot;Apple is greatest collection of egomaniacs in history.&quot; haha,2,1
1290,5168,RT @mention &quot;Apple is the most elegant fascist company in America.&quot; #flipboard #SXSW,2,1
3342,939,&quot;All of #SXSW is nothing but a teeming sea of iPhone addicts too busy Twittering to ever engage with one anothÛ_ (cont) {link},8,1
167,6708,RT @mention Temp Apple Store 6th St  Austin #sxsw closed for night &quot;they're out of stuff' says Austin cops barring the door!,2,1
785,1250,"So we get to see google fail at social on another day RT @mention Okay, no Google Circles debuting at #sxsw today",3,1
2830,2629,The iPhone battery was not made for @mention #sxsw,8,1
2860,6023,RT @mention Hmm... the sxsw.com/interactive/live stream isn't ipad/mobile compatible. Maybe next year. #sxsw,6,1
20,2341,"#sxsw #enchantment: @mention &quot;Sell your dream. Steve Jobs doesn't say: iPhone is $188 of parts+AT&amp;T, made by ppl in suicidal Chinese",8,1
6163,1095,Q: Why do social sites like Delicious often have better results than Google or Bing? #qagb #sxsw,3,1
1480,5328,RT @mention #UXdes @mention is glad there are no standard #iPad navigation tools. She might be the only one! #SXSW,6,1
4588,7641,&quot;There's a reason why Google isn't in social -- they are too technical.&quot; #sxsw #comments,3,1
3024,5737,RT @mention forward to delicious T-Mobile 4G here in Austin while iPhone users struggle to do anything. #SXSW,8,1
3242,4714,Agreed ÛÓ Novelty of #iPad news #apps fades fast among digital delegates ÛÓ {link}  #media #SXSW (via @mention,6,1
91,1285,Def could use an iPad for  #SXSW today. Tweeting via iPhone sorta pretty much sux.,8,1
165,8014,ÛÏThe classiest fascist company in existenceÛ - Kara Swisher #sxsw #apple,2,1
2474,8147,Yet the #SXSW #iPad Pop-up store was flawless. RT @mention Apple iPad 2 Launch: Poor Planning On AppleÛªs Part {link},2,1
4355,5700,RT @mention Epic. There's just one guy waiting in line for the iPad 2 in Austin at SXSW. {link} #sxsw #ipad #ipad2,6,1
1911,7777,Or Droid RT @mention Has spontaniety in life been replaced by technology? When your iPhone battery dies you go home. Great ?  #sxsw,8,1
788,92,What !?!? @mention  #SXSW does not provide iPhone chargers?!?  I've changed my mind about going next year!,8,1
4242,8943,Hmmm...Taxi Magic on iPhone does not appear to be so magic any more in Austin #sxsw,7,1
500,7861,&quot;This Google/Bing Q&amp;A panel is like the world's most expensive SEO consultation.&quot; -@mention  #SXSW,3,1
5378,3912,You know it's bad with you have to un-RSVP just to see/use your calendar.  #iphone #sxsw #FML,9,1
5330,5145,RT @mention @mention Peter Cashmore on the iPad 2: it's only a minor improvement. Not worth it unless you have money to burn. #SXSW,6,1
2342,6155,RT @mention iPad design malady: iPad Elbow - I hate the iPad's back button with the heat of a million suns. #tapworthy #sxsw,6,1
3402,7680,Google (tries again) to launch a new social network called Circles: {link} #sxsw @mention #310409H2011,9,1
3688,3323,@mention good job @mention #sxsw! went home &amp; watched season 1 of the guild =D. sucks that your tweet abt the iphone hijack is a top tweet lol,8,1
549,955,Tomlinson of TX Observer says Apple subscription data holding is biggest impediment to success. #newsapps #sxsw,2,1
66,7417,Pop-up Apple Store seems to be out of pop-up iPad2s. #SXSW,2,1
5205,8712,Just because google patented something i.e. (Age of domain in rankings algorithm) doesn't mean they use it #qagb #SXSW,9,1
3805,4810,"Organic unveils BroadFeed, social news app for ipad. Audience gets up and heads for the door. #sxsw",7,1
1535,8416,Deleting the #sxsw iPhone app!  {link},7,1
4627,7818,Guess everyone wanted to design ipad apps for their mom #sxsw,7,1
1849,2243,really amazing to see so many people putting up with Apple's Notes app on the iPad at #SXSW,7,1
5837,456,Jeez guys dunno about an Apple pop-up over a Gold's Gym. Do u realize how un-Jobs-aesthetic that is? #SXSW #Apple,2,1
3623,4150,#SXSW Go let's you rate &amp; review sessions (although the experience on the iPhone is a bit torturous).,8,1
2767,3662,Content will move back to the browser. Why replicate the work on an iPad when u can press one button? @mention @mention #sxsw,6,1
1036,3129,Novelty of #iPad news #apps fades fast among digital delegates - Aron Pilhofer of the NYT &amp; Khoi Vinh {link}  #media #SXSW,7,1
3364,3331,@mention Google Circles will be Lame. #sxsw &lt;3,5,1
324,2830,Just walked past the supposed #Apple #SxSW temp store downstairs @mention and the apple cult was outside taking photos on iphones.,2,1
4993,2911,"To my friends at #SXSW who think I abandoned you, in reality I just didn't have any means of communication, my iPhone stopped working. #fail",8,1
403,4606,My tweeting from #sxsw been pretty non existent today thanks to the @mention iPhone app #fail - Hootsuite is the epic replacement! #owllove,7,1
4370,9043,"Hey is anyone doing #sxsw signing up for the group texting app, groupme? got it on my iphone, but no one else is on it, so....kinda useless.",9,1
3029,67,attending @mention iPad design headaches #sxsw {link},6,1
1954,4376,"Nope, seems no Google Circles launch today: {link} #sxsw",5,1
3881,714,my iPhone is overheating. why are there so many british sounding people in texas? #SXSW,8,1
5519,261,"Found the app kyping my iPhone's geolocation &amp; not releasing when in background. Need a patch, @mention #batterykiller #SXSW",7,1
5692,634,".@mention I have a 3G iPhone. After 3 hrs tweeting at #RISE_Austin, it was dead!  I need to upgrade. Plugin stations at #SXSW.",8,1
5323,4194,"And it will suck. RT @mention RT @mention Google will preview major new social service, Circles, at #sxsw today {link}",5,1
2073,2996,Gamechanger like Wave and Buzz no doubt RT @mention Google to Launch Major New Social Network Called Circles {link} #sxsw,5,1
1286,7969,Anyone else having issues with gmail and using google services? #SXSW.,3,1
3528,8762,"You'll have to wait 4-5 weeks for an iPad 2, but not at the #AppleATXdt pop-up! Shipments daily (via @mention #SXSW",6,1
5017,3348,Who uses Google TV in this room? Nobody raises a hand in a packed room at the #socialviewing session at #sxsw,9,1
3980,2356,"Just launched the pop-up Apple Store at #SXSW. It's our &quot;vintage&quot; store format: Mostly iPods and snarky employees. Ah, the good old days.",2,1
5707,8011,@mention Should: if you didn't get iPad 1. Shouldn't: iPad2 3G 64GB + cover + $100 = MacBook Air. #SXSW,6,1
3604,2747,All iphone users kill yo self if u hated on ubertwitter New #UberSocial for #iPhone now in the App Store includes UberGuide to #SXSW,7,3
4791,2490,"IPAD FOUND!!! My friend Jeff has it!!!! #SXSW thanks to everyone who helped, especially @mention",6,3
5544,47,HOORAY RT ÛÏ@mention Apple Is Opening A Pop-Up Store In Austin For #SXSW | @mention {link},2,3
709,5197,RT @mention &quot;There is no other explanation for Apple's continued survival than the existence of God&quot; #GuyKawasaki #sxsw,2,3
288,1065,google is saving users 2 years of time with gps navigation using alternate routes w traffic #sxsw,3,3
1864,6301,RT @mention Marissa Mayer: Google Will Connect the Digital &amp; Physical Worlds Through Mobile - {link} #sxsw #cm48,3,3
1653,1052,Congrats! RT @mention Yes! Gowalla wins best Andoid app at the Team Android Choice Awards. Thanks all! #sxsw,1,3
4896,6149,"RT @mention iPad 2 Sold Out, 70% Went to New Buyers [REPORT] - {link} #sxsw #socialmedia #tech #ipad2 #media",6,3
3006,4685,You're gonna want these iPhone apps if you're heading to #SXSW today. 10 hot ones. Download away! {link},7,3
4289,5439,RT @mention Apple knows what game they're in at #sxsw. Bring the iPad2 to the people! {link},2,3
4326,5772,"RT @mention Get it while it's hot! Latest version of Whrrl is available 2day 4Android, iPhone &amp; BB! @mention FOR BLACKBERRY! :-) #SXSW",7,3
2865,2398,"@mention congratulations, sent from Seesmic on my Android phone, at #SXSW!",1,3
1734,8728,Yup #showusyouricrazy RT @mention Apple's pop-up store @mention #SXSW on the day of iPad2 release could b the most genius move in mktg history,2,3
3589,356,My iPhone battery at 100%. #winning at #SXSW,8,3
6074,4513,I cant handle everyone's tweets about the new Flipboard. #Jealous Thinking about taking the plunge and buying an iPad at #SXSW,6,3
3496,2421,"#bjdproductions Before It Even Begins, #Apple Wins #SXSW {link} #tech",2,3
6334,244,picked up an ipad 2 at the #sxsw pop up  apple store! only 15 minute wait!,6,3
3045,3882,How Cool is this! #Apple opening a temporary store for the #iPad2 launch and #SXSW {link},2,3
6318,7731,Happily drowning in a sea of apple macs and monster energy drink #SXSW,4,3
3046,5644,RT @mention Cool! Apple to open temporary store at SXSW {link} #sxsw now peer pressure will make me buy iPad2,2,3
307,2579,"Kinda giddy about #TheIndustryParty with #Google (&amp; more) at #GSDM. Finally, the fun comes to us non #SWSurrogates. #sxsw #notpouting",3,3
5700,4388,"Just got my hand on the ipad 2 at #sxsw. Mixed feelings on the magnetic cover, but overall, a great improvemnt.",6,3
1514,8838,"Free #SXSW streams/downloads via new free Winamp app in Android market, direct link to app download in market {link}",1,3
2903,2396,@mention Congrats on your iPhone app being featured at #SXSW!,7,3
1745,49,wooooo!!! ÛÏ@mention Apple store downtown Austin open til Midnight. #sxswÛ,2,3
887,1262,"Listening to TWiT live @mention #sxsw. Also went to boxee keg party, google robots event, saw tim ferris speak, checked out ebay hackathon!",3,3
877,1910,Waiting eagerly for Google to launch their secret new Social Network called Circles today at #SXSW &gt;&gt; Any new updates ?,5,3
6091,6447,"RT @mention Playing with my fave new iPhone app, @mention Wow, this will rock at #SXSW next week!",7,3
3557,3421,"Bing/icanhas is on fire. Still going to keep searching with google, though. #sxsw #thanksforthebrandedshades",3,3
4323,8696,Another super smart move by apple  {link} Temporary store at SXSW #apple #sxsw,2,3
4521,6220,So @mention just spilled the beans: next platform for Flipboard is the iPhone. Team started working on it. #sxflip #SXSW #SXSWi,9,3
3020,935,Fear not! Now extended through Wed! --&gt; RT @mention RT @mention Last day for Apple popup is Sunday 3/13 #SXSW #AppleATXdt,2,3
5981,1452,Oh My God! RT @mention It's not a rumor: Apple opening up a temporary store in downtown Austin for #SXSW &amp;iPad 2 launch {link},2,3
2776,1374,Apple pop-up at #SXSW!? Ordinance on the front line! (Admission is the first step to recovery) {link},2,3
4945,7143,in line for the ipad2 - why not!! Apple hype team just made the high-five run by #sxsw,6,3
3781,6355,RT @mention New #UberSocial for #iPhone out. Includes UberGuide to #SXSW sponsored by #Mashable {link} &lt; v nicely done,7,3
675,7424,"Sweet, Apple's opening a pop-up shop in the Scarbrough Building on Congress for the iPad 2 - {link} /via @mention #sxsw",2,3
5020,4373,Apple trumps Nvidia in tablet gaming {link} #entry #friends #house #sxsw,2,3
4988,2311,The ironic tee has been usurped by the iPad 2 as the hipster/geek/start-up chic fashion item at this year's #SXSW,6,3
2923,7117,#apple #popupstore #sxsw.  Get your #ipad here  0310apple {link},9,3
3727,7553,Seated for Turkey Bowl; Armadillo &amp; Kill List Sxxpress passes acquired; now if I could only buy an iPad. #SXSW,6,3
2548,5307,RT @mention #SXSW News: Apple is getting into the music business? New device called an &quot;iPod&quot;. Like a compact disc player without the disk.,9,3
1568,7622,Temperature going up :) RT @mention @mention  @mention &amp;  @mention having fun at #google [pic] #SXSW {link},3,3
1017,1352,"_¼ÛÄ___ü ___¡  _____«_µ... &gt;&gt; @mention Google to Launch Major New Social Network Called Circles, Possibly Today {link} #sxsw",9,3
6317,3342,Spotted: Google Maps Street View car! I wonder if I'll be able to find myself on the maps one day. #sxsw {link},5,3
5807,5701,"RT @mention Epicurious, flipboard, CNN, wired, and MOMA as examples of good iPad design #SXSW  {link}",7,3
2802,6764,"@mention on the other hand, judging by the pop-up store constant line, Apple and the iPad2 are clearly breaking out at #SXSW",6,3
3262,3977,Great talk from @mention on designing good #tapworthy iPad apps. I may actually pick up the book #sxsw,7,3
580,1275,Apple has two Austin stores but until this week no downtown presence. That changes with an #sxsw popup store {link} ~@mention,2,3
2092,1834,It's not a rumor: #Apple is opening up a pop-up store in downtown Austin for #SXSW &amp; iPad 2 launch (via @mention {link},6,3
1267,4591,Wowwwwww next google maps is amazing! #sxsw,5,3
4265,6624,"RT @mention RT @mention We're officially at #SXSW! Come by the @mention Grill, mention us w/ #zazzlsxsw and youÛªll get to make your own iPhone case!",4,3
452,1896,"Buying iPad2? Turn in ur iPad1, Apple store wipes it clean, donates to schools. Mrs. Jobs idea. #Apple #iPad2 #SXSW",2,3
2110,2883,I can't believe what google just announced at Maggie Maes. Game changer for sure. #sxsw,3,3
5554,5063,RT @mention ÛÏ@mention #sxsw beta testing interactive book for iPad app by Moonbot studios out of Louisiana.  Cool app.Û,7,3
4879,962,It's also on Android. :) RT @mention Foodspotting's hit iPhone app finds the foods you crave {link}  #cnnmoneysxsw #sxsw,9,3
5664,6974,"RT @mention Wow, this thing is insanely thin &amp; light. Hold out for the iPad 2. Seriously. #sxsw #mosaicxm  {link}",6,3
1297,4317,Haha RT @mention How many of you don't use apple? Cause no one uses windows voluntarily. #Kawasaki #thisisdare #SXSW,2,3
2613,3916,We're excited to be at #sxsw and giddy to announce that Music WithMe for Android is now available in Android Market. {link},1,3
1457,288,ÛÏ@mention Apple store downtown Austin open til Midnight. #sxswÛ @mention there's still time :),2,3
1878,7057,Kind of cool: someone is trying to do screen mirroring of an iPad via a camera - there is an HDMI cable for that gents #sxsw,6,3
6157,161,The Apple #SXSW store still has iPad 2's and short lines.,6,3
4634,4896,"Sweet, good for you! @mention I have my #iPad 2 for Verizon. My life has just peaked. #SXSW",6,3
3622,1765,"#SXSW 2011 Trends:
Out: Google
In: Twitter
Next: Angry Birds",3,3
6219,5976,RT @mention Heading to free Google-sponsored happy hour for Semantic Web Austin @mention Fogo de ChÌÁo #sxsw,9,3
2256,1525,@mention ÛÏ@mention Last day to get the #LP Austin iPhone app for free {link} #travel #sxsw&quot;,7,3
4371,5687,RT @mention Download @mention new Austin iPhone app for free during SXSW {link} (thanks for the tip @mention #sxsw,7,3
3719,4536,Whoa - line for ipad2 is 3blks long!!! #apple #Austin #SXSW,9,3
4899,388,"Exciting, canÛªt wait! RT @mention Apple is opening up a temporary store in downtown Austin for #SXSW &amp; the iPad 2 launch {link}",2,3
1554,6170,RT @mention It's a lonely job protecting the iPad 2 but someones gotta do it.  {link}  #sxsw,6,3
697,3803,Best sessions I've seen so far at #SXSW have been this morning. Music of Ixd and Designing iPad Interfaces #winning,9,3
5491,7974,I still use Tweetie for Mac &amp; I'm running Leopard. I'll be a pariah at #SXSW! I wish I at least had an Android! SOMETHING TO MAKE ME COOL.,0,3
1350,3868,iPad 2 - is now available for online ordering. Go get urs. :-) #Sxsw,6,3
3118,8726,Apple's customer service is top notch. They've even got guys hanging out with the line giving inventory updates and just being nice #sxsw,2,3
2774,8306,"#imanidiot to wait in line for an #ipad2 during #SxSW. But will have one! @mention Apple Store, SXSW {link}",6,3
3206,6558,RT @mention RT @mention Heard about Apple's pop-up store in downtown Austin? Pics are already on Gowalla: {link} #sxsw [Pop-POP!],2,3
1510,8438,"Line for the iPad 2, at the Apple Store. No demo units until 5pm. #sxsw #fb {link} {link}",6,3
3507,3722,I'm debuting my new iPhone &amp; Droid app at #sxsw next year. It makes your phone waterproof &amp; will light your cigarettes for you.,8,3
3674,2440,This could be the first big news out of #sxsw... {link}  Google building new social framework.,9,3
462,1721,"#sxswnui #sxsw laptop denotes work, #iPad denotes fun",6,3
4723,3471,"@mention Hey Eric, it was at a pop-up Apple store here at #SXSW -- nice long line of tech-savvy folks ready to spend hard-earned $",2,3
5527,527,Good talk from AKQAs @mention on iPad interface w/ callback to design principles. My wish: go beyond media/marketing examples. #fb #SxSW,6,3
2244,475,"Before It Even Begins, Apple Wins SXSW {link} &lt;&lt; who will win big at #SXSW ?",2,3
5440,6366,RT @mention New social network may debut at #SXSW Google Circles {link} #EatDrinkTweet  Not done with you yet!,9,3
50,6217,RT @mention Just saw a preview of the new @mention iPad app. Awesome. #sxsw,7,3
4013,8284,In line at the Apple pop up store at #sxsw. Squeal. {link},2,3
98,4844,Heading to free Google-sponsored happy hour for Semantic Web Austin @mention Fogo de ChÌÁo #sxsw,3,3
1359,25,"RT @LaurieShook: I'm looking forward to the #SMCDallas pre #SXSW party Wed., and hoping I'll win an #iPad resulting from my shameless promotion.  #ChevySMC",6,3
5887,6548,"RT @mention RT @mention Google to Launch Major New Social Network Called Circles, Possibly Today {link} #sxsw (via @mention #pcbuzz",5,3
3750,1565,@mention @mention Apple sets up temporary store at #SXSW; iPad anyone? {link} cc @mention,6,3
4473,2657,"Got in the Google party not before being interviewed by Twit TV, finally ran into @mention #sxsw",9,3
2194,2985,Google+Deep Eddy Sweet Tea vodka+ GSDM cool factor #SXSW (@mention GSD&amp;M w/ 120 others) {link},9,3
2013,9,Counting down the days to #sxsw plus strong Canadian dollar means stock up on Apple gear,2,3
3144,2621,"Which line at #SXSW will be longer? 3/11 at the temp Apple store for the iPad2? Or 3/14 at the Microsoft booth for IE9? [Yeah, right!] :D",2,3
3177,6956,"RT @mention With 150 million mobile users on Google maps, 40% of all Google Maps usage is from mobile devices. #maps #sxsw",5,3
753,3063,It's madness already downtown and it's only the 1st day of #sxsw. apple popup store seems to be doing brisk biz,2,3
447,6081,"RT @mention I'm looking forward to the #SMCDallas pre #SXSW party Wed., and hoping I'll win an #iPad resulting from my shameless promotion.  #ChevySMC",6,3
2909,334,knackered at home playing with ipad and updating iphone. but timeline smashed with partytweets can't make me go to bed.. #sxsw,6,3
4193,664,"If you're in a room full of people w/good Wi-Fi at #SXSW run #FrostWire on your Android {link} share pics, apps, vids w/others",1,3
3222,479,"Before It Even Begins, Apple Wins SXSW {link} #tc #apple #ipad2 #sxsw",2,3
2816,271,Surprise! Apple has opened a pop-up store in Austin so that the nerds in town for #SXSW can get their new iPads. {link} #cnet,6,3
196,5550,"RT @mention Before It Even Begins, Apple WinsåÊ#SxSW, {link} -&gt; gonna get sum! via @mention",2,3
1733,1508,The world's largest iPad. #sxsw {link},9,3
5939,118,"Temporary #apple store is def not a tent, it's a powerhouse gym #SXSW  {link}",2,3
3457,4204,I realllllllly need to upgrade my phone haha RT @mention 10 iPhone Apps youÛªll Probably Need and Use During #SXSW {link},7,3
4685,9009,Very happy that Discovr has been named as one of the top ten must-have apps for iPad 2 :) I just have to fight my way thru the queue! #sxsw,7,3
5028,7355,Google's party at #SXSW is a huge antigov lobbying initiative invoking privacy #puregenius  {link},5,3
166,5373,RT @mention Abt to surprise customer waiting in line at Apple store in Austin for #iPad 2 with an @mention ! #SXSW #cbatsxsw / Awesome,6,3
5717,5581,"RT @mention Bounced over to catch Google's Marissa Mayer speak. Always admired her - intelligent, classy, successful. #sxsw",9,3
2037,7401,"About #Apple pop up store in #Austin for #sxsw.  When you can get peeps to line up at a store before it is finished, you have Brand Power.",2,3
1262,2392,"On its second day in business, the Apple pop-up store appears to be trending. #sxsw #vb (@mention Apple Store, SXSW) [pic]: {link}",2,3
6139,1818,Enjoying a Google ice cream sandwich at the GSD&amp;M party...with an edible wrapper! #welivehere #gsdm #SXSW  {link},3,3
1914,1192,"Check out this new #android app #bizzy, we're using it to check out #sxsw {link}",1,3
3900,3666,"Just in time for #SXSW in #ATX, #Apple to open a pop-up store, @mention debuts cool #Amex partnership.  #SXSW doesn't even start till Fri",2,3
6070,8978,Absolutely beautiful day in Austin for #sxsw. Off to the mall with the guys to track down iPad 2.,6,3
157,6734,RT @mention The Beluga iPhone app is the highlight of this #SXSW. Excellent way to coordinate the #sxsw4japan relief effort.,7,3
5043,2369,It's official! I'm buying an iPad. #SXSW #elevate,6,3
3337,7981,I'm obsessed with this #sxsw go iphone app. Feckin genius. Crazy long list of sessions less scary.,7,3
3098,8000,Great  museum naive presentation Google Art Project . Funny but cool. #sxsw,5,3
6288,2609,"Any Google Analytics and DFP experts at #SXSW? Would love some insight on managing DFP campaigns, ad management/measurement. DM me! #HISXSW",3,3
1549,6362,RT @mention New Post: @mention iPhone app makes it easy to connect on all social networks with people you meet  {link} #sxsw,7,3
4790,428,Google TV demo at the league for extraordinary hackers. Cool stuff! I like Web apps on TV. #google #sxsw #lxh,5,3
3968,4814,My ipad envy couldn't be any greater. Waaaaaa. #sxsw,6,3
5995,1514,Google 80's party at Maggie Maes #Sxsw... Got some free glow in the dark shades,9,3
1769,2766,"Cover time! #sxsw (@mention Apple Store, SXSW w/ 9 others) {link}",9,3
2222,5046,RT @mention ..only 9? #SXSW right-brain #mwrc11 left-brain?? :) RT @mention @mention at #SXSW 9 out of 10 attendees have Mac or iPad,6,3
4172,4008,"Heat Tracker is a cool heatmap iPhone app overlay for Foursquare, but everything is on fire here #SXSW",7,3
748,1407,The &quot;pop up&quot; Apple Store is packed! #sxsw,2,3
3419,7435,New blog post: ipad2 giveaway: {link} #actors #diet #sxsw,6,3
2379,6692,RT @mention Strong rumours abt Google unveiling a new social network called 'Circles' at  #sxsw  Does look interesting: {link},5,3
3132,7776,Oh no... RT @mention CONFIRMED: New iPad 3 coming this September - {link} #Apple #iPhone #iPad #sxsw,6,3
6076,6270,"RT @mention Looking for a cool new #iPhone twitter app to track the action at #sxsw this week, check out {link} #tweetignite",7,3
6153,5358,RT @mention 5 Social Apps That Will Make SXSW More Intimate - {link} #SXSW #SXSWi #apps #iphone,7,3
5697,535,Marketing Genius: Apple opens pop up store outside of #SXSW {link},2,3
5691,2404,"Could be cool. RT @mention Google to Launch Major New Social Network Called Circles, Possibly Today {link} #sxsw",5,3
4967,9048,@mention You bet man! Kindle and Apple for sure. You can pre-order on Amazon. You at #SXSW?,2,3
4734,8304,can't wait to see you champ! RT @mention I'll be at the Austin Conv Center today w/my @mention fam showing my new iPhone game. #SXSW,7,3
6338,839,There's a line at #SXSW Apple Store on ipad Day 2! {link},2,3
299,6657,RT @mention Shut. Up. RT @mention It's not a rumor: Apple is opening a temp store in downtown Austin for #SXSW &amp; the iPad 2 launch. {link},2,3
639,4887,Fantastico! RT @mention Marissa Mayer: Google Will Connect the Digital &amp; Physical Worlds Through Mobile - {link} #sxsw,3,3
743,8683,I picked up a &quot;mophie&quot; iPhone charge case at the #sxsw tradeshow. Doubt I'll use it all the time but it's great for long days out.,4,3
5282,7149,"&quot;Before It Even Begins, Apple Wins #SXSW&quot;: Apple to setup temporary store in Austin for iPad 2 launch March 11th {link}",2,3
1922,2512,"Getting ideas at #SXSW? Save them on your iPad using Action Lists. True to GTD, syncs w/ iPhone &amp; web.
{link}",9,3
1757,1487,[Just FYI...] BREAKING: Google to Launch Major New Social Network Called Circles...Today? {link} via @mention #sxsw #socialmedia,3,3
1610,3985,"Tech Check podcast -- #SxSW #Android passes #BlackBerry, a big Twitter #fail! -- {link} by @mention #sxsw #cnn",9,3
2476,3252,Well. Forget the #NFL #lockout right now. Gonna focus on getting my shinmy new iPad here in 40min #SXSW. Apple makes me happy. NFL does not,2,3
319,8783,Porting everything to my new Ipad2 before I head off to #SxSW on Sunday. Syncing over 3K songs takes a while. #apple,6,3
5164,8876,@mention we were on the right track RT @mention clever - Apple set to open popup shop in core of #SXSW action {link},2,3
4268,5957,RT @mention Hah! Found the &quot;popup&quot; Apple store where the iPad 2 will be on sale 2moro - gold's gym at 6th and Congress:  {link} #sxsw,6,3
232,686,"ÛÏ@mention iPad 2 Sold Out, 70% Went to New Buyers [REPORT] - {link} #sxsw #socialmedia #tech #ipad2 #mediaÛ",6,3
4593,8508,P.S. @mention and Google throw a b!tchin' party. Shout out to The Spazmatics #sxsw,3,3
2478,805,"Google to Launch Major New Social Network Called Circles, Possibly Today by @mention {link} via @mention #SXSW #ScreenFuture",9,3
3054,1326,"Brilliant win-win!  #Austin, #SXSW and #iPad2:  {link}",6,3
1422,6057,"RT @mention I just fell asleep for 2 hours with my eyes open, staring into the #SXSW stream on my iPad 2. {link}",6,3
4197,7056,all the cool apps coming out at #SXSW are making me miss my iPhone 4 in a big way,7,3
2645,7191,"Helping you clean up and organize all of your news/content, @mention does a great job for you #iPad owners. #sxsw #SXSWi",7,3
1174,1460,Brilliant!! RT @mention I've been having meetings while I'm in line at the #SXSW PopUp Apple Store for the iPad2. I love this place!,2,3
3249,1819,"There is a great festival #app for #sxsw featured on the app store works with google maps and plan schedule, and it's #free",7,3
725,4460,Are you in town for #SXSW? Be sure to check in with us using Google Places and Foursquare for some kick ass deals! #foursquare #googleplaces,5,3
4153,2187,#Google Saving Drivers Time and Fuel {link} #seo #sem #googlemaps #mobile #topnews #sxsw,5,3
3637,8393,"Report: 5th Avenue Apple Store sold 7,200 iPad 2s on launch {link} #entry #friends #house #sxsw",6,3
6284,5851,"RT @mention Google Party is at GSD&amp;M (Google Map it). #SXSW badge gets u in. Free food, drinks, music. Big place. No line. Great party. Come!",9,3
2284,8359,Last minute flight change to #sxsw means I can pick up an iPad 2 before I leave! #fb,6,3
2130,7512,Ipad 2 acquired thanks to @mention perserverance. 1 vote for husband of the year. Check #sxsw,6,3
3464,3870,This kid is ready for #SXSW.  Backpack and iPad... What more does one need?  &quot;Come on mommy let's go to Austin!&quot;,6,3
5139,6791,RT @mention This is awesome....   How I got an iPad 2 during #SXSW! {link} @mention via @mention,6,3
4395,5181,RT @mention &quot;Google maps: Route around traffic is saving our user 2 years every day.&quot; Marissa Mayer #sxsw,5,3
2486,7771,Awesome! RT @mention Yes! Gowalla wins best Andoid app at the Team Android Choice Awards. Thanks all! #sxsw,1,3
694,7095,Apple is opening temporary store close to #SXSW to sell #iPad2. They get the influencers concept! {link} @mention,2,3
4046,7238,It was about pen and ink and #miamibeach for me. But for now it's all iPhone and #sxsw for the next week.,8,3
954,4784,:) RT @mention Love it. @mention at #sxsw: &quot;apple comes up w/ cool technology no one's ever heard of because they don't go to conferences&quot;,2,3
5895,6246,RT @mention Less than half an hour and we'll tell you how to win an iPad 2!  RT this now! #SXSW #SXSWi,6,3
2525,1120,The great talk of @mention must be the only one at #SXSW that didn't mention Apple!,2,3
5426,3168,iPad. In flight wifi. Sitting behind @mention Ready for some shiner. #sxsw,6,3
3350,3576,@mention I'd say yes. Facebook and Google are implementing it which brightens the future. Good impact I'm search too. #sxsw,3,3
4914,3242,Will the gadget-addicted Apple Fanboy manage to come home from #SXSW without an IPad 2? The suspense is intense! It's intense suspense!,6,3
4673,3725,Google using Starry Night to demo their streetview-like art project. It's like they're inside my brain. #sxsw,5,3
24,7675,"adaptive retail -- apple to open pop-up shop at #sxsw. skillfully done, cupertino: {link}",2,3
1931,6256,RT @mention Line is wrapping around the block for an iPad 2 again for a second day at #sxsw! {link},9,3
732,3111,Love my new iPad 2-Seems much faster and more fluid then original and it's seems more natural to hold. Excited to use during #sxsw this week,6,3
2444,124,Christian #iPad #iPhone devs I want to talk to u at #sxsw or after -maybe we can wk together on cool app! @mention me,7,3
1357,6157,RT @mention iPad hipster #AustinCrowd #SXSW {link},6,3
5602,6073,RT @mention I'll be at the #SXSW Apple Store tonight handing out stickers &amp; coupons for @mention DoDo Cases #iPad2,6,3
1955,193,many iPad 2's snapping away at the keynote slides! #sxsw,6,3
5672,3431,@mention Have y'all seen this? Temp Apple Store going up downtown for #SXSW. Would y'all stream from there instead? {link},2,3
3636,6879,RT @mention We can't wait to give an iPad to someone at #sxsw. Want in? Just head to www.pep.jobs/upc to enter. (must be present to win,6,3
4088,7484,Google Maps Has 150 Million Mobile Users? THat's what Marissa Mayer claims at  #SXSW - {link},9,3
3253,6743,RT @mention The iPad 2 goes on sale next Friday...the Austin Apple Store is going to be busy! #SXSW,6,3
1572,6868,RT @mention Want to win a free #iPad 2? Are you at or attending #SXSW? Details are here: {link},9,3
5326,4251,Beautifully smart and simple idea RT @mention @mention wrote about our #hollergram iPad app for #sxsw! {link},7,3
2334,8007,Just finished taking photos in the #Google photobooth! You know I heart you! #SXSW (@mention Maggie Mae's w/ 101 others) {link},3,3
1645,286,"At #SXSW, Apple schools the marketing experts | CNET - {link}",2,3
911,2885,you can tell #sxsw is happening when 15 of your few iphone apps all have updates at the same day.,7,3
3009,5496,RT @mention At #sxsw &amp; want to drink free? Get the Ask Around IPhone App to find out where we are &amp; join us for drinks in #Austin.,7,3
1405,1926,Apple's taking old iPads for Teach For America (user gets a tax write-off) when you buy a new iPad. Kinda cool. #sxsw,2,3
5220,8798,Got the #VMware Talent Community iPad app rockin and signing up talented professionals tonight! Find me! #sxsw {link},7,3
5462,5297,RT @mention #sxsw guy in front of me at this panel has an ipad in an etch-a-sketch case...device of wondeR? #iusxsw,6,3
393,5167,RT @mention &quot;apple comes up with cool technology no one's ever heard of because they don't go to conferences&quot; #sxsw #pseudoretweet,2,3
2161,6592,RT @mention RT @mention New #UberSocial for #iPhone now in the App Store includes UberGuide to #SXSW sponsored by #Mashable {link},7,3
5557,9070,You know you've made it to #sxsw when you see a bunch of grown men hooting over getting the iPad 2,6,3
379,487,"Hey #sxsw exhibitors, why not capture your booth experience with a Retrollect disc? Most popular disc wins iPad 2! {link}",6,3
5088,9000,Dropped my MacBook pro as I was walking into #sxsw. iPad 2 sounding pretty appealing right now. Somehow I will adapt and overcome.,6,3
2000,4281,"Watching Marissa Mayer talk about advanced / future Google location-based &amp; augmented reality projects, very cool! #SXSW #SXSWi",5,3
5360,462,"Before It Even Begins, #Apple Wins #SXSW {link} by @mention",2,3
923,2706,Use Google profile or FB as  entry point? FB too personal? Try Digg or Google Reader to draw people in. #hireme #sxsw,3,3
5133,7572,Google Circles at #sxsw whoooooo {link},3,3
6310,1899,Monday's Adfonic Daily is Out! Read about #iphone white release #Google social #sxsw and all things #mobile here Ðü {link},8,3
3975,5278,RT @mention #SXSW #sxswparty Matt Damon upstairs at the Google party Maggie Maes 6th st,9,3
144,163,"Just left #sxsw tradeshow demo of @mention at the Google Theatre. Ok, I get it. I see why all the presenters here are using it.",5,3
3368,1809,"$15k for a &quot;high-quality PDF&quot; iPad app is a good investment for small mags, says Chris Tomlinson, formerly Texas Obs (now AP) #sxsw",7,3
5174,2931,"*g* rt @mention  Love the Apple pop-up store at #SXSW. ... Now, one question. Will AT&amp;T bring trucks for signal again? Please say yes.",2,3
3844,2455,"When brand focuses on purpose, not object, they survive &amp; succeed. Google: not search, useful info. Nike: not sneakers, performance. #sxsw",3,3
6195,3233,"Regretting that I didn't bring my iPad to #sxsw. Seeing lots of times it would be useful, especially for it's battery life. #woops",6,3
1566,2563,Apple is driving the &quot;consumerization&quot; of IT.  #empowered  #SXSW,2,3
5166,1530,@mention (via @mention #sxsw ipad store sold out of everything except 64gig wifi only white,6,3
1385,8430,@mention The geeks need somewhere downtown to line up to get the iPad 2. I'll be dropping by. #SXSW,6,3
6124,76,I love my @mention iPhone case from #Sxsw but I can't get my phone out of it #fail,8,3
4244,2183,"I don't have a television, but still have a two-screen expierence: iPhone and iPad. #psych #SXSW",8,3
3239,2598,"#dgtltribe #sxsw #openbeta6 iPad give-away, fantastic! now how are we going to squeeze that in...",6,3
1351,1780,The iPad 2 is just a better product... They have had time to make worthwhile improvements... @mention Diller #SXSW,6,3
2072,639,Catch 22Û_ I mean iPad 2 at #SXSW - {link} #apple #ipad2,9,3
3211,8095,must.resist.Mac.temptation RT @mention Apple is opening up a temp store in downtown Austin for #SXSW   iPad 2 anyone?,2,3
5181,1010,Temporary Pop Shop by #Apple at #SXSW and Nice Flipboard upgrade,9,3
2768,8958,iPAD / #SXSW PEOPLE: @mention brilliant Spider: The Secret of Bryce Manor is only 99 cents right now. BUY IT: {link},7,3
4093,4121,Cool! Apple to open temporary store at SXSW {link} #sxsw,2,3
5107,1013,The Apple pop-up store is more attractive and impressive than many permanent retail stores. #sxsw,2,3
1819,3928,dancing with myself at google 80s party.... ain't that the truth! need my girl @mention up in this joint #SXSW {link},9,3
899,2074,"as the search from sxsw via twitter does not work, check out google's real time search, at least you get some results #sxsw",5,3
3302,203,#SXSW day 5 at the #apple store and there's still a line...and growing {link},2,3
2014,371,{link} Go beyond Earth Hour this year by sharing positive actions with the world. Download the #EarthHour 60+ iPhone app. #SXSW,7,3
1474,2734,Gotta love this #SXSW Google Calendar featuring top parties/ show cases to check out.  RT @mention via @mention =&gt;{link},5,3
4252,2707,#SXSW hire qualified and talented women consciously early on in #startups to achieve success - Google did!,3,3
728,8082,In the past 15 minutes I won an iPad and literally bumped into @mention on the street. Thinking I should buy a lottery ticket. #sxsw,6,3
1703,5598,RT @mention Can't wait to see the internet implode in Austin on Friday when everyone stops all normal activity to order an iPad 2 #sxsw,6,3
2580,2438,That could be dangerous RT @mention Sweet...Apple listened to us!  A temp Apple Store near #SXSW for iPad2 launch!  {link},2,3
5414,3738,"OK, I definitely need an iPad 2 #SXSW #gadgetenvy",6,3
4387,14,Great #sxsw ipad app from @madebymany: http://tinyurl.com/4nqv92l,7,3
1650,3521,@mention How was Fri dinner and are you enjoying #sxsw? Twitter is abuzz with possible news re: Google Circles launch that may happen there,9,3
6321,7885,&quot;it's not about affirmative action; having women on the product team [at Google] literally made the product better&quot; @mention #SXSW,9,3
3695,6843,RT @mention Very smart from @mention #hollergram iPad app for #sxsw! {link} (may leave my vuvuzela at home now),7,3
4599,740,&quot;I'm just learning all of these things from the screen.&quot; A 4-year old's explanation of how she instantly knew how to use an iPad. #sxsw,6,3
4959,1118,"{link} At SXSW, Apple schools the marketing experts #sxsw",2,3
774,4484,iPad 2 sync complete! I'm live! #livingthedream #sxsw,6,3
5291,8376,#sxsw wanted to get this right #dokobots really ingenious #iPhone game.,7,3
1754,4129,Temp #Apple$tore set up for #SXSW YAY! {link} #Austin #tech,2,3
4682,2031,Great recap of Google/Bing Q/A session on website ranking #SXSW #qagb {link} (via @mention cc: @mention,3,3
6040,3043,Free iTunes SXSW &quot;Featured Artists&quot; sampler: {link} #free #music #SXSW,4,3
2475,5582,"RT @mention Brilliant move by Apple: before it even begins, Apple wins #SXSW {link}",2,3
5202,3987,"A two-week pop-up #Apple store in downtown Austin, just in time for #SXSW and iPad2. Very cool.",6,3
716,8963,"Group #Texting War Heats Up: Fast Society Launches New Android App, Updates iPhone App: #SXSWÛ_ {link}",1,3
1508,23,"Photo: Just installed the #SXSW iPhone app, which is really nice! http://tumblr.com/x6t1pi6av7",7,3
6222,1792,The iPad 2 Takes Over SXSW [VIDEO] {link} #apple #iPad #SXSW,6,3
6075,6606,"RT @mention RT @mention Shiny new @mention @mention @eightbit apps, a new @garyvee book, pop-up iPad 2 stores... #SXSW is Christmas for nerds.",9,3
3861,4505,SXSW attendees! Come see #Aquent booth 1415 #SXSW trade show. You might win iPad 2!,6,3
1113,3994,The hannukah miracle of the morning: uncharged iPhone still at 55% battery #sxsw,8,3
1298,8037,Apple is so smart: The iPad 2 Takes Over #SXSW [video] {link} #sxswi,2,3
528,8385,"#SXSW: Potential Breakout Gadgets, Apps &amp; #Apple #iPad2 Pop-Up Store. Festival begins tomorrow: {link}",6,3
1217,5945,RT @mention Great day at #SXSW -BUT jaloux of @mention &amp; HIS NEW iPad.Look at him on school bus on 1st day of school {link},6,3
875,6009,RT @mention Hey foodies: if you're in Austin for SXSW download the new ARW iphone/android app and use it as a guide to dine while you're in town! #SXSW,7,3
5625,1286,Brilliant use case! #SXSW &quot;@mention ...kik concierge service is great. Get @mention for android or iPhone and add the sxsw user &amp; ask away&quot;,9,3
2017,6932,RT @mention Whoa. Hang on. I just saw someone without an iPhone!! #SXSW,8,3
7,2975,Wow! RT@mention We interrupt your regularly scheduled #sxsw geek programming with big news {link}  #google #circles,9,3
2219,3727,It's amazing that the Apple Pop-Up Austin Store was executed so quickly. 1 week {link} via @mention #SXSW,2,3
4987,4115,Japan Apple Stores serve as rallying point after massive quake {link} #entry #friends #house #sxsw,2,3
168,3000,RT to enter the contest and maybe win an iPad 2 from @mention #sxsw,6,3
6103,2503,It's pie day at the google booth at #sxsw #mylunch,3,3
693,474,"Before It Even Begins, Apple Wins SXSW - TechCrunch {link} #sxsw",2,3
5415,7479,"Google Maps 5.2 demo Renders very quickly, 3D buildings and landscapes included in the basic maps. #MarissaGoogle #sxsw",5,3
1428,5284,RT @mention #sxsw beta testing interactive book for iPad app by Moonbot studios out of Louisiana.  Cool app.,7,3
1779,369,IPad 2 is better..they have had time to improve #sxsw,6,3
1646,3750,Fun with interactive maps at the @mention and Google party: {link} #sxsw,3,3
3985,1379,"At Google, 4 people do the work of 7 people rather than 7 people doing the work of 4. #agileagency #SXSW",9,3
719,3247,No I changed my mind. I need an IPAD! #infektd I need a wider screen to detect the zombies. #sxsw,6,3
6110,3635,"@mention If you pull my name in the @mention contest and I win an iPad, iPad2, cash, suckling pig or dandy T-shirt, hold it 4 me! #sxsw",6,3
131,383,Nice find by RSQ's @mention {link} #sxsw #iPad #app,7,3
3544,860,So geeky! Love it! RT @mention Apple is opening up a temporary store in downtown Austin for #SXSW and the iPad 2 launch {link},2,3
5160,2580,Google body beta uber  #SXSW #health2dev #cool,5,3
5173,3028,"This is very cool, Google is basically foing their version of an Apple event and showing a ton of new product features. #sxsw",3,3
2789,7493,Google Maps Street View car sighting!!! #SXSW  {link},5,3
4546,5356,RT @mention 40% of Google maps use is mobile #sxsw,9,3
6228,8051,iPad 2's sold out at temporary Apple store on Congress.  #sxsw,6,3
4643,7775,Niceness RT @mention Less than 2 hours until we announce the details on the iPad 2 giveaway! #SXSW #SXSWi,6,3
3309,1054,I like it RT @mention @mention &quot;Google before you tweet&quot; is the new &quot;think before you speak.&quot; - Mark Belinsky #911tweets panel #SXSW.,3,3
2991,2432,#tech iPad 2 Gets Temporary #Apple_Store for #SXSW {link},6,3
3185,5137,RT @mention @mention Just won an HTML5 t-shirt from google for saying that EaselJS is my favorite canvas library at #sxsw.,3,3
2769,5455,"RT @mention Apple Pop Up Store for #SXSW, Why not Pop Up Genius Bars - Everywhere?",2,3
6023,3934,Mayer admits that Google needs to step up one-to-one customer service. Would set an amazing precedent! #sxsw #fh,3,3
4317,4225,kinda jealous of the ubiquity of ipad's here...#sxsw,6,3
4676,7862,"iPad users have a slow, resting heart rate. Its a more leisurely use than desktops or phones. #tapworthy #sxsw",6,3
1207,1302,Wishing I was at #sxsw to see the rumored demo of @mention new social network 'Circles' {link} (via @mention,5,3
5526,928,"ÛÏ@mention Not a rumor: Apple doing popup store in downtown Austin for #SXSW &amp; iPad 2 launch {link} Smart move, 1of many #dfcbto",2,3
1997,6272,RT @mention Looking fwd to iPad DJ @mention at our @mention After Dark party tonight. Great first day #SXSW! {link},6,3
5746,3626,I wonder if there's anyone here who's snagged an iPad 2... Supposedly there's an Apple store somewhere on campus. #SXSW,6,3
795,3213,I'm giving $100 to the next person who comes up to me at #SXSW and tells me how cool Android is -- look around for me!  Look hard.,0,3
454,842,"Saw giant line, thought it was for movie premiere. It was at apple store for iPad 2. Heard more screams than at premiere! #SXSW",6,3
5341,8574,"My #SXSW toolkit:  laptop+charger, iPhone, H2O, bike, &amp; shades:  I'm a walking Apple ad with a touch of REI.  What's in your #sxswtoolkit?",2,3
3366,2423,{link} Security guard enjoying the iPad2 at the Apple Store in Austin... #sxsw,6,3
4207,508,#Apple To Follow Its Customers To #SXSW - Forbes - {link} - Alcoholics call this Û÷enabling.Ûª The rest of us call it genius.,2,3
3135,5251,RT @mention #Smmnextgen Tools on the cheap: google analytics+excel+buzzmetrics.  Also Radian6 and Altimeter.  #sxsw #sloansxsw,9,3
4276,8567,"Planning to wait for the iPad2 at the #sxsw Apple Store, get #infeKTD. Might be players in the crowd.  {link}",6,3
4204,8558,Guy next to me in the bathroom props his iPad above the urinal and keeps using it while going. These people are serious. #SXSW,9,3
1963,491,"Photo: By far, the best #sxsw accessory is an ipad. Followed closely by a margarita. ;-) {link}",6,3
2735,6358,RT @mention New iPad Apps for Speech Therapy and Communication Are Showcased at #SXSW | @mention {link},7,3
1521,2162,The Spasmatics are rockin' it at the ACLU / Google party. #sxsw,3,3
5451,5962,"RT @mention Have decided I need an ipad. #usguys #sxsw - I agree, you do!",6,3
1218,8436,Just saw the huge iPad 2 line at the popup Apple Store. People really really want it. #SXSW,6,3
750,284,"At #SXSW, Apple schools the marketing experts {link} via @mention",2,3
6234,7052,Leaving Google's Marissa Mayer Keynote. Interesting details on user adoption of location-aware services. #sxsw,3,3
2366,4416,Having fun creating a dynamic Google doc with @mention from opposite sides of the #killcommunity room #sxsw,5,3
256,7159,looking forward to hearing  google's @mention present today at #sxsw,3,3
2133,8286,I'll be at the Austin Convention Center today w/ my @mention fam... showing my new iPhone game. #SXSW,7,3
4353,886,How did I miss this?! I knew I spotted NFC enabled google places marker at birds! No wonder all the billboard near #sxsw {link},9,3
1322,4596,Sweet. Danfung Dennis will be demoing the immersive video rig and iPad platform used in To Hell and Back Again at our #SXSW party.,6,3
2569,7797,Google party! #sxsw (@mention GSD&amp;M w/ 157 others) {link},3,3
5357,7245,"Checking out the new Fast Society app. for iPhone ... Kinda like a group FourSquare, nice for #sxsw. Thanks to @mention for sharing!",7,3
2393,2025,what company company has the best supply chain? Walmart and Apple #behance #sxsw,2,3
4813,1582,"Yeah! RT @mention Details for the iPad 2 giveaway coming tonight, RT this! #SXSW #sxswi",6,3
2908,7638,"@mention re:new features of google maps,ex:ability to see inside amazing museums and be able to zoom to the brushstroke #SXSW #LoveHer",5,3
5853,6343,RT @mention New  #UberSocial for #iPhone now in the App Store includes UberGuide to #SXSW sponsored by #Mashable {link},9,3
1847,4182,iPad 2 will be taking over #SXSW. I'm prepared for this to be the most fun weekend of my career.,6,3
1717,6995,"RT @mention Zazzle is officially at #SXSW! Come by the @mention Grille, mention #zazzlsxsw and youÛªll get to make your own iPhone case!",8,3
5658,899,"Brilliant move by Apple: before it even begins, Apple wins #SXSW {link}",2,3
4031,6308,RT @mention Me too. RT @mention Love it. #sxsw: &quot;apple comes up with cool technology no one's ever heard of because they don't go to conferences&quot;,2,3
6066,7860,Reid cites Google's Route Around as a good start to realtime/near realtime data {link} @mention #sxsw,5,3
908,3954,@mention just checking out the  #iPhone app. Very nice - Check it out at {link} have fun at #sxsw,7,3
4017,8054,"haha, awesomely rad iPad app by @mention {link} #hollergram #sxsw",7,3
5892,7852,Four hours down. Six and a half to go. But the adventure has been worth it.  #apple #SXSW,2,3
5584,4364,"Google &amp; BAVC launch Impact Dashboard at #SXSW - web app to collect, host and visualize data in real time: bavc.org/impact",9,3
5469,8036,Great preso on ipad design by @mention I learned some stuff I can actually use now! #tapworthy #sxsw,6,3
5418,5534,"RT @mention Awesome hands on review of the iPad 2 coming tomorrow on @mention , guest post by @mention - he's at #SXSW",6,3
4778,6728,"RT @mention The #iPad 2 Takes Over #SXSW [VIDEO]: {link} via Mashable
#apple",6,3
2338,7657,"just ordered my ipad 2 and am excited to be at #SXSW, but it all seems silly with what's happening in japan right now.",6,3
619,6958,"RT @mention Within hours of buying an iPad, Glenda Watson Hyatt (with cerebral palsy) was able to communicate with strangers in public. #sxsw #poursite",6,3
5185,2164,"Great location choice, and nice timing for iPad2 launch: #Apple, #HP 'popping' in for #SXSW {link}",6,3
956,2161,Another late start at #sxsw #sxswi damn you google and your rocking 80's party,3,3
812,6543,"RT @mention RT @mention Google to Launch Major New Social Network Called Circles, {link} #sxsw #nptech",5,3
5579,7888,"So jealous of @mention who is at the team #android event at #sxsw #androidsxsw. Get some swag, girl!!!!!",0,3
1259,3102,Freaking everyone has an ipad or iPhone 4 or Mac here. Wow. #sxsw,8,3
1591,2151,"The line at the apple store goes around the block. Oh, that's right, iPad 2! Also, #sxsw.",6,3
3245,6392,RT @mention Now there are 150 million mobile google maps users @mention #sxsw #science,3,3
2410,3314,"iPad design session at #sxsw is packed! (@mention Hilton, Salon J w/ 21 others) {link}",6,3
2228,7111,so for people back home - seems that #sxsw is putting together a pop-up apple store for people to get the ipad2 today ;),6,3
1951,5502,"RT @mention At #SXSW presentation, @mention demonstrates how you can pause a video on new video player and pick up in same spot on iPad app",7,3
5195,4878,So went to the Apple Store (Kingston) as friends at #sxsw have new iPad's ... so got something to cheer myself up :) {link},6,3
5401,2498,Cobra iRadar detection system coming to Android next month {link} #Android #GPS #iPhone #SXSW,1,3
2076,8229,"I can just feel the buzz!RT @mention Google to Launch Major New Social Network Called Circles, Possibly Today {link} #sxsw",5,3
68,2491,All Packed. A few too many #Apple devices. Alarm set for 5:15am. See ya'll at #SXSW. Psyched to meet (finally) many of you guys!,2,3
3363,9011,apparently the line to get an iPad at the #sxsw store grew by 2 blocks to 5 blocks in the past 30 mins. WUT.,9,3
1685,2397,@mention Congratulations on winning the Android award! :) #sxsw,0,3
5227,5557,"RT @mention BEST SWAG EVER. Thanks @mention My charging iPhone thanks you, too. #SXSW {link}",8,3
2737,7589,"Google Circles, if as described another good move as a product but too late?{link} #sxsw (via @mention",5,3
71,2572,That sounds...fantastic. RT @mention At the Google party...awesome. #SXSW,9,3
3566,7814,"#blackberry users must feel like such losers here at #sxsw. clearly. #iphone crowd, baby.",8,3
1009,7151,"#tech Before It Even Begins, #Apple Wins #SXSW: Over the past week, there's been a major dilemma in... {link} #technology",2,3
5912,4022,#playhopskoch is in the apple app store (as well as the android market) getting ready to rock #sxsw,7,3
1326,3294,#SXSW Google maps is even cooler than I thought,5,3
505,7165,Looking forward to the iPhone and Android design sessions at #SXSW. Can't wait to drink and give away stuff and get paid for doing it too.,8,3
2206,3369,"A busdev guy come to #Ipad2 line and ask where wr from, what we feel about ipad2, have o good discussion about iads #apple #crazyco #sxsw",6,3
4786,4220,@mention look! RT @mention New #UberSocial for #iPhone now in the App Store includes UberGuide to #SXSW ... {link},9,3
3013,4075,"I just held the new iPad, I have envy, but my baby is still working so well at #sxsw.",6,3
4691,4321,LOL! RT @mention I'll bet there's a lot of nerds at #SXSW using the #iPhone Light Saber app in barroom brawls instead of their fists.,7,3
2115,3984,Come check out @mention iPad App demos at #ARM's #SXSWparty on Mon! {link} #SXSW #SXSW2011,9,3
1404,5042,RT @mention :) RT @mention Love it. @mention at #sxsw: &quot;apple comes up w/ cool technology no one's ever heard of because they don't go to conferences&quot;,2,3
2717,4588,#random #news #tech exclusive shot of #SXSW popup Apple Store! {link} #TT #FF,2,3
341,4625,Interesting tidbit:  apple designed the iPad 2 case before designing the actual device.  #sxsw,6,3
3240,7804,"Yes, the rumors are true. Come play with @mention on iPad at our booth at #SXSW, exhibit hall 3. #iPad #iPad2 (Under the giant &quot;O&quot;)",9,3
4507,4330,Fab! RT @mention RT @mention So @mention just spilled the beans: next platform 4 #Flipboard is the iPhone.workin on it. #sxflip #SXSW #SXSWi,7,3
3231,8437,Just saw the iPad 2 up close or the first time at #sxsw.  It's shiny.,6,3
3982,469,"Before It Even Begins, Apple Wins #SXSW {link} /by @mention for @mention",2,3
3756,4967,Wow! - Google to launch new social network at SXSW? {link} #sxsw #google,3,3
6224,6634,RT @mention RT@mention Love it. @mention at #sxsw: &quot;apple comes up with cool technology no one's ever heard of because they don't go to conferences&quot;,2,3
5321,2212,Marissa Mayer of Google speaking at #SXSW mobile phone usage of google maps surpassed online use in the past couple months,5,3
3811,7837,#Apple has a temporary retail store at #SXSW - sweet! #iPad2,2,3
498,5285,RT @mention #sxsw bound! Keep an eye out I may give away an @mention #iPhone case at ATX after we land!,9,3
1358,1848,At Q&amp;A with Google and Bing on website rankings. Fun. #sxsw,3,3
5938,5456,RT @mention Apple pop-up shop for #SXSW. How cool is that? {link},2,3
1178,2763,"New iPhone, new iPad 2, and they come running as fast as they can, cuz every girl crazy about a sharp Mac man... *strums guitar*  #SXSW",8,3
5184,8704,Nice gesture - #Lonely-Planet makes #Austin guide on iPhone free for #SXSW {link},7,3
1995,7058,That is cool! RT @mention Coolest iPad case ever!  It's an etch-a-sketch #sxsw  {link} via @mention,9,3
2934,3012,Ahh. Wonderful news! RT @mention iPad 2 - is now available for online ordering. Go get urs. :-) #Sxsw,6,3
4169,2483,{link} Did you hear? AppleÛªs opening a temporary store just for #SXSW! (via @mention,2,3
6210,6434,RT @mention Panel just got my head out of my iPad by saying &quot;{link} out loud. #newsapps #sxsw,6,3
351,5801,"RT @mention Google &quot;product gatekeeper&quot; Marissa Mayer on the location-based &quot;fast, fun and future&quot; {link} (HT @mention #SXSW",3,3
49,2851,#SXSW I need the best android dev here.  Html5/JS issue need solving quickly.  Handsome reward and love for grabs.,0,3
2831,3909,You said it!  Even better 2 have iPhone w/Verizon! Revenge 4 yrs of ridicule! RT @mention Very glad to be a #verizon customer! #sxsw,8,3
3616,5819,"RT @mention Google doodles aim to bring people together socially, promote communal experience. #sxsw #GoogleDoodles",5,3
4233,4666,Apple Opening Pop-Up Store In Austin For SXSW ~ {link} &lt;- Ya gotta hand it to Apple... always innovating #apple #sxsw,2,3
1101,2781,Getting ready for #sxsw by installing @mention on my iPhone. Woot! {link},7,3
2858,995,Hey #sxsw peeps! Our new IPhone app ON #Voicefeed just launched the US: {link} Check it out and let us know what you think!,7,3
4920,8462,"&quot;If there's one thing SXSW is good for, it's flash mobs and hive-think.&quot; Apple Wins. Again. @mention #sxsw #ipad2 {link}",2,3
88,4385,"Restored my Apple made smart phone, because I'm about to unleash hell on it at #SXSW.",2,3
1145,5144,RT @mention @mention one of the must have apps to survive #SXSW {link}  Join our #SXSWbarcrawl during #SXSWi,7,3
213,8231,Very smart from @mention #hollergram iPad app for #sxsw! {link} (may leave my vuvuzela at home now),7,3
5296,2015,#sxsw  thanks for the ever present iPhone barging tables...,9,3
5931,8752,@mention V1.2 of #SXSW GO iPhone/iPad app is now live. Better updates &amp; My Schedule sync. Would love to know what you think {link},7,3
302,7674,Very interesting. RT @mention Apple to Open Pop-Up Shop at SXSW {link} #sxsw #sxswi #popupshop #apple,2,3
3730,8992,"Looks very interesting RT@mention Google to Launch Major New Social Network Called Circles, Possibly Today {link} #sxsw",5,3
5258,7504,"@mention Putting an pop up apple store at #sxsw is so smart, talk about understanding your demo's needs!",2,3
6261,4839,"I tried to buy an iPad this week at the #SxSw Apple store, but every time I go, they are sold out of the one I want.",6,3
2029,2978,Wow RT @mention Yes! Gowalla wins best Andoid app at the Team Android Choice Awards. Thanks all! #sxsw,1,3
3772,8840,Apple know their target audience. Pop-up shop @mention SxSW to sell iPad 2 on launch day. #SxSW #Apple,2,3
1022,8665,Google launches Route Around Traffic - offers 3 options to keep you out of traffic. Saves 2yrs worth of time...every day. #sxsw,3,3
4803,8280,Got a text that @mention hit the reddit front page. From Moonshine I signed up for a data plan and checked it via my iPad. #sxsw #nerds,6,3
5247,6636,RT @mention Rumor of Google launching their new social network called #Circles today at #sxswi #sxsw {link},3,3
1316,2131,@mention at #SXSW! Be the first to send us a pic of @mention and get a free download of our game! #Android #videogame #smartphone,1,3
4780,6784,"RT @mention This -&gt; RT @mention At Google, 4 people do the work of 7 people rather than 7 people doing the work of 4. #agileagency #SXSW",3,3
4424,4221,@mention Looks like you could get your iPad2 here {link} #apple #sxsw,6,3
2104,8972,Biomimicry as the basis of design and problem solving. Google studying flocking and swarming behavior to understand collab. Brilliant. #sxsw,3,3
4823,1900,"LoL U r gadgetzilla! Have fun! @mention It's #SXSW Festival time. OMG I'm scared! Got my netbook, #iPad &amp; my droid!",6,3
3901,2464,Just found out new mapquest iPhone app has turn-by-turn gps for free... Time to check it out and get reacquainted with mq #sxsw,7,3
745,4535,I'm in line for an #iPad 2 @mention @mention #SxSW,6,3
2020,8898,"@mention What's the wait time lookin like? The Apple Store up north is already sold out, any word on the #SXSW inventory?",9,3
5583,4072,"#iPad2 Sold Out, 70% Went to New Buyers - WOW!  {link} via @mention @mention #sxsw",6,3
3679,7232,Checking out Google's @mention keynote at #sxsw #mkesxsw who is from Wisconsin!,9,3
5932,3991,Josh Clark's (@mention iPad UI talk is fabulous. Full of objective critiques and insightful suggestions. {link} #sxsw,6,3
5606,2659,Here's the guy who bought the first #iPad2 at the #SXSW popup store (hope he registers for his Thoora beta!) {link},6,3
6313,2712,YES PLEASE RT@mention At #SXSW and want to win an iPad? Get on the case with @mention @mention and @mentionR,6,3
2685,3944,"They're giving away iPad 2's, x boxes and books at @mention #sxsw #techenvy",6,3
1494,4012,Apple marketing is still impressive at #SXSW RT@mention {link},2,3
5715,5501,RT @mention At #sxsw even the cabbies are tech savvy. That's his iPhone streaming twitter. @mention  {link},9,3
1927,7538,Hipster or hobo? Only way to tell is the iPhone. #sxsw,8,3
417,8756,Users drive 12B+ miles a year with Google Maps Navigation ^JR #sxsw,5,3
2236,7462,I'm so happy this exist! Going to try and do the whole #sxsw trip w/o a laptop. iPhone &amp; iPad only.  {link},8,3
5607,2284,Talking about iPad's usefulness for developers. We're not nerds at all. #sxsw,6,3
769,1535,@mention {link} you get the #sxsw app yet? Android version has the schedule.,1,3
1418,5442,RT @mention Apple on Congress. Nice. RT @mention Apple set to open popup shop in core of SXSW action {link} #SXSW #Apple,2,3
5688,6428,RT @mention Over 300 people in line at Apple store in downtown Austin! #iPad2 #sxsw,2,3
4932,1852,"3/5 available for Android. &gt;&gt; 5 Absolute, Must-Have Apps to Rock #SXSW Interactive by @mention {link} via @mention",1,3
34,5023,#sxsw Recommendation Engine Session was  fantastic!  Thanks #google #pandora #YouTube #stumbledupon.,3,3
5237,4248,In a really long line to get into the ACLU/Google party. Not sure I can wait this out. #sxsw,3,3
2963,5609,RT @mention Check out the #dokobots game from @mention for iPhone and Android.  Seems pretty cool. #geogames #SXSW #tmsxsw,7,3
4983,6268,RT @mention Look everyone! Zomg @mention got an iPad 2 on the first day! #sxsw {link},6,3
4586,5486,"RT @mention Arduino + android = Flaming skulls  {link} Refrigerator Speaks , Salon K, 3:30pm @mention @mention #sxsw #smartthings",1,3
3836,3919,Hanging with @mention checking out her awesome new iPhone app Ask Around #SXSW (@mention Six Lounge w/ 10 others) {link},7,3
6160,2199,Giving away an iPad 2 at this panel. Wish me luck! #sxsw,6,3
5977,7008,@mention one of the must have apps to survive #SXSW {link}  Join our #SXSWbarcrawl during #SXSWi,7,3
2669,156,#POURsite #SXSW learning about the life-changing impact of the iPad on real people's actual lives - bravo!,6,3
3396,589,.@mention Google Will Connect the Digital &amp; Physical Worlds Through Mobile - {link} #SXSW  | RT @mention,3,3
4376,7696,Thanks girl! RT @mention Congrats to @mention on winning the last @mention #iPad case for her boyfriend aw :) #SXSW #cbatsxsw,4,3
5186,5388,RT @mention And we're live! Come get your Android and check us out! {link} #SXSW #android,0,3
3800,5125,RT @mention @mention Google is looking at social signals more and more for search results. #qagb #sxsw,3,3
4604,5508,"RT @mention At #SXSW, Apple schools the marketing experts {link} via @mention",2,3
3371,7844,Wish I was at #SXSW meeting with everyone in #TeamAndroid and the rest of the Android community. I will be there next year.,0,3
2025,7371,Awesome iPhone cases for @mention here at #sxsw!,8,3
2974,199,More than 35 million miles per day are driving with Google Maps Navigation! #SXSW,5,3
2515,1704,"@mention #sxsw #google tv - thanks to Google TV, I can watch Guy live in my own livingÛ_ {link}",5,3
2657,7747,@mention RT @mention Confirmed! Apple store 2 week popup in Austin for #SXSW Now with picture!  {link} {link},2,3
1128,5447,"RT @mention Apple opening downtown Austin pop up store for #SXSW. RT @mention Before It Even Begins, Apple Wins SXSW {link}",2,3
5740,4238,"Hey, you lucky dogs at #SXSW with iPads -- check out the Holler Gram app: {link}",6,3
1950,5671,"RT @mention deviantART buys 3 iPad 2's in Austin, tests Muro drawing, it's super fast!! #deviantART #SXSW httÛ_ (cont) {link}",6,3
2482,783,"Google to Launch Major New Social Network Called Circles, Possibly Today {link} #sxsw rt @mention via @mention",9,3
265,5577,RT @mention Blogger is about due for an update... Google takes action and will showcase the new design at #SXSW {link},3,3
1479,8486,Nice! Austin Apple pop up shop in time for #SXSW RT @mention The i P a d s have arrived! #SXSW {link},6,3
5798,8870,Looking fwd to iPad DJ @mention at our @mention After Dark party tonight. Great first day #SXSW! {link},6,3
2143,8546,Thrilled to have former Chief Talent Officer of Apple and Gap on @mention Advisory Board {link} #sxsw #sxswi #innotribe,2,3
5564,5858,RT @mention Google set to launch new social network #Circles today at #sxsw,3,3
2532,633,How could I forget my cell phone today for #SXSW what a fail glad I have my iPad #lifelinetotheworld,6,3
5095,8251,#sxsw that is so cool #apple has a pop up fundraising kiosk for #japan at #sxsw just kidding but a good idea...,2,3
52,3195,"While my friends are in Austin @mention #SXSW, I'll be in Buffalo for the new #ipad ... so there!",6,3
1309,2282,Excited about #sxsw tomorrow! Leaving for Austin at 8am. Will see Google's @mention at 3:30pm. Still working my schedule.,3,3
1102,8945,FestivalExplorer iPhone App Finally Solves SXSW {link} #music #musica #musiek #musique #musik #app #sxsw #Ù_¾¬â #Ù_¾´_ #Î¥É,7,3
5437,4843,4G will do for connectivity what the iPhone did for smart phones - Joe Berry #SXSW #connectedcar,8,3
1957,276,ÛÏ@mention Apple is opening up a temporary store in downtown Austin for #SXSW and the iPad 2 launch {link} #gswsxsw,2,3
4592,6425,RT @mention Our updated iPhone app has song info for select streams (incl. @mention 24/7) &amp; live video streaming in time for #SXSW {link},7,3
2406,5780,"RT @mention Giving away an #iPad at #SXSW for all you mappers out there. Entry is amazingly easy, here are details: {link}",6,3
4381,4334,"Wow. RT @mention RT @mention Google to Launch Major New Social Network Called Circles, Possibly Today {link} #sxsw",5,3
6122,6988,RT @mention Yesterday was fantastic @mention #SXSW &amp;Apple iPad 2 launch. But let's all take a moment 2honor those who have suffered in Japan.,6,3
3307,1361,@mention - got my copy of #Enchantment #ipad #kindle today. So excited. thx for keeping the world enchanted. glad you're at #sxsw again.,6,3
4275,7717,Learned from sponsored #sxsw software: 1) Austin = nice walking city; 2) Mapquest = piece of shit mapping software. (go Google Maps!) #fb,5,3
1211,386,&quot;You can Google Canadian Tuxedo and lose yourself for hours&quot; #sxsw,9,3
5376,2776,Genius idea RT @mention Apple Popup Store at #SXSW {link},2,3
2576,7784,Sweet :) RT @mention Bday pressie for myself: iPhone 4. @mention got a matching one. Now we can fit in with hipsters #sxsw this wkd ;),8,3
797,2188,Matthew Davis/Designing for iPad- &quot;the web has been like a strip mall of content...&quot; #sxsw,6,3
5679,4369,Doodle competition: invite kids to create own doodles. Winners are put on Google.com to celebrate their awesomeness!  #GoogleDoodle #sxsw,3,3
5006,702,Very cool iphone app just launched at #sxsw FlyPost: community bulletin board w/ location. Learn more: {link} {link},7,3
3482,142,Must have #SXSW app! RT @mention Lovely review from Forbes for our SXSW iPad app Holler Gram - {link},7,3
2733,2805,&quot;Facebook and Google are our biggest competitors.&quot; Said #4sq's Crowley #sxsw #eurosxsw,3,3
435,1812,Great idea behind #circles RT @mention &amp; @mention Google Launching Secret New Social Network Called Circles {link} #sxsw,3,3
6004,3561,Crowley: i really want a new iPad. Just haven't had time to get over there. #checkins #SXSW #KetchSX,6,3
380,4910,Speaking of #sxsw: how about that #apple store on 6th and congress? Wouldn't it be great if it were permanent....? ;),2,3
3156,7840,"2 iPad 2's acquired. In line at 9:30a, store opened at 10. Had iPads within 20 min. Not bad. Way to go Apple #SXSW team!!",2,3
1062,3269,#tech #Lightbox_Photos Wants To Be Your New #Android Camera App (#SXSW): Although Android adoption is... {link} #technology,9,3
5877,2222,Marissa Mayer: #Google wil connect the digital &amp; physical worlds through mobile  {link}  #SXSW,3,3
5744,703,Pedicab + iPhone charger would be epic win. #SXSW,4,3
2268,219,Hobo with A Shotgun video game coming to iPad/iPhone users?! Yes please! {link} #SXSW,7,3
6254,3986,"Tech Check podcast -- South By Southwest, Android passes BlackBerry, a big Twitter fail -- {link} #sxsw #cnn",0,3
276,3796,"Hey @mention why not roll a tractor trailer or 2, full of iPads into #SXSW, I bet you would sell the entire inventory out! #justsaying",6,3
3801,6732,OH @mention the Apple Pop-Up Store: &quot;Oh... you have the old one.&quot; #crazytimes #sxsw,9,0
5075,8064,"Line for Source Code is even longer than for iPad 2. Take that, Apple. #sxsw",9,0
5888,1976,"Just buy an iPad 2 at #SXSW? Give it the finger. Better yet, give it four of 'em :: {link}",9,0
1720,413,SYD #SXSW crew your iPhone extra juice pods have been procured.,9,0
3061,7733,At the airport playing my fav game:  &quot;Are You Going to #SXSW?&quot; Wearing denim on denim? You're going.  Charging 3+ Apple products? You too.,2,0
3806,8509,"This @mention article about #SXSW is so good I'm linking to it on an iPhone on a train, which is the opposite of easy: {link}",9,0
4417,3501,funny! iphone correction? RT @mention Dashing off to learn a thing or two about longhorn journalism #SXSW,9,0
5473,2547,"Thank goodness for these two hour breaks where I have turn off my iPhone, or my battery would be TOAST!  #sxsw",9,0
4766,4096,Line a mile long outside. Lucky to get in just to sit on the floor -Your Mom Has An iPad. I miss the old days at #sxsw before 40% + growth!,9,0
4009,8713,RT never use mine on the go RT @mention &quot;You're probably using your iPad on the go.&quot; #disagree #SXSW #uxdes,9,0
4506,5368,standing on a long line surrounded by unemployed techies from brooklyn!  am i at #sxsw or at the apple store on 5th ave waiting for ipad?!,9,0
758,1391,"Wow folks, make sure that iPhone ringer is turned ALL the way up when u have to be up pre-sunrise for a flight. #internalalarmclockFTW #sxsw",9,0
1825,5324,"RT @mention #sxsw: @mention We think we control our identities on Facebook, but as Google becomes an AI our profile will be built of what we do",9,0
6128,5762,RT @mention Gary Vaynerchuck lÌ_gger ner winelibrary.tv och slÌ_pper i stÌ_llet Iphone-appen Daily Grape. #thankyoueconomy #sxsw #swesxsw,9,0
764,3298,"&quot;Google products need to be condensed&quot;,  #Merissa #Mayor at #SXSW Conference 2011 {link}",9,0
1058,368,Hope it's better than wave RT @mention Buzz is: Google's previewing a social networking platform at #SXSW: {link},9,0
5309,2954,#UXdes @mention is glad there are no standard #iPad navigation tools. She might be the only one! #SXSW,9,0
2959,8496,Apple setting up a temporary store at #SXSW to sell the #iPad2. Crazy? Brilliant? Convenient? {link}  #apple #news #SXSWi,9,0
5518,8461,I'll bet there's a lot of nerds at #SXSW using the #iPhone Light Saber app in barroom brawls instead of their fists.,9,0
4023,2974,"#sxsw: @mention We think we control our identities on Facebook, but as Google becomes an AI our profile will be built of what we do",9,0
4997,3191,@mention FourSquare is pushing their 3.0 iPhone/Android app heavily here at #sxsw. Wish they gave your webOS client equal billing.,9,0
5616,3351,"#Apple, #Google, #Intel and Others Go Gaga for the Go Game | Fast Company {link} #SXSW #SocialMedia #createyourownadventure",9,0
1526,1599,Hijacked @mention iPhone since mine is DOA. Muahahahahhaahahaa. #SXSW partay time. Thx @mention for dinner,9,0
1943,488,Gave into extreme temptation at #SXSW and bought an iPad 2... #impulse,9,0
3469,4560,"another one? holy social fragmentation&gt;Google to Launch New Social Network Called Circles, Possibly 2day at #sxsw {link} @mention",9,0
3379,6649,RT @mention Selfishness as seen through brands: Mac versus Apple. Apple wins: they are masters at being self-referential  #sxsw,9,0
6088,7811,@mention RWW: Google Circles will be ______    #sxsw {link},9,0
6111,7271,Anyone know status of iPad 2s in Austin pop-up store? Sold out? Getting more? #ipad2 #sxsw,9,0
4903,8209,Anyone got any news on the #Google Circles social networking announcement at #sxsw ?,9,2
4903,8209,Anyone got any news on the #Google Circles social networking announcement at #sxsw ?,9,2
