region-centroid-col,region-centroid-row,region-pixel-count,short-line-density-5,short-line-density-2,vedge-mean,vegde-sd,hedge-mean,hedge-sd,intensity-mean,rawred-mean,rawblue-mean,rawgreen-mean,exred-mean,exblue-mean,exgreen-mean,value-mean,saturation-mean,hue-mean,class
127,120,9,0.111111,0.0,1.66667,0.844445,3.22222,4.02963,23.6667,22.1111,30.4444,18.4444,-4.66667,20.3333,-15.6667,30.4444,0.394863,-1.76489,brickface
85,70,9,0.0,0.0,1.27778,0.72963,1.83333,1.14444,23.6667,23.0,30.1111,17.8889,-2.0,19.3333,-17.3333,30.1111,0.406015,-1.6496,brickface
136,139,9,0.0,0.0,0.666667,0.177778,0.777778,0.207407,5.33333,6.55556,6.44444,3.0,3.66667,3.33333,-7.0,6.88889,0.566799,-1.00494,brickface
80,95,9,0.0,0.0,1.22222,1.00741,0.944444,0.551851,21.4074,21.3333,26.6667,16.2222,-0.222222,15.7778,-15.5556,26.6667,0.390436,-1.56733,brickface
69,59,9,0.0,0.0,1.27778,0.951851,2.05556,1.48519,23.8519,22.6667,30.8889,18.0,-3.55556,21.1111,-17.5556,30.8889,0.415301,-1.69933,brickface
231,123,9,0.0,0.0,0.666667,0.0888889,0.388889,0.151852,5.81482,7.11111,6.88889,3.44444,3.88889,3.22222,-7.11111,7.33333,0.531746,-0.988413,brickface
67,118,9,0.0,0.0,1.11111,0.385186,2.27778,4.28518,21.1111,20.2222,27.3333,15.7778,-2.66667,18.6667,-16.0,27.3333,0.416884,-1.62075,brickface
26,67,9,0.111111,0.0,1.0,0.88889,2.44444,3.18518,20.0,19.5556,25.8889,14.5556,-1.33333,17.6667,-16.3333,25.8889,0.436939,-1.6232,brickface
182,134,9,0.0,0.0,0.611111,0.240741,0.722222,0.062963,5.88889,7.66667,6.66667,3.33333,5.33333,2.33333,-7.66667,7.88889,0.577601,-0.806042,brickface
109,126,9,0.0,0.0,0.833333,0.211111,0.666667,0.355555,7.2963,8.77778,8.22222,4.88889,4.44444,2.77778,-7.22222,8.88889,0.450309,-0.913675,brickface
145,102,9,0.0,0.0,0.888889,0.607408,2.61111,1.48519,23.0741,22.1111,29.7778,17.3333,-2.88889,20.1111,-17.2222,29.7778,0.417763,-1.68544,brickface
14,60,9,0.0,0.0,0.555555,0.785184,1.05556,0.062963,19.3333,18.8889,24.7778,14.3333,-1.33333,16.3333,-15.0,24.7778,0.419248,-1.62339,brickface
8,79,9,0.0,0.0,1.27778,2.28518,2.11111,0.518519,16.8148,17.3333,21.0,12.1111,1.55556,12.5556,-14.1111,21.0,0.422337,-1.45311,brickface
42,59,9,0.0,0.0,1.83333,3.5,2.05556,0.862963,21.8148,20.7778,28.7778,15.8889,-3.11111,20.8889,-17.7778,28.7778,0.445142,-1.68081,brickface
8,102,9,0.0,0.0,1.88889,1.85185,1.94444,3.26296,17.9259,18.5556,21.8889,13.3333,1.88889,11.8889,-13.7778,21.8889,0.390329,-1.44704,brickface
228,143,9,0.0,0.0,0.5,0.344444,0.666667,0.311111,5.2963,6.66667,6.22222,3.0,4.11111,2.77778,-6.88889,6.77778,0.556437,-0.914813,brickface
196,129,9,0.0,0.0,0.833333,0.433333,0.666667,0.177778,6.33333,7.88889,7.33333,3.77778,4.66667,3.0,-7.66667,8.22222,0.540123,-0.932783,brickface
26,93,9,0.0,0.0,2.5,0.211111,2.11111,9.14074,20.3704,18.8889,26.7778,15.4444,-4.44444,19.2222,-14.7778,26.7778,0.419233,-1.73031,brickface
94,67,9,0.0,0.0,2.55556,3.36296,1.55556,1.18519,23.7407,22.8889,30.7778,17.5556,-2.55556,21.1111,-18.5556,30.7778,0.429897,-1.67017,brickface
95,131,9,0.0,0.0,0.555555,0.162963,1.33333,0.711111,5.33333,6.88889,6.11111,3.0,4.66667,2.33333,-7.0,7.22222,0.592813,-0.850783,brickface
121,60,9,0.0,0.0,2.27778,2.32963,2.88889,2.87407,26.7407,24.6667,35.2222,20.3333,-6.22222,25.4444,-19.2222,35.2222,0.4223,-1.77611,brickface
85,101,9,0.0,0.0,1.33333,1.28889,1.27778,1.21852,21.2963,21.2222,26.7778,15.8889,-0.222222,16.4444,-16.2222,26.7778,0.404792,-1.5586,brickface
33,104,9,0.111111,0.0,1.55556,0.962963,3.05556,5.04074,20.1852,20.2222,24.8889,15.4444,0.111111,14.1111,-14.2222,24.8889,0.380367,-1.55538,brickface
4,87,9,0.111111,0.0,2.77778,3.09629,2.72222,4.37407,17.3333,18.2222,21.0,12.7778,2.66667,11.0,-13.6667,21.1111,0.391731,-1.31837,brickface
95,57,9,0.0,0.0,1.83333,3.41111,2.11111,1.71852,26.2963,24.6667,34.4444,19.7778,-4.88889,24.4444,-19.5556,34.4444,0.425691,-1.73902,brickface
99,107,9,0.111111,0.0,1.55556,2.02963,3.33333,2.26666,18.6296,19.4444,23.0,13.4444,2.44444,13.1111,-15.5556,23.1111,0.413785,-1.37037,brickface
104,122,9,0.0,0.0,0.444445,0.0296296,0.5,0.166667,6.40741,8.11111,7.22222,3.88889,5.11111,2.44444,-7.55556,8.11111,0.520062,-0.83212,brickface
23,86,9,0.0,0.0,0.888889,0.651853,1.72222,1.30741,18.5926,18.5556,23.5556,13.6667,-0.111111,14.8889,-14.7778,23.5556,0.417916,-1.5415,brickface
14,117,9,0.0,0.0,0.333333,0.133333,0.555556,0.0740741,5.77778,6.33333,7.55556,3.44444,1.66667,5.33333,-7.0,7.55556,0.543651,-1.3539,brickface
140,116,9,0.0,0.0,0.944445,0.285185,0.888889,0.074074,22.1111,21.3333,28.1111,16.8889,-2.33333,18.0,-15.6667,28.1111,0.398448,-1.67031,brickface
76,135,9,0.0,0.0,0.444445,0.118519,0.833333,0.122222,5.0,6.88889,5.44444,2.66667,5.66667,1.33333,-7.0,6.88889,0.613757,-0.692028,brickface
23,55,9,0.0,0.0,2.22222,3.67407,1.77778,0.785185,23.4444,21.6667,31.1111,17.5556,-5.33333,23.0,-17.6667,31.1111,0.43507,-1.77116,brickface
35,132,9,0.0,0.0,0.5,0.0777779,0.222222,0.162963,5.37037,7.11111,6.11111,2.88889,5.22222,2.22222,-7.44444,7.11111,0.593254,-0.808383,brickface
240,145,9,0.0,0.0,0.388889,0.151852,0.5,0.122222,4.07407,5.33333,5.0,1.88889,3.77778,2.77778,-6.55556,5.44444,0.655556,-0.959485,brickface
42,56,9,0.0,0.0,1.05556,0.951851,1.33333,1.6,22.7407,21.1111,30.2222,16.8889,-4.88889,22.4444,-17.5556,30.2222,0.440708,-1.75941,brickface
178,122,9,0.0,0.0,0.555555,0.118518,0.777778,0.118519,5.85185,7.33333,6.88889,3.33333,4.44444,3.11111,-7.55556,7.44444,0.549603,-0.942559,brickface
196,129,9,0.0,0.0,0.833333,0.433333,0.666667,0.177778,6.33333,7.88889,7.33333,3.77778,4.66667,3.0,-7.66667,8.22222,0.540123,-0.932783,brickface
16,128,9,0.0,0.0,0.5,0.0777778,0.666667,0.311111,5.55556,6.88889,6.66667,3.11111,4.0,3.33333,-7.33333,7.11111,0.561508,-0.985811,brickface
34,83,9,0.0,0.0,1.44444,0.340741,2.44444,0.429631,19.4444,19.5556,24.4444,14.3333,0.333333,15.0,-15.3333,24.4444,0.410073,-1.50701,brickface
23,113,9,0.0,0.0,0.722222,0.996296,2.77778,2.78518,14.7037,17.1111,16.8889,10.1111,7.22222,6.55556,-13.7778,18.3333,0.451359,-0.9757,brickface
76,64,9,0.0,0.0,2.22222,5.4963,2.88889,4.34074,23.6296,21.7778,31.2222,17.8889,-5.55556,22.7778,-17.2222,31.2222,0.424819,-1.75671,brickface
96,84,9,0.0,0.0,1.5,1.27778,1.61111,2.28519,23.8519,23.5556,30.0,18.0,-0.888889,18.4444,-17.5556,30.0,0.398791,-1.59887,brickface
75,107,9,0.111111,0.0,1.16667,0.344445,1.77778,1.54074,16.7037,18.7778,19.4444,11.8889,6.22222,8.22222,-14.4444,19.7778,0.399311,-1.13197,brickface
138,116,9,0.0,0.0,0.611111,0.151852,0.444445,0.207407,6.48148,7.55556,8.22222,3.66667,3.22222,5.22222,-8.44444,8.33333,0.559171,-1.19107,brickface
35,96,9,0.111111,0.0,2.11111,1.00741,2.83333,3.85555,21.7407,20.7778,27.7778,16.6667,-2.88889,18.1111,-15.2222,27.7778,0.399499,-1.67692,brickface
71,90,9,0.0,0.0,2.77778,2.07407,5.11111,3.27407,22.6296,22.0,29.1111,16.7778,-1.88889,19.4444,-17.5556,29.1111,0.420486,-1.62233,brickface
78,69,9,0.0,0.0,1.5,1.14444,1.61111,1.44074,24.3333,22.0,32.5556,18.4444,-7.0,24.6667,-17.6667,32.5556,0.431547,-1.8112,brickface
15,123,9,0.0,0.0,0.444444,0.118518,0.444444,0.118519,4.55556,6.0,5.33333,2.33333,4.33333,2.33333,-6.66667,6.0,0.61164,-0.853547,brickface
9,92,9,0.0,0.0,1.38889,2.41852,2.5,0.877778,19.0741,18.7778,24.1111,14.3333,-0.888889,15.1111,-14.2222,24.1111,0.401025,-1.57059,brickface
81,98,9,0.111111,0.0,1.22222,0.42963,1.88889,3.22963,20.8889,21.0,25.8889,15.7778,0.333333,15.0,-15.3333,25.8889,0.389147,-1.52889,brickface
24,58,9,0.0,0.0,0.888889,0.162963,1.38889,2.28519,20.9259,20.0,27.3333,15.4444,-2.77778,19.2222,-16.4444,27.3333,0.434743,-1.68507,brickface
23,85,9,0.0,0.0,1.44444,1.05185,1.77778,0.962963,17.963,18.8889,21.8889,13.1111,2.77778,11.7778,-14.5556,21.8889,0.399751,-1.38687,brickface
122,106,9,0.111111,0.0,1.61111,0.596296,1.61111,2.72963,23.037,22.0,29.8889,17.2222,-3.11111,20.5556,-17.4444,29.8889,0.423346,-1.6958,brickface
120,108,9,0.111111,0.0,0.611111,0.640741,0.944444,0.151852,21.9259,21.0,28.2222,16.5556,-2.77778,18.8889,-16.1111,28.2222,0.412134,-1.68353,brickface
88,89,9,0.0,0.0,0.777777,0.385185,3.66667,4.04444,22.3333,21.6667,28.4444,16.8889,-2.0,18.3333,-16.3333,28.4444,0.403687,-1.62559,brickface
60,131,9,0.0,0.0,0.333333,0.0888889,0.333333,0.0888889,5.22222,7.22222,5.44444,3.0,6.0,0.666667,-6.66667,7.22222,0.581349,-0.621222,brickface
97,77,9,0.0,0.111111,1.22222,1.85185,4.44444,6.56296,25.1852,24.1111,32.3333,19.1111,-3.22222,21.4444,-18.2222,32.3333,0.407623,-1.67731,brickface
150,113,9,0.0,0.0,0.5,0.255556,0.777778,0.207407,5.59259,7.11111,6.66667,3.0,4.55556,3.22222,-7.77778,7.11111,0.579365,-0.942558,brickface
138,133,9,0.0,0.0,0.666667,0.444444,1.16667,0.211111,6.44444,7.77778,7.88889,3.66667,4.0,4.33333,-8.33333,8.22222,0.558201,-1.07766,brickface
138,133,9,0.0,0.0,0.666667,0.444444,1.16667,0.211111,6.44444,7.77778,7.88889,3.66667,4.0,4.33333,-8.33333,8.22222,0.558201,-1.07766,brickface
178,128,9,0.0,0.0,0.444444,0.340741,0.888889,0.207407,5.92593,7.88889,6.44444,3.44444,5.88889,1.55556,-7.44444,7.88889,0.563713,-0.7213,brickface
121,113,9,0.0,0.0,1.72222,1.52963,2.94444,1.52963,20.2593,20.0,25.4444,15.3333,-0.777778,15.5556,-14.7778,25.4444,0.396589,-1.58561,brickface
14,110,9,0.0,0.0,1.72222,5.35185,2.66667,1.02222,17.9259,18.8889,21.4444,13.4444,2.88889,10.5556,-13.4444,21.4444,0.368848,-1.3451,brickface
14,110,9,0.0,0.0,1.72222,5.35185,2.66667,1.02222,17.9259,18.8889,21.4444,13.4444,2.88889,10.5556,-13.4444,21.4444,0.368848,-1.3451,brickface
55,128,9,0.0,0.0,0.333333,0.0444445,0.388889,0.151852,5.03704,6.88889,5.44444,2.77778,5.55556,1.22222,-6.77778,6.88889,0.593915,-0.688601,brickface
86,74,9,0.111111,0.0,1.33333,1.55556,0.666667,0.133333,22.4074,21.6667,28.8889,16.6667,-2.22222,19.4444,-17.2222,28.8889,0.422206,-1.64667,brickface
31,106,9,0.0,0.0,1.61111,0.72963,0.722222,1.17407,19.1111,19.5556,23.6667,14.1111,1.33333,13.6667,-15.0,23.6667,0.403224,-1.48458,brickface
159,111,9,0.0,0.0,0.444445,0.074074,0.611111,0.151852,5.92593,7.66667,6.88889,3.22222,5.22222,2.88889,-8.11111,7.66667,0.581349,-0.872666,brickface
65,143,9,0.0,0.0,0.333333,0.133333,0.444445,0.0740741,5.03704,6.55556,5.88889,2.66667,4.55556,2.55556,-7.11111,6.66667,0.595238,-0.907416,brickface
29,81,9,0.111111,0.0,2.61111,3.75185,2.72222,3.75185,20.4815,20.1111,26.1111,15.2222,-1.11111,16.8889,-15.7778,26.1111,0.412662,-1.56634,brickface
149,77,9,0.0,0.0,2.11111,3.94074,2.44444,6.02963,24.4815,23.4444,31.5556,18.4444,-3.11111,21.2222,-18.1111,31.5556,0.415737,-1.68954,brickface
136,70,9,0.0,0.0,1.0,0.311111,1.72222,2.1963,26.037,24.4444,34.0,19.6667,-4.77778,23.8889,-19.1111,34.0,0.421281,-1.74518,brickface
145,102,9,0.0,0.0,0.888889,0.607408,2.61111,1.48519,23.0741,22.1111,29.7778,17.3333,-2.88889,20.1111,-17.2222,29.7778,0.417763,-1.68544,brickface
34,115,9,0.0,0.0,0.5,0.388889,0.777778,0.607407,6.2963,7.33333,7.88889,3.66667,3.11111,4.77778,-7.88889,8.0,0.541887,-1.17545,brickface
25,116,9,0.0,0.0,0.944445,0.151852,4.77778,3.0963,16.1852,17.0,20.0,11.5556,2.44444,11.4444,-13.8889,21.2222,0.447187,-1.16284,brickface
149,64,9,0.0,0.0,1.5,1.14444,1.38889,0.462963,24.0741,22.6667,31.8889,17.6667,-4.22222,23.4444,-19.2222,31.8889,0.446354,-1.72489,brickface
127,121,9,0.0,0.0,1.66667,0.800001,2.0,2.44444,23.1111,21.6667,30.1111,17.5556,-4.33333,21.0,-16.6667,30.1111,0.415524,-1.74074,brickface
229,124,9,0.0,0.0,0.888889,0.074074,0.888889,0.340741,5.88889,7.11111,7.11111,3.44444,3.66667,3.66667,-7.33333,7.55556,0.545855,-1.03766,brickface
104,136,9,0.0,0.0,0.5,0.122222,0.666667,0.0888889,6.81482,8.33333,8.0,4.11111,4.55556,3.55556,-8.11111,8.66667,0.526235,-0.963931,brickface
177,131,9,0.0,0.0,0.444444,0.42963,0.777778,0.207407,5.96296,7.55556,6.66667,3.66667,4.77778,2.11111,-6.88889,7.55556,0.515873,-0.804846,brickface
95,57,9,0.0,0.0,1.83333,3.41111,2.11111,1.71852,26.2963,24.6667,34.4444,19.7778,-4.88889,24.4444,-19.5556,34.4444,0.425691,-1.73902,brickface
145,101,9,0.111111,0.0,0.555555,0.118519,1.61111,0.596295,22.4444,21.5556,29.2222,16.5556,-2.66667,20.3333,-17.6667,29.2222,0.432819,-1.67432,brickface
244,134,9,0.111111,0.0,2.11111,1.12875,1.0,0.730296,44.7037,37.1111,58.2222,38.7778,-22.7778,40.5556,-17.7778,58.2222,0.361284,-2.17535,cement
247,115,9,0.0,0.0,3.55556,1.80944,1.38889,1.30668,28.8519,24.8889,36.7778,24.8889,-11.8889,23.7778,-11.8889,36.7778,0.331663,-2.09439,cement
19,102,9,0.0,0.0,3.88889,1.50062,1.16667,0.62361,58.3704,50.6667,73.4444,51.0,-23.1111,45.2222,-22.1111,73.4444,0.317014,-2.10205,cement
236,117,9,0.0,0.0,0.777779,0.403687,1.27778,0.742868,45.8889,39.5556,58.4444,39.6667,-19.0,37.6667,-18.6667,58.4444,0.330477,-2.09948,cement
249,87,9,0.0,0.0,14.3889,327.263,13.3889,62.0185,31.7037,28.2222,39.4444,27.4444,-10.4444,23.2222,-12.7778,39.4444,0.312482,-2.01338,cement
52,82,9,0.0,0.0,3.27778,0.462964,1.33333,0.488889,44.8889,41.5556,53.1111,40.0,-10.0,24.6667,-14.6667,53.1111,0.246605,-1.97178,cement
104,129,9,0.0,0.0,19.2778,28.9074,1.11111,1.0963,37.8889,33.1111,47.4444,33.1111,-14.3333,28.6667,-14.3333,47.4444,0.320613,-2.0978,cement
38,103,9,0.0,0.0,0.888889,1.05185,1.94444,1.3963,58.1852,53.3333,69.5556,51.6667,-14.5556,34.1111,-19.5556,69.5556,0.257014,-1.99759,cement
75,90,9,0.111111,0.0,4.16667,3.00185,2.83333,2.77088,48.2222,41.2222,61.4444,42.0,-21.0,39.6667,-18.6667,61.4444,0.327632,-2.13186,cement
81,158,9,0.0,0.0,2.83333,1.14444,1.44444,1.76296,21.037,16.7778,29.0,17.3333,-12.7778,23.8889,-11.1111,29.0,0.41916,-2.1427,cement
113,123,9,0.111111,0.0,1.44444,0.620633,1.94444,1.7181,59.3333,51.8889,73.7778,52.3333,-22.3333,43.3333,-21.0,73.7778,0.299164,-2.11194,cement
237,137,9,0.0,0.0,8.94445,8.6549,2.61111,1.55516,36.9259,34.8889,42.3333,33.5556,-6.11111,16.2222,-10.1111,42.3333,0.214456,-1.94097,cement
133,108,9,0.0,0.0,0.777777,0.74074,22.4444,104.919,45.5926,41.2222,55.4444,40.1111,-13.1111,29.5556,-16.4444,55.4444,0.275986,-2.01555,cement
44,50,9,0.0,0.0,1.16667,0.960323,1.05556,0.389682,65.1111,57.3333,80.3333,57.6667,-23.3333,45.6667,-22.3333,80.3333,0.290165,-2.10778,cement
81,79,9,0.0,0.0,0.444445,0.074074,0.888889,0.651853,45.8148,42.8889,53.8889,40.6667,-8.77778,24.2222,-15.4444,53.8889,0.245206,-1.91889,cement
137,147,9,0.111111,0.0,1.55556,1.27408,2.05556,2.81852,27.2222,20.5556,38.6667,22.4444,-20.0,34.3333,-14.3333,38.6667,0.468165,-2.20457,cement
58,122,9,0.0,0.0,2.05556,2.21527,6.11111,3.01601,34.1852,29.2222,44.3333,29.0,-14.8889,30.4444,-15.5556,44.3333,0.349652,-2.07484,cement
103,65,9,0.0,0.0,1.27778,1.08355,1.22222,0.91084,60.1481,53.7778,73.8889,52.7778,-19.1111,41.2222,-22.1111,73.8889,0.287045,-2.0419,cement
183,66,9,0.0,0.0,1.27778,0.82776,2.55556,1.89346,42.1111,41.5556,45.8889,38.8889,-1.66667,11.3333,-9.66667,45.8889,0.152009,-1.68385,cement
122,129,9,0.0,0.0,2.27778,0.862963,19.8333,11.9445,51.0,46.8889,60.6667,45.4444,-12.3333,29.0,-16.6667,60.6667,0.248092,-1.99724,cement
55,145,9,0.0,0.0,5.05556,2.97707,1.0,0.421638,26.7778,24.2222,33.3333,22.7778,-7.66667,19.6667,-12.0,33.3333,0.315338,-1.93469,cement
91,64,9,0.0,0.0,0.944445,0.712325,1.05556,1.02017,62.0,53.6667,78.1111,54.2222,-25.0,48.3333,-23.3333,78.1111,0.31426,-2.11809,cement
229,24,9,0.0,0.0,1.77778,1.10889,1.22222,1.04704,49.1852,42.3333,61.2222,44.0,-20.5556,36.1111,-15.5556,61.2222,0.30862,-2.1868,cement
58,109,9,0.0,0.0,1.16667,0.62361,1.05556,0.490653,41.8148,36.1111,53.6667,35.6667,-17.1111,35.5556,-18.4444,53.6667,0.334962,-2.06864,cement
99,149,9,0.0,0.0,3.66667,4.57777,2.11111,1.58518,21.3704,16.6667,30.0,17.4444,-14.1111,25.8889,-11.7778,30.0,0.445172,-2.14179,cement
169,66,9,0.0,0.0,2.0,2.08889,0.944445,0.418519,51.5926,47.7778,61.2222,45.7778,-11.4444,28.8889,-17.4444,61.2222,0.252103,-1.96125,cement
114,129,9,0.111111,0.0,2.05556,1.14342,0.777776,0.886107,62.4074,54.2222,78.0,55.0,-24.5556,46.7778,-22.2222,78.0,0.30598,-2.12699,cement
191,101,9,0.0,0.0,1.11111,0.779363,1.11111,1.18634,45.037,39.0,57.1111,39.0,-18.1111,36.2222,-18.1111,57.1111,0.322733,-2.0943,cement
41,101,9,0.0,0.0,1.72222,0.928957,2.05555,1.55516,64.3704,56.8889,79.4444,56.7778,-22.4444,45.2222,-22.7778,79.4444,0.289362,-2.08957,cement
198,127,9,0.0,0.0,2.44444,4.38519,8.55556,59.5408,40.7407,38.0,48.2222,36.0,-8.22222,22.4444,-14.2222,48.2222,0.248999,-1.90835,cement
128,161,9,0.0,0.0,0.555555,0.251852,0.777778,0.162963,7.14815,5.55556,10.8889,5.0,-4.77778,11.2222,-6.44444,10.8889,0.540918,-1.99631,cement
228,42,9,0.111111,0.0,2.05556,1.55516,4.33333,2.23109,44.5556,39.5556,54.1111,40.0,-15.0,28.6667,-13.6667,54.1111,0.271572,-2.12013,cement
12,154,9,0.0,0.0,3.22222,3.05185,2.33333,3.2,19.7037,14.8889,28.5556,15.6667,-14.4444,26.5556,-12.1111,28.5556,0.479715,-2.14253,cement
38,94,9,0.111111,0.0,1.38889,1.04172,0.888888,0.779363,68.1111,61.1111,82.6667,60.5556,-21.0,43.6667,-22.6667,82.6667,0.267258,-2.06854,cement
245,110,9,0.0,0.0,4.88889,3.44265,1.77778,1.80944,34.1111,29.1111,44.4444,28.7778,-15.0,31.0,-16.0,44.4444,0.353548,-2.06865,cement
169,117,9,0.0,0.0,1.22222,0.620632,1.11111,1.29386,31.2593,27.4444,39.0,27.3333,-11.4444,23.2222,-11.7778,39.0,0.30715,-2.08891,cement
79,28,9,0.0,0.0,4.27778,3.7619,0.833333,0.658281,62.4074,53.4444,79.1111,54.6667,-26.8889,50.1111,-23.2222,79.1111,0.324556,-2.14451,cement
120,108,9,0.0,0.0,4.61111,3.49868,1.66667,1.56347,58.0741,52.6667,69.5556,52.0,-16.2222,34.4444,-18.2222,69.5556,0.252458,-2.05387,cement
217,148,9,0.0,0.0,2.05556,2.55185,1.05556,0.507408,29.0741,21.4444,41.5556,24.2222,-22.8889,37.4444,-14.5556,41.5556,0.483771,-2.23797,cement
147,87,9,0.0,0.0,6.83333,6.61899,1.55556,1.69531,43.3333,37.8889,54.8889,37.2222,-16.3333,34.6667,-18.3333,54.8889,0.319706,-2.05039,cement
21,147,9,0.111111,0.0,1.94444,1.61852,1.33333,0.844445,6.25926,5.77778,8.44444,4.55556,-1.44444,6.55556,-5.11111,8.66667,0.464069,-1.58434,cement
92,70,9,0.111111,0.0,1.11111,1.36083,0.777777,0.655461,61.1111,53.4444,77.0,52.8889,-23.0,47.6667,-24.6667,77.0,0.314365,-2.07083,cement
83,133,9,0.111111,0.0,2.33333,2.13957,1.16667,1.06979,48.6667,41.5556,62.5556,41.8889,-21.3333,41.6667,-20.3333,62.5556,0.339145,-2.11179,cement
216,78,9,0.0,0.0,1.33333,0.355555,4.33333,6.35555,36.1111,31.3333,46.0,31.0,-14.3333,29.6667,-15.3333,46.0,0.33971,-2.05383,cement
42,57,9,0.0,0.0,1.38889,0.975628,0.999999,0.365148,65.7037,59.4444,79.4444,58.2222,-18.7778,41.2222,-22.4444,79.4444,0.266776,-2.0307,cement
179,69,9,0.0,0.0,0.722222,0.490654,0.944444,0.742867,40.6667,40.8889,44.5556,36.5556,0.666667,11.6667,-12.3333,44.5556,0.17869,-1.51876,cement
56,107,9,0.0,0.0,1.11111,0.207407,4.72222,20.1963,49.8148,46.2222,58.3333,44.8889,-10.7778,25.5556,-14.7778,58.3333,0.230455,-1.99144,cement
86,20,9,0.0,0.0,0.944447,1.02017,1.94444,1.06284,65.1852,56.4444,81.6667,57.4444,-26.2222,49.4444,-23.2222,81.6667,0.309556,-2.13303,cement
190,105,9,0.0,0.0,1.88889,2.2963,2.16667,1.67778,45.7407,41.2222,56.3333,39.6667,-13.5556,31.7778,-18.2222,56.3333,0.295992,-1.99608,cement
238,73,9,0.0,0.0,2.27778,1.40502,1.5,0.781736,43.5185,38.7778,53.0,38.7778,-14.2222,28.4444,-14.2222,53.0,0.274334,-2.09641,cement
236,117,9,0.0,0.0,0.777779,0.403687,1.27778,0.742868,45.8889,39.5556,58.4444,39.6667,-19.0,37.6667,-18.6667,58.4444,0.330477,-2.09948,cement
190,81,9,0.0,0.0,1.22222,0.651852,1.83333,0.344443,42.9259,39.4444,51.5556,37.7778,-10.4444,25.8889,-15.4444,51.5556,0.267251,-1.97042,cement
212,152,9,0.0,0.0,5.0,7.64444,2.38889,3.26296,26.5556,20.3333,37.6667,21.6667,-18.6667,33.3333,-14.6667,37.6667,0.46343,-2.16573,cement
146,97,9,0.0,0.0,10.1111,4.5979,0.611111,0.574133,47.963,46.0,54.3333,43.5556,-5.88889,19.1111,-13.2222,54.3333,0.197115,-1.84074,cement
135,104,9,0.0,0.0,0.944445,0.107409,2.0,0.711111,63.6296,58.2222,76.5556,56.1111,-16.2222,38.7778,-22.5556,76.5556,0.267219,-1.98657,cement
177,76,9,0.0,0.0,1.38889,1.35674,15.0,11.4814,29.8148,28.6667,33.4444,27.3333,-3.44444,10.8889,-7.44444,33.4444,0.200662,-1.90362,cement
148,109,9,0.0,0.0,0.999999,1.21106,1.22222,0.655462,49.4074,42.5556,62.8889,42.7778,-20.5556,40.4444,-19.8889,62.8889,0.325138,-2.10548,cement
180,123,9,0.111111,0.0,1.72222,2.10741,1.11111,0.518518,57.4815,52.5556,68.5556,51.3333,-14.7778,33.2222,-18.4444,68.5556,0.251194,-2.0215,cement
166,66,9,0.0,0.0,0.777777,0.655461,5.27778,4.95947,41.6296,40.5556,46.3333,38.0,-3.22222,14.1111,-10.8889,46.3333,0.178875,-1.74855,cement
187,106,9,0.0,0.0,4.05556,12.3296,7.0,53.2444,37.7037,34.1111,45.7778,33.2222,-10.7778,24.2222,-13.4444,45.7778,0.270907,-2.01018,cement
59,139,9,0.0,0.0,6.88889,6.96295,1.66667,0.8,16.3704,12.4444,23.6667,13.0,-11.7778,21.8889,-10.1111,23.6667,0.482725,-2.11822,cement
179,133,9,0.0,0.0,2.38889,2.3797,0.888889,0.750308,36.7778,32.0,46.3333,32.0,-14.3333,28.6667,-14.3333,46.3333,0.313397,-2.09157,cement
189,68,9,0.0,0.0,1.66667,1.61933,1.11111,1.3444,38.5926,38.3333,42.3333,35.1111,-0.777778,11.2222,-10.4444,42.3333,0.170449,-1.62485,cement
66,160,9,0.0,0.0,3.0,4.04445,2.77778,0.429629,22.8519,18.2222,31.5556,18.7778,-13.8889,26.1111,-12.2222,31.5556,0.426014,-2.13873,cement
230,117,9,0.0,0.0,3.27778,0.928958,1.44444,0.860663,39.037,33.5556,49.7778,33.7778,-16.4444,32.2222,-15.7778,49.7778,0.335026,-2.10623,cement
191,107,9,0.0,0.0,2.05556,1.52631,10.3333,3.01109,29.2222,26.8889,35.8889,24.8889,-7.0,20.0,-13.0,35.8889,0.311552,-1.87716,cement
189,124,9,0.0,0.0,1.27778,0.951853,1.27778,1.35185,38.5926,35.8889,46.2222,33.6667,-8.11111,22.8889,-14.7778,46.2222,0.271474,-1.9075,cement
173,158,9,0.111111,0.0,1.88889,3.67407,1.16667,0.477778,8.37037,7.11111,11.7778,6.22222,-3.77778,10.2222,-6.44444,11.7778,0.472975,-1.90465,cement
94,104,9,0.0,0.0,6.61111,1.42075,1.0,0.516399,55.7407,48.8889,69.5556,48.7778,-20.5556,41.4444,-20.8889,69.5556,0.303071,-2.08549,cement
76,134,9,0.111111,0.0,2.55555,1.44016,1.44444,0.544332,48.9259,41.8889,63.1111,41.7778,-21.1111,42.5556,-21.4444,63.1111,0.341111,-2.08691,cement
128,140,9,0.0,0.0,7.83333,7.03246,0.666667,0.298143,27.6667,24.8889,33.5556,24.5556,-8.33333,17.6667,-9.33333,33.5556,0.266206,-2.05389,cement
75,65,9,0.0,0.0,2.5,1.11056,1.55556,0.93492,57.7407,50.4444,72.6667,50.1111,-21.8889,44.7778,-22.8889,72.6667,0.314783,-2.07765,cement
22,87,9,0.0,0.0,1.88889,1.25904,1.16667,0.623611,64.037,55.7778,80.3333,56.0,-24.7778,48.8889,-24.1111,80.3333,0.3097,-2.10507,cement
62,140,9,0.0,0.0,2.44444,1.00741,1.38889,0.685185,23.0,17.8889,32.2222,18.8889,-15.3333,27.6667,-12.3333,32.2222,0.444353,-2.16726,cement
47,96,9,0.0,0.0,0.944445,0.574134,0.833333,0.752772,61.9259,54.4444,77.0,54.3333,-22.4444,45.2222,-22.7778,77.0,0.297221,-2.08911,cement
32,88,9,0.0,0.0,0.833332,0.349603,1.11111,0.720081,67.2593,57.8889,85.0,58.8889,-28.1111,53.2222,-25.1111,85.0,0.320122,-2.13203,cement
34,13,9,0.0,0.0,0.22222,0.172131,1.55555,0.54433,70.3704,60.6667,88.1111,62.3333,-29.1111,53.2222,-24.1111,88.1111,0.311437,-2.15499,cement
11,62,9,0.0,0.0,0.888891,0.501849,0.722224,0.389681,66.7778,57.4444,84.6667,58.2222,-28.0,53.6667,-25.6667,84.6667,0.32276,-2.12446,cement
49,42,9,0.0,0.0,2.61111,0.928958,1.33333,0.894428,58.8889,50.6667,74.5556,51.4444,-24.6667,47.0,-22.3333,74.5556,0.322931,-2.12574,cement
229,147,9,0.0,0.111111,4.05556,14.063,2.5,1.27778,27.2963,20.8889,38.6667,22.3333,-19.2222,34.1111,-14.8889,38.6667,0.457405,-2.17447,cement
227,132,9,0.0,0.0,6.66667,1.38243,1.33333,1.01105,38.7778,33.2222,49.2222,33.8889,-16.6667,31.3333,-14.6667,49.2222,0.325768,-2.12952,cement
112,38,9,0.0,0.0,11.0556,11.0743,1.11111,1.06805,64.6296,58.2222,78.4444,57.2222,-19.2222,41.4444,-22.2222,78.4444,0.271659,-2.03882,cement
117,137,9,0.0,0.0,0.277778,0.389682,0.388889,0.250924,0.777778,0.0,2.22222,0.111111,-2.33333,4.33333,-2.0,2.22222,1.0,-2.12325,foliage
3,106,9,0.0,0.0,0.222222,0.172133,0.111111,0.172133,0.555556,0.0,1.66667,0.0,-1.66667,3.33333,-1.66667,1.66667,1.0,-2.0944,foliage
48,83,9,0.0,0.0,2.27778,4.01852,2.33333,1.68889,6.25926,2.22222,11.8889,4.66667,-12.1111,16.8889,-4.77778,11.8889,0.82735,-2.345,foliage
81,126,9,0.0,0.111111,1.94444,1.12963,1.05556,0.285185,2.96296,0.555556,6.55556,1.77778,-7.22222,10.7778,-3.55556,6.55556,0.935706,-2.2891,foliage
82,138,9,0.0,0.0,0.888889,0.518518,0.888889,0.385185,1.40741,0.0,3.77778,0.444444,-4.22222,7.11111,-2.88889,3.77778,1.0,-2.17396,foliage
70,122,9,0.0,0.0,3.66667,4.0332,4.11111,3.78104,19.8889,17.8889,25.1111,16.6667,-6.0,15.6667,-9.66667,26.4444,0.402492,-1.54021,foliage
113,132,9,0.0,0.0,0.444444,0.344265,0.388889,0.534027,1.2963,0.0,3.44444,0.444444,-3.88889,6.44444,-2.55556,3.44444,1.0,-2.20485,foliage
14,136,9,0.0,0.0,0.0,0.0,0.0,0.0,0.0,0.0,0.0,0.0,0.0,0.0,0.0,0.0,0.0,0.0,foliage
2,114,9,0.0,0.0,0.833333,0.122222,0.277778,0.062963,1.74074,0.777778,3.88889,0.555556,-2.88889,6.44444,-3.55556,3.88889,0.881481,-2.02703,foliage
9,131,9,0.0,0.0,0.0,0.0,0.0,0.0,0.0,0.0,0.0,0.0,0.0,0.0,0.0,0.0,0.0,0.0,foliage
35,135,9,0.0,0.0,0.222222,0.118519,0.222222,0.118519,0.222222,0.0,0.666667,0.0,-0.666667,1.33333,-0.666667,0.666667,0.333333,-2.0944,foliage
241,137,9,0.0,0.111111,4.27778,18.6852,3.83333,37.5,5.0,2.55556,9.0,3.44444,-7.33333,12.0,-4.66667,9.0,0.837478,-2.19397,foliage
139,128,9,0.0,0.0,2.94444,7.88519,3.16667,12.4333,5.2963,2.44444,9.55556,3.88889,-8.55556,12.7778,-4.22222,9.55556,0.804724,-2.30037,foliage
7,134,9,0.0,0.0,0.0555556,0.0185185,0.0555556,0.0185185,0.037037,0.0,0.111111,0.0,-0.111111,0.222222,-0.111111,0.111111,0.111111,-2.0944,foliage
30,91,9,0.0,0.0,3.38889,6.46296,3.27778,9.04074,6.25926,2.44444,12.1111,4.22222,-11.4444,17.5556,-6.11111,12.1111,0.823021,-2.28274,foliage
33,100,9,0.0,0.0,0.722222,0.534027,0.666667,0.365148,1.22222,0.111111,2.77778,0.777778,-3.33333,4.66667,-1.33333,2.77778,0.977778,-2.3371,foliage
242,81,9,0.0,0.0,22.3889,189.441,15.1667,110.878,41.9259,33.1111,55.5556,37.1111,-26.4444,40.8889,-14.4444,55.5556,0.420176,-2.27446,foliage
58,109,9,0.0,0.0,0.888889,0.251852,2.83333,1.67778,4.2963,1.44444,8.44444,3.0,-8.55556,12.4444,-3.88889,8.44444,0.864482,-2.28379,foliage
230,124,9,0.0,0.0,0.277778,0.107407,0.277778,0.151852,0.666667,0.0,2.0,0.0,-2.0,4.0,-2.0,2.0,1.0,-2.0944,foliage
132,91,9,0.0,0.111111,18.9444,188.507,33.4444,889.363,42.8148,35.8889,52.6667,39.8889,-20.7778,29.5556,-8.77778,52.6667,0.398824,-2.34606,foliage
18,90,9,0.0,0.0,1.05556,0.374074,0.666667,0.222222,2.81481,0.555556,6.88889,1.0,-6.77778,12.2222,-5.44444,6.88889,0.926146,-2.16432,foliage
224,73,9,0.0,0.0,1.5,1.27778,2.33333,1.06667,5.81482,2.33333,10.6667,4.44444,-10.4444,14.5556,-4.11111,10.6667,0.78993,-2.35564,foliage
54,138,9,0.0,0.0,0.222222,0.296296,0.388889,0.418519,0.259259,0.0,0.666667,0.111111,-0.777778,1.22222,-0.444444,0.666667,0.333333,-2.18144,foliage
25,91,9,0.0,0.0,1.61111,4.37407,1.38889,0.996296,3.88889,0.888889,8.11111,2.66667,-9.0,12.6667,-3.66667,8.11111,0.911448,-2.35458,foliage
235,88,9,0.0,0.0,0.611111,0.240741,0.944445,0.32963,2.77778,0.444444,6.44444,1.44444,-7.0,11.0,-4.0,6.44444,0.938492,-2.26954,foliage
235,81,9,0.0,0.0,1.38889,0.418518,0.777778,0.296296,3.48148,1.0,7.44444,2.0,-7.44444,11.8889,-4.44444,7.44444,0.881217,-2.24813,foliage
115,138,9,0.0,0.0,0.333333,0.0888889,0.333333,0.177778,0.777778,0.0,2.33333,0.0,-2.33333,4.66667,-2.33333,2.33333,1.0,-2.0944,foliage
92,121,9,0.0,0.0,1.44444,1.82168,2.05556,2.05931,14.963,9.55556,23.4444,11.8889,-16.2222,25.4444,-9.22222,23.4444,0.596422,-2.23536,foliage
196,100,9,0.0,0.0,7.27778,83.3518,5.77778,68.8741,8.14815,4.66667,13.3333,6.44444,-10.4444,15.5556,-5.11111,13.3333,0.738034,-2.28987,foliage
194,124,9,0.0,0.0,1.5,0.433334,1.38889,0.907407,2.81481,1.0,5.55556,1.88889,-5.44444,8.22222,-2.77778,5.55556,0.836773,-2.28461,foliage
140,125,9,0.0,0.0,0.666667,0.222222,2.66667,3.77778,3.92593,1.55556,7.77778,2.44444,-7.11111,11.5556,-4.44444,7.77778,0.853199,-2.23424,foliage
78,100,9,0.0,0.0,1.55556,8.2963,2.55556,8.82963,4.59259,1.44444,9.44444,2.88889,-9.44444,14.5556,-5.11111,9.44444,0.876332,-2.28054,foliage
71,125,9,0.0,0.0,0.666667,0.471405,0.722222,0.490654,16.4074,12.4444,23.6667,13.1111,-11.8889,21.7778,-9.88889,25.3333,0.56104,-1.7934,foliage
9,80,9,0.0,0.0,2.94444,13.7519,16.6667,71.5111,23.6296,17.3333,31.6667,21.8889,-18.8889,24.1111,-5.22222,31.6667,0.514254,-2.43151,foliage
1,81,9,0.0,0.0,12.1667,267.456,9.22222,205.363,21.3333,14.0,30.5556,19.4444,-22.0,27.6667,-5.66667,30.5556,0.595282,-2.43841,foliage
80,87,9,0.0,0.111111,24.3889,572.996,44.7222,1386.33,67.4444,58.7778,79.0,64.5556,-26.0,34.6667,-8.66667,79.0,0.306281,-2.42213,foliage
22,133,9,0.0,0.0,0.0,0.0,0.0,0.0,0.0,0.0,0.0,0.0,0.0,0.0,0.0,0.0,0.0,0.0,foliage
93,127,9,0.0,0.0,1.11111,0.834443,1.0,0.788811,3.81481,1.33333,6.77778,3.33333,-7.44444,8.88889,-1.44444,6.77778,0.827249,-2.47456,foliage
150,144,9,0.0,0.0,0.555556,0.0740741,0.611111,0.151852,2.51852,0.111111,6.55556,0.888889,-7.22222,12.1111,-4.88889,6.55556,0.986111,-2.21216,foliage
117,110,9,0.0,0.0,2.33333,2.90593,2.27778,1.90224,17.2222,9.22222,29.0,13.4444,-24.0,35.3333,-11.3333,29.0,0.680787,-2.32123,foliage
31,88,9,0.111111,0.0,0.888889,0.607407,2.16667,1.98889,5.25926,1.55556,10.1111,4.11111,-11.1111,14.5556,-3.44444,10.1111,0.851379,-2.39666,foliage
55,108,9,0.0,0.0,6.38889,22.5074,3.38889,10.1074,8.66667,5.11111,14.1111,6.77778,-10.6667,16.3333,-5.66667,14.1111,0.705482,-2.27555,foliage
245,73,9,0.0,0.0,8.22222,6.27399,10.7222,7.6809,46.6667,32.1111,70.1111,37.7778,-43.6667,70.3333,-26.6667,70.1111,0.549032,-2.25125,foliage
36,145,9,0.0,0.0,0.277778,0.196296,1.27778,2.06296,0.851852,0.333333,1.44444,0.777778,-1.55556,1.77778,-0.222222,1.44444,0.251852,-2.53095,foliage
75,131,9,0.0,0.0,0.222222,0.0296296,0.333333,0.0444444,0.518518,0.0,1.55556,0.0,-1.55556,3.11111,-1.55556,1.55556,1.0,-2.0944,foliage
67,136,9,0.0,0.0,6.72222,3.70835,2.66667,3.19722,15.5185,9.0,25.3333,12.2222,-19.5556,29.4444,-9.88889,25.3333,0.660813,-2.30751,foliage
68,127,9,0.0,0.0,1.05556,0.975629,1.27778,0.827759,16.3704,10.8889,26.4444,11.7778,-16.4444,30.2222,-13.7778,26.4444,0.601444,-2.03581,foliage
205,83,9,0.0,0.0,24.5556,688.074,8.33333,121.244,23.2963,19.7778,28.5556,21.5556,-10.5556,15.7778,-5.22222,28.5556,0.504161,-2.32134,foliage
35,107,9,0.0,0.0,10.2222,14.9676,9.83333,17.5471,9.51852,7.33333,12.2222,9.0,-6.55556,8.11111,-1.55556,12.2222,0.674956,-2.49296,foliage
26,82,9,0.0,0.0,1.55556,0.474074,2.11111,4.38519,5.59259,1.77778,10.2222,4.77778,-11.4444,13.8889,-2.44444,10.2222,0.843607,-2.45198,foliage
58,125,9,0.0,0.0,2.16667,1.11056,1.05556,0.90472,18.5556,11.1111,30.6667,13.8889,-22.3333,36.3333,-14.0,30.6667,0.638455,-2.24196,foliage
204,116,9,0.0,0.0,1.05556,1.26296,1.05556,1.44074,2.18519,0.333333,5.11111,1.11111,-5.55556,8.77778,-3.22222,5.11111,0.96142,-2.24908,foliage
53,135,9,0.0,0.0,0.555555,0.207407,0.333333,0.0888889,0.740741,0.0,2.11111,0.111111,-2.22222,4.11111,-1.88889,2.11111,0.888889,-2.13745,foliage
45,89,9,0.0,0.0,0.777778,0.340741,0.777778,0.474074,2.2963,0.111111,6.44444,0.333333,-6.55556,12.4444,-5.88889,6.44444,0.986111,-2.1239,foliage
20,137,9,0.0,0.0,0.111111,0.0296296,0.277778,0.0185185,0.222222,0.0,0.666667,0.0,-0.666667,1.33333,-0.666667,0.666667,0.666667,-2.0944,foliage
104,134,9,0.0,0.0,0.5,0.182574,0.833333,0.278887,1.77778,0.111111,3.88889,1.33333,-5.0,6.33333,-1.33333,3.88889,0.977778,-2.42251,foliage
45,108,9,0.0,0.111111,25.5,12.7954,27.2778,15.931,49.8148,41.7778,61.1111,46.5556,-24.1111,33.8889,-9.77778,61.1111,0.358975,-2.36049,foliage
99,130,9,0.0,0.0,0.555555,0.45542,0.555555,0.544331,1.37037,0.111111,3.33333,0.666667,-3.77778,5.88889,-2.11111,3.33333,0.977778,-2.23903,foliage
10,112,9,0.0,0.0,0.333333,0.421637,0.5,0.182574,0.444444,0.0,1.22222,0.111111,-1.33333,2.33333,-1.0,1.22222,0.666667,-2.15191,foliage
225,91,9,0.0,0.0,0.666667,0.355556,0.666667,0.311111,3.66667,1.11111,8.0,1.88889,-7.66667,13.0,-5.33333,8.0,0.867813,-2.21774,foliage
103,130,9,0.0,0.0,0.333333,0.0,0.277778,0.389682,0.777778,0.0,2.33333,0.0,-2.33333,4.66667,-2.33333,2.33333,1.0,-2.0944,foliage
196,93,9,0.0,0.0,1.77778,2.56296,1.5,0.922222,5.0,2.0,9.33333,3.66667,-9.0,13.0,-4.0,9.33333,0.80862,-2.32942,foliage
39,124,9,0.0,0.111111,5.33333,4.77494,6.5,4.54484,7.59259,4.11111,12.8889,5.77778,-10.4444,15.8889,-5.44444,12.8889,0.772152,-2.26575,foliage
197,105,9,0.0,0.0,3.72222,15.663,3.66667,14.4,4.14815,1.66667,8.33333,2.44444,-7.44444,12.5556,-5.11111,8.33333,0.886048,-2.20544,foliage
19,145,9,0.0,0.0,0.888889,1.67407,2.11111,4.38519,2.07407,0.666667,3.55556,2.0,-4.22222,4.44444,-0.222222,3.55556,0.457672,-2.56977,foliage
54,91,9,0.0,0.0,1.44444,1.54074,0.833333,0.255556,3.25926,0.555556,8.0,1.22222,-8.11111,14.2222,-6.11111,8.0,0.944811,-2.18672,foliage
72,111,9,0.0,0.0,0.5,0.3,0.944444,1.3963,1.2963,0.0,3.55556,0.333333,-3.88889,6.77778,-2.88889,3.55556,1.0,-2.13949,foliage
127,143,9,0.0,0.0,1.5,0.122222,0.888889,0.607407,4.18518,0.888889,9.44444,2.22222,-9.88889,15.7778,-5.88889,9.44444,0.915376,-2.25741,foliage
45,89,9,0.0,0.0,0.777778,0.340741,0.777778,0.474074,2.2963,0.111111,6.44444,0.333333,-6.55556,12.4444,-5.88889,6.44444,0.986111,-2.1239,foliage
75,98,9,0.0,0.0,3.94444,45.8407,4.66667,39.2889,5.51852,2.33333,10.4444,3.77778,-9.55556,14.7778,-5.22222,10.4444,0.872146,-2.27297,foliage
47,127,9,0.0,0.0,1.16667,0.960324,1.05556,0.490653,17.5926,9.0,30.1111,13.6667,-25.7778,37.5556,-11.7778,30.1111,0.701476,-2.32627,foliage
3,91,9,0.0,0.111111,2.22222,5.05185,1.0,1.95556,5.62963,1.88889,10.6667,4.33333,-11.2222,15.1111,-3.88889,10.6667,0.829748,-2.38395,foliage
20,117,9,0.0,0.0,0.0,0.0,0.0,0.0,0.0,0.0,0.0,0.0,0.0,0.0,0.0,0.0,0.0,0.0,foliage
127,120,9,0.0,0.0,0.5,0.477778,0.722222,0.596296,1.51852,0.111111,4.11111,0.333333,-4.22222,7.77778,-3.55556,4.11111,0.984127,-2.13309,foliage
103,125,9,0.0,0.0,0.944445,0.827759,0.833333,0.691215,1.77778,0.444444,3.88889,1.0,-4.0,6.33333,-2.33333,3.88889,0.923809,-2.23756,foliage
124,113,9,0.0,0.0,0.388889,0.389682,0.277778,0.327731,0.962963,0.0,2.77778,0.111111,-2.88889,5.44444,-2.55556,2.77778,1.0,-2.12325,foliage
104,139,9,0.0,0.0,0.333333,0.516398,0.333333,0.516398,0.666667,0.0,1.77778,0.222222,-2.0,3.33333,-1.33333,1.77778,1.0,-2.15073,foliage
25,138,9,0.111111,0.0,1.27778,1.14342,0.722222,0.490653,5.18518,2.0,9.33333,4.22222,-9.55556,12.4444,-2.88889,9.33333,0.790011,-2.40681,foliage
74,129,9,0.0,0.0,0.222222,0.0296296,0.111111,0.0296296,0.518518,0.0,1.55556,0.0,-1.55556,3.11111,-1.55556,1.55556,1.0,-2.0944,foliage
207,97,9,0.0,0.0,0.888889,0.651852,0.777778,0.474074,2.62963,0.555556,5.88889,1.44444,-6.22222,9.77778,-3.55556,5.88889,0.915344,-2.26902,foliage
98,107,9,0.0,0.0,4.66667,3.73333,3.94444,17.1296,8.7037,4.88889,14.5556,6.66667,-11.4444,17.5556,-6.11111,14.5556,0.697226,-2.28015,foliage
228,123,9,0.0,0.0,0.166667,0.0777778,0.444444,0.207407,0.703704,0.0,2.0,0.111111,-2.11111,3.88889,-1.77778,2.0,1.0,-2.12325,foliage
126,237,9,0.0,0.0,0.944444,0.240741,1.0,0.488889,5.77778,4.22222,4.22222,8.88889,-4.66667,-4.66667,9.33333,8.88889,0.553812,2.09723,grass
234,161,9,0.0,0.0,0.888889,0.501849,1.61111,1.40502,19.037,15.1111,17.0,25.0,-11.7778,-6.11111,17.8889,25.0,0.395599,2.29274,grass
94,246,9,0.0,0.0,2.33333,1.61933,2.72222,0.772202,22.8148,18.8889,19.6667,29.8889,-11.7778,-9.44444,21.2222,29.8889,0.3748,2.15891,grass
145,170,9,0.0,0.0,1.27778,0.574134,1.22222,0.860663,16.4074,12.7778,16.8889,19.5556,-10.8889,1.44444,9.44444,19.5556,0.346719,2.73707,grass
52,170,9,0.0,0.0,0.555556,0.45542,0.944444,0.389683,25.4444,20.1111,25.3333,30.8889,-16.0,-0.333333,16.3333,30.8889,0.349112,2.60401,grass
227,222,9,0.0,0.0,2.11111,2.60741,2.61111,7.26296,9.33333,8.55556,7.66667,11.7778,-2.33333,-5.0,7.33333,11.7778,0.373693,1.90504,grass
142,208,9,0.0,0.0,1.94444,2.64074,2.5,1.32222,18.5556,15.4444,14.8889,25.3333,-9.33333,-11.0,20.3333,25.3333,0.440895,2.10221,grass
233,211,9,0.111111,0.0,2.66667,6.08889,1.66667,1.73333,15.4444,12.4444,15.2222,18.6667,-9.0,-0.666667,9.66667,18.6667,0.335421,2.55496,grass
94,224,9,0.0,0.0,1.38889,1.84074,0.944444,0.551852,13.4444,10.0,11.8889,18.4444,-10.3333,-4.66667,15.0,18.4444,0.457643,2.32811,grass
63,179,9,0.0,0.0,0.666667,0.222222,1.55556,0.562963,11.8148,9.77778,9.44444,16.2222,-6.11111,-7.11111,13.2222,16.2222,0.419762,2.04457,grass
119,181,9,0.111111,0.0,0.777777,0.750308,3.27778,1.6113,21.4074,16.5556,19.6667,28.0,-14.5556,-5.22222,19.7778,28.0,0.409551,2.37885,grass
107,226,9,0.0,0.0,1.55556,3.0963,3.55556,2.56296,7.85185,5.77778,6.55556,11.2222,-6.22222,-3.88889,10.1111,11.2222,0.526881,2.2594,grass
58,232,9,0.0,0.0,2.5,1.45555,2.55556,0.829629,14.7037,11.2222,13.5556,19.3333,-10.4444,-3.44444,13.8889,19.3333,0.423483,2.40285,grass
216,169,9,0.0,0.0,0.833333,0.388889,1.94444,0.418518,16.5926,12.7778,15.6667,21.3333,-11.4444,-2.77778,14.2222,21.3333,0.400756,2.44578,grass
71,180,9,0.111111,0.0,1.22222,0.562963,3.0,1.86666,22.3333,18.3333,21.4444,27.2222,-12.0,-2.66667,14.6667,27.2222,0.327383,2.45383,grass
234,164,9,0.0,0.0,0.5,0.211111,3.0,8.04445,13.6667,11.6667,15.0,14.3333,-6.0,4.0,2.0,16.8889,0.29915,2.87512,grass
224,242,9,0.0,0.0,1.88889,0.829629,2.22222,3.27407,11.7407,8.66667,10.7778,15.7778,-9.22222,-2.88889,12.1111,15.7778,0.454547,2.3866,grass
115,182,9,0.0,0.0,0.555556,1.04704,0.722223,1.14342,17.5926,15.4444,14.0,23.3333,-6.44444,-10.7778,17.2222,23.3333,0.399447,1.93759,grass
163,166,9,0.0,0.0,1.77778,1.0963,2.44444,1.05185,16.963,12.3333,16.3333,22.2222,-13.8889,-1.88889,15.7778,22.2222,0.446214,2.51583,grass
145,248,9,0.0,0.0,2.05556,1.71809,2.11111,1.37706,26.8889,23.2222,25.1111,32.3333,-11.0,-5.33333,16.3333,32.3333,0.291675,2.2851,grass
29,184,9,0.0,0.0,1.61111,1.06284,2.66667,1.89737,13.6296,11.4444,11.3333,18.1111,-6.55556,-6.88889,13.4444,18.1111,0.387663,2.08045,grass
192,239,9,0.111111,0.0,2.5,2.43333,2.27778,1.30741,15.1481,12.2222,14.5556,18.6667,-8.77778,-1.77778,10.5556,18.6667,0.344304,2.48244,grass
86,187,9,0.0,0.0,1.11111,0.720082,1.44444,0.750309,13.7407,11.6667,10.3333,19.2222,-6.22222,-10.2222,16.4444,19.2222,0.463329,1.94146,grass
238,180,9,0.111111,0.0,0.555556,0.340741,1.72222,1.66296,13.5926,11.1111,11.8889,17.7778,-7.44444,-5.11111,12.5556,17.7778,0.376253,2.2129,grass
88,211,9,0.222222,0.0,1.38889,0.879815,2.44444,1.45551,10.8148,8.88889,7.66667,15.8889,-5.77778,-9.44444,15.2222,15.8889,0.524328,1.94083,grass
200,215,9,0.0,0.0,1.55556,0.958394,4.72222,2.64505,23.037,17.1111,22.5556,29.4444,-17.7778,-1.44444,19.2222,29.4444,0.420767,2.56105,grass
212,239,9,0.0,0.0,1.94444,1.45169,2.33333,2.82056,10.3704,7.66667,9.66667,13.7778,-8.11111,-2.11111,10.2222,13.7778,0.445969,2.42638,grass
214,236,9,0.0,0.0,0.5,0.255556,3.77778,1.36296,16.5926,12.8889,14.6667,22.2222,-11.1111,-5.77778,16.8889,22.2222,0.419597,2.30668,grass
210,232,9,0.0,0.0,1.83333,1.20646,1.5,1.7224,8.81481,6.55556,7.22222,12.6667,-6.77778,-4.77778,11.5556,12.6667,0.491388,2.20132,grass
132,223,9,0.0,0.0,2.11111,0.720082,1.77778,0.93492,16.5185,13.2222,13.4444,22.8889,-9.88889,-9.22222,19.1111,22.8889,0.433125,2.11955,grass
57,229,9,0.0,0.0,2.72222,2.05931,3.44444,1.40896,14.6296,12.0,13.5556,18.3333,-7.88889,-3.22222,11.1111,18.3333,0.347692,2.35044,grass
140,181,9,0.111111,0.0,0.833333,0.477778,1.27778,1.70741,19.2963,15.4444,18.4444,24.0,-11.5556,-2.55556,14.1111,24.0,0.357668,2.45847,grass
252,194,9,0.0,0.0,2.16667,0.781736,2.05556,2.02667,18.5556,15.0,15.3333,25.3333,-10.6667,-9.66667,20.3333,25.3333,0.422491,2.12652,grass
245,249,9,0.0,0.0,2.0,1.28889,1.5,0.611111,14.7407,10.7778,15.3333,18.1111,-11.8889,1.77778,10.1111,18.1111,0.406212,2.74356,grass
186,173,9,0.0,0.0,1.44444,0.829631,2.11111,1.98519,17.1481,13.5556,15.5556,22.3333,-10.7778,-4.77778,15.5556,22.3333,0.396433,2.33274,grass
115,202,9,0.111111,0.0,1.61111,0.24074,2.38889,2.5963,15.1481,11.6667,14.0,19.7778,-10.4444,-3.44444,13.8889,19.7778,0.409932,2.40114,grass
44,157,9,0.0,0.0,0.833334,0.3,2.94444,7.61852,24.2963,19.2222,24.2222,29.4444,-15.2222,-0.222222,15.4444,29.4444,0.350043,2.6043,grass
9,180,9,0.0,0.0,1.16667,0.722649,1.16667,0.983192,22.5556,17.4444,22.0,28.2222,-15.3333,-1.66667,17.0,28.2222,0.381429,2.54166,grass
103,216,9,0.0,0.0,0.888889,0.651852,2.16667,1.14444,14.5556,10.8889,13.6667,19.1111,-11.0,-2.66667,13.6667,19.1111,0.431696,2.44755,grass
214,246,9,0.0,0.0,2.83333,1.91775,3.0,1.98886,17.5185,14.2222,15.4444,22.8889,-9.88889,-6.22222,16.1111,22.8889,0.391548,2.23285,grass
23,237,9,0.0,0.0,1.66667,2.44444,1.77778,2.07408,5.85185,4.22222,4.55556,8.77778,-4.88889,-3.88889,8.77778,8.77778,0.541266,2.18053,grass
136,216,9,0.111111,0.0,2.77778,1.32777,2.72222,2.98453,15.0741,11.4444,13.2222,20.5556,-10.8889,-5.55556,16.4444,20.5556,0.441675,2.28457,grass
52,185,9,0.0,0.0,1.66667,1.42222,0.944444,0.951853,19.2593,14.8889,18.2222,24.6667,-13.1111,-3.11111,16.2222,24.6667,0.396458,2.45184,grass
157,221,9,0.0,0.0,1.05556,0.64693,1.22222,0.620633,12.1111,10.2222,8.11111,18.0,-5.66667,-12.0,17.6667,18.0,0.54918,1.87715,grass
19,184,9,0.0,0.0,0.555555,0.344265,0.833333,0.62361,14.2222,12.3333,11.0,19.3333,-5.66667,-9.66667,15.3333,19.3333,0.431152,1.93789,grass
174,178,9,0.0,0.0,1.38889,2.68518,5.0,10.4,19.5556,17.0,18.1111,23.5556,-7.66667,-4.33333,12.0,23.5556,0.298962,2.27413,grass
29,195,9,0.0,0.0,0.444444,0.403687,0.611111,0.680414,16.037,14.4444,13.3333,20.3333,-4.77778,-8.11111,12.8889,20.3333,0.342307,1.94304,grass
49,148,9,0.0,0.0,0.777778,0.251851,6.66667,33.4222,15.963,12.0,16.8889,19.0,-11.8889,2.77778,9.11111,19.4444,0.403708,2.91248,grass
20,248,9,0.0,0.0,1.83333,0.833333,1.66667,1.6,13.4444,10.5556,12.1111,17.6667,-8.66667,-4.0,12.6667,17.6667,0.403437,2.34168,grass
115,183,9,0.0,0.0,1.05556,0.772202,4.72222,1.02017,19.8519,14.5556,19.0,26.0,-15.8889,-2.55556,18.4444,26.0,0.449942,2.50681,grass
247,197,9,0.0,0.0,0.333333,0.0444444,0.611111,0.062963,6.0,4.11111,4.0,9.88889,-5.66667,-6.0,11.6667,9.88889,0.617059,2.07496,grass
232,175,9,0.0,0.0,1.16667,0.62361,2.83333,2.16795,15.3704,12.4444,13.5556,20.1111,-8.77778,-5.44444,14.2222,20.1111,0.387412,2.2422,grass
103,174,9,0.111111,0.0,1.44444,1.16746,1.66667,1.26491,23.1852,20.6667,19.8889,29.0,-7.55556,-9.88889,17.4444,29.0,0.32797,2.0337,grass
68,172,9,0.0,0.0,1.05556,1.06284,2.33333,1.69967,30.1111,24.5556,30.1111,35.6667,-16.6667,0.0,16.6667,35.6667,0.312295,2.6178,grass
91,247,9,0.0,0.0,2.66667,1.24722,2.22222,1.42465,12.6296,9.55556,12.4444,15.8889,-9.22222,-0.555556,9.77778,15.8889,0.401833,2.55309,grass
76,249,9,0.111111,0.0,2.05556,2.06296,2.33333,5.51111,13.3704,12.2222,13.1111,14.7778,-3.44444,-0.777778,4.22222,15.0,0.203249,2.56344,grass
34,164,9,0.0,0.0,0.888889,0.403687,1.27778,0.490653,11.3333,9.22222,10.3333,14.4444,-6.33333,-3.0,9.33333,14.4444,0.367923,2.29112,grass
86,194,9,0.0,0.0,1.77778,1.27407,1.88889,0.385185,16.7778,13.2222,16.6667,20.4444,-10.6667,-0.333333,11.0,20.4444,0.352132,2.59311,grass
148,169,9,0.111111,0.0,1.05556,0.774073,1.83333,2.61111,19.5926,15.1111,18.6667,25.0,-13.4444,-2.77778,16.2222,25.0,0.396121,2.46775,grass
202,208,9,0.0,0.0,1.72222,1.3963,1.83333,3.05555,19.2593,15.5556,17.6667,24.5556,-11.1111,-4.77778,15.8889,24.5556,0.368866,2.39677,grass
131,208,9,0.0,0.0,1.38889,0.418519,0.611111,0.240741,16.1852,12.7778,15.0,20.7778,-10.2222,-3.55556,13.7778,20.7778,0.383167,2.392,grass
208,240,9,0.111111,0.0,1.05556,0.862963,2.44444,5.00741,14.1481,10.8889,13.0,18.5556,-9.77778,-3.44444,13.2222,18.5556,0.421621,2.39249,grass
72,222,9,0.111111,0.0,2.38889,2.64074,1.61111,2.28518,14.963,11.6667,13.1111,20.1111,-9.88889,-5.55556,15.4444,20.1111,0.425441,2.28092,grass
162,227,9,0.0,0.0,1.38889,0.996296,3.16667,8.61111,13.963,10.1111,14.4444,17.3333,-11.5556,1.44444,10.1111,17.4444,0.425501,2.70705,grass
116,245,9,0.0,0.0,2.27778,1.16269,2.27778,1.49691,16.3704,13.5556,14.3333,21.2222,-8.44444,-6.11111,14.5556,21.2222,0.384903,2.19805,grass
192,157,9,0.0,0.0,1.05556,0.507408,0.777778,0.162963,18.3333,13.8889,17.2222,23.8889,-13.3333,-3.33333,16.6667,23.8889,0.418184,2.43862,grass
172,218,9,0.0,0.0,2.55556,2.42963,1.61111,2.41852,14.9259,11.8889,13.7778,19.1111,-9.11111,-3.44444,12.5556,19.1111,0.386456,2.36215,grass
152,199,9,0.0,0.0,1.11111,0.518519,0.833334,0.255555,17.963,15.2222,15.4444,23.2222,-8.22222,-7.55556,15.7778,23.2222,0.348063,2.12951,grass
35,167,9,0.0,0.0,1.61111,0.928959,1.5,1.13039,19.037,16.7778,15.6667,24.6667,-6.77778,-10.1111,16.8889,24.6667,0.365503,1.97157,grass
36,243,9,0.111111,0.0,1.88889,1.85185,2.0,0.71111,13.3333,9.88889,12.1111,18.0,-10.3333,-3.66667,14.0,18.0,0.452229,2.36831,grass
180,224,9,0.0,0.0,3.72222,3.70741,3.61111,5.61852,15.1852,11.6667,13.3333,20.5556,-10.5556,-5.55556,16.1111,20.5556,0.443375,2.29826,grass
73,164,9,0.0,0.0,0.944444,0.574133,1.88889,1.04704,23.1481,21.7778,19.1111,28.5556,-4.11111,-12.1111,16.2222,28.5556,0.330345,1.7983,grass
49,240,9,0.0,0.111111,3.05556,1.63865,2.05556,1.74377,20.4444,15.2222,18.7778,27.3333,-15.6667,-5.0,20.6667,27.3333,0.445808,2.42079,grass
4,208,9,0.111111,0.0,2.33333,1.76383,2.44444,1.69531,14.7778,12.1111,12.2222,20.0,-8.0,-7.66667,15.6667,20.0,0.429398,2.11262,grass
135,211,9,0.0,0.0,1.88889,1.32777,2.16667,1.14988,17.963,14.4444,16.3333,23.1111,-10.5556,-4.88889,15.4444,23.1111,0.375552,2.32755,grass
228,182,9,0.111111,0.0,0.888889,0.688531,0.777778,0.655462,16.7778,14.5556,12.7778,23.0,-6.66667,-12.0,18.6667,23.0,0.444358,1.91642,grass
119,169,9,0.0,0.0,1.16667,0.983192,1.0,0.918936,25.963,20.8889,25.0,32.0,-15.2222,-2.88889,18.1111,32.0,0.347783,2.47906,grass
221,195,9,0.0,0.0,1.22222,1.40897,2.94444,1.52631,14.7407,11.6667,12.4444,20.1111,-9.22222,-6.88889,16.1111,20.1111,0.434488,2.19376,grass
220,220,9,0.111111,0.0,2.27778,1.12963,2.27778,4.15185,6.44444,5.66667,5.33333,8.33333,-2.33333,-3.33333,5.66667,8.33333,0.427354,1.98437,grass
236,240,9,0.0,0.0,2.55556,1.66889,3.38889,2.45327,22.4815,19.5556,19.7778,28.1111,-8.77778,-8.11111,16.8889,28.1111,0.329382,2.14181,grass
124,183,9,0.0,0.0,1.77778,0.429629,2.27778,4.1963,18.1852,14.2222,17.1111,23.2222,-11.8889,-3.22222,15.1111,23.2222,0.389882,2.42802,grass
157,184,9,0.0,0.0,1.27778,0.774074,1.33333,0.844445,19.4444,15.2222,18.2222,24.8889,-12.6667,-3.66667,16.3333,24.8889,0.38821,2.41945,grass
218,178,9,0.111111,0.0,0.833333,0.547722,1.11111,0.544331,59.6296,52.4444,75.2222,51.2222,-21.5556,46.7778,-25.2222,75.2222,0.318996,-2.04055,path
32,173,9,0.0,0.0,1.72222,1.78159,9.0,6.74949,43.5926,39.5556,52.8889,38.3333,-12.1111,27.8889,-15.7778,52.8889,0.266914,-1.99886,path
61,197,9,0.0,0.0,1.44444,1.51535,2.61111,1.92546,49.5926,44.2222,61.5556,43.0,-16.1111,35.8889,-19.7778,61.5556,0.302925,-2.02227,path
149,185,9,0.0,0.0,1.55556,1.06805,3.05556,1.92546,49.3333,45.3333,59.5556,43.1111,-12.0,30.6667,-18.6667,59.5556,0.275889,-1.95277,path
86,197,9,0.111111,0.111111,1.61111,1.45169,1.27778,1.10386,63.2222,56.2222,77.7778,55.6667,-21.0,43.6667,-22.6667,77.7778,0.285333,-2.06802,path
203,182,9,0.0,0.0,3.72222,2.57696,3.61111,1.70511,54.9259,49.4444,68.1111,47.2222,-16.4444,39.5556,-23.1111,68.1111,0.306722,-1.98035,path
5,210,9,0.0,0.111111,2.16667,1.67,4.44444,2.61336,51.2963,45.4444,64.3333,44.1111,-17.5556,39.1111,-21.5556,64.3333,0.317566,-2.0209,path
63,201,9,0.0,0.0,2.11111,1.73419,2.5,1.65664,61.6296,54.8889,76.4444,53.5556,-20.2222,44.4444,-24.2222,76.4444,0.299213,-2.03412,path
50,199,9,0.0,0.0,3.22222,2.97894,5.61111,4.61599,55.6667,49.1111,69.7778,48.1111,-19.6667,42.3333,-22.6667,69.7778,0.312414,-2.04543,path
54,176,9,0.0,0.0,2.11111,0.688531,2.66667,2.69155,50.6667,46.0,62.6667,43.3333,-14.0,36.0,-22.0,62.6667,0.308573,-1.95141,path
215,182,9,0.0,0.0,2.55556,1.4707,2.72222,1.98233,54.1852,48.5556,67.2222,46.7778,-16.8889,39.1111,-22.2222,67.2222,0.30405,-2.00408,path
110,182,9,0.0,0.0,2.38889,1.79402,2.55556,1.55873,46.3704,42.6667,56.3333,40.1111,-11.1111,29.8889,-18.7778,56.3333,0.287646,-1.93005,path
235,196,9,0.0,0.0,1.66667,1.33333,2.22222,1.14827,47.2593,41.7778,58.5556,41.4444,-16.4444,33.8889,-17.4444,58.5556,0.294238,-2.07462,path
4,210,9,0.0,0.0,4.72222,4.01894,5.72222,2.18497,49.7407,44.2222,62.2222,42.7778,-16.5556,37.4444,-20.8889,62.2222,0.314278,-2.01443,path
175,188,9,0.0,0.0,3.0,2.57337,2.33333,1.29957,55.7778,49.6667,69.1111,48.5556,-18.3333,40.0,-21.6667,69.1111,0.296294,-2.03967,path
153,192,9,0.0,0.0,3.38889,1.78159,7.44444,4.13477,53.4444,47.3333,65.0,48.0,-18.3333,34.6667,-16.3333,65.0,0.272721,-2.1642,path
123,183,9,0.0,0.0,1.11111,0.651852,6.33333,36.9333,32.2593,29.4444,39.1111,28.2222,-8.44444,20.5556,-12.1111,39.1111,0.266436,-1.97077,path
129,184,9,0.111111,0.0,2.22222,0.910841,3.61111,1.81863,45.2222,41.7778,54.4444,39.4444,-10.3333,27.6667,-17.3333,54.4444,0.275818,-1.9302,path
151,163,9,0.0,0.0,2.05556,2.28519,18.1667,41.9889,40.0,34.5556,48.0,37.4444,-16.3333,24.0,-7.66667,48.1111,0.263846,-2.51749,path
223,175,9,0.0,0.0,3.77778,3.12457,7.16667,4.68923,57.8519,50.7778,72.7778,50.0,-21.2222,44.7778,-23.5556,72.7778,0.312834,-2.05935,path
93,190,9,0.0,0.0,5.5,1.8227,2.61111,3.23465,53.5926,47.3333,66.8889,46.5556,-18.7778,39.8889,-21.1111,66.8889,0.303602,-2.05255,path
205,194,9,0.0,0.0,1.61111,1.20031,5.38889,3.04351,41.2963,37.1111,50.4444,36.3333,-12.5556,27.4444,-14.8889,50.4444,0.28056,-2.03757,path
156,188,9,0.0,0.0,4.27778,2.31341,5.0,3.74759,61.2593,55.1111,75.6667,53.0,-18.4444,43.2222,-24.7778,75.6667,0.300242,-1.99775,path
62,200,9,0.0,0.0,2.27778,2.13351,3.77778,1.78471,61.037,54.1111,76.4444,52.5556,-20.7778,46.2222,-25.4444,76.4444,0.312541,-2.02659,path
23,172,9,0.0,0.0,1.33333,0.894427,9.16667,5.85662,42.3333,38.0,51.2222,37.7778,-13.0,26.6667,-13.6667,51.2222,0.265454,-2.12656,path
142,182,9,0.0,0.0,2.5,1.1,2.27778,3.61852,34.5185,31.5556,42.2222,29.7778,-8.88889,23.1111,-14.2222,42.2222,0.293208,-1.94304,path
38,189,9,0.0,0.0,1.0,0.222222,6.22222,33.3185,29.0741,26.3333,35.2222,25.6667,-8.22222,18.4444,-10.2222,35.2222,0.271208,-2.04915,path
86,193,9,0.0,0.0,3.27778,1.65216,2.22222,1.80944,61.4074,53.6667,76.5556,54.0,-23.2222,45.4444,-22.2222,76.5556,0.299579,-2.10937,path
62,202,9,0.0,0.0,2.55556,1.70837,1.5,1.13039,60.4815,53.6667,74.8889,52.8889,-20.4444,43.2222,-22.7778,74.8889,0.29788,-2.06061,path
198,183,9,0.0,0.0,1.05555,1.18165,3.38889,1.59745,54.037,48.8889,66.5556,46.6667,-15.4444,37.5556,-22.1111,66.5556,0.298622,-1.97496,path
24,205,9,0.0,0.0,2.22222,1.58699,2.38889,2.48924,56.0741,49.7778,69.7778,48.6667,-18.8889,41.1111,-22.2222,69.7778,0.303912,-2.03826,path
13,191,9,0.0,0.0,3.55556,5.40741,7.77778,40.0296,25.2963,23.5556,29.8889,22.4444,-5.22222,13.7778,-8.55556,30.1111,0.237113,-1.85826,path
20,189,9,0.0,0.0,1.72222,1.75185,2.66667,3.82223,34.1111,30.1111,42.7778,29.4444,-12.0,26.0,-14.0,42.7778,0.309884,-2.04428,path
251,173,9,0.111111,0.0,2.16667,1.83485,2.38889,1.23678,56.7778,49.8889,71.5556,48.8889,-20.6667,44.3333,-23.6667,71.5556,0.318366,-2.0482,path
181,162,9,0.0,0.0,2.66667,7.15555,13.3889,9.66294,42.1852,36.4444,51.3333,38.7778,-17.2222,27.4444,-10.2222,51.3333,0.285523,-2.32748,path
85,200,9,0.0,0.0,4.5,4.32435,6.05556,4.32777,58.5926,52.2222,72.6667,50.8889,-19.1111,42.2222,-23.1111,72.6667,0.300181,-2.02885,path
202,193,9,0.0,0.0,1.11111,0.750308,3.38889,2.48924,41.7037,37.8889,50.6667,36.5556,-11.4444,26.8889,-15.4444,50.6667,0.278387,-1.993,path
64,196,9,0.0,0.0,2.66667,2.3758,3.44444,2.2771,49.8889,44.3333,61.4444,43.8889,-16.6667,34.6667,-18.0,61.4444,0.289997,-2.06386,path
38,202,9,0.0,0.0,2.16667,1.06979,8.33333,2.51219,57.3333,50.2222,71.5556,50.2222,-21.3333,42.6667,-21.3333,71.5556,0.302514,-2.09375,path
189,184,9,0.0,0.111111,1.66667,0.843274,2.77778,2.00739,50.5926,45.8889,62.3333,43.5556,-14.1111,35.2222,-21.1111,62.3333,0.300945,-1.96448,path
250,176,9,0.0,0.111111,1.61111,1.06284,3.44444,1.69531,53.6667,47.1111,67.6667,46.2222,-19.6667,42.0,-22.3333,67.6667,0.318137,-2.05226,path
18,204,9,0.0,0.0,2.55556,1.20493,2.77778,1.14827,57.8889,51.4444,72.0,50.2222,-19.3333,42.3333,-23.0,72.0,0.302525,-2.03854,path
132,182,9,0.0,0.0,0.888889,0.655462,2.11111,1.77221,43.5185,40.2222,52.5556,37.7778,-9.88889,27.1111,-17.2222,52.5556,0.280764,-1.91735,path
93,195,9,0.0,0.0,1.83333,1.20646,4.05556,2.12307,61.5926,54.6667,76.6667,53.4444,-20.7778,45.2222,-24.4444,76.6667,0.305593,-2.03712,path
28,204,9,0.0,0.0,2.0,1.76383,3.22222,2.08344,55.8889,49.7778,69.2222,48.6667,-18.3333,40.0,-21.6667,69.2222,0.29685,-2.03737,path
167,189,9,0.0,0.0,3.77778,2.23772,3.77778,1.54441,58.4074,51.3333,72.4444,51.4444,-21.2222,42.1111,-20.8889,72.4444,0.295523,-2.10133,path
106,191,9,0.0,0.0,3.16667,3.03132,2.83333,2.89636,63.0,55.1111,79.5556,54.3333,-23.6667,49.6667,-26.0,79.5556,0.317523,-2.06229,path
52,196,9,0.0,0.0,1.44444,1.32777,6.77778,4.18817,46.0741,40.4444,57.1111,40.6667,-16.8889,33.1111,-16.2222,57.1111,0.294045,-2.10568,path
112,197,9,0.0,0.0,4.22222,2.99382,4.94444,3.12279,50.3333,44.6667,62.2222,44.1111,-17.0,35.6667,-18.6667,62.2222,0.296328,-2.07122,path
185,188,9,0.0,0.0,1.77778,1.12875,2.0,1.24722,50.1852,45.0,62.1111,43.4444,-15.5556,35.7778,-20.2222,62.1111,0.30043,-2.00738,path
160,187,9,0.111111,0.0,2.61111,1.93697,5.11111,3.53815,49.4815,44.6667,60.8889,42.8889,-14.4444,34.2222,-19.7778,60.8889,0.297341,-1.99063,path
190,162,9,0.0,0.0,2.11111,3.98518,13.9444,155.13,41.3333,35.0,51.1111,37.8889,-19.0,29.3333,-10.3333,51.3333,0.298471,-2.49461,path
166,182,9,0.0,0.0,3.05556,4.21329,4.0,2.36643,58.4074,52.5556,72.5556,50.1111,-17.5556,42.4444,-24.8889,72.5556,0.3112,-1.97849,path
191,180,9,0.111111,0.0,3.55556,1.18634,2.22222,1.10889,60.0741,53.2222,75.4444,51.5556,-20.5556,46.1111,-25.5556,75.4444,0.31801,-2.02215,path
133,181,9,0.0,0.0,2.38889,2.16453,4.77778,2.86486,41.2593,37.7778,49.5556,36.4444,-10.4444,24.8889,-14.4444,49.5556,0.265619,-1.99837,path
151,163,9,0.0,0.0,2.05556,2.28519,18.1667,41.9889,40.0,34.5556,48.0,37.4444,-16.3333,24.0,-7.66667,48.1111,0.263846,-2.51749,path
170,189,9,0.0,0.0,2.27778,1.32358,2.44444,1.78471,51.1111,45.7778,63.3333,44.2222,-16.0,36.6667,-20.6667,63.3333,0.301346,-2.00893,path
42,201,9,0.0,0.0,2.11111,2.01843,4.33333,4.72346,59.3333,52.5556,74.0,51.4444,-20.3333,44.0,-23.6667,74.0,0.306609,-2.04251,path
129,188,9,0.0,0.0,3.66667,2.01108,4.61111,2.40755,61.0741,53.7778,76.0,53.4444,-21.8889,44.7778,-22.8889,76.0,0.30013,-2.0791,path
70,177,9,0.0,0.0,2.16667,1.06979,1.66667,1.17379,49.4444,45.0,61.0,42.3333,-13.3333,34.6667,-21.3333,61.0,0.305962,-1.94266,path
181,186,9,0.111111,0.0,2.94445,2.71143,2.05556,1.67884,48.8148,44.1111,60.4444,41.8889,-14.1111,34.8889,-20.7778,60.4444,0.307027,-1.96851,path
118,182,9,0.111111,0.0,1.77778,1.29386,2.5,1.42595,45.0,41.6667,54.3333,39.0,-10.0,28.0,-18.0,54.3333,0.281875,-1.91068,path
236,193,9,0.0,0.0,2.66667,1.68655,4.05556,3.27561,49.1111,43.3333,61.2222,42.7778,-17.3333,36.3333,-19.0,61.2222,0.303144,-2.06542,path
89,195,9,0.111111,0.0,2.72222,1.86687,3.16667,1.8227,61.7407,55.1111,76.5556,53.5556,-19.8889,44.4444,-24.5556,76.5556,0.300235,-2.02094,path
253,192,9,0.0,0.0,2.16667,2.00832,2.55556,1.5444,47.5185,42.3333,59.2222,41.0,-15.5556,35.1111,-19.5556,59.2222,0.307473,-2.02023,path
110,196,9,0.0,0.111111,3.66667,1.8619,6.88889,4.86103,52.4815,46.8889,65.0,45.5556,-16.7778,37.5556,-20.7778,65.0,0.29763,-2.0226,path
133,182,9,0.0,0.0,2.5,5.45555,8.66667,71.2445,29.7778,27.2222,35.4444,26.6667,-7.66667,17.0,-9.33333,35.8889,0.256078,-2.21774,path
45,188,9,0.0,0.0,2.44444,2.74074,3.11111,7.54074,33.3333,29.6667,41.3333,29.0,-11.0,24.0,-13.0,41.3333,0.299865,-2.04072,path
18,209,9,0.0,0.111111,2.61111,0.712326,4.55556,2.67222,48.7778,43.0,60.7778,42.5556,-17.3333,36.0,-18.6667,60.7778,0.302982,-2.06698,path
4,201,9,0.0,0.222222,2.72222,1.67885,5.22222,3.12457,53.7037,47.1111,67.2222,46.7778,-19.7778,40.5556,-20.7778,67.2222,0.308859,-2.07523,path
167,190,9,0.0,0.0,3.05556,0.854184,5.05556,2.78422,51.0741,44.8889,63.2222,45.1111,-18.5556,36.4444,-17.8889,63.2222,0.298958,-2.11269,path
165,186,9,0.0,0.0,2.55555,1.57292,2.0,1.17379,49.5185,45.1111,61.1111,42.3333,-13.2222,34.7778,-21.5556,61.1111,0.307257,-1.94081,path
195,161,9,0.0,0.0,2.11111,1.80741,10.5,91.3222,41.4815,36.0,51.1111,37.3333,-16.4444,28.8889,-12.4444,51.2222,0.294706,-2.31651,path
115,195,9,0.0,0.0,3.83333,2.9571,3.94444,1.70511,57.1111,51.3333,70.1111,49.8889,-17.3333,39.0,-21.6667,70.1111,0.28836,-2.01559,path
42,203,9,0.0,0.0,0.944445,0.64693,6.05556,2.46231,54.5185,48.6667,67.1111,47.7778,-17.5556,37.7778,-20.2222,67.1111,0.289793,-2.04654,path
123,187,9,0.0,0.0,2.66667,1.84992,3.44444,1.65552,58.6667,52.5556,72.5556,50.8889,-18.3333,41.6667,-23.3333,72.5556,0.298553,-2.01352,path
161,190,9,0.0,0.0,3.77778,2.09408,4.55556,3.72777,58.1111,51.6667,71.1111,51.5556,-19.3333,39.0,-19.6667,71.1111,0.285916,-2.1029,path
107,191,9,0.0,0.0,3.72222,2.99938,2.88889,2.78621,62.037,54.4444,78.1111,53.5556,-22.7778,48.2222,-25.4444,78.1111,0.314683,-2.05611,path
229,175,9,0.0,0.0,1.16667,0.522223,5.66667,26.1333,33.0,29.0,41.0,29.0,-12.0,24.0,-12.0,41.0,0.286834,-2.09121,path
88,180,9,0.0,0.0,1.5,0.936898,3.83333,2.88868,50.4074,45.2222,62.3333,43.6667,-15.5556,35.7778,-20.2222,62.3333,0.300918,-2.00872,path
86,193,9,0.0,0.0,3.27778,1.65216,2.22222,1.80944,61.4074,53.6667,76.5556,54.0,-23.2222,45.4444,-22.2222,76.5556,0.299579,-2.10937,path
174,181,9,0.0,0.0,3.27778,3.15113,4.16667,2.78688,59.0741,52.3333,74.2222,50.6667,-20.2222,45.4444,-25.2222,74.2222,0.317345,-2.02086,path
244,194,9,0.0,0.0,1.72222,1.14342,2.27778,2.03761,49.7407,44.4444,61.6667,43.1111,-15.8889,35.7778,-19.8889,61.6667,0.300853,-2.02184,path
190,186,9,0.0,0.111111,2.72222,2.24516,6.05556,2.81596,50.0741,45.6667,60.2222,44.3333,-13.2222,30.4444,-17.2222,60.2222,0.266195,-2.02881,path
102,179,9,0.111111,0.0,1.83333,1.53116,2.44444,1.88168,49.1852,44.8889,59.7778,42.8889,-12.8889,31.7778,-18.8889,59.7778,0.282687,-1.9704,path
225,181,9,0.0,0.0,1.16667,0.862812,1.83333,1.32916,55.3333,49.0,68.7778,48.2222,-19.0,40.3333,-21.3333,68.7778,0.300006,-2.05319,path
176,187,9,0.0,0.0,1.77778,1.60093,2.33333,2.0221,54.7778,49.0,68.0,47.3333,-17.3333,39.6667,-22.3333,68.0,0.304126,-2.00961,path
25,208,9,0.0,0.0,5.72222,4.84156,6.33333,3.55278,55.6296,48.2222,70.3333,48.3333,-22.2222,44.1111,-21.8889,70.3333,0.320595,-2.09458,path
201,161,9,0.0,0.0,2.55556,0.518519,11.5,96.6555,41.8148,35.7778,51.4444,38.2222,-18.1111,28.8889,-10.7778,51.4444,0.302983,-2.33897,path
28,188,9,0.0,0.0,1.44444,1.4963,5.11111,19.0074,29.963,26.8889,36.4444,26.5556,-9.22222,19.4444,-10.2222,36.4444,0.275863,-2.08357,path
180,162,9,0.0,0.0,3.11111,5.76296,12.9444,9.39626,41.4815,35.6667,50.5556,38.2222,-17.4444,27.2222,-9.77778,50.5556,0.291106,-2.33537,path
252,195,9,0.0,0.0,2.61111,2.09143,3.72222,2.20521,47.6667,42.4444,58.7778,41.7778,-15.6667,33.3333,-17.6667,58.7778,0.288788,-2.05167,path
10,190,9,0.0,0.0,2.66667,6.97778,2.5,2.65555,32.963,29.3333,41.1111,28.4444,-10.8889,24.4444,-13.5556,41.1111,0.305705,-2.02004,path
148,192,9,0.111111,0.0,4.0,2.18072,4.94444,3.86676,58.1111,51.7778,72.0,50.5556,-19.0,41.6667,-22.6667,72.0,0.299308,-2.03405,path
204,194,9,0.0,0.0,2.61111,1.92546,5.11111,3.41673,41.037,37.0,49.7778,36.3333,-12.1111,26.2222,-14.1111,49.7778,0.275415,-2.0452,path
140,188,9,0.0,0.0,2.0,2.10818,3.05555,2.49815,61.6667,54.4444,76.5556,54.0,-21.6667,44.6667,-23.0,76.5556,0.295624,-2.07403,path
180,179,9,0.0,0.0,2.27778,2.50741,4.55556,7.27407,35.4815,31.3333,44.1111,31.0,-12.4444,25.8889,-13.4444,44.1111,0.301166,-2.0752,path
182,186,9,0.111111,0.0,3.66667,2.04396,1.77778,1.24127,48.4444,43.7778,59.8889,41.6667,-14.0,34.3333,-20.3333,59.8889,0.304522,-1.97306,path
172,183,9,0.0,0.0,2.88889,1.68215,4.05556,3.07258,56.3333,50.4444,70.0,48.5556,-17.6667,41.0,-23.3333,70.0,0.305472,-1.99758,path
163,180,9,0.0,0.0,1.77778,1.18519,9.16667,63.9444,30.3704,27.4444,36.3333,27.3333,-8.77778,17.8889,-9.11111,36.3333,0.23849,-2.21709,path
147,193,9,0.0,0.0,6.61111,3.60504,7.05556,5.40953,51.7407,46.5556,63.0,45.6667,-15.5556,33.7778,-18.2222,63.0,0.275266,-2.08017,path
186,162,9,0.0,0.0,1.61111,0.596296,12.3889,66.8185,44.0741,37.4444,54.6667,40.1111,-19.8889,31.7778,-11.8889,54.6667,0.301508,-2.38667,path
235,196,9,0.0,0.0,1.66667,1.33333,2.22222,1.14827,47.2593,41.7778,58.5556,41.4444,-16.4444,33.8889,-17.4444,58.5556,0.294238,-2.07462,path
239,160,9,0.0,0.0,1.83333,0.922221,5.94444,4.5963,45.1481,37.8889,58.3333,39.2222,-21.7778,39.5556,-17.7778,58.3333,0.352126,-2.163,path
100,194,9,0.0,0.0,1.72222,2.59415,3.22222,1.50062,61.5556,54.7778,76.2222,53.6667,-20.3333,44.0,-23.6667,76.2222,0.295908,-2.04272,path
71,197,9,0.0,0.0,2.72222,1.85492,4.55556,2.14649,55.4444,49.1111,69.5556,47.6667,-19.0,42.3333,-23.3333,69.5556,0.314739,-2.02432,path
118,180,9,0.0,0.0,1.94444,1.48199,3.11111,1.08866,48.5556,44.1111,59.0,42.5556,-13.3333,31.3333,-18.0,59.0,0.278822,-1.99604,path
192,162,9,0.0,0.0,2.38889,2.1963,14.9444,219.574,40.4444,34.4444,49.4444,37.4444,-18.0,27.0,-9.0,50.3333,0.307814,-2.57363,path
214,161,9,0.0,0.0,3.72222,0.729634,11.5,18.9222,40.4444,35.3333,49.6667,36.3333,-15.3333,27.6667,-12.3333,49.6667,0.298056,-2.19894,path
179,162,9,0.0,0.0,1.94444,1.30741,14.0556,5.92962,40.2963,34.6667,49.2222,37.0,-16.8889,26.7778,-9.88889,49.2222,0.289652,-2.3412,path
252,201,9,0.0,0.0,4.61111,5.49512,5.55556,5.79527,40.2963,35.7778,49.0,36.1111,-13.5556,26.1111,-12.5556,49.0,0.275368,-2.17583,path
93,190,9,0.0,0.0,5.5,1.8227,2.61111,3.23465,53.5926,47.3333,66.8889,46.5556,-18.7778,39.8889,-21.1111,66.8889,0.303602,-2.05255,path
223,161,9,0.0,0.0,1.38889,3.04074,9.0,31.0222,42.037,36.0,52.2222,37.8889,-18.1111,30.5556,-12.4444,52.2222,0.308416,-2.28229,path
234,194,9,0.0,0.222222,1.44445,1.95126,3.83333,3.08941,48.6296,43.0,60.3333,42.5556,-16.8889,35.1111,-18.2222,60.3333,0.298369,-2.07188,path
76,200,9,0.0,0.0,2.77778,0.779364,4.33333,2.8829,56.3704,50.4444,69.6667,49.0,-17.7778,39.8889,-22.1111,69.6667,0.296836,-2.02117,path
142,182,9,0.0,0.0,2.5,1.1,2.27778,3.61852,34.5185,31.5556,42.2222,29.7778,-8.88889,23.1111,-14.2222,42.2222,0.293208,-1.94304,path
105,193,9,0.0,0.0,3.22222,1.90516,2.88889,2.17733,60.1111,53.1111,75.1111,52.1111,-21.0,45.0,-24.0,75.1111,0.308465,-2.04777,path
205,190,9,0.0,0.0,1.27778,0.998145,1.61111,1.12382,49.4815,44.7778,60.6667,43.0,-14.1111,33.5556,-19.4444,60.6667,0.290788,-1.9876,path
47,189,9,0.0,0.0,2.27778,4.55185,5.88889,14.6074,29.6296,26.7778,36.5556,25.5556,-8.55556,20.7778,-12.2222,36.5556,0.297413,-1.95457,path
62,177,9,0.0,0.0,1.27778,0.879815,1.66667,0.942809,51.0741,46.3333,63.1111,43.7778,-14.2222,36.1111,-21.8889,63.1111,0.306215,-1.956,path
134,187,9,0.0,0.0,1.88889,1.51535,2.11111,1.78471,59.3704,52.6667,74.1111,51.3333,-20.1111,44.2222,-24.1111,74.1111,0.307458,-2.03348,path
23,188,9,0.0,0.0,1.66667,0.488888,7.38889,37.2185,30.5926,27.4444,37.7778,26.5556,-9.44444,21.5556,-12.1111,37.7778,0.284148,-2.01451,path
168,187,9,0.0,0.0,3.5,2.16795,2.83333,1.60208,58.0,52.5556,71.4444,50.0,-16.3333,40.3333,-24.0,71.4444,0.29965,-1.96667,path
56,196,9,0.0,0.0,2.38889,1.42075,4.44444,4.39023,50.0741,44.3333,62.2222,43.6667,-17.2222,36.4444,-19.2222,62.2222,0.297963,-2.05475,path
142,183,9,0.111111,0.0,1.0,0.869228,1.55556,1.48574,43.1852,40.2222,52.0,37.3333,-8.88889,26.4444,-17.5556,52.0,0.28154,-1.88773,path
67,194,9,0.0,0.0,3.72222,1.49691,6.44444,3.96466,58.8148,51.7778,72.5556,52.1111,-21.1111,41.2222,-20.1111,72.5556,0.286791,-2.11294,path
144,187,9,0.0,0.0,1.94444,2.04849,6.22222,3.51294,56.1481,49.8889,69.6667,48.8889,-18.7778,40.5556,-21.7778,69.6667,0.299951,-2.04388,path
178,185,9,0.0,0.0,2.61111,1.80637,3.11111,2.2771,49.037,44.0,60.6667,42.4444,-15.1111,34.8889,-19.7778,60.6667,0.300036,-2.00619,path
27,189,9,0.0,0.0,1.0,0.311111,2.61111,2.50741,32.7778,29.0,40.6667,28.6667,-11.3333,23.6667,-12.3333,40.6667,0.297841,-2.06427,path
16,190,9,0.0,0.0,3.77778,6.87407,8.55556,73.6741,29.6296,26.1111,36.8889,25.8889,-10.5556,21.7778,-11.2222,36.8889,0.30039,-2.16066,path
231,160,9,0.0,0.0,2.61111,8.24074,13.1667,139.856,40.8889,34.1111,51.7778,36.7778,-20.3333,32.6667,-12.3333,51.7778,0.339618,-2.33584,path
119,191,9,0.0,0.0,3.11111,2.94895,5.22222,3.42972,59.5926,52.3333,75.2222,51.2222,-21.7778,46.8889,-25.1111,75.2222,0.31901,-2.04705,path
53,198,9,0.0,0.0,1.72222,1.85492,5.11111,1.60093,51.6667,45.5556,64.2222,45.2222,-18.3333,37.6667,-19.3333,64.2222,0.299707,-2.07262,path
87,196,9,0.111111,0.0,1.33333,0.869228,2.22222,1.66889,61.5926,55.0,75.6667,54.1111,-19.7778,42.2222,-22.4444,75.6667,0.287526,-2.04874,path
35,189,9,0.0,0.0,2.55555,2.87407,4.5,15.3667,31.9259,29.0,38.5556,28.2222,-8.77778,19.8889,-11.1111,38.5556,0.262981,-2.02223,path
224,190,9,0.0,0.0,2.88889,2.13611,3.0,1.84992,47.4815,42.4444,58.6667,41.3333,-15.1111,33.5556,-18.4444,58.6667,0.295621,-2.02594,path
116,192,9,0.111111,0.0,6.05556,2.82384,4.33333,3.06232,57.0741,50.3333,72.1111,48.7778,-20.2222,45.1111,-24.8889,72.1111,0.324017,-2.02475,path
114,184,9,0.0,0.0,0.722223,0.32963,9.38889,28.9519,31.1852,28.4444,37.1111,28.0,-8.22222,17.7778,-9.55556,37.1111,0.232343,-2.16033,path
187,162,9,0.0,0.0,1.5,1.14444,11.6667,73.1111,43.2222,36.7778,53.6667,39.2222,-19.3333,31.3333,-12.0,53.6667,0.300182,-2.39168,path
77,185,9,0.0,0.0,2.94444,7.66296,6.22222,32.1185,32.5556,29.2222,39.6667,28.7778,-10.0,21.3333,-11.3333,39.6667,0.27036,-2.08527,path
15,189,9,0.0,0.0,1.5,0.922221,2.0,2.88889,32.1111,28.3333,40.3333,27.6667,-11.3333,24.6667,-13.3333,40.3333,0.315363,-2.03798,path
73,194,9,0.0,0.0,3.22222,2.33492,4.61111,3.35604,60.7778,53.4444,76.1111,52.7778,-22.0,46.0,-24.0,76.1111,0.309253,-2.06055,path
37,165,9,0.0,0.0,2.38889,8.1074,16.4444,23.8963,35.8148,30.7778,42.8889,33.7778,-15.1111,21.2222,-6.11111,42.8889,0.273647,-2.47015,path
134,187,9,0.0,0.0,1.88889,1.51535,2.11111,1.78471,59.3704,52.6667,74.1111,51.3333,-20.1111,44.2222,-24.1111,74.1111,0.307458,-2.03348,path
162,190,9,0.0,0.0,3.05556,1.06284,6.11111,5.2182,57.3333,51.0,70.0,51.0,-19.0,38.0,-19.0,70.0,0.279561,-2.11209,path
236,194,9,0.0,0.0,2.66667,1.93218,2.44444,1.79712,50.1111,44.2222,62.4444,43.6667,-17.6667,37.0,-19.3333,62.4444,0.300667,-2.06428,path
105,193,9,0.0,0.0,3.22222,1.90516,2.88889,2.17733,60.1111,53.1111,75.1111,52.1111,-21.0,45.0,-24.0,75.1111,0.308465,-2.04777,path
24,172,9,0.0,0.0,1.16667,0.91287,9.77778,5.45554,42.037,38.0,50.3333,37.7778,-12.1111,24.8889,-12.7778,50.3333,0.249836,-2.14372,path
95,191,9,0.0,0.111111,3.16667,2.78687,6.0,5.18545,60.2593,52.4444,76.2222,52.1111,-23.4444,47.8889,-24.4444,76.2222,0.320865,-2.07765,path
36,207,9,0.0,0.0,2.72222,3.17921,6.44444,2.80211,56.8148,50.4444,70.1111,49.8889,-19.1111,39.8889,-20.7778,70.1111,0.290668,-2.06272,path
178,185,9,0.0,0.0,2.61111,1.80637,3.11111,2.2771,49.037,44.0,60.6667,42.4444,-15.1111,34.8889,-19.7778,60.6667,0.300036,-2.00619,path
167,189,9,0.0,0.0,3.77778,2.23772,3.77778,1.54441,58.4074,51.3333,72.4444,51.4444,-21.2222,42.1111,-20.8889,72.4444,0.295523,-2.10133,path
121,192,9,0.111111,0.0,3.38889,2.05931,5.94444,2.48924,60.8148,53.4444,76.4444,52.5556,-22.1111,46.8889,-24.7778,76.4444,0.31261,-2.05546,path
53,176,9,0.0,0.0,1.94445,0.879815,1.55556,1.99629,50.2963,45.4444,62.1111,43.3333,-14.5556,35.4444,-20.8889,62.1111,0.302421,-1.97757,path
254,159,9,0.0,0.0,3.55556,7.54074,14.8333,152.7,36.6296,31.3333,46.2222,32.3333,-15.8889,28.7778,-12.8889,46.2222,0.294845,-2.31687,path
116,184,9,0.0,0.0,2.22222,2.11852,10.6111,45.0852,31.7037,28.7778,38.0,28.3333,-8.77778,18.8889,-10.1111,38.3333,0.250721,-2.21546,path
177,190,9,0.0,0.0,0.944445,0.82776,1.38889,0.952579,52.4074,47.3333,64.5556,45.3333,-15.2222,36.4444,-21.2222,64.5556,0.297733,-1.9859,path
60,196,9,0.0,0.0,1.44444,1.04704,4.44444,1.99629,51.1481,45.3333,63.3333,44.7778,-17.4444,36.5556,-19.1111,63.3333,0.297689,-2.05926,path
214,194,9,0.0,0.0,1.22222,1.0256,3.22222,1.69531,45.0741,40.2222,55.4444,39.5556,-14.5556,31.1111,-16.5556,55.4444,0.291972,-2.047,path
145,185,9,0.111111,0.0,2.77778,2.2575,2.22222,1.95126,56.2593,49.8889,69.8889,49.0,-19.1111,40.8889,-21.7778,69.8889,0.302283,-2.05106,path
237,192,9,0.111111,0.0,0.833333,0.547723,4.38889,3.52399,46.3704,41.1111,57.6667,40.3333,-15.7778,33.8889,-18.1111,57.6667,0.302675,-2.04724,path
139,187,9,0.0,0.0,2.05556,1.12382,1.83333,1.06979,60.4444,53.6667,74.7778,52.8889,-20.3333,43.0,-22.6667,74.7778,0.292692,-2.05821,path
4,189,9,0.0,0.0,2.05556,3.88519,11.7222,114.596,26.4444,23.4444,33.0,22.8889,-9.0,19.6667,-10.6667,33.0,0.271473,-2.101,path
209,191,9,0.0,0.111111,3.05556,2.30378,5.72222,6.07149,48.2222,43.8889,58.6667,42.1111,-13.0,31.3333,-18.3333,58.6667,0.279764,-1.9649,path
32,206,9,0.0,0.111111,2.83333,1.77326,5.61111,2.80806,57.6296,50.4444,72.1111,50.3333,-21.5556,43.4444,-21.8889,72.1111,0.30568,-2.08593,path
36,189,9,0.0,0.0,1.94444,2.46296,5.83333,21.5889,31.3704,28.4444,38.0,27.6667,-8.77778,19.8889,-11.1111,38.0,0.266302,-2.02035,path
134,194,9,0.0,0.0,2.61111,1.21868,5.22222,4.43555,58.963,52.8889,71.5556,52.4444,-18.2222,37.7778,-19.5556,71.5556,0.273444,-2.08189,path
196,161,9,0.0,0.0,2.77778,5.54073,11.7778,93.9852,41.963,36.5556,51.2222,38.1111,-16.2222,27.7778,-11.5556,51.3333,0.282125,-2.38829,path
235,195,9,0.0,0.0,1.88889,2.09408,3.0,1.73845,48.3333,42.7778,59.6667,42.5556,-16.6667,34.0,-17.3333,59.6667,0.290585,-2.0811,path
183,185,9,0.0,0.0,2.88889,1.42465,5.77778,5.55645,44.963,40.6667,55.0,39.2222,-12.8889,30.1111,-17.2222,55.0,0.28574,-2.00499,path
217,195,9,0.0,0.0,4.22222,3.28408,2.38889,2.10203,45.0741,39.6667,55.5556,40.0,-16.2222,31.4444,-15.2222,55.5556,0.292957,-2.11857,path
48,202,9,0.0,0.111111,3.38889,1.62504,4.83333,4.092,58.0,52.0,71.0,51.0,-18.0,39.0,-21.0,71.0,0.284515,-2.04594,path
45,205,9,0.0,0.0,1.94445,2.19511,3.33333,2.52982,50.2593,44.8889,61.7778,44.1111,-16.1111,34.5556,-18.4444,61.7778,0.287573,-2.04465,path
173,190,9,0.111111,0.0,2.33333,2.56472,1.55556,1.20493,50.4444,44.8889,62.3333,44.1111,-16.6667,35.6667,-19.0,62.3333,0.292125,-2.0487,path
174,188,9,0.0,0.0,2.88889,2.88033,3.61111,2.23524,50.4074,45.4444,62.0,43.7778,-14.8889,34.7778,-19.8889,62.0,0.293991,-1.99507,path
77,199,9,0.0,0.0,2.66667,1.8619,4.66667,3.02582,57.0,50.5556,71.0,49.4444,-19.3333,42.0,-22.6667,71.0,0.303497,-2.04087,path
169,186,9,0.0,0.222222,2.33333,1.65999,5.5,2.51882,49.4444,44.6667,61.1111,42.5556,-14.3333,35.0,-20.6667,61.1111,0.303448,-1.97439,path
96,193,9,0.0,0.0,1.33333,1.11555,1.83333,1.84692,62.7037,54.7778,78.7778,54.5556,-23.7778,48.2222,-24.4444,78.7778,0.310288,-2.08494,path
240,192,9,0.0,0.0,2.38889,0.64693,4.38889,2.3797,45.963,40.5556,58.1111,39.2222,-16.2222,36.4444,-20.2222,58.1111,0.325608,-2.01658,path
78,186,9,0.0,0.0,2.83333,2.12222,3.55556,4.20741,35.2963,31.2222,43.8889,30.7778,-12.2222,25.7778,-13.5556,43.8889,0.302286,-2.06012,path
189,187,9,0.0,0.0,1.22222,1.0037,3.05556,2.38902,48.5185,44.1111,59.8889,41.5556,-13.2222,34.1111,-20.8889,59.8889,0.305755,-1.94747,path
190,188,9,0.0,0.0,2.0,1.56347,2.27778,1.78159,49.7037,44.6667,61.7778,42.6667,-15.1111,36.2222,-21.1111,61.7778,0.309236,-1.98456,path
169,184,9,0.111111,0.0,1.22222,0.544331,2.5,1.92931,56.2593,51.2222,69.0,48.5556,-15.1111,38.2222,-23.1111,69.0,0.2956,-1.95801,path
171,187,9,0.0,0.111111,2.94445,1.73098,2.66667,2.43128,48.3704,43.3333,60.1111,41.6667,-15.1111,35.2222,-20.1111,60.1111,0.306725,-1.99855,path
83,198,9,0.0,0.0,2.38889,1.49691,4.83333,3.00925,59.7778,53.1111,74.0,52.2222,-20.0,42.6667,-22.6667,74.0,0.296314,-2.05057,path
185,186,9,0.0,0.0,2.16667,1.85891,3.0,1.3499,48.2222,44.0,58.8889,41.7778,-12.6667,32.0,-19.3333,58.8889,0.290427,-1.95602,path
249,178,9,0.0,0.0,2.27778,1.76908,5.22222,4.93363,47.963,42.6667,58.8889,42.3333,-15.8889,32.7778,-16.8889,58.8889,0.289863,-2.10254,path
249,200,9,0.0,0.0,2.55555,2.62185,2.5,1.20646,45.2963,40.6667,55.7778,39.4444,-13.8889,31.4444,-17.5556,55.7778,0.292784,-2.01665,path
249,173,9,0.111111,0.0,1.66667,1.64654,3.61111,2.11257,55.1852,48.5556,69.5556,47.4444,-19.8889,43.1111,-23.2222,69.5556,0.321085,-2.04172,path
114,193,9,0.0,0.0,3.16667,2.46532,4.5,2.50111,57.8148,51.1111,72.5556,49.7778,-20.1111,44.2222,-24.1111,72.5556,0.314092,-2.0338,path
11,200,9,0.0,0.0,3.16667,3.03132,3.94444,2.48029,53.5556,46.4444,67.3333,46.8889,-21.3333,41.3333,-20.0,67.3333,0.313032,-2.11673,path
254,159,9,0.0,0.0,3.55556,7.54074,14.8333,152.7,36.6296,31.3333,46.2222,32.3333,-15.8889,28.7778,-12.8889,46.2222,0.294845,-2.31687,path
166,180,9,0.0,0.0,1.44444,1.58519,7.33333,45.9556,31.4444,28.6667,37.7778,27.8889,-8.33333,19.0,-10.6667,37.7778,0.252953,-2.02103,path
214,195,9,0.0,0.0,0.833333,0.65828,2.0,0.966091,46.5556,41.1111,57.3333,41.2222,-16.3333,32.3333,-16.0,57.3333,0.290299,-2.10138,path
180,186,9,0.111111,0.0,1.5,1.79815,1.94444,1.78159,49.6296,45.0,61.3333,42.5556,-13.8889,35.1111,-21.2222,61.3333,0.306161,-1.95809,path
99,198,9,0.0,0.0,5.05555,6.434,5.66667,5.79271,58.3333,51.8889,72.3333,50.7778,-19.3333,42.0,-22.6667,72.3333,0.299654,-2.03587,path
137,190,9,0.0,0.0,2.05556,0.742868,2.27778,1.40502,60.4444,53.4444,75.5556,52.3333,-21.0,45.3333,-24.3333,75.5556,0.308799,-2.04362,path
187,180,9,0.0,0.0,4.05556,2.98453,3.33333,3.19722,62.0741,54.8889,77.5556,53.7778,-21.5556,46.4444,-24.8889,77.5556,0.306906,-2.04418,path
149,163,9,0.0,0.0,2.61111,12.1518,14.0,48.8889,41.6667,35.4444,51.3333,38.2222,-18.6667,29.0,-10.3333,51.3333,0.297547,-2.38444,path
87,196,9,0.111111,0.0,1.33333,0.869228,2.22222,1.66889,61.5926,55.0,75.6667,54.1111,-19.7778,42.2222,-22.4444,75.6667,0.287526,-2.04874,path
228,191,9,0.0,0.0,1.44444,0.620633,2.33333,1.19257,49.2222,44.0,60.5556,43.1111,-15.6667,34.0,-18.3333,60.5556,0.289582,-2.04052,path
149,182,9,0.111111,0.0,3.11111,3.20878,7.0,5.64899,39.8519,37.2222,47.3333,35.0,-7.88889,22.4444,-14.5556,47.3333,0.24779,-1.86828,path
247,159,9,0.0,0.0,2.55556,5.05185,15.7222,168.952,35.7778,30.4444,45.0,31.8889,-16.0,27.6667,-11.6667,45.4444,0.289218,-2.54935,path
248,200,9,0.0,0.0,1.38889,0.952579,1.77778,1.16746,46.1111,41.3333,56.5556,40.4444,-14.3333,31.3333,-17.0,56.5556,0.286663,-2.03802,path
38,200,9,0.0,0.0,3.44444,2.12568,3.44445,1.20493,55.963,49.0,70.2222,48.6667,-20.8889,42.7778,-21.8889,70.2222,0.309826,-2.08021,path
124,191,9,0.0,0.0,3.5,2.73861,3.27778,2.80013,59.7407,52.8889,74.7778,51.5556,-20.5556,45.1111,-24.5556,74.7778,0.313611,-2.03548,path
205,190,9,0.0,0.0,1.27778,0.998145,1.61111,1.12382,49.4815,44.7778,60.6667,43.0,-14.1111,33.5556,-19.4444,60.6667,0.290788,-1.9876,path
135,185,9,0.111111,0.0,2.22222,2.81004,2.27778,1.28956,47.963,44.1111,57.3333,42.4444,-11.5556,28.1111,-16.5556,57.3333,0.259189,-1.9821,path
223,190,9,0.0,0.0,2.0,1.0328,2.05556,1.46692,46.8889,42.0,57.7778,40.8889,-14.6667,32.6667,-18.0,57.7778,0.292226,-2.02513,path
189,187,9,0.0,0.0,1.22222,1.0037,3.05556,2.38902,48.5185,44.1111,59.8889,41.5556,-13.2222,34.1111,-20.8889,59.8889,0.305755,-1.94747,path
198,185,9,0.0,0.0,1.33333,1.22927,2.5,1.65664,50.2222,45.4444,61.3333,43.8889,-14.3333,33.3333,-19.0,61.3333,0.285554,-2.00718,path
147,182,9,0.0,0.0,2.27778,1.70511,2.94444,1.59745,43.5926,40.3333,52.5556,37.8889,-9.77778,26.8889,-17.1111,52.5556,0.278669,-1.91917,path
227,196,9,0.0,0.0,2.61111,2.36095,3.55556,1.69531,47.1852,42.1111,58.2222,41.2222,-15.2222,33.1111,-17.8889,58.2222,0.292469,-2.03949,path
88,180,9,0.0,0.0,1.5,0.936898,3.83333,2.88868,50.4074,45.2222,62.3333,43.6667,-15.5556,35.7778,-20.2222,62.3333,0.300918,-2.00872,path
250,196,9,0.0,0.0,1.5,1.50185,2.27778,1.21868,47.7778,42.6667,58.7778,41.8889,-15.3333,33.0,-17.6667,58.7778,0.289138,-2.046,path
226,176,9,0.0,0.0,3.05555,3.27561,2.38889,2.87067,56.9259,50.4444,71.4444,48.8889,-19.4444,43.5556,-24.1111,71.4444,0.315862,-2.02178,path
96,196,9,0.0,0.0,3.5,1.26051,7.38889,3.67826,63.5185,56.0,79.1111,55.4444,-22.5556,46.7778,-24.2222,79.1111,0.301586,-2.07044,path
188,182,9,0.0,0.0,1.61111,0.742868,4.16667,2.12655,58.0,51.8889,72.4444,49.6667,-18.3333,43.3333,-25.0,72.4444,0.314281,-1.99159,path
61,202,9,0.0,0.0,2.27778,1.87873,1.88889,1.0037,61.6296,55.0,76.0,53.8889,-19.8889,43.1111,-23.2222,76.0,0.293527,-2.04354,path
77,186,9,0.0,0.0,2.0,2.66667,2.33333,3.55556,34.963,31.1111,43.4444,30.3333,-11.5556,25.4444,-13.8889,43.4444,0.303377,-2.03664,path
214,161,9,0.0,0.0,3.72222,0.729634,11.5,18.9222,40.4444,35.3333,49.6667,36.3333,-15.3333,27.6667,-12.3333,49.6667,0.298056,-2.19894,path
145,163,9,0.0,0.0,3.11111,13.4963,18.6667,27.2445,39.4444,34.0,47.7778,36.5556,-16.3333,25.0,-8.66667,48.1111,0.281536,-2.42532,path
37,189,9,0.0,0.0,1.38889,1.48518,5.72222,23.8852,30.0,27.1111,36.3333,26.5556,-8.66667,19.0,-10.3333,36.3333,0.265248,-2.05028,path
143,186,9,0.0,0.0,2.33333,2.319,2.77778,2.52689,54.963,49.1111,67.8889,47.8889,-17.5556,38.7778,-21.2222,67.8889,0.296251,-2.02862,path
116,184,9,0.0,0.0,2.22222,2.11852,10.6111,45.0852,31.7037,28.7778,38.0,28.3333,-8.77778,18.8889,-10.1111,38.3333,0.250721,-2.21546,path
202,193,9,0.0,0.0,1.11111,0.750308,3.38889,2.48924,41.7037,37.8889,50.6667,36.5556,-11.4444,26.8889,-15.4444,50.6667,0.278387,-1.993,path
2,171,9,0.0,0.0,1.94444,1.21868,3.66667,3.12694,45.7778,41.0,56.3333,40.0,-14.3333,31.6667,-17.3333,56.3333,0.287983,-2.03293,path
154,189,9,0.0,0.0,1.55556,1.04704,1.44444,0.860663,59.9259,53.4444,74.8889,51.4444,-19.4444,44.8889,-25.4444,74.8889,0.312892,-2.00596,path
136,193,9,0.0,0.0,2.38889,1.45169,2.55556,1.40897,60.7037,54.4444,74.8889,52.7778,-18.7778,42.5556,-23.7778,74.8889,0.295304,-2.01821,path
77,185,9,0.0,0.0,2.94444,7.66296,6.22222,32.1185,32.5556,29.2222,39.6667,28.7778,-10.0,21.3333,-11.3333,39.6667,0.27036,-2.08527,path
234,175,9,0.0,0.0,1.94444,1.32358,3.44445,2.2575,57.7778,50.6667,72.6667,50.0,-21.3333,44.6667,-23.3333,72.6667,0.312037,-2.06378,path
25,198,9,0.0,0.0,2.83333,1.34577,4.11111,3.34442,48.7037,42.7778,61.0,42.3333,-17.7778,36.8889,-19.1111,61.0,0.309645,-2.07072,path
173,186,9,0.0,0.111111,3.22222,2.1152,5.5,3.50713,53.4444,48.2222,65.8889,46.2222,-15.6667,37.3333,-21.6667,65.8889,0.298302,-1.98825,path
99,184,9,0.0,0.0,1.83333,3.27778,7.94444,63.3518,31.5185,27.7778,38.7778,28.0,-11.2222,21.7778,-10.5556,38.7778,0.28045,-2.18312,path
24,188,9,0.0,0.0,1.72222,1.21852,6.61111,38.5519,30.6296,27.3333,38.0,26.5556,-9.88889,22.1111,-12.2222,38.0,0.290796,-2.03822,path
169,190,9,0.0,0.0,3.11111,1.80944,2.88889,2.09408,52.5556,46.8889,65.0,45.7778,-17.0,37.3333,-20.3333,65.0,0.297059,-2.03483,path
247,174,9,0.111111,0.0,3.11111,2.68052,3.16667,1.5456,56.1852,49.4444,70.8889,48.2222,-20.2222,44.1111,-23.8889,70.8889,0.323021,-2.03735,path
229,195,9,0.0,0.0,4.16667,2.27792,4.11111,2.24763,47.7037,42.4444,58.8889,41.7778,-15.7778,33.5556,-17.7778,58.8889,0.290278,-2.0527,path
123,186,9,0.0,0.0,3.61111,3.02887,9.44444,7.93212,51.7778,46.5556,63.6667,45.1111,-15.6667,35.6667,-20.0,63.6667,0.290148,-2.0141,path
182,186,9,0.111111,0.0,3.66667,2.04396,1.77778,1.24127,48.4444,43.7778,59.8889,41.6667,-14.0,34.3333,-20.3333,59.8889,0.304522,-1.97306,path
119,196,9,0.0,0.0,2.66667,2.14994,1.38889,1.35674,53.3333,47.3333,65.6667,47.0,-18.0,37.0,-19.0,65.6667,0.293586,-2.07918,path
191,162,9,0.0,0.0,2.61111,1.88518,14.1667,210.922,40.963,34.8889,50.1111,37.8889,-18.2222,27.4444,-9.22222,50.6667,0.298124,-2.55568,path
252,201,9,0.0,0.0,4.61111,5.49512,5.55556,5.79527,40.2963,35.7778,49.0,36.1111,-13.5556,26.1111,-12.5556,49.0,0.275368,-2.17583,path
194,183,9,0.0,0.0,0.777778,0.583731,2.94444,1.62504,54.7407,49.2222,67.7778,47.2222,-16.5556,39.1111,-22.5556,67.7778,0.303121,-1.9917,path
200,193,9,0.0,0.0,2.55556,2.04033,4.61111,3.59269,41.1852,37.4444,50.0,36.1111,-11.2222,26.4444,-15.2222,50.0,0.279876,-1.9958,path
117,181,9,0.111111,0.0,1.83333,1.24276,3.0,2.0548,46.8889,43.0,56.8889,40.7778,-11.6667,30.0,-18.3333,56.8889,0.283287,-1.94909,path
118,180,9,0.0,0.0,1.94444,1.48199,3.11111,1.08866,48.5556,44.1111,59.0,42.5556,-13.3333,31.3333,-18.0,59.0,0.278822,-1.99604,path
178,183,9,0.111111,0.0,2.72222,2.3983,4.66667,3.69985,55.7407,49.6667,69.6667,47.8889,-18.2222,41.7778,-23.5556,69.6667,0.312366,-2.0052,path
250,176,9,0.0,0.111111,1.61111,1.06284,3.44444,1.69531,53.6667,47.1111,67.6667,46.2222,-19.6667,42.0,-22.3333,67.6667,0.318137,-2.05226,path
112,197,9,0.0,0.0,4.22222,2.99382,4.94444,3.12279,50.3333,44.6667,62.2222,44.1111,-17.0,35.6667,-18.6667,62.2222,0.296328,-2.07122,path
2,190,9,0.0,0.0,2.55556,1.45185,2.5,2.96667,31.6667,28.0,40.1111,26.8889,-11.0,25.3333,-14.3333,40.1111,0.329007,-2.00838,path
103,185,9,0.0,0.0,1.83333,4.65556,9.88889,94.9185,30.8889,27.7778,37.0,27.8889,-9.33333,18.3333,-9.0,37.5556,0.250444,-2.45058,path
124,191,9,0.0,0.0,3.5,2.73861,3.27778,2.80013,59.7407,52.8889,74.7778,51.5556,-20.5556,45.1111,-24.5556,74.7778,0.313611,-2.03548,path
9,171,9,0.0,0.0,1.5,1.00554,2.77778,1.64204,45.9259,41.0,57.2222,39.5556,-14.7778,33.8889,-19.1111,57.2222,0.307943,-2.01072,path
166,185,9,0.0,0.0,1.94444,0.250924,2.0,0.210818,54.2222,48.5556,67.2222,46.8889,-17.0,39.0,-22.0,67.2222,0.302539,-2.00801,path
177,181,9,0.0,0.0,4.27778,1.73098,2.55556,1.48573,60.6296,53.6667,75.6667,52.5556,-20.8889,45.1111,-24.2222,75.6667,0.306993,-2.04456,path
253,201,9,0.0,0.0,3.0,2.69155,2.83333,2.33571,43.963,39.2222,53.8889,38.7778,-14.2222,29.7778,-15.5556,53.8889,0.28083,-2.06786,path
201,183,9,0.0,0.0,1.88889,1.91679,2.33333,1.78886,52.6296,47.4444,65.1111,45.3333,-15.5556,37.4444,-21.8889,65.1111,0.30372,-1.98191,path
233,197,9,0.0,0.111111,3.88889,2.78621,2.0,1.26491,49.7407,44.3333,61.4444,43.4444,-16.2222,35.1111,-18.8889,61.4444,0.294656,-2.0434,path
22,200,9,0.0,0.0,2.88889,2.40986,4.83333,2.62255,54.7037,47.8889,69.0,47.2222,-20.4444,42.8889,-22.4444,69.0,0.317362,-2.06566,path
4,189,9,0.0,0.0,2.05556,3.88519,11.7222,114.596,26.4444,23.4444,33.0,22.8889,-9.0,19.6667,-10.6667,33.0,0.271473,-2.101,path
205,190,9,0.0,0.0,1.27778,0.998145,1.61111,1.12382,49.4815,44.7778,60.6667,43.0,-14.1111,33.5556,-19.4444,60.6667,0.290788,-1.9876,path
201,191,9,0.0,0.0,1.0,0.760117,2.94444,1.02017,49.1852,44.6667,59.7778,43.1111,-13.5556,31.7778,-18.2222,59.7778,0.278886,-1.99899,path
137,182,9,0.0,0.0,1.83333,3.85556,3.61111,9.21852,34.9259,31.4444,42.8889,30.4444,-10.4444,23.8889,-13.4444,42.8889,0.285756,-2.00112,path
68,198,9,0.0,0.111111,2.88889,2.88033,3.05556,2.87067,58.0741,51.4444,71.8889,50.8889,-19.8889,41.4444,-21.5556,71.8889,0.291301,-2.06489,path
57,199,9,0.0,0.0,3.83333,2.64785,6.38889,3.46677,54.963,47.8889,69.2222,47.7778,-21.2222,42.7778,-21.5556,69.2222,0.317006,-2.08475,path
86,197,9,0.111111,0.111111,1.61111,1.45169,1.27778,1.10386,63.2222,56.2222,77.7778,55.6667,-21.0,43.6667,-22.6667,77.7778,0.285333,-2.06802,path
137,163,9,0.0,0.0,1.44444,0.785186,18.8889,5.54076,39.2963,33.7778,47.5556,36.5556,-16.5556,24.7778,-8.22222,47.5556,0.284813,-2.39521,path
194,178,9,0.0,0.0,1.22222,1.05185,8.0,12.5778,33.6667,29.6667,41.8889,29.4444,-12.0,24.6667,-12.6667,41.8889,0.296963,-2.10376,path
229,195,9,0.0,0.0,4.16667,2.27792,4.11111,2.24763,47.7037,42.4444,58.8889,41.7778,-15.7778,33.5556,-17.7778,58.8889,0.290278,-2.0527,path
130,189,9,0.111111,0.0,2.5,0.983193,2.11111,2.81004,58.6296,51.7778,73.3333,50.7778,-20.5556,44.1111,-23.5556,73.3333,0.307985,-2.04806,path
168,184,9,0.0,0.0,4.66667,1.52023,5.83333,1.81046,48.2593,43.8889,58.6667,42.2222,-13.1111,31.2222,-18.1111,58.6667,0.278195,-1.98678,path
138,185,9,0.0,0.0,3.05555,2.97707,1.94444,2.15424,57.0741,50.1111,71.1111,50.0,-20.8889,42.1111,-21.2222,71.1111,0.298025,-2.08885,path
134,191,9,0.0,0.0,1.38889,1.30668,1.44444,1.08866,61.6667,54.7778,76.6667,53.5556,-20.6667,45.0,-24.3333,76.6667,0.302994,-2.04128,path
142,163,9,0.0,0.0,1.5,0.877778,17.6667,3.2445,40.4444,35.0,48.5556,37.7778,-16.3333,24.3333,-8.0,48.5556,0.268978,-2.39274,path
1,189,9,0.0,0.0,1.38889,0.462963,12.3889,84.5963,23.5926,21.1111,29.3333,20.3333,-7.44444,17.2222,-9.77778,29.3333,0.233097,-2.01975,path
86,179,9,0.0,0.0,2.0,1.28236,3.55556,3.07439,50.5556,45.7778,62.1111,43.7778,-14.3333,34.6667,-20.3333,62.1111,0.296547,-1.97866,path
219,176,9,0.0,0.111111,2.11111,1.85792,5.11111,2.84149,60.2963,53.3333,75.6667,51.8889,-20.8889,46.1111,-25.2222,75.6667,0.314462,-2.03065,path
252,176,9,0.0,0.111111,1.88889,1.14827,5.05556,2.85514,52.9259,46.3333,67.0,45.4444,-19.7778,42.2222,-22.4444,67.0,0.32042,-2.05164,path
200,189,9,0.0,0.0,1.11111,1.08866,3.16667,1.00554,49.6667,45.1111,60.8889,43.0,-13.6667,33.6667,-20.0,60.8889,0.29381,-1.97322,path
104,191,9,0.0,0.0,3.22222,1.97391,3.77778,2.90338,63.0741,55.3333,79.2222,54.6667,-23.2222,48.4444,-25.2222,79.2222,0.311587,-2.06595,path
186,188,9,0.0,0.0,1.83333,1.26051,1.94444,1.25462,49.963,45.1111,61.4444,43.3333,-14.5556,34.4444,-19.8889,61.4444,0.294774,-1.99344,path
10,172,9,0.0,0.0,4.27778,4.38896,6.66667,7.36055,44.7778,40.3333,54.6667,39.3333,-13.3333,29.6667,-16.3333,54.6667,0.278044,-2.05245,path
188,190,9,0.0,0.0,1.94444,0.975629,2.05556,1.10387,48.8889,44.2222,60.0,42.4444,-14.0,33.3333,-19.3333,60.0,0.292307,-1.98631,path
138,188,9,0.0,0.0,2.05556,1.35674,1.11111,0.750309,60.3333,53.5556,74.8889,52.5556,-20.3333,43.6667,-23.3333,74.8889,0.299511,-2.04721,path
195,161,9,0.0,0.0,2.11111,1.80741,10.5,91.3222,41.4815,36.0,51.1111,37.3333,-16.4444,28.8889,-12.4444,51.2222,0.294706,-2.31651,path
28,188,9,0.0,0.0,1.44444,1.4963,5.11111,19.0074,29.963,26.8889,36.4444,26.5556,-9.22222,19.4444,-10.2222,36.4444,0.275863,-2.08357,path
64,176,9,0.0,0.0,2.33333,0.918938,1.0,0.918938,50.7778,46.0,62.3333,44.0,-14.3333,34.6667,-20.3333,62.3333,0.294056,-1.98088,path
5,210,9,0.0,0.111111,2.16667,1.67,4.44444,2.61336,51.2963,45.4444,64.3333,44.1111,-17.5556,39.1111,-21.5556,64.3333,0.317566,-2.0209,path
137,182,9,0.0,0.0,1.83333,3.85556,3.61111,9.21852,34.9259,31.4444,42.8889,30.4444,-10.4444,23.8889,-13.4444,42.8889,0.285756,-2.00112,path
119,192,9,0.111111,0.0,2.5,2.08433,6.16667,2.32618,59.5556,52.5556,74.7778,51.3333,-21.0,45.6667,-24.6667,74.7778,0.312796,-2.03818,path
240,195,9,0.0,0.0,1.88889,1.16746,1.83333,1.70945,48.8519,43.2222,60.6667,42.6667,-16.8889,35.4444,-18.5556,60.6667,0.300363,-2.06304,path
64,186,9,0.0,0.0,2.16667,1.94444,6.83333,53.5889,30.7778,27.5556,37.8889,26.8889,-9.66667,21.3333,-11.6667,37.8889,0.276726,-2.04631,path
219,176,9,0.0,0.111111,2.11111,1.85792,5.11111,2.84149,60.2963,53.3333,75.6667,51.8889,-20.8889,46.1111,-25.2222,75.6667,0.314462,-2.03065,path
77,177,9,0.0,0.0,1.33333,1.33333,2.16667,1.97484,48.4074,44.2222,59.3333,41.6667,-12.5556,32.7778,-20.2222,59.3333,0.297431,-1.94042,path
10,207,9,0.0,0.0,2.61111,1.30668,3.11111,3.00863,52.1111,46.0,64.8889,45.4444,-18.3333,38.3333,-20.0,64.8889,0.299285,-2.06335,path
244,194,9,0.0,0.0,1.72222,1.14342,2.27778,2.03761,49.7407,44.4444,61.6667,43.1111,-15.8889,35.7778,-19.8889,61.6667,0.300853,-2.02184,path
123,194,9,0.0,0.0,2.55556,1.78471,9.11111,7.71338,60.8148,54.3333,74.8889,53.2222,-19.4444,42.2222,-22.7778,74.8889,0.292382,-2.03361,path
137,182,9,0.0,0.0,1.83333,3.85556,3.61111,9.21852,34.9259,31.4444,42.8889,30.4444,-10.4444,23.8889,-13.4444,42.8889,0.285756,-2.00112,path
197,161,9,0.0,0.0,2.0,5.55555,11.5,99.6333,42.3704,36.8889,51.6667,38.5556,-16.4444,27.8889,-11.4444,51.7778,0.27504,-2.39557,path
65,176,9,0.0,0.0,2.88889,1.4707,1.5,1.16905,49.7407,45.2222,61.0,43.0,-13.5556,33.7778,-20.2222,61.0,0.294787,-1.9657,path
141,163,9,0.0,0.0,0.777777,0.429631,18.7778,1.85182,40.7037,35.2222,48.8889,38.0,-16.4444,24.5556,-8.11111,48.8889,0.270056,-2.38845,path
227,195,9,0.111111,0.0,2.5,2.23855,3.5,2.88868,47.7407,42.7778,58.5556,41.8889,-14.8889,32.4444,-17.5556,58.5556,0.284495,-2.03896,path
142,185,9,0.111111,0.0,2.27778,1.76908,3.11111,1.16746,47.8148,43.8889,58.2222,41.3333,-11.7778,31.2222,-19.4444,58.2222,0.289144,-1.93792,path
205,177,9,0.0,0.0,2.83333,9.63333,8.5,17.3667,32.4444,28.4444,40.3333,28.5556,-12.0,23.6667,-11.6667,40.3333,0.296365,-2.12124,path
4,201,9,0.0,0.222222,2.72222,1.67885,5.22222,3.12457,53.7037,47.1111,67.2222,46.7778,-19.7778,40.5556,-20.7778,67.2222,0.308859,-2.07523,path
251,195,9,0.0,0.0,2.94444,2.8784,3.83333,2.35467,47.9259,42.5556,59.2222,42.0,-16.1111,33.8889,-17.7778,59.2222,0.291875,-2.05673,path
139,185,9,0.0,0.0,2.0,0.632455,1.22222,1.90516,59.1481,52.2222,73.4444,51.7778,-20.7778,42.8889,-22.1111,73.4444,0.29644,-2.07387,path
17,204,9,0.0,0.0,2.0,1.28236,2.16667,0.752773,57.2593,50.8889,71.2222,49.6667,-19.1111,41.8889,-22.7778,71.2222,0.302671,-2.03737,path
202,182,9,0.0,0.0,2.55555,1.85792,3.0,2.0548,55.0741,49.5556,68.1111,47.5556,-16.5556,39.1111,-22.5556,68.1111,0.301601,-1.98922,path
78,201,9,0.0,0.0,2.83333,2.65623,5.0,4.07158,56.4444,51.4444,68.6667,49.2222,-15.0,36.6667,-21.6667,68.6667,0.28043,-1.96946,path
63,203,9,0.0,0.0,4.27778,3.79131,3.44444,4.03687,58.4815,52.4444,71.6667,51.3333,-18.1111,39.5556,-21.4444,71.6667,0.287107,-2.03464,path
84,200,9,0.0,0.0,4.72222,2.70322,2.5,1.53116,56.6667,50.6667,70.2222,49.1111,-18.0,40.6667,-22.6667,70.2222,0.300817,-2.01537,path
250,160,9,0.0,0.0,2.11111,1.18519,1.55556,2.74074,42.8148,36.4444,55.3333,36.6667,-19.1111,37.5556,-18.4444,55.3333,0.347142,-2.10232,path
248,160,9,0.0,0.0,3.0,8.8889,2.16667,3.76667,43.9259,37.1111,57.1111,37.5556,-20.4444,39.5556,-19.1111,57.1111,0.354037,-2.11379,path
70,197,9,0.0,0.111111,2.72222,2.01568,5.27778,3.27561,54.8519,48.8889,68.0,47.6667,-17.8889,39.4444,-21.5556,68.0,0.298704,-2.03351,path
73,201,9,0.0,0.111111,0.722223,0.64693,4.44444,2.45553,58.7037,52.8889,72.2222,51.0,-17.4444,40.5556,-23.1111,72.2222,0.294187,-1.99774,path
42,188,9,0.0,0.0,1.83333,1.81111,1.38889,1.75185,30.7778,27.5556,38.1111,26.6667,-9.66667,22.0,-12.3333,38.1111,0.301747,-2.01644,path
204,177,9,0.0,0.0,1.77778,10.6963,8.33333,27.3334,32.8889,29.0,40.6667,29.0,-11.6667,23.3333,-11.6667,40.6667,0.28109,-2.10084,path
7,203,9,0.111111,0.111111,3.88889,2.85709,5.44444,2.74604,54.0,47.6667,67.6667,46.6667,-19.0,41.0,-22.0,67.6667,0.314896,-2.04001,path
121,189,9,0.0,0.0,2.27778,2.19511,4.94444,4.00786,62.0741,54.7778,77.5556,53.8889,-21.8889,46.4444,-24.5556,77.5556,0.305404,-2.05408,path
204,161,9,0.0,0.0,1.27778,0.507408,9.22222,73.0963,44.0741,38.0,54.5556,39.6667,-18.2222,31.4444,-13.2222,54.5556,0.308104,-2.23829,path
142,182,9,0.111111,0.0,1.11111,0.834444,2.77778,2.0512,43.6296,40.3333,52.8889,37.6667,-9.88889,27.7778,-17.8889,52.8889,0.286863,-1.90498,path
183,182,9,0.0,0.0,2.83333,2.09497,3.55556,2.56183,58.963,52.8889,73.3333,50.6667,-18.2222,43.1111,-24.8889,73.3333,0.308825,-1.99205,path
239,174,9,0.0,0.0,2.0,1.4453,1.38889,0.854183,57.8519,50.4444,73.2222,49.8889,-22.2222,46.1111,-23.8889,73.2222,0.320261,-2.06905,path
105,189,9,0.0,0.0,2.05556,1.51168,4.44444,3.45554,61.4074,55.0,75.4444,53.7778,-19.2222,42.1111,-22.8889,75.4444,0.285515,-2.03589,path
215,193,9,0.0,0.0,2.0,0.516399,4.83333,1.29529,45.2222,40.8889,55.3333,39.4444,-13.0,30.3333,-17.3333,55.3333,0.289242,-2.00012,path
198,183,9,0.0,0.0,1.05555,1.18165,3.38889,1.59745,54.037,48.8889,66.5556,46.6667,-15.4444,37.5556,-22.1111,66.5556,0.298622,-1.97496,path
197,182,9,0.0,0.0,2.22222,1.25904,3.44444,2.82581,55.8519,50.1111,69.1111,48.3333,-17.2222,39.7778,-22.5556,69.1111,0.300643,-2.00156,path
223,161,9,0.0,0.0,1.38889,3.04074,9.0,31.0222,42.037,36.0,52.2222,37.8889,-18.1111,30.5556,-12.4444,52.2222,0.308416,-2.28229,path
239,32,9,0.0,0.0,0.777779,0.207408,1.5,1.18889,121.444,110.222,138.111,116.0,-33.6667,50.0,-16.3333,138.111,0.201898,-2.30939,sky
102,30,9,0.0,0.0,0.944447,0.879816,0.611111,0.772202,125.407,115.111,141.0,120.111,-30.8889,46.7778,-15.8889,141.0,0.183565,-2.29599,sky
202,41,9,0.0,0.0,0.944448,0.772202,1.11111,1.0256,123.037,111.889,139.778,117.444,-33.4444,50.2222,-16.7778,139.778,0.199347,-2.29992,sky
140,16,9,0.0,0.0,0.5,0.344443,0.888891,0.385184,111.815,99.1111,131.111,105.222,-38.1111,57.8889,-19.7778,131.111,0.244021,-2.29393,sky
67,71,9,0.0,0.0,1.66667,0.888891,1.5,0.299998,125.963,115.556,140.889,121.444,-31.2222,44.7778,-13.5556,140.889,0.179672,-2.33976,sky
165,99,9,0.0,0.0,0.888891,0.474074,0.777779,0.474074,93.4074,79.0,118.0,83.2222,-43.2222,73.7778,-30.5556,118.0,0.330418,-2.20776,sky
62,26,9,0.0,0.0,0.777777,0.272165,0.444444,0.403686,112.222,98.3333,130.889,107.444,-41.6667,56.0,-14.3333,130.889,0.248698,-2.38614,sky
194,57,9,0.0,0.0,0.611109,0.418515,1.16667,0.38889,135.963,129.889,146.222,131.778,-18.2222,30.7778,-12.5556,146.222,0.111695,-2.21505,sky
112,30,9,0.0,0.0,0.555557,0.272164,1.22222,0.720082,113.259,100.778,130.111,108.889,-37.4444,50.5556,-13.1111,130.111,0.225384,-2.38531,sky
92,104,9,0.0,0.0,1.72222,1.4363,1.83333,1.37841,100.519,87.2222,119.889,94.4444,-39.8889,58.1111,-18.2222,119.889,0.272403,-2.3262,sky
122,11,9,0.0,0.0,1.0,0.311116,2.88889,5.05185,143.444,136.889,150.889,142.556,-19.6667,22.3333,-2.66667,150.889,0.092773,-2.52165,sky
104,68,9,0.0,0.0,1.0,0.57778,0.888889,0.829629,105.778,95.1111,124.889,97.3333,-32.0,57.3333,-25.3333,124.889,0.239143,-2.17,sky
67,32,9,0.0,0.0,0.944444,1.06284,1.77778,1.31092,126.222,115.111,142.222,121.333,-33.3333,48.0,-14.6667,142.222,0.190625,-2.33375,sky
60,52,9,0.0,0.0,0.722223,0.596301,0.777777,0.740744,111.63,101.0,129.222,104.667,-31.8889,52.7778,-20.8889,129.222,0.218379,-2.22968,sky
57,89,9,0.111111,0.0,0.555555,0.272169,1.27778,0.772203,106.074,93.1111,125.444,99.6667,-38.8889,58.1111,-19.2222,125.444,0.257746,-2.3062,sky
245,47,9,0.0,0.0,0.833331,0.122223,0.999997,0.488888,134.778,127.444,145.778,131.111,-22.0,33.0,-11.0,145.778,0.125709,-2.30244,sky
80,40,9,0.0,0.0,0.611111,0.574132,0.722223,0.772203,110.704,96.2222,129.0,106.889,-43.4444,54.8889,-11.4444,129.0,0.254051,-2.43469,sky
121,82,9,0.0,0.0,0.555556,0.344266,0.611111,0.443054,106.519,92.8889,125.889,100.778,-40.8889,58.1111,-17.2222,125.889,0.262093,-2.34487,sky
240,26,9,0.0,0.0,1.22222,1.0074,0.888888,0.207411,136.889,131.0,146.556,133.111,-17.6667,29.0,-11.3333,146.556,0.106102,-2.23072,sky
91,54,9,0.0,0.0,0.833333,0.408248,0.833335,0.658283,110.0,97.8889,127.111,105.0,-36.3333,51.3333,-15.0,127.111,0.229674,-2.34574,sky
97,21,9,0.0,0.0,0.944444,0.611615,1.33333,0.869227,126.815,115.0,142.889,122.556,-35.4444,48.2222,-12.7778,142.889,0.195127,-2.37781,sky
128,15,9,0.0,0.0,0.77778,0.272168,0.555556,0.620632,129.259,118.333,144.0,125.444,-32.7778,44.2222,-11.4444,144.0,0.17818,-2.38244,sky
48,81,9,0.0,0.0,0.611111,0.240743,0.888891,0.429629,112.926,105.667,128.889,104.222,-21.7778,47.8889,-26.1111,128.889,0.19308,-2.03349,sky
192,40,9,0.0,0.0,1.22222,0.207408,1.33333,0.488891,124.63,114.444,140.556,118.889,-30.5556,47.7778,-17.2222,140.556,0.185749,-2.27022,sky
207,58,9,0.0,0.0,0.777777,0.344266,0.888888,0.583728,110.37,97.6667,128.111,105.333,-38.1111,53.2222,-15.1111,128.111,0.237567,-2.35727,sky
220,36,9,0.0,0.0,0.944443,0.800462,1.05556,0.854182,114.037,100.778,132.444,108.889,-39.7778,55.2222,-15.4444,132.444,0.239085,-2.36224,sky
68,80,9,0.0,0.0,1.16667,0.166666,1.72222,1.70741,111.074,102.889,127.333,103.0,-24.5556,48.7778,-24.2222,127.333,0.198052,-2.0987,sky
64,19,9,0.0,0.0,0.944445,0.151853,1.66667,0.31111,137.778,131.556,146.444,135.333,-18.6667,26.0,-7.33333,146.444,0.101515,-2.3586,sky
221,50,9,0.0,0.0,0.444445,0.544332,1.44444,0.688533,122.074,109.889,139.778,116.556,-36.5556,53.1111,-16.5556,139.778,0.213809,-2.32568,sky
216,17,9,0.0,0.0,0.666665,0.5164,1.27778,1.02017,126.148,115.0,141.889,121.556,-33.4444,47.2222,-13.7778,141.889,0.189464,-2.34842,sky
63,13,9,0.0,0.0,0.611115,0.196294,1.16667,1.01111,132.259,122.778,145.444,128.556,-28.4444,39.5556,-11.1111,145.444,0.155825,-2.36043,sky
91,19,9,0.0,0.0,1.0,0.760118,1.44445,0.779364,126.667,115.444,142.444,122.111,-33.6667,47.3333,-13.6667,142.444,0.189527,-2.35283,sky
206,30,9,0.0,0.0,0.777777,0.501847,0.833332,0.547723,123.333,112.778,139.667,117.556,-31.6667,49.0,-17.3333,139.667,0.19251,-2.27951,sky
112,18,9,0.0,0.0,0.833333,0.691216,0.5,0.278888,113.778,102.333,130.111,108.889,-34.3333,49.0,-14.6667,130.111,0.213257,-2.34084,sky
83,28,9,0.0,0.0,0.388889,0.136081,0.888887,0.455421,112.963,99.4444,131.111,108.333,-40.5556,54.4444,-13.8889,131.111,0.241511,-2.38788,sky
76,19,9,0.0,0.0,0.944444,0.443052,0.888888,0.58373,114.259,101.0,132.333,109.444,-39.7778,54.2222,-14.4444,132.333,0.236733,-2.37598,sky
131,15,9,0.111111,0.0,0.888891,1.05185,1.88889,2.16297,130.148,119.667,145.333,125.444,-31.4444,45.5556,-14.1111,145.333,0.176494,-2.32497,sky
190,45,9,0.0,0.0,0.666667,0.666666,0.777779,0.54433,108.963,95.8889,126.889,104.111,-39.2222,53.7778,-14.5556,126.889,0.244289,-2.37181,sky
186,46,9,0.0,0.0,0.666664,0.399996,1.05556,0.862948,135.519,129.444,145.556,131.556,-18.2222,30.1111,-11.8889,145.556,0.110653,-2.23262,sky
171,15,9,0.0,0.0,0.666668,0.557772,0.666668,0.699205,113.741,100.111,132.0,109.111,-40.8889,54.7778,-13.8889,132.0,0.241576,-2.38903,sky
245,18,9,0.0,0.0,1.0,1.02222,1.16667,0.211111,137.889,131.444,147.889,134.333,-19.3333,30.0,-10.6667,147.889,0.111218,-2.27511,sky
67,40,9,0.0,0.0,0.666665,0.516397,0.666667,0.699204,110.037,95.3333,129.0,105.778,-44.1111,56.8889,-12.7778,129.0,0.260966,-2.41946,sky
248,53,9,0.0,0.0,0.722229,0.285188,0.833333,0.700008,134.778,128.222,145.778,130.333,-19.6667,33.0,-13.3333,145.778,0.121119,-2.21749,sky
112,35,9,0.0,0.0,1.11111,1.22963,1.44444,0.829631,127.556,117.444,142.556,122.667,-30.3333,45.0,-14.6667,142.556,0.176083,-2.31105,sky
172,31,9,0.0,0.0,0.722221,0.418517,0.666664,0.71111,136.407,130.778,145.444,133.0,-16.8889,27.1111,-10.2222,145.444,0.10071,-2.2515,sky
204,25,9,0.0,0.0,0.611111,0.329628,0.833333,0.477775,102.481,88.0,125.667,93.7778,-43.4444,69.5556,-26.1111,125.667,0.299583,-2.25341,sky
145,33,9,0.0,0.0,0.888889,0.272163,0.888888,0.620634,124.556,113.222,140.889,119.556,-34.0,49.0,-15.0,140.889,0.196297,-2.33354,sky
107,21,9,0.0,0.0,0.666662,0.516398,1.16667,0.408248,126.778,115.778,141.889,122.667,-33.0,45.3333,-12.3333,141.889,0.184022,-2.37037,sky
180,97,9,0.0,0.0,0.944443,0.329631,1.0,0.666667,134.37,126.556,145.444,131.111,-23.4444,33.2222,-9.77778,145.444,0.12985,-2.34623,sky
172,60,9,0.0,0.0,0.833333,0.388886,1.05556,0.329627,123.667,114.0,138.333,118.667,-29.0,44.0,-15.0,138.333,0.175844,-2.29339,sky
82,51,9,0.0,0.0,0.611111,0.443051,0.611111,0.742867,123.185,111.778,138.889,118.889,-34.2222,47.1111,-12.8889,138.889,0.1952,-2.3685,sky
231,49,9,0.0,0.0,0.555556,0.385186,0.666669,0.266668,120.704,108.111,139.333,114.667,-37.7778,55.8889,-18.1111,139.333,0.223879,-2.31548,sky
163,43,9,0.0,0.0,0.833335,0.433333,0.833335,0.611111,126.481,117.333,140.556,121.556,-27.4444,42.2222,-14.7778,140.556,0.165192,-2.28021,sky
184,44,9,0.0,0.0,0.500001,0.122222,1.0,0.755557,99.0,85.0,121.444,90.5556,-42.0,67.3333,-25.3333,121.444,0.300019,-2.25454,sky
152,18,9,0.0,0.0,0.777777,0.455422,0.555557,0.272164,112.111,97.2222,130.444,108.667,-44.6667,55.0,-10.3333,130.444,0.254668,-2.45498,sky
26,90,9,0.0,0.0,0.611112,0.374076,1.27778,0.285185,113.111,105.667,128.333,105.333,-22.3333,45.6667,-23.3333,128.333,0.181789,-2.07842,sky
179,101,9,0.0,0.0,0.444448,0.385187,0.611109,0.329633,134.926,126.444,147.222,131.111,-25.4444,36.8889,-11.4444,147.222,0.141107,-2.32873,sky
84,86,9,0.0,0.0,0.833335,0.691214,1.16667,0.691214,105.778,92.8889,124.111,100.333,-38.6667,55.0,-16.3333,124.111,0.251552,-2.34379,sky
178,16,9,0.0,0.0,0.333335,0.298143,1.5,1.20646,112.963,99.5556,131.0,108.333,-40.2222,54.1111,-13.8889,131.0,0.239899,-2.385,sky
65,70,9,0.0,0.0,0.666665,0.177776,1.11111,0.562963,112.519,104.0,127.778,105.778,-25.5556,45.7778,-20.2222,127.778,0.186099,-2.17166,sky
125,46,9,0.111111,0.0,0.611109,0.611616,2.16667,0.781735,124.556,112.778,141.0,119.889,-35.3333,49.3333,-14.0,141.0,0.200124,-2.35769,sky
25,41,9,0.0,0.0,1.0,0.577774,1.5,0.655553,113.407,103.889,131.222,105.111,-28.5556,53.4444,-24.8889,131.222,0.208293,-2.13982,sky
93,46,9,0.0,0.0,2.11111,1.62963,1.77778,1.80741,126.037,116.0,141.0,121.111,-30.1111,44.8889,-14.7778,141.0,0.177195,-2.30444,sky
119,85,9,0.0,0.0,0.499999,0.299998,0.888887,0.607409,101.037,88.7778,122.556,91.7778,-36.7778,64.5556,-27.7778,122.556,0.275467,-2.18634,sky
93,29,9,0.0,0.0,1.22222,1.22964,1.38889,1.57408,128.481,119.0,142.778,123.667,-28.4444,42.8889,-14.4444,142.778,0.166484,-2.29776,sky
235,46,9,0.0,0.0,1.16667,0.62361,1.33333,0.596282,114.63,100.889,132.889,110.111,-41.2222,54.7778,-13.5556,132.889,0.240722,-2.39503,sky
70,44,9,0.0,0.111111,2.44444,2.09408,2.33333,2.13958,122.593,112.0,136.889,118.889,-31.7778,42.8889,-11.1111,136.889,0.181821,-2.38466,sky
201,40,9,0.0,0.0,1.05556,0.596295,1.5,1.54444,123.778,113.333,139.667,118.333,-31.3333,47.6667,-16.3333,139.667,0.188503,-2.2922,sky
27,62,9,0.0,0.0,1.11111,0.562964,1.66667,1.33334,125.333,115.778,139.444,120.778,-28.6667,42.3333,-13.6667,139.444,0.169635,-2.31423,sky
221,35,9,0.0,0.0,0.666667,0.133333,0.944447,0.107407,98.7407,83.3333,122.556,90.3333,-46.2222,71.4444,-25.2222,122.556,0.320015,-2.28084,sky
226,83,9,0.0,0.0,0.888889,0.518519,1.05555,0.507406,90.6296,74.5556,116.889,80.4444,-48.2222,78.7778,-30.5556,116.889,0.362062,-2.23905,sky
240,58,9,0.0,0.0,1.05555,0.774072,1.0,0.711108,92.7037,76.8889,118.556,82.6667,-47.4444,77.5556,-30.1111,118.556,0.351331,-2.2393,sky
142,33,9,0.0,0.0,0.499999,0.623609,0.500001,0.349603,110.593,96.7778,128.667,106.333,-41.4444,54.2222,-12.7778,128.667,0.247776,-2.40802,sky
115,81,9,0.0,0.0,0.722224,0.646932,0.722224,0.389683,105.926,91.8889,124.889,101.0,-42.1111,56.8889,-14.7778,124.889,0.26422,-2.38226,sky
51,56,9,0.0,0.0,0.888887,0.162963,0.722221,0.107408,126.444,116.222,141.667,121.444,-30.6667,45.6667,-15.0,141.667,0.179483,-2.30766,sky
147,51,9,0.111111,0.0,1.16667,1.1,1.5,1.94444,126.333,117.0,140.222,121.778,-28.0,41.6667,-13.6667,140.222,0.165549,-2.30669,sky
184,15,9,0.0,0.0,0.444445,0.25185,0.777774,0.118519,140.778,134.333,150.111,137.889,-19.3333,28.0,-8.66667,150.111,0.105074,-2.32847,sky
59,96,9,0.0,0.0,0.611111,0.418521,0.611112,0.240741,111.593,103.444,128.111,103.222,-24.4444,49.5556,-25.1111,128.111,0.197734,-2.08595,sky
245,93,9,0.111111,0.0,2.88889,3.89631,1.94444,4.90741,86.2963,70.6667,112.111,76.1111,-46.8889,77.4444,-30.5556,112.111,0.369638,-2.23156,sky
3,21,9,0.0,0.0,0.444445,0.607407,1.22222,0.118518,130.148,120.778,143.222,126.444,-28.1111,39.2222,-11.1111,143.222,0.15668,-2.35718,sky
177,85,9,0.0,0.0,0.833333,0.166668,0.888888,0.429629,93.5556,79.2222,118.0,83.4444,-43.0,73.3333,-30.3333,118.0,0.328603,-2.20841,sky
116,54,9,0.0,0.0,0.611112,0.443054,1.72222,0.928958,108.852,96.7778,126.111,103.667,-36.2222,51.7778,-15.5556,126.111,0.232219,-2.33633,sky
17,94,9,0.0,0.0,1.72222,3.17407,1.05556,0.951854,20.037,15.7778,28.6667,15.6667,-12.7778,25.8889,-13.1111,28.6667,0.457772,-2.08425,window
219,80,9,0.0,0.0,2.05556,2.90147,2.94444,1.08355,14.4815,11.3333,20.3333,11.7778,-9.44444,17.5556,-8.11111,20.3333,0.43286,-2.1389,window
160,41,9,0.0,0.0,0.833333,0.809664,0.222222,0.172133,0.703704,0.555556,1.22222,0.333333,-0.444444,1.55556,-1.11111,1.22222,0.537037,-1.84512,window
244,108,9,0.0,0.0,6.5,5.10229,1.72222,0.827759,23.7037,20.0,30.4444,20.6667,-11.1111,20.2222,-9.11111,30.4444,0.365332,-2.15439,window
222,62,9,0.0,0.0,0.277778,0.250924,0.666667,0.557773,6.40741,4.11111,11.4444,3.66667,-6.88889,15.1111,-8.22222,11.4444,0.680808,-2.03415,window
160,41,9,0.0,0.0,0.833333,0.809664,0.222222,0.172133,0.703704,0.555556,1.22222,0.333333,-0.444444,1.55556,-1.11111,1.22222,0.537037,-1.84512,window
121,154,9,0.0,0.0,0.444444,0.118519,2.61111,5.75185,1.85185,1.55556,3.0,1.0,-0.888889,3.44444,-2.55556,3.0,0.534392,-1.90593,window
227,109,9,0.0,0.0,1.16667,0.983192,0.388889,0.389682,21.8519,18.4444,28.7778,18.3333,-10.2222,20.7778,-10.5556,28.7778,0.367141,-2.08276,window
214,108,9,0.0,0.0,0.666667,0.365148,0.666667,0.298143,16.9259,13.5556,23.4444,13.7778,-10.1111,19.5556,-9.44444,23.4444,0.421675,-2.11765,window
202,63,9,0.0,0.0,0.388889,0.327731,0.444445,0.272166,6.07407,4.0,10.5556,3.66667,-6.22222,13.4444,-7.22222,10.5556,0.653535,-2.04457,window
133,141,9,0.0,0.0,0.111111,0.172133,0.111111,0.172133,0.0740741,0.0,0.222222,0.0,-0.222222,0.444444,-0.222222,0.222222,0.222222,-2.0944,window
189,68,9,0.0,0.0,1.11111,0.58373,1.05556,0.534027,6.88889,5.66667,10.3333,4.66667,-3.66667,10.3333,-6.66667,10.3333,0.534151,-1.78025,window
171,89,9,0.0,0.0,0.0,0.0,0.0,0.0,0.0,0.0,0.0,0.0,0.0,0.0,0.0,0.0,0.0,0.0,window
219,133,9,0.0,0.0,0.833333,0.300001,0.444445,0.0296297,9.85185,6.22222,16.6667,6.66667,-10.8889,20.4444,-9.55556,16.6667,0.627269,-2.13874,window
61,92,9,0.0,0.0,1.27778,1.06284,0.555555,0.620633,17.2593,12.8889,25.7778,13.1111,-13.1111,25.5556,-12.4444,25.7778,0.499695,-2.11184,window
86,155,9,0.0,0.0,4.27778,10.5519,5.38889,60.2407,8.74074,6.66667,12.8889,6.66667,-6.22222,12.4444,-6.22222,12.8889,0.392385,-2.0793,window
150,152,9,0.0,0.0,0.111111,0.0296296,2.05556,3.57407,1.37037,1.0,2.33333,0.777778,-1.11111,2.88889,-1.77778,2.33333,0.537037,-2.00735,window
59,116,9,0.0,0.0,3.0,2.81267,0.777778,0.45542,21.963,17.8889,29.5556,18.4444,-12.2222,22.7778,-10.5556,29.5556,0.395663,-2.14478,window
238,61,9,0.0,0.0,0.666667,0.471405,0.722222,0.490653,8.77778,5.88889,14.3333,6.11111,-8.66667,16.6667,-8.0,14.3333,0.588823,-2.12184,window
249,154,9,0.0,0.111111,4.22222,18.163,1.72222,3.17407,4.2963,2.55556,7.66667,2.66667,-5.22222,10.1111,-4.88889,7.66667,0.815344,-2.09581,window
172,140,9,0.0,0.0,3.0,0.421636,0.666667,0.421637,3.22222,2.66667,5.0,2.0,-1.66667,5.33333,-3.66667,5.0,0.656085,-1.85316,window
68,135,9,0.0,0.0,0.833333,0.477778,0.333333,0.266667,6.22222,4.0,10.4444,4.22222,-6.66667,12.6667,-6.0,10.4444,0.617593,-2.12552,window
152,152,9,0.0,0.0,0.166667,0.0333333,2.11111,4.34074,1.40741,1.0,2.44444,0.777778,-1.22222,3.11111,-1.88889,2.44444,0.439153,-2.00027,window
250,131,9,0.0,0.0,0.0,0.0,0.0,0.0,0.0,0.0,0.0,0.0,0.0,0.0,0.0,0.0,0.0,0.0,window
231,91,9,0.0,0.0,0.5,0.278887,0.555555,0.172133,6.0,4.55556,9.77778,3.66667,-4.33333,11.3333,-7.0,9.77778,0.620651,-1.93491,window
242,65,9,0.0,0.0,0.555555,0.272166,1.0,0.421637,8.92593,6.11111,14.3333,6.33333,-8.44444,16.2222,-7.77778,14.3333,0.583461,-2.12188,window
201,133,9,0.0,0.0,0.611111,0.240741,0.222222,0.0740741,0.740741,0.333333,1.77778,0.111111,-1.22222,3.11111,-1.88889,1.77778,0.962963,-1.99906,window
117,137,9,0.0,0.0,0.222222,0.0740741,0.666667,0.177778,3.11111,1.55556,6.33333,1.44444,-4.66667,9.66667,-5.0,6.33333,0.772487,-2.07507,window
169,137,9,0.0,0.0,1.5,0.477777,8.44444,50.0741,25.3333,18.6667,36.5556,20.7778,-20.0,33.6667,-13.6667,36.5556,0.502569,-2.21303,window
45,111,9,0.0,0.0,0.5,0.349603,1.0,0.78881,16.1111,12.2222,23.7778,12.3333,-11.6667,23.0,-11.3333,23.7778,0.489897,-2.10067,window
39,137,9,0.0,0.0,0.222222,0.0296296,0.277778,0.107407,1.37037,0.0,4.11111,0.0,-4.11111,8.22222,-4.11111,4.11111,1.0,-2.0944,window
242,57,9,0.0,0.111111,2.44444,2.35388,9.27778,2.76017,15.3704,11.3333,20.8889,13.8889,-12.1111,16.5556,-4.44444,20.8889,0.466308,-2.37061,window
131,144,9,0.0,0.0,0.0,0.0,0.0,0.0,0.0,0.0,0.0,0.0,0.0,0.0,0.0,0.0,0.0,0.0,window
220,149,9,0.0,0.0,0.111111,0.172133,0.111111,0.172133,0.037037,0.0,0.111111,0.0,-0.111111,0.222222,-0.111111,0.111111,0.111111,-2.0944,window
41,139,9,0.0,0.0,0.0555556,0.0185185,0.111111,0.0296296,1.2963,0.0,3.88889,0.0,-3.88889,7.77778,-3.88889,3.88889,1.0,-2.0944,window
142,111,9,0.0,0.0,1.11111,0.45542,0.555555,0.344265,28.7407,24.5556,35.8889,25.7778,-12.5556,21.4444,-8.88889,35.8889,0.315484,-2.20267,window
96,141,9,0.0,0.0,1.55556,0.740741,0.444444,0.118518,4.96296,3.11111,8.77778,3.0,-5.55556,11.4444,-5.88889,8.77778,0.66524,-2.07507,window
79,154,9,0.0,0.0,1.11111,1.58518,0.166667,0.0777778,0.740741,0.444444,1.55556,0.222222,-0.888889,2.44444,-1.55556,1.55556,0.288889,-1.91964,window
139,113,9,0.0,0.0,0.944444,0.975629,0.666667,0.421636,29.3333,24.8889,37.0,26.1111,-13.3333,23.0,-9.66667,37.0,0.327385,-2.19983,window
38,134,9,0.0,0.0,0.166667,0.182574,0.333333,0.210819,1.03704,0.0,3.11111,0.0,-3.11111,6.22222,-3.11111,3.11111,1.0,-2.0944,window
66,155,9,0.0,0.0,3.72222,21.7963,7.72222,71.5741,8.25926,5.88889,12.6667,6.22222,-7.11111,13.2222,-6.11111,12.6667,0.300624,-2.14762,window
186,89,9,0.0,0.0,0.611111,0.196296,1.05556,0.285185,22.6667,16.4444,33.5556,18.0,-18.6667,32.6667,-14.0,33.5556,0.509462,-2.18815,window
90,134,9,0.0,0.0,0.555556,0.340741,1.05556,0.374074,2.66667,1.0,6.11111,0.888889,-5.0,10.3333,-5.33333,6.11111,0.876102,-2.07124,window
35,112,9,0.111111,0.0,0.888889,0.296297,0.555556,0.162963,16.1852,12.1111,23.8889,12.5556,-12.2222,23.1111,-10.8889,23.8889,0.492526,-2.13331,window
248,153,9,0.0,0.0,0.277778,0.062963,0.111111,0.0296296,0.37037,0.0,1.11111,0.0,-1.11111,2.22222,-1.11111,1.11111,0.888889,-2.0944,window
90,134,9,0.0,0.0,0.388889,0.0185185,0.944444,0.151852,2.11111,1.0,4.66667,0.666667,-3.33333,7.66667,-4.33333,4.66667,0.881481,-2.01314,window
243,94,9,0.0,0.0,0.666667,0.311111,0.222222,0.0296296,1.18519,0.222222,3.22222,0.111111,-2.88889,6.11111,-3.22222,3.22222,0.977778,-2.07124,window
235,88,9,0.0,0.0,0.333334,0.0444445,0.444445,0.074074,12.2593,7.55556,21.1111,8.11111,-14.1111,26.5556,-12.4444,21.1111,0.641775,-2.13668,window
157,85,9,0.0,0.0,1.22222,1.24127,0.222222,0.172133,18.9259,14.5556,26.8889,15.3333,-13.1111,23.8889,-10.7778,26.8889,0.459024,-2.16091,window
6,95,9,0.0,0.0,0.777778,0.607408,0.388889,0.062963,20.1852,15.5556,28.7778,16.2222,-13.8889,25.7778,-11.8889,28.7778,0.459469,-2.14619,window
226,144,9,0.0,0.0,0.0,0.0,0.0,0.0,0.0,0.0,0.0,0.0,0.0,0.0,0.0,0.0,0.0,0.0,window
211,130,9,0.0,0.0,0.0,0.0,0.0,0.0,0.0,0.0,0.0,0.0,0.0,0.0,0.0,0.0,0.0,0.0,window
161,135,9,0.0,0.0,0.0555556,0.136083,0.111111,0.172133,1.25926,0.777778,3.0,0.0,-1.44444,5.22222,-3.77778,3.0,1.0,-1.82221,window
244,105,9,0.0,0.0,5.94444,4.92349,1.5,0.809664,22.7037,19.1111,29.5556,19.4444,-10.7778,20.5556,-9.77778,29.5556,0.364499,-2.12555,window
43,152,9,0.0,0.0,1.94444,1.70741,1.22222,0.82963,1.51852,1.0,2.88889,0.666667,-1.55556,4.11111,-2.55556,2.88889,0.648677,-1.93324,window
205,82,9,0.0,0.0,1.22222,1.14827,2.5,2.16795,15.2222,11.8889,21.6667,12.1111,-10.0,19.3333,-9.33333,21.6667,0.458152,-2.10272,window
97,90,9,0.0,0.0,1.88889,2.56296,3.61111,8.50741,20.1481,15.6667,29.0,15.7778,-13.4444,26.5556,-13.1111,29.0,0.465278,-2.10152,window
231,30,9,0.0,0.111111,0.722222,0.712325,3.0,2.79682,7.03704,4.77778,11.6667,4.66667,-6.77778,13.8889,-7.11111,11.6667,0.613718,-2.04728,window
161,154,9,0.0,0.0,0.0,0.0,0.0,0.0,0.0,0.0,0.0,0.0,0.0,0.0,0.0,0.0,0.0,0.0,window
46,131,9,0.0,0.0,0.277778,0.062963,1.77778,1.85185,1.40741,0.777778,2.77778,0.666667,-1.88889,4.11111,-2.22222,2.77778,0.77037,-2.05134,window
170,62,9,0.0,0.0,0.0,0.0,0.0,0.0,0.0,0.0,0.0,0.0,0.0,0.0,0.0,0.0,0.0,0.0,window
206,64,9,0.0,0.0,0.0555555,0.136083,0.277778,0.136083,5.7037,3.66667,10.3333,3.11111,-6.11111,13.8889,-7.77778,10.3333,0.69798,-2.01543,window
208,34,9,0.0,0.0,1.72222,1.73098,0.444445,0.501848,14.4444,10.7778,21.0,11.5556,-11.0,19.6667,-8.66667,21.0,0.479958,-2.16238,window
199,116,9,0.0,0.0,0.555555,0.296296,0.444444,0.0296296,1.96296,0.666667,4.88889,0.333333,-3.88889,8.77778,-4.88889,4.88889,0.940741,-2.01892,window
123,94,9,0.0,0.0,0.500001,0.077778,0.833333,0.0333333,21.4444,16.8889,30.4444,17.0,-13.6667,27.0,-13.3333,30.4444,0.452182,-2.10097,window
225,58,9,0.0,0.0,0.333334,0.421637,0.444445,0.344265,8.33333,5.55556,14.1111,5.33333,-8.33333,17.3333,-9.0,14.1111,0.622222,-2.06856,window
14,135,9,0.0,0.0,0.277778,0.062963,0.277778,0.0629629,2.88889,1.66667,6.0,1.0,-3.66667,9.33333,-5.66667,6.0,0.832275,-1.95855,window
163,152,9,0.0,0.0,0.0,0.0,0.0,0.0,0.0,0.0,0.0,0.0,0.0,0.0,0.0,0.0,0.0,0.0,window
243,94,9,0.0,0.0,0.666667,0.311111,0.222222,0.0296296,1.18519,0.222222,3.22222,0.111111,-2.88889,6.11111,-3.22222,3.22222,0.977778,-2.07124,window
211,107,9,0.111111,0.0,2.55556,2.25185,2.05556,2.81852,16.7407,11.7778,25.7778,12.6667,-14.8889,27.1111,-12.2222,25.7778,0.547173,-2.15946,window
189,141,9,0.0,0.0,0.0,0.0,0.0,0.0,0.0,0.0,0.0,0.0,0.0,0.0,0.0,0.0,0.0,0.0,window
226,131,9,0.0,0.0,0.0,0.0,0.0,0.0,0.0,0.0,0.0,0.0,0.0,0.0,0.0,0.0,0.0,0.0,window
129,136,9,0.0,0.0,2.0,1.55556,0.833333,0.122222,6.18518,3.66667,10.6667,4.22222,-7.55556,13.4444,-5.88889,10.6667,0.657744,-2.1753,window
142,111,9,0.0,0.0,1.11111,0.45542,0.555555,0.344265,28.7407,24.5556,35.8889,25.7778,-12.5556,21.4444,-8.88889,35.8889,0.315484,-2.20267,window
170,143,9,0.0,0.0,0.0,0.0,0.0,0.0,0.0,0.0,0.0,0.0,0.0,0.0,0.0,0.0,0.0,0.0,window
177,130,9,0.0,0.0,0.0555556,0.136083,0.222222,0.272166,1.18519,0.666667,2.88889,0.0,-1.55556,5.11111,-3.55556,2.88889,1.0,-1.86115,window
96,94,9,0.0,0.0,0.722223,0.285185,0.444445,0.42963,20.2222,16.0,28.7778,15.8889,-12.6667,25.6667,-13.0,28.7778,0.451546,-2.08489,window
57,89,9,0.0,0.0,1.72222,1.30668,6.16667,4.70343,17.0,13.0,24.5556,13.4444,-12.0,22.6667,-10.6667,24.5556,0.477489,-2.12975,window
218,64,9,0.0,0.0,1.5,1.13039,1.83333,1.96356,8.0,6.11111,12.5556,5.33333,-5.66667,13.6667,-8.0,12.5556,0.579142,-1.96525,window
210,153,9,0.0,0.0,0.0,0.0,0.0,0.0,0.0,0.0,0.0,0.0,0.0,0.0,0.0,0.0,0.0,0.0,window
218,147,9,0.0,0.0,0.0,0.0,0.0,0.0,0.0,0.0,0.0,0.0,0.0,0.0,0.0,0.0,0.0,0.0,window
189,144,9,0.0,0.0,0.0,0.0,0.0,0.0,0.0,0.0,0.0,0.0,0.0,0.0,0.0,0.0,0.0,0.0,window
