col_1,col_2,col_3,col_4,col_5,col_6,col_7,col_8,col_9,col_10,col_11,col_12,col_13,col_14,col_15,col_16,col_17,col_18,col_19,col_20,col_21,col_22,col_23,col_24,col_25,col_26,col_27,col_28,col_29,col_30,col_31,col_32,col_33,col_34,col_35,col_36,col_37,col_38,col_39,col_40,col_41,col_42,col_43,col_44,col_45,col_46,col_47,col_48,col_49,col_50,col_51,col_52,col_53,col_54,col_55,col_56,col_57,col_58,col_59,col_60,class
29.0875,32.8862,46.6395,39.3954,45.5096,40.0179,30.7446,23.2357,14.4476,22.6805,19.8003,23.7057,35.0993,43.2125,42.9126,45.1533,42.3772,30.0492,25.5925,19.6269,21.9391,20.6705,26.3571,37.0265,37.4641,45.6748,47.0213,39.5001,29.419,23.6609,20.1667,17.3178,14.0001,22.6078,25.5213,33.0804,40.5433,48.4447,41.3228,34.9232,28.8677,19.2215,22.2638,12.4436,27.5786,27.6151,38.4579,44.6021,49.0474,38.6107,39.2059,27.906,27.8161,22.8421,20.0701,22.1681,25.3195,34.2882,45.1036,42.5741,Cyclic
27.2381,33.0688,35.5037,47.9814,35.8772,34.3964,31.5676,29.2289,22.2233,13.3213,13.4067,19.5147,25.5158,32.8675,40.8028,47.3925,45.3858,41.6648,34.6966,22.8944,28.2007,18.3056,15.7062,15.832,26.227,35.2259,32.992,36.7741,36.5804,37.9341,38.9267,24.9742,18.6681,15.9754,16.1688,24.0822,19.2296,31.8168,28.769,34.6447,43.9554,40.8663,42.2959,37.2861,28.6749,24.6312,15.4931,13.3221,21.9283,23.4931,30.568,38.5444,43.6723,41.7671,40.4899,36.5012,24.7778,25.9279,20.162,18.7329,Cyclic
32.716,34.4624,39.9308,41.2031,36.7692,34.8305,26.4752,18.6752,16.8035,15.0381,13.8694,28.4405,38.3421,45.2852,45.0892,45.1278,45.0149,36.9788,28.1217,19.8534,12.8856,19.289,24.9619,26.4264,30.4139,39.9704,45.2465,43.227,39.4389,32.4509,24.4247,19.2532,19.4648,14.4983,27.1488,30.6762,33.0809,44.4197,44.9099,45.175,35.9552,26.4771,17.2278,14.9977,14.7964,22.3719,31.3013,37.8703,44.5885,42.828,38.9108,37.242,25.7467,22.6635,24.2303,20.8374,17.104,20.6524,24.1314,31.488,Cyclic
35.2035,37.3285,38.2443,42.1728,33.8241,31.908,25.1495,14.6118,17.7035,21.8239,26.6091,31.1333,36.8255,43.551,39.8234,35.593,26.3809,21.0756,15.3222,20.0376,25.1575,33.7307,40.9874,37.022,38.0681,42.7154,28.3405,20.6781,22.7555,20.4602,14.7227,29.8481,36.8477,37.4034,46.4199,41.7533,30.6525,25.6968,17.4739,21.7989,22.8206,19.4374,25.4278,32.0002,36.4538,36.355,40.7067,28.2642,21.7133,24.8581,15.254,21.7874,31.329,35.5845,42.6682,38.3417,35.3498,28.7492,24.6032,15.9912,Cyclic
34.866,37.2033,37.6021,37.1155,38.9525,26.3406,26.2779,17.4786,22.8414,18.2825,24.384,32.1421,39.3936,39.6524,44.6648,37.2981,27.3327,18.2058,12.9646,21.8875,26.0695,32.6881,38.7865,46.1023,39.0817,32.1304,34.5745,16.8289,17.7765,19.4344,23.4832,33.7653,38.9598,36.9246,36.9039,32.7045,27.7873,21.3409,23.3078,16.878,26.3753,33.357,35.6636,39.8499,46.918,38.2275,37.7751,27.8586,18.6142,18.4058,21.5551,20.3103,27.1387,35.6624,42.5884,38.8837,40.4569,27.9889,26.381,17.2159,Cyclic
27.6388,41.6688,40.9344,36.8213,39.6225,33.2428,31.9644,26.2984,14.9493,16.5426,22.4119,22.6485,35.0749,32.0629,42.1071,46.5702,45.0406,31.273,26.8028,22.5754,16.326,17.9722,15.7631,27.1493,26.7165,38.901,44.9105,47.4412,37.7306,36.4598,33.008,29.3038,24.6391,18.3406,20.1702,16.4429,31.9993,36.6776,39.7713,43.6607,36.3792,37.0118,31.3474,21.299,21.1175,13.9727,16.0292,26.9176,27.0947,39.4409,42.5749,36.1273,43.0568,42.4995,35.986,25.9462,20.7706,23.2863,16.4481,24.7488,Cyclic
26.059,33.4436,38.8249,41.7848,42.5722,34.0582,30.3299,26.945,21.1241,14.6946,19.1064,16.5727,16.3218,27.062,33.3793,37.0183,42.1883,40.2596,38.4041,39.3723,31.278,23.9,20.579,10.6051,14.7531,19.2064,24.1793,31.9541,36.2601,39.3654,42.3175,37.1907,41.4338,34.219,21.4009,22.1022,22.1928,18.823,15.4352,19.2243,32.4192,42.8326,46.3957,48.1395,43.4007,40.1506,29.0284,21.1716,21.3189,11.9235,13.5061,15.7231,17.09,30.7336,34.3057,39.4032,38.3136,39.0705,42.5527,34.4024,Cyclic
29.7213,42.3627,36.3361,44.5727,34.6856,27.065,26.059,15.9149,22.3648,18.157,24.339,31.0608,34.792,39.9518,43.4183,39.8327,34.7446,27.605,19.3989,11.5428,19.5986,24.5474,32.6573,35.1199,37.6852,40.6482,41.2162,24.9769,24.8217,16.3684,19.8944,18.5372,32.067,32.8928,47.7122,47.8011,34.7605,29.6624,26.2625,17.0298,13.2058,13.035,28.2252,33.3776,35.0886,45.3628,44.5357,33.1756,32.4687,25.7023,17.382,12.8802,21.2238,28.3215,35.0303,45.8045,47.9082,44.7344,35.7092,23.9391,Cyclic
30.7425,37.9754,43.1891,42.739,39.3712,44.1962,37.6507,28.8875,18.4354,20.9146,13.3554,11.5834,18.0495,28.5362,31.8329,34.7209,42.0029,49.4517,45.422,42.4498,36.5443,26.7467,27.3971,19.4725,13.1377,21.002,17.6963,21.995,31.4431,35.5,38.2189,46.1688,41.2444,37.8473,39.7422,36.6668,19.9717,24.1381,15.0715,13.0632,12.4505,26.7096,26.7751,36.473,37.2131,43.4866,46.5014,47.9382,34.9641,30.769,20.4861,21.7675,16.6897,20.8294,17.9138,26.8031,26.095,30.9324,40.206,48.5869,Cyclic
35.7709,34.396,35.2249,46.2393,44.4036,41.0473,37.5561,26.6758,25.0044,17.2235,21.7889,23.8187,28.0992,29.2357,32.1344,43.1505,44.4259,38.6312,32.2653,34.8402,25.9655,23.7696,18.9009,12.8192,20.8196,29.5038,35.8682,39.2315,46.9979,44.0014,37.8552,41.0403,29.2411,25.4182,19.957,11.8583,22.3583,21.6046,31.2824,34.6503,44.6238,38.333,47.4585,40.0818,29.08,27.5489,17.7724,16.1624,22.6897,22.0356,23.0995,24.5427,39.3011,42.2501,36.4959,46.0779,41.5371,32.4859,30.7772,24.5854,Cyclic
31.1421,32.324,37.5355,43.4115,42.5755,38.6982,34.8363,27.2288,18.4128,14.0898,20.7811,22.3786,22.7188,21.7725,32.3935,37.9021,43.4003,43.8388,39.0265,39.9676,34.1245,26.6117,23.7401,20.7135,19.4116,15.1044,26.2716,32.786,35.771,39.324,38.8783,41.5105,32.8248,29.6894,30.6898,16.3157,22.2143,17.4271,24.307,20.8704,27.7921,30.6916,42.9717,45.0107,44.7348,35.1978,36.2263,33.5025,21.2598,25.6927,14.2865,18.9865,21.5345,22.3358,37.3268,38.1527,45.8281,37.3389,44.6804,42.1113,Cyclic
32.7824,35.4013,43.1513,41.1918,33.3502,32.3278,30.7077,20.9117,17.5616,13.7516,16.5663,28.2534,33.5483,39.0958,42.7483,35.1686,36.4193,34.1711,32.6901,24.7323,21.6053,22.7476,22.446,19.9948,32.1531,33.7879,40.9765,42.0481,34.933,30.3235,28.9688,19.613,16.6861,14.4412,17.6487,22.8212,24.6169,36.6319,36.9189,39.286,34.0266,30.4264,29.79,19.7448,23.9866,16.7953,22.7954,28.3563,26.0288,38.497,39.7943,35.695,36.2334,30.2115,31.9464,28.6318,21.2604,17.4355,17.5393,23.3659,Cyclic
26.2753,32.992,42.9596,44.7994,35.8042,38.0698,37.8979,22.6653,18.6551,19.9587,13.7404,16.774,26.7887,30.7915,37.7107,38.2388,45.675,35.5137,33.3507,35.6635,23.1249,23.9289,23.0953,14.1643,23.7111,23.8931,35.7854,44.1221,44.6031,37.6833,34.7215,31.1475,34.0017,27.4072,17.3013,19.2803,16.9973,26.4973,26.5086,36.8745,41.7641,36.2323,38.622,33.6377,29.55,22.1039,23.9627,14.9599,23.1248,19.4595,25.1915,26.9136,31.1622,45.0925,47.4567,39.6012,33.75,26.4614,27.3192,25.5401,Cyclic
30.6452,33.5252,47.7151,41.2529,39.2562,38.762,38.4,24.4824,19.1655,20.1992,13.2109,12.8291,18.7599,25.6468,38.5677,36.1103,48.6031,48.2751,45.7563,32.5005,29.7102,22.3788,25.1075,10.5893,10.8242,15.1053,21.3766,29.6578,33.7933,47.2711,43.4118,49.0611,45.2724,34.169,31.5485,23.9859,17.2146,17.5982,20.4758,24.7824,28.2999,31.1446,39.9752,49.6628,40.3528,42.8835,33.5415,37.2749,26.5876,16.4501,20.2041,19.2114,12.4077,23.5028,36.1555,40.7686,43.7731,38.7943,45.2266,42.783,Cyclic
27.648,33.5861,42.7934,46.4275,41.1317,33.9477,29.1796,25.3117,19.6424,11.4724,21.7208,22.1861,27.5997,34.3349,37.9275,40.2055,42.1164,40.0931,24.3769,19.7755,12.5162,13.3379,20.628,26.4421,36.3659,39.8148,42.8554,48.3719,36.8583,36.7131,27.5907,17.5332,16.3427,21.4677,13.7189,29.7273,31.8794,36.2559,43.951,41.9473,39.0828,39.8352,29.7303,19.1593,19.269,11.5792,18.7224,29.8883,29.9162,38.6006,44.2021,42.9841,39.9989,30.0995,27.5627,19.7863,13.4556,20.3962,24.237,23.5146,Cyclic
31.5555,33.8108,47.7598,40.4056,34.2128,26.8555,30.1153,13.082,19.8027,19.3834,26.7693,31.8521,40.1876,39.8323,43.9535,37.7174,24.2572,23.6006,13.4661,16.1605,16.1841,32.2748,40.7452,41.001,42.0267,47.4836,31.6293,31.7157,19.3745,11.8441,12.0783,25.5561,35.7218,43.9844,48.6975,38.1681,35.859,34.6789,30.3785,23.1508,14.7885,20.0223,27.5827,38.2921,35.1351,43.0436,45.1359,31.75,29.2927,16.4292,21.88,13.8714,22.6016,26.2231,37.3841,45.987,43.623,43.531,35.1972,23.164,Cyclic
30.4263,31.6327,46.6698,48.9582,40.0309,33.1004,36.0582,23.3431,18.2161,13.2019,17.1544,23.664,30.175,37.0568,45.0795,47.1703,40.0633,33.7069,31.2085,27.8554,18.8463,14.7332,20.996,25.3971,28.9077,31.2821,38.6375,43.3876,39.8404,44.3824,35.9683,23.4232,23.3557,13.5064,11.9169,25.3355,30.6258,29.6697,37.7853,47.4906,48.6625,34.7035,34.7343,22.2885,20.2692,22.1443,11.3342,16.0277,25.7879,30.392,37.3136,41.2004,48.7232,41.375,33.6045,24.3277,21.3865,12.8611,13.441,23.6507,Cyclic
24.1847,34.7777,34.6964,47.8299,46.5885,46.6013,32.8805,31.1499,23.6288,26.0118,12.7073,17.3334,23.9686,24.4537,30.9613,36.8414,35.765,43.2106,43.0446,43.6868,36.2016,41.0922,29.1629,21.0833,24.4921,16.6965,14.6607,23.3559,19.2725,30.5418,38.0932,40.0787,44.2849,40.4234,37.2995,41.6467,36.8056,22.9298,19.2132,22.0484,21.3324,22.2866,22.6476,22.2954,30.4205,31.3322,35.0983,46.2959,43.6555,35.5152,37.0053,32.0781,25.8186,21.2632,14.8307,11.5735,12.7388,21.701,27.3388,36.7612,Cyclic
28.5487,38.744,41.5082,37.8523,40.991,40.9896,40.6828,37.1377,30.4491,26.8964,15.8185,16.1749,19.811,17.9418,31.5212,25.9806,34.4269,41.4225,35.2909,42.9488,34.1235,37.9459,33.6538,24.4063,27.8152,18.6115,23.3455,16.5313,19.3346,30.7055,26.231,30.7317,36.0663,46.0435,35.8849,32.1875,39.7325,24.5143,28.4302,28.1053,17.0588,21.5861,26.6075,21.9976,22.7838,35.1121,36.0863,40.2796,45.1335,37.2871,43.0745,32.8185,33.2167,23.3482,19.4809,17.3597,22.8378,23.1099,19.1903,27.7754,Cyclic
24.0823,39.542,44.7246,46.4448,44.1481,37.6568,27.1227,25.928,20.0148,15.0963,19.9849,26.8917,28.609,32.2573,36.2212,38.5804,37.718,29.1157,25.728,21.2087,14.0566,16.2058,22.0113,26.2517,30.0016,37.2407,45.0267,42.8906,32.2107,26.5808,24.5923,20.3293,14.7924,24.1676,21.5377,26.5376,36.7649,44.3524,35.8989,42.4474,31.4146,22.3716,19.3152,18.3085,14.8759,26.1938,22.6466,38.906,33.7466,36.3569,36.8069,42.2168,37.1631,28.3435,26.3122,22.2013,23.8705,27.9548,30.8444,31.9461,Cyclic
34.7518,37.8581,33.9115,39.0104,40.3342,35.3339,32.8157,29.2201,22.5748,15.4523,14.7442,23.852,32.8415,37.8022,44.5937,43.9901,41.1524,33.9709,29.8271,30.4667,21.9371,20.3822,18.888,19.9011,31.5657,36.6357,38.4958,44.0208,39.2993,40.6416,26.9174,29.916,22.7786,22.6408,20.3626,25.0666,33.2931,39.6588,40.725,39.3124,42.2019,38.9795,37.3862,28.8823,23.848,23.9066,14.338,23.1383,28.3407,28.2566,39.5542,45.1578,45.5955,31.2422,31.913,20.5122,23.3023,18.7024,20.177,25.4505,Cyclic
35.3886,31.1781,40.0412,43.0335,49.524,40.9418,42.369,30.1531,26.2527,23.1775,19.8854,19.6929,21.8371,26.858,23.5333,29.7983,43.4008,43.3492,48.2375,43.868,44.0174,28.0555,25.2838,22.7374,13.7026,14.0234,22.1151,23.7195,25.4777,37.8699,37.8675,46.9544,43.1349,41.2859,37.2685,29.3465,24.3118,21.7426,19.1515,21.6677,10.8815,16.147,30.0197,28.4724,38.7162,44.6195,47.8467,48.8456,39.3609,38.4488,33.1053,19.9349,14.9612,12.1486,12.6295,13.4592,18.9672,35.4734,30.1459,45.5273,Cyclic
29.7191,30.7809,40.2461,40.8522,38.4162,38.2877,29.6741,25.9852,14.3845,21.9506,15.3331,20.7709,18.7554,34.1252,31.5834,46.5455,49.2307,43.8259,32.1281,26.4022,27.4004,24.5293,12.1374,15.5811,16.099,29.3377,36.7325,39.3069,47.8725,46.4693,45.2809,35.0506,31.9822,24.3381,22.809,16.0267,11.6986,15.0845,29.6455,27.8207,42.5484,40.1427,49.7552,41.3569,30.9477,30.6163,18.8822,21.9439,12.9733,18.6547,24.8714,24.3326,30.0769,35.7262,45.0236,39.7163,36.6515,36.7801,28.0335,27.4249,Cyclic
29.754,36.7461,34.6286,40.5504,39.2134,35.2695,33.2825,22.047,22.3463,19.5624,21.2992,22.7115,34.0128,32.7474,33.3342,42.1226,36.1492,41.6544,30.8434,26.7906,20.8851,23.7475,20.409,26.7196,22.4263,34.522,40.72,41.4645,37.212,38.1099,38.7157,22.8614,21.2261,17.9143,16.2007,20.4512,22.1374,25.989,35.9593,38.0723,46.6801,45.6258,30.5352,33.1574,20.3447,24.133,17.4168,23.5009,23.6633,26.5852,30.5295,35.4169,43.1147,35.3654,41.1558,29.3852,24.103,26.6137,23.4871,18.7953,Cyclic
35.9258,34.3601,36.8129,41.6699,33.0051,32.8896,20.6579,14.713,15.4679,19.4486,20.8808,36.15,44.262,45.4064,44.5532,29.7262,33.4035,19.4187,19.8111,18.7687,23.8189,35.1031,35.8554,39.7761,38.9337,32.6482,36.6745,23.9739,19.1861,18.8524,21.8593,23.0264,28.5491,44.0749,42.8595,45.1513,40.6436,34.3019,17.9363,22.1737,18.4738,26.0639,34.8423,30.3571,40.7255,35.3295,42.4148,26.8759,19.7363,16.5024,19.6711,23.608,29.2072,35.9468,34.5492,43.5977,43.6723,40.8966,26.1019,21.0406,Cyclic
24.3533,32.4537,30.1623,25.9671,28.9761,22.368,31.4001,24.988,31.0431,27.8945,31.5241,30.4338,29.0218,23.064,25.6775,22.4059,23.5777,20.5268,22.2127,23.4436,26.9127,14.9626,21.4433,25.3975,18.9186,13.8473,21.1135,16.637,23.4948,20.578,20.3911,13.6966,15.1108,9.44602,12.2236,19.525,9.46248,10.1514,8.05892,17.0121,12.1974,16.452,12.5749,16.2184,11.095,5.10706,4.45192,11.2855,10.5764,8.33704,9.29436,9.84957,5.12968,8.53378,7.8735,2.97256,10.8578,7.57085,6.46623,2.31222,Decreasing_trend
32.4196,30.0036,26.494,27.6558,22.4996,25.7333,21.9773,25.1915,24.1323,25.9592,25.2632,24.5643,26.1198,27.4542,18.1205,25.8324,17.7175,27.9805,20.427,20.1064,23.7642,24.6833,24.3027,14.1825,20.261,22.1873,19.4518,22.1978,21.0627,20.6954,18.3392,21.6867,18.6978,20.5599,19.9121,9.77234,9.81596,13.6251,13.0158,12.4766,16.8982,9.84385,6.3405,14.4266,11.8497,9.30006,5.56316,10.8903,14.0913,4.24314,8.74702,5.02664,4.04425,5.49359,0.826886,7.88918,8.8615,9.36671,6.21406,8.46026,Decreasing_trend
33.9476,28.6465,28.6307,24.1025,28.6238,27.0976,29.6932,22.4303,23.5246,32.1073,25.8565,26.0993,21.8227,30.7098,24.249,30.8167,27.2363,21.1805,19.8013,28.3645,20.3812,19.303,26.0885,17.8592,22.7642,18.3083,28.5453,21.2634,27.681,23.2024,27.3876,22.306,16.4992,21.4736,18.7011,18.7056,20.0893,22.9158,20.8645,22.6173,22.719,18.5386,18.8342,18.7083,17.1377,15.3623,17.6883,15.6039,20.2019,21.1325,17.7934,19.6144,20.8373,15.4242,18.7589,18.355,18.6462,9.79881,8.94064,19.7619,Decreasing_trend
30.585,27.6158,28.1859,32.484,23.2883,23.5485,33.9241,26.1884,26.0472,29.0487,22.9901,25.1679,28.751,29.8951,21.2976,19.9875,29.2758,21.4671,21.5377,29.8969,20.0068,26.6136,21.328,25.9993,21.2965,20.8538,26.5022,19.1425,17.8325,16.4739,22.9331,25.6265,20.9094,21.6187,22.5508,14.8835,16.3136,17.6413,18.4802,21.507,20.812,19.7712,15.1227,20.405,18.9917,15.4031,16.2438,12.1789,15.4715,13.531,16.5611,13.7645,10.3319,11.6633,12.2492,16.3824,12.453,17.4767,15.7032,14.9594,Decreasing_trend
32.7365,34.6519,33.9412,28.3763,31.9747,22.7053,24.9317,23.7198,30.3256,25.7845,27.3811,27.5357,19.4807,18.6926,20.5734,23.8835,22.8247,22.6344,21.7956,25.0422,21.6707,21.1716,15.0793,16.0579,14.8218,17.689,20.97,17.6723,11.7872,15.1355,14.4091,15.3131,18.6867,17.6959,17.4916,13.2318,9.70352,15.6554,14.0072,9.60566,15.3195,4.98005,12.5403,7.28974,7.32567,2.87491,1.29287,12.4691,0.641311,2.54455,1.08002,3.53005,3.80137,8.91888,7.78926,2.8971,-2.51614,2.29438,6.69141,5.52763,Decreasing_trend
35.0122,34.2871,26.4959,28.2444,27.2509,32.2709,28.2636,29.2112,30.84,27.9931,21.547,29.6183,28.7845,29.9032,18.347,19.7929,25.2672,21.7475,24.3986,21.3586,25.4363,24.7024,16.7196,23.7391,16.8183,22.2819,19.9793,21.2768,21.9152,20.6392,17.3451,17.469,20.816,17.5159,15.0572,13.2495,17.9427,8.0665,8.41074,14.2791,15.6581,17.4044,11.9675,14.0101,12.4367,11.3352,9.98182,11.5551,4.90826,12.0552,1.88855,9.08363,3.1833,5.54762,10.8725,-0.341912,2.67715,3.55312,1.74031,-1.47968,Decreasing_trend
30.8314,31.9645,31.0937,29.7727,31.5375,23.6594,31.4132,27.3876,27.8315,28.4347,32.4413,25.239,22.7223,20.3257,24.5093,20.2113,19.6383,24.8458,22.2237,25.9531,27.8416,26.0366,19.9267,21.4899,25.5593,24.4278,23.8868,18.595,24.1054,20.6542,18.7137,25.6805,21.2829,18.3744,20.2776,16.88,23.4373,13.7654,12.4613,21.0189,20.7144,17.0994,16.3009,17.9834,10.6646,13.5196,16.6281,9.87368,14.9148,16.8165,18.8493,14.6247,15.5761,15.0189,9.10473,12.5525,8.81479,9.74044,6.20328,14.6646,Decreasing_trend
29.8248,29.4065,30.905,25.5251,33.8473,28.7473,32.4017,21.9076,24.1203,21.5152,28.9913,21.5275,30.4824,22.8566,28.262,29.0543,22.8082,21.0832,16.4936,21.422,16.2944,18.2971,18.7847,15.6338,13.9449,17.9243,17.6249,19.7382,22.7834,19.6983,17.579,14.7572,13.3087,16.4542,20.3129,13.0686,10.5817,17.1728,17.1261,16.1239,5.97417,6.40702,15.9175,13.2782,10.3235,8.92536,5.18586,13.0707,9.72118,13.2721,4.3559,8.06765,12.3258,7.31648,6.76921,9.01282,7.58203,-0.182931,0.727669,1.25526,Decreasing_trend
29.6948,27.9318,26.9575,26.1917,27.9088,28.4783,26.8705,32.8826,23.98,26.4234,27.4549,29.2516,32.7012,26.7037,28.4083,26.8336,29.6949,29.6471,24.5459,23.7024,31.0647,22.1548,27.7423,24.3822,29.1417,27.5692,21.1145,22.3714,28.3728,23.5765,20.3049,22.3579,22.2914,24.8354,25.6458,28.8045,23.2488,19.3518,28.0225,17.8259,21.9438,19.194,20.6867,23.5869,24.5357,22.859,23.4042,19.2278,20.3055,17.5259,23.0569,24.3678,15.6188,23.0707,17.5799,22.927,23.257,17.2779,19.2189,15.026,Decreasing_trend
27.7578,33.8585,29.8791,25.174,32.2736,32.3538,25.1131,26.7547,22.7785,27.211,24.2513,24.4931,28.6476,26.5064,21.3078,23.732,29.5826,25.7328,27.46,28.0561,17.7958,21.3032,20.0078,19.4361,22.9873,27.3676,25.7905,16.3252,23.785,24.1219,25.072,20.5722,24.2868,24.4966,17.7039,18.9709,14.8075,18.94,21.8191,18.7764,23.2728,21.2833,21.9683,18.2793,12.4645,11.5044,9.97505,12.097,10.0542,10.4058,15.0961,16.5089,10.0287,9.82647,14.0621,9.92844,8.38661,17.4754,14.6836,14.5034,Decreasing_trend
34.7136,25.6827,33.6973,28.7935,28.8608,29.1837,25.1854,27.2577,24.298,31.4196,28.0662,30.7925,25.5336,18.2851,20.2208,28.3218,27.352,18.4775,26.8226,25.6711,14.9142,14.4479,15.9609,17.2606,14.0849,15.544,17.6515,21.6535,22.3895,19.959,10.8564,18.8886,18.0232,19.2931,19.6038,18.604,9.68207,13.0106,10.9612,12.6446,11.777,6.08845,11.8836,5.06625,4.06271,5.28268,13.6245,5.59019,12.9402,11.3733,8.53843,10.9559,0.440651,10.7765,4.71523,4.62937,-1.03235,-0.0132477,2.28892,-0.692463,Decreasing_trend
35.4389,24.1039,27.345,28.9824,34.4881,27.9524,32.55,25.2548,29.1884,24.766,29.2351,20.5195,19.7454,27.3064,29.2262,27.5098,21.8793,25.1986,19.4699,19.3733,19.3708,26.5191,19.2701,18.1835,24.9264,15.0816,17.4017,14.3512,22.6177,22.3426,22.6272,15.1356,16.3852,13.4787,21.9137,21.0717,18.0245,15.1782,19.7148,11.9191,18.6495,16.2416,12.7828,17.7098,17.7149,8.37173,13.7016,7.53667,9.19026,11.098,13.7137,8.59462,11.0058,15.0312,10.0609,7.61339,13.2946,12.2918,12.4776,11.0946,Decreasing_trend
33.1144,26.6914,25.7253,30.4045,29.5868,31.1791,31.1421,20.8126,21.8706,25.732,22.932,21.8242,25.4164,24.6159,23.1239,19.5583,27.5362,18.3102,16.5238,16.3817,24.4254,14.3574,22.2045,16.4925,17.7859,18.913,17.9895,19.3273,12.0377,16.538,14.6208,9.14273,10.9884,11.774,16.7642,7.31679,6.8178,9.54447,11.1129,7.26489,8.38203,9.96114,7.53571,2.91175,5.42689,2.87478,8.80213,2.8077,11.9813,1.64814,7.0276,0.174981,1.28478,5.22474,2.70788,7.56332,7.8913,0.175348,0.0832371,6.07706,Decreasing_trend
33.417,27.9357,33.7458,34.364,22.9147,27.5904,28.2597,27.6302,24.342,31.7961,25.352,21.9991,27.9076,25.6568,28.0484,19.0704,26.8686,17.1831,18.8791,21.4822,24.2447,18.6632,23.2882,24.6824,16.8947,23.7329,17.4849,18.1212,23.5218,21.1299,15.0255,15.8024,12.5825,19.9437,10.6217,9.76449,13.2522,19.0468,19.2028,10.8319,12.7362,15.8434,9.0538,10.0422,7.30302,11.0966,15.1895,13.05,14.8977,8.69931,3.16372,4.98464,7.58517,3.24965,10.129,10.0966,4.86615,2.43136,0.981456,7.4029,Decreasing_trend
32.2096,33.9926,30.647,30.9754,33.632,30.5443,25.3864,22.7955,27.5945,24.6719,26.9767,27.2901,28.6277,29.6414,23.5934,26.0943,18.6928,24.1568,22.5838,16.3747,14.8516,21.6001,24.7496,23.2977,21.3288,16.7986,17.0826,21.0528,15.2549,12.2563,15.9085,15.4992,13.0897,18.9297,17.9281,18.0678,18.0551,16.8878,11.4469,7.56077,15.9126,11.6012,13.5745,6.56842,11.9399,2.73129,8.9268,8.15836,11.7121,1.17232,8.30608,-0.117786,10.7466,7.47699,6.62886,1.25219,3.90881,3.18627,-1.59294,0.744567,Decreasing_trend
35.0966,33.1028,28.9347,27.8615,34.0126,22.4776,23.8626,22.9774,26.8128,25.5049,28.3907,29.0207,27.4627,29.3677,23.8192,26.8658,24.2003,18.0514,25.5766,25.9572,20.051,14.7552,17.6556,15.8252,23.3505,21.5755,14.7377,15.8648,20.2434,13.2671,10.2116,10.167,15.2671,15.5423,7.51216,17.461,15.5546,15.5886,13.3083,10.7625,8.66552,12.0228,9.47595,8.98736,14.1481,12.1311,11.012,6.98596,6.13932,6.85374,10.225,6.09797,3.70608,8.11839,-1.39903,4.21189,5.90127,-1.51052,-0.971271,2.86561,Decreasing_trend
30.1675,31.1435,24.0182,23.2907,33.7987,25.2824,24.7392,30.3701,26.1213,29.6477,27.1461,27.4274,27.681,19.5306,24.6628,29.6143,24.8025,18.8304,27.0575,21.9436,25.5092,24.0473,25.234,24.3079,22.3964,14.8849,21.0967,21.4341,23.7799,24.7581,22.0946,22.8741,19.6249,21.8965,14.353,18.7625,19.5086,19.571,18.5593,12.2162,17.0939,9.70286,13.8799,14.4369,18.361,18.0462,14.5737,14.9211,12.1445,7.57473,12.3841,5.37753,8.19001,12.4894,9.20269,9.58674,9.24039,12.8854,9.51936,5.26947,Decreasing_trend
33.7603,28.0251,27.9612,23.7675,28.7756,29.6775,26.8554,28.2685,22.4859,31.5602,22.9522,26.7977,30.9502,29.1207,25.3802,23.6087,24.7045,22.4857,27.8181,25.4036,26.4462,25.7293,24.3133,19.4466,27.7824,29.3475,21.081,23.9031,26.2349,23.1091,23.6027,19.748,20.4339,24.0073,20.4589,24.8405,24.0458,23.9507,15.411,23.25,20.5921,18.5151,20.8686,22.4542,15.9654,19.3589,16.1285,23.699,14.5413,19.0952,24.1797,21.7127,15.5258,15.7883,21.6701,11.5866,11.8634,17.7309,16.3222,10.7228,Decreasing_trend
26.2437,25.1013,24.1829,28.193,28.7497,29.5727,24.273,27.766,26.017,23.4226,28.8248,30.3554,30.0785,30.958,30.3753,24.4216,26.9319,29.4661,20.4766,30.4257,23.9935,24.9557,22.6837,27.4374,25.0909,20.3776,26.9509,19.0917,20.6197,22.6012,24.3555,27.1776,26.3216,23.844,22.2011,23.7746,17.6454,19.5972,21.8211,23.4086,21.7819,22.8182,19.6249,21.2513,21.8022,16.0996,25.7498,22.9024,19.2185,18.1749,16.4574,20.2391,17.7024,13.9483,19.2025,14.4768,21.5785,20.6726,17.885,13.1226,Decreasing_trend
34.5693,29.6041,26.5708,29.178,32.6606,28.3769,26.3608,21.5263,22.0547,25.292,31.7172,20.1346,23.4399,28.1619,20.1477,23.4599,25.8934,26.164,28.5439,21.8685,25.9376,24.5905,26.3719,24.5926,20.3677,13.7195,22.59,23.2604,20.9124,16.5861,20.1095,15.7013,20.4094,17.4785,15.2135,15.2093,14.6588,12.1976,16.743,12.5412,9.63351,18.0138,17.7375,8.35061,9.91233,7.58997,14.6655,11.1449,14.2794,13.9323,6.94002,10.1656,14.3577,9.651,11.6835,10.8072,10.1862,12.1438,2.37311,9.6124,Decreasing_trend
26.1247,33.7424,24.7431,32.7798,25.6603,23.2999,23.6176,27.8573,24.6248,30.7659,24.3433,31.5233,26.4712,31.2621,30.7969,21.8115,25.8202,32.142,29.2186,21.1113,30.2247,21.2364,30.6707,30.4615,24.1417,28.305,26.5608,20.0861,28.9113,18.8051,26.0699,23.1771,21.4645,18.9396,25.4494,24.946,21.9889,22.6317,17.8575,18.8495,17.0051,19.2302,26.0642,18.2775,16.057,17.4775,14.0026,22.5751,16.7658,19.487,20.4841,14.4901,20.0132,12.7963,22.1036,11.978,14.408,18.4699,13.0396,22.8257,Decreasing_trend
24.6279,31.9323,35.2972,30.2747,28.1412,32.0077,34.063,29.0116,22.9473,26.1234,33.0092,25.0269,29.8338,28.2827,31.7783,20.7823,31.2216,19.5239,19.5753,29.0929,29.3279,21.6134,20.3201,29.4161,22.3798,19.5023,25.9562,19.0158,21.0814,27.7329,27.3649,24.0104,16.9793,24.4107,21.4215,25.5542,24.9237,23.8625,23.153,15.1154,15.0034,23.6301,21.7044,13.7736,12.589,12.6837,17.3606,16.8025,13.3929,17.1719,18.1697,11.3218,16.2488,9.59883,13.0867,16.2518,13.0504,18.7331,16.7769,15.5938,Decreasing_trend
30.2747,29.1253,29.6897,25.5482,27.0979,34.1485,25.2489,26.186,28.1955,29.1789,21.6152,29.5611,24.0293,24.0102,27.8176,19.7116,23.1028,21.0358,19.1497,21.0515,23.0602,25.2367,17.0055,22.8267,22.2329,17.0657,15.3115,26.8371,22.3735,23.9614,20.1694,20.2561,15.4312,23.1483,18.08,18.3264,13.4074,16.0202,19.0145,14.8513,17.8805,18.7887,13.7794,21.3651,12.3036,20.9104,16.0106,8.83626,18.0663,16.9555,16.1972,17.012,8.62362,7.00933,6.05088,16.6404,11.4795,11.1053,8.91041,6.26275,Decreasing_trend
34.707,24.5857,34.9487,35.0574,31.932,34.3876,25.907,28.4214,28.4438,25.2394,26.0558,24.762,33.0583,23.7908,30.7995,22.3825,31.1286,30.9075,28.3799,29.8885,22.6976,23.0365,21.3532,21.3106,26.2641,20.6225,27.4061,25.4044,28.99,28.4127,19.2821,24.6017,26.6144,19.5014,22.2864,18.9763,25.5987,20.6435,16.2776,26.9589,18.4112,25.4636,17.051,17.1733,21.0655,21.7191,20.1188,24.4549,15.3615,15.6732,13.3234,23.2585,17.3059,14.8466,18.0584,16.0857,17.895,20.662,16.57,18.4333,Decreasing_trend
30.4612,29.172,32.5098,29.7274,23.8344,26.0907,23.735,23.1105,31.7255,22.9296,31.0508,23.3209,27.1882,18.231,22.9514,21.9442,25.3884,26.8089,20.7333,16.5758,23.5578,20.7329,18.3464,24.1526,16.6486,16.2341,17.9854,11.7722,19.8727,19.6216,19.3654,14.6082,11.2647,20.6043,11.1797,18.6428,14.2458,10.8296,7.23503,10.1942,16.7308,11.4697,7.31103,10.611,6.92379,3.44007,9.46513,4.7637,2.83809,8.80697,1.95951,2.8637,6.72767,0.368986,1.37415,-0.166977,2.1253,8.30606,4.90753,-0.431755,Decreasing_trend
29.5777,24.665,32.2536,25.4307,32.6352,25.3323,26.6073,35.8399,25.2504,35.3937,34.8881,33.4438,32.9062,24.2123,29.621,31.6455,35.9368,31.2599,29.1789,28.2381,32.651,32.4035,31.1358,32.3609,32.1589,29.1088,34.9556,28.0262,32.9341,4.45398,12.9926,14.4706,5.53103,14.0861,12.2078,9.41328,4.69965,10.841,7.8783,14.0424,11.1212,5.12635,13.6301,15.3806,10.1029,15.3872,8.91753,12.8163,15.7522,4.59352,10.732,15.0508,9.44522,12.1953,16.1731,15.3516,15.569,6.61212,13.2889,14.6796,Downward_shift
33.5866,33.9476,34.1544,34.5028,34.0945,28.7952,35.986,35.1256,33.9193,24.264,28.5778,24.2997,32.5518,35.5446,27.6601,29.646,29.5307,27.3836,26.2808,31.1097,33.2782,27.4735,29.1738,33.8393,24.4524,27.309,26.7938,33.2642,26.1229,31.8846,28.2304,32.1842,29.9445,35.9941,25.5122,35.0346,13.686,22.597,19.3735,21.5416,10.9106,20.769,22.1556,12.486,18.5124,13.4404,19.0776,20.7914,20.1906,13.6288,12.5477,17.1225,19.8674,15.1461,22.453,16.0675,21.7741,11.7181,18.2682,22.6025,Downward_shift
33.9193,27.1004,34.7235,24.78,26.3807,32.5125,28.1004,33.5069,28.6666,27.3266,30.1113,33.5415,29.8447,33.6994,24.2585,26.7439,28.8488,35.2567,28.1301,24.8692,31.5027,29.646,33.5128,18.0535,17.8258,17.4362,20.761,13.5246,17.4479,21.5674,19.7948,17.1343,19.8327,12.962,19.6263,18.157,18.9025,10.3029,16.9959,18.4111,15.036,13.0009,18.0491,16.4091,15.9915,17.9749,13.5635,17.0069,21.4976,13.2381,11.7259,12.7791,20.4628,17.8515,16.0404,21.7301,11.7116,15.205,10.3966,19.269,Downward_shift
25.7762,30.9915,32.8919,35.744,28.5234,31.3657,33.4875,30.3309,26.995,30.8038,33.4317,27.0946,24.6584,32.4244,24.928,26.7053,33.5147,24.365,25.2831,26.0627,30.722,33.2058,26.4442,32.807,24.8553,28.9744,28.7918,31.6341,26.1126,34.0802,28.7004,29.1234,33.6546,24.4179,27.9366,33.0729,26.9168,35.1543,30.6694,13.99,7.05213,16.4724,17.0978,10.6266,8.21328,13.2894,8.94111,6.26077,16.7456,9.87091,11.4404,14.1589,6.58246,13.1406,7.07269,10.9604,16.8811,16.4445,14.2559,12.2281,Downward_shift
33.5316,35.3441,34.8032,28.5443,32.4861,30.1888,35.2145,35.8373,34.7819,30.1454,29.4062,27.2914,29.0247,24.3026,34.985,25.5574,27.6931,28.7437,29.6526,25.6896,26.5,35.4907,33.6828,31.9984,27.7005,34.3277,33.9208,28.84,17.4846,14.1808,15.4778,11.6198,10.2802,13.2693,12.3913,17.8717,13.8249,16.2265,10.0528,19.7853,15.986,20.2806,19.9828,15.3081,15.6401,8.52301,15.3529,10.737,17.9231,19.8213,11.5562,15.1488,16.3382,17.4747,16.5111,16.5236,17.7608,14.263,18.0219,15.144,Downward_shift
31.1828,32.9833,32.655,30.6349,27.1144,31.9591,35.6754,32.6612,27.1875,27.4096,31.9756,30.3999,29.6107,34.1848,26.789,33.2815,32.9859,29.953,28.3148,30.6496,33.4699,31.3951,25.2001,30.741,29.6713,26.8735,33.609,35.2938,28.1349,17.4125,18.9937,24.1329,13.9595,14.3128,20.7138,17.6655,25.181,17.4338,20.6906,15.6873,19.5152,14.1692,15.8055,24.0121,20.2305,23.1576,15.7222,15.4636,25.1946,19.0029,17.5248,25.5185,22.2752,13.9246,14.9723,23.7617,15.4813,22.9523,20.1872,24.8083,Downward_shift
32.7497,31.8846,33.8753,31.0756,31.9044,28.2462,24.1403,35.2064,30.928,31.9213,26.2228,27.8242,26.1369,25.6011,26.7218,34.5432,26.5716,31.3594,34.4389,26.4975,35.9666,13.5685,15.1072,18.3347,15.9283,11.1845,13.6592,9.95838,14.2798,14.5101,13.736,12.1184,11.2767,17.2462,11.8672,12.0798,12.2755,11.6259,12.4632,11.1665,11.7578,12.8242,16.2569,18.8183,12.6674,20.4976,16.8577,10.2878,10.4266,14.0977,16.3168,19.8285,15.7032,12.414,16.4615,17.7787,15.535,17.2301,20.9724,20.155,Downward_shift
29.8509,25.7777,28.8859,30.3456,25.2192,26.2419,25.7909,26.3381,24.029,24.1634,28.4092,30.86,28.9116,28.0824,28.002,25.5056,30.4142,25.7292,32.8533,28.8833,28.8396,34.3192,27.1845,34.8657,28.4742,29.1341,30.4943,34.6255,33.1504,24.5082,24.5538,26.565,29.993,33.8554,8.14042,14.0027,7.82791,7.85876,10.0092,6.12952,12.232,10.011,12.1005,14.8451,11.741,11.4403,5.80527,10.0716,5.59265,16.672,12.9455,6.65538,15.1547,10.5637,10.2817,9.57184,9.1488,9.65777,5.58567,9.82632,Downward_shift
31.1949,32.0851,32.9315,28.0141,31.3973,32.6458,32.7516,33.0957,35.5491,31.4028,35.299,27.8911,35.1286,34.7254,24.9045,31.0491,29.1917,30.8589,26.4486,29.1554,24.7054,32.5368,27.1669,26.3139,33.7152,32.8437,26.3296,34.9912,30.1054,34.1499,34.1775,26.561,27.2826,27.1467,28.0181,34.4419,25.9163,22.6036,26.7473,22.1034,23.4071,19.1602,21.2221,15.9496,20.1153,15.1663,23.4144,24.476,16.0891,26.7209,26.5369,21.7285,17.5635,15.3617,18.7419,21.8438,16.2602,17.8444,16.4457,22.7035,Downward_shift
35.4855,25.5996,29.9137,30.1998,27.6538,28.6468,26.5819,32.9414,34.728,29.0474,34.7059,34.7643,28.8161,30.2714,25.784,25.0345,35.436,29.075,24.2666,24.6254,28.1624,26.218,28.7728,28.9663,28.8018,34.2917,26.2114,33.3634,32.9198,31.8912,34.5039,32.6862,24.3272,35.9809,31.3899,10.8316,20.2375,10.0512,14.8765,10.5698,19.6034,14.5442,10.6671,16.4702,19.0074,10.352,13.4726,12.1958,10.684,16.6201,20.4344,17.0688,18.7441,9.5992,11.1951,12.0023,10.0171,17.1489,14.8504,10.8903,Downward_shift
26.3036,30.6055,34.5858,28.7136,32.4178,32.1093,27.2444,33.4923,26.6928,32.4971,25.2309,27.255,30.4638,28.8047,28.7933,29.1701,28.7687,28.5322,25.3091,29.4253,31.6378,29.7257,26.4732,29.5814,26.7328,26.1864,30.1146,32.2801,35.7944,26.1416,25.8438,31.821,24.0845,30.6158,16.8249,18.5131,23.1804,23.5017,23.4892,27.294,26.828,18.8773,18.3357,15.814,21.1232,25.9647,21.4427,22.7173,20.6708,24.4815,17.0453,18.289,26.7707,27.3847,17.9846,19.4524,20.857,23.8421,21.6965,24.7628,Downward_shift
35.6754,32.2518,33.3593,31.0572,24.0617,29.028,24.791,27.4603,25.8592,28.45,30.4352,27.9619,28.9479,27.2363,28.649,29.5072,35.8707,31.6073,25.4083,30.5079,32.4538,26.5801,27.5932,34.2766,27.1449,33.9384,27.0156,12.5934,10.9097,4.92989,4.46316,5.0015,11.7723,15.0861,10.5252,13.9345,10.9001,15.1514,8.88485,14.3744,13.3638,13.3539,6.82695,14.9072,4.36401,15.2003,14.2543,8.83894,13.1549,7.69542,8.30023,15.678,14.1644,10.8017,9.08425,5.79139,10.1422,16.0185,12.784,12.4366,Downward_shift
24.6911,28.3233,25.7502,32.8885,30.2971,32.6418,27.1544,29.0533,30.6346,35.075,27.497,35.3923,30.9974,31.8982,31.5666,26.6172,25.7061,26.077,30.5652,34.8389,27.6223,30.4785,30.0819,25.0337,34.1371,33.0296,35.7892,29.711,33.7937,32.5015,31.8262,28.7481,31.3598,30.9772,28.9637,29.0173,27.0472,21.9028,15.3722,24.7139,26.3777,25.7575,16.9648,25.8012,25.9411,17.4841,25.7153,25.7832,25.2515,16.5454,17.18,26.2452,24.2097,15.276,20.1861,25.4814,20.2782,26.2085,24.502,26.2514,Downward_shift
25.7094,31.6547,35.516,32.1148,32.5929,33.912,34.7808,32.5922,35.3372,28.2175,35.1554,24.6489,33.8676,29.2064,27.7115,32.4196,29.9104,31.918,32.6961,33.2209,31.5001,29.8583,34.8135,26.8577,27.052,28.1044,29.6489,24.2049,33.1607,27.7589,35.7106,30.6393,25.477,24.2479,28.8414,20.1419,11.702,18.2863,12.9212,21.0551,17.2184,19.1085,12.4214,10.8486,16.1359,17.0818,10.5604,15.2714,21.1341,11.2394,13.3487,12.9822,15.9108,20.7136,10.585,19.3365,18.1897,11.5427,16.4524,20.2542,Downward_shift
27.8716,27.0351,28.2645,31.3723,34.9079,24.3547,30.2067,28.6332,31.3477,29.7808,31.127,30.1451,26.8996,28.2241,28.1624,26.427,25.9911,24.2912,32.0388,25.9925,31.4333,26.7832,30.8351,27.1702,18.0266,10.5709,17.142,11.8599,17.0972,13.3703,18.0387,13.4584,11.2103,11.0131,10.6385,13.8579,18.3769,15.2075,9.26989,8.22185,16.8713,13.3214,14.5134,16.5085,8.07055,16.0117,16.2155,9.74617,10.5052,10.3958,15.1428,9.02496,17.0803,11.6774,14.0122,11.6318,13.6148,15.0496,18.8822,18.4548,Downward_shift
24.7289,35.5575,32.6528,27.1184,25.427,33.8609,26.7005,35.4462,24.6357,24.9768,35.5406,24.5949,27.2224,31.9349,27.5999,30.8861,33.2319,34.4177,34.1287,31.6224,35.978,30.1399,26.7376,31.2012,29.9354,30.7234,27.5356,27.0152,30.314,34.5656,35.6005,33.0009,9.33617,6.57064,14.7383,13.2247,7.33519,7.02857,11.1271,15.1915,14.6194,9.94943,11.8296,10.0945,10.7926,6.60883,6.07967,14.7049,10.1775,6.80566,16.7551,14.1442,10.4602,7.92311,14.204,11.3327,14.3072,9.7941,5.51305,7.36751,Downward_shift
33.6013,34.01,24.8024,32.366,27.3766,26.4148,31.7494,30.1091,29.0919,28.754,25.3352,26.5074,27.1368,27.9869,25.8387,35.3027,27.2962,28.1779,35.0327,27.3274,26.1736,29.44,28.6596,32.7982,30.7058,25.0444,26.7688,34.0886,32.3891,26.1016,33.2168,34.4169,22.654,24.2587,18.0105,23.3763,22.239,26.2186,26.6486,24.251,17.0175,20.9328,23.124,26.8131,27.2791,26.7632,21.4998,16.0712,22.4215,19.3049,16.4524,20.9997,26.9284,18.0637,25.5701,19.226,22.7491,25.8455,19.995,20.2674,Downward_shift
28.3791,26.5147,26.3957,24.4697,29.1712,24.0264,25.4766,30.405,31.6547,34.696,27.0274,34.3336,27.3347,33.9322,32.4435,26.5999,31.5049,34.9182,35.552,27.8654,29.8953,27.5683,26.7567,16.1061,23.0778,25.6781,25.9406,23.8478,19.5345,17.5196,22.1017,25.3836,16.7859,20.2157,18.5584,22.5865,16.6896,23.8038,16.2526,21.2626,18.0509,25.3164,25.6887,27.2031,17.9338,20.3365,21.5814,21.2957,27.6614,22.6794,17.6716,19.3652,27.1708,16.3239,19.916,27.5891,28.0643,26.4683,19.3744,23.2283,Downward_shift
32.1552,25.8262,25.626,32.265,34.4845,27.1713,28.2968,29.3526,24.4697,27.5723,24.7653,31.9147,25.7682,30.0242,30.8229,32.5606,30.8512,31.9011,27.7034,29.1458,34.9729,26.836,30.141,32.6807,25.9764,30.7877,21.5786,16.0024,18.9295,21.2283,17.9126,20.9664,14.9198,22.2532,19.0125,19.455,19.2842,18.1539,14.976,12.5307,12.4837,14.3205,22.963,23.1962,20.9316,12.2487,18.8942,20.0286,22.7115,23.1455,18.4587,18.6012,17.8308,21.1188,14.4982,12.119,21.2253,19.8159,13.3154,14.4197,Downward_shift
26.1783,29.9534,26.2624,28.3413,25.4142,29.1007,24.8358,24.6676,35.7833,25.3576,34.1867,26.3421,25.7399,34.6574,32.0417,29.6122,31.7439,34.4691,24.0048,29.1668,29.2164,33.5495,28.3207,35.2593,27.074,24.4979,27.1996,34.7313,29.7327,33.0619,24.9559,28.6762,33.919,10.652,18.0732,16.5279,12.8006,14.0455,18.8469,12.5777,8.0323,10.359,10.6741,13.5946,18.2616,15.2485,11.9759,14.8244,8.49757,10.7093,18.5326,17.1111,17.67,14.2699,14.0066,14.878,15.7013,9.91834,10.1982,15.2467,Downward_shift
24.9092,29.6467,27.2106,26.2562,26.8518,34.8227,26.919,29.2028,24.8872,28.9512,29.1833,27.8727,25.9573,30.2009,24.9566,27.3424,26.8709,30.0786,27.7398,29.0687,35.7679,18.8752,15.1652,13.4782,21.9426,13.2659,10.6447,21.9154,14.9397,18.6644,19.585,20.8644,10.2786,16.0674,16.6965,14.213,13.6923,14.2952,11.764,14.2809,13.6107,14.011,14.6959,21.8317,18.5576,11.3421,14.1315,13.5388,12.0343,20.4197,19.6229,15.4858,10.2716,15.9408,18.8583,10.3961,17.161,15.7325,20.2651,21.9011,Downward_shift
35.5314,31.9037,27.8117,34.1,35.5197,29.6273,24.9584,25.2926,24.6661,33.0263,31.8578,32.1075,34.234,33.8878,26.9972,34.9274,32.5984,31.5074,28.476,33.7743,31.214,35.1723,27.9002,25.5155,34.1742,30.4704,32.7883,28.5653,25.7729,24.1223,29.845,32.1207,28.0361,27.2343,16.2926,21.636,17.4189,20.0056,20.4602,18.2796,21.979,17.2378,24.9112,26.0963,26.5119,18.2356,19.4213,22.4402,24.2712,20.6126,24.8811,17.7611,23.2565,20.7033,21.3635,26.227,27.5504,16.9143,23.8088,26.6901,Downward_shift
28.6358,35.5542,28.9894,26.8827,30.2795,35.2942,33.5495,32.7218,30.094,32.9506,34.3556,33.5826,27.7563,33.0487,25.2184,31.8941,34.3178,25.636,32.5698,24.8171,27.4643,12.4077,9.31423,12.147,8.34257,7.50164,11.2227,12.91,10.2073,14.853,6.47893,11.3328,14.1615,5.53297,14.1417,15.0403,13.5064,5.2627,6.36142,13.7892,13.5016,8.49019,11.2223,15.3913,9.33039,15.9246,13.675,13.5071,12.0273,12.4,11.4213,8.0106,12.9512,8.77956,11.031,12.1238,12.0195,12.9097,8.29079,10.5966,Downward_shift
31.0216,28.1397,26.7303,26.5702,29.5608,26.9657,28.0493,25.6731,33.7207,26.2746,30.4102,31.1009,24.0187,35.6589,25.2526,25.9319,28.6178,32.4225,33.6656,33.7453,35.1183,29.1635,25.477,31.947,35.4907,30.73,25.8203,24.6514,25.5284,31.3429,29.0048,31.8251,26.8908,28.194,31.4289,16.9348,8.06973,16.6039,14.7428,10.3421,8.15492,10.3953,17.6887,16.7905,14.1377,15.7608,6.7874,13.0624,16.6601,15.0205,9.89077,9.21618,11.5499,8.87687,18.2204,9.47691,10.3424,16.4302,11.8976,15.366,Downward_shift
34.8693,25.6363,33.2198,28.1309,28.2223,26.2276,28.6927,27.8073,29.0955,28.999,25.0077,34.7761,27.1463,30.0815,24.141,29.8832,29.2641,34.1712,26.1578,24.618,32.1038,24.119,25.6841,31.0903,29.4249,30.6617,32.8415,30.8094,35.0599,34.9391,30.282,26.8709,24.1212,32.066,24.6287,29.5182,25.958,24.5068,31.7593,27.3632,22.5644,24.6172,25.6615,24.2294,19.6803,16.9449,16.5494,18.2463,21.3225,24.6741,16.0525,22.3823,17.4542,21.3996,26.259,27.1113,16.3536,25.1361,27.021,21.2725,Downward_shift
34.5495,33.309,26.7687,26.6453,32.0731,29.5723,27.9954,34.1569,27.4287,35.1869,27.5935,30.8282,32.1693,28.2873,34.7375,32.0545,33.7914,35.5775,31.8131,29.5334,30.0625,30.8571,33.6655,31.6138,35.8273,36.4401,31.5274,40.4926,38.5996,41.2806,41.596,40.3437,41.7042,41.522,39.0436,40.3685,38.9061,33.8755,45.5626,42.2881,35.2249,38.9198,42.9272,36.4377,42.1042,44.8891,40.8449,40.3755,41.3049,45.3098,43.7725,43.5092,38.2186,49.0177,40.4141,40.1096,42.5406,43.3859,49.3608,50.3192,Increasing_trend
28.1121,36.3293,29.4486,36.2299,36.3084,27.1836,33.3193,30.7454,27.2486,35.6898,28.3023,34.4149,36.1121,32.1317,38.5204,31.5615,30.0991,35.5261,34.4978,33.9079,41.7105,40.1728,40.6953,36.2342,32.534,40.753,43.6766,40.6874,32.3973,37.5158,44.2263,34.2962,33.8502,41.4931,37.198,38.8984,42.4324,45.5173,45.8172,45.8344,39.4513,41.1374,42.3521,38.8468,41.1352,47.2166,38.3026,49.9033,46.9802,49.8109,43.6625,42.2603,49.1265,47.7338,46.039,46.8042,52.0079,43.246,46.1068,45.1586,Increasing_trend
27.5819,33.866,26.721,32.5494,35.3615,29.4984,37.4284,32.3332,30.3468,27.781,33.4515,29.0639,40.8149,40.7373,31.0856,39.3608,30.9691,31.2973,39.4576,35.2628,32.2871,44.1897,42.3635,42.33,43.2557,44.9701,37.4803,41.5692,36.3006,39.116,41.5657,45.5815,43.7046,38.3864,48.4897,39.4586,47.6387,49.2959,41.2541,48.5147,43.1884,47.9795,44.8301,47.4542,47.6326,44.1094,44.2159,45.2613,51.8392,53.7388,55.371,48.3743,48.0136,47.6338,53.098,55.9406,57.4766,55.9665,55.5617,54.4343,Increasing_trend
27.7978,27.0803,27.6254,34.1524,37.2533,32.011,32.855,31.9664,35.4147,38.7029,33.2754,29.6206,33.0645,39.7505,30.428,30.373,38.907,31.8193,32.1602,35.1987,42.6438,37.844,35.6661,41.0283,45.8261,46.0554,43.4515,36.473,40.0883,46.7024,38.8987,46.5495,42.9372,40.5038,46.6515,43.2798,42.5642,43.2656,48.0605,50.4424,46.0909,44.9339,45.3765,42.7484,46.6153,43.7765,44.9293,51.9557,55.3343,53.8005,48.4153,56.1285,50.2097,49.6781,51.1673,52.5183,59.6576,60.131,52.2899,58.742,Increasing_trend
25.8974,30.3572,26.7253,31.9482,31.5096,25.3241,32.7738,33.0046,29.6269,29.8805,37.0871,29.2395,27.5392,32.8076,35.3457,33.2183,30.8467,37.8286,33.0274,32.7207,33.4903,40.8691,30.8909,29.7782,34.5049,35.4544,34.3597,32.074,41.2569,34.5786,37.5482,36.1887,36.9847,43.2438,34.9508,36.1548,40.8654,42.2105,35.5956,36.6436,33.8607,37.4821,36.4255,44.0834,35.0005,43.5379,38.0046,39.0922,41.1904,42.8057,47.2735,35.8929,42.9993,42.0785,42.1655,39.5644,46.1136,39.7445,47.3587,42.8935,Increasing_trend
28.2043,30.5533,35.0831,36.9632,36.1705,35.9897,29.6103,38.3947,37.4854,38.1906,33.0931,33.639,36.3086,36.2005,31.8807,34.9836,39.6592,39.7531,42.7715,40.5471,33.9892,44.8007,37.516,45.6821,42.7145,42.9093,42.477,46.3234,39.4728,42.3377,46.8228,39.1562,39.3591,48.5248,44.5124,41.5565,46.6343,41.9701,48.0125,51.9475,48.8065,45.6336,50.0482,45.7204,48.4274,55.1062,48.0823,47.6958,45.7531,56.0442,47.6652,51.3803,47.8372,58.5492,51.0508,54.6252,53.3052,60.1222,55.5164,54.1351,Increasing_trend
31.095,25.7183,32.7918,35.6996,34.3013,28.4737,26.5191,33.0348,26.4679,32.9994,34.1489,35.1787,33.4969,36.3077,39.0352,30.5257,28.1664,35.4412,33.1814,39.5194,37.9871,36.3101,40.3647,40.7772,31.4136,41.5934,33.6149,33.6411,32.5186,39.1265,31.7088,32.9728,41.8446,42.3056,39.636,38.6865,45.0843,35.4684,45.4922,40.5561,36.2601,44.2388,39.5804,40.6249,36.2279,39.4041,39.5566,45.4634,45.2105,38.7039,39.2585,46.7003,42.5461,42.9057,45.5542,38.3326,44.5585,50.2142,48.654,41.1103,Increasing_trend
34.512,29.3786,28.4176,29.6349,34.8758,37.0063,32.0426,30.1627,35.3908,36.7991,38.0707,36.0216,38.3222,34.6606,32.816,34.0792,35.0552,38.0116,43.2581,42.3469,41.7182,34.6701,39.4627,43.2277,42.2226,44.8904,38.6748,45.7691,37.6568,46.8945,47.4574,44.155,45.9697,39.4868,49.8244,42.777,46.3063,42.0869,50.7676,47.4875,48.8712,43.0782,46.1992,48.9801,44.0108,45.7621,49.042,54.3233,47.4926,54.3581,54.5156,48.2031,55.8412,53.0712,50.2935,48.1937,56.5035,49.2957,50.8383,51.3814,Increasing_trend
30.2515,28.6556,36.289,26.3907,35.7298,35.9366,36.1815,27.9742,28.5137,33.1142,29.3176,32.0442,32.9692,28.5075,29.2677,32.7244,28.3996,36.7392,32.2871,35.1907,35.4984,37.4741,40.326,36.2792,37.6541,32.5134,41.6646,35.9484,38.3093,43.6869,36.7905,33.3523,44.1691,44.3983,34.6876,39.4783,34.8033,40.2907,34.9513,36.0383,45.3628,39.1979,41.2338,44.9372,37.8962,41.6066,37.2036,45.4698,36.9451,44.4959,42.7153,47.9713,48.4778,45.3876,49.0176,49.043,45.3036,39.4619,46.9561,44.7084,Increasing_trend
27.5209,24.4954,31.073,30.5883,34.1096,29.2369,26.0058,30.209,29.4867,32.6091,29.6593,38.3381,38.5963,36.8248,38.9036,35.7926,30.2259,34.7974,34.2268,40.9726,39.5,41.2546,38.3154,31.8876,36.2942,31.7451,41.8245,37.9889,42.3229,38.101,37.3753,39.6793,43.0327,41.2381,35.808,41.3902,40.6234,42.2241,41.0002,40.33,34.9903,36.7261,37.7775,40.1949,38.249,45.1358,41.4218,36.5087,41.9998,43.823,46.7079,38.653,42.9917,46.0701,45.3095,43.2234,46.3451,45.7822,45.7649,47.8313,Increasing_trend
35.3004,32.6963,26.872,36.7859,29.2162,33.5323,38.1741,34.5968,27.9764,33.2321,31.1204,37.3244,39.475,40.4809,32.9652,37.9257,35.1615,43.2849,41.7152,41.9863,41.577,42.7111,34.7162,37.4503,40.1352,36.1661,44.3839,39.6744,38.0268,40.8414,41.2418,40.7139,41.3721,49.4019,44.2929,46.7141,40.8134,44.6404,42.4611,44.3513,53.529,49.4089,50.8622,44.1022,55.0994,49.7588,54.1002,53.3115,49.7717,56.3847,52.0572,54.6418,52.3832,58.0834,56.6337,59.4725,50.0009,60.1209,50.3453,59.1334,Increasing_trend
34.3622,27.1068,25.2088,30.0992,36.0317,29.542,31.7275,34.4601,37.1769,31.7029,37.4628,31.3253,38.0778,30.9719,37.5592,31.2733,37.0156,32.6973,33.4392,31.7798,30.3118,39.5534,36.1439,32.7719,33.3515,38.1071,29.9292,39.043,32.7229,35.6028,37.8848,33.363,38.3103,37.5503,40.2664,42.4923,37.1751,43.1976,43.7339,39.2653,42.1209,33.6897,40.1529,43.6236,36.7854,42.0456,44.8601,45.429,34.2198,39.0834,37.2724,39.7377,38.757,37.2856,41.8775,38.0284,43.9107,38.4414,40.1264,45.236,Increasing_trend
34.1305,34.9165,35.4584,30.5936,33.2242,36.7435,36.0272,27.5538,34.8605,31.425,28.3791,30.2044,39.0836,34.9599,30.4466,33.6361,40.2965,34.8586,41.1845,42.2147,39.7685,38.3655,35.786,37.2951,41.7111,37.601,41.6813,39.5348,42.3265,43.9161,42.9883,36.0432,39.2812,36.9139,44.7117,41.9882,46.937,40.5902,44.3657,42.8357,48.5252,51.7184,49.7782,50.7383,51.0962,44.9697,47.1871,45.3171,54.0993,44.6131,46.355,44.388,49.2884,54.0977,46.6462,50.8052,55.3442,49.9628,50.787,48.7811,Increasing_trend
32.4012,34.5121,28.8378,33.4046,26.9644,29.2071,34.1624,29.3236,33.5701,26.9176,29.2003,36.1302,30.2,38.0071,35.6305,29.0294,36.6992,40.2198,38.462,39.5571,40.8879,33.3897,33.9913,37.2776,36.0959,36.6402,33.6926,39.9478,35.1252,35.9684,36.4535,41.8884,39.9547,40.5298,35.7068,42.2173,36.7615,38.919,37.7777,39.4512,43.7018,37.8267,37.6645,45.498,40.3585,46.5711,36.8678,45.7098,46.9679,45.4818,37.4566,42.2507,37.9349,42.3033,48.8509,47.291,41.9752,50.0243,41.5126,42.9404,Increasing_trend
31.8141,36.1164,31.3216,37.07,28.4594,37.8327,36.5029,33.6382,28.5041,37.288,35.5606,30.512,35.5745,34.3248,38.9172,32.7633,39.7515,36.8038,34.534,35.8574,38.216,36.2665,32.3522,38.2233,41.1622,39.8328,36.2829,42.5656,39.2841,36.8828,43.384,35.7653,47.5262,37.7732,43.5334,39.4991,44.9776,39.0599,47.045,40.9271,45.933,40.4512,41.3325,52.0083,49.7983,52.1947,48.4682,46.6269,44.7012,49.6553,52.3742,48.1589,53.1435,54.4522,51.7263,56.4902,45.5992,46.2136,55.4451,51.0244,Increasing_trend
28.7841,25.6765,29.2405,26.6022,37.3494,35.2877,26.765,36.7532,39.4429,35.1656,31.5123,34.3838,41.4929,34.0433,35.5032,42.9234,40.9299,35.0314,37.1912,37.6394,37.6189,38.915,39.0903,38.4908,39.5857,40.5193,42.1382,44.3181,39.3392,41.0778,40.172,38.8795,39.3839,45.3962,47.9929,40.5275,43.0692,42.6827,46.066,53.0173,53.2598,48.1299,43.7914,45.6655,55.1494,47.6925,48.1281,48.9755,49.7611,55.5097,55.2771,48.7326,54.2903,54.2188,56.7697,53.4752,51.6139,51.6706,57.33,54.4412,Increasing_trend
32.4475,35.3535,27.1338,33.0984,36.3429,29.6131,31.7464,32.1358,30.0858,38.2735,31.172,35.3471,38.3254,40.0857,33.3459,35.9474,36.3706,33.6872,34.0182,41.6147,34.4467,39.0309,44.0532,42.2308,37.6025,38.6732,44.4589,37.9971,41.0815,41.2954,44.0038,48.5821,46.4939,46.7284,47.2683,42.0147,42.0039,46.7228,47.818,52.9277,52.2037,45.2987,46.8771,43.8099,44.4604,52.4182,55.7634,55.6387,50.0913,46.8493,46.3585,57.145,58.5384,54.4914,48.5379,51.1196,54.9242,49.2409,58.0073,51.5771,Increasing_trend
33.7317,28.6552,25.6557,31.9649,28.9012,31.4115,33.6236,32.7951,37.216,36.4011,35.1056,37.7723,38.7843,32.8908,38.8768,36.7014,33.8543,32.9285,36.6025,37.3403,32.8377,42.6065,36.4027,38.4143,36.4863,38.8038,43.8872,39.8808,36.6834,40.5205,36.1627,38.1798,38.2165,45.0537,40.4969,44.4415,47.7718,38.4642,38.2428,49.3243,42.5451,43.1051,46.3689,44.6547,45.2055,50.6693,49.0697,49.6051,40.852,44.1984,47.5691,47.0216,43.1834,53.764,44.9842,54.3964,45.5357,52.1732,53.873,54.6019,Increasing_trend
26.3572,33.8344,25.0056,26.7152,34.3217,36.284,30.3474,28.5219,30.4632,28.5734,28.953,34.712,34.2319,27.7779,38.1341,34.4141,33.2642,31.4379,33.5027,33.6535,36.4255,34.4207,32.2456,41.6738,32.1113,41.205,33.7198,40.0825,34.19,31.8379,38.8472,40.4779,42.9841,38.3757,38.8901,41.4183,43.5047,37.3786,38.6531,38.5311,36.7977,43.8809,40.7921,43.0078,46.1206,40.2207,44.2468,45.6961,45.6802,40.915,43.6375,38.4651,42.4387,47.2932,46.5458,42.0784,42.1246,48.6845,47.387,47.7001,Increasing_trend
28.4257,26.9938,26.9668,30.847,35.515,34.0646,33.1163,27.1808,37.2714,36.2559,29.6748,36.6051,35.1412,39.0806,36.7262,39.4162,32.78,35.5054,33.4954,37.0514,34.0591,31.4759,39.7085,32.1267,32.2649,37.7158,33.4,41.8694,43.5012,37.201,37.9621,37.0262,38.7755,39.9923,43.3845,41.2662,44.3841,42.2948,46.3428,42.4979,36.4419,37.5313,42.5587,47.3838,43.5715,40.6887,39.4836,38.767,47.4946,45.1023,43.0655,46.9664,47.4131,41.3982,50.551,46.5232,46.3846,41.8187,51.2098,45.7781,Increasing_trend
31.228,26.2065,30.9115,33.2714,31.564,35.6257,28.5426,27.6846,31.7055,28.3834,32.0022,39.6861,33.6738,34.2638,30.9116,37.9742,35.9135,37.4674,43.8132,35.4338,40.9041,45.5331,45.277,38.5857,39.8546,46.5066,47.7635,38.1385,42.5486,47.2624,48.329,44.0324,45.9146,42.9399,49.621,42.0098,45.4942,50.237,45.7366,43.5573,43.5421,54.5188,50.0327,46.0956,49.6369,51.6186,55.4625,51.1941,51.6004,46.3226,52.6551,53.9512,48.8702,56.0503,56.4809,55.0496,53.9247,53.9208,61.7568,56.7657,Increasing_trend
35.4319,30.6099,26.0883,25.674,29.1478,35.0537,31.8181,36.4696,30.9723,30.3527,34.8603,39.2753,39.1151,40.4708,33.8821,36.9924,42.1518,41.663,39.5367,41.0283,38.2065,44.8035,45.5761,45.1501,42.6915,43.5896,41.3492,43.6428,47.3762,48.5968,43.5016,39.9949,43.9638,48.1265,46.4773,46.4871,50.8937,43.6249,50.1272,44.9824,51.9837,48.744,51.9964,53.6838,50.3512,55.4301,54.3016,53.5631,49.9712,48.6374,57.3912,51.5953,60.0089,61.0191,53.6074,58.5608,54.6142,60.3993,53.511,53.9953,Increasing_trend
28.1599,24.2887,25.8051,34.9801,25.1347,26.7568,27.3727,36.4123,36.1388,27.7068,32.488,29.0913,35.0191,37.6617,38.9191,33.9834,30.377,38.9289,33.2863,31.8917,35.2023,36.0958,33.6072,35.8679,31.6366,36.8904,39.9256,42.284,35.0377,35.9753,36.2941,32.4061,42.6208,32.1441,36.9628,33.879,43.0449,43.1852,43.2838,40.9377,40.6858,40.5853,36.5493,43.4101,42.3284,45.0991,41.7388,35.5322,44.2607,40.6304,38.4283,38.0402,39.6954,43.7154,42.6318,40.6647,48.4025,46.2154,39.5707,42.8827,Increasing_trend
30.9449,24.5183,30.0238,29.9887,36.3021,29.505,34.6694,30.524,32.8924,37.4005,37.971,32.8752,31.0555,30.4222,35.5124,37.0662,40.313,41.4691,39.0166,31.6493,41.9018,39.4787,36.7163,35.8777,44.2468,35.2585,38.3573,44.4224,45.7637,44.1664,44.265,43.4577,36.2302,41.388,36.6205,44.3547,41.6106,39.5404,48.9748,39.0861,42.7474,39.2986,51.1563,40.1715,49.5644,42.9311,42.5207,49.1011,52.8935,49.9089,42.5705,43.8721,51.3467,43.9797,47.0024,46.1693,55.8344,47.2937,47.324,45.9599,Increasing_trend
31.3987,24.9653,28.7758,28.0515,29.2066,27.7721,37.1089,28.8364,30.3375,32.244,37.5035,26.5441,36.0212,28.4489,36.3764,29.9429,38.1711,28.0999,30.2058,32.966,38.7074,32.1641,38.023,39.0665,32.1428,36.4759,31.9306,30.5072,33.0331,35.117,30.748,37.887,31.35,35.4752,38.285,38.033,41.6004,32.7202,43.2126,40.1186,44.5204,41.8285,38.7962,40.0053,35.3026,38.6383,38.795,46.2453,37.346,40.4335,35.7605,38.2306,42.7972,45.1616,46.5,47.8927,39.6977,47.7654,46.5461,44.9522,Increasing_trend
28.7812,34.4632,31.3381,31.2834,28.9207,33.7596,25.3969,27.7849,35.2479,27.1159,32.8717,29.2171,36.0253,32.337,34.5249,32.8717,34.1173,26.5235,27.6623,26.3693,25.7744,29.27,30.7326,29.5054,33.0292,25.04,28.9167,24.3437,26.1203,34.9424,25.0293,26.6311,35.6541,28.4353,29.1495,28.1584,26.1927,33.3182,30.9772,27.0443,35.5344,26.2353,28.9964,32.0036,31.0558,34.2553,28.0721,28.9402,35.4973,29.747,31.4333,24.5556,33.7431,25.0466,34.9318,34.9879,32.4721,33.3759,25.4652,25.8717,Normal
24.8923,25.741,27.5532,32.8217,27.8789,31.5926,31.4861,35.5469,27.9516,31.6595,27.5415,31.1887,27.4867,31.391,27.811,24.488,27.5918,35.6273,35.4102,31.4167,30.7447,24.1311,35.1422,30.4719,31.9874,33.6615,25.5511,30.4686,33.6472,25.0701,34.0765,32.5981,28.3038,26.1471,26.9414,31.5203,33.1089,24.1491,28.5157,25.7906,35.9519,26.5301,24.8578,25.9562,32.8357,28.5322,26.3458,30.6213,28.9861,29.4047,32.5577,31.0205,26.6418,28.4331,33.6564,26.4244,28.4661,34.2484,32.1005,26.691,Normal
31.3987,30.6316,26.3983,24.2905,27.8613,28.5491,24.9717,32.4358,25.2239,27.3068,31.8387,27.2587,28.2572,26.5819,24.0455,35.0625,31.5717,32.5614,31.0308,34.1202,26.9337,31.4781,35.0173,32.3851,24.3323,30.2001,31.2452,26.6814,31.5137,28.8778,27.3086,24.246,26.9631,25.2919,31.6114,24.7131,27.4809,24.2075,26.8059,35.1253,32.6293,31.0561,26.3583,28.0861,31.4391,27.3057,29.6082,35.9725,34.1444,27.1717,33.6318,26.5966,25.5387,32.5434,25.5772,29.9897,31.351,33.9002,29.5446,29.343,Normal
25.774,30.5262,35.4209,25.6033,27.97,25.2702,28.132,29.4268,31.4549,27.32,28.9564,28.9916,29.9578,30.2773,30.4447,24.3037,24.314,35.0966,25.3679,32.0968,33.3303,25.0102,35.3155,31.6264,29.2806,34.2021,26.5077,32.2279,25.5265,24.824,27.5587,28.3714,32.3667,26.9752,35.9346,35.1146,24.3749,27.6083,27.8433,29.8557,32.4185,26.8908,31.3209,29.3849,34.3336,24.7381,35.769,31.8725,34.2054,31.156,34.6292,28.7261,28.2979,31.5787,34.6156,32.5492,30.9827,24.8938,27.3659,25.3069,Normal
27.1798,29.2498,33.6928,25.6264,24.6555,28.9446,35.798,34.9446,24.5596,34.2366,27.9634,25.3216,35.4154,34.862,25.1472,29.4686,33.1739,31.1274,31.3701,26.5173,28.6486,31.6565,35.9497,33.0321,24.6081,33.2025,27.4335,32.6355,35.8773,28.0295,33.1247,33.4129,26.9245,30.2123,29.6526,30.8644,24.5119,33.9931,33.3094,33.204,31.2651,27.9072,35.111,35.0757,33.833,25.9481,29.1348,24.2875,32.3223,34.9244,27.7218,27.9601,35.7198,27.576,35.3375,29.9993,34.2149,33.1276,31.1057,31.0179,Normal
25.5067,29.7929,28.0765,34.4812,33.8,27.6671,30.6122,25.6393,30.1171,26.5188,30.1524,27.8514,29.5582,32.3601,29.2064,26.1001,33.4677,33.901,29.2674,34.8311,31.9815,26.496,32.6645,27.7188,35.7385,32.8309,30.1509,30.5593,27.3321,27.4559,24.2361,34.7268,29.9207,27.273,35.9963,32.3917,27.139,26.4589,25.0466,35.5002,27.9961,25.8897,31.3951,30.7583,34.9652,28.0919,35.6706,33.4401,28.458,31.1795,26.9458,35.8381,26.7134,25.1641,27.341,25.2093,33.4669,24.1094,33.1669,35.4907,Normal
28.6989,29.2101,30.9291,34.6229,31.4138,28.4636,35.9115,32.9058,28.7669,24.2868,34.8983,33.7291,29.1154,26.2804,33.4559,31.6103,33.3061,24.553,29.1587,27.8378,25.3525,25.2126,26.9565,27.9928,29.5057,31.0723,26.3605,27.7434,34.0438,25.1053,24.4462,35.4191,33.3472,32.2356,24.5244,29.4635,24.6889,28.1962,34.2994,31.6316,30.8005,35.7727,31.3444,25.5691,32.7839,32.7707,24.1047,34.006,28.8249,24.0499,29.8274,24.0323,31.0756,34.3358,25.4358,25.893,35.6732,25.1869,29.6669,26.4637,Normal
30.9493,34.317,35.5674,34.8829,30.6691,35.2667,35.895,25.9022,28.8917,32.2092,28.9898,26.0572,31.7516,32.294,31.0631,24.1612,26.6554,25.2452,30.5956,31.391,32.1604,33.7765,31.1336,32.626,28.8616,27.6223,33.9381,33.9836,34.8895,29.4617,34.5734,32.4431,30.0745,25.0495,29.2942,28.2689,28.4819,29.8917,33.1162,26.4574,27.4442,33.0784,33.2286,27.5837,24.4895,26.2151,24.0331,26.4765,34.8568,30.5934,35.4341,31.1248,24.2424,29.7172,35.9365,36.0187,26.3866,33.1842,31.3025,34.523,Normal
35.2538,34.6402,35.7584,28.551,25.6518,29.6442,31.94,35.9086,28.9622,24.6224,29.7635,29.5098,28.2109,34.2855,27.5473,25.4274,32.3429,34.79,33.7012,25.3495,33.7603,26.4442,24.5097,30.4135,28.4948,28.8433,32.4284,24.5071,31.7032,29.8722,35.852,35.7172,27.1922,24.3206,25.2698,29.6203,24.3243,31.1824,25.0701,31.8824,28.6468,32.857,24.7469,29.3045,27.3994,26.1497,31.9613,34.7492,24.8681,32.0285,32.7486,33.5455,24.1792,25.398,35.2296,28.3435,26.5999,28.9487,30.2372,32.3833,Normal
29.1734,31.5089,33.1944,35.6177,31.589,35.1223,28.6222,34.3145,33.1096,35.6842,29.7341,28.2495,30.4642,24.7513,26.3774,27.9832,33.6256,33.9634,33.7699,24.4594,26.146,32.9271,27.3248,35.6258,31.3697,26.8933,24.1528,25.8813,30.6996,32.7152,24.3243,29.6383,27.6021,26.7215,24.3555,34.1569,27.5892,24.3209,32.5984,25.127,35.3361,36.0073,34.266,26.9172,31.7032,35.5142,28.3009,35.5839,31.8163,33.7563,35.6908,25.5129,30.5505,33.3061,32.9789,24.0496,32.8313,29.2413,35.4543,25.8732,Normal
35.2623,35.6805,31.0851,30.2589,24.1366,27.0766,25.777,33.1482,24.7965,26.2804,33.3828,28.5484,26.7417,35.9152,30.3841,31.6716,24.0114,33.0446,33.5631,33.9432,31.3396,24.4979,31.7928,34.6457,26.8155,33.8731,26.529,35.2714,30.506,29.6243,32.4622,33.0465,29.1157,26.2378,28.1837,32.0623,28.3332,30.979,33.2201,24.2508,27.1735,32.1189,24.5262,30.8321,27.5047,26.0098,25.2243,24.1142,29.4958,26.2298,30.5457,24.8259,29.9075,28.0949,31.5622,26.4082,34.1331,28.1918,30.2934,29.4113,Normal
26.7115,24.0969,30.0213,29.9423,31.546,33.7673,26.7519,28.7294,26.0583,35.7051,33.7974,25.0704,33.0428,25.8115,33.0476,26.1295,34.1154,31.8647,29.3071,35.8575,28.5234,28.8444,29.064,29.9277,25.607,29.2266,35.8355,25.3635,29.9563,26.7468,27.8587,34.6508,24.1421,31.6518,34.3266,25.0469,32.1332,32.3726,35.2883,33.8705,27.6212,25.3705,30.0375,31.0275,35.0871,32.3201,35.2013,28.5212,31.4061,29.7925,32.4699,28.1966,31.9195,35.4859,24.267,30.7084,28.9351,35.5112,24.769,33.8874,Normal
34.2296,32.8783,24.2457,26.9036,25.8677,34.0545,30.8923,28.7287,26.8493,25.1119,35.5939,32.8941,31.6723,31.0947,27.8547,27.3891,32.38,33.363,28.6751,35.9185,28.6512,31.0771,27.9359,24.4726,32.836,33.6076,32.7391,28.5572,26.6983,29.3717,30.0338,32.171,25.1575,30.7488,33.8756,26.0792,35.3339,36.0081,32.6829,29.1686,30.0925,31.9654,30.9023,31.138,25.2074,34.7371,24.5134,25.3686,30.3896,27.58,32.5904,30.0628,35.5009,33.8415,24.3448,25.8394,30.8182,27.5833,32.3322,32.7611,Normal
30.1451,28.2025,26.5217,26.3509,35.4694,33.4757,32.4387,35.9166,32.297,29.0548,31.9811,28.461,26.5544,29.6684,33.8492,29.8039,31.6951,29.0625,32.6965,26.0263,28.942,30.5328,27.3384,24.6595,25.8827,35.0801,33.7214,35.3324,31.803,26.6759,34.3651,24.4032,26.8338,24.2042,28.6064,24.4451,32.0895,34.9982,29.0922,31.9532,32.9877,27.6751,24.4531,30.5809,31.3844,35.9449,30.3716,25.9569,26.85,29.7731,32.3711,32.3036,34.2564,26.572,26.7762,29.2762,34.2656,30.6595,35.3743,33.7996,Normal
24.0543,33.0039,35.4925,28.5634,28.7661,32.5147,29.9813,24.3169,24.4333,34.1441,30.3602,33.7229,29.9475,33.1878,33.2168,29.3504,30.0261,25.2739,27.8404,24.5589,34.8932,27.3762,30.9548,24.9544,34.8789,29.0019,30.0958,25.279,35.3291,27.3516,24.0308,28.0365,26.2937,29.5068,29.7356,30.0859,24.2515,31.0451,27.7229,25.7112,28.3086,34.6299,28.1026,32.5555,28.1261,33.7508,24.6077,32.5044,26.3491,25.1564,30.9944,26.435,32.2903,35.3188,27.2172,34.7463,25.7472,31.9507,33.8573,25.9962,Normal
28.1944,30.7994,33.901,26.7178,27.5378,28.0809,32.55,33.7445,26.0439,32.6774,34.3255,30.2526,29.8171,33.027,35.6129,27.6788,32.85,28.4272,28.5124,25.5923,30.614,31.882,29.9064,28.2748,31.9826,29.8193,35.3445,34.161,32.2591,34.4338,31.9881,28.5877,24.3926,33.4853,30.3804,28.3666,35.2274,33.4754,32.6928,28.1433,35.2384,25.0998,29.5685,29.4128,33.486,30.7954,27.4526,26.2169,25.7553,27.1845,30.0683,32.142,35.4099,34.595,24.051,34.6641,35.2538,34.1011,24.7752,33.6604,Normal
26.0377,28.3229,27.8169,26.0755,35.83,26.7637,30.3826,33.3847,27.0971,31.2636,28.3222,33.8503,29.2406,30.9709,32.7149,28.5763,26.1684,34.284,35.7172,31.1575,24.9529,26.8294,29.8303,29.4304,27.6832,27.3296,34.3358,34.0192,31.7303,34.1595,28.4973,33.5528,33.2326,34.4434,34.0728,31.4131,26.6576,24.9265,30.1381,32.0219,35.4073,35.9725,26.9969,31.1964,33.9649,35.7227,30.3125,35.0085,25.1766,30.6632,29.7037,29.3188,24.8644,35.0739,31.7388,32.7134,24.8413,33.0736,30.9048,34.6861,Normal
35.4815,26.8952,34.7511,36.0264,26.2202,30.3771,24.7539,29.3497,33.5999,29.1047,29.2619,28.4412,26.6106,30.9188,33.6436,32.4765,27.569,35.6915,24.3268,33.789,30.1495,24.0253,24.21,27.4486,32.3197,34.4349,31.084,35.0607,26.6161,31.5706,29.4014,28.8422,24.8527,32.1468,35.1609,33.1173,31.9015,34.6938,31.391,24.5652,33.5929,27.2686,30.7532,28.6854,33.7192,28.3729,26.4905,33.8158,24.6856,26.0858,32.1405,35.9423,35.0853,35.3845,31.4013,28.1588,30.4594,30.368,26.5412,31.4222,Normal
27.0997,31.5199,30.8038,28.5932,26.6983,32.5261,24.7359,30.7745,35.4374,34.7526,34.7507,29.6368,28.0144,30.3254,28.9633,28.6442,35.9721,33.4618,29.2663,27.2025,28.2906,25.0521,26.3884,30.3081,28.3413,30.4774,24.7113,29.9247,26.8654,27.2003,32.2026,30.661,26.7773,34.4753,33.4577,29.8766,32.1493,33.5822,25.9345,24.7936,28.382,34.8333,25.0007,28.9384,30.6511,36.0228,33.6601,26.0887,31.0337,32.1343,26.9671,24.556,29.7037,25.5431,31.2221,31.6727,28.7342,28.0614,35.1066,27.0854,Normal
29.4965,28.1316,29.4459,31.4876,32.5261,34.8466,33.0777,24.4932,32.7123,27.7038,28.5014,24.8846,32.7483,32.0719,25.7744,26.7732,31.6,28.9453,33.93,32.7016,34.9938,27.2598,26.0245,33.6575,32.6517,31.4156,26.0443,32.6352,25.3734,27.717,30.7572,33.9094,34.6538,35.2325,27.099,34.4929,33.5495,31.9312,34.7779,24.173,32.3032,30.2163,25.5655,30.6033,28.8091,28.4926,34.0086,35.3423,33.3667,28.6505,34.2759,25.9477,34.2359,26.5977,30.2361,34.0872,29.2068,33.3659,29.7426,27.6759,Normal
25.7946,33.9116,25.3323,24.43,26.9818,25.3804,25.3411,30.1135,25.4443,29.9155,29.0078,24.4778,35.2149,31.2526,25.672,31.3536,27.2958,31.0077,31.9731,26.6106,26.8004,29.5002,30.553,33.3039,33.5694,30.762,28.736,25.3543,35.8814,32.9954,28.4882,25.188,31.8923,31.9371,29.8689,28.7089,27.6002,34.4885,27.7361,34.7342,34.2649,25.8412,27.6505,28.8646,34.0813,31.8497,28.7188,30.452,33.2998,27.352,35.4062,28.5719,27.1919,24.7289,34.0335,35.9945,32.1629,33.2212,32.0906,26.8977,Normal
33.4655,30.7767,35.9042,35.4448,27.8881,24.0044,28.7063,24.5398,33.9381,25.1457,29.198,30.5196,32.294,33.6718,27.9241,24.6221,33.9476,31.9158,25.9536,33.0957,34.2384,34.2153,33.3465,28.9843,26.1424,30.5093,35.3082,29.1583,35.5773,32.334,24.1693,29.9548,27.1915,26.0546,32.8974,34.5006,28.4621,29.2479,27.6164,33.7122,31.7682,31.0088,28.0262,25.5805,34.3056,24.1263,24.4146,31.0014,28.2003,30.2325,24.043,34.328,35.9552,25.0429,24.2347,35.5362,27.6615,25.7862,28.3508,33.8789,Normal
31.7006,31.3466,34.3405,33.6582,34.7008,29.0794,27.8264,24.3558,30.6202,35.5902,29.74,25.7469,31.3047,24.4429,25.9044,29.9086,25.3668,32.9781,33.1408,27.0182,34.6685,24.452,33.0362,31.0741,26.6194,26.301,27.9443,27.7137,24.1028,24.4755,34.5873,24.9889,26.8456,26.3598,29.1752,33.0053,25.878,24.9063,32.4332,32.958,25.7289,35.8425,35.5854,26.193,31.1057,24.8163,27.8995,31.3091,33.0365,28.6898,31.3914,35.6835,35.4587,35.1657,30.2692,34.1705,24.8597,33.2455,25.618,28.9975,Normal
32.2613,27.3329,30.694,27.3329,33.7185,30.3973,32.7784,30.8898,31.1498,33.562,25.7447,29.9681,35.6122,27.7049,30.9959,32.3987,30.1043,26.3036,30.4311,31.5008,31.102,32.7457,29.9218,27.7409,25.0859,33.7034,32.5603,32.2691,31.6308,33.9865,31.8651,34.6666,33.2088,33.9847,32.8324,31.5364,35.3181,25.2713,30.5226,26.0689,33.186,25.8133,26.2724,35.0607,28.3225,25.7983,35.2806,25.5409,27.6105,33.9843,33.302,34.0824,35.8403,35.4191,24.8211,29.9614,34.541,26.3667,24.0132,27.9344,Normal
30.2137,33.5576,34.5969,35.8645,32.4596,30.8967,24.4473,30.105,33.0696,33.782,29.2145,25.1968,27.0663,31.463,31.8449,33.6906,26.4361,25.5662,29.0188,30.7936,35.343,27.7431,27.6663,32.4993,33.8239,31.8706,33.6138,28.8818,35.0243,30.3624,28.2153,25.611,34.3482,29.8454,31.1252,31.6297,35.9038,27.4732,28.4687,29.4584,34.7904,35.4852,33.0288,30.7906,32.312,31.0554,31.6426,25.2269,34.8565,27.341,26.2551,33.0949,29.2971,34.4702,32.1295,34.111,30.0488,34.1841,35.0915,30.9676,Normal
34.2127,25.669,24.0059,31.6246,28.0684,25.6268,28.1628,28.8987,25.7417,31.9892,35.1106,25.8618,30.6239,26.8584,31.4748,29.1991,32.7211,28.0706,30.2629,34.9835,28.7801,24.3096,26.3704,25.2794,33.9766,31.7935,32.5812,24.0907,35.906,35.2648,29.4811,26.5162,28.1257,27.2378,29.7077,30.1135,25.8655,28.566,29.7903,30.4715,32.6818,27.5264,25.9386,29.4951,29.14,33.334,35.4958,26.7002,24.5009,24.8626,35.6879,29.9905,25.8949,26.5808,26.1122,32.1453,26.1299,32.3139,30.3287,25.5908,Normal
33.0777,32.9058,26.4093,25.7531,25.1916,24.8237,30.9287,31.1634,24.5578,27.15,25.423,35.0103,27.6428,32.1376,34.0346,28.3512,33.2672,25.0675,29.3361,25.4355,28.3012,34.689,35.2178,27.2896,26.2158,25.0862,31.629,26.2209,31.0117,35.4697,30.0635,27.5448,33.7056,29.79,32.8706,34.7691,34.2142,31.1215,28.6942,34.7067,27.3568,26.7876,25.9099,25.0102,30.0521,26.6473,35.7,24.3375,28.2612,25.2346,30.7076,35.4429,29.0485,33.5808,31.5695,33.7699,24.1168,27.6781,34.4048,24.0316,Normal
26.1229,27.5393,27.8286,32.7989,32.2584,33.4875,29.162,31.4509,28.2759,33.6307,27.414,30.5229,31.8324,25.7421,27.4353,26.9602,35.6475,26.8529,34.6861,33.273,29.8359,25.8005,30.6239,26.5261,24.0779,32.5401,30.845,34.1345,32.3976,35.0643,35.3236,25.9327,25.4377,29.7709,35.0842,34.0475,29.5968,32.3917,29.0467,25.6488,28.9655,30.7561,34.8815,34.3376,29.9152,27.1662,35.5832,27.1151,28.5091,35.3886,26.0957,24.7264,36.0319,35.6522,29.4995,24.5159,35.1671,29.4073,30.4972,26.9994,Normal
34.1522,28.7753,32.6374,28.143,31.2739,26.1861,30.5754,25.8647,32.9737,31.8166,31.6227,35.1106,34.183,31.8078,26.1758,27.6579,31.9606,27.0667,29.2406,31.6584,29.1921,29.6959,32.482,30.3099,27.2165,32.4655,25.1156,27.042,24.3044,32.9286,31.3639,24.8945,30.8986,31.3293,33.999,34.779,34.2928,35.7775,32.5312,28.7698,31.9694,29.9321,33.356,25.3139,30.1704,32.9341,27.8929,29.9699,30.6503,26.3403,32.7931,30.6048,34.5623,34.2197,31.6503,35.3849,26.2478,34.9039,24.6559,27.5973,Normal
26.0528,26.6546,25.6327,30.1965,30.5483,34.0332,32.3961,33.7864,25.5313,28.2777,26.4655,29.0651,34.5888,29.7962,28.0802,29.7999,27.6123,29.1554,33.9127,26.5408,25.0594,30.7715,31.8963,33.8984,29.8278,24.1447,28.8561,27.1933,26.2779,30.4205,32.6704,27.5712,27.2187,29.1088,32.9433,35.129,35.3724,33.0828,30.217,33.0417,32.5011,32.456,25.3429,26.9646,31.1641,27.323,31.0627,29.8395,25.5372,26.3976,29.4679,28.584,32.6877,26.9664,33.6384,35.3148,24.6393,33.6931,32.7398,30.9551,Normal
26.8518,35.4224,27.0112,24.2167,27.0174,33.6189,28.1863,33.7959,29.9684,29.5619,27.2179,24.2515,34.9586,27.8213,33.4783,24.5626,30.4528,35.3471,30.8729,26.6348,35.3809,29.4576,27.2403,25.127,29.296,30.4869,30.4436,24.4917,29.0236,35.7933,31.2588,25.6396,33.9068,35.1062,31.0312,34.7169,25.0411,32.3858,25.7358,34.2142,29.3919,29.4429,32.5562,31.0855,25.0682,28.8543,34.5058,25.8343,35.5715,35.4932,25.481,29.2836,32.857,29.9717,31.2632,31.1432,33.1364,25.6833,24.1359,35.064,Normal
29.3166,26.3116,27.7893,28.194,35.7062,31.5904,29.3508,36.0195,33.2899,28.5142,31.3183,34.2484,31.0256,31.5537,28.6898,24.9445,31.4707,24.8406,27.4768,24.6015,31.9635,26.3065,34.2902,30.7153,30.1546,30.4814,24.889,27.3876,32.7549,25.8611,25.9404,24.3312,24.264,24.0532,29.0904,33.3806,26.9065,31.8813,28.0247,25.0014,28.042,36.0143,29.9772,33.6428,26.6113,27.5778,31.5445,33.258,35.0496,28.0042,26.8595,28.5994,35.5314,35.288,25.9404,31.7549,27.8055,32.3994,30.9526,32.5944,Normal
35.1227,25.1472,32.417,29.6882,25.0212,34.6611,33.2738,25.8082,32.6227,35.8406,30.4755,30.5027,34.0827,31.6694,34.2069,34.0222,26.3168,26.1196,30.3481,31.1876,29.0985,25.3752,26.4402,35.4102,32.4707,34.6611,26.6043,29.0919,26.7171,36.0107,27.5411,31.2787,29.5373,34.5906,25.4604,24.228,31.0848,26.5514,29.8013,28.0659,24.1965,24.1528,25.4604,29.0948,28.4423,27.233,35.8197,26.8581,34.6688,28.6391,35.7609,25.8574,31.3525,26.9212,35.4235,32.4629,27.4019,25.6033,35.7554,27.312,Normal
28.1731,28.4389,32.2253,33.9017,35.7554,34.0295,32.4651,25.0392,30.2963,27.1779,35.5854,28.5223,27.4948,30.5229,35.2035,29.3115,24.625,33.331,30.0125,29.5685,26.4883,29.4521,31.7465,32.2881,35.8564,29.4488,30.2982,33.1335,31.3393,26.2147,26.1703,26.8647,33.8341,31.7795,29.8612,28.7386,31.7935,32.2569,30.0613,33.0417,34.938,26.7663,34.8245,29.4606,26.6454,33.3788,31.1645,35.5509,24.4792,35.3952,27.3994,25.3521,31.1204,27.7622,35.7338,25.2651,24.9985,28.6369,27.0365,28.6115,Normal
25.5897,35.4172,28.1573,24.0632,33.7019,30.8997,32.7549,30.0114,26.1273,30.9206,28.346,32.9855,33.6024,26.4475,27.1335,35.0434,24.2012,28.0703,30.303,24.0084,30.2288,29.7624,29.9457,35.3875,24.1373,27.6615,26.4218,35.6019,29.6757,31.0686,32.9631,24.0,33.9516,32.9543,33.2936,35.1499,30.1895,33.6054,32.5309,29.7558,33.6245,24.5244,34.7841,29.5505,27.2918,26.225,27.5448,27.2477,29.1073,26.8676,34.9134,26.9084,32.4402,35.707,30.968,34.6009,35.6365,26.0983,28.0086,29.8116,Normal
33.0274,30.1664,34.7195,26.2819,26.4512,27.5253,30.5251,24.0995,26.084,34.5403,24.1979,33.9208,27.4137,24.4924,30.1421,35.3133,29.4165,24.9728,30.4091,26.0296,32.6359,34.898,32.6249,24.2064,34.0897,35.2766,27.1673,35.8979,29.9097,24.9078,25.961,30.4355,30.6037,30.2574,34.3651,32.287,27.6395,32.7171,30.2306,34.9813,24.5494,27.222,30.2156,26.2694,35.1481,35.1062,28.6538,34.6475,29.6981,32.4714,33.4614,29.1591,32.4516,26.077,32.5008,27.8206,26.496,33.4559,30.6621,29.9978,Normal
25.7733,30.8156,27.1798,31.8126,30.3624,34.5414,25.3106,28.6931,32.3609,30.9063,28.1239,35.53,29.126,28.1037,28.2943,28.5436,30.7076,29.4341,29.8865,31.8578,30.2655,33.3064,25.788,24.2537,32.6109,27.3406,28.938,33.5003,25.4204,34.1029,32.8882,33.5672,24.3702,31.3675,35.9332,24.1454,28.6049,33.056,28.4173,28.1239,29.8186,33.4236,29.3195,25.4428,31.6969,28.4463,35.6291,28.2675,30.4645,33.5672,30.777,27.1107,33.6256,35.0012,35.9585,24.8773,31.5306,34.4143,25.7358,32.8584,Normal
34.9666,27.9138,28.6666,29.0522,33.2348,31.0326,29.7922,29.599,34.042,26.7446,31.8306,33.049,27.6425,32.4222,24.267,24.3467,24.5207,30.4146,24.6672,26.8768,33.1177,30.3514,25.6283,28.4709,30.6261,31.918,35.7617,34.4404,34.02,35.8792,24.0599,25.4042,35.5491,28.5219,28.2359,24.8464,30.1972,27.1342,31.8269,30.1039,31.694,27.4544,27.0813,35.7874,27.8209,24.9438,24.8494,35.6996,24.2989,35.0456,31.4042,27.6887,31.7252,31.5879,30.1785,27.8327,24.5262,29.3243,24.437,34.1679,Normal
27.2146,25.2048,34.4779,30.5769,32.0237,24.368,33.1845,31.2232,35.577,33.9179,26.3755,27.5191,31.0231,33.8731,33.1504,30.5365,26.7027,24.9518,28.2847,34.757,24.0422,30.2156,35.0562,35.8997,25.7373,29.8997,33.4662,24.9882,30.9922,31.3598,28.6732,31.2306,28.7085,24.8145,28.8249,27.5797,29.6225,26.8298,24.4208,24.2365,27.955,34.4173,31.2441,31.6011,29.8348,31.5262,24.271,25.4072,27.0288,27.2315,29.1587,28.7368,29.1712,26.738,30.2556,34.5216,33.0307,34.8322,33.9322,27.6248,Normal
29.9681,29.0023,30.4124,34.6798,26.3895,25.9224,24.4374,27.5797,33.9535,34.1235,34.3684,29.9537,28.4044,28.5891,25.5071,35.9365,26.3113,28.8767,26.1919,30.3911,25.8993,31.4571,31.4579,32.7538,33.4486,34.2987,27.052,32.5107,29.7418,24.7194,27.3839,27.2616,25.8401,24.1348,27.0138,31.3811,26.5705,24.629,36.0184,25.5732,26.9352,31.3055,26.637,28.1889,28.2902,33.3109,33.7387,29.9765,31.0425,33.2609,31.9485,33.2936,26.807,30.1572,24.5038,33.7199,31.0139,25.3561,26.8474,28.6718,Normal
34.4988,30.9151,31.0631,35.3471,35.4036,29.5457,31.253,34.1459,29.9247,33.9583,27.5069,24.4543,26.9609,26.3689,28.3868,24.7032,25.3719,34.2487,29.7492,35.1337,30.9291,26.8202,25.9257,35.8333,27.605,32.7832,31.084,26.4449,28.4154,31.4065,34.4272,35.7224,24.1902,29.498,35.5131,35.1271,27.6972,32.8287,35.2252,33.5999,31.4839,35.722,32.4082,35.0129,28.7338,26.1798,34.0622,27.1379,35.8325,33.9909,32.8478,32.5867,25.2809,26.6664,31.9936,29.5759,32.5382,29.6082,35.256,25.6668,Normal
32.5771,34.6846,33.8951,32.1611,30.2299,25.5001,28.645,29.7775,32.3014,32.4824,34.4088,34.2814,32.6734,28.6545,33.4629,27.8048,27.3325,24.4421,29.4591,32.9811,34.1176,27.981,35.6467,35.4749,25.8163,24.7183,29.2733,32.0329,28.1779,27.8261,30.4767,29.9552,26.7332,28.3314,24.7723,34.4658,30.2585,28.8425,31.8368,30.3702,31.04,25.878,27.6667,30.5773,29.2773,28.4107,34.8455,29.4128,30.2464,25.7652,27.8239,29.5678,25.1296,28.5844,28.1246,28.7375,32.5973,35.8322,24.336,26.4978,Normal
31.5544,27.4875,31.6382,33.7431,30.5938,28.4246,34.0302,24.8949,32.3752,30.2677,27.7354,31.8086,30.1796,33.3237,29.2799,30.7859,35.5054,31.4681,26.0652,26.1857,33.3061,33.6303,33.7541,30.1803,32.1971,28.9879,33.7284,29.2751,34.0288,25.6033,27.1386,34.2429,29.9916,33.5308,26.933,27.3266,28.1441,25.8486,31.8596,35.7205,27.0061,25.4083,32.4541,24.8593,24.329,25.868,32.8467,33.0538,35.8612,27.1599,30.0984,24.4014,32.7189,26.3249,31.1656,25.9136,24.8766,27.2675,25.1395,25.7858,Normal
30.9239,30.6985,26.955,30.2883,29.238,31.716,25.9889,32.966,27.8136,34.4254,27.9344,28.895,35.0353,26.8162,35.4084,32.2518,32.5401,33.5965,35.35,25.3741,33.2734,33.7739,31.1898,26.2015,25.069,29.1396,31.4244,33.8099,27.2488,26.3873,32.5724,26.8985,24.473,26.4901,28.4768,27.6336,29.4025,24.726,35.8002,32.6844,26.373,30.7502,35.3129,28.4169,35.6082,27.8676,35.4143,24.4469,26.1078,25.3018,25.1241,33.7203,25.0308,26.3535,35.0184,29.5913,31.3807,30.1388,25.2155,24.6592,Normal
33.6876,34.2003,35.4782,25.0712,28.2744,35.3555,27.7467,29.1253,24.9537,32.164,24.6305,28.4356,33.0028,26.3888,34.3391,24.0665,26.2951,26.8258,28.656,27.934,24.8354,28.8128,29.9864,25.7792,26.8471,32.9631,32.597,28.4393,24.9243,28.2906,30.6727,31.2963,32.9271,27.3479,34.7408,32.6928,32.2375,30.4109,24.1921,27.4577,28.7852,30.3904,30.3092,30.0701,33.1937,31.7792,32.8059,31.5691,35.1249,26.843,32.7505,28.9681,24.8365,34.732,33.0068,31.2845,24.73,26.3906,24.34,24.5115,Normal
27.4772,33.4699,33.2165,28.2722,32.1262,35.4932,28.6123,33.9491,26.6469,31.777,32.6572,29.2373,24.0841,24.719,27.8683,31.2684,24.8453,32.1644,29.859,32.4314,24.3209,35.9603,26.5849,33.7324,34.6332,32.5331,32.6723,33.7166,35.1455,32.4438,32.0961,27.4702,25.0939,30.3551,33.6843,28.1158,32.8041,33.0215,24.7455,32.9565,26.2294,34.3802,35.2718,30.9184,24.4965,25.3528,25.8067,33.6087,30.2989,35.7268,28.028,34.1066,34.6982,31.0073,34.5447,32.2415,27.0252,34.6281,30.8542,30.4697,Normal
32.8206,33.6873,26.948,30.8083,28.2708,26.5647,24.264,33.204,30.8391,35.306,28.161,29.6937,34.0548,32.0193,29.5832,30.8351,25.9944,35.35,29.9912,34.5315,24.1403,25.4538,33.226,33.8951,29.231,29.8013,30.2526,34.4404,35.3526,28.2348,32.8085,32.8518,34.9725,29.6071,25.4803,35.9152,35.8472,28.5877,24.5953,35.7606,28.5017,26.5092,29.2141,32.0373,29.5039,29.3974,28.555,29.2024,30.943,26.5584,31.6231,27.3421,29.4628,31.3363,30.6856,30.9772,25.4208,30.9827,32.8298,34.1037,Normal
33.1673,35.5424,35.1414,29.9838,29.1135,24.5773,29.6107,28.0108,35.0063,29.7525,33.6344,29.8891,34.4555,31.7817,27.6612,31.694,28.4305,30.0896,24.47,28.1143,24.0338,35.8788,31.3047,25.275,33.6373,34.1062,33.0887,26.413,35.126,26.0461,34.7004,32.9025,30.4954,29.4793,25.8119,24.9012,33.2139,27.8606,26.5926,24.2787,25.3396,34.2924,29.6574,35.6405,27.6575,33.0296,32.6594,28.2671,35.0338,24.5104,25.0286,31.546,32.4494,32.9029,27.0061,25.3954,24.4102,25.3995,32.4354,35.1771,Normal
28.468,35.4415,25.6554,28.3725,25.7072,29.978,32.2606,34.551,35.5369,29.5424,25.1123,25.7318,30.8806,33.28,30.4227,26.8122,29.5564,29.0808,26.6667,29.2564,29.8208,26.0116,29.281,33.3193,29.6001,28.2091,26.0983,32.6649,26.0035,31.8236,24.1113,25.9903,30.0907,24.3415,28.9531,25.9455,29.5803,31.7773,25.149,29.6295,30.7392,24.596,31.2254,29.2476,27.9072,28.6923,33.0072,27.215,31.8938,35.6842,25.6092,25.9933,29.7756,34.7841,27.6303,29.1363,31.3885,25.2317,33.3193,35.8762,Normal
26.9161,30.7253,30.9511,29.6203,34.9325,35.0063,29.1201,26.9172,29.2039,28.4874,26.6535,30.8446,31.9026,24.9162,24.2879,27.5664,29.1719,33.4107,25.839,26.4405,32.8045,25.3459,30.7473,29.7374,28.1907,25.8251,25.896,28.6123,24.0099,32.2933,26.7097,31.719,28.0552,34.4224,31.0422,30.582,32.2915,30.3525,32.1174,28.4467,24.0756,24.6235,26.2371,24.6863,34.4349,35.2534,29.1561,33.3597,35.7709,35.1238,24.7965,27.9935,24.7825,35.6251,28.6754,35.5803,30.7682,33.168,33.2815,31.2093,Normal
24.1182,26.5063,29.8101,24.7781,30.7051,30.0393,29.9221,27.3035,29.8909,26.3168,29.2402,35.5894,26.102,35.6063,28.779,35.6225,28.104,29.1477,31.9551,31.0947,25.1094,32.424,25.0771,25.2254,30.78,24.7374,27.4232,34.4764,31.5537,29.5535,26.2768,26.2371,30.6944,25.9698,27.4291,27.5363,24.4921,27.6369,24.48,32.1269,29.8135,31.6925,33.2179,25.1993,35.5329,27.5954,30.5097,29.837,33.1368,33.1588,28.2105,25.1696,35.1348,34.8095,25.2618,25.4017,32.0109,27.9865,32.3866,25.2768,Normal
24.9684,34.7265,32.8871,28.9516,25.0455,29.6056,25.8089,24.2743,35.5186,24.1171,27.0218,35.2072,28.5017,24.0613,30.0815,30.1586,28.9281,25.788,31.0451,35.5586,28.02,30.6037,34.8822,27.8789,31.972,26.583,27.3153,25.6349,28.1132,25.3987,34.2976,26.7633,29.8751,31.2037,24.3371,32.4225,30.9698,29.191,28.5609,31.2342,30.0969,27.2844,29.1723,28.5803,28.7907,34.0258,27.2958,31.0811,31.355,30.1869,33.3843,34.7643,33.7317,33.753,30.1987,35.3478,30.2534,27.0204,24.5545,24.9166,Normal
25.1186,25.954,33.2881,29.5138,29.4147,24.4418,35.4011,31.6,30.5266,33.4251,24.6298,24.4238,35.0816,31.784,25.94,30.2284,27.8742,24.8791,29.6934,28.5102,32.1585,27.6344,31.878,35.3772,29.5112,35.7,25.8545,27.5319,32.9554,30.2009,25.7134,24.1193,35.4503,31.4891,26.8581,32.0039,31.1689,30.7998,32.0392,35.3467,24.2009,31.8288,24.3944,35.8792,29.57,31.1318,27.7511,35.9471,29.3401,24.9673,27.4419,30.8857,33.0927,27.9098,24.2611,35.1671,25.0561,34.4265,30.9129,28.3824,Normal
31.3965,29.0775,30.8773,25.9966,29.7929,24.6621,33.9414,28.5726,31.0635,29.4117,31.7281,30.3408,30.903,30.8439,35.6023,33.3351,29.1356,29.7492,24.3503,31.3804,31.1343,31.4263,32.142,30.4789,24.2545,27.6322,35.7191,33.7849,24.4227,32.803,27.739,33.6487,29.3052,27.5073,31.4828,35.1804,33.3549,29.1194,34.7404,33.4886,25.3998,34.3813,31.2629,29.205,27.8033,29.769,27.2686,28.5219,25.6613,30.9298,32.9315,28.1169,25.5633,34.2465,28.6971,27.457,32.2154,34.3247,34.6563,32.7611,Normal
26.0285,26.5547,32.1637,34.9435,30.7851,28.2194,34.3831,34.118,29.606,25.2629,30.8916,32.8177,34.9211,34.6189,30.8226,34.4103,34.5645,32.7901,25.9419,29.0335,35.4719,24.8053,25.9422,27.5936,35.3912,28.3082,35.4763,29.8843,35.7918,30.3169,28.9611,35.5065,34.682,28.3288,33.3208,31.7762,28.2836,32.8151,25.7509,31.203,32.4736,34.4823,33.432,32.5562,32.6146,29.9387,33.9707,26.2411,29.1091,24.9162,31.4722,26.2951,27.1368,24.4458,27.345,33.1272,29.6104,25.412,32.1189,29.6555,Normal
26.2081,32.9091,29.9049,35.2788,25.4861,31.5948,29.7437,31.553,26.6568,29.7341,31.2408,24.6746,26.1794,34.9237,26.7005,34.5638,27.9432,31.0613,35.6225,34.9953,31.8519,32.1427,29.0449,31.6606,29.7657,29.7606,28.389,25.8486,31.7373,30.2145,31.7292,26.5621,31.1648,34.208,28.0783,27.2157,28.0677,34.7103,29.368,25.51,31.1365,30.3544,31.7612,26.6873,25.4035,33.688,28.5028,24.5306,30.7455,35.5454,34.0761,32.684,33.5007,25.1898,25.2779,28.2821,24.7131,27.497,35.7393,24.8674,Normal
35.5825,28.194,32.7483,28.2917,30.6059,25.1913,29.4896,32.402,30.3147,28.8884,25.463,24.8145,35.2979,32.893,35.6695,27.208,27.1518,30.7308,29.9464,32.1427,27.1695,27.7879,31.0154,29.299,31.1556,27.7974,24.1583,31.2743,29.8079,27.341,35.3805,27.1085,29.3151,33.7838,30.9834,26.3634,28.9171,31.8082,31.4968,25.6697,26.507,34.2968,32.7321,24.4627,33.0927,34.4382,30.6415,30.1182,34.8238,30.8964,31.5398,34.8176,27.8062,27.1581,31.5082,24.6786,28.3097,32.4945,27.0402,27.5499,Normal
27.1566,25.8174,28.7136,31.3756,31.564,30.2067,31.6433,32.2257,30.8604,30.748,34.844,31.8636,29.3508,27.8598,27.1471,27.3487,30.8802,30.9507,31.8045,29.1451,34.1444,31.8849,31.1582,29.902,31.5893,27.8305,31.9731,32.5746,34.8488,24.6658,32.6462,35.9835,35.3405,30.3555,32.5573,26.3205,31.2507,29.6394,25.2713,29.1245,29.5417,33.6704,31.6249,29.5762,33.8778,27.4886,30.1807,32.2298,35.3978,29.296,33.6028,31.9301,29.2652,24.2512,24.0459,34.6732,25.795,34.8837,32.2129,32.5195,Normal
30.9518,30.6834,25.0323,35.2149,25.1843,35.2237,31.0154,26.5408,35.7224,25.0811,35.8777,32.2683,30.4741,27.0409,29.3522,35.379,29.4804,31.9173,24.5732,33.7265,29.6908,35.2119,33.8654,35.9611,30.7293,27.5051,26.8808,26.1728,34.1749,28.2036,35.4158,29.9919,27.2561,33.6762,33.7559,35.8465,28.0548,33.5624,35.642,24.448,34.6527,26.4527,24.6753,28.6641,27.5158,32.297,26.8885,31.6257,36.0088,32.7347,26.5323,34.3571,33.2807,29.2413,33.8055,28.5741,31.4072,29.9449,29.6416,25.438,Normal
32.7251,34.6791,24.087,32.3513,28.7592,33.6939,25.5757,32.3113,27.562,29.4172,25.2765,26.3678,24.1087,24.4976,34.476,25.2471,26.9322,33.6476,26.4813,26.6146,31.5735,26.4185,25.5677,32.503,29.9662,26.8988,25.9878,35.0831,30.5615,24.7587,31.709,25.3036,33.9164,31.9397,32.2485,24.7708,34.8176,35.6746,24.7847,26.9385,31.7586,25.705,30.2747,28.4716,30.6144,26.8801,33.2613,24.8174,35.3658,26.2074,33.7618,30.5255,24.7444,26.3678,32.6216,34.4415,27.9876,30.5372,30.4271,34.551,Normal
33.847,34.0879,29.8307,26.5008,26.529,32.5849,25.109,30.4028,27.114,25.3793,28.9766,29.9552,25.0065,24.2152,24.2115,28.812,26.9231,34.1206,34.5124,26.0384,35.769,28.0288,33.6806,31.3514,30.4829,26.8045,31.9393,30.2813,35.9611,29.3486,34.4235,31.9867,29.2454,24.798,30.155,25.6249,35.8193,24.0206,31.4259,26.1479,29.8234,29.5564,33.1126,35.4176,28.1437,25.6084,32.1783,27.3215,28.2781,27.5606,25.0128,35.4701,35.5362,31.9705,26.6047,30.9996,34.0449,26.8379,29.1995,30.0613,Normal
26.7799,35.4628,28.6615,34.2792,35.1976,28.8073,24.166,27.168,27.2536,28.624,35.209,26.8852,25.3811,31.7105,29.523,33.2466,26.2841,29.4176,34.5186,25.8126,32.25,29.5307,25.0117,31.4696,30.4043,29.7624,28.3185,33.2561,27.078,30.4667,27.4489,27.6498,33.8793,35.816,31.2761,26.1317,28.4033,34.7907,24.7807,31.4854,26.8401,31.5442,35.8854,25.3095,26.6811,32.2668,31.9709,33.2925,28.9846,34.0475,26.9936,27.9777,30.769,31.1501,28.0611,24.3577,28.5197,24.04,33.9248,31.7557,Normal
31.6892,34.544,27.1012,24.813,30.9041,28.2487,27.6865,30.2262,28.0559,24.2791,30.2512,34.7963,24.8637,28.8366,24.2336,28.0269,28.9431,24.5075,27.5213,29.2362,34.1448,24.7422,32.8136,27.3571,34.1907,28.4261,25.0807,32.3513,26.3726,28.3431,29.8781,34.0446,28.2451,28.7794,25.9389,31.2126,27.9748,33.5396,30.7638,35.0265,35.6735,31.8225,24.1641,29.1829,24.018,27.4599,30.5156,31.492,33.7805,30.668,24.6731,34.6879,28.0067,33.7489,30.4429,31.4042,35.1969,34.2873,28.4232,33.432,Normal
32.8603,31.0176,30.0819,25.4839,27.5719,31.8365,31.1443,28.3082,35.5883,35.2406,32.6958,30.8762,35.1014,24.6632,35.6063,26.6587,27.3729,33.2462,28.2116,34.0387,25.1321,29.7407,29.2931,35.0562,33.2885,32.0223,25.7942,25.3852,32.8625,30.4531,35.7771,25.5111,33.1922,31.3143,27.7592,29.415,34.8539,31.1674,35.2355,29.5233,28.5179,27.8077,29.0559,34.0651,28.6108,35.0948,30.867,35.0988,26.3418,26.8324,30.2864,35.8821,29.4293,29.6717,32.5827,35.6791,24.9511,25.488,28.1665,32.5474,Normal
32.6543,27.5954,30.1649,26.4292,24.9853,27.3564,31.55,34.9586,25.5702,31.1472,28.0971,32.1108,30.0455,28.6354,30.8336,26.6642,24.8652,28.1029,33.7684,34.1775,24.7466,35.8597,29.0228,27.0832,31.3635,31.264,35.1444,25.7248,26.4648,30.9761,26.175,29.8851,34.3993,29.2432,28.0758,25.8254,30.2989,28.1712,29.4128,33.117,29.7242,29.0052,33.0821,29.187,27.7298,29.9244,28.338,28.7232,26.8871,33.7258,29.4018,35.5311,26.785,26.6767,32.12,35.6831,34.0512,28.1738,34.9475,26.3249,Normal
25.5757,28.0897,35.8873,32.3715,32.2834,31.7799,31.3348,33.2675,35.4701,29.6254,24.7223,28.8043,35.5792,26.8599,34.8109,33.7989,33.5712,34.7794,27.2943,26.0737,32.059,26.7251,24.2912,34.6262,24.9985,24.668,26.5966,31.4377,34.9688,30.9808,27.3303,30.4076,34.4731,31.4031,28.6215,32.7949,26.8856,24.444,27.1008,30.1215,27.2113,26.4578,24.2391,28.8161,25.7586,31.7175,27.3053,30.7906,35.8807,33.1445,24.7792,30.4935,32.1236,34.8837,34.3626,34.8271,24.3367,30.0246,26.9205,34.1151,Normal
25.9529,31.0859,29.0647,26.7663,29.6225,30.2967,27.2128,25.8232,25.1773,25.4296,35.9996,29.7161,28.71,24.3114,26.0737,29.794,25.3774,31.4068,26.0208,24.936,35.3776,25.8691,33.2877,31.5732,25.2148,30.7065,24.7774,35.3614,30.1263,29.7767,26.879,29.2645,29.2979,24.7785,30.2233,24.1223,35.9974,25.0554,33.8147,32.0708,28.4889,33.7523,27.8929,29.2101,27.4309,27.7016,31.7212,30.2611,29.8436,30.6786,31.7476,28.9053,33.1581,24.7065,32.5988,32.8184,27.8925,27.6869,30.2622,31.3194,Normal
24.0033,33.8918,35.6757,28.3809,25.5585,25.2702,30.2809,27.0619,30.816,26.8684,29.8986,25.8996,32.511,29.2505,30.1752,33.6601,35.2806,27.9829,34.0288,30.6191,28.9248,27.1379,30.6107,27.1673,30.694,28.2506,29.9423,27.5808,27.0108,32.1736,34.7805,25.6888,24.0786,27.1434,29.7995,32.8074,25.7487,26.594,26.0788,24.0015,27.7706,33.7651,24.3867,31.6841,27.2932,32.7494,31.5096,31.9518,28.443,27.414,29.227,33.1511,30.8149,35.3129,30.1689,24.119,29.8329,33.9649,35.9324,35.158,Normal
27.8485,31.337,31.6955,29.3548,24.7737,29.2762,25.2236,33.7335,35.2417,27.6718,35.8935,35.3199,28.8976,30.6129,29.585,27.547,33.3443,33.865,29.9603,32.9018,31.6095,27.1261,28.9641,29.9868,26.0337,26.4861,35.3489,32.0553,32.7986,26.1537,28.4683,28.5965,30.0448,29.2696,35.8043,24.9985,32.9187,34.8411,29.2714,24.2291,29.7037,32.3142,27.2356,29.1282,24.5754,25.2173,25.0851,29.5902,29.4326,27.0997,32.9921,29.1569,33.7493,27.1221,24.206,27.1691,35.5593,24.9621,24.379,35.068,Normal
30.1583,24.0914,24.9331,30.9548,27.5969,34.9523,35.2068,27.2653,31.654,25.2272,28.5851,35.3434,27.2929,25.1531,25.1501,29.5663,29.6254,24.2563,29.9618,31.7296,24.7862,35.9122,33.4049,33.2932,24.2071,26.2771,33.3703,32.6212,26.5981,35.8671,33.0207,25.1465,24.8879,33.8914,34.06,31.0723,32.9293,26.1548,27.4027,34.6299,28.5616,28.8275,25.2239,27.807,28.4944,31.8097,27.9829,32.5705,35.1782,33.2789,30.5751,29.7613,35.0247,28.4834,33.3983,29.6857,28.8025,34.3706,30.1256,32.0799,Normal
32.9132,33.1166,34.2373,26.2415,32.3722,24.4403,31.8684,31.7013,28.7592,33.6678,31.3257,29.3985,31.6003,24.7756,24.6316,24.397,28.1525,34.6593,31.4476,29.942,32.7413,32.6407,28.7026,33.3942,34.0288,26.0149,32.5408,34.6703,25.5996,35.9886,27.6245,25.196,34.4959,31.6143,34.4599,34.1029,32.2735,35.6941,33.8613,25.4424,28.2619,33.005,27.1783,25.8394,25.0381,27.1753,35.6361,25.7032,27.5036,33.0005,28.6259,33.4107,26.2298,25.6341,29.5054,30.1524,26.1376,30.5314,27.7688,24.3489,Normal
29.137,26.6212,30.3698,25.5331,29.7628,27.0854,25.4542,28.3097,28.6953,34.2829,34.8587,30.8409,26.9403,28.635,28.6299,34.0857,29.6188,24.9368,34.3504,34.1966,34.1775,31.0194,34.0332,26.5055,31.9694,26.4582,29.4965,33.5047,34.1154,24.8788,25.4182,30.8516,30.264,24.697,34.2168,24.4689,35.5557,32.1769,32.4519,32.4376,26.1181,33.8411,33.0659,32.2242,26.6891,29.9144,34.6846,24.0334,30.3628,29.9082,24.3386,30.1616,26.0965,25.7579,35.4866,24.7164,30.5622,24.1168,28.5737,34.7353,Normal
26.9546,32.8911,29.1943,34.0401,32.2382,35.4833,26.3715,27.2943,26.9774,28.3255,29.9218,29.8263,29.3981,34.8414,30.0727,27.8327,35.7955,27.0226,29.6813,33.6417,24.6992,28.743,24.5806,31.8629,35.7084,31.1784,30.2042,27.3652,27.052,30.5512,30.018,27.0075,28.1716,35.1591,28.136,33.7056,26.6609,27.0207,33.5238,29.1469,33.6549,25.9217,25.7983,35.7793,31.734,24.5956,30.8523,29.8193,32.8401,27.0597,31.4255,24.5347,34.4999,31.0334,33.3759,35.3779,29.6552,30.0345,24.8046,29.6368,Normal
26.8592,32.5099,28.4617,29.4323,31.5768,29.194,32.716,25.5038,29.5751,26.3862,25.5816,27.0454,31.4432,28.2116,25.3837,25.3631,26.7013,25.387,31.7292,28.1525,26.8632,29.9816,31.0249,26.3983,33.88,33.2091,28.342,26.6322,29.1029,34.0321,35.3078,34.6126,35.78,27.6458,33.9557,26.8999,25.34,29.429,26.7097,25.0187,33.3336,35.4628,36.0037,31.9209,26.655,31.2974,31.3492,29.6743,32.3168,34.3038,32.4134,26.7123,33.2958,28.5998,28.9879,28.6828,33.4306,30.5736,26.579,29.5303,Normal
25.5115,35.7011,26.9682,29.2057,35.9203,24.5156,35.8678,30.2486,28.089,31.1197,27.3586,31.6661,30.6654,30.9397,29.4334,32.5191,31.9966,24.1351,31.6995,27.5404,30.8751,35.2736,35.9978,31.2599,25.831,32.6473,35.223,28.736,32.0847,29.3342,24.5064,33.7578,28.7669,32.4589,34.6075,32.2903,33.8283,30.5497,26.9506,28.129,28.7456,34.4103,25.2059,28.692,26.709,24.4767,34.0651,31.4986,30.4667,24.6375,35.8737,29.7518,29.1121,35.1624,24.8942,25.3705,32.6858,32.6789,32.9411,31.8012,Normal
29.1525,34.5697,33.9597,30.8802,31.0811,26.6117,30.2497,34.5396,24.3955,27.9832,27.4067,35.1389,34.6574,32.2999,32.229,31.3047,26.9785,26.6054,33.3439,33.3979,35.5237,31.5372,26.6124,30.9291,34.1404,27.674,33.0307,30.5982,28.3049,24.1381,26.7872,26.9532,24.3195,26.1659,34.0611,26.3763,31.0583,25.3543,31.4178,34.5227,26.9554,34.0229,24.7249,31.6576,35.4984,34.7096,33.7067,26.5114,25.3308,34.6971,26.1335,32.6036,30.9188,24.3911,32.1563,33.5907,29.382,29.451,25.5214,34.2781,Normal
29.624,31.4233,30.806,35.2292,29.6802,31.0117,31.3818,27.6054,33.6961,28.7364,28.938,26.6726,25.1178,28.6475,33.8433,24.0095,27.3344,32.3822,24.3187,33.2804,28.0324,32.9605,26.7141,25.3811,30.8615,35.7756,29.9816,24.0841,34.7346,31.9415,31.0301,25.6264,35.9056,35.6886,32.3454,25.3976,33.6395,26.7365,35.8781,31.7737,26.3179,29.6633,35.0691,25.3521,26.9356,26.8074,24.9529,32.4336,24.6577,32.9822,32.2118,30.3456,29.6926,28.5443,28.6843,33.9432,31.8886,30.9581,31.0315,32.7538,Normal
34.3725,25.4659,33.4724,31.8372,28.7393,35.0096,28.1529,34.2899,24.9779,25.94,24.791,25.9345,26.7057,25.929,35.3717,28.754,28.8036,30.2916,31.7931,30.9151,24.2864,24.9966,34.768,28.4033,25.2963,27.4669,29.0269,34.2498,24.8956,28.2252,31.5842,25.6422,24.8788,35.3151,32.1817,33.8536,32.2059,32.3509,24.3771,34.4342,28.9516,28.0611,26.8783,35.1205,34.9681,32.2485,24.8083,30.9357,27.4937,27.7284,31.3235,31.4197,29.4319,25.8673,30.8038,34.0133,34.2708,34.6204,28.1092,28.2083,Normal
31.2375,26.6877,25.2845,24.8204,27.2793,25.4872,29.8751,26.5316,28.6461,35.5648,24.5343,30.3228,35.093,31.4105,26.1497,26.0788,33.5407,32.1262,31.8071,33.8507,32.1864,30.6834,27.9535,35.7606,25.6316,33.8576,28.5355,25.5339,28.2877,29.7015,29.6827,31.6378,30.5288,30.3437,27.2124,24.1579,26.8761,31.0495,32.655,30.6731,30.86,33.3263,29.5094,34.3442,33.3112,33.1713,34.0655,27.6032,35.3173,25.9881,34.0324,35.3162,28.3717,25.5284,29.4774,35.5972,28.8811,28.0537,33.5481,25.3176,Normal
27.5264,27.3788,28.8502,26.1398,32.8434,24.0132,25.7494,25.4197,33.414,25.7773,25.9404,32.8621,33.9737,31.2317,25.521,30.6845,25.9239,29.3978,29.371,34.2667,35.5178,31.1821,30.5824,29.0133,25.9823,33.6065,35.0397,24.4689,25.47,28.5297,24.7282,27.5158,28.476,29.1587,24.0988,31.2937,30.5809,33.5051,30.7098,26.2353,32.9473,30.4495,34.635,33.5943,27.4732,27.7332,32.2551,35.4921,27.6582,27.0498,30.2949,30.491,35.7554,33.8444,29.9559,28.5521,35.3269,26.9998,35.137,33.8955,Normal
32.1468,24.148,26.4615,34.176,28.0023,35.4213,29.3328,32.4607,34.5675,29.3508,25.2111,32.1306,35.9728,28.6167,26.8617,35.2468,31.3029,26.1706,30.6661,24.6812,29.5513,31.9584,34.3842,26.6429,32.0021,25.0007,25.9867,31.3741,30.9911,24.795,35.6835,25.0778,35.953,32.7262,24.4036,31.1766,35.3794,33.3832,25.7417,28.916,25.922,35.1014,25.8361,32.4618,29.2971,26.7692,34.2917,30.0433,35.7003,34.7731,35.1756,30.1932,35.0485,24.7609,30.5376,34.9707,26.623,24.6301,33.9421,30.7847,Normal
24.0353,32.9179,33.9436,33.2954,30.3224,28.8385,25.6429,24.325,24.159,33.2011,33.999,33.8463,28.255,31.066,34.5039,24.4829,24.1686,30.2684,31.8166,24.1204,25.2629,30.5578,33.5069,31.7021,35.9394,33.0986,35.1029,33.5022,28.3758,33.5349,30.3584,27.9843,25.8963,32.0994,30.5663,35.5424,27.1151,28.0457,34.6358,27.3266,28.4338,31.8691,30.029,26.2209,35.4708,26.5074,26.4343,25.376,32.2118,31.3139,33.8106,25.4961,27.0799,31.5313,34.8165,28.8109,24.3885,35.353,31.7142,26.2125,Normal
28.3438,33.3391,25.2386,32.0722,24.3209,26.0087,29.5858,34.7603,32.5503,26.7314,29.1411,25.683,34.5399,25.2541,29.241,35.0203,35.8329,35.5759,34.3798,24.1219,29.3287,33.0116,33.9663,32.0337,26.5008,24.4873,33.5962,29.0206,29.0364,32.8426,31.456,30.9897,24.0037,34.6222,25.954,35.9769,31.4975,29.2204,26.3866,35.769,35.1734,26.1681,32.4167,24.8262,29.1903,32.1607,26.3609,30.9404,36.0308,29.1796,28.2968,29.6309,27.8962,25.3051,29.3603,31.445,27.3002,25.1758,33.739,35.6941,Normal
30.7668,25.7586,24.7304,31.5027,31.2577,28.7849,25.2093,28.4904,35.9247,31.1141,31.7704,33.237,29.9225,32.5158,28.9894,26.0517,35.5722,34.1661,31.5335,34.6894,25.0804,31.2463,35.6735,34.6439,28.6339,33.11,32.4875,25.3547,27.6131,30.1682,24.4715,36.0261,34.9061,25.1971,29.3897,25.3337,24.2684,24.1498,25.1116,30.3683,26.4776,31.9749,35.8583,35.7455,30.1619,32.7575,24.82,26.5191,29.1172,35.7855,34.2205,32.7571,34.4885,34.4937,33.2341,27.7647,32.637,32.0807,35.1602,29.3004,Normal
31.9661,28.8914,28.4882,25.1075,35.1234,29.0926,30.5725,36.011,31.7226,33.9285,25.1343,34.1635,28.5062,30.9595,32.1545,29.6893,31.582,30.7972,35.27,31.2838,33.7658,28.3736,27.269,25.5453,29.957,24.4939,31.1696,29.5615,29.3452,32.843,32.5749,24.6008,27.2132,27.6942,29.7521,29.9923,25.4637,34.2517,28.8337,28.7783,28.5352,28.0879,34.1533,28.2924,31.6367,26.0972,29.581,27.4107,24.2321,35.4282,24.9364,29.2329,25.701,26.2217,30.9757,27.37,31.7127,27.8073,25.0058,32.3983,Normal
32.6388,32.8617,35.346,30.5541,30.6665,25.7803,33.6597,25.4656,24.4142,24.3198,28.1125,30.9243,32.1122,29.6159,34.3442,33.1339,25.8725,26.3212,28.411,31.0976,28.6211,24.2321,27.9825,29.1818,29.6144,30.462,32.9227,30.361,30.2754,27.7504,31.7028,24.5038,32.7086,28.4738,33.4056,32.24,29.9313,27.2418,30.9419,30.3081,26.7729,29.9471,35.7334,35.5189,30.1531,30.2901,29.3184,28.8322,25.658,27.4045,32.3025,32.7861,35.5505,27.8117,27.807,35.8109,34.4753,29.0632,24.0764,28.5282,Normal
34.5902,24.5615,29.4881,26.0693,32.1552,26.9205,32.1034,28.6501,31.0392,29.0265,33.7647,35.0992,27.7119,32.5224,26.305,25.4792,28.783,26.7758,32.0869,27.4934,33.7816,36.0242,24.2302,26.3921,30.1821,33.5253,29.2428,25.597,29.6284,32.9341,34.8866,29.7947,35.9295,35.3996,30.0573,29.0831,33.9535,34.3156,28.1408,32.6899,34.3806,32.9708,27.5947,26.2804,34.8146,24.3404,25.9529,33.7339,28.4871,32.6601,28.9626,25.0547,29.3412,33.6637,26.6539,31.7773,28.136,33.6208,34.4896,31.0473,Normal
28.8602,27.7879,26.9892,31.9305,31.9573,34.1804,30.4403,33.4313,29.4231,31.5776,33.6351,35.0797,34.7059,33.7662,31.3657,34.2899,31.9727,32.666,28.0875,34.9281,24.1094,30.3195,27.6924,25.3499,27.9094,24.7444,29.3177,34.5858,27.3582,25.2339,31.0829,32.3987,34.3005,34.3097,25.5695,34.5862,26.731,35.8076,25.0352,34.8624,34.3251,34.598,27.9902,28.4188,33.1577,30.9919,25.2801,25.2647,27.5205,35.5043,29.5039,29.6515,28.9196,31.0851,33.3909,28.0761,33.4023,24.5927,25.3506,34.3732,Normal
32.1883,34.454,27.992,29.819,24.39,35.9563,35.1312,27.2594,30.7003,36.0062,29.6728,24.9893,28.6975,34.0717,30.0933,31.2537,25.2386,29.1168,35.0405,33.403,30.1689,33.7982,30.3815,32.4082,26.4813,27.11,24.4744,28.7952,26.0461,35.3735,35.3309,32.5764,29.2913,32.0954,31.553,31.3723,26.0755,27.0909,27.4629,25.394,24.6077,35.3904,33.4871,27.3876,29.0529,31.6007,26.1156,27.9109,24.8762,25.4645,35.5847,28.6013,24.9382,27.363,34.2832,35.5156,30.816,27.4691,24.8593,30.964,Normal
34.5752,34.0578,35.0904,32.5121,35.7914,29.9589,33.4379,28.9534,30.5831,25.0139,25.8702,34.2807,31.6885,27.4298,35.0118,25.3973,28.2146,27.6575,29.6802,28.6637,28.3251,34.2803,35.3177,24.7524,33.3237,26.9183,24.0911,33.1724,26.2393,34.0923,31.7634,33.9043,27.934,32.5878,27.9098,27.3443,27.074,32.7002,34.7188,34.3864,29.5131,33.8643,32.9759,24.9911,33.4372,34.548,30.1484,34.3207,31.4149,33.62,33.7269,33.6333,26.1993,26.565,27.9792,31.6128,29.0651,30.0228,34.2036,33.489,Normal
27.5253,29.7319,27.7394,32.8012,35.6093,29.744,32.4886,24.1498,33.0476,25.7986,33.8352,31.2937,26.8753,32.5871,30.722,30.643,29.7745,35.9251,24.2001,29.2255,32.229,35.6721,34.5814,32.7865,27.5378,26.3414,28.7426,30.7363,34.4096,33.1074,30.2042,34.4239,31.774,26.095,28.8069,30.7363,27.298,35.2123,34.8106,31.8857,29.8487,35.7205,26.5959,35.2604,27.0564,35.0985,28.5006,26.0685,27.0145,27.663,31.8702,29.1749,24.6077,30.9026,31.9525,30.0048,35.74,26.4207,26.0836,35.639,Normal
35.8821,31.4744,29.1943,35.8157,30.4454,27.7442,24.2875,26.6546,33.2381,33.4845,24.2438,25.2904,24.0731,33.6546,30.242,33.6682,34.8183,30.1208,27.0545,24.0793,25.8291,34.8176,29.1308,25.0293,26.9447,27.3053,28.9336,31.0484,24.4979,24.502,29.9104,31.636,32.4159,31.3312,27.5921,27.3498,33.4254,32.0968,24.9357,27.399,35.9119,31.9896,29.6398,29.1146,28.7085,31.7784,35.317,33.829,31.2328,29.3137,30.5119,27.334,33.2837,27.168,25.4208,27.5793,33.9428,31.745,32.0024,31.5258,Normal
34.0622,35.2072,35.4672,36.0033,35.3541,25.7245,25.2015,24.6581,32.926,29.426,26.8415,35.6743,30.2108,24.997,35.1029,33.89,27.0358,35.1242,29.7319,26.8863,33.8474,31.1758,34.3512,28.338,26.7373,27.5143,27.547,31.4457,28.6486,25.8938,26.955,28.9248,26.8437,29.9137,35.3658,25.7829,32.3491,30.6382,25.2096,33.219,27.5514,26.9267,35.4962,25.9841,35.4683,29.7121,28.1209,32.0278,32.7949,29.5469,34.8649,35.9449,24.4858,33.078,25.402,33.511,26.0403,27.446,27.6509,27.1129,Normal
30.5831,26.3935,27.0376,34.6475,31.8122,33.0189,31.6183,34.0449,35.4954,24.8295,34.1878,24.293,34.3321,24.6485,29.6912,28.8602,35.2942,26.1148,35.6655,29.8538,30.0198,29.8549,33.3626,31.8423,33.4809,31.2632,29.9787,27.0854,33.3692,35.4734,27.2749,24.9955,35.5781,24.6929,24.8149,25.8758,24.1641,25.6778,35.6376,29.5579,33.1977,34.06,25.9936,31.1854,28.5587,27.5297,33.7196,34.5998,25.7083,29.155,27.927,35.5726,33.2014,31.6811,29.3056,29.4106,31.3752,32.879,29.6464,31.2739,Normal
33.2275,28.8969,25.329,31.3716,27.8077,35.1774,28.2686,29.8046,33.6204,30.0323,32.1391,25.087,26.2702,34.83,26.0002,28.9163,28.013,33.3645,33.1419,29.3625,27.1717,28.5891,26.6131,35.2035,27.1261,35.5443,24.1421,27.3131,25.1876,31.911,33.421,34.0695,28.5447,26.0032,30.1241,24.3165,27.9212,35.007,24.6988,27.377,24.0966,24.9797,27.2712,29.2597,27.9355,26.5786,26.8661,30.4855,32.8037,32.8015,34.9531,31.272,24.423,25.0774,32.7483,28.6791,27.0373,34.8205,28.7217,32.1104,Normal
34.3453,33.2514,29.6368,25.3466,28.6417,25.9029,35.306,25.9015,32.8783,24.2776,28.8561,25.4817,26.0667,30.4065,24.5501,34.5352,27.7265,31.6826,24.6342,26.706,25.3664,33.4115,31.4821,30.2482,26.6429,30.1865,26.6763,29.845,30.5053,27.7732,27.1944,34.1929,30.5192,28.6299,34.0783,32.9572,25.1663,32.5944,31.8882,29.996,27.981,26.0248,34.8091,32.8882,28.2634,34.9872,24.8608,29.2358,27.5844,35.292,30.7646,34.3387,30.6279,35.6203,24.4601,24.1083,31.3543,30.2883,28.2241,30.3606,Normal
29.4606,29.5876,25.1454,31.8475,33.8892,32.7152,29.8153,26.4699,28.1925,30.8979,32.3175,26.3318,35.0074,26.0561,27.9781,24.1462,25.8141,32.2856,26.4549,33.6465,29.8281,33.461,24.0026,35.9236,31.7751,32.7097,25.0179,30.6,24.4238,34.6916,24.5042,35.7991,34.2586,24.2387,25.5273,31.2585,28.9112,34.9806,27.3678,25.4641,30.1201,34.5884,34.3765,24.5718,27.9785,33.117,33.2657,35.8516,32.2698,32.7861,24.9522,27.8176,25.1178,33.1496,34.6101,27.9153,30.4212,34.8822,29.6214,27.2341,Normal
28.1936,27.5128,30.0782,29.548,25.5482,24.6551,28.6596,34.4735,24.484,35.8057,28.6071,27.334,29.7418,26.2305,33.2143,30.2416,29.4242,30.7594,30.8281,34.2821,31.4759,27.7959,25.3734,35.794,28.5568,28.1555,24.0353,32.7138,34.5711,33.1632,32.1042,35.5186,29.2814,27.8385,26.7945,32.9723,26.4703,24.5883,32.2312,27.3703,29.8818,34.4415,26.7563,31.3547,32.243,29.3765,33.3821,32.698,26.1512,25.4725,28.2704,35.7275,25.7035,25.5438,30.1069,29.353,31.5577,35.216,29.3078,26.4681,Normal
34.5572,35.4991,35.7011,24.6915,26.7156,29.5604,35.9835,33.2205,30.4587,34.7114,31.2974,27.7908,30.6893,29.0103,30.4546,26.6469,25.1347,24.3338,24.7649,29.1936,29.4077,34.6508,24.5505,34.2917,35.6493,27.114,26.8761,24.2673,25.9095,33.8393,30.6775,35.3383,27.1037,30.6588,28.9806,32.0539,31.9319,25.4435,34.2289,31.3528,25.3073,34.4863,30.3143,25.3727,24.9001,28.5399,27.6608,28.2792,26.3877,32.3994,30.7146,24.8788,26.7523,26.4288,34.0424,25.9584,28.2366,26.4457,24.8373,32.1736,Normal
27.8441,26.4732,35.8447,27.2003,27.3604,24.3327,33.9792,30.6044,32.6781,31.1902,25.564,30.3096,29.2681,32.3296,31.1072,29.6849,34.9494,28.8969,33.7827,29.1326,24.2651,31.6242,35.8527,32.8004,30.1865,27.9774,26.3722,32.6583,24.914,34.4,30.5156,24.4726,29.9012,26.4696,31.8265,31.9753,32.8037,27.1001,34.0016,25.3058,29.1091,25.2746,29.4393,34.9119,30.8872,29.5134,32.8676,34.1253,35.5167,24.82,31.5148,36.0026,25.4568,29.0155,34.2006,25.7685,28.02,29.2406,34.7169,30.0701,Normal
31.9933,25.1799,32.5951,27.4666,27.2862,33.3457,31.9092,24.4825,32.6807,35.7547,29.3746,29.1279,30.3709,35.6544,27.3795,27.9204,25.6036,32.6568,35.1807,35.003,24.7003,36.0286,30.5288,34.2818,29.6475,28.2777,34.3211,27.7265,27.0692,29.8186,26.3994,30.7638,27.6123,24.4396,26.2639,30.188,25.2603,28.7155,46.5648,50.15,44.7045,44.8245,51.8601,42.0715,51.2737,48.8074,44.7287,49.9788,41.0569,47.6128,45.631,49.1342,44.5131,51.0463,40.4811,41.8262,48.3418,40.0966,40.4399,41.9323,Upward_shift
32.8617,35.7793,31.8504,25.3539,32.9183,35.7459,35.6089,27.0046,25.7806,26.1369,29.5799,28.0376,29.5869,30.5016,28.1029,25.2779,24.585,33.482,30.3492,35.5762,31.4391,30.1781,30.1542,25.7054,34.255,35.9633,40.6107,44.1867,49.4177,49.4831,45.7415,50.7235,50.9993,45.1124,46.3826,48.0711,43.2102,49.182,51.0085,46.7003,49.4056,49.9421,46.2714,45.9291,43.3869,48.2731,52.0991,44.6185,51.1848,48.6502,42.0061,47.0969,50.5616,43.2686,52.3837,43.6303,43.1328,43.8558,40.4403,47.0411,Upward_shift
35.9703,29.5733,25.2482,24.0154,29.7918,25.5886,30.9889,30.1572,35.3989,27.3175,35.1341,35.4378,33.8374,27.5378,28.9916,30.661,32.1626,24.5743,25.3029,32.6745,25.1957,24.2145,29.9291,32.4321,32.5121,32.5327,28.7911,29.6614,32.0443,33.9737,31.0506,47.5933,43.2439,43.6985,51.4601,44.6485,46.564,45.7935,46.5441,50.9886,41.6021,51.9933,49.794,48.4757,49.7345,43.1349,49.9864,42.2763,50.7201,52.0524,50.3393,48.4783,45.4201,43.0985,46.4027,47.6047,52.3653,50.3004,46.2786,51.8075,Upward_shift
36.0272,34.7133,25.8111,35.0614,29.0977,31.2559,25.3683,30.6904,29.3445,26.6477,33.8066,24.3793,30.8648,27.7196,33.1757,32.2657,32.2107,24.2739,31.5137,31.7208,30.6265,25.9235,26.0278,31.2001,30.5982,31.9294,34.9218,43.3703,45.4605,37.6178,47.2647,37.5426,46.2515,48.1188,40.6213,45.1506,42.0832,47.5445,37.1379,48.1185,40.7043,37.7809,46.015,40.448,37.4111,46.8798,43.5503,38.2326,46.6793,41.6914,44.2171,42.4082,46.9522,40.8512,39.9644,47.8739,39.0155,43.4416,47.2753,42.1996,Upward_shift
24.1608,25.9334,28.7254,24.7814,27.284,29.8513,27.6186,25.1406,32.388,28.1698,27.612,29.0566,30.6918,34.1485,34.1984,34.6512,26.1446,34.981,34.5208,35.776,32.9671,30.7631,26.3704,26.774,26.7721,32.2154,26.5232,44.5241,46.0668,37.9674,41.6286,47.3315,37.62,46.669,43.3688,36.8128,42.8815,43.7985,42.6891,38.5502,38.8836,39.202,36.8,46.8368,42.8452,47.1064,44.0871,45.9379,37.8638,39.7969,40.0128,41.4303,36.8268,40.1703,41.9583,41.8382,42.746,43.6857,44.0441,45.0856,Upward_shift
27.9542,24.5607,34.1419,31.0212,30.4197,35.8784,33.0931,29.2971,33.3975,35.8076,35.9798,33.1324,31.1509,30.9629,24.6555,25.6903,29.3067,24.7998,30.0286,25.0638,32.2052,26.9822,33.2668,27.1911,35.1649,35.9802,31.5398,32.742,41.0596,42.8807,38.0172,40.5073,46.0872,41.8969,36.2031,43.9118,42.8575,40.056,36.007,38.1751,41.1782,46.8844,42.4176,46.0141,46.3718,36.574,36.0368,37.0466,36.2623,36.5729,45.7351,42.249,40.4673,41.6317,47.0346,45.1655,47.114,36.4448,40.0729,44.3308,Upward_shift
28.4874,34.1558,28.6593,35.5274,35.2501,30.795,31.3183,28.0339,25.3745,33.6101,29.7231,28.4621,24.6834,35.2446,34.1507,35.3405,27.7243,27.5022,28.5388,32.3021,30.5857,30.7473,28.1797,27.0846,35.7227,26.7872,29.8898,28.0442,27.6626,27.2396,25.0047,24.7311,32.778,46.4027,47.259,45.3796,45.677,40.5437,39.2136,43.3738,42.0555,43.6827,42.5601,38.311,44.8783,40.5591,46.9171,43.3129,38.7586,47.5157,38.5618,47.7786,36.3254,42.0658,44.7733,48.3049,47.1371,39.6036,37.5626,44.185,Upward_shift
33.8837,27.8213,32.4942,26.344,28.9608,27.2433,35.8248,24.5567,30.8828,28.4342,33.4967,33.6634,27.7761,29.8179,27.5154,25.723,30.8461,29.1113,33.009,32.7978,30.4484,30.2703,34.8264,31.98,29.646,34.5719,27.8261,24.574,24.7671,34.2579,25.4164,30.0334,25.0965,33.1849,35.2138,34.1397,29.3452,28.6674,30.7774,47.4347,41.2085,41.3451,40.8335,47.416,40.4156,41.7824,46.7763,39.6169,46.6257,48.0399,45.401,40.2739,41.2643,43.4819,44.9706,47.2364,41.0847,49.2315,38.7173,49.3909,Upward_shift
33.3307,35.2758,31.5926,28.6112,24.1528,33.6413,34.8113,26.8559,33.2881,32.2566,28.5186,30.6573,25.8655,33.9524,26.7905,32.3671,35.4136,32.7453,34.5161,26.4189,33.2782,28.0464,30.343,31.9158,30.8281,26.3888,35.1932,26.9675,25.2555,31.055,24.5611,26.7883,31.5115,25.99,26.4064,26.167,44.8308,43.6351,47.5475,43.3384,49.9913,52.2736,43.9616,51.9956,52.2464,51.4731,45.3188,48.6363,43.3858,52.9217,49.37,43.843,46.3309,46.4506,49.2113,44.2084,41.5464,47.8277,47.8402,52.2872,Upward_shift
35.4279,29.9875,27.5962,30.4061,30.0577,27.9109,34.9207,33.1853,31.8093,28.136,30.8986,28.0581,24.0617,32.0454,30.4678,27.2525,33.6391,27.3546,28.3758,34.479,31.4145,29.086,44.4048,41.9019,43.9682,45.7217,35.7039,40.7752,43.792,35.8865,39.0769,40.0775,44.0637,45.4474,36.7281,36.3936,38.9127,38.0861,40.6974,37.68,34.6985,42.4149,44.6832,34.8057,40.6302,43.2463,38.8844,36.7593,36.8453,36.7413,38.5826,40.5446,42.1615,39.2373,35.1024,41.4289,36.7054,38.0931,36.478,38.7963,Upward_shift
32.4325,27.1724,29.1414,28.9857,28.9979,34.0802,34.3284,32.9216,28.0045,25.3224,33.7019,25.0899,26.9815,34.2858,35.6864,33.4992,28.7235,26.763,33.862,25.5012,28.1966,31.9885,24.4781,31.2239,28.7948,29.1862,45.1232,37.6268,39.3281,38.8613,37.0814,37.8082,37.7814,36.3782,36.127,34.8866,36.5692,43.6484,34.1771,45.2892,39.9505,37.6796,40.6156,45.1727,40.3559,43.8419,37.528,40.0346,39.6755,43.4251,41.9442,41.9431,34.8502,36.4256,39.3097,35.9761,35.8197,43.3455,39.7574,35.5248,Upward_shift
25.5486,24.9173,35.5421,25.6022,31.7527,24.0903,32.9176,24.3716,27.713,32.1637,30.3514,34.8179,25.6635,30.3753,24.2997,24.4528,29.8186,27.1206,28.7349,32.4207,34.5256,34.9226,25.4131,25.3991,24.8817,27.9652,32.6117,35.8252,32.8419,33.9865,35.5112,29.3111,31.091,26.995,32.7982,42.0241,47.5232,44.2583,43.844,41.394,48.4648,44.1128,48.7685,47.7733,42.5081,45.2112,51.5325,45.769,52.524,42.8503,49.0009,42.373,46.7311,50.4731,47.9947,50.1477,50.8106,47.6135,42.467,42.89,Upward_shift
35.913,29.8549,33.2503,30.1664,27.5315,24.791,29.3816,30.9162,33.3369,32.6825,34.0629,28.0912,32.1504,29.3372,28.0798,35.8384,33.807,26.9734,24.0885,30.694,35.0937,33.424,34.0861,32.6326,30.806,26.4956,27.5,33.7519,24.6342,25.0881,32.1967,27.6619,26.727,31.8277,31.3268,25.6466,30.7855,25.0767,42.6002,53.6032,47.4262,45.4788,47.0152,41.9667,44.3456,51.5787,52.547,43.0217,45.694,42.1044,48.8679,42.8436,53.4827,52.0843,42.3457,42.945,43.4415,51.0914,42.9035,47.0538,Upward_shift
27.8106,28.7548,32.4325,33.3079,26.9826,27.1544,34.3736,33.2675,30.177,31.3139,32.1122,35.5571,30.5192,27.479,31.665,25.5846,31.3213,24.8273,26.3755,26.8768,29.5542,28.3369,31.6778,41.9277,44.4972,38.6863,44.8978,46.4328,39.8577,40.2922,46.1152,45.1934,46.9825,48.9556,37.8626,42.1437,39.2709,38.4667,37.7642,41.0806,45.8996,46.2628,45.9477,47.2436,40.3002,46.225,43.1025,44.5637,46.009,47.775,43.6467,48.2388,40.6087,42.6111,40.4372,49.5075,38.687,40.1133,44.445,48.5282,Upward_shift
35.4011,28.1367,26.8173,27.9553,26.8617,35.5832,34.1018,27.9917,25.8761,27.2785,26.1717,25.3084,31.113,26.048,28.4698,28.8253,30.8123,28.1867,30.6812,31.488,33.7805,26.294,28.0357,34.0012,42.7304,43.5453,35.2219,38.9521,33.6384,43.0341,43.3359,32.6833,41.2094,33.37,34.9935,31.9206,40.8884,41.4286,39.8459,32.0175,40.371,32.7806,32.7721,42.3268,35.1528,40.5201,42.253,33.3226,36.3077,41.3273,42.3639,39.5176,39.9987,42.4175,42.3948,42.5181,42.892,42.8207,36.0466,34.6931,Upward_shift
29.126,28.2653,32.4141,35.238,35.3552,32.5456,32.5742,26.7993,27.5077,25.8706,26.9859,36.0084,35.075,28.4702,31.958,29.6203,32.5301,29.4312,35.863,25.2037,25.131,41.3258,44.0285,50.9242,41.4135,42.3331,50.5125,46.4088,48.2446,48.0239,45.0659,46.1323,44.142,46.9501,40.6057,45.5429,42.437,42.2034,49.0131,47.8065,43.5555,44.8503,42.1722,43.8071,48.3874,41.3456,51.2286,46.7915,40.0908,43.6069,41.9405,40.6409,44.5121,47.6397,40.3042,43.7057,48.4873,45.4893,50.0711,50.9197,Upward_shift
31.4057,25.2827,27.6296,25.0763,35.6963,35.9387,26.5382,28.4367,36.0022,32.0851,34.4265,29.1624,28.8315,32.5008,24.1998,26.8276,25.951,24.5696,31.8324,33.4445,34.6182,31.1097,29.5821,28.1562,26.5529,30.4796,34.8113,35.3798,47.9502,43.1994,44.17,53.0376,45.2169,48.519,44.6786,50.8273,52.1361,44.2174,52.5165,54.0078,48.3662,45.38,45.9356,51.2816,50.7443,46.6462,43.9354,43.0713,48.1833,44.5527,52.7787,53.0626,52.7824,48.1419,47.6909,46.2305,46.4262,42.1283,48.7797,45.5261,Upward_shift
24.8901,30.173,25.4446,28.4496,28.5524,32.0491,30.9827,33.6384,34.3684,26.9969,32.0072,27.862,26.6458,32.276,24.0782,32.8353,29.3647,27.4438,28.3405,27.4574,32.9774,25.0521,25.337,33.5602,27.4581,27.1449,26.85,28.2355,26.1662,33.392,28.9391,47.0293,46.2115,46.9963,43.508,45.7125,44.7224,46.1854,42.3381,46.1395,46.2255,40.6794,39.78,44.8848,46.621,43.7926,46.9889,41.6988,49.2965,43.4651,39.6567,44.2913,40.2457,48.3267,49.9494,40.7087,48.38,46.6415,50.519,41.954,Upward_shift
34.4507,34.0372,25.6418,25.2067,32.3223,32.2209,27.2319,33.1621,26.9906,27.0461,27.0435,29.7485,34.0537,24.6246,34.5256,29.6115,31.0161,34.1426,34.5811,34.6398,28.1044,31.3874,26.294,33.6021,34.7639,30.6863,25.2056,26.9091,35.01,34.0064,25.001,28.7408,30.6797,29.0482,28.7856,28.8697,40.4714,49.0816,40.8508,50.2479,45.6819,49.2748,48.945,48.1001,45.8127,43.9637,42.9006,49.8385,47.9748,44.5131,40.9466,42.3549,44.9636,49.674,49.2304,42.1129,45.1142,47.774,44.7275,45.6434,Upward_shift
34.6571,28.7107,30.0555,27.4603,24.6489,29.567,28.9964,31.3936,30.8134,28.8359,27.6553,29.1238,34.9997,28.4977,27.0997,26.5011,34.6079,33.6054,26.4181,25.6312,31.2243,33.7434,31.7171,29.4708,30.3687,45.688,43.1226,45.3931,37.4865,38.4002,43.9757,44.2217,41.2788,36.9265,34.5965,41.9611,41.7936,45.7479,38.4479,44.0223,42.0742,40.0163,38.8434,43.2431,36.7253,38.3443,38.8493,40.2319,36.621,36.1994,46.0034,36.5626,42.6849,43.9569,43.8985,43.3216,45.8239,34.4452,42.7517,45.208,Upward_shift
26.3296,31.886,33.952,35.2332,28.4753,29.0023,33.7533,32.8834,24.5494,24.8442,24.022,25.8747,29.462,35.5351,32.539,33.3127,33.515,25.5199,29.0074,33.5455,24.1623,30.3052,27.6201,24.9629,33.7372,32.8272,26.269,35.3996,28.5175,27.0174,33.955,35.3912,26.0689,46.9199,47.4935,42.0414,40.2321,37.8224,44.9876,40.2703,44.5738,42.0264,46.0489,40.6519,43.381,37.8738,45.1507,48.6532,47.5692,37.0226,48.5952,47.8901,44.5796,39.6655,41.8978,45.3222,44.7963,47.2097,37.4817,43.9943,Upward_shift
33.6538,30.231,35.9104,33.0079,28.2796,25.9408,30.4197,30.5101,26.0542,33.0288,33.9807,35.624,29.436,33.1059,32.5294,27.4886,31.4476,33.1724,28.8098,28.9266,32.9121,43.3228,41.8815,34.5243,34.406,38.3856,41.9593,43.9185,44.9551,36.6563,36.476,35.6252,37.5762,41.8404,39.9374,39.6701,44.5056,41.5352,35.1731,36.0534,45.4634,42.6031,37.1862,35.4485,39.9294,42.3567,36.6971,39.4953,35.3982,35.2146,41.8551,43.5164,40.7372,40.1519,45.5195,33.8981,39.4479,44.0374,40.3201,34.6623,Upward_shift
30.8949,35.6526,26.5059,33.7188,33.1544,24.2648,27.0461,34.66,28.7801,35.6699,29.1249,30.6827,25.4039,33.0883,34.3196,24.4653,34.8767,35.6144,31.9808,34.3997,32.9606,39.2874,42.1819,42.653,36.1224,34.1144,41.3108,32.6022,37.0716,43.6926,32.3837,33.2636,37.6074,33.4193,32.3514,43.7771,40.7405,35.0894,33.9209,32.3257,44.2985,41.244,35.2208,35.154,34.1743,32.9393,42.2289,36.472,33.254,33.016,42.8344,41.7599,39.438,34.8308,41.6509,41.0141,41.1463,35.4533,34.1247,33.7751,Upward_shift
28.2667,25.665,29.556,34.0361,25.0818,30.0679,27.7827,29.1411,34.2418,31.4065,32.9418,24.1425,24.1234,33.9087,33.5304,31.9576,26.767,35.9126,33.9296,35.2399,28.6013,28.2917,24.5317,35.3937,29.462,29.4767,34.6134,33.8319,28.1231,28.0853,29.1807,24.0709,35.4892,35.1018,30.7069,31.1303,30.0885,32.3833,44.0156,33.7118,38.7893,41.029,35.6368,37.0153,43.5448,39.0064,40.8142,36.9646,43.0546,37.3476,34.2362,33.8502,40.7804,42.7601,34.7554,40.7066,35.5075,35.4627,33.6115,41.4484,Upward_shift
26.7435,28.0269,34.5234,26.8544,24.1954,25.6382,32.7982,31.2787,35.2924,33.388,25.3007,35.1172,30.0305,35.1341,35.9747,33.9722,29.8836,31.868,28.0548,28.9314,28.3016,44.4724,43.3164,39.1154,40.4308,34.852,36.6202,33.5363,37.8361,40.6791,36.4101,44.4218,40.8998,37.7237,35.3342,39.1456,40.8083,41.6001,37.0833,41.5395,35.8252,34.7488,36.2948,43.2804,33.9094,38.3046,45.103,40.0508,42.0051,43.4512,35.8622,42.4311,34.8619,40.2817,36.5592,37.8416,34.6188,39.2583,43.8761,42.2834,Upward_shift
