V1,V2,V3,V4,V5,V6,V7,V8,V9,V10,V11,V12,V13,V14,V15,V16,V17,V18,V19,V20,V21,V22,V23,V24,V25,V26,V27,V28,V29,V30,V31,V32,V33,V34,V35,V36,V37,V38,V39,V40,Class
-1.049,-0.463,-0.399,-0.26,-0.171,-0.107,-0.508,-0.281,-0.13,-0.361,-1.049,-0.447,-0.081,-0.497,-0.282,-0.441,-0.621,-0.301,-0.316,-0.203,-1.049,-0.537,-0.598,-0.361,-0.284,-0.195,-0.595,-0.42,-0.299,-0.686,-1.049,-0.598,-0.278,-0.573,-0.352,-0.448,-0.737,-0.455,-0.416,-0.437,1
-1.067,-0.448,-0.382,-0.222,-0.139,-0.043,-0.482,-0.294,-0.148,-0.437,-1.067,-0.454,-0.131,-0.523,-0.287,-0.471,-0.594,-0.299,-0.298,-0.2,-1.067,-0.536,-0.597,-0.335,-0.233,-0.137,-0.542,-0.388,-0.272,-0.652,-1.067,-0.556,-0.198,-0.563,-0.323,-0.459,-0.695,-0.379,-0.362,-0.315,1
-1.183,-0.521,-0.427,-0.297,-0.178,-0.072,-0.544,-0.318,-0.196,-0.449,-1.183,-0.472,-0.25,-0.502,-0.333,-0.506,-0.567,-0.326,-0.303,-0.235,-1.183,-0.608,-0.668,-0.409,-0.283,-0.153,-0.645,-0.428,-0.288,-0.699,-1.183,-0.638,-0.289,-0.607,-0.365,-0.474,-0.759,-0.429,-0.391,-0.404,1
-0.888,-0.415,-0.399,-0.185,-0.159,-0.052,-0.433,-0.286,-0.143,-0.441,-0.888,-0.432,-0.232,-0.451,-0.305,-0.471,-0.57,-0.338,-0.315,-0.293,-0.888,-0.522,-0.629,-0.246,-0.226,-0.068,-0.446,-0.356,-0.19,-0.533,-0.888,-0.509,-0.15,-0.494,-0.245,-0.301,-0.662,-0.353,-0.327,-0.308,1
-1.059,-0.464,-0.417,-0.272,-0.149,-0.05,-0.473,-0.257,-0.167,-0.49,-1.059,-0.463,-0.21,-0.498,-0.326,-0.471,-0.576,-0.326,-0.312,-0.25,-1.059,-0.577,-0.646,-0.384,-0.33,-0.253,-0.546,-0.412,-0.329,-0.62,-1.059,-0.57,-0.151,-0.562,-0.277,-0.378,-0.696,-0.354,-0.305,-0.264,1
-0.706,-0.238,-0.149,-0.018,0.051,0.095,-0.171,-0.057,0.021,-0.173,-0.706,-0.288,0.042,-0.322,-0.134,-0.262,-0.4,-0.17,-0.166,-0.1,-0.706,-0.287,-0.348,-0.077,-0.051,0.037,-0.231,-0.136,-0.045,-0.362,-0.706,-0.272,-0.091,-0.274,-0.167,-0.277,-0.434,-0.221,-0.201,-0.208,1
-1.025,-0.468,-0.391,-0.273,-0.18,-0.057,-0.492,-0.255,-0.126,-0.426,-1.025,-0.482,-0.1,-0.484,-0.266,-0.404,-0.604,-0.302,-0.298,-0.212,-1.025,-0.539,-0.686,-0.348,-0.33,-0.202,-0.552,-0.428,-0.31,-0.708,-1.025,-0.601,-0.352,-0.606,-0.427,-0.506,-0.759,-0.497,-0.456,-0.463,1
-1.054,-0.295,-0.348,-0.125,-0.111,-0.035,-0.331,-0.153,-0.028,-0.255,-1.054,-0.405,-0.01,-0.49,-0.247,-0.444,-0.531,-0.243,-0.252,-0.097,-1.054,-0.574,-0.667,-0.385,-0.318,-0.184,-0.575,-0.456,-0.342,-0.709,-1.054,-0.504,-0.13,-0.527,-0.258,-0.413,-0.661,-0.314,-0.302,-0.284,1
-1.079,-0.549,-0.504,-0.36,-0.277,-0.22,-0.539,-0.342,-0.25,-0.459,-1.079,-0.545,-0.207,-0.572,-0.341,-0.437,-0.697,-0.399,-0.374,-0.313,-1.079,-0.651,-0.661,-0.471,-0.396,-0.291,-0.65,-0.484,-0.391,-0.643,-1.079,-0.645,-0.255,-0.62,-0.36,-0.415,-0.791,-0.461,-0.42,-0.428,1
-0.329,-0.097,-0.245,0.091,0.049,0.082,-0.063,-0.022,0.018,-0.175,-0.329,-0.142,0.1,-0.307,-0.106,-0.313,-0.436,-0.154,-0.156,-0.109,-0.329,-0.111,-0.451,-0.005,-0.082,-0.063,-0.173,-0.135,-0.104,-0.469,-0.329,-0.047,0.234,-0.147,0.022,-0.103,-0.357,-0.078,-0.109,-0.06,1
-1.17,-0.432,-0.374,-0.201,-0.112,-0.086,-0.471,-0.254,-0.167,-0.426,-1.17,-0.476,-0.155,-0.525,-0.311,-0.491,-0.561,-0.293,-0.271,-0.154,-1.17,-0.634,-0.65,-0.446,-0.311,-0.219,-0.632,-0.414,-0.324,-0.656,-1.17,-0.642,-0.265,-0.594,-0.363,-0.455,-0.725,-0.424,-0.385,-0.373,1
-1.182,-0.566,-0.504,-0.305,-0.196,-0.099,-0.54,-0.305,-0.153,-0.404,-1.182,-0.555,-0.298,-0.511,-0.344,-0.478,-0.622,-0.368,-0.321,-0.311,-1.182,-0.695,-0.753,-0.468,-0.386,-0.196,-0.693,-0.532,-0.362,-0.773,-1.182,-0.669,-0.38,-0.597,-0.392,-0.456,-0.779,-0.483,-0.433,-0.471,1
-1.052,-0.375,-0.456,-0.14,-0.12,-0.053,-0.369,-0.255,-0.093,-0.411,-1.052,-0.424,-0.146,-0.505,-0.303,-0.535,-0.514,-0.286,-0.293,-0.169,-1.052,-0.548,-0.674,-0.369,-0.295,-0.167,-0.562,-0.453,-0.362,-0.788,-1.052,-0.523,-0.139,-0.557,-0.294,-0.441,-0.67,-0.327,-0.316,-0.236,1
-0.529,-0.31,-0.347,-0.086,-0.177,-0.085,-0.204,-0.22,-0.12,-0.345,-0.529,-0.312,0.061,-0.454,-0.256,-0.408,-0.513,-0.283,-0.288,-0.176,-0.529,-0.236,-0.419,-0.051,-0.088,0.001,-0.226,-0.158,-0.05,-0.41,-0.529,-0.223,0.033,-0.332,-0.152,-0.278,-0.528,-0.25,-0.251,-0.247,1
-1.006,-0.43,-0.544,-0.246,-0.212,-0.102,-0.486,-0.401,-0.237,-0.637,-1.006,-0.487,-0.234,-0.504,-0.29,-0.484,-0.607,-0.323,-0.289,-0.295,-1.006,-0.631,-0.76,-0.406,-0.358,-0.22,-0.583,-0.469,-0.35,-0.69,-1.006,-0.551,-0.359,-0.571,-0.372,-0.52,-0.718,-0.441,-0.403,-0.43,1
-0.257,-0.245,-0.525,-0.006,-0.138,-0.162,-0.119,-0.173,-0.081,-0.346,-0.257,-0.186,-0.079,-0.4,-0.303,-0.57,-0.507,-0.337,-0.371,-0.392,-0.257,-0.13,-0.543,0.069,-0.147,-0.055,-0.057,-0.193,-0.117,-0.451,-0.257,-0.102,0.025,-0.179,-0.131,-0.237,-0.391,-0.275,-0.282,-0.297,1
-0.879,-0.406,-0.4,-0.227,-0.189,-0.14,-0.429,-0.247,-0.194,-0.521,-0.879,-0.406,-0.186,-0.483,-0.32,-0.533,-0.593,-0.334,-0.342,-0.305,-0.879,-0.46,-0.681,-0.265,-0.299,-0.18,-0.466,-0.391,-0.275,-0.638,-0.879,-0.469,-0.293,-0.518,-0.374,-0.509,-0.658,-0.439,-0.432,-0.421,1
-1.079,-0.42,-0.369,-0.226,-0.121,-0.034,-0.439,-0.178,-0.082,-0.323,-1.079,-0.457,-0.093,-0.491,-0.249,-0.402,-0.571,-0.251,-0.246,-0.136,-1.079,-0.556,-0.678,-0.384,-0.327,-0.232,-0.585,-0.444,-0.345,-0.691,-1.079,-0.53,-0.165,-0.528,-0.275,-0.415,-0.666,-0.342,-0.339,-0.3,1
-1.13,-0.551,-0.516,-0.372,-0.27,-0.18,-0.567,-0.359,-0.247,-0.458,-1.13,-0.532,-0.246,-0.572,-0.36,-0.503,-0.665,-0.385,-0.365,-0.292,-1.13,-0.645,-0.633,-0.471,-0.378,-0.251,-0.661,-0.465,-0.354,-0.631,-1.13,-0.679,-0.305,-0.637,-0.362,-0.421,-0.798,-0.469,-0.405,-0.427,1
-1.061,-0.455,-0.371,-0.227,-0.167,-0.068,-0.476,-0.252,-0.108,-0.327,-1.061,-0.499,-0.221,-0.567,-0.366,-0.55,-0.65,-0.369,-0.35,-0.277,-1.061,-0.555,-0.645,-0.376,-0.318,-0.185,-0.584,-0.426,-0.293,-0.677,-1.061,-0.538,-0.224,-0.54,-0.339,-0.446,-0.684,-0.381,-0.357,-0.327,1
-0.449,-0.024,-0.251,0.151,0.043,0.097,-0.092,-0.06,0.064,-0.312,-0.449,-0.15,-0.055,-0.328,-0.284,-0.541,-0.382,-0.266,-0.295,-0.254,-0.449,-0.292,-0.696,-0.112,-0.29,-0.175,-0.248,-0.359,-0.243,-0.604,-0.449,-0.187,-0.008,-0.275,-0.135,-0.342,-0.461,-0.236,-0.261,-0.321,1
-0.729,-0.318,-0.478,-0.121,-0.22,-0.145,-0.29,-0.34,-0.227,-0.533,-0.729,-0.356,-0.078,-0.423,-0.252,-0.401,-0.47,-0.249,-0.23,-0.153,-0.729,-0.342,-0.451,-0.109,-0.103,0.002,-0.261,-0.193,-0.072,-0.425,-0.729,-0.375,-0.14,-0.394,-0.258,-0.363,-0.538,-0.312,-0.288,-0.273,1
-0.448,-0.263,-0.251,-0.086,-0.057,-0.012,-0.281,-0.212,-0.16,-0.33,-0.448,-0.347,-0.028,-0.508,-0.278,-0.44,-0.663,-0.37,-0.352,-0.333,-0.448,-0.428,-0.71,-0.352,-0.516,-0.438,-0.444,-0.538,-0.501,-0.723,-0.448,-0.298,-0.145,-0.372,-0.3,-0.38,-0.544,-0.419,-0.414,-0.387,1
-1.028,-0.442,-0.25,-0.275,-0.144,-0.063,-0.483,-0.232,-0.156,-0.345,-1.028,-0.479,-0.125,-0.556,-0.3,-0.434,-0.66,-0.331,-0.304,-0.2,-1.028,-0.524,-0.702,-0.329,-0.316,-0.174,-0.531,-0.442,-0.301,-0.685,-1.028,-0.533,-0.214,-0.544,-0.338,-0.437,-0.669,-0.409,-0.375,-0.318,1
-0.997,-0.421,-0.303,-0.213,-0.106,-0.095,-0.466,-0.213,-0.091,-0.25,-0.997,-0.412,0.025,-0.477,-0.225,-0.385,-0.6,-0.25,-0.278,-0.121,-0.997,-0.482,-0.538,-0.314,-0.221,-0.151,-0.544,-0.355,-0.261,-0.651,-0.997,-0.531,-0.182,-0.526,-0.284,-0.395,-0.688,-0.383,-0.351,-0.357,1
-1.112,-0.495,-0.393,-0.272,-0.139,-0.046,-0.498,-0.26,-0.148,-0.374,-1.112,-0.49,-0.129,-0.525,-0.292,-0.452,-0.632,-0.309,-0.324,-0.223,-1.112,-0.638,-0.655,-0.472,-0.383,-0.292,-0.661,-0.494,-0.378,-0.643,-1.112,-0.608,-0.266,-0.585,-0.354,-0.464,-0.753,-0.431,-0.412,-0.415,1
-0.988,-0.476,-0.489,-0.309,-0.234,-0.14,-0.52,-0.35,-0.243,-0.43,-0.988,-0.523,-0.125,-0.593,-0.305,-0.433,-0.735,-0.374,-0.349,-0.253,-0.988,-0.631,-0.77,-0.45,-0.471,-0.315,-0.631,-0.552,-0.452,-0.727,-0.988,-0.561,-0.288,-0.542,-0.364,-0.477,-0.696,-0.438,-0.416,-0.432,1
-1.101,-0.385,-0.395,-0.235,-0.11,-0.003,-0.462,-0.229,-0.126,-0.401,-1.101,-0.398,-0.053,-0.49,-0.245,-0.4,-0.574,-0.246,-0.248,-0.118,-1.101,-0.579,-0.622,-0.406,-0.279,-0.179,-0.586,-0.392,-0.3,-0.634,-1.101,-0.542,-0.18,-0.531,-0.29,-0.406,-0.663,-0.328,-0.312,-0.248,1
-1.122,-0.495,-0.418,-0.274,-0.165,-0.075,-0.504,-0.28,-0.165,-0.407,-1.122,-0.492,-0.147,-0.538,-0.318,-0.481,-0.644,-0.329,-0.342,-0.246,-1.122,-0.663,-0.624,-0.484,-0.366,-0.298,-0.673,-0.477,-0.378,-0.613,-1.122,-0.635,-0.301,-0.615,-0.384,-0.466,-0.787,-0.467,-0.441,-0.449,1
-0.966,-0.397,-0.274,-0.182,-0.046,0.039,-0.409,-0.162,-0.033,-0.269,-0.966,-0.43,-0.111,-0.426,-0.223,-0.366,-0.543,-0.246,-0.222,-0.215,-0.966,-0.53,-0.592,-0.346,-0.264,-0.142,-0.54,-0.354,-0.246,-0.584,-0.966,-0.517,-0.181,-0.49,-0.236,-0.311,-0.664,-0.332,-0.289,-0.3,1
0.295,0.127,-0.297,0.331,0.112,0.054,0.177,0.054,0.117,-0.172,0.295,0.15,0.416,-0.099,0.028,-0.146,-0.269,-0.07,-0.092,0.027,0.295,0.264,-0.345,0.425,0.065,0.093,0.297,0.03,0.098,-0.316,0.295,0.227,0.465,0.013,0.132,-0.085,-0.136,0.052,-0.017,-0.017,1
-1.076,-0.462,-0.429,-0.258,-0.19,-0.11,-0.514,-0.356,-0.223,-0.438,-1.076,-0.473,-0.093,-0.521,-0.291,-0.415,-0.611,-0.287,-0.259,-0.118,-1.076,-0.583,-0.628,-0.382,-0.315,-0.174,-0.588,-0.433,-0.295,-0.57,-1.076,-0.576,-0.252,-0.568,-0.334,-0.45,-0.692,-0.395,-0.359,-0.319,1
-1.218,-0.547,-0.481,-0.279,-0.189,-0.076,-0.547,-0.346,-0.147,-0.459,-1.218,-0.598,-0.278,-0.567,-0.347,-0.453,-0.68,-0.398,-0.316,-0.278,-1.218,-0.749,-0.736,-0.563,-0.443,-0.307,-0.744,-0.546,-0.433,-0.713,-1.218,-0.694,-0.407,-0.626,-0.393,-0.473,-0.796,-0.493,-0.444,-0.493,1
-1.005,-0.424,-0.506,-0.214,-0.206,-0.123,-0.441,-0.304,-0.153,-0.433,-1.005,-0.477,-0.187,-0.515,-0.332,-0.485,-0.598,-0.35,-0.327,-0.237,-1.005,-0.563,-0.68,-0.382,-0.362,-0.263,-0.55,-0.42,-0.33,-0.628,-1.005,-0.556,-0.167,-0.535,-0.289,-0.361,-0.679,-0.381,-0.317,-0.287,1
-1.08,-0.407,-0.436,-0.235,-0.179,-0.107,-0.472,-0.28,-0.142,-0.496,-1.08,-0.422,-0.118,-0.503,-0.265,-0.43,-0.582,-0.268,-0.251,-0.144,-1.08,-0.571,-0.747,-0.378,-0.338,-0.214,-0.56,-0.456,-0.343,-0.737,-1.08,-0.56,-0.205,-0.566,-0.331,-0.445,-0.695,-0.391,-0.397,-0.325,1
-1.024,-0.413,-0.426,-0.22,-0.202,-0.099,-0.441,-0.293,-0.182,-0.364,-1.024,-0.454,-0.187,-0.51,-0.326,-0.501,-0.607,-0.333,-0.334,-0.248,-1.024,-0.57,-0.617,-0.405,-0.328,-0.246,-0.597,-0.441,-0.36,-0.684,-1.024,-0.525,-0.245,-0.547,-0.367,-0.486,-0.695,-0.419,-0.426,-0.38,1
-1.181,-0.476,-0.446,-0.283,-0.225,-0.12,-0.523,-0.323,-0.186,-0.444,-1.181,-0.499,-0.147,-0.552,-0.3,-0.47,-0.645,-0.318,-0.311,-0.199,-1.181,-0.63,-0.675,-0.444,-0.346,-0.248,-0.686,-0.492,-0.368,-0.754,-1.181,-0.598,-0.133,-0.591,-0.306,-0.378,-0.717,-0.37,-0.339,-0.238,1
-1.172,-0.479,-0.444,-0.275,-0.17,-0.146,-0.521,-0.335,-0.225,-0.474,-1.172,-0.539,-0.193,-0.545,-0.313,-0.474,-0.658,-0.355,-0.347,-0.271,-1.172,-0.647,-0.59,-0.442,-0.304,-0.225,-0.663,-0.445,-0.351,-0.642,-1.172,-0.592,-0.23,-0.555,-0.311,-0.424,-0.683,-0.357,-0.339,-0.304,1
-1.247,-0.497,-0.413,-0.289,-0.161,-0.107,-0.556,-0.31,-0.173,-0.465,-1.247,-0.574,-0.286,-0.578,-0.346,-0.506,-0.687,-0.375,-0.341,-0.303,-1.247,-0.746,-0.768,-0.517,-0.413,-0.259,-0.744,-0.559,-0.391,-0.744,-1.247,-0.701,-0.376,-0.638,-0.397,-0.486,-0.776,-0.465,-0.418,-0.431,1
-1.017,-0.511,-0.507,-0.295,-0.258,-0.146,-0.483,-0.356,-0.221,-0.412,-1.017,-0.517,-0.113,-0.568,-0.327,-0.425,-0.698,-0.387,-0.364,-0.271,-1.017,-0.589,-0.611,-0.389,-0.342,-0.206,-0.583,-0.434,-0.315,-0.571,-1.017,-0.548,-0.168,-0.57,-0.321,-0.419,-0.712,-0.403,-0.386,-0.316,1
-1.208,-0.531,-0.452,-0.282,-0.163,-0.059,-0.542,-0.267,-0.131,-0.38,-1.208,-0.582,-0.27,-0.543,-0.352,-0.493,-0.662,-0.379,-0.344,-0.303,-1.208,-0.733,-0.738,-0.482,-0.386,-0.25,-0.724,-0.549,-0.382,-0.702,-1.208,-0.665,-0.273,-0.608,-0.328,-0.431,-0.762,-0.401,-0.374,-0.382,1
-1.028,-0.379,-0.462,-0.172,-0.131,0.0,-0.4,-0.233,-0.143,-0.416,-1.028,-0.456,-0.187,-0.511,-0.305,-0.473,-0.606,-0.314,-0.305,-0.215,-1.028,-0.591,-0.669,-0.421,-0.357,-0.25,-0.609,-0.473,-0.389,-0.734,-1.028,-0.514,-0.233,-0.505,-0.298,-0.441,-0.653,-0.343,-0.333,-0.317,1
-1.07,-0.41,-0.383,-0.231,-0.157,-0.065,-0.451,-0.205,-0.107,-0.366,-1.07,-0.458,-0.106,-0.492,-0.254,-0.393,-0.583,-0.263,-0.24,-0.126,-1.07,-0.557,-0.675,-0.383,-0.318,-0.209,-0.58,-0.433,-0.328,-0.674,-1.07,-0.542,-0.215,-0.533,-0.311,-0.422,-0.678,-0.383,-0.362,-0.327,1
-1.045,-0.407,-0.454,-0.203,-0.165,-0.07,-0.42,-0.273,-0.161,-0.417,-1.045,-0.441,-0.154,-0.523,-0.311,-0.52,-0.573,-0.314,-0.318,-0.206,-1.045,-0.566,-0.687,-0.396,-0.311,-0.178,-0.592,-0.464,-0.376,-0.816,-1.045,-0.55,-0.146,-0.554,-0.302,-0.4,-0.68,-0.334,-0.308,-0.231,1
-1.103,-0.495,-0.528,-0.317,-0.236,-0.126,-0.533,-0.338,-0.2,-0.505,-1.103,-0.544,-0.233,-0.595,-0.344,-0.479,-0.726,-0.394,-0.372,-0.319,-1.103,-0.648,-0.683,-0.49,-0.367,-0.279,-0.664,-0.468,-0.399,-0.743,-1.103,-0.657,-0.215,-0.642,-0.367,-0.417,-0.796,-0.443,-0.411,-0.353,1
-1.13,-0.415,-0.332,-0.228,-0.11,-0.043,-0.494,-0.227,-0.086,-0.336,-1.13,-0.434,-0.019,-0.49,-0.235,-0.389,-0.584,-0.236,-0.257,-0.102,-1.13,-0.646,-0.686,-0.455,-0.342,-0.203,-0.652,-0.485,-0.394,-0.764,-1.13,-0.634,-0.298,-0.605,-0.364,-0.464,-0.733,-0.418,-0.379,-0.351,1
-1.127,-0.479,-0.466,-0.283,-0.186,-0.096,-0.539,-0.357,-0.205,-0.506,-1.127,-0.474,-0.194,-0.516,-0.293,-0.474,-0.628,-0.335,-0.323,-0.27,-1.127,-0.622,-0.683,-0.488,-0.38,-0.317,-0.666,-0.48,-0.409,-0.737,-1.127,-0.648,-0.386,-0.622,-0.436,-0.507,-0.781,-0.515,-0.469,-0.483,1
-1.165,-0.537,-0.565,-0.31,-0.243,-0.111,-0.534,-0.37,-0.209,-0.531,-1.165,-0.561,-0.218,-0.553,-0.313,-0.421,-0.661,-0.377,-0.32,-0.251,-1.165,-0.696,-0.726,-0.523,-0.409,-0.261,-0.71,-0.515,-0.405,-0.747,-1.165,-0.667,-0.437,-0.649,-0.447,-0.549,-0.811,-0.533,-0.493,-0.524,1
-1.105,-0.501,-0.474,-0.335,-0.216,-0.135,-0.558,-0.356,-0.239,-0.453,-1.105,-0.533,-0.233,-0.571,-0.346,-0.478,-0.708,-0.38,-0.35,-0.291,-1.105,-0.644,-0.581,-0.487,-0.348,-0.256,-0.689,-0.467,-0.376,-0.644,-1.105,-0.59,-0.247,-0.579,-0.335,-0.398,-0.724,-0.416,-0.338,-0.296,1
-1.006,-0.398,-0.363,-0.219,-0.123,-0.039,-0.475,-0.252,-0.128,-0.421,-1.006,-0.401,-0.073,-0.447,-0.228,-0.404,-0.562,-0.274,-0.278,-0.208,-1.006,-0.513,-0.601,-0.34,-0.26,-0.2,-0.523,-0.37,-0.305,-0.674,-1.006,-0.572,-0.333,-0.543,-0.378,-0.461,-0.691,-0.439,-0.4,-0.415,1
-0.561,-0.152,-0.3,0.047,-0.013,0.036,-0.156,-0.094,0.022,-0.334,-0.561,-0.208,-0.078,-0.382,-0.302,-0.524,-0.397,-0.268,-0.282,-0.214,-0.561,-0.3,-0.665,-0.152,-0.25,-0.139,-0.302,-0.324,-0.231,-0.644,-0.561,-0.27,0.018,-0.324,-0.171,-0.313,-0.478,-0.249,-0.265,-0.214,1
-1.053,-0.388,-0.421,-0.215,-0.17,-0.053,-0.418,-0.228,-0.088,-0.384,-1.053,-0.447,-0.004,-0.531,-0.255,-0.429,-0.588,-0.258,-0.265,-0.113,-1.053,-0.579,-0.651,-0.414,-0.344,-0.249,-0.602,-0.467,-0.375,-0.689,-1.053,-0.507,-0.167,-0.525,-0.282,-0.419,-0.682,-0.349,-0.337,-0.337,1
-1.09,-0.523,-0.363,-0.255,-0.161,-0.111,-0.479,-0.262,-0.166,-0.366,-1.09,-0.509,-0.158,-0.522,-0.351,-0.448,-0.606,-0.361,-0.336,-0.207,-1.09,-0.628,-0.656,-0.461,-0.356,-0.241,-0.654,-0.443,-0.349,-0.642,-1.09,-0.679,-0.264,-0.644,-0.365,-0.409,-0.804,-0.467,-0.423,-0.422,1
-1.116,-0.523,-0.492,-0.347,-0.238,-0.142,-0.57,-0.371,-0.262,-0.5,-1.116,-0.526,-0.281,-0.532,-0.34,-0.482,-0.656,-0.372,-0.336,-0.275,-1.116,-0.656,-0.723,-0.471,-0.393,-0.237,-0.669,-0.508,-0.374,-0.726,-1.116,-0.664,-0.389,-0.649,-0.42,-0.519,-0.802,-0.505,-0.47,-0.48,1
-0.96,-0.346,-0.437,-0.19,-0.175,-0.086,-0.398,-0.264,-0.171,-0.373,-0.96,-0.436,-0.101,-0.521,-0.303,-0.459,-0.603,-0.317,-0.323,-0.201,-0.96,-0.506,-0.522,-0.362,-0.297,-0.262,-0.539,-0.387,-0.322,-0.572,-0.96,-0.452,-0.129,-0.484,-0.272,-0.424,-0.621,-0.322,-0.32,-0.278,1
-0.22,-0.088,-0.242,0.016,-0.075,-0.075,-0.235,-0.171,-0.108,-0.338,-0.22,-0.091,0.136,-0.311,-0.156,-0.338,-0.547,-0.291,-0.278,-0.177,-0.22,-0.186,-0.572,-0.102,-0.318,-0.309,-0.209,-0.354,-0.342,-0.677,-0.22,-0.095,0.356,-0.217,0.034,0.023,-0.36,-0.07,0.013,0.193,1
-1.025,-0.364,-0.45,-0.12,-0.171,-0.031,-0.457,-0.309,-0.103,-0.442,-1.025,-0.421,-0.132,-0.506,-0.31,-0.505,-0.573,-0.308,-0.303,-0.189,-1.025,-0.516,-0.617,-0.344,-0.292,-0.164,-0.535,-0.397,-0.29,-0.696,-1.025,-0.513,-0.197,-0.545,-0.32,-0.466,-0.652,-0.358,-0.34,-0.289,1
-0.737,-0.352,-0.259,-0.151,-0.096,0.005,-0.315,-0.175,-0.077,-0.29,-0.737,-0.341,0.02,-0.369,-0.171,-0.27,-0.477,-0.22,-0.202,-0.135,-0.737,-0.318,-0.428,-0.112,-0.119,-0.023,-0.264,-0.166,-0.067,-0.351,-0.737,-0.322,-0.177,-0.33,-0.227,-0.347,-0.51,-0.298,-0.289,-0.339,1
-0.897,-0.425,-0.435,-0.22,-0.183,-0.146,-0.411,-0.255,-0.189,-0.437,-0.897,-0.416,-0.176,-0.476,-0.267,-0.464,-0.59,-0.3,-0.301,-0.301,-0.897,-0.529,-0.634,-0.331,-0.27,-0.153,-0.516,-0.378,-0.261,-0.615,-0.897,-0.519,-0.265,-0.53,-0.35,-0.434,-0.7,-0.454,-0.428,-0.427,1
-0.927,-0.367,-0.371,-0.197,-0.16,-0.104,-0.434,-0.262,-0.133,-0.368,-0.927,-0.41,-0.14,-0.478,-0.291,-0.492,-0.61,-0.333,-0.349,-0.306,-0.927,-0.511,-0.634,-0.331,-0.373,-0.309,-0.519,-0.456,-0.346,-0.616,-0.927,-0.506,-0.27,-0.518,-0.341,-0.464,-0.663,-0.42,-0.386,-0.391,1
-1.056,-0.472,-0.477,-0.26,-0.212,-0.077,-0.497,-0.335,-0.174,-0.507,-1.056,-0.506,-0.212,-0.494,-0.312,-0.421,-0.607,-0.362,-0.309,-0.256,-1.056,-0.594,-0.696,-0.399,-0.357,-0.213,-0.57,-0.432,-0.318,-0.673,-1.056,-0.62,-0.442,-0.588,-0.448,-0.514,-0.745,-0.522,-0.471,-0.513,1
-0.907,-0.396,-0.399,-0.242,-0.177,-0.115,-0.464,-0.306,-0.221,-0.583,-0.907,-0.449,-0.222,-0.501,-0.323,-0.51,-0.637,-0.353,-0.344,-0.329,-0.907,-0.58,-0.774,-0.385,-0.406,-0.267,-0.573,-0.506,-0.367,-0.71,-0.907,-0.542,-0.403,-0.587,-0.443,-0.587,-0.741,-0.512,-0.49,-0.518,1
-1.175,-0.521,-0.386,-0.334,-0.176,-0.062,-0.498,-0.271,-0.148,-0.338,-1.175,-0.533,-0.132,-0.593,-0.304,-0.486,-0.676,-0.326,-0.315,-0.207,-1.175,-0.622,-0.715,-0.463,-0.372,-0.286,-0.683,-0.484,-0.378,-0.732,-1.175,-0.616,-0.169,-0.635,-0.335,-0.411,-0.768,-0.401,-0.385,-0.296,1
-0.842,-0.372,-0.476,-0.226,-0.149,-0.082,-0.401,-0.274,-0.128,-0.448,-0.842,-0.387,-0.008,-0.542,-0.232,-0.44,-0.618,-0.268,-0.264,-0.112,-0.842,-0.444,-0.54,-0.341,-0.263,-0.146,-0.521,-0.37,-0.316,-0.621,-0.842,-0.45,-0.077,-0.547,-0.278,-0.42,-0.697,-0.341,-0.322,-0.288,1
-1.243,-0.516,-0.466,-0.275,-0.184,-0.083,-0.567,-0.341,-0.136,-0.455,-1.243,-0.586,-0.292,-0.572,-0.36,-0.506,-0.682,-0.406,-0.344,-0.298,-1.243,-0.748,-0.794,-0.546,-0.447,-0.294,-0.743,-0.575,-0.43,-0.768,-1.243,-0.723,-0.398,-0.668,-0.425,-0.511,-0.819,-0.512,-0.462,-0.491,1
-1.129,-0.459,-0.347,-0.282,-0.123,-0.051,-0.524,-0.267,-0.157,-0.396,-1.129,-0.501,-0.151,-0.516,-0.25,-0.398,-0.629,-0.301,-0.276,-0.204,-1.129,-0.665,-0.705,-0.505,-0.401,-0.321,-0.671,-0.482,-0.407,-0.712,-1.129,-0.666,-0.397,-0.642,-0.41,-0.521,-0.798,-0.505,-0.474,-0.517,1
-1.072,-0.477,-0.493,-0.271,-0.156,-0.02,-0.467,-0.303,-0.15,-0.491,-1.072,-0.451,-0.145,-0.511,-0.268,-0.425,-0.598,-0.284,-0.269,-0.202,-1.072,-0.592,-0.591,-0.381,-0.259,-0.154,-0.592,-0.431,-0.308,-0.636,-1.072,-0.585,-0.228,-0.614,-0.355,-0.474,-0.772,-0.436,-0.405,-0.366,1
-0.97,-0.456,-0.432,-0.273,-0.195,-0.122,-0.47,-0.257,-0.157,-0.367,-0.97,-0.49,-0.235,-0.52,-0.357,-0.505,-0.659,-0.402,-0.386,-0.376,-0.97,-0.525,-0.611,-0.378,-0.336,-0.235,-0.59,-0.427,-0.336,-0.649,-0.97,-0.557,-0.242,-0.56,-0.311,-0.371,-0.728,-0.403,-0.362,-0.342,1
-1.106,-0.457,-0.396,-0.273,-0.169,-0.094,-0.48,-0.224,-0.124,-0.372,-1.106,-0.479,-0.129,-0.518,-0.283,-0.434,-0.603,-0.287,-0.28,-0.171,-1.106,-0.577,-0.672,-0.396,-0.325,-0.233,-0.597,-0.446,-0.351,-0.696,-1.106,-0.574,-0.223,-0.555,-0.318,-0.442,-0.698,-0.385,-0.377,-0.351,1
-1.046,-0.419,-0.486,-0.202,-0.127,-0.039,-0.424,-0.238,-0.154,-0.433,-1.046,-0.488,-0.217,-0.53,-0.32,-0.494,-0.615,-0.325,-0.31,-0.236,-1.046,-0.597,-0.643,-0.405,-0.341,-0.204,-0.617,-0.466,-0.377,-0.711,-1.046,-0.517,-0.222,-0.486,-0.291,-0.398,-0.637,-0.333,-0.318,-0.284,1
-1.136,-0.532,-0.332,-0.273,-0.127,-0.123,-0.492,-0.229,-0.15,-0.338,-1.136,-0.512,-0.176,-0.532,-0.348,-0.474,-0.618,-0.354,-0.328,-0.218,-1.136,-0.654,-0.671,-0.486,-0.358,-0.223,-0.686,-0.45,-0.346,-0.672,-1.136,-0.693,-0.327,-0.655,-0.405,-0.452,-0.827,-0.506,-0.459,-0.468,1
-1.206,-0.498,-0.439,-0.269,-0.185,-0.064,-0.525,-0.306,-0.149,-0.396,-1.206,-0.554,-0.247,-0.581,-0.355,-0.524,-0.683,-0.37,-0.365,-0.284,-1.206,-0.682,-0.687,-0.518,-0.395,-0.338,-0.734,-0.527,-0.428,-0.757,-1.206,-0.633,-0.198,-0.628,-0.333,-0.416,-0.766,-0.401,-0.359,-0.28,1
-0.27,0.019,-0.187,0.167,0.076,0.141,0.031,0.052,0.092,-0.079,-0.27,-0.075,0.183,-0.246,-0.068,-0.239,-0.347,-0.107,-0.094,-0.011,-0.27,-0.039,-0.378,0.046,-0.06,-0.042,-0.103,-0.1,-0.102,-0.528,-0.27,-0.011,0.14,-0.135,-0.042,-0.213,-0.361,-0.153,-0.195,-0.158,1
-1.038,-0.291,-0.323,-0.1,-0.073,-0.001,-0.3,-0.136,-0.004,-0.202,-1.038,-0.385,0.01,-0.468,-0.236,-0.411,-0.51,-0.231,-0.229,-0.067,-1.038,-0.565,-0.623,-0.347,-0.28,-0.123,-0.53,-0.415,-0.284,-0.62,-1.038,-0.489,-0.129,-0.515,-0.253,-0.409,-0.639,-0.299,-0.287,-0.259,1
-1.138,-0.515,-0.488,-0.31,-0.212,-0.104,-0.521,-0.355,-0.244,-0.49,-1.138,-0.523,-0.203,-0.524,-0.297,-0.454,-0.621,-0.313,-0.284,-0.211,-1.138,-0.698,-0.731,-0.492,-0.409,-0.251,-0.676,-0.516,-0.38,-0.695,-1.138,-0.653,-0.399,-0.634,-0.431,-0.531,-0.783,-0.506,-0.467,-0.479,1
-1.127,-0.576,-0.636,-0.366,-0.276,-0.14,-0.571,-0.384,-0.251,-0.588,-1.127,-0.553,-0.367,-0.548,-0.365,-0.526,-0.685,-0.412,-0.371,-0.423,-1.127,-0.674,-0.649,-0.455,-0.324,-0.19,-0.668,-0.451,-0.326,-0.641,-1.127,-0.646,-0.39,-0.607,-0.398,-0.489,-0.766,-0.481,-0.447,-0.495,1
-1.132,-0.441,-0.393,-0.257,-0.151,-0.083,-0.503,-0.283,-0.179,-0.438,-1.132,-0.472,-0.171,-0.508,-0.269,-0.446,-0.623,-0.307,-0.304,-0.251,-1.132,-0.638,-0.707,-0.476,-0.375,-0.291,-0.666,-0.494,-0.416,-0.767,-1.132,-0.629,-0.286,-0.606,-0.388,-0.473,-0.756,-0.457,-0.434,-0.415,1
-0.999,-0.365,-0.363,-0.204,-0.107,-0.042,-0.439,-0.215,-0.131,-0.356,-0.999,-0.416,-0.114,-0.495,-0.274,-0.456,-0.608,-0.298,-0.285,-0.19,-0.999,-0.526,-0.658,-0.368,-0.32,-0.257,-0.568,-0.427,-0.354,-0.701,-0.999,-0.557,-0.209,-0.547,-0.326,-0.414,-0.697,-0.422,-0.388,-0.356,1
-1.118,-0.583,-0.56,-0.399,-0.316,-0.205,-0.607,-0.408,-0.274,-0.515,-1.118,-0.568,-0.316,-0.569,-0.374,-0.503,-0.686,-0.411,-0.372,-0.338,-1.118,-0.636,-0.69,-0.472,-0.378,-0.256,-0.671,-0.482,-0.378,-0.709,-1.118,-0.678,-0.412,-0.645,-0.42,-0.492,-0.803,-0.518,-0.467,-0.508,1
-1.016,-0.454,-0.285,-0.249,-0.148,-0.084,-0.446,-0.268,-0.178,-0.32,-1.016,-0.44,-0.095,-0.494,-0.28,-0.425,-0.572,-0.276,-0.26,-0.132,-1.016,-0.506,-0.716,-0.313,-0.314,-0.185,-0.493,-0.413,-0.287,-0.659,-1.016,-0.509,-0.214,-0.533,-0.339,-0.479,-0.661,-0.397,-0.396,-0.355,1
-1.075,-0.506,-0.472,-0.334,-0.201,-0.124,-0.543,-0.326,-0.22,-0.527,-1.075,-0.518,-0.255,-0.549,-0.322,-0.512,-0.663,-0.356,-0.335,-0.331,-1.075,-0.652,-0.72,-0.442,-0.371,-0.234,-0.653,-0.502,-0.337,-0.657,-1.075,-0.674,-0.357,-0.673,-0.432,-0.486,-0.829,-0.534,-0.466,-0.454,1
-1.183,-0.51,-0.395,-0.284,-0.183,-0.046,-0.509,-0.279,-0.14,-0.372,-1.183,-0.495,-0.229,-0.54,-0.306,-0.483,-0.625,-0.315,-0.296,-0.241,-1.183,-0.687,-0.686,-0.501,-0.379,-0.271,-0.691,-0.499,-0.399,-0.716,-1.183,-0.626,-0.282,-0.585,-0.353,-0.446,-0.732,-0.407,-0.367,-0.339,1
-1.143,-0.406,-0.391,-0.202,-0.121,-0.053,-0.407,-0.224,-0.106,-0.378,-1.143,-0.503,-0.209,-0.531,-0.328,-0.502,-0.64,-0.366,-0.364,-0.301,-1.143,-0.588,-0.639,-0.423,-0.312,-0.22,-0.642,-0.462,-0.363,-0.705,-1.143,-0.53,-0.111,-0.564,-0.279,-0.405,-0.669,-0.315,-0.301,-0.198,1
0.21,0.063,-0.262,0.302,0.101,0.056,0.194,0.068,0.116,-0.253,0.21,0.049,0.07,-0.242,-0.245,-0.532,-0.345,-0.292,-0.34,-0.359,0.21,0.166,-0.5,0.384,-0.023,0.063,0.297,-0.055,0.019,-0.342,0.21,0.208,0.348,0.004,0.104,-0.132,-0.235,-0.033,-0.099,-0.159,1
-1.071,-0.482,-0.484,-0.287,-0.186,-0.125,-0.489,-0.321,-0.226,-0.468,-1.071,-0.495,-0.196,-0.553,-0.29,-0.468,-0.657,-0.328,-0.303,-0.238,-1.071,-0.609,-0.695,-0.419,-0.321,-0.209,-0.634,-0.448,-0.329,-0.698,-1.071,-0.594,-0.207,-0.605,-0.341,-0.412,-0.757,-0.439,-0.385,-0.345,1
-1.077,-0.456,-0.39,-0.258,-0.184,-0.122,-0.527,-0.348,-0.216,-0.403,-1.077,-0.481,-0.087,-0.526,-0.282,-0.413,-0.637,-0.292,-0.283,-0.142,-1.077,-0.589,-0.629,-0.39,-0.326,-0.197,-0.608,-0.446,-0.317,-0.599,-1.077,-0.597,-0.291,-0.578,-0.353,-0.456,-0.712,-0.422,-0.379,-0.354,1
-0.984,-0.392,-0.459,-0.198,-0.185,-0.082,-0.464,-0.328,-0.157,-0.403,-0.984,-0.43,-0.135,-0.529,-0.309,-0.508,-0.616,-0.308,-0.296,-0.176,-0.984,-0.52,-0.653,-0.355,-0.318,-0.143,-0.596,-0.434,-0.28,-0.673,-0.984,-0.482,-0.162,-0.498,-0.262,-0.408,-0.641,-0.306,-0.284,-0.271,1
-1.227,-0.642,-0.538,-0.445,-0.306,-0.184,-0.677,-0.398,-0.268,-0.449,-1.227,-0.646,-0.235,-0.606,-0.334,-0.431,-0.748,-0.395,-0.355,-0.274,-1.227,-0.744,-0.667,-0.468,-0.343,-0.237,-0.707,-0.509,-0.376,-0.644,-1.227,-0.719,-0.345,-0.673,-0.404,-0.465,-0.827,-0.468,-0.435,-0.424,1
-0.95,-0.426,-0.396,-0.181,-0.137,-0.076,-0.409,-0.225,-0.113,-0.404,-0.95,-0.43,-0.125,-0.453,-0.278,-0.413,-0.561,-0.299,-0.28,-0.248,-0.95,-0.522,-0.63,-0.318,-0.254,-0.114,-0.544,-0.411,-0.281,-0.682,-0.95,-0.514,-0.156,-0.507,-0.247,-0.328,-0.689,-0.352,-0.3,-0.305,1
-1.072,-0.495,-0.508,-0.315,-0.24,-0.107,-0.521,-0.348,-0.206,-0.465,-1.072,-0.493,-0.197,-0.512,-0.303,-0.431,-0.61,-0.328,-0.279,-0.202,-1.072,-0.61,-0.707,-0.426,-0.379,-0.217,-0.594,-0.457,-0.328,-0.647,-1.072,-0.62,-0.341,-0.589,-0.369,-0.464,-0.738,-0.452,-0.413,-0.429,1
-0.998,-0.412,-0.468,-0.203,-0.208,-0.095,-0.417,-0.316,-0.187,-0.376,-0.998,-0.428,-0.138,-0.478,-0.299,-0.466,-0.578,-0.304,-0.317,-0.205,-0.998,-0.525,-0.572,-0.351,-0.266,-0.185,-0.582,-0.411,-0.328,-0.665,-0.998,-0.49,-0.213,-0.524,-0.336,-0.47,-0.673,-0.397,-0.402,-0.352,1
-0.947,-0.27,-0.233,-0.1,-0.029,-0.004,-0.272,-0.075,-0.025,-0.305,-0.947,-0.345,0.143,-0.447,-0.18,-0.36,-0.452,-0.164,-0.208,0.012,-0.947,-0.464,-0.607,-0.258,-0.246,-0.14,-0.459,-0.374,-0.275,-0.635,-0.947,-0.452,-0.104,-0.487,-0.246,-0.38,-0.617,-0.297,-0.29,-0.228,1
-0.293,-0.116,-0.29,-0.052,-0.067,-0.081,-0.286,-0.233,-0.217,-0.474,-0.293,-0.209,-0.059,-0.382,-0.259,-0.467,-0.546,-0.353,-0.356,-0.356,-0.293,-0.335,-0.782,-0.215,-0.473,-0.391,-0.28,-0.461,-0.397,-0.651,-0.293,-0.338,-0.129,-0.449,-0.375,-0.421,-0.579,-0.478,-0.461,-0.352,1
-1.03,-0.493,-0.545,-0.325,-0.227,-0.119,-0.51,-0.344,-0.226,-0.489,-1.03,-0.509,-0.206,-0.556,-0.319,-0.444,-0.688,-0.356,-0.315,-0.26,-1.03,-0.599,-0.563,-0.436,-0.315,-0.219,-0.652,-0.45,-0.34,-0.628,-1.03,-0.508,-0.212,-0.537,-0.31,-0.4,-0.694,-0.389,-0.331,-0.3,1
-1.07,-0.403,-0.393,-0.244,-0.158,-0.049,-0.472,-0.241,-0.129,-0.44,-1.07,-0.444,-0.089,-0.497,-0.247,-0.395,-0.58,-0.258,-0.247,-0.128,-1.07,-0.568,-0.69,-0.39,-0.324,-0.217,-0.566,-0.437,-0.349,-0.691,-1.07,-0.538,-0.191,-0.545,-0.289,-0.428,-0.682,-0.363,-0.361,-0.324,1
-1.072,-0.539,-0.405,-0.342,-0.189,-0.033,-0.5,-0.319,-0.16,-0.348,-1.072,-0.502,-0.19,-0.564,-0.331,-0.471,-0.65,-0.344,-0.29,-0.193,-1.072,-0.569,-0.697,-0.392,-0.339,-0.251,-0.575,-0.449,-0.354,-0.699,-1.072,-0.575,-0.179,-0.595,-0.344,-0.426,-0.733,-0.422,-0.392,-0.334,1
-0.873,-0.338,-0.364,-0.184,-0.158,-0.1,-0.407,-0.25,-0.122,-0.339,-0.873,-0.375,-0.106,-0.462,-0.274,-0.481,-0.579,-0.308,-0.326,-0.271,-0.873,-0.458,-0.558,-0.282,-0.309,-0.273,-0.471,-0.396,-0.302,-0.561,-0.873,-0.465,-0.208,-0.497,-0.295,-0.426,-0.634,-0.365,-0.341,-0.337,1
-1.111,-0.514,-0.507,-0.33,-0.249,-0.169,-0.558,-0.347,-0.253,-0.494,-1.111,-0.483,-0.258,-0.496,-0.32,-0.475,-0.629,-0.366,-0.349,-0.328,-1.111,-0.618,-0.69,-0.447,-0.352,-0.257,-0.655,-0.489,-0.393,-0.759,-1.111,-0.625,-0.367,-0.602,-0.395,-0.471,-0.783,-0.493,-0.458,-0.481,1
-0.814,-0.415,-0.283,-0.22,-0.178,-0.158,-0.398,-0.237,-0.189,-0.314,-0.814,-0.416,0.065,-0.505,-0.172,-0.313,-0.654,-0.215,-0.219,-0.146,-0.814,-0.509,-0.621,-0.307,-0.266,-0.163,-0.546,-0.429,-0.297,-0.653,-0.814,-0.448,-0.067,-0.516,-0.251,-0.352,-0.725,-0.378,-0.361,-0.296,1
-0.409,-0.208,-0.385,-0.053,-0.187,-0.18,-0.163,-0.236,-0.144,-0.251,-0.409,-0.217,0.035,-0.401,-0.256,-0.445,-0.476,-0.289,-0.299,-0.13,-0.409,-0.215,-0.623,-0.092,-0.275,-0.153,-0.28,-0.362,-0.258,-0.691,-0.409,-0.246,0.063,-0.383,-0.181,-0.308,-0.575,-0.293,-0.277,-0.272,1
-0.992,-0.47,-0.437,-0.236,-0.172,-0.092,-0.463,-0.279,-0.164,-0.45,-0.992,-0.509,-0.239,-0.546,-0.35,-0.508,-0.656,-0.391,-0.362,-0.281,-0.992,-0.635,-0.815,-0.415,-0.405,-0.278,-0.61,-0.539,-0.409,-0.768,-0.992,-0.578,-0.395,-0.565,-0.4,-0.484,-0.726,-0.492,-0.424,-0.443,1
-0.995,-0.423,-0.394,-0.152,-0.085,0.019,-0.378,-0.202,-0.056,-0.308,-0.995,-0.424,-0.188,-0.404,-0.259,-0.413,-0.516,-0.267,-0.233,-0.236,-0.995,-0.547,-0.619,-0.353,-0.279,-0.142,-0.59,-0.421,-0.286,-0.659,-0.995,-0.497,-0.232,-0.465,-0.258,-0.371,-0.659,-0.358,-0.325,-0.365,1
-1.082,-0.341,-0.314,-0.149,-0.098,-0.065,-0.383,-0.164,-0.06,-0.262,-1.082,-0.425,-0.042,-0.479,-0.225,-0.43,-0.544,-0.229,-0.237,-0.122,-1.082,-0.606,-0.646,-0.396,-0.291,-0.159,-0.581,-0.433,-0.332,-0.671,-1.082,-0.557,-0.221,-0.548,-0.297,-0.429,-0.671,-0.343,-0.324,-0.312,1
-1.083,-0.464,-0.462,-0.263,-0.129,-0.067,-0.493,-0.267,-0.166,-0.498,-1.083,-0.457,-0.204,-0.478,-0.292,-0.447,-0.552,-0.284,-0.284,-0.208,-1.083,-0.568,-0.629,-0.342,-0.294,-0.182,-0.523,-0.397,-0.304,-0.607,-1.083,-0.589,-0.136,-0.571,-0.266,-0.376,-0.701,-0.344,-0.3,-0.26,1
-1.23,-0.614,-0.513,-0.416,-0.286,-0.207,-0.654,-0.383,-0.277,-0.477,-1.23,-0.626,-0.272,-0.602,-0.365,-0.486,-0.754,-0.416,-0.392,-0.318,-1.23,-0.747,-0.665,-0.48,-0.334,-0.243,-0.714,-0.515,-0.388,-0.673,-1.23,-0.701,-0.304,-0.663,-0.388,-0.483,-0.809,-0.448,-0.435,-0.416,1
-1.153,-0.472,-0.432,-0.213,-0.147,-0.038,-0.439,-0.278,-0.125,-0.379,-1.153,-0.468,-0.096,-0.548,-0.286,-0.476,-0.598,-0.286,-0.289,-0.151,-1.153,-0.628,-0.62,-0.465,-0.343,-0.281,-0.671,-0.465,-0.368,-0.649,-1.153,-0.578,-0.185,-0.581,-0.319,-0.423,-0.744,-0.384,-0.369,-0.317,1
-1.093,-0.519,-0.42,-0.334,-0.201,-0.173,-0.525,-0.273,-0.198,-0.419,-1.093,-0.531,-0.174,-0.57,-0.314,-0.436,-0.698,-0.373,-0.353,-0.291,-1.093,-0.652,-0.667,-0.501,-0.418,-0.316,-0.677,-0.488,-0.406,-0.656,-1.093,-0.66,-0.249,-0.622,-0.353,-0.391,-0.785,-0.461,-0.415,-0.416,1
-0.859,-0.424,-0.396,-0.152,-0.109,-0.025,-0.346,-0.219,-0.077,-0.344,-0.859,-0.414,-0.117,-0.423,-0.254,-0.373,-0.518,-0.268,-0.238,-0.214,-0.859,-0.453,-0.561,-0.242,-0.18,-0.028,-0.45,-0.311,-0.193,-0.607,-0.859,-0.448,-0.093,-0.448,-0.206,-0.262,-0.623,-0.306,-0.252,-0.227,1
-1.008,-0.458,-0.267,-0.184,-0.079,-0.041,-0.422,-0.184,-0.103,-0.292,-1.008,-0.461,-0.145,-0.47,-0.303,-0.41,-0.558,-0.323,-0.291,-0.183,-1.008,-0.546,-0.59,-0.371,-0.26,-0.172,-0.548,-0.371,-0.287,-0.616,-1.008,-0.564,-0.204,-0.549,-0.296,-0.4,-0.707,-0.377,-0.343,-0.357,1
-0.145,-0.018,-0.224,0.179,0.146,0.118,-0.013,0.072,0.115,-0.261,-0.145,-0.09,0.234,-0.243,-0.035,-0.208,-0.378,-0.102,-0.118,-0.021,-0.145,-0.096,-0.58,0.127,-0.131,-0.014,-0.006,-0.202,-0.064,-0.447,-0.145,-0.064,0.239,-0.171,0.0,-0.123,-0.294,-0.075,-0.092,-0.014,1
-1.13,-0.406,-0.291,-0.211,-0.085,0.002,-0.462,-0.162,-0.085,-0.329,-1.13,-0.45,0.003,-0.5,-0.204,-0.368,-0.585,-0.208,-0.225,-0.09,-1.13,-0.579,-0.569,-0.416,-0.275,-0.163,-0.624,-0.421,-0.338,-0.683,-1.13,-0.553,-0.138,-0.569,-0.281,-0.414,-0.684,-0.324,-0.308,-0.24,1
-1.133,-0.558,-0.523,-0.348,-0.268,-0.157,-0.551,-0.355,-0.213,-0.475,-1.133,-0.562,-0.284,-0.542,-0.341,-0.452,-0.663,-0.382,-0.328,-0.288,-1.133,-0.669,-0.714,-0.491,-0.402,-0.245,-0.685,-0.498,-0.376,-0.705,-1.133,-0.675,-0.403,-0.65,-0.429,-0.491,-0.816,-0.53,-0.482,-0.502,1
-1.037,-0.367,-0.216,-0.156,-0.036,-0.04,-0.392,-0.17,-0.096,-0.274,-1.037,-0.461,-0.072,-0.478,-0.27,-0.409,-0.544,-0.282,-0.281,-0.155,-1.037,-0.54,-0.616,-0.327,-0.28,-0.17,-0.514,-0.383,-0.266,-0.617,-1.037,-0.516,-0.263,-0.465,-0.302,-0.403,-0.599,-0.349,-0.313,-0.321,1
-1.04,-0.484,-0.333,-0.317,-0.154,-0.098,-0.517,-0.258,-0.205,-0.392,-1.04,-0.519,-0.087,-0.576,-0.289,-0.385,-0.7,-0.347,-0.344,-0.193,-1.04,-0.623,-0.678,-0.404,-0.323,-0.239,-0.568,-0.437,-0.357,-0.643,-1.04,-0.561,-0.101,-0.55,-0.225,-0.311,-0.706,-0.315,-0.292,-0.26,1
-0.923,-0.473,-0.524,-0.303,-0.264,-0.131,-0.431,-0.325,-0.229,-0.452,-0.923,-0.471,-0.182,-0.55,-0.331,-0.461,-0.653,-0.382,-0.348,-0.28,-0.923,-0.51,-0.506,-0.308,-0.207,-0.108,-0.536,-0.347,-0.227,-0.515,-0.923,-0.476,-0.122,-0.479,-0.24,-0.315,-0.647,-0.34,-0.305,-0.275,1
-0.764,-0.418,-0.328,-0.184,-0.165,-0.093,-0.362,-0.218,-0.153,-0.353,-0.764,-0.435,-0.006,-0.509,-0.204,-0.352,-0.643,-0.233,-0.231,-0.161,-0.764,-0.448,-0.53,-0.249,-0.209,-0.151,-0.49,-0.369,-0.245,-0.583,-0.764,-0.401,-0.042,-0.478,-0.222,-0.376,-0.679,-0.34,-0.341,-0.3,1
-0.976,-0.38,-0.213,-0.224,-0.082,-0.037,-0.419,-0.134,-0.095,-0.257,-0.976,-0.451,-0.023,-0.506,-0.227,-0.359,-0.631,-0.273,-0.269,-0.15,-0.976,-0.524,-0.632,-0.347,-0.321,-0.202,-0.513,-0.384,-0.269,-0.543,-0.976,-0.505,-0.161,-0.537,-0.308,-0.426,-0.666,-0.358,-0.359,-0.296,1
-0.558,-0.303,-0.496,-0.05,-0.12,-0.11,-0.215,-0.185,-0.086,-0.386,-0.558,-0.257,-0.157,-0.405,-0.306,-0.592,-0.531,-0.344,-0.382,-0.405,-0.558,-0.281,-0.598,-0.133,-0.229,-0.179,-0.331,-0.323,-0.266,-0.621,-0.558,-0.307,-0.192,-0.414,-0.325,-0.469,-0.618,-0.448,-0.45,-0.465,1
-1.045,-0.412,-0.443,-0.226,-0.135,-0.069,-0.422,-0.25,-0.181,-0.434,-1.045,-0.423,-0.13,-0.464,-0.219,-0.4,-0.569,-0.252,-0.258,-0.188,-1.045,-0.549,-0.602,-0.362,-0.273,-0.174,-0.585,-0.392,-0.278,-0.639,-1.045,-0.588,-0.274,-0.59,-0.367,-0.473,-0.743,-0.458,-0.426,-0.418,1
-1.093,-0.444,-0.407,-0.281,-0.183,-0.101,-0.506,-0.258,-0.177,-0.426,-1.093,-0.461,-0.1,-0.535,-0.266,-0.44,-0.612,-0.272,-0.272,-0.161,-1.093,-0.561,-0.682,-0.381,-0.316,-0.216,-0.577,-0.435,-0.354,-0.712,-1.093,-0.552,-0.13,-0.567,-0.27,-0.398,-0.69,-0.336,-0.315,-0.239,1
-0.743,-0.311,-0.432,-0.075,-0.138,-0.013,-0.3,-0.253,-0.113,-0.452,-0.743,-0.31,-0.163,-0.377,-0.265,-0.44,-0.492,-0.293,-0.281,-0.25,-0.743,-0.393,-0.516,-0.143,-0.127,-0.005,-0.338,-0.252,-0.12,-0.481,-0.743,-0.403,-0.121,-0.421,-0.217,-0.296,-0.6,-0.321,-0.312,-0.318,1
-0.954,-0.435,-0.485,-0.267,-0.197,-0.094,-0.407,-0.268,-0.196,-0.427,-0.954,-0.45,-0.14,-0.508,-0.271,-0.407,-0.638,-0.328,-0.306,-0.258,-0.954,-0.555,-0.554,-0.354,-0.276,-0.154,-0.574,-0.434,-0.295,-0.59,-0.954,-0.475,-0.161,-0.504,-0.27,-0.339,-0.686,-0.381,-0.333,-0.317,1
-1.078,-0.391,-0.317,-0.239,-0.165,-0.099,-0.481,-0.241,-0.14,-0.275,-1.078,-0.485,-0.063,-0.579,-0.304,-0.448,-0.667,-0.319,-0.308,-0.137,-1.078,-0.63,-0.756,-0.458,-0.407,-0.276,-0.653,-0.508,-0.407,-0.78,-1.078,-0.565,-0.277,-0.579,-0.34,-0.485,-0.719,-0.397,-0.38,-0.392,1
-0.612,-0.335,-0.477,-0.158,-0.25,-0.181,-0.302,-0.34,-0.215,-0.503,-0.612,-0.334,-0.003,-0.456,-0.264,-0.443,-0.54,-0.308,-0.305,-0.245,-0.612,-0.305,-0.434,-0.103,-0.118,-0.024,-0.265,-0.202,-0.092,-0.452,-0.612,-0.297,-0.134,-0.364,-0.245,-0.388,-0.552,-0.339,-0.33,-0.364,1
-1.117,-0.466,-0.343,-0.226,-0.147,-0.072,-0.443,-0.225,-0.112,-0.345,-1.117,-0.453,-0.247,-0.481,-0.301,-0.495,-0.568,-0.31,-0.29,-0.259,-1.117,-0.585,-0.606,-0.385,-0.271,-0.18,-0.584,-0.38,-0.289,-0.631,-1.117,-0.563,-0.216,-0.536,-0.298,-0.395,-0.691,-0.36,-0.333,-0.302,1
-1.285,-0.806,-1.165,-0.629,-0.618,-0.392,-0.804,-0.717,-0.613,-1.13,-1.285,-0.907,-0.957,-0.876,-0.8,-0.874,-1.042,-0.876,-0.857,-1.017,-1.285,-1.106,-0.995,-1.048,-0.922,-0.87,-1.124,-0.986,-0.945,-1.047,-1.285,-0.866,-0.966,-0.833,-0.774,-0.865,-0.999,-0.845,-0.828,-1.012,2
-1.15,-0.69,-1.169,-0.53,-0.609,-0.366,-0.718,-0.679,-0.545,-1.089,-1.15,-0.781,-0.89,-0.755,-0.739,-0.82,-0.931,-0.811,-0.792,-0.966,-1.15,-1.007,-0.948,-0.942,-0.861,-0.834,-0.999,-0.898,-0.862,-0.958,-1.15,-0.784,-0.999,-0.772,-0.813,-0.904,-0.938,-0.878,-0.88,-1.097,2
-1.21,-0.751,-1.162,-0.571,-0.614,-0.374,-0.765,-0.74,-0.622,-1.179,-1.21,-0.835,-0.96,-0.8,-0.786,-0.861,-0.972,-0.862,-0.853,-1.049,-1.21,-1.04,-0.953,-0.965,-0.862,-0.824,-1.038,-0.908,-0.868,-0.961,-1.21,-0.808,-0.987,-0.779,-0.784,-0.868,-0.937,-0.837,-0.815,-1.004,2
-1.174,-0.685,-1.111,-0.469,-0.489,-0.245,-0.674,-0.646,-0.519,-1.117,-1.174,-0.81,-0.861,-0.785,-0.715,-0.815,-0.961,-0.808,-0.794,-0.975,-1.174,-1.049,-0.986,-1.011,-0.935,-0.907,-1.071,-0.973,-0.938,-0.992,-1.174,-0.773,-0.93,-0.753,-0.741,-0.848,-0.929,-0.806,-0.787,-0.981,2
-1.03,-0.651,-1.134,-0.49,-0.565,-0.357,-0.637,-0.623,-0.536,-1.066,-1.03,-0.731,-0.911,-0.736,-0.754,-0.873,-0.908,-0.819,-0.843,-1.043,-1.03,-0.91,-0.868,-0.873,-0.811,-0.815,-0.921,-0.841,-0.835,-0.918,-1.03,-0.683,-0.877,-0.674,-0.702,-0.825,-0.847,-0.769,-0.774,-0.986,2
-1.287,-0.848,-1.126,-0.628,-0.633,-0.408,-0.835,-0.743,-0.591,-1.079,-1.287,-0.908,-0.925,-0.841,-0.773,-0.8,-1.014,-0.859,-0.801,-0.963,-1.287,-1.072,-0.962,-1.001,-0.866,-0.816,-1.091,-0.929,-0.89,-1.017,-1.287,-0.845,-0.896,-0.786,-0.713,-0.806,-0.959,-0.793,-0.767,-0.947,2
-1.251,-0.795,-1.186,-0.636,-0.653,-0.417,-0.798,-0.736,-0.638,-1.182,-1.251,-0.901,-0.986,-0.876,-0.83,-0.89,-1.041,-0.903,-0.885,-1.062,-1.251,-1.1,-0.999,-1.038,-0.927,-0.868,-1.092,-0.973,-0.926,-1.004,-1.251,-0.868,-1.04,-0.837,-0.846,-0.936,-1.002,-0.908,-0.9,-1.085,2
-1.294,-0.871,-1.155,-0.651,-0.649,-0.429,-0.844,-0.777,-0.64,-1.128,-1.294,-0.931,-0.938,-0.872,-0.788,-0.814,-1.04,-0.88,-0.832,-0.995,-1.294,-1.114,-0.994,-1.054,-0.922,-0.866,-1.131,-0.981,-0.943,-1.033,-1.294,-0.889,-1.048,-0.833,-0.828,-0.874,-1.005,-0.897,-0.847,-1.03,2
-1.079,-0.639,-1.085,-0.457,-0.496,-0.308,-0.628,-0.595,-0.501,-1.03,-1.079,-0.744,-0.885,-0.736,-0.721,-0.836,-0.908,-0.792,-0.798,-0.994,-1.079,-0.97,-0.933,-0.923,-0.866,-0.846,-0.964,-0.89,-0.867,-0.931,-1.079,-0.719,-0.895,-0.702,-0.723,-0.842,-0.884,-0.809,-0.816,-1.044,2
-1.298,-0.843,-1.224,-0.666,-0.703,-0.485,-0.831,-0.761,-0.62,-1.081,-1.298,-0.973,-1.041,-0.933,-0.887,-0.944,-1.094,-0.959,-0.935,-1.101,-1.298,-1.171,-1.089,-1.123,-1.026,-0.989,-1.171,-1.065,-1.031,-1.101,-1.298,-0.877,-1.023,-0.837,-0.819,-0.904,-1.014,-0.899,-0.884,-1.105,2
-1.251,-0.805,-1.149,-0.574,-0.594,-0.343,-0.764,-0.708,-0.544,-1.057,-1.251,-0.896,-0.932,-0.857,-0.796,-0.842,-1.025,-0.876,-0.827,-0.97,-1.251,-1.101,-1.049,-1.044,-0.959,-0.904,-1.098,-0.998,-0.956,-1.044,-1.251,-0.831,-0.926,-0.797,-0.743,-0.845,-0.964,-0.811,-0.784,-0.967,2
-1.141,-0.671,-1.098,-0.517,-0.555,-0.352,-0.686,-0.646,-0.551,-1.082,-1.141,-0.777,-0.85,-0.763,-0.704,-0.795,-0.938,-0.791,-0.773,-0.957,-1.141,-0.991,-0.925,-0.932,-0.847,-0.814,-0.989,-0.88,-0.843,-0.931,-1.141,-0.767,-0.986,-0.731,-0.788,-0.866,-0.896,-0.857,-0.834,-1.036,2
-1.332,-0.873,-1.23,-0.679,-0.673,-0.421,-0.848,-0.772,-0.642,-1.168,-1.332,-0.935,-0.968,-0.894,-0.81,-0.863,-1.06,-0.884,-0.847,-1.01,-1.332,-1.146,-1.027,-1.068,-0.94,-0.878,-1.144,-1.004,-0.955,-1.054,-1.332,-0.886,-1.003,-0.842,-0.803,-0.873,-1.026,-0.881,-0.842,-1.043,2
-1.268,-0.732,-1.179,-0.553,-0.594,-0.349,-0.775,-0.729,-0.6,-1.201,-1.268,-0.844,-0.945,-0.814,-0.77,-0.869,-0.999,-0.853,-0.835,-1.025,-1.268,-1.109,-1.008,-1.041,-0.93,-0.869,-1.111,-0.978,-0.919,-1.014,-1.268,-0.849,-1.031,-0.8,-0.813,-0.895,-0.962,-0.87,-0.834,-1.022,2
-1.228,-0.752,-1.191,-0.551,-0.623,-0.352,-0.736,-0.727,-0.598,-1.181,-1.228,-0.845,-0.925,-0.82,-0.772,-0.857,-0.994,-0.853,-0.841,-1.024,-1.228,-1.05,-0.962,-0.99,-0.879,-0.843,-1.077,-0.944,-0.908,-1.009,-1.228,-0.787,-0.954,-0.768,-0.764,-0.877,-0.943,-0.823,-0.81,-0.988,2
-1.105,-0.644,-1.137,-0.446,-0.535,-0.278,-0.634,-0.647,-0.518,-1.137,-1.105,-0.705,-0.838,-0.695,-0.676,-0.79,-0.865,-0.745,-0.736,-0.923,-1.105,-0.92,-0.838,-0.84,-0.742,-0.703,-0.928,-0.791,-0.745,-0.853,-1.105,-0.711,-0.907,-0.689,-0.722,-0.848,-0.844,-0.77,-0.765,-0.949,2
-1.264,-0.736,-1.093,-0.551,-0.568,-0.33,-0.797,-0.731,-0.586,-1.221,-1.264,-0.867,-0.935,-0.832,-0.769,-0.824,-1.022,-0.869,-0.827,-1.029,-1.264,-1.137,-1.024,-1.08,-0.958,-0.886,-1.133,-1.004,-0.943,-0.993,-1.264,-0.891,-1.024,-0.844,-0.82,-0.895,-0.993,-0.875,-0.834,-1.002,2
-1.214,-0.705,-1.137,-0.507,-0.544,-0.311,-0.703,-0.67,-0.565,-1.189,-1.214,-0.831,-0.94,-0.8,-0.767,-0.861,-0.977,-0.847,-0.849,-1.063,-1.214,-1.063,-0.984,-1.01,-0.912,-0.867,-1.077,-0.959,-0.919,-1.002,-1.214,-0.802,-1.032,-0.772,-0.804,-0.901,-0.94,-0.849,-0.831,-1.016,2
-1.073,-0.593,-1.063,-0.427,-0.513,-0.285,-0.666,-0.645,-0.519,-1.105,-1.073,-0.688,-0.765,-0.679,-0.635,-0.741,-0.878,-0.737,-0.715,-0.895,-1.073,-0.913,-0.857,-0.861,-0.778,-0.755,-0.939,-0.826,-0.791,-0.883,-1.073,-0.723,-0.895,-0.697,-0.728,-0.833,-0.858,-0.799,-0.783,-0.974,2
-1.149,-0.673,-1.148,-0.495,-0.552,-0.337,-0.662,-0.637,-0.546,-1.108,-1.149,-0.774,-0.909,-0.778,-0.755,-0.864,-0.951,-0.824,-0.829,-1.023,-1.149,-1.02,-0.942,-0.966,-0.875,-0.847,-1.025,-0.924,-0.891,-0.964,-1.149,-0.768,-0.957,-0.752,-0.758,-0.867,-0.926,-0.822,-0.811,-1.012,2
-1.209,-0.744,-1.162,-0.571,-0.595,-0.353,-0.723,-0.671,-0.55,-1.08,-1.209,-0.862,-1.029,-0.838,-0.834,-0.905,-1.003,-0.897,-0.872,-1.056,-1.209,-1.113,-1.059,-1.065,-1.002,-0.95,-1.099,-1.025,-0.985,-1.028,-1.209,-0.87,-0.99,-0.844,-0.823,-0.891,-1.015,-0.904,-0.882,-1.078,2
-1.288,-0.73,-1.094,-0.524,-0.526,-0.312,-0.771,-0.692,-0.553,-1.153,-1.288,-0.872,-0.927,-0.828,-0.763,-0.854,-1.015,-0.855,-0.83,-1.026,-1.288,-1.168,-1.103,-1.117,-1.04,-1.009,-1.172,-1.085,-1.054,-1.123,-1.288,-0.856,-1.019,-0.791,-0.791,-0.879,-0.945,-0.844,-0.805,-0.992,2
-1.16,-0.714,-1.187,-0.59,-0.653,-0.422,-0.769,-0.716,-0.63,-1.174,-1.16,-0.825,-0.98,-0.811,-0.81,-0.87,-0.991,-0.89,-0.871,-1.071,-1.16,-1.051,-0.998,-0.999,-0.926,-0.874,-1.032,-0.948,-0.908,-0.959,-1.16,-0.833,-1.032,-0.807,-0.837,-0.923,-0.959,-0.896,-0.893,-1.092,2
-1.197,-0.637,-1.088,-0.479,-0.516,-0.265,-0.702,-0.659,-0.548,-1.212,-1.197,-0.789,-0.906,-0.768,-0.734,-0.825,-0.959,-0.827,-0.819,-1.034,-1.197,-1.084,-1.026,-1.026,-0.964,-0.932,-1.077,-0.994,-0.956,-1.016,-1.197,-0.814,-0.966,-0.772,-0.772,-0.887,-0.921,-0.83,-0.814,-0.994,2
-1.008,-0.633,-1.12,-0.472,-0.545,-0.324,-0.66,-0.621,-0.526,-1.109,-1.008,-0.709,-0.844,-0.716,-0.7,-0.799,-0.896,-0.774,-0.78,-0.972,-1.008,-0.874,-0.826,-0.816,-0.741,-0.729,-0.86,-0.767,-0.745,-0.83,-1.008,-0.683,-0.86,-0.666,-0.677,-0.796,-0.83,-0.739,-0.754,-0.972,2
-1.15,-0.698,-1.206,-0.505,-0.626,-0.372,-0.671,-0.704,-0.587,-1.156,-1.15,-0.809,-0.92,-0.788,-0.771,-0.848,-0.959,-0.854,-0.842,-1.035,-1.15,-1.02,-0.978,-0.97,-0.913,-0.869,-1.032,-0.952,-0.911,-0.989,-1.15,-0.755,-0.964,-0.739,-0.768,-0.875,-0.907,-0.818,-0.806,-0.997,2
-1.331,-0.768,-1.126,-0.55,-0.564,-0.317,-0.79,-0.718,-0.561,-1.161,-1.331,-0.906,-0.982,-0.851,-0.79,-0.853,-1.03,-0.877,-0.84,-1.033,-1.331,-1.216,-1.134,-1.168,-1.078,-1.019,-1.213,-1.118,-1.072,-1.128,-1.331,-0.922,-1.05,-0.858,-0.835,-0.903,-1.015,-0.9,-0.854,-1.036,2
-1.242,-0.75,-1.141,-0.625,-0.638,-0.433,-0.813,-0.717,-0.604,-1.131,-1.242,-0.877,-0.937,-0.871,-0.816,-0.885,-1.055,-0.906,-0.876,-1.038,-1.242,-1.119,-1.04,-1.071,-0.99,-0.935,-1.116,-1.027,-0.985,-1.032,-1.242,-0.852,-1.035,-0.827,-0.841,-0.919,-0.985,-0.897,-0.864,-1.043,2
-1.003,-0.59,-1.152,-0.4,-0.566,-0.311,-0.591,-0.668,-0.514,-1.093,-1.003,-0.665,-0.824,-0.644,-0.665,-0.774,-0.82,-0.746,-0.728,-0.901,-1.003,-0.867,-0.786,-0.799,-0.712,-0.674,-0.86,-0.752,-0.704,-0.766,-1.003,-0.67,-0.85,-0.661,-0.685,-0.793,-0.826,-0.755,-0.745,-0.932,2
-1.394,-0.848,-1.085,-0.607,-0.551,-0.353,-0.856,-0.733,-0.569,-1.078,-1.394,-0.964,-0.923,-0.907,-0.783,-0.852,-1.088,-0.882,-0.839,-0.998,-1.394,-1.212,-1.103,-1.157,-1.03,-0.989,-1.239,-1.096,-1.06,-1.161,-1.394,-0.965,-1.04,-0.895,-0.843,-0.905,-1.068,-0.923,-0.873,-1.048,2
-1.026,-0.579,-1.112,-0.375,-0.462,-0.198,-0.556,-0.584,-0.458,-1.091,-1.026,-0.653,-0.795,-0.637,-0.627,-0.737,-0.813,-0.704,-0.677,-0.855,-1.026,-0.895,-0.789,-0.823,-0.716,-0.666,-0.88,-0.764,-0.715,-0.775,-1.026,-0.677,-0.894,-0.669,-0.718,-0.837,-0.833,-0.781,-0.78,-0.976,2
-1.204,-0.774,-1.144,-0.529,-0.566,-0.357,-0.703,-0.673,-0.52,-0.979,-1.204,-0.856,-0.934,-0.811,-0.775,-0.85,-0.974,-0.848,-0.825,-0.99,-1.204,-1.071,-0.969,-1.023,-0.916,-0.868,-1.087,-0.973,-0.931,-1.011,-1.204,-0.806,-0.95,-0.781,-0.775,-0.858,-0.98,-0.868,-0.848,-1.073,2
-1.186,-0.665,-1.056,-0.501,-0.502,-0.334,-0.697,-0.606,-0.527,-1.06,-1.186,-0.797,-0.864,-0.781,-0.724,-0.831,-0.966,-0.804,-0.803,-0.984,-1.186,-1.024,-0.941,-0.97,-0.87,-0.842,-1.042,-0.918,-0.884,-0.973,-1.186,-0.755,-0.91,-0.738,-0.727,-0.849,-0.905,-0.793,-0.788,-0.982,2
-1.2,-0.756,-1.208,-0.587,-0.648,-0.381,-0.761,-0.729,-0.613,-1.175,-1.2,-0.856,-0.983,-0.84,-0.822,-0.871,-1.019,-0.898,-0.875,-1.065,-1.2,-1.049,-0.939,-1.002,-0.885,-0.847,-1.073,-0.945,-0.908,-1.001,-1.2,-0.802,-0.935,-0.784,-0.76,-0.872,-0.963,-0.833,-0.824,-1.013,2
-1.276,-0.798,-1.163,-0.531,-0.553,-0.323,-0.745,-0.712,-0.556,-1.088,-1.276,-0.905,-0.968,-0.85,-0.789,-0.855,-1.015,-0.871,-0.836,-0.999,-1.276,-1.149,-1.054,-1.096,-1.006,-0.944,-1.143,-1.051,-1.006,-1.058,-1.276,-0.827,-0.971,-0.772,-0.762,-0.859,-0.946,-0.839,-0.806,-1.0,2
-1.225,-0.713,-1.11,-0.545,-0.514,-0.293,-0.717,-0.635,-0.553,-1.121,-1.225,-0.817,-0.891,-0.798,-0.723,-0.824,-0.975,-0.805,-0.795,-0.984,-1.225,-1.056,-0.975,-0.985,-0.884,-0.849,-1.062,-0.933,-0.895,-0.996,-1.225,-0.83,-1.018,-0.798,-0.813,-0.904,-0.956,-0.869,-0.859,-1.053,2
-1.155,-0.717,-1.216,-0.559,-0.644,-0.385,-0.719,-0.704,-0.586,-1.133,-1.155,-0.819,-0.967,-0.813,-0.811,-0.875,-0.994,-0.884,-0.864,-1.053,-1.155,-1.024,-0.942,-0.973,-0.881,-0.827,-1.03,-0.925,-0.879,-0.95,-1.155,-0.779,-0.955,-0.765,-0.783,-0.888,-0.939,-0.859,-0.859,-1.071,2
-1.203,-0.69,-1.127,-0.528,-0.563,-0.319,-0.729,-0.687,-0.566,-1.162,-1.203,-0.799,-0.882,-0.785,-0.736,-0.835,-0.97,-0.82,-0.81,-0.992,-1.203,-1.04,-0.954,-0.983,-0.882,-0.856,-1.065,-0.939,-0.898,-0.988,-1.203,-0.798,-0.942,-0.784,-0.75,-0.869,-0.946,-0.812,-0.8,-0.983,2
-1.21,-0.713,-1.134,-0.487,-0.545,-0.285,-0.691,-0.675,-0.523,-1.107,-1.21,-0.802,-0.915,-0.755,-0.72,-0.797,-0.927,-0.797,-0.766,-0.967,-1.21,-1.071,-0.991,-1.013,-0.913,-0.866,-1.08,-0.963,-0.911,-0.983,-1.21,-0.774,-0.967,-0.747,-0.757,-0.869,-0.919,-0.816,-0.799,-0.989,2
-1.233,-0.845,-1.238,-0.646,-0.67,-0.428,-0.775,-0.747,-0.625,-1.104,-1.233,-0.912,-0.99,-0.889,-0.845,-0.911,-1.053,-0.92,-0.901,-1.071,-1.233,-1.094,-1.029,-1.048,-0.962,-0.916,-1.108,-1.01,-0.976,-1.058,-1.233,-0.809,-0.944,-0.81,-0.773,-0.865,-1.004,-0.852,-0.836,-1.042,2
-1.193,-0.698,-1.15,-0.503,-0.577,-0.328,-0.709,-0.712,-0.583,-1.187,-1.193,-0.801,-0.936,-0.77,-0.758,-0.85,-0.946,-0.838,-0.829,-1.042,-1.193,-1.058,-0.997,-0.997,-0.914,-0.875,-1.045,-0.94,-0.9,-0.959,-1.193,-0.787,-0.982,-0.756,-0.786,-0.902,-0.919,-0.84,-0.841,-1.04,2
-1.115,-0.709,-1.079,-0.541,-0.574,-0.37,-0.692,-0.655,-0.551,-1.074,-1.115,-0.805,-0.838,-0.794,-0.716,-0.769,-0.956,-0.803,-0.771,-0.924,-1.115,-0.947,-0.877,-0.889,-0.788,-0.759,-0.963,-0.839,-0.806,-0.907,-1.115,-0.778,-0.944,-0.761,-0.772,-0.86,-0.935,-0.847,-0.826,-1.019,2
-1.164,-0.727,-1.199,-0.552,-0.636,-0.415,-0.713,-0.701,-0.592,-1.114,-1.164,-0.833,-0.945,-0.81,-0.792,-0.883,-0.973,-0.863,-0.856,-1.026,-1.164,-1.039,-0.98,-0.993,-0.919,-0.894,-1.052,-0.959,-0.927,-1.0,-1.164,-0.755,-0.941,-0.744,-0.746,-0.854,-0.923,-0.814,-0.807,-1.024,2
-1.16,-0.681,-1.14,-0.49,-0.571,-0.313,-0.687,-0.689,-0.543,-1.142,-1.16,-0.812,-0.933,-0.788,-0.776,-0.851,-0.961,-0.863,-0.841,-1.035,-1.16,-1.055,-1.018,-1.014,-0.966,-0.932,-1.056,-0.997,-0.962,-1.001,-1.16,-0.778,-0.906,-0.764,-0.75,-0.884,-0.934,-0.827,-0.821,-1.011,2
-1.161,-0.7,-1.192,-0.509,-0.568,-0.319,-0.666,-0.669,-0.544,-1.12,-1.161,-0.802,-0.9,-0.794,-0.747,-0.854,-0.964,-0.825,-0.817,-0.994,-1.161,-0.996,-0.903,-0.951,-0.846,-0.833,-1.035,-0.906,-0.88,-0.95,-1.161,-0.712,-0.908,-0.713,-0.715,-0.849,-0.896,-0.781,-0.771,-0.97,2
-1.266,-0.811,-1.185,-0.614,-0.629,-0.424,-0.778,-0.727,-0.625,-1.107,-1.266,-0.912,-0.953,-0.878,-0.808,-0.898,-1.048,-0.895,-0.889,-1.061,-1.266,-1.119,-1.032,-1.078,-0.976,-0.94,-1.15,-1.036,-1.003,-1.09,-1.266,-0.847,-1.017,-0.825,-0.817,-0.905,-1.002,-0.878,-0.854,-1.042,2
-1.191,-0.677,-1.086,-0.486,-0.526,-0.296,-0.732,-0.695,-0.57,-1.201,-1.191,-0.779,-0.882,-0.741,-0.703,-0.789,-0.935,-0.801,-0.773,-0.978,-1.191,-1.049,-0.95,-0.985,-0.883,-0.832,-1.046,-0.931,-0.888,-0.938,-1.191,-0.828,-1.013,-0.773,-0.797,-0.878,-0.918,-0.844,-0.807,-0.979,2
-1.309,-0.806,-1.184,-0.596,-0.615,-0.385,-0.793,-0.736,-0.611,-1.152,-1.309,-0.917,-0.992,-0.872,-0.813,-0.874,-1.044,-0.89,-0.863,-1.045,-1.309,-1.15,-1.052,-1.088,-0.973,-0.912,-1.152,-1.022,-0.975,-1.051,-1.309,-0.875,-1.039,-0.834,-0.824,-0.908,-1.0,-0.887,-0.863,-1.055,2
-1.141,-0.699,-1.171,-0.515,-0.568,-0.315,-0.658,-0.621,-0.507,-1.051,-1.141,-0.755,-0.868,-0.731,-0.695,-0.783,-0.889,-0.747,-0.735,-0.906,-1.141,-0.972,-0.874,-0.9,-0.79,-0.738,-0.966,-0.838,-0.793,-0.893,-1.141,-0.75,-0.9,-0.733,-0.717,-0.811,-0.904,-0.787,-0.773,-0.979,2
-1.138,-0.671,-1.094,-0.546,-0.57,-0.37,-0.708,-0.634,-0.558,-1.078,-1.138,-0.757,-0.85,-0.757,-0.711,-0.813,-0.945,-0.792,-0.791,-0.972,-1.138,-0.962,-0.882,-0.909,-0.808,-0.783,-0.993,-0.864,-0.83,-0.924,-1.138,-0.762,-0.957,-0.748,-0.782,-0.871,-0.909,-0.845,-0.831,-1.026,2
-1.207,-0.73,-1.199,-0.54,-0.584,-0.335,-0.701,-0.69,-0.563,-1.139,-1.207,-0.83,-0.906,-0.818,-0.749,-0.856,-0.991,-0.831,-0.82,-0.999,-1.207,-1.04,-0.941,-0.992,-0.877,-0.86,-1.071,-0.931,-0.901,-0.973,-1.207,-0.756,-0.946,-0.75,-0.746,-0.873,-0.927,-0.81,-0.795,-0.994,2
-1.136,-0.644,-1.066,-0.479,-0.513,-0.314,-0.685,-0.644,-0.555,-1.108,-1.136,-0.741,-0.773,-0.727,-0.653,-0.773,-0.919,-0.757,-0.749,-0.93,-1.136,-0.975,-0.923,-0.917,-0.844,-0.82,-0.994,-0.894,-0.856,-0.947,-1.136,-0.766,-0.933,-0.741,-0.754,-0.857,-0.909,-0.824,-0.805,-0.997,2
-1.237,-0.75,-1.188,-0.557,-0.608,-0.384,-0.71,-0.687,-0.587,-1.134,-1.237,-0.853,-0.962,-0.823,-0.79,-0.881,-0.987,-0.86,-0.852,-1.042,-1.237,-1.104,-1.022,-1.052,-0.96,-0.927,-1.11,-1.003,-0.968,-1.04,-1.237,-0.808,-0.967,-0.794,-0.775,-0.892,-0.974,-0.838,-0.835,-1.04,2
-1.098,-0.671,-1.08,-0.486,-0.539,-0.331,-0.672,-0.614,-0.502,-1.023,-1.098,-0.766,-0.883,-0.755,-0.74,-0.814,-0.932,-0.818,-0.8,-0.97,-1.098,-0.96,-0.884,-0.913,-0.831,-0.801,-0.966,-0.867,-0.839,-0.912,-1.098,-0.735,-0.873,-0.712,-0.704,-0.807,-0.889,-0.783,-0.78,-0.987,2
-1.173,-0.746,-1.187,-0.56,-0.611,-0.412,-0.717,-0.702,-0.61,-1.098,-1.173,-0.811,-0.856,-0.783,-0.723,-0.843,-0.948,-0.802,-0.806,-0.976,-1.173,-1.005,-0.931,-0.949,-0.848,-0.83,-1.028,-0.906,-0.88,-0.982,-1.173,-0.77,-0.92,-0.765,-0.739,-0.854,-0.941,-0.809,-0.812,-1.022,2
-1.255,-0.756,-1.135,-0.555,-0.58,-0.354,-0.781,-0.687,-0.554,-1.122,-1.255,-0.863,-0.946,-0.825,-0.783,-0.846,-0.999,-0.853,-0.818,-0.978,-1.255,-1.079,-0.97,-1.011,-0.891,-0.837,-1.084,-0.945,-0.9,-0.997,-1.255,-0.85,-0.991,-0.806,-0.779,-0.89,-0.968,-0.842,-0.833,-1.031,2
-1.349,-0.917,-1.234,-0.73,-0.727,-0.492,-0.897,-0.824,-0.701,-1.188,-1.349,-1.014,-1.096,-0.967,-0.933,-0.971,-1.123,-1.006,-0.984,-1.158,-1.349,-1.211,-1.139,-1.159,-1.075,-1.025,-1.213,-1.117,-1.078,-1.165,-1.349,-0.933,-1.064,-0.884,-0.855,-0.913,-1.054,-0.927,-0.89,-1.087,2
-1.196,-0.745,-1.204,-0.543,-0.651,-0.426,-0.712,-0.74,-0.601,-1.106,-1.196,-0.847,-0.891,-0.829,-0.772,-0.859,-1.0,-0.864,-0.851,-1.021,-1.196,-1.035,-0.938,-0.974,-0.869,-0.815,-1.042,-0.915,-0.866,-0.955,-1.196,-0.761,-0.929,-0.752,-0.752,-0.879,-0.932,-0.818,-0.815,-1.014,2
-1.023,-0.596,-1.139,-0.424,-0.562,-0.288,-0.601,-0.641,-0.484,-1.074,-1.023,-0.658,-0.801,-0.642,-0.642,-0.731,-0.816,-0.714,-0.691,-0.857,-1.023,-0.858,-0.773,-0.78,-0.694,-0.669,-0.853,-0.741,-0.704,-0.793,-1.023,-0.686,-0.847,-0.676,-0.689,-0.8,-0.831,-0.751,-0.739,-0.921,2
-1.347,-0.814,-1.135,-0.607,-0.62,-0.404,-0.864,-0.771,-0.617,-1.179,-1.347,-0.924,-0.946,-0.868,-0.795,-0.871,-1.062,-0.892,-0.863,-1.046,-1.347,-1.158,-1.028,-1.092,-0.945,-0.886,-1.179,-1.013,-0.957,-1.051,-1.347,-0.88,-0.976,-0.814,-0.757,-0.842,-0.972,-0.819,-0.767,-0.937,2
-1.223,-0.804,-1.215,-0.594,-0.633,-0.379,-0.758,-0.724,-0.596,-1.111,-1.223,-0.891,-0.98,-0.841,-0.808,-0.856,-1.001,-0.88,-0.845,-1.018,-1.223,-1.093,-1.009,-1.041,-0.947,-0.886,-1.089,-0.991,-0.948,-1.023,-1.223,-0.832,-1.001,-0.796,-0.8,-0.862,-0.97,-0.867,-0.835,-1.03,2
-1.192,-0.768,-1.174,-0.6,-0.636,-0.395,-0.752,-0.72,-0.605,-1.114,-1.192,-0.863,-1.014,-0.831,-0.832,-0.896,-0.994,-0.902,-0.88,-1.064,-1.192,-1.078,-1.041,-1.015,-0.962,-0.912,-1.049,-0.984,-0.942,-0.996,-1.192,-0.822,-0.971,-0.8,-0.79,-0.864,-0.968,-0.858,-0.827,-1.023,2
-1.217,-0.764,-1.143,-0.581,-0.621,-0.393,-0.777,-0.733,-0.605,-1.134,-1.217,-0.845,-0.878,-0.824,-0.753,-0.84,-1.009,-0.847,-0.825,-0.99,-1.217,-1.046,-0.951,-1.003,-0.887,-0.854,-1.08,-0.942,-0.916,-1.019,-1.217,-0.804,-0.917,-0.775,-0.729,-0.813,-0.947,-0.804,-0.779,-0.976,2
-1.32,-0.859,-1.283,-0.678,-0.738,-0.486,-0.854,-0.814,-0.674,-1.194,-1.32,-0.943,-1.05,-0.914,-0.885,-0.951,-1.09,-0.959,-0.937,-1.109,-1.32,-1.149,-1.039,-1.094,-0.968,-0.93,-1.177,-1.038,-0.996,-1.095,-1.32,-0.896,-1.014,-0.86,-0.821,-0.926,-1.037,-0.897,-0.89,-1.095,2
-1.25,-0.755,-1.191,-0.585,-0.613,-0.346,-0.793,-0.733,-0.61,-1.219,-1.25,-0.848,-0.971,-0.811,-0.789,-0.863,-0.997,-0.872,-0.854,-1.066,-1.25,-1.103,-1.044,-1.044,-0.957,-0.91,-1.093,-0.982,-0.942,-1.02,-1.25,-0.863,-1.088,-0.814,-0.847,-0.909,-0.968,-0.897,-0.859,-1.047,2
-1.075,-0.613,-1.087,-0.419,-0.494,-0.281,-0.601,-0.6,-0.498,-1.054,-1.075,-0.716,-0.879,-0.693,-0.706,-0.816,-0.866,-0.776,-0.774,-0.969,-1.075,-0.962,-0.937,-0.904,-0.859,-0.83,-0.95,-0.884,-0.855,-0.927,-1.075,-0.688,-0.849,-0.666,-0.673,-0.808,-0.842,-0.745,-0.744,-0.953,2
-1.2,-0.719,-1.145,-0.529,-0.556,-0.325,-0.719,-0.681,-0.578,-1.16,-1.2,-0.808,-0.936,-0.773,-0.747,-0.834,-0.945,-0.819,-0.807,-1.01,-1.2,-1.051,-0.975,-0.989,-0.9,-0.862,-1.052,-0.945,-0.914,-0.989,-1.2,-0.805,-1.018,-0.766,-0.803,-0.895,-0.918,-0.852,-0.84,-1.04,2
-1.17,-0.738,-1.172,-0.563,-0.619,-0.406,-0.714,-0.713,-0.601,-1.114,-1.17,-0.85,-0.968,-0.844,-0.832,-0.922,-1.015,-0.913,-0.908,-1.092,-1.17,-1.059,-0.979,-1.006,-0.925,-0.89,-1.043,-0.952,-0.916,-0.97,-1.17,-0.761,-0.925,-0.745,-0.74,-0.856,-0.922,-0.806,-0.787,-0.998,2
-1.153,-0.698,-1.114,-0.567,-0.603,-0.389,-0.724,-0.659,-0.573,-1.105,-1.153,-0.797,-0.889,-0.797,-0.754,-0.84,-0.974,-0.833,-0.824,-1.0,-1.153,-1.025,-0.932,-0.985,-0.889,-0.853,-1.035,-0.932,-0.905,-0.969,-1.153,-0.78,-0.974,-0.762,-0.778,-0.873,-0.93,-0.846,-0.836,-1.039,2
-1.144,-0.704,-1.179,-0.513,-0.576,-0.329,-0.674,-0.695,-0.591,-1.169,-1.144,-0.803,-0.938,-0.781,-0.771,-0.866,-0.941,-0.845,-0.844,-1.038,-1.144,-1.018,-0.941,-0.959,-0.875,-0.821,-1.008,-0.909,-0.857,-0.914,-1.144,-0.756,-0.944,-0.74,-0.757,-0.857,-0.91,-0.815,-0.787,-0.974,2
-1.217,-0.776,-1.181,-0.574,-0.615,-0.337,-0.779,-0.724,-0.561,-1.079,-1.217,-0.861,-0.921,-0.832,-0.781,-0.844,-1.002,-0.865,-0.836,-0.987,-1.217,-1.038,-0.943,-0.974,-0.859,-0.793,-1.039,-0.907,-0.863,-0.96,-1.217,-0.8,-0.906,-0.75,-0.708,-0.775,-0.922,-0.79,-0.746,-0.943,2
-1.213,-0.775,-1.155,-0.57,-0.614,-0.399,-0.741,-0.701,-0.575,-1.071,-1.213,-0.865,-0.937,-0.83,-0.779,-0.847,-0.999,-0.855,-0.839,-0.997,-1.213,-1.033,-0.925,-0.982,-0.858,-0.814,-1.071,-0.919,-0.877,-0.973,-1.213,-0.792,-0.866,-0.752,-0.693,-0.799,-0.925,-0.776,-0.764,-0.955,2
-1.23,-0.766,-1.111,-0.542,-0.543,-0.328,-0.705,-0.648,-0.523,-1.011,-1.23,-0.847,-0.908,-0.805,-0.738,-0.819,-0.971,-0.814,-0.792,-0.953,-1.23,-1.053,-0.941,-1.005,-0.876,-0.849,-1.094,-0.942,-0.907,-1.015,-1.23,-0.806,-0.884,-0.774,-0.718,-0.815,-0.961,-0.801,-0.784,-0.982,2
-1.291,-0.808,-1.192,-0.563,-0.586,-0.345,-0.742,-0.701,-0.543,-1.042,-1.291,-0.934,-1.01,-0.873,-0.823,-0.891,-1.024,-0.889,-0.855,-1.017,-1.291,-1.171,-1.087,-1.133,-1.038,-0.984,-1.188,-1.087,-1.046,-1.116,-1.291,-0.853,-0.978,-0.81,-0.78,-0.86,-1.003,-0.868,-0.839,-1.051,2
-1.204,-0.782,-1.173,-0.574,-0.623,-0.398,-0.747,-0.722,-0.601,-1.097,-1.204,-0.864,-0.984,-0.832,-0.817,-0.888,-1.001,-0.894,-0.878,-1.05,-1.204,-1.06,-0.958,-1.022,-0.916,-0.89,-1.09,-0.971,-0.945,-1.028,-1.204,-0.792,-0.915,-0.771,-0.746,-0.841,-0.96,-0.828,-0.81,-1.021,2
-1.141,-0.658,-1.163,-0.488,-0.578,-0.313,-0.682,-0.681,-0.534,-1.132,-1.141,-0.735,-0.865,-0.741,-0.718,-0.837,-0.92,-0.79,-0.781,-0.961,-1.141,-0.961,-0.883,-0.887,-0.788,-0.754,-0.972,-0.838,-0.793,-0.901,-1.141,-0.757,-0.943,-0.734,-0.771,-0.876,-0.893,-0.829,-0.814,-1.0,2
-1.109,-0.65,-1.086,-0.491,-0.535,-0.339,-0.663,-0.625,-0.534,-1.078,-1.109,-0.774,-0.908,-0.762,-0.745,-0.842,-0.935,-0.825,-0.825,-1.021,-1.109,-1.003,-0.945,-0.956,-0.887,-0.853,-0.994,-0.906,-0.871,-0.92,-1.109,-0.762,-0.932,-0.743,-0.745,-0.85,-0.906,-0.815,-0.811,-1.011,2
-1.339,-0.865,-1.189,-0.673,-0.676,-0.429,-0.892,-0.813,-0.673,-1.214,-1.339,-0.967,-1.017,-0.911,-0.851,-0.892,-1.086,-0.942,-0.904,-1.09,-1.339,-1.183,-1.111,-1.116,-1.014,-0.961,-1.179,-1.065,-1.022,-1.13,-1.339,-0.901,-1.008,-0.839,-0.793,-0.858,-0.999,-0.855,-0.806,-0.992,2
-1.264,-0.83,-1.27,-0.594,-0.666,-0.384,-0.764,-0.762,-0.593,-1.111,-1.264,-0.94,-1.049,-0.888,-0.882,-0.934,-1.037,-0.948,-0.918,-1.082,-1.264,-1.123,-1.042,-1.066,-0.972,-0.913,-1.106,-1.003,-0.963,-1.029,-1.264,-0.784,-0.934,-0.738,-0.727,-0.803,-0.935,-0.808,-0.765,-0.998,2
-1.269,-0.828,-1.161,-0.614,-0.619,-0.381,-0.784,-0.736,-0.595,-1.094,-1.269,-0.903,-0.943,-0.848,-0.783,-0.82,-1.018,-0.875,-0.827,-0.992,-1.269,-1.101,-1.003,-1.048,-0.931,-0.897,-1.126,-0.99,-0.957,-1.06,-1.269,-0.845,-0.984,-0.808,-0.793,-0.858,-0.997,-0.875,-0.837,-1.041,2
-1.217,-0.816,-1.19,-0.628,-0.677,-0.446,-0.807,-0.739,-0.587,-1.075,-1.217,-0.884,-0.962,-0.843,-0.799,-0.853,-1.008,-0.868,-0.834,-0.998,-1.217,-1.043,-0.966,-0.975,-0.88,-0.836,-1.044,-0.922,-0.884,-0.999,-1.217,-0.856,-0.999,-0.81,-0.811,-0.897,-0.974,-0.89,-0.88,-1.08,2
-1.216,-0.781,-1.194,-0.534,-0.633,-0.381,-0.74,-0.752,-0.567,-1.081,-1.216,-0.867,-0.94,-0.814,-0.786,-0.857,-0.975,-0.861,-0.837,-1.001,-1.216,-1.065,-0.958,-1.006,-0.888,-0.838,-1.073,-0.948,-0.899,-0.987,-1.216,-0.814,-0.898,-0.776,-0.737,-0.829,-0.966,-0.828,-0.804,-1.01,2
-1.06,-0.662,-1.162,-0.497,-0.566,-0.3,-0.632,-0.637,-0.549,-1.147,-1.06,-0.74,-0.893,-0.73,-0.726,-0.797,-0.898,-0.8,-0.791,-1.004,-1.06,-0.955,-0.913,-0.891,-0.834,-0.776,-0.922,-0.85,-0.801,-0.846,-1.06,-0.723,-0.921,-0.742,-0.759,-0.849,-0.921,-0.827,-0.805,-0.99,2
-1.17,-0.683,-1.12,-0.488,-0.531,-0.293,-0.682,-0.659,-0.535,-1.124,-1.17,-0.805,-0.934,-0.772,-0.753,-0.837,-0.947,-0.835,-0.82,-1.025,-1.17,-1.068,-1.008,-1.02,-0.956,-0.917,-1.056,-0.978,-0.94,-0.981,-1.17,-0.785,-0.937,-0.765,-0.747,-0.852,-0.931,-0.82,-0.802,-1.0,2
-1.175,-0.687,-1.107,-0.569,-0.573,-0.38,-0.736,-0.646,-0.598,-1.181,-1.175,-0.793,-0.908,-0.783,-0.744,-0.831,-0.965,-0.825,-0.819,-1.025,-1.175,-1.047,-0.984,-0.998,-0.925,-0.885,-1.043,-0.961,-0.933,-0.996,-1.175,-0.829,-1.053,-0.807,-0.848,-0.935,-0.965,-0.9,-0.893,-1.092,2
-1.127,-0.65,-1.076,-0.522,-0.552,-0.393,-0.683,-0.619,-0.559,-1.049,-1.127,-0.754,-0.874,-0.741,-0.718,-0.827,-0.922,-0.794,-0.804,-1.001,-1.127,-0.975,-0.892,-0.917,-0.816,-0.783,-0.975,-0.852,-0.818,-0.901,-1.127,-0.762,-0.996,-0.75,-0.796,-0.89,-0.91,-0.852,-0.854,-1.061,2
-1.221,-0.717,-1.128,-0.504,-0.548,-0.32,-0.692,-0.647,-0.487,-1.012,-1.221,-0.826,-0.879,-0.803,-0.74,-0.822,-0.972,-0.812,-0.776,-0.919,-1.221,-1.098,-0.992,-1.046,-0.937,-0.875,-1.09,-0.975,-0.926,-0.96,-1.221,-0.814,-0.924,-0.78,-0.74,-0.827,-0.954,-0.816,-0.786,-0.978,2
-1.219,-0.711,-1.155,-0.545,-0.579,-0.354,-0.739,-0.698,-0.586,-1.151,-1.219,-0.816,-0.964,-0.79,-0.778,-0.873,-0.967,-0.849,-0.839,-1.037,-1.219,-1.079,-1.016,-1.024,-0.948,-0.914,-1.081,-0.987,-0.961,-1.033,-1.219,-0.832,-1.043,-0.805,-0.849,-0.947,-0.965,-0.906,-0.901,-1.104,2
-1.191,-0.748,-1.136,-0.57,-0.588,-0.371,-0.745,-0.688,-0.578,-1.079,-1.191,-0.854,-0.969,-0.836,-0.813,-0.894,-1.011,-0.887,-0.875,-1.054,-1.191,-1.039,-0.964,-0.978,-0.876,-0.833,-1.048,-0.924,-0.873,-0.948,-1.191,-0.804,-0.899,-0.774,-0.726,-0.835,-0.939,-0.799,-0.783,-0.961,2
-1.139,-0.62,-1.06,-0.491,-0.563,-0.38,-0.715,-0.663,-0.565,-1.125,-1.139,-0.706,-0.791,-0.701,-0.657,-0.762,-0.898,-0.743,-0.733,-0.91,-1.139,-0.951,-0.841,-0.89,-0.769,-0.74,-0.973,-0.826,-0.789,-0.894,-1.139,-0.761,-0.882,-0.737,-0.73,-0.86,-0.887,-0.792,-0.787,-0.965,2
-1.052,-0.661,-1.154,-0.495,-0.61,-0.392,-0.681,-0.68,-0.555,-1.087,-1.052,-0.735,-0.897,-0.729,-0.746,-0.831,-0.904,-0.816,-0.808,-0.984,-1.052,-0.931,-0.913,-0.875,-0.826,-0.801,-0.915,-0.847,-0.823,-0.903,-1.052,-0.736,-0.94,-0.709,-0.76,-0.864,-0.882,-0.838,-0.844,-1.069,2
-1.065,-0.622,-1.127,-0.449,-0.527,-0.302,-0.632,-0.64,-0.553,-1.128,-1.065,-0.658,-0.825,-0.656,-0.653,-0.785,-0.829,-0.72,-0.732,-0.931,-1.065,-0.872,-0.8,-0.776,-0.672,-0.628,-0.853,-0.707,-0.652,-0.754,-1.065,-0.69,-0.861,-0.681,-0.691,-0.814,-0.839,-0.742,-0.737,-0.922,2
-1.272,-0.775,-1.127,-0.563,-0.583,-0.337,-0.773,-0.709,-0.55,-1.106,-1.272,-0.902,-0.954,-0.863,-0.809,-0.845,-1.038,-0.896,-0.84,-0.995,-1.272,-1.141,-1.039,-1.092,-0.986,-0.914,-1.138,-1.028,-0.978,-1.029,-1.272,-0.864,-0.96,-0.815,-0.773,-0.862,-0.983,-0.846,-0.816,-0.995,2
-1.092,-0.692,-1.135,-0.487,-0.591,-0.374,-0.679,-0.681,-0.543,-1.054,-1.092,-0.778,-0.923,-0.743,-0.751,-0.836,-0.904,-0.819,-0.816,-1.001,-1.092,-0.984,-0.956,-0.929,-0.88,-0.854,-0.958,-0.89,-0.866,-0.935,-1.092,-0.741,-0.931,-0.708,-0.743,-0.843,-0.891,-0.829,-0.826,-1.065,2
-1.357,-0.886,-1.213,-0.719,-0.707,-0.472,-0.912,-0.814,-0.681,-1.184,-1.357,-0.999,-1.047,-0.956,-0.895,-0.926,-1.129,-0.984,-0.94,-1.115,-1.357,-1.21,-1.135,-1.152,-1.059,-1.009,-1.215,-1.111,-1.069,-1.158,-1.357,-0.954,-1.065,-0.905,-0.876,-0.929,-1.072,-0.951,-0.907,-1.099,2
-1.359,-0.871,-1.18,-0.613,-0.595,-0.339,-0.823,-0.751,-0.579,-1.111,-1.359,-0.964,-1.026,-0.89,-0.835,-0.87,-1.055,-0.909,-0.857,-1.039,-1.359,-1.202,-1.077,-1.14,-1.011,-0.946,-1.207,-1.072,-1.023,-1.101,-1.359,-0.916,-1.056,-0.848,-0.831,-0.874,-1.032,-0.908,-0.847,-1.04,2
-1.233,-0.779,-1.122,-0.6,-0.597,-0.381,-0.739,-0.65,-0.535,-0.981,-1.233,-0.855,-0.911,-0.828,-0.752,-0.808,-0.996,-0.83,-0.795,-0.942,-1.233,-1.065,-0.951,-1.022,-0.895,-0.861,-1.103,-0.959,-0.925,-1.022,-1.233,-0.804,-0.863,-0.779,-0.696,-0.794,-0.966,-0.787,-0.771,-0.972,2
-1.283,-0.816,-1.231,-0.579,-0.626,-0.394,-0.742,-0.73,-0.596,-1.108,-1.283,-0.906,-1.015,-0.858,-0.826,-0.906,-1.009,-0.887,-0.869,-1.043,-1.283,-1.136,-1.039,-1.076,-0.975,-0.936,-1.135,-1.022,-0.986,-1.057,-1.283,-0.828,-0.968,-0.805,-0.782,-0.9,-0.991,-0.857,-0.854,-1.058,2
-1.213,-0.775,-1.155,-0.57,-0.614,-0.399,-0.741,-0.701,-0.575,-1.071,-1.213,-0.865,-0.937,-0.83,-0.779,-0.847,-0.999,-0.855,-0.839,-0.997,-1.213,-1.033,-0.925,-0.982,-0.858,-0.814,-1.071,-0.919,-0.877,-0.973,-1.213,-0.792,-0.866,-0.752,-0.693,-0.799,-0.925,-0.776,-0.764,-0.955,2
-1.226,-0.754,-1.215,-0.558,-0.619,-0.36,-0.73,-0.733,-0.598,-1.148,-1.226,-0.869,-1.03,-0.835,-0.837,-0.913,-0.997,-0.905,-0.888,-1.079,-1.226,-1.12,-1.066,-1.068,-1.005,-0.955,-1.108,-1.038,-0.994,-1.047,-1.226,-0.834,-0.991,-0.809,-0.805,-0.884,-0.98,-0.879,-0.843,-1.037,2
-1.138,-0.668,-1.153,-0.443,-0.529,-0.253,-0.64,-0.631,-0.451,-1.026,-1.138,-0.762,-0.898,-0.739,-0.726,-0.834,-0.908,-0.784,-0.776,-0.958,-1.138,-0.997,-0.953,-0.942,-0.882,-0.849,-1.002,-0.917,-0.878,-0.961,-1.138,-0.749,-0.919,-0.708,-0.731,-0.844,-0.892,-0.815,-0.812,-1.039,2
-1.026,-0.608,-1.136,-0.438,-0.547,-0.319,-0.602,-0.625,-0.519,-1.079,-1.026,-0.707,-0.833,-0.723,-0.708,-0.809,-0.899,-0.785,-0.787,-0.969,-1.026,-0.902,-0.828,-0.85,-0.751,-0.736,-0.894,-0.781,-0.755,-0.829,-1.026,-0.677,-0.873,-0.67,-0.683,-0.817,-0.828,-0.743,-0.748,-0.947,2
-1.204,-0.647,-1.098,-0.484,-0.526,-0.286,-0.7,-0.667,-0.558,-1.191,-1.204,-0.793,-0.913,-0.774,-0.743,-0.839,-0.963,-0.835,-0.826,-1.033,-1.204,-1.082,-1.02,-1.026,-0.957,-0.923,-1.086,-0.995,-0.955,-1.021,-1.204,-0.808,-0.949,-0.77,-0.757,-0.874,-0.927,-0.822,-0.804,-0.984,2
-1.25,-0.712,-1.11,-0.51,-0.539,-0.318,-0.742,-0.691,-0.562,-1.162,-1.25,-0.825,-0.9,-0.786,-0.73,-0.822,-0.968,-0.814,-0.795,-0.991,-1.25,-1.087,-1.008,-1.008,-0.915,-0.876,-1.083,-0.966,-0.921,-1.014,-1.25,-0.808,-0.96,-0.755,-0.756,-0.864,-0.916,-0.814,-0.782,-0.966,2
-1.135,-0.709,-1.202,-0.495,-0.576,-0.307,-0.65,-0.678,-0.557,-1.129,-1.135,-0.79,-0.912,-0.781,-0.756,-0.833,-0.954,-0.835,-0.814,-1.0,-1.135,-0.996,-0.93,-0.952,-0.851,-0.823,-1.017,-0.897,-0.861,-0.926,-1.135,-0.722,-0.848,-0.734,-0.685,-0.828,-0.918,-0.76,-0.753,-0.94,2
-1.288,-0.866,-1.2,-0.657,-0.692,-0.442,-0.844,-0.807,-0.648,-1.146,-1.288,-0.927,-0.938,-0.881,-0.8,-0.835,-1.053,-0.894,-0.853,-1.013,-1.288,-1.088,-0.963,-1.027,-0.877,-0.831,-1.117,-0.944,-0.901,-1.008,-1.288,-0.853,-0.986,-0.82,-0.784,-0.861,-1.003,-0.856,-0.822,-1.008,2
-1.083,-0.636,-1.079,-0.394,-0.482,-0.196,-0.631,-0.639,-0.444,-1.037,-1.083,-0.71,-0.823,-0.673,-0.66,-0.719,-0.848,-0.739,-0.7,-0.863,-1.083,-0.923,-0.834,-0.852,-0.765,-0.738,-0.913,-0.804,-0.776,-0.849,-1.083,-0.693,-0.809,-0.666,-0.65,-0.759,-0.839,-0.731,-0.695,-0.873,2
-0.987,-0.536,-1.023,-0.372,-0.441,-0.235,-0.557,-0.546,-0.47,-1.092,-0.987,-0.642,-0.762,-0.639,-0.611,-0.711,-0.822,-0.704,-0.704,-0.918,-0.987,-0.879,-0.85,-0.829,-0.768,-0.743,-0.868,-0.777,-0.743,-0.801,-0.987,-0.677,-0.889,-0.672,-0.702,-0.818,-0.834,-0.761,-0.763,-0.961,2
-1.262,-0.826,-1.132,-0.628,-0.594,-0.349,-0.801,-0.703,-0.571,-1.069,-1.262,-0.925,-0.95,-0.878,-0.799,-0.844,-1.036,-0.882,-0.846,-1.008,-1.262,-1.116,-1.044,-1.057,-0.967,-0.921,-1.113,-1.012,-0.983,-1.072,-1.262,-0.845,-0.965,-0.808,-0.761,-0.851,-0.979,-0.834,-0.813,-1.012,2
-1.173,-0.707,-1.088,-0.536,-0.544,-0.306,-0.703,-0.635,-0.523,-1.052,-1.173,-0.834,-0.961,-0.81,-0.779,-0.834,-0.977,-0.851,-0.822,-0.999,-1.173,-1.061,-0.959,-1.008,-0.896,-0.834,-1.046,-0.922,-0.869,-0.91,-1.173,-0.814,-0.907,-0.794,-0.732,-0.813,-0.963,-0.803,-0.775,-0.957,2
-1.22,-0.764,-1.181,-0.587,-0.66,-0.394,-0.79,-0.764,-0.597,-1.141,-1.22,-0.888,-1.021,-0.858,-0.864,-0.902,-1.029,-0.939,-0.901,-1.064,-1.22,-1.099,-1.035,-1.048,-0.966,-0.912,-1.084,-0.991,-0.954,-1.025,-1.22,-0.86,-0.977,-0.819,-0.796,-0.88,-0.986,-0.874,-0.853,-1.047,2
-1.251,-0.732,-1.162,-0.559,-0.57,-0.322,-0.735,-0.674,-0.556,-1.127,-1.251,-0.827,-0.91,-0.803,-0.737,-0.836,-0.976,-0.811,-0.799,-0.985,-1.251,-1.098,-1.015,-1.037,-0.937,-0.911,-1.106,-0.988,-0.95,-1.036,-1.251,-0.809,-0.964,-0.786,-0.766,-0.868,-0.954,-0.829,-0.808,-1.01,2
-1.176,-0.79,-1.184,-0.588,-0.633,-0.411,-0.748,-0.714,-0.596,-1.064,-1.176,-0.885,-0.97,-0.855,-0.826,-0.88,-1.011,-0.9,-0.887,-1.045,-1.176,-1.023,-0.977,-0.979,-0.897,-0.872,-1.044,-0.935,-0.908,-1.006,-1.176,-0.775,-0.914,-0.755,-0.727,-0.813,-0.942,-0.804,-0.784,-0.997,2
-1.208,-0.722,-1.142,-0.562,-0.604,-0.379,-0.748,-0.696,-0.585,-1.136,-1.208,-0.822,-0.951,-0.804,-0.785,-0.874,-0.982,-0.853,-0.848,-1.026,-1.208,-1.058,-0.948,-0.999,-0.887,-0.835,-1.06,-0.93,-0.884,-0.955,-1.208,-0.839,-0.991,-0.79,-0.793,-0.886,-0.95,-0.865,-0.855,-1.056,2
-1.173,-0.773,-1.171,-0.558,-0.602,-0.386,-0.694,-0.689,-0.591,-1.103,-1.173,-0.848,-0.887,-0.834,-0.765,-0.854,-0.997,-0.851,-0.848,-1.018,-1.173,-1.01,-0.94,-0.962,-0.868,-0.843,-1.041,-0.931,-0.902,-1.0,-1.173,-0.755,-0.903,-0.764,-0.739,-0.879,-0.953,-0.811,-0.816,-0.997,2
-1.207,-0.737,-1.135,-0.622,-0.637,-0.438,-0.798,-0.709,-0.654,-1.236,-1.207,-0.841,-0.929,-0.833,-0.784,-0.865,-1.017,-0.872,-0.866,-1.065,-1.207,-1.061,-0.98,-1.007,-0.915,-0.88,-1.061,-0.956,-0.926,-1.001,-1.207,-0.816,-1.003,-0.805,-0.809,-0.92,-0.966,-0.862,-0.854,-1.045,2
-1.236,-0.734,-1.133,-0.545,-0.568,-0.361,-0.736,-0.705,-0.601,-1.155,-1.236,-0.845,-0.953,-0.804,-0.769,-0.851,-0.977,-0.852,-0.838,-1.035,-1.236,-1.102,-1.034,-1.038,-0.955,-0.916,-1.098,-0.996,-0.962,-1.037,-1.236,-0.823,-1.055,-0.785,-0.836,-0.913,-0.959,-0.894,-0.865,-1.068,2
-1.281,-0.761,-1.174,-0.566,-0.619,-0.373,-0.772,-0.726,-0.588,-1.164,-1.281,-0.898,-1.006,-0.847,-0.813,-0.88,-1.014,-0.887,-0.861,-1.052,-1.281,-1.157,-1.081,-1.102,-1.008,-0.954,-1.149,-1.044,-0.998,-1.061,-1.281,-0.843,-0.947,-0.805,-0.745,-0.852,-0.964,-0.815,-0.783,-0.973,2
-1.358,-0.915,-1.273,-0.692,-0.724,-0.478,-0.873,-0.83,-0.681,-1.184,-1.358,-0.986,-1.052,-0.931,-0.883,-0.93,-1.091,-0.952,-0.915,-1.077,-1.358,-1.195,-1.065,-1.128,-0.991,-0.931,-1.196,-1.054,-1.001,-1.079,-1.358,-0.91,-1.019,-0.87,-0.824,-0.9,-1.052,-0.909,-0.87,-1.069,2
-1.29,-0.818,-1.2,-0.586,-0.612,-0.369,-0.757,-0.724,-0.578,-1.084,-1.29,-0.944,-1.006,-0.885,-0.838,-0.895,-1.036,-0.91,-0.88,-1.035,-1.29,-1.154,-1.066,-1.101,-1.008,-0.953,-1.145,-1.043,-1.004,-1.056,-1.29,-0.821,-0.995,-0.777,-0.783,-0.865,-0.961,-0.854,-0.814,-1.024,2
-1.264,-0.821,-1.163,-0.61,-0.638,-0.41,-0.774,-0.756,-0.614,-1.108,-1.264,-0.931,-0.967,-0.88,-0.818,-0.853,-1.034,-0.905,-0.858,-1.011,-1.264,-1.125,-1.049,-1.075,-0.982,-0.947,-1.123,-1.016,-0.992,-1.069,-1.264,-0.854,-1.003,-0.81,-0.806,-0.878,-0.994,-0.888,-0.853,-1.057,2
-1.3,-0.875,-1.234,-0.691,-0.709,-0.483,-0.852,-0.792,-0.684,-1.187,-1.3,-0.969,-1.058,-0.93,-0.9,-0.955,-1.086,-0.971,-0.959,-1.14,-1.3,-1.147,-1.072,-1.09,-0.996,-0.945,-1.15,-1.038,-0.993,-1.08,-1.3,-0.884,-1.028,-0.841,-0.818,-0.882,-1.01,-0.883,-0.843,-1.035,2
-1.039,-0.667,-1.231,-0.427,-0.578,-0.29,-0.573,-0.676,-0.536,-1.082,-1.039,-0.726,-0.885,-0.706,-0.724,-0.799,-0.867,-0.797,-0.777,-0.961,-1.039,-0.919,-0.86,-0.873,-0.792,-0.776,-0.922,-0.83,-0.809,-0.868,-1.039,-0.667,-0.89,-0.678,-0.719,-0.831,-0.866,-0.798,-0.783,-0.981,2
-1.094,-0.647,-1.162,-0.495,-0.602,-0.334,-0.693,-0.681,-0.547,-1.134,-1.094,-0.721,-0.87,-0.714,-0.711,-0.797,-0.9,-0.792,-0.778,-0.97,-1.094,-0.933,-0.844,-0.871,-0.763,-0.731,-0.929,-0.799,-0.764,-0.846,-1.094,-0.727,-0.926,-0.698,-0.717,-0.83,-0.858,-0.778,-0.77,-0.972,2
-1.312,-0.838,-1.17,-0.63,-0.64,-0.414,-0.831,-0.767,-0.636,-1.179,-1.312,-0.92,-0.948,-0.878,-0.807,-0.867,-1.048,-0.887,-0.853,-1.016,-1.312,-1.121,-1.008,-1.042,-0.916,-0.86,-1.126,-0.979,-0.927,-1.03,-1.312,-0.872,-0.995,-0.823,-0.795,-0.878,-0.995,-0.862,-0.821,-1.008,2
-0.83,-0.341,0.107,-0.077,0.139,0.062,-0.333,0.136,0.172,0.134,-0.83,-0.245,0.353,-0.404,-0.065,-0.216,-0.432,-0.034,-0.084,0.235,-0.83,-0.242,0.274,0.002,0.209,0.131,-0.368,0.133,0.105,0.232,-0.83,-0.247,0.318,-0.459,-0.108,-0.318,-0.487,-0.064,-0.143,0.172,3
-0.391,-0.349,-0.06,0.093,0.066,0.023,-0.07,-0.048,0.032,-0.068,-0.391,-0.269,0.409,-0.586,-0.208,-0.388,-0.457,-0.134,-0.216,0.11,-0.391,-0.274,0.18,0.01,0.128,-0.038,-0.201,0.076,0.113,0.079,-0.391,-0.189,0.402,-0.489,-0.168,-0.359,-0.471,-0.167,-0.181,0.128,3
-0.877,-0.409,-0.352,-0.107,-0.169,-0.048,-0.369,-0.306,-0.135,-0.269,-0.877,-0.338,-0.009,-0.358,-0.215,-0.346,-0.468,-0.256,-0.244,-0.112,-0.877,-0.326,0.177,-0.095,0.166,0.187,-0.358,0.077,0.134,0.159,-0.877,-0.28,0.125,-0.353,-0.164,-0.35,-0.461,-0.192,-0.246,-0.097,3
-1.297,-0.781,-0.512,-0.552,-0.298,-0.22,-0.805,-0.419,-0.34,-0.466,-1.297,-0.545,0.005,-0.544,-0.224,-0.333,-0.617,-0.208,-0.225,-0.015,-1.297,-0.497,0.064,-0.182,-0.002,-0.002,-0.537,-0.044,-0.041,0.019,-1.297,-0.573,-0.028,-0.556,-0.258,-0.387,-0.62,-0.24,-0.252,-0.083,3
-0.928,-0.471,-0.26,-0.261,-0.148,-0.077,-0.562,-0.33,-0.223,-0.394,-0.928,-0.343,0.16,-0.419,-0.152,-0.3,-0.544,-0.181,-0.22,-0.018,-0.928,-0.318,0.179,-0.046,0.125,0.194,-0.451,0.024,0.06,0.128,-0.928,-0.384,0.065,-0.425,-0.2,-0.367,-0.537,-0.212,-0.242,-0.108,3
-1.138,-0.54,-0.408,-0.286,-0.181,-0.139,-0.585,-0.371,-0.241,-0.445,-1.138,-0.419,0.153,-0.533,-0.251,-0.402,-0.525,-0.202,-0.25,0.013,-1.138,-0.529,0.097,-0.114,0.021,0.012,-0.427,-0.038,0.005,0.109,-1.138,-0.553,0.06,-0.506,-0.225,-0.285,-0.548,-0.189,-0.158,0.05,3
-1.008,-0.517,-0.343,-0.24,-0.191,-0.098,-0.395,-0.244,-0.151,-0.335,-1.008,-0.466,0.006,-0.53,-0.31,-0.418,-0.565,-0.288,-0.306,-0.104,-1.008,-0.56,-0.035,-0.246,-0.07,0.019,-0.521,-0.125,-0.033,0.007,-1.008,-0.4,0.007,-0.483,-0.273,-0.427,-0.568,-0.25,-0.305,-0.118,3
-1.127,-0.535,-0.444,-0.225,-0.202,-0.15,-0.54,-0.439,-0.229,-0.469,-1.127,-0.466,-0.061,-0.494,-0.251,-0.398,-0.559,-0.254,-0.259,-0.112,-1.127,-0.578,-0.028,-0.257,0.032,0.089,-0.492,-0.051,0.015,0.07,-1.127,-0.473,-0.077,-0.49,-0.27,-0.386,-0.57,-0.303,-0.282,-0.131,3
-0.98,-0.517,-0.171,-0.306,-0.136,-0.112,-0.534,-0.221,-0.126,-0.193,-0.98,-0.458,0.06,-0.498,-0.23,-0.381,-0.579,-0.259,-0.279,-0.073,-0.98,-0.44,-0.002,-0.116,0.03,0.069,-0.353,-0.07,0.013,0.08,-0.98,-0.472,0.103,-0.546,-0.245,-0.377,-0.561,-0.231,-0.251,-0.015,3
-0.816,-0.438,0.084,-0.263,0.005,-0.008,-0.505,-0.126,-0.111,-0.143,-0.816,-0.326,0.317,-0.451,-0.076,-0.171,-0.526,-0.133,-0.139,0.085,-0.816,-0.316,0.091,0.041,0.218,0.174,-0.239,0.086,0.154,0.148,-0.816,-0.412,0.191,-0.5,-0.186,-0.298,-0.578,-0.215,-0.226,0.015,3
-1.268,-0.432,-0.165,-0.168,-0.044,-0.051,-0.437,-0.135,-0.085,-0.193,-1.268,-0.394,0.116,-0.525,-0.223,-0.42,-0.463,-0.126,-0.19,0.089,-1.268,-0.54,0.033,-0.205,-0.006,-0.022,-0.544,-0.044,-0.043,0.058,-1.268,-0.439,0.049,-0.507,-0.233,-0.433,-0.482,-0.161,-0.186,0.026,3
-0.896,-0.461,-0.139,-0.245,-0.04,0.009,-0.458,-0.148,-0.089,-0.146,-0.896,-0.316,0.241,-0.443,-0.092,-0.241,-0.571,-0.134,-0.138,0.103,-0.896,-0.307,0.201,-0.079,0.12,0.048,-0.502,0.005,0.044,0.131,-0.896,-0.349,0.277,-0.452,-0.089,-0.181,-0.564,-0.124,-0.099,0.141,3
-1.213,-0.708,-0.327,-0.499,-0.255,-0.217,-0.718,-0.383,-0.317,-0.381,-1.213,-0.545,-0.1,-0.554,-0.29,-0.428,-0.663,-0.3,-0.287,-0.146,-1.213,-0.501,-0.142,-0.216,-0.052,-0.049,-0.567,-0.194,-0.101,-0.145,-1.213,-0.541,-0.091,-0.537,-0.29,-0.393,-0.66,-0.311,-0.287,-0.16,3
-0.785,-0.46,-0.398,-0.24,-0.121,-0.137,-0.491,-0.159,-0.152,-0.277,-0.785,-0.369,0.184,-0.554,-0.215,-0.388,-0.553,-0.163,-0.211,0.038,-0.785,-0.357,0.177,-0.036,0.191,0.15,-0.319,0.054,0.078,0.135,-0.785,-0.397,0.22,-0.542,-0.196,-0.309,-0.58,-0.192,-0.198,0.036,3
-0.491,-0.24,0.002,-0.082,-0.009,-0.035,-0.25,-0.109,-0.13,-0.272,-0.491,-0.272,0.39,-0.47,-0.125,-0.255,-0.494,-0.171,-0.204,0.035,-0.491,-0.326,0.076,0.032,0.091,0.168,-0.098,0.048,0.152,0.196,-0.491,-0.326,0.153,-0.474,-0.225,-0.314,-0.529,-0.274,-0.245,-0.002,3
-0.903,-0.29,0.203,-0.064,0.139,0.178,-0.432,0.011,0.081,0.151,-0.903,-0.305,0.463,-0.458,-0.055,-0.161,-0.424,-0.012,-0.038,0.343,-0.903,-0.513,0.003,-0.093,0.035,0.04,-0.332,-0.055,0.042,0.047,-0.903,-0.428,0.193,-0.564,-0.227,-0.42,-0.496,-0.177,-0.205,0.054,3
-1.229,-0.456,-0.375,-0.047,-0.112,-0.042,-0.41,-0.287,-0.106,-0.329,-1.229,-0.454,-0.057,-0.558,-0.329,-0.533,-0.5,-0.225,-0.283,-0.062,-1.229,-0.632,-0.181,-0.297,-0.167,-0.15,-0.557,-0.192,-0.077,-0.143,-1.229,-0.44,0.015,-0.511,-0.265,-0.486,-0.458,-0.196,-0.211,0.004,3
-1.07,-0.516,-0.264,-0.318,-0.239,-0.191,-0.581,-0.331,-0.277,-0.329,-1.07,-0.551,-0.092,-0.581,-0.311,-0.452,-0.683,-0.345,-0.356,-0.236,-1.07,-0.641,-0.082,-0.268,-0.063,-0.032,-0.505,-0.148,-0.043,-0.068,-1.07,-0.545,0.107,-0.55,-0.252,-0.312,-0.591,-0.215,-0.246,0.012,3
-1.008,-0.504,-0.483,-0.259,-0.224,-0.146,-0.576,-0.378,-0.217,-0.447,-1.008,-0.485,-0.159,-0.5,-0.312,-0.437,-0.631,-0.345,-0.34,-0.245,-1.008,-0.584,-0.133,-0.305,-0.105,-0.036,-0.52,-0.181,-0.059,-0.094,-1.008,-0.524,-0.143,-0.538,-0.331,-0.443,-0.627,-0.355,-0.344,-0.244,3
-1.23,-0.575,-0.362,-0.276,-0.193,-0.033,-0.64,-0.353,-0.183,-0.385,-1.23,-0.507,-0.003,-0.544,-0.266,-0.373,-0.611,-0.257,-0.261,-0.046,-1.23,-0.569,0.036,-0.225,-0.017,-0.018,-0.564,-0.079,-0.004,0.06,-1.23,-0.488,0.022,-0.523,-0.286,-0.456,-0.508,-0.223,-0.263,-0.017,3
-0.908,-0.379,-0.159,-0.132,0.043,0.11,-0.426,-0.037,0.027,-0.134,-0.908,-0.396,0.193,-0.486,-0.124,-0.237,-0.568,-0.13,-0.127,0.083,-0.908,-0.536,0.126,-0.252,0.009,0.019,-0.492,-0.079,-0.045,0.066,-0.908,-0.409,0.101,-0.529,-0.185,-0.372,-0.563,-0.167,-0.186,0.004,3
-0.681,-0.247,-0.145,-0.011,0.092,0.031,-0.244,0.053,0.086,-0.103,-0.681,-0.306,0.225,-0.539,-0.188,-0.362,-0.521,-0.155,-0.181,0.043,-0.681,-0.489,0.082,-0.156,0.03,0.036,-0.345,-0.083,-0.01,0.0,-0.681,-0.321,0.17,-0.509,-0.194,-0.329,-0.528,-0.189,-0.169,0.054,3
-1.239,-0.741,-0.487,-0.506,-0.32,-0.245,-0.741,-0.472,-0.345,-0.531,-1.239,-0.645,-0.032,-0.626,-0.329,-0.384,-0.684,-0.311,-0.302,-0.107,-1.239,-0.726,-0.073,-0.311,-0.155,-0.071,-0.565,-0.175,-0.044,-0.026,-1.239,-0.661,-0.018,-0.635,-0.297,-0.325,-0.715,-0.311,-0.279,-0.079,3
-0.854,-0.48,-0.262,-0.258,-0.16,-0.044,-0.51,-0.31,-0.214,-0.326,-0.854,-0.387,0.186,-0.485,-0.19,-0.301,-0.624,-0.232,-0.256,-0.049,-0.854,-0.318,0.248,-0.073,0.099,0.124,-0.471,0.036,0.081,0.185,-0.854,-0.393,0.081,-0.467,-0.243,-0.381,-0.593,-0.269,-0.292,-0.112,3
-1.276,-0.59,-0.307,-0.282,-0.151,-0.036,-0.642,-0.294,-0.178,-0.341,-1.276,-0.53,-0.042,-0.563,-0.284,-0.4,-0.622,-0.262,-0.27,-0.053,-1.276,-0.655,-0.094,-0.31,-0.106,-0.061,-0.637,-0.21,-0.121,-0.049,-1.276,-0.612,-0.101,-0.581,-0.319,-0.432,-0.636,-0.318,-0.314,-0.106,3
-1.026,-0.473,-0.266,-0.253,-0.214,-0.136,-0.546,-0.318,-0.242,-0.357,-1.026,-0.488,0.0,-0.56,-0.272,-0.435,-0.648,-0.29,-0.305,-0.153,-1.026,-0.597,-0.01,-0.223,-0.04,-0.051,-0.457,-0.081,-0.014,0.017,-1.026,-0.525,0.13,-0.546,-0.26,-0.317,-0.563,-0.215,-0.238,0.038,3
-0.863,-0.132,-0.349,0.052,0.03,0.137,-0.353,-0.214,0.023,-0.501,-0.863,-0.381,0.007,-0.517,-0.235,-0.413,-0.529,-0.251,-0.194,-0.055,-0.863,-0.709,0.092,-0.287,-0.139,-0.094,-0.378,-0.165,-0.033,0.148,-0.863,-0.442,0.033,-0.588,-0.252,-0.486,-0.448,-0.21,-0.234,-0.067,3
-0.8,-0.415,-0.263,-0.267,-0.172,-0.129,-0.47,-0.262,-0.192,-0.263,-0.8,-0.407,0.037,-0.551,-0.241,-0.427,-0.619,-0.254,-0.266,-0.103,-0.8,-0.514,-0.018,-0.12,-0.005,0.021,-0.308,-0.081,0.017,0.023,-0.8,-0.491,0.121,-0.573,-0.254,-0.338,-0.566,-0.221,-0.217,0.008,3
-1.206,-0.556,-0.594,-0.259,-0.26,-0.098,-0.548,-0.388,-0.166,-0.607,-1.206,-0.478,-0.178,-0.542,-0.331,-0.519,-0.576,-0.283,-0.286,-0.176,-1.206,-0.538,-0.04,-0.24,-0.026,-0.038,-0.619,-0.159,-0.132,-0.107,-1.206,-0.473,-0.148,-0.541,-0.294,-0.513,-0.578,-0.279,-0.284,-0.186,3
-0.632,-0.26,0.224,-0.018,0.114,0.052,-0.266,0.119,0.146,0.209,-0.632,-0.196,0.445,-0.461,-0.119,-0.212,-0.447,-0.062,-0.097,0.297,-0.632,-0.236,0.286,0.003,0.175,0.136,-0.348,0.086,0.109,0.202,-0.632,-0.158,0.476,-0.401,-0.037,-0.212,-0.415,-0.013,-0.081,0.275,3
-1.04,-0.517,-0.019,-0.201,0.017,0.03,-0.451,-0.041,0.049,0.013,-1.04,-0.418,0.152,-0.487,-0.166,-0.317,-0.513,-0.129,-0.187,0.04,-1.04,-0.422,-0.117,-0.118,0.047,-0.049,-0.43,-0.048,-0.036,-0.134,-1.04,-0.453,0.092,-0.524,-0.229,-0.384,-0.584,-0.203,-0.232,-0.023,3
-1.248,-0.593,-0.173,-0.34,-0.09,-0.057,-0.635,-0.168,-0.154,-0.192,-1.248,-0.539,0.094,-0.522,-0.196,-0.273,-0.579,-0.17,-0.183,0.059,-1.248,-0.627,-0.02,-0.322,-0.063,-0.017,-0.582,-0.174,-0.073,-0.044,-1.248,-0.556,0.052,-0.562,-0.234,-0.3,-0.62,-0.206,-0.201,0.008,3
-1.269,-0.605,-0.464,-0.29,-0.193,-0.087,-0.545,-0.363,-0.168,-0.422,-1.269,-0.501,-0.107,-0.58,-0.314,-0.518,-0.529,-0.246,-0.253,-0.071,-1.269,-0.574,-0.194,-0.187,-0.058,-0.062,-0.548,-0.224,-0.123,-0.183,-1.269,-0.466,-0.124,-0.538,-0.305,-0.518,-0.523,-0.265,-0.24,-0.084,3
-1.046,-0.249,0.062,-0.1,0.048,-0.004,-0.365,-0.044,-0.06,0.034,-1.046,-0.39,0.367,-0.495,-0.089,-0.229,-0.534,-0.062,-0.14,0.19,-1.046,-0.56,0.175,-0.254,0.021,0.119,-0.53,-0.035,0.061,0.171,-1.046,-0.456,0.279,-0.515,-0.175,-0.258,-0.536,-0.126,-0.175,0.163,3
-0.845,-0.53,-0.23,-0.319,-0.161,-0.087,-0.563,-0.336,-0.205,-0.357,-0.845,-0.296,0.231,-0.393,-0.098,-0.249,-0.513,-0.16,-0.188,0.004,-0.845,-0.205,0.24,0.055,0.178,0.11,-0.333,0.078,0.121,0.168,-0.845,-0.333,0.086,-0.428,-0.223,-0.453,-0.475,-0.183,-0.231,-0.078,3
-1.191,-0.535,-0.207,-0.279,-0.15,-0.081,-0.564,-0.233,-0.107,-0.244,-1.191,-0.414,0.019,-0.543,-0.249,-0.47,-0.526,-0.191,-0.216,-0.011,-1.191,-0.516,-0.141,-0.213,0.006,-0.056,-0.576,-0.152,-0.075,-0.134,-1.191,-0.409,0.019,-0.5,-0.231,-0.431,-0.502,-0.202,-0.21,0.005,3
-0.864,-0.297,-0.285,-0.043,-0.246,-0.074,-0.198,-0.214,-0.137,-0.19,-0.864,-0.308,0.136,-0.373,-0.218,-0.313,-0.426,-0.192,-0.241,0.008,-0.864,-0.349,0.231,-0.108,0.178,0.218,-0.355,0.081,0.158,0.189,-0.864,-0.232,0.199,-0.327,-0.164,-0.315,-0.371,-0.143,-0.243,0.032,3
-1.238,-0.585,-0.288,-0.236,-0.063,-0.008,-0.556,-0.271,-0.141,-0.273,-1.238,-0.555,0.101,-0.571,-0.222,-0.33,-0.611,-0.192,-0.21,0.053,-1.238,-0.587,0.031,-0.268,-0.051,-0.005,-0.582,-0.081,-0.017,0.057,-1.238,-0.518,0.163,-0.557,-0.197,-0.323,-0.604,-0.184,-0.205,0.062,3
-1.056,-0.417,-0.127,-0.136,-0.093,-0.096,-0.375,-0.196,-0.11,-0.192,-1.056,-0.431,0.157,-0.533,-0.243,-0.39,-0.557,-0.217,-0.265,0.0,-1.056,-0.467,0.066,-0.174,0.057,0.02,-0.517,-0.061,0.011,0.025,-1.056,-0.377,0.277,-0.483,-0.17,-0.336,-0.48,-0.115,-0.174,0.173,3
-1.028,-0.442,-0.306,-0.126,-0.061,0.013,-0.449,-0.224,-0.022,-0.407,-1.028,-0.366,0.074,-0.508,-0.213,-0.419,-0.474,-0.173,-0.195,0.002,-1.028,-0.349,0.093,-0.035,0.091,-0.026,-0.414,0.025,0.048,0.09,-1.028,-0.341,0.151,-0.489,-0.216,-0.476,-0.44,-0.121,-0.205,0.048,3
-1.09,-0.571,-0.537,-0.23,-0.227,-0.112,-0.439,-0.32,-0.153,-0.414,-1.09,-0.549,-0.194,-0.566,-0.396,-0.493,-0.631,-0.387,-0.357,-0.228,-1.09,-0.662,-0.121,-0.382,-0.215,-0.089,-0.612,-0.27,-0.13,-0.08,-1.09,-0.456,-0.103,-0.548,-0.282,-0.477,-0.603,-0.28,-0.293,-0.152,3
-1.086,-0.601,-0.368,-0.387,-0.278,-0.17,-0.576,-0.357,-0.263,-0.326,-1.086,-0.64,-0.195,-0.652,-0.386,-0.474,-0.754,-0.426,-0.412,-0.294,-1.086,-0.691,-0.207,-0.425,-0.264,-0.171,-0.597,-0.298,-0.211,-0.144,-1.086,-0.566,0.013,-0.619,-0.27,-0.367,-0.729,-0.318,-0.334,-0.147,3
-1.178,-0.523,-0.235,-0.245,-0.142,-0.04,-0.516,-0.209,-0.065,-0.216,-1.178,-0.462,0.108,-0.559,-0.258,-0.412,-0.523,-0.222,-0.227,0.038,-1.178,-0.586,-0.115,-0.155,-0.027,-0.053,-0.509,-0.241,-0.117,-0.099,-1.178,-0.479,0.061,-0.541,-0.263,-0.426,-0.522,-0.24,-0.232,0.025,3
-0.935,-0.471,-0.357,-0.115,-0.038,-0.033,-0.38,-0.126,-0.06,-0.32,-0.935,-0.411,0.108,-0.513,-0.25,-0.395,-0.499,-0.19,-0.226,0.003,-0.935,-0.46,0.034,-0.142,0.01,-0.019,-0.386,-0.064,-0.002,0.053,-0.935,-0.356,0.093,-0.484,-0.251,-0.416,-0.503,-0.215,-0.222,-0.029,3
-1.16,-0.469,-0.417,-0.187,-0.064,-0.049,-0.514,-0.281,-0.183,-0.472,-1.16,-0.392,0.062,-0.509,-0.232,-0.425,-0.494,-0.195,-0.247,-0.003,-1.16,-0.522,0.069,-0.175,0.063,-0.005,-0.511,-0.032,0.004,0.082,-1.16,-0.47,0.014,-0.53,-0.273,-0.454,-0.533,-0.253,-0.255,-0.072,3
-1.086,-0.413,-0.191,-0.168,-0.058,-0.103,-0.484,-0.15,-0.106,-0.204,-1.086,-0.353,0.119,-0.476,-0.243,-0.439,-0.425,-0.164,-0.191,0.1,-1.086,-0.481,0.12,-0.046,0.045,0.017,-0.452,0.002,0.059,0.196,-1.086,-0.379,0.225,-0.513,-0.202,-0.394,-0.393,-0.077,-0.168,0.177,3
-0.776,-0.438,-0.105,0.003,0.086,0.058,-0.25,-0.057,0.012,-0.097,-0.776,-0.375,0.3,-0.608,-0.203,-0.398,-0.475,-0.094,-0.179,0.168,-0.776,-0.417,0.148,-0.094,0.081,-0.06,-0.321,0.011,0.08,0.106,-0.776,-0.338,0.284,-0.541,-0.203,-0.374,-0.483,-0.154,-0.165,0.163,3
-1.233,-0.658,-0.318,-0.322,-0.187,-0.08,-0.634,-0.313,-0.167,-0.289,-1.233,-0.527,0.022,-0.565,-0.226,-0.41,-0.585,-0.192,-0.218,0.005,-1.233,-0.581,-0.061,-0.273,-0.072,-0.091,-0.575,-0.187,-0.071,-0.03,-1.233,-0.544,-0.106,-0.569,-0.29,-0.474,-0.637,-0.281,-0.274,-0.133,3
-1.074,-0.467,-0.054,-0.159,-0.021,0.012,-0.469,-0.076,0.034,-0.055,-1.074,-0.419,0.187,-0.516,-0.187,-0.318,-0.551,-0.163,-0.204,0.039,-1.074,-0.479,-0.093,-0.16,0.011,-0.027,-0.471,-0.097,-0.014,-0.075,-1.074,-0.455,0.157,-0.551,-0.245,-0.361,-0.567,-0.194,-0.225,0.043,3
-1.058,-0.372,0.079,-0.197,0.002,-0.019,-0.489,-0.101,-0.096,0.037,-1.058,-0.339,0.473,-0.48,-0.077,-0.228,-0.487,-0.025,-0.125,0.267,-1.058,-0.381,0.411,-0.054,0.197,0.16,-0.386,0.185,0.218,0.396,-1.058,-0.39,0.411,-0.498,-0.139,-0.286,-0.467,-0.071,-0.153,0.204,3
-0.909,-0.587,-0.242,-0.301,-0.069,-0.025,-0.529,-0.11,-0.077,-0.128,-0.909,-0.42,0.188,-0.534,-0.174,-0.288,-0.509,-0.114,-0.123,0.176,-0.909,-0.41,-0.038,-0.088,0.052,-0.015,-0.336,-0.094,-0.021,-0.072,-0.909,-0.464,0.097,-0.584,-0.278,-0.411,-0.589,-0.223,-0.226,-0.005,3
-0.881,-0.476,-0.118,-0.243,-0.141,-0.05,-0.452,-0.21,-0.093,-0.182,-0.881,-0.415,0.148,-0.492,-0.206,-0.304,-0.544,-0.224,-0.224,0.008,-0.881,-0.377,0.018,-0.08,0.103,0.041,-0.313,0.006,0.079,0.074,-0.881,-0.347,0.232,-0.513,-0.174,-0.323,-0.537,-0.163,-0.181,0.105,3
-1.216,-0.455,-0.399,-0.213,-0.165,-0.057,-0.449,-0.252,-0.12,-0.348,-1.216,-0.443,-0.002,-0.532,-0.287,-0.454,-0.529,-0.222,-0.249,-0.015,-1.216,-0.602,-0.037,-0.272,-0.04,-0.025,-0.611,-0.114,-0.05,-0.045,-1.216,-0.441,-0.083,-0.54,-0.275,-0.467,-0.539,-0.226,-0.239,-0.048,3
-1.042,-0.538,-0.08,-0.401,-0.096,-0.095,-0.587,-0.187,-0.168,-0.144,-1.042,-0.453,0.148,-0.553,-0.165,-0.301,-0.628,-0.193,-0.193,0.012,-1.042,-0.416,0.005,-0.13,-0.02,-0.001,-0.431,-0.134,-0.049,0.0,-1.042,-0.433,0.213,-0.533,-0.193,-0.307,-0.55,-0.187,-0.199,0.081,3
-0.911,-0.462,-0.399,-0.212,-0.353,-0.163,-0.396,-0.324,-0.228,-0.326,-0.911,-0.402,-0.031,-0.456,-0.318,-0.408,-0.533,-0.32,-0.336,-0.162,-0.911,-0.398,0.131,-0.151,0.092,0.096,-0.375,0.027,0.095,0.137,-0.911,-0.364,0.052,-0.429,-0.234,-0.355,-0.511,-0.252,-0.314,-0.097,3
-0.599,-0.284,-0.021,0.043,-0.031,0.086,-0.181,-0.076,0.017,0.032,-0.599,-0.249,0.413,-0.372,-0.069,-0.123,-0.427,-0.079,-0.099,0.228,-0.599,-0.179,0.039,-0.015,-0.009,0.031,-0.336,-0.1,0.028,-0.094,-0.599,-0.193,0.411,-0.413,-0.104,-0.222,-0.468,-0.119,-0.151,0.215,3
-1.139,-0.631,-0.313,-0.375,-0.188,-0.074,-0.583,-0.297,-0.15,-0.283,-1.139,-0.547,0.044,-0.565,-0.241,-0.356,-0.575,-0.214,-0.222,-0.021,-1.139,-0.555,-0.103,-0.163,-0.069,-0.055,-0.427,-0.094,-0.02,-0.047,-1.139,-0.536,-0.011,-0.558,-0.282,-0.427,-0.613,-0.261,-0.266,-0.092,3
-0.723,-0.358,-0.188,0.015,0.087,-0.008,-0.19,-0.062,0.002,-0.176,-0.723,-0.35,0.21,-0.559,-0.212,-0.419,-0.521,-0.157,-0.217,0.061,-0.723,-0.433,0.003,-0.184,-0.054,-0.051,-0.336,-0.088,-0.046,0.054,-0.723,-0.318,0.24,-0.547,-0.207,-0.432,-0.516,-0.148,-0.201,0.091,3
-1.067,-0.497,-0.318,-0.171,-0.022,0.057,-0.429,-0.218,-0.129,-0.305,-1.067,-0.397,0.061,-0.456,-0.196,-0.363,-0.458,-0.146,-0.198,0.024,-1.067,-0.394,-0.038,-0.087,0.006,0.03,-0.416,-0.039,0.011,-0.005,-1.067,-0.385,-0.014,-0.458,-0.255,-0.406,-0.493,-0.206,-0.211,-0.041,3
-0.723,-0.51,-0.35,-0.267,-0.091,-0.136,-0.467,-0.114,-0.12,-0.225,-0.723,-0.384,0.154,-0.566,-0.214,-0.392,-0.564,-0.152,-0.191,0.027,-0.723,-0.334,0.136,-0.059,0.14,0.11,-0.333,-0.001,0.028,0.054,-0.723,-0.403,0.124,-0.588,-0.273,-0.411,-0.628,-0.238,-0.234,-0.029,3
-0.906,-0.46,-0.356,-0.118,-0.196,-0.068,-0.3,-0.235,-0.118,-0.316,-0.906,-0.391,-0.007,-0.443,-0.281,-0.431,-0.496,-0.274,-0.294,-0.127,-0.906,-0.394,0.046,-0.135,0.017,0.031,-0.416,-0.067,0.034,0.043,-0.906,-0.307,0.085,-0.432,-0.228,-0.419,-0.494,-0.195,-0.289,-0.085,3
-1.044,-0.458,-0.104,-0.213,-0.023,0.076,-0.441,-0.11,-0.015,-0.1,-1.044,-0.387,0.234,-0.551,-0.204,-0.341,-0.513,-0.146,-0.19,0.128,-1.044,-0.449,0.1,-0.116,0.007,-0.049,-0.437,0.03,0.069,0.099,-1.044,-0.445,0.178,-0.546,-0.216,-0.34,-0.553,-0.182,-0.19,0.068,3
-0.956,-0.508,-0.287,-0.129,-0.038,-0.079,-0.363,-0.191,-0.058,-0.186,-0.956,-0.42,0.125,-0.525,-0.233,-0.39,-0.514,-0.224,-0.236,0.013,-0.956,-0.435,0.01,-0.138,-0.02,0.012,-0.348,-0.086,-0.002,0.021,-0.956,-0.326,-0.003,-0.369,-0.238,-0.356,-0.473,-0.268,-0.263,-0.084,3
-1.061,-0.54,-0.226,-0.269,-0.065,0.006,-0.51,-0.19,-0.062,-0.196,-1.061,-0.415,0.118,-0.487,-0.159,-0.272,-0.55,-0.15,-0.154,0.087,-1.061,-0.482,0.08,-0.097,0.049,0.116,-0.428,0.031,0.072,0.103,-1.061,-0.377,0.199,-0.463,-0.151,-0.292,-0.525,-0.107,-0.143,0.071,3
-1.018,-0.519,-0.308,-0.279,-0.17,-0.142,-0.517,-0.243,-0.149,-0.264,-1.018,-0.511,0.016,-0.576,-0.26,-0.386,-0.646,-0.295,-0.292,-0.094,-1.018,-0.522,0.034,-0.217,-0.007,-0.068,-0.458,-0.069,-0.01,0.072,-1.018,-0.46,0.128,-0.532,-0.238,-0.394,-0.57,-0.204,-0.273,-0.04,3
-0.947,-0.432,-0.252,-0.242,-0.127,-0.204,-0.496,-0.192,-0.148,-0.203,-0.947,-0.447,-0.094,-0.523,-0.332,-0.491,-0.617,-0.341,-0.378,-0.237,-0.947,-0.489,-0.041,-0.256,-0.076,-0.051,-0.434,-0.142,-0.058,-0.039,-0.947,-0.448,0.022,-0.526,-0.265,-0.409,-0.613,-0.31,-0.339,-0.202,3
-1.136,-0.658,-0.388,-0.404,-0.206,-0.158,-0.641,-0.31,-0.238,-0.361,-1.136,-0.497,0.016,-0.553,-0.272,-0.405,-0.566,-0.22,-0.243,-0.017,-1.136,-0.509,0.001,-0.143,-0.008,-0.01,-0.401,-0.02,-0.003,0.011,-1.136,-0.519,0.038,-0.539,-0.24,-0.352,-0.596,-0.232,-0.224,-0.039,3
-1.036,-0.365,-0.115,-0.114,0.007,-0.052,-0.42,-0.059,-0.004,-0.145,-1.036,-0.342,0.195,-0.49,-0.193,-0.386,-0.435,-0.131,-0.156,0.133,-1.036,-0.433,0.165,-0.027,0.088,-0.021,-0.4,0.028,0.074,0.189,-1.036,-0.334,0.295,-0.507,-0.2,-0.365,-0.361,-0.05,-0.156,0.236,3
-1.007,-0.438,-0.202,-0.121,-0.082,0.01,-0.44,-0.281,-0.112,-0.226,-1.007,-0.462,0.139,-0.508,-0.189,-0.326,-0.592,-0.222,-0.234,-0.032,-1.007,-0.547,-0.009,-0.259,-0.088,-0.024,-0.526,-0.185,-0.053,-0.026,-1.007,-0.476,0.026,-0.502,-0.233,-0.381,-0.607,-0.268,-0.266,-0.119,3
-0.852,-0.384,-0.271,-0.165,-0.2,0.001,-0.556,-0.373,-0.215,-0.408,-0.852,-0.366,-0.044,-0.444,-0.295,-0.385,-0.603,-0.357,-0.365,-0.216,-0.852,-0.381,0.085,-0.185,0.004,0.102,-0.441,-0.045,0.031,0.104,-0.852,-0.438,-0.051,-0.485,-0.335,-0.452,-0.558,-0.359,-0.362,-0.181,3
-1.178,-0.589,-0.17,-0.241,-0.06,0.01,-0.513,-0.209,-0.055,-0.183,-1.178,-0.557,0.084,-0.567,-0.242,-0.314,-0.628,-0.272,-0.254,-0.021,-1.178,-0.661,-0.12,-0.338,-0.17,-0.119,-0.637,-0.286,-0.169,-0.139,-1.178,-0.485,0.124,-0.527,-0.194,-0.357,-0.588,-0.189,-0.211,0.011,3
-0.717,-0.232,0.043,0.065,-0.029,-0.019,-0.227,-0.073,-0.033,-0.083,-0.717,-0.161,0.369,-0.299,-0.114,-0.258,-0.294,-0.08,-0.17,0.156,-0.717,-0.117,0.409,0.104,0.302,0.354,-0.203,0.308,0.329,0.386,-0.717,-0.13,0.382,-0.28,-0.131,-0.232,-0.296,-0.076,-0.164,0.242,3
-1.27,-0.535,-0.369,-0.24,-0.128,-0.054,-0.52,-0.247,-0.116,-0.404,-1.27,-0.479,-0.053,-0.558,-0.293,-0.461,-0.546,-0.216,-0.245,-0.041,-1.27,-0.602,-0.087,-0.258,-0.057,-0.053,-0.618,-0.159,-0.106,-0.065,-1.27,-0.479,-0.024,-0.562,-0.28,-0.464,-0.549,-0.236,-0.24,-0.028,3
-1.183,-0.516,-0.32,-0.255,-0.109,-0.034,-0.541,-0.234,-0.073,-0.358,-1.183,-0.412,-0.035,-0.509,-0.255,-0.434,-0.545,-0.213,-0.236,-0.037,-1.183,-0.484,-0.152,-0.211,-0.077,-0.087,-0.582,-0.252,-0.183,-0.207,-1.183,-0.468,-0.121,-0.536,-0.29,-0.452,-0.602,-0.279,-0.259,-0.133,3
-1.093,-0.419,-0.23,-0.119,-0.049,-0.02,-0.577,-0.272,-0.137,-0.331,-1.093,-0.28,0.066,-0.392,-0.177,-0.436,-0.428,-0.142,-0.217,-0.007,-1.093,-0.339,0.192,-0.033,0.147,0.095,-0.436,-0.001,0.078,0.177,-1.093,-0.389,0.044,-0.457,-0.219,-0.465,-0.407,-0.167,-0.184,0.028,3
-0.594,-0.182,0.113,0.024,0.111,0.194,-0.134,0.113,0.13,0.192,-0.594,-0.099,0.432,-0.378,-0.116,-0.307,-0.407,-0.068,-0.156,0.157,-0.594,-0.098,0.253,0.019,0.074,-0.011,-0.44,0.006,0.046,0.098,-0.594,-0.131,0.559,-0.413,-0.1,-0.243,-0.424,-0.073,-0.149,0.244,3
-1.249,-0.535,-0.35,-0.265,-0.201,-0.047,-0.618,-0.348,-0.189,-0.406,-1.249,-0.556,-0.099,-0.557,-0.318,-0.398,-0.648,-0.321,-0.309,-0.136,-1.249,-0.705,-0.176,-0.397,-0.208,-0.114,-0.706,-0.305,-0.189,-0.132,-1.249,-0.6,-0.131,-0.57,-0.336,-0.454,-0.625,-0.328,-0.321,-0.125,3
-0.862,-0.482,-0.265,-0.209,-0.126,-0.021,-0.473,-0.22,-0.118,-0.226,-0.862,-0.425,0.25,-0.533,-0.206,-0.285,-0.586,-0.194,-0.227,0.074,-0.862,-0.438,-0.024,-0.135,0.017,-0.028,-0.391,-0.024,-0.041,-0.032,-0.862,-0.456,0.195,-0.54,-0.187,-0.332,-0.592,-0.18,-0.216,0.044,3
-1.199,-0.592,-0.366,-0.277,-0.147,-0.032,-0.588,-0.339,-0.171,-0.368,-1.199,-0.504,0.095,-0.488,-0.179,-0.271,-0.57,-0.165,-0.193,0.027,-1.199,-0.59,0.046,-0.216,-0.035,0.063,-0.556,-0.097,-0.039,0.054,-1.199,-0.591,0.006,-0.571,-0.248,-0.313,-0.667,-0.264,-0.23,-0.054,3
-1.053,-0.436,-0.479,-0.185,-0.152,-0.063,-0.438,-0.323,-0.12,-0.44,-1.053,-0.324,-0.01,-0.494,-0.235,-0.473,-0.48,-0.171,-0.186,-0.004,-1.053,-0.355,0.043,-0.145,0.113,-0.021,-0.558,-0.057,-0.045,0.008,-1.053,-0.289,0.021,-0.445,-0.227,-0.452,-0.479,-0.181,-0.208,-0.005,3
-1.029,-0.486,-0.291,-0.224,-0.202,-0.103,-0.443,-0.212,-0.079,-0.213,-1.029,-0.561,-0.08,-0.589,-0.368,-0.458,-0.649,-0.381,-0.355,-0.175,-1.029,-0.72,-0.128,-0.427,-0.25,-0.143,-0.585,-0.272,-0.168,-0.09,-1.029,-0.49,0.026,-0.574,-0.256,-0.409,-0.659,-0.295,-0.339,-0.147,3
-1.036,-0.474,-0.17,-0.236,-0.09,-0.099,-0.464,-0.193,-0.097,-0.219,-1.036,-0.466,0.067,-0.545,-0.241,-0.369,-0.623,-0.252,-0.267,-0.073,-1.036,-0.539,-0.234,-0.19,-0.093,-0.147,-0.564,-0.245,-0.108,-0.217,-1.036,-0.461,0.153,-0.526,-0.19,-0.308,-0.614,-0.234,-0.228,-0.002,3
-0.934,-0.441,-0.4,-0.183,-0.353,-0.16,-0.368,-0.316,-0.209,-0.315,-0.934,-0.397,-0.02,-0.438,-0.313,-0.394,-0.511,-0.305,-0.325,-0.137,-0.934,-0.412,0.118,-0.15,0.068,0.106,-0.397,0.0,0.07,0.118,-0.934,-0.361,0.065,-0.407,-0.237,-0.34,-0.486,-0.243,-0.311,-0.076,3
-0.677,-0.352,-0.217,-0.055,-0.185,-0.095,-0.373,-0.265,-0.091,-0.192,-0.677,-0.297,0.178,-0.485,-0.231,-0.404,-0.534,-0.23,-0.256,-0.02,-0.677,-0.382,0.039,-0.084,0.094,-0.003,-0.269,0.066,0.052,0.037,-0.677,-0.313,0.207,-0.463,-0.175,-0.337,-0.481,-0.178,-0.221,0.02,3
-0.79,-0.386,0.161,-0.063,0.11,0.209,-0.268,0.095,0.136,0.235,-0.79,-0.328,0.224,-0.345,-0.126,-0.198,-0.408,-0.127,-0.163,0.085,-0.79,-0.375,-0.039,-0.053,-0.101,0.033,-0.295,-0.152,0.008,0.009,-0.79,-0.335,0.175,-0.412,-0.184,-0.263,-0.514,-0.189,-0.197,0.008,3
-0.965,-0.294,-0.271,-0.086,-0.044,-0.064,-0.358,-0.122,-0.034,-0.293,-0.965,-0.479,0.044,-0.596,-0.305,-0.478,-0.553,-0.279,-0.264,-0.049,-0.965,-0.71,0.055,-0.273,-0.142,-0.087,-0.429,-0.156,-0.035,0.084,-0.965,-0.442,0.08,-0.545,-0.248,-0.419,-0.528,-0.245,-0.287,-0.084,3
-1.153,-0.468,-0.421,-0.193,-0.087,-0.116,-0.507,-0.287,-0.2,-0.41,-1.153,-0.402,0.056,-0.502,-0.243,-0.409,-0.52,-0.212,-0.258,0.003,-1.153,-0.52,0.079,-0.194,0.036,0.029,-0.524,-0.055,-0.02,0.064,-1.153,-0.482,0.044,-0.536,-0.277,-0.441,-0.55,-0.25,-0.265,-0.059,3
-0.922,-0.374,0.019,-0.133,0.065,0.073,-0.394,0.033,0.092,-0.017,-0.922,-0.336,0.209,-0.426,-0.123,-0.273,-0.508,-0.135,-0.188,0.061,-0.922,-0.353,0.152,-0.085,0.093,0.002,-0.459,-0.026,-0.056,0.01,-0.922,-0.364,0.221,-0.49,-0.146,-0.346,-0.544,-0.127,-0.198,0.02,3
-1.169,-0.488,-0.166,-0.245,-0.097,-0.106,-0.468,-0.157,-0.091,-0.189,-1.169,-0.375,0.155,-0.502,-0.204,-0.401,-0.498,-0.123,-0.173,0.087,-1.169,-0.403,0.025,-0.102,0.078,-0.038,-0.482,-0.038,-0.032,0.029,-1.169,-0.418,0.174,-0.479,-0.159,-0.331,-0.515,-0.108,-0.151,0.1,3
-0.917,-0.499,-0.276,-0.201,-0.061,-0.057,-0.425,-0.196,-0.105,-0.205,-0.917,-0.427,0.154,-0.566,-0.227,-0.394,-0.542,-0.19,-0.209,0.052,-0.917,-0.544,-0.169,-0.212,-0.107,-0.093,-0.441,-0.185,-0.138,-0.13,-0.917,-0.436,0.198,-0.543,-0.243,-0.377,-0.536,-0.197,-0.2,0.075,3
-1.009,-0.458,-0.464,-0.183,-0.269,-0.117,-0.491,-0.435,-0.151,-0.46,-1.009,-0.457,-0.029,-0.541,-0.301,-0.438,-0.617,-0.32,-0.316,-0.158,-1.009,-0.575,-0.101,-0.297,-0.062,-0.018,-0.515,-0.147,-0.083,-0.131,-1.009,-0.541,-0.064,-0.532,-0.25,-0.345,-0.63,-0.301,-0.271,-0.122,3
-1.16,-0.496,-0.231,-0.264,-0.144,-0.085,-0.535,-0.172,-0.104,-0.219,-1.16,-0.466,0.118,-0.509,-0.243,-0.367,-0.53,-0.207,-0.224,0.044,-1.16,-0.544,0.013,-0.2,-0.01,-0.022,-0.489,-0.103,-0.043,0.018,-1.16,-0.444,0.162,-0.534,-0.206,-0.32,-0.555,-0.17,-0.198,0.076,3
-1.079,-0.519,-0.193,-0.238,-0.055,-0.018,-0.48,-0.131,-0.088,-0.143,-1.079,-0.387,0.235,-0.491,-0.165,-0.317,-0.478,-0.099,-0.16,0.152,-1.079,-0.456,0.162,-0.054,0.124,0.083,-0.404,0.099,0.071,0.209,-1.079,-0.44,0.189,-0.496,-0.185,-0.302,-0.523,-0.171,-0.172,0.072,3
-1.084,-0.578,-0.275,-0.312,-0.153,-0.027,-0.647,-0.338,-0.165,-0.322,-1.084,-0.457,0.096,-0.501,-0.199,-0.288,-0.581,-0.212,-0.206,0.017,-1.084,-0.435,0.106,-0.097,0.075,0.028,-0.44,0.011,0.081,0.141,-1.084,-0.436,0.12,-0.514,-0.238,-0.413,-0.508,-0.181,-0.229,0.039,3
-0.884,-0.429,-0.123,-0.12,-0.052,-0.052,-0.355,-0.173,-0.07,-0.133,-0.884,-0.336,0.359,-0.594,-0.211,-0.356,-0.442,-0.109,-0.182,0.195,-0.884,-0.385,0.049,-0.021,0.041,-0.002,-0.29,0.023,0.134,0.036,-0.884,-0.343,0.184,-0.528,-0.25,-0.425,-0.494,-0.192,-0.211,0.06,3
-0.863,-0.475,-0.425,-0.125,-0.2,-0.154,-0.37,-0.398,-0.148,-0.424,-0.863,-0.35,0.046,-0.447,-0.25,-0.424,-0.473,-0.243,-0.267,-0.114,-0.863,-0.402,0.112,-0.063,0.165,0.243,-0.26,0.087,0.171,0.23,-0.863,-0.306,-0.061,-0.324,-0.227,-0.371,-0.425,-0.265,-0.272,-0.131,3
-1.006,-0.491,-0.217,-0.214,-0.123,-0.093,-0.529,-0.255,-0.063,-0.244,-1.006,-0.443,0.233,-0.549,-0.22,-0.335,-0.551,-0.17,-0.202,0.098,-1.006,-0.475,0.136,-0.07,0.083,0.039,-0.406,0.065,0.068,0.131,-1.006,-0.456,0.223,-0.541,-0.194,-0.333,-0.567,-0.169,-0.193,0.083,3
-0.706,-0.274,-0.09,0.055,-0.074,0.019,-0.354,-0.232,-0.108,-0.167,-0.706,-0.241,0.193,-0.387,-0.192,-0.399,-0.45,-0.2,-0.251,-0.015,-0.706,-0.378,0.004,-0.062,0.03,-0.034,-0.281,0.01,0.009,0.024,-0.706,-0.275,0.225,-0.419,-0.134,-0.351,-0.448,-0.115,-0.2,0.019,3
-0.81,-0.33,-0.304,-0.105,-0.094,-0.046,-0.338,-0.23,-0.129,-0.383,-0.81,-0.465,0.013,-0.567,-0.247,-0.408,-0.61,-0.26,-0.248,-0.113,-0.81,-0.589,-0.034,-0.279,-0.136,-0.138,-0.389,-0.15,-0.07,-0.023,-0.81,-0.416,0.1,-0.57,-0.213,-0.358,-0.625,-0.228,-0.234,-0.058,3
-0.834,-0.323,-0.19,-0.019,0.101,-0.068,-0.242,-0.086,-0.059,-0.276,-0.834,-0.304,0.14,-0.518,-0.257,-0.471,-0.429,-0.124,-0.22,0.016,-0.834,-0.401,0.107,-0.093,0.085,0.024,-0.343,0.052,0.056,0.134,-0.834,-0.296,0.139,-0.567,-0.257,-0.491,-0.471,-0.154,-0.185,0.06,3
-1.101,-0.515,-0.243,-0.28,-0.159,-0.109,-0.499,-0.213,-0.125,-0.239,-1.101,-0.328,0.184,-0.477,-0.177,-0.41,-0.449,-0.088,-0.154,0.128,-1.101,-0.298,0.059,-0.064,0.085,-0.07,-0.43,0.0,0.005,0.048,-1.101,-0.369,0.201,-0.478,-0.163,-0.374,-0.49,-0.098,-0.161,0.094,3
-0.549,-0.277,-0.072,0.042,0.041,0.06,-0.186,-0.043,0.066,-0.034,-0.549,-0.191,0.202,-0.337,-0.135,-0.365,-0.381,-0.118,-0.2,-0.045,-0.549,-0.275,-0.022,0.028,0.151,0.037,-0.204,0.088,0.082,-0.056,-0.549,-0.234,0.146,-0.411,-0.188,-0.396,-0.459,-0.194,-0.239,-0.072,3
-1.076,-0.418,-0.046,-0.172,-0.076,-0.029,-0.455,-0.063,-0.07,-0.017,-1.076,-0.369,0.259,-0.498,-0.204,-0.319,-0.481,-0.114,-0.185,0.161,-1.076,-0.391,0.08,-0.141,-0.054,-0.017,-0.518,-0.081,-0.009,0.09,-1.076,-0.372,0.287,-0.518,-0.2,-0.327,-0.462,-0.124,-0.161,0.191,3
-1.081,-0.473,-0.43,-0.204,-0.176,-0.121,-0.448,-0.218,-0.09,-0.407,-1.081,-0.523,-0.147,-0.552,-0.347,-0.534,-0.554,-0.321,-0.313,-0.185,-1.081,-0.657,-0.047,-0.226,-0.105,-0.109,-0.475,-0.176,-0.018,0.006,-1.081,-0.439,-0.074,-0.524,-0.269,-0.486,-0.49,-0.213,-0.268,-0.104,3
-1.075,-0.554,-0.399,-0.222,-0.146,-0.1,-0.529,-0.297,-0.183,-0.397,-1.075,-0.517,0.082,-0.584,-0.246,-0.385,-0.619,-0.226,-0.258,-0.021,-1.075,-0.628,-0.091,-0.346,-0.11,-0.083,-0.567,-0.164,-0.15,-0.101,-1.075,-0.509,0.093,-0.566,-0.258,-0.4,-0.597,-0.216,-0.238,-0.016,3
-1.039,-0.471,-0.269,-0.161,-0.017,0.042,-0.475,-0.237,-0.125,-0.375,-1.039,-0.39,0.078,-0.486,-0.192,-0.358,-0.529,-0.17,-0.204,-0.029,-1.039,-0.433,-0.095,-0.154,0.014,-0.116,-0.514,-0.134,-0.135,-0.136,-1.039,-0.451,0.069,-0.508,-0.228,-0.363,-0.588,-0.242,-0.236,-0.03,3
-1.188,-0.624,-0.309,-0.434,-0.214,-0.141,-0.698,-0.325,-0.232,-0.347,-1.188,-0.512,0.114,-0.538,-0.156,-0.256,-0.645,-0.189,-0.182,-0.001,-1.188,-0.561,0.121,-0.229,0.031,0.04,-0.552,-0.068,-0.028,0.07,-1.188,-0.585,0.005,-0.577,-0.235,-0.328,-0.655,-0.252,-0.25,-0.044,3
-0.941,-0.373,-0.054,-0.004,-0.027,0.153,-0.259,-0.117,0.047,-0.017,-0.941,-0.35,0.203,-0.458,-0.166,-0.337,-0.491,-0.152,-0.195,0.041,-0.941,-0.383,0.07,-0.139,-0.007,-0.053,-0.401,-0.026,0.027,0.072,-0.941,-0.305,0.25,-0.432,-0.129,-0.333,-0.483,-0.107,-0.161,0.078,3
-0.826,-0.243,0.169,-0.025,0.127,0.093,-0.371,0.014,0.03,0.073,-0.826,-0.252,0.483,-0.439,-0.051,-0.196,-0.382,-0.004,-0.047,0.312,-0.826,-0.471,0.021,-0.054,0.079,0.069,-0.293,-0.009,0.077,0.054,-0.826,-0.41,0.279,-0.619,-0.193,-0.368,-0.528,-0.148,-0.151,0.101,3
-0.997,-0.502,-0.242,-0.264,-0.159,-0.11,-0.47,-0.227,-0.133,-0.221,-0.997,-0.326,0.189,-0.447,-0.163,-0.375,-0.484,-0.106,-0.161,0.091,-0.997,-0.303,0.042,-0.056,0.064,-0.045,-0.458,-0.035,-0.033,0.012,-0.997,-0.348,0.194,-0.473,-0.173,-0.378,-0.525,-0.136,-0.197,0.035,3
-0.878,-0.363,-0.465,-0.118,-0.166,-0.028,-0.447,-0.335,-0.152,-0.566,-0.878,-0.255,-0.123,-0.38,-0.314,-0.477,-0.463,-0.3,-0.283,-0.172,-0.878,-0.297,0.032,-0.047,-0.03,0.007,-0.468,-0.096,-0.075,0.004,-0.878,-0.332,-0.103,-0.428,-0.279,-0.52,-0.492,-0.292,-0.305,-0.23,3
-1.091,-0.557,-0.386,-0.296,-0.204,-0.084,-0.576,-0.367,-0.177,-0.452,-1.091,-0.462,0.075,-0.498,-0.222,-0.374,-0.561,-0.222,-0.243,-0.057,-1.091,-0.504,0.05,-0.179,-0.035,-0.087,-0.471,-0.066,0.007,-0.017,-1.091,-0.571,0.032,-0.576,-0.247,-0.327,-0.635,-0.274,-0.246,-0.041,3
-1.249,-0.487,-0.223,-0.201,-0.084,-0.034,-0.465,-0.149,-0.092,-0.211,-1.249,-0.408,0.079,-0.511,-0.236,-0.397,-0.485,-0.15,-0.21,0.074,-1.249,-0.514,-0.006,-0.172,-0.035,-0.029,-0.544,-0.081,-0.062,0.012,-1.249,-0.422,0.015,-0.48,-0.248,-0.423,-0.484,-0.176,-0.198,0.021,3
-0.734,-0.319,-0.235,-0.102,-0.165,0.053,-0.495,-0.329,-0.164,-0.348,-0.734,-0.291,0.043,-0.384,-0.248,-0.33,-0.55,-0.314,-0.336,-0.162,-0.734,-0.269,0.227,-0.064,0.114,0.185,-0.335,0.076,0.124,0.204,-0.734,-0.353,0.048,-0.411,-0.27,-0.388,-0.485,-0.285,-0.307,-0.111,3
-1.227,-0.575,-0.566,-0.27,-0.24,-0.09,-0.558,-0.38,-0.17,-0.568,-1.227,-0.483,-0.149,-0.541,-0.325,-0.505,-0.555,-0.266,-0.275,-0.135,-1.227,-0.539,-0.009,-0.215,-0.005,-0.025,-0.588,-0.118,-0.096,-0.063,-1.227,-0.452,-0.048,-0.537,-0.247,-0.467,-0.531,-0.217,-0.237,-0.078,3
-0.963,-0.617,-0.299,-0.437,-0.25,-0.115,-0.605,-0.338,-0.258,-0.288,-0.963,-0.443,0.143,-0.48,-0.177,-0.229,-0.658,-0.25,-0.257,-0.075,-0.963,-0.335,0.158,-0.103,0.088,0.058,-0.483,-0.004,0.014,0.124,-0.963,-0.471,0.048,-0.483,-0.24,-0.335,-0.643,-0.3,-0.33,-0.163,3
-0.929,-0.464,-0.101,-0.294,-0.149,-0.101,-0.535,-0.191,-0.125,-0.108,-0.929,-0.463,0.146,-0.569,-0.222,-0.314,-0.648,-0.234,-0.234,0.022,-0.929,-0.439,0.038,-0.157,-0.056,0.047,-0.385,-0.072,-0.022,0.051,-0.929,-0.466,0.239,-0.538,-0.194,-0.263,-0.528,-0.136,-0.144,0.161,3
-0.882,-0.45,0.009,-0.201,-0.055,-0.058,-0.416,-0.107,0.001,-0.027,-0.882,-0.364,0.254,-0.466,-0.14,-0.292,-0.516,-0.146,-0.17,0.05,-0.882,-0.361,0.017,-0.067,0.105,0.049,-0.363,-0.025,0.054,-0.003,-0.882,-0.377,0.204,-0.504,-0.197,-0.366,-0.522,-0.172,-0.216,0.051,3
-1.273,-0.715,-0.252,-0.455,-0.202,-0.133,-0.729,-0.284,-0.261,-0.253,-1.273,-0.554,-0.024,-0.55,-0.251,-0.379,-0.615,-0.234,-0.237,-0.035,-1.273,-0.559,-0.178,-0.257,-0.089,-0.071,-0.577,-0.241,-0.122,-0.201,-1.273,-0.56,0.042,-0.569,-0.26,-0.355,-0.632,-0.233,-0.237,-0.023,3
-0.975,-0.443,-0.206,-0.194,-0.097,-0.101,-0.431,-0.249,-0.135,-0.268,-0.975,-0.443,0.049,-0.551,-0.259,-0.422,-0.622,-0.271,-0.283,-0.106,-0.975,-0.467,0.024,-0.188,0.017,-0.012,-0.525,-0.127,-0.044,-0.027,-0.975,-0.421,0.241,-0.516,-0.191,-0.332,-0.551,-0.167,-0.203,0.097,3
-1.035,-0.651,-0.218,-0.42,-0.239,-0.084,-0.594,-0.344,-0.239,-0.216,-1.035,-0.52,0.089,-0.556,-0.246,-0.324,-0.698,-0.31,-0.303,-0.134,-1.035,-0.446,0.144,-0.182,0.051,0.027,-0.541,-0.049,-0.012,0.095,-1.035,-0.515,0.045,-0.551,-0.256,-0.36,-0.706,-0.315,-0.331,-0.177,3
-1.128,-0.52,-0.395,-0.349,-0.171,-0.126,-0.608,-0.29,-0.22,-0.416,-1.128,-0.336,0.184,-0.463,-0.15,-0.348,-0.47,-0.096,-0.167,0.111,-1.128,-0.302,0.279,-0.063,0.13,0.014,-0.405,0.101,-0.002,0.215,-1.128,-0.397,0.151,-0.484,-0.203,-0.375,-0.488,-0.144,-0.201,0.048,3
-0.835,-0.475,-0.351,-0.166,-0.183,-0.119,-0.492,-0.439,-0.243,-0.474,-0.835,-0.341,-0.004,-0.385,-0.204,-0.355,-0.519,-0.284,-0.266,-0.172,-0.835,-0.27,0.164,-0.043,0.162,0.157,-0.349,0.049,0.139,0.071,-0.835,-0.321,0.005,-0.413,-0.276,-0.46,-0.508,-0.307,-0.324,-0.16,3
-1.109,-0.533,-0.336,-0.243,-0.127,-0.116,-0.495,-0.235,-0.135,-0.348,-1.109,-0.392,0.115,-0.53,-0.248,-0.44,-0.462,-0.159,-0.235,0.058,-1.109,-0.432,0.024,-0.081,-0.051,-0.074,-0.312,-0.021,-0.032,0.073,-1.109,-0.402,0.183,-0.51,-0.199,-0.344,-0.48,-0.159,-0.188,0.1,3
-1.117,-0.528,-0.145,-0.287,-0.094,0.029,-0.557,-0.133,-0.041,-0.115,-1.117,-0.476,0.136,-0.547,-0.194,-0.282,-0.642,-0.231,-0.209,0.032,-1.117,-0.504,0.084,-0.243,0.013,-0.018,-0.525,-0.068,-0.042,0.076,-1.117,-0.449,0.219,-0.521,-0.15,-0.264,-0.56,-0.109,-0.177,0.11,3
-1.247,-0.572,-0.758,-0.378,-0.319,-0.184,-0.691,-0.523,-0.334,-0.912,-1.247,-0.65,-0.6,-0.648,-0.533,-0.664,-0.837,-0.607,-0.551,-0.669,-1.247,-0.966,-0.687,-0.832,-0.611,-0.525,-0.97,-0.714,-0.627,-0.72,-1.247,-0.753,-0.738,-0.725,-0.628,-0.772,-0.841,-0.674,-0.612,-0.688,4
-1.203,-0.535,-0.358,-0.291,-0.13,-0.056,-0.557,-0.24,-0.089,-0.369,-1.203,-0.599,-0.321,-0.595,-0.392,-0.51,-0.739,-0.442,-0.398,-0.392,-1.203,-0.883,-0.696,-0.757,-0.578,-0.441,-0.922,-0.675,-0.574,-0.708,-1.203,-0.65,-0.388,-0.657,-0.416,-0.518,-0.784,-0.485,-0.428,-0.401,4
-0.978,-0.313,-0.59,-0.188,-0.266,-0.189,-0.519,-0.393,-0.181,-0.575,-0.978,-0.436,-0.402,-0.522,-0.436,-0.631,-0.711,-0.486,-0.464,-0.513,-0.978,-0.775,-0.513,-0.643,-0.458,-0.352,-0.756,-0.545,-0.431,-0.484,-0.978,-0.631,-0.488,-0.555,-0.463,-0.585,-0.591,-0.482,-0.442,-0.487,4
-1.104,-0.48,-0.686,-0.307,-0.201,-0.166,-0.543,-0.418,-0.313,-0.816,-1.104,-0.547,-0.552,-0.593,-0.473,-0.651,-0.754,-0.531,-0.501,-0.611,-1.104,-0.882,-0.612,-0.759,-0.561,-0.473,-0.868,-0.644,-0.561,-0.605,-1.104,-0.666,-0.688,-0.653,-0.606,-0.703,-0.792,-0.649,-0.58,-0.667,4
-1.112,-0.402,-0.209,-0.213,-0.037,-0.038,-0.427,-0.114,-0.035,-0.244,-1.112,-0.523,-0.194,-0.585,-0.318,-0.475,-0.689,-0.344,-0.318,-0.259,-1.112,-0.79,-0.558,-0.648,-0.434,-0.314,-0.825,-0.539,-0.435,-0.596,-1.112,-0.535,-0.192,-0.592,-0.318,-0.472,-0.691,-0.34,-0.326,-0.242,4
-0.971,-0.222,-0.461,-0.017,-0.021,-0.012,-0.281,-0.176,-0.038,-0.499,-0.971,-0.372,-0.2,-0.478,-0.271,-0.522,-0.6,-0.292,-0.293,-0.33,-0.971,-0.822,-0.675,-0.646,-0.513,-0.398,-0.751,-0.599,-0.496,-0.566,-0.971,-0.491,-0.351,-0.497,-0.302,-0.461,-0.55,-0.294,-0.234,-0.201,4
-1.164,-0.51,-0.451,-0.188,-0.085,-0.007,-0.684,-0.417,-0.242,-0.694,-1.164,-0.515,-0.271,-0.501,-0.301,-0.447,-0.702,-0.399,-0.358,-0.402,-1.164,-0.776,-0.497,-0.596,-0.347,-0.246,-0.812,-0.479,-0.382,-0.532,-1.164,-0.654,-0.434,-0.599,-0.467,-0.582,-0.667,-0.455,-0.381,-0.323,4
-1.196,-0.482,-0.775,-0.314,-0.241,-0.148,-0.555,-0.411,-0.27,-0.824,-1.196,-0.537,-0.422,-0.61,-0.431,-0.638,-0.734,-0.453,-0.421,-0.464,-1.196,-0.838,-0.573,-0.599,-0.349,-0.202,-0.821,-0.473,-0.344,-0.564,-1.196,-0.621,-0.559,-0.635,-0.489,-0.688,-0.698,-0.488,-0.44,-0.456,4
-1.003,-0.322,-0.581,-0.184,-0.182,-0.137,-0.484,-0.363,-0.271,-0.766,-1.003,-0.417,-0.346,-0.495,-0.355,-0.574,-0.7,-0.458,-0.443,-0.541,-1.003,-0.727,-0.521,-0.537,-0.346,-0.19,-0.746,-0.478,-0.336,-0.535,-1.003,-0.558,-0.579,-0.547,-0.512,-0.657,-0.611,-0.513,-0.459,-0.472,4
-1.184,-0.521,-0.603,-0.333,-0.25,-0.207,-0.597,-0.447,-0.363,-0.805,-1.184,-0.559,-0.4,-0.583,-0.395,-0.584,-0.779,-0.497,-0.487,-0.579,-1.184,-0.845,-0.705,-0.656,-0.46,-0.312,-0.878,-0.611,-0.479,-0.739,-1.184,-0.669,-0.597,-0.646,-0.535,-0.675,-0.752,-0.56,-0.521,-0.523,4
-1.283,-0.649,-0.858,-0.483,-0.354,-0.149,-0.706,-0.47,-0.312,-0.844,-1.283,-0.742,-0.622,-0.73,-0.544,-0.624,-0.906,-0.612,-0.532,-0.623,-1.283,-0.971,-0.654,-0.824,-0.571,-0.49,-0.991,-0.677,-0.605,-0.709,-1.283,-0.767,-0.649,-0.758,-0.559,-0.651,-0.895,-0.612,-0.556,-0.628,4
-1.207,-0.613,-0.646,-0.4,-0.277,-0.211,-0.74,-0.525,-0.361,-0.865,-1.207,-0.605,-0.456,-0.609,-0.43,-0.571,-0.812,-0.537,-0.465,-0.569,-1.207,-0.877,-0.591,-0.724,-0.493,-0.408,-0.901,-0.61,-0.539,-0.626,-1.207,-0.756,-0.655,-0.708,-0.595,-0.696,-0.84,-0.647,-0.573,-0.593,4
-1.153,-0.505,-0.779,-0.276,-0.273,-0.137,-0.611,-0.557,-0.345,-0.928,-1.153,-0.51,-0.413,-0.561,-0.417,-0.62,-0.732,-0.486,-0.462,-0.539,-1.153,-0.821,-0.497,-0.658,-0.409,-0.286,-0.832,-0.501,-0.404,-0.499,-1.153,-0.692,-0.666,-0.654,-0.568,-0.691,-0.765,-0.598,-0.537,-0.577,4
-1.0,-0.466,-0.535,-0.2,-0.127,-0.149,-0.415,-0.237,-0.091,-0.414,-1.0,-0.491,-0.241,-0.57,-0.354,-0.59,-0.638,-0.346,-0.347,-0.301,-1.0,-0.744,-0.383,-0.525,-0.311,-0.185,-0.72,-0.43,-0.327,-0.41,-1.0,-0.528,-0.217,-0.613,-0.351,-0.536,-0.709,-0.401,-0.365,-0.336,4
-1.317,-0.525,-0.583,-0.274,-0.168,-0.09,-0.595,-0.408,-0.184,-0.653,-1.317,-0.643,-0.441,-0.631,-0.426,-0.581,-0.771,-0.486,-0.437,-0.479,-1.317,-1.026,-0.749,-0.844,-0.604,-0.488,-1.0,-0.717,-0.618,-0.745,-1.317,-0.718,-0.504,-0.672,-0.449,-0.595,-0.754,-0.493,-0.409,-0.415,4
-1.166,-0.453,-0.619,-0.235,-0.192,-0.049,-0.552,-0.37,-0.144,-0.705,-1.166,-0.516,-0.379,-0.527,-0.368,-0.558,-0.672,-0.404,-0.376,-0.426,-1.166,-0.841,-0.685,-0.585,-0.465,-0.318,-0.853,-0.622,-0.434,-0.685,-1.166,-0.657,-0.5,-0.645,-0.474,-0.649,-0.702,-0.489,-0.424,-0.414,4
-1.173,-0.553,-0.693,-0.372,-0.307,-0.196,-0.687,-0.5,-0.302,-0.833,-1.173,-0.599,-0.5,-0.605,-0.466,-0.587,-0.816,-0.562,-0.487,-0.599,-1.173,-0.909,-0.686,-0.781,-0.596,-0.495,-0.921,-0.686,-0.606,-0.715,-1.173,-0.743,-0.676,-0.717,-0.594,-0.705,-0.845,-0.652,-0.586,-0.641,4
-1.165,-0.451,-0.339,-0.213,-0.085,-0.019,-0.45,-0.203,-0.13,-0.345,-1.165,-0.54,-0.196,-0.551,-0.321,-0.46,-0.659,-0.349,-0.331,-0.261,-1.165,-0.852,-0.526,-0.66,-0.46,-0.279,-0.836,-0.549,-0.427,-0.519,-1.165,-0.544,-0.157,-0.58,-0.3,-0.437,-0.674,-0.329,-0.303,-0.183,4
-1.08,-0.371,-0.574,-0.192,-0.187,-0.099,-0.412,-0.282,-0.218,-0.62,-1.08,-0.447,-0.327,-0.526,-0.373,-0.575,-0.65,-0.415,-0.411,-0.425,-1.08,-0.766,-0.596,-0.531,-0.343,-0.215,-0.756,-0.495,-0.358,-0.597,-1.08,-0.504,-0.444,-0.527,-0.43,-0.628,-0.59,-0.421,-0.412,-0.396,4
-0.898,-0.358,-0.385,-0.193,-0.008,-0.107,-0.453,-0.12,-0.118,-0.506,-0.898,-0.438,-0.196,-0.544,-0.301,-0.516,-0.711,-0.348,-0.365,-0.419,-0.898,-0.708,-0.471,-0.521,-0.356,-0.241,-0.636,-0.431,-0.316,-0.408,-0.898,-0.551,-0.403,-0.589,-0.381,-0.602,-0.661,-0.402,-0.377,-0.398,4
-1.049,-0.365,-0.386,-0.175,-0.034,0.053,-0.475,-0.214,-0.072,-0.496,-1.049,-0.461,-0.184,-0.526,-0.278,-0.436,-0.662,-0.317,-0.295,-0.31,-1.049,-0.778,-0.551,-0.622,-0.438,-0.315,-0.744,-0.505,-0.406,-0.526,-1.049,-0.579,-0.394,-0.625,-0.419,-0.584,-0.686,-0.433,-0.395,-0.35,4
-1.045,-0.43,-0.643,-0.157,-0.142,-0.043,-0.593,-0.425,-0.15,-0.803,-1.045,-0.489,-0.345,-0.538,-0.381,-0.564,-0.76,-0.476,-0.41,-0.53,-1.045,-0.798,-0.566,-0.692,-0.485,-0.384,-0.824,-0.564,-0.484,-0.559,-1.045,-0.631,-0.514,-0.629,-0.467,-0.655,-0.719,-0.499,-0.438,-0.444,4
-1.284,-0.622,-0.538,-0.379,-0.201,-0.184,-0.718,-0.484,-0.382,-0.779,-1.284,-0.674,-0.416,-0.645,-0.401,-0.553,-0.842,-0.522,-0.492,-0.584,-1.284,-0.937,-0.78,-0.751,-0.525,-0.383,-0.94,-0.678,-0.562,-0.799,-1.284,-0.733,-0.601,-0.676,-0.539,-0.659,-0.772,-0.56,-0.493,-0.496,4
-1.024,-0.274,-0.338,-0.089,0.029,-0.033,-0.378,-0.123,-0.006,-0.485,-1.024,-0.437,-0.17,-0.493,-0.273,-0.478,-0.634,-0.301,-0.282,-0.331,-1.024,-0.841,-0.687,-0.674,-0.573,-0.464,-0.777,-0.624,-0.522,-0.611,-1.024,-0.546,-0.422,-0.581,-0.404,-0.631,-0.661,-0.417,-0.402,-0.415,4
-1.039,-0.488,-0.69,-0.289,-0.211,-0.123,-0.587,-0.427,-0.266,-0.84,-1.039,-0.518,-0.387,-0.585,-0.413,-0.592,-0.776,-0.492,-0.449,-0.551,-1.039,-0.8,-0.472,-0.654,-0.406,-0.306,-0.774,-0.491,-0.388,-0.442,-1.039,-0.612,-0.576,-0.642,-0.494,-0.682,-0.753,-0.527,-0.479,-0.519,4
-1.163,-0.501,-0.461,-0.178,-0.123,-0.062,-0.695,-0.375,-0.277,-0.597,-1.163,-0.528,-0.258,-0.506,-0.319,-0.457,-0.712,-0.401,-0.391,-0.379,-1.163,-0.822,-0.525,-0.646,-0.426,-0.299,-0.831,-0.515,-0.407,-0.531,-1.163,-0.694,-0.416,-0.625,-0.499,-0.566,-0.692,-0.484,-0.418,-0.352,4
-1.165,-0.568,-0.643,-0.342,-0.208,-0.192,-0.566,-0.42,-0.333,-0.736,-1.165,-0.642,-0.492,-0.641,-0.442,-0.619,-0.79,-0.51,-0.495,-0.586,-1.165,-0.884,-0.588,-0.762,-0.556,-0.445,-0.908,-0.638,-0.537,-0.576,-1.165,-0.687,-0.583,-0.665,-0.522,-0.629,-0.82,-0.582,-0.525,-0.597,4
-1.182,-0.536,-0.799,-0.29,-0.295,-0.123,-0.626,-0.555,-0.285,-0.896,-1.182,-0.557,-0.483,-0.579,-0.472,-0.64,-0.75,-0.534,-0.472,-0.563,-1.182,-0.89,-0.585,-0.73,-0.509,-0.392,-0.888,-0.606,-0.514,-0.587,-1.182,-0.717,-0.664,-0.674,-0.552,-0.674,-0.792,-0.607,-0.537,-0.587,4
-1.062,-0.37,-0.561,-0.165,-0.138,-0.064,-0.502,-0.417,-0.258,-0.744,-1.062,-0.477,-0.4,-0.52,-0.384,-0.561,-0.717,-0.476,-0.453,-0.557,-1.062,-0.816,-0.627,-0.645,-0.458,-0.385,-0.803,-0.577,-0.501,-0.659,-1.062,-0.593,-0.58,-0.584,-0.499,-0.642,-0.642,-0.513,-0.442,-0.429,4
-1.278,-0.567,-0.7,-0.319,-0.204,-0.102,-0.523,-0.385,-0.26,-0.736,-1.278,-0.684,-0.519,-0.679,-0.48,-0.647,-0.793,-0.527,-0.475,-0.526,-1.278,-1.0,-0.725,-0.867,-0.653,-0.558,-1.022,-0.766,-0.679,-0.757,-1.278,-0.661,-0.527,-0.669,-0.485,-0.641,-0.787,-0.514,-0.452,-0.488,4
-0.957,-0.479,-0.695,-0.239,-0.222,-0.168,-0.426,-0.359,-0.144,-0.59,-0.957,-0.492,-0.334,-0.583,-0.418,-0.656,-0.646,-0.43,-0.402,-0.4,-0.957,-0.693,-0.277,-0.483,-0.225,-0.132,-0.689,-0.359,-0.27,-0.331,-0.957,-0.546,-0.326,-0.608,-0.395,-0.583,-0.737,-0.474,-0.438,-0.465,4
-1.175,-0.495,-0.49,-0.301,-0.147,-0.105,-0.561,-0.271,-0.165,-0.509,-1.175,-0.578,-0.369,-0.623,-0.415,-0.585,-0.77,-0.45,-0.449,-0.463,-1.175,-0.866,-0.655,-0.733,-0.533,-0.416,-0.894,-0.654,-0.551,-0.681,-1.175,-0.667,-0.477,-0.697,-0.483,-0.607,-0.815,-0.549,-0.498,-0.506,4
-1.217,-0.465,-0.558,-0.248,-0.143,-0.098,-0.507,-0.27,-0.177,-0.517,-1.217,-0.563,-0.327,-0.591,-0.388,-0.558,-0.695,-0.389,-0.392,-0.341,-1.217,-0.867,-0.505,-0.678,-0.451,-0.314,-0.879,-0.555,-0.435,-0.5,-1.217,-0.655,-0.385,-0.667,-0.434,-0.58,-0.775,-0.486,-0.47,-0.459,4
-1.141,-0.406,-0.31,-0.21,-0.045,-0.041,-0.394,-0.153,-0.086,-0.361,-1.141,-0.544,-0.278,-0.579,-0.351,-0.511,-0.679,-0.375,-0.352,-0.312,-1.141,-0.837,-0.633,-0.69,-0.507,-0.407,-0.843,-0.61,-0.518,-0.674,-1.141,-0.522,-0.28,-0.572,-0.361,-0.521,-0.675,-0.377,-0.354,-0.287,4
-1.034,-0.362,-0.544,-0.158,-0.156,-0.106,-0.501,-0.424,-0.255,-0.77,-1.034,-0.472,-0.411,-0.509,-0.408,-0.577,-0.711,-0.498,-0.469,-0.58,-1.034,-0.806,-0.647,-0.638,-0.484,-0.392,-0.789,-0.594,-0.517,-0.66,-1.034,-0.588,-0.567,-0.575,-0.501,-0.631,-0.653,-0.522,-0.451,-0.447,4
-1.295,-0.423,-0.614,-0.214,-0.212,-0.101,-0.473,-0.33,-0.202,-0.68,-1.295,-0.575,-0.464,-0.602,-0.453,-0.631,-0.702,-0.461,-0.436,-0.458,-1.295,-0.985,-0.761,-0.802,-0.598,-0.481,-0.988,-0.749,-0.622,-0.793,-1.295,-0.626,-0.5,-0.643,-0.461,-0.641,-0.69,-0.447,-0.409,-0.389,4
-1.389,-0.589,-0.739,-0.323,-0.251,-0.129,-0.627,-0.483,-0.245,-0.811,-1.389,-0.694,-0.539,-0.657,-0.469,-0.613,-0.795,-0.517,-0.463,-0.539,-1.389,-1.05,-0.769,-0.87,-0.635,-0.528,-1.034,-0.76,-0.654,-0.788,-1.389,-0.74,-0.555,-0.679,-0.488,-0.609,-0.779,-0.526,-0.445,-0.467,4
-1.109,-0.526,-0.606,-0.318,-0.248,-0.239,-0.605,-0.442,-0.305,-0.761,-1.109,-0.577,-0.401,-0.608,-0.426,-0.597,-0.791,-0.506,-0.47,-0.559,-1.109,-0.834,-0.594,-0.708,-0.491,-0.368,-0.854,-0.594,-0.48,-0.591,-1.109,-0.658,-0.594,-0.62,-0.515,-0.626,-0.753,-0.578,-0.485,-0.545,4
-1.214,-0.628,-0.588,-0.307,-0.133,-0.086,-0.699,-0.466,-0.289,-0.7,-1.214,-0.645,-0.378,-0.632,-0.378,-0.518,-0.813,-0.481,-0.418,-0.464,-1.214,-0.928,-0.589,-0.779,-0.538,-0.411,-0.936,-0.626,-0.55,-0.61,-1.214,-0.729,-0.505,-0.696,-0.531,-0.62,-0.825,-0.577,-0.471,-0.473,4
-1.327,-0.472,-0.432,-0.281,-0.195,-0.173,-0.49,-0.234,-0.194,-0.418,-1.327,-0.604,-0.336,-0.623,-0.402,-0.567,-0.726,-0.417,-0.408,-0.362,-1.327,-1.024,-0.737,-0.879,-0.664,-0.535,-1.037,-0.754,-0.669,-0.743,-1.327,-0.691,-0.444,-0.674,-0.493,-0.623,-0.793,-0.532,-0.521,-0.476,4
-1.175,-0.518,-0.439,-0.324,-0.15,-0.082,-0.586,-0.31,-0.151,-0.449,-1.175,-0.585,-0.342,-0.624,-0.402,-0.543,-0.778,-0.455,-0.42,-0.435,-1.175,-0.884,-0.682,-0.762,-0.563,-0.428,-0.916,-0.667,-0.56,-0.7,-1.175,-0.683,-0.456,-0.689,-0.484,-0.591,-0.809,-0.554,-0.504,-0.505,4
-1.142,-0.499,-0.467,-0.301,-0.143,-0.115,-0.569,-0.382,-0.236,-0.601,-1.142,-0.587,-0.335,-0.613,-0.378,-0.5,-0.769,-0.467,-0.395,-0.421,-1.142,-0.846,-0.574,-0.661,-0.454,-0.329,-0.826,-0.541,-0.426,-0.511,-1.142,-0.607,-0.453,-0.615,-0.435,-0.57,-0.701,-0.483,-0.399,-0.394,4
-1.069,-0.333,-0.609,-0.104,-0.134,-0.025,-0.523,-0.404,-0.21,-0.774,-1.069,-0.407,-0.387,-0.451,-0.358,-0.548,-0.644,-0.408,-0.38,-0.452,-1.069,-0.81,-0.522,-0.667,-0.448,-0.343,-0.814,-0.533,-0.431,-0.515,-1.069,-0.649,-0.339,-0.643,-0.412,-0.603,-0.694,-0.439,-0.414,-0.414,4
-1.081,-0.4,-0.606,-0.283,-0.254,-0.224,-0.514,-0.348,-0.252,-0.745,-1.081,-0.506,-0.423,-0.575,-0.457,-0.625,-0.745,-0.509,-0.487,-0.569,-1.081,-0.813,-0.554,-0.654,-0.44,-0.341,-0.812,-0.566,-0.461,-0.6,-1.081,-0.636,-0.569,-0.631,-0.51,-0.67,-0.721,-0.543,-0.49,-0.538,4
-1.185,-0.503,-0.58,-0.265,-0.207,-0.095,-0.536,-0.336,-0.132,-0.536,-1.185,-0.608,-0.454,-0.581,-0.432,-0.571,-0.739,-0.483,-0.43,-0.496,-1.185,-0.88,-0.666,-0.744,-0.558,-0.456,-0.883,-0.625,-0.54,-0.662,-1.185,-0.632,-0.471,-0.621,-0.444,-0.596,-0.754,-0.507,-0.469,-0.526,4
-0.995,-0.353,-0.56,-0.01,-0.009,-0.025,-0.207,-0.237,-0.028,-0.451,-0.995,-0.448,-0.229,-0.511,-0.315,-0.535,-0.548,-0.307,-0.284,-0.227,-0.995,-0.752,-0.461,-0.606,-0.398,-0.271,-0.765,-0.499,-0.387,-0.453,-0.995,-0.408,-0.166,-0.514,-0.28,-0.497,-0.602,-0.3,-0.257,-0.231,4
-1.275,-0.474,-0.696,-0.261,-0.223,-0.095,-0.552,-0.414,-0.206,-0.76,-1.275,-0.545,-0.398,-0.561,-0.382,-0.574,-0.713,-0.431,-0.404,-0.458,-1.275,-0.939,-0.759,-0.722,-0.554,-0.42,-0.951,-0.723,-0.569,-0.802,-1.275,-0.706,-0.585,-0.675,-0.516,-0.693,-0.735,-0.541,-0.474,-0.474,4
-1.141,-0.524,-0.6,-0.254,-0.12,-0.058,-0.578,-0.37,-0.279,-0.762,-1.141,-0.566,-0.397,-0.558,-0.381,-0.53,-0.738,-0.464,-0.432,-0.522,-1.141,-0.864,-0.745,-0.696,-0.535,-0.393,-0.883,-0.668,-0.567,-0.794,-1.141,-0.683,-0.578,-0.656,-0.534,-0.622,-0.77,-0.568,-0.477,-0.491,4
-0.896,-0.376,-0.391,-0.171,-0.082,-0.075,-0.445,-0.204,-0.108,-0.504,-0.896,-0.481,-0.244,-0.54,-0.361,-0.522,-0.673,-0.388,-0.395,-0.382,-0.896,-0.718,-0.43,-0.537,-0.33,-0.226,-0.684,-0.472,-0.38,-0.446,-0.896,-0.55,-0.252,-0.607,-0.368,-0.519,-0.727,-0.45,-0.434,-0.416,4
-0.829,-0.359,-0.558,-0.103,-0.122,-0.145,-0.55,-0.474,-0.332,-0.867,-0.829,-0.397,-0.285,-0.463,-0.327,-0.542,-0.719,-0.481,-0.471,-0.636,-0.829,-0.638,-0.391,-0.549,-0.353,-0.235,-0.655,-0.428,-0.357,-0.403,-0.829,-0.544,-0.542,-0.523,-0.524,-0.651,-0.621,-0.541,-0.464,-0.48,4
-1.097,-0.314,-0.457,-0.121,-0.15,-0.046,-0.412,-0.24,-0.164,-0.562,-1.097,-0.465,-0.289,-0.546,-0.378,-0.554,-0.683,-0.421,-0.395,-0.387,-1.097,-0.866,-0.655,-0.715,-0.508,-0.43,-0.878,-0.656,-0.555,-0.697,-1.097,-0.587,-0.421,-0.608,-0.435,-0.606,-0.679,-0.44,-0.437,-0.418,4
-1.137,-0.497,-0.545,-0.362,-0.214,-0.157,-0.645,-0.416,-0.281,-0.744,-1.137,-0.561,-0.364,-0.641,-0.419,-0.592,-0.843,-0.515,-0.484,-0.554,-1.137,-0.877,-0.578,-0.736,-0.485,-0.415,-0.874,-0.586,-0.507,-0.582,-1.137,-0.778,-0.669,-0.764,-0.59,-0.681,-0.887,-0.655,-0.585,-0.616,4
-1.071,-0.332,-0.342,-0.142,-0.04,-0.056,-0.435,-0.224,-0.088,-0.486,-1.071,-0.46,-0.235,-0.517,-0.339,-0.532,-0.665,-0.381,-0.363,-0.389,-1.071,-0.827,-0.644,-0.688,-0.522,-0.398,-0.821,-0.599,-0.492,-0.629,-1.071,-0.549,-0.367,-0.605,-0.4,-0.606,-0.684,-0.436,-0.413,-0.383,4
-0.974,-0.329,-0.657,-0.147,-0.178,-0.12,-0.464,-0.386,-0.258,-0.716,-0.974,-0.391,-0.446,-0.465,-0.404,-0.623,-0.66,-0.47,-0.463,-0.54,-0.974,-0.687,-0.531,-0.553,-0.408,-0.301,-0.731,-0.483,-0.39,-0.537,-0.974,-0.527,-0.516,-0.546,-0.481,-0.66,-0.638,-0.49,-0.466,-0.491,4
-0.605,-0.233,-0.258,-0.029,0.082,0.068,-0.374,-0.248,-0.234,-0.509,-0.605,-0.265,-0.114,-0.37,-0.192,-0.305,-0.599,-0.333,-0.323,-0.367,-0.605,-0.447,-0.208,-0.334,-0.176,-0.062,-0.417,-0.237,-0.175,-0.18,-0.605,-0.416,-0.279,-0.449,-0.388,-0.464,-0.567,-0.442,-0.352,-0.324,4
-1.208,-0.579,-0.689,-0.409,-0.298,-0.209,-0.721,-0.519,-0.358,-0.909,-1.208,-0.614,-0.481,-0.631,-0.457,-0.6,-0.838,-0.558,-0.498,-0.606,-1.208,-0.918,-0.665,-0.789,-0.576,-0.494,-0.945,-0.68,-0.602,-0.704,-1.208,-0.755,-0.693,-0.739,-0.626,-0.756,-0.867,-0.681,-0.622,-0.665,4
-1.24,-0.538,-0.703,-0.301,-0.269,-0.13,-0.665,-0.527,-0.299,-0.849,-1.24,-0.613,-0.502,-0.628,-0.486,-0.639,-0.817,-0.566,-0.515,-0.605,-1.24,-0.962,-0.767,-0.836,-0.655,-0.537,-0.973,-0.737,-0.638,-0.787,-1.24,-0.734,-0.664,-0.691,-0.587,-0.71,-0.804,-0.63,-0.575,-0.618,4
-1.169,-0.526,-0.473,-0.327,-0.153,-0.13,-0.603,-0.384,-0.244,-0.596,-1.169,-0.599,-0.346,-0.613,-0.384,-0.53,-0.775,-0.468,-0.418,-0.449,-1.169,-0.853,-0.582,-0.673,-0.466,-0.371,-0.849,-0.556,-0.455,-0.557,-1.169,-0.627,-0.431,-0.629,-0.432,-0.572,-0.719,-0.474,-0.407,-0.4,4
-1.206,-0.459,-0.218,-0.179,-0.012,-0.047,-0.462,-0.044,-0.059,-0.268,-1.206,-0.559,-0.155,-0.586,-0.319,-0.477,-0.681,-0.31,-0.324,-0.243,-1.206,-0.887,-0.607,-0.712,-0.47,-0.366,-0.896,-0.598,-0.501,-0.61,-1.206,-0.586,-0.275,-0.623,-0.375,-0.564,-0.698,-0.368,-0.377,-0.305,4
-0.936,-0.409,-0.43,-0.262,-0.11,-0.072,-0.455,-0.242,-0.188,-0.494,-0.936,-0.515,-0.302,-0.585,-0.378,-0.5,-0.76,-0.458,-0.43,-0.465,-0.936,-0.734,-0.566,-0.619,-0.475,-0.349,-0.723,-0.543,-0.453,-0.52,-0.936,-0.522,-0.312,-0.589,-0.398,-0.529,-0.715,-0.453,-0.411,-0.4,4
-1.267,-0.51,-0.505,-0.28,-0.148,-0.1,-0.619,-0.369,-0.224,-0.642,-1.267,-0.592,-0.399,-0.598,-0.407,-0.57,-0.771,-0.478,-0.438,-0.489,-1.267,-0.974,-0.788,-0.832,-0.667,-0.545,-0.978,-0.759,-0.665,-0.803,-1.267,-0.722,-0.625,-0.685,-0.546,-0.675,-0.788,-0.591,-0.532,-0.571,4
-1.112,-0.404,-0.712,-0.273,-0.233,-0.095,-0.6,-0.417,-0.244,-0.906,-1.112,-0.483,-0.38,-0.575,-0.409,-0.563,-0.746,-0.459,-0.397,-0.471,-1.112,-0.842,-0.475,-0.65,-0.353,-0.243,-0.812,-0.468,-0.368,-0.453,-1.112,-0.706,-0.69,-0.678,-0.551,-0.698,-0.732,-0.571,-0.495,-0.52,4
-1.234,-0.576,-0.555,-0.374,-0.202,-0.173,-0.753,-0.466,-0.319,-0.807,-1.234,-0.592,-0.348,-0.614,-0.376,-0.546,-0.816,-0.48,-0.435,-0.51,-1.234,-0.911,-0.591,-0.744,-0.486,-0.388,-0.916,-0.583,-0.496,-0.593,-1.234,-0.761,-0.58,-0.712,-0.554,-0.661,-0.81,-0.584,-0.5,-0.494,4
-1.19,-0.566,-0.48,-0.343,-0.152,-0.155,-0.723,-0.405,-0.261,-0.69,-1.19,-0.576,-0.273,-0.6,-0.326,-0.503,-0.797,-0.426,-0.386,-0.446,-1.19,-0.862,-0.524,-0.693,-0.44,-0.34,-0.875,-0.541,-0.449,-0.535,-1.19,-0.73,-0.528,-0.685,-0.515,-0.611,-0.774,-0.541,-0.449,-0.429,4
-1.299,-0.649,-0.784,-0.459,-0.315,-0.258,-0.669,-0.478,-0.401,-0.857,-1.299,-0.71,-0.597,-0.703,-0.524,-0.673,-0.859,-0.579,-0.55,-0.647,-1.299,-0.986,-0.75,-0.824,-0.609,-0.49,-0.996,-0.719,-0.625,-0.748,-1.299,-0.681,-0.648,-0.649,-0.528,-0.678,-0.771,-0.552,-0.496,-0.573,4
-0.775,-0.355,-0.556,-0.172,-0.212,-0.148,-0.419,-0.343,-0.218,-0.623,-0.775,-0.394,-0.272,-0.524,-0.404,-0.561,-0.724,-0.484,-0.48,-0.507,-0.775,-0.592,-0.335,-0.468,-0.3,-0.207,-0.591,-0.373,-0.301,-0.341,-0.775,-0.503,-0.353,-0.546,-0.43,-0.581,-0.683,-0.503,-0.474,-0.481,4
-0.994,-0.346,-0.651,-0.267,-0.181,-0.058,-0.515,-0.325,-0.273,-0.878,-0.994,-0.435,-0.389,-0.515,-0.359,-0.527,-0.71,-0.441,-0.417,-0.524,-0.994,-0.77,-0.558,-0.617,-0.426,-0.294,-0.762,-0.505,-0.398,-0.471,-0.994,-0.605,-0.618,-0.62,-0.557,-0.643,-0.697,-0.557,-0.487,-0.509,4
-0.955,-0.128,-0.434,0.0,-0.008,-0.011,-0.385,-0.261,-0.143,-0.655,-0.955,-0.284,-0.243,-0.378,-0.248,-0.511,-0.566,-0.321,-0.319,-0.379,-0.955,-0.713,-0.49,-0.584,-0.4,-0.264,-0.743,-0.493,-0.375,-0.488,-0.955,-0.562,-0.453,-0.516,-0.448,-0.601,-0.547,-0.459,-0.394,-0.396,4
-1.286,-0.475,-0.683,-0.27,-0.232,-0.092,-0.558,-0.416,-0.205,-0.773,-1.286,-0.545,-0.392,-0.568,-0.383,-0.558,-0.714,-0.431,-0.388,-0.436,-1.286,-0.939,-0.774,-0.708,-0.55,-0.404,-0.942,-0.727,-0.559,-0.815,-1.286,-0.709,-0.573,-0.687,-0.498,-0.685,-0.744,-0.519,-0.453,-0.444,4
-1.237,-0.274,-0.227,-0.047,-0.022,-0.023,-0.287,-0.092,-0.035,-0.239,-1.237,-0.454,-0.015,-0.52,-0.251,-0.463,-0.544,-0.227,-0.255,-0.09,-1.237,-0.922,-0.577,-0.741,-0.513,-0.392,-0.914,-0.606,-0.507,-0.581,-1.237,-0.482,-0.073,-0.54,-0.274,-0.465,-0.545,-0.231,-0.262,-0.038,4
-1.2,-0.576,-0.607,-0.336,-0.231,-0.163,-0.544,-0.38,-0.261,-0.572,-1.2,-0.648,-0.445,-0.647,-0.44,-0.584,-0.778,-0.483,-0.467,-0.474,-1.2,-0.897,-0.613,-0.747,-0.545,-0.398,-0.919,-0.656,-0.516,-0.593,-1.2,-0.663,-0.458,-0.646,-0.476,-0.582,-0.804,-0.537,-0.491,-0.523,4
-1.232,-0.477,-0.629,-0.262,-0.195,-0.063,-0.565,-0.398,-0.14,-0.61,-1.232,-0.608,-0.456,-0.603,-0.426,-0.56,-0.772,-0.502,-0.419,-0.485,-1.232,-0.963,-0.714,-0.832,-0.636,-0.535,-0.975,-0.724,-0.634,-0.734,-1.232,-0.697,-0.398,-0.682,-0.431,-0.58,-0.801,-0.499,-0.46,-0.473,4
-1.269,-0.516,-0.384,-0.316,-0.176,-0.164,-0.618,-0.35,-0.242,-0.494,-1.269,-0.649,-0.316,-0.628,-0.382,-0.496,-0.805,-0.475,-0.428,-0.432,-1.269,-1.028,-0.757,-0.895,-0.694,-0.572,-1.024,-0.775,-0.671,-0.741,-1.269,-0.732,-0.416,-0.695,-0.454,-0.559,-0.819,-0.509,-0.466,-0.457,4
-1.059,-0.412,-0.472,-0.171,-0.058,-0.08,-0.407,-0.155,-0.094,-0.427,-1.059,-0.499,-0.269,-0.542,-0.358,-0.551,-0.639,-0.34,-0.37,-0.307,-1.059,-0.772,-0.462,-0.615,-0.399,-0.284,-0.783,-0.507,-0.384,-0.476,-1.059,-0.543,-0.262,-0.58,-0.34,-0.512,-0.702,-0.378,-0.369,-0.382,4
-0.792,-0.158,-0.134,-0.02,-0.031,0.079,-0.215,-0.015,-0.018,-0.056,-0.792,-0.255,-0.031,-0.399,-0.246,-0.373,-0.515,-0.24,-0.244,-0.098,-0.792,-0.578,-0.378,-0.367,-0.238,-0.144,-0.532,-0.336,-0.234,-0.341,-0.792,-0.397,0.002,-0.43,-0.144,-0.253,-0.46,-0.119,-0.101,0.057,4
-1.181,-0.495,-0.77,-0.266,-0.242,-0.112,-0.629,-0.532,-0.274,-0.899,-1.181,-0.582,-0.54,-0.609,-0.495,-0.664,-0.791,-0.565,-0.495,-0.611,-1.181,-0.947,-0.697,-0.841,-0.638,-0.534,-0.947,-0.716,-0.629,-0.687,-1.181,-0.702,-0.686,-0.662,-0.565,-0.722,-0.763,-0.604,-0.532,-0.603,4
-0.976,-0.318,-0.57,-0.077,-0.131,-0.007,-0.389,-0.362,-0.225,-0.715,-0.976,-0.366,-0.378,-0.42,-0.373,-0.533,-0.606,-0.438,-0.41,-0.455,-0.976,-0.687,-0.487,-0.509,-0.347,-0.22,-0.711,-0.408,-0.295,-0.441,-0.976,-0.538,-0.341,-0.623,-0.401,-0.603,-0.697,-0.416,-0.408,-0.37,4
-1.348,-0.351,-0.276,-0.148,-0.016,-0.053,-0.416,-0.143,-0.1,-0.255,-1.348,-0.554,-0.203,-0.563,-0.289,-0.486,-0.645,-0.295,-0.287,-0.193,-1.348,-1.054,-0.806,-0.902,-0.723,-0.614,-1.052,-0.814,-0.72,-0.798,-1.348,-0.649,-0.287,-0.621,-0.387,-0.533,-0.699,-0.409,-0.377,-0.319,4
-1.262,-0.327,-0.383,-0.102,-0.018,0.006,-0.392,-0.176,-0.041,-0.394,-1.262,-0.481,-0.189,-0.546,-0.301,-0.508,-0.598,-0.294,-0.269,-0.199,-1.262,-0.951,-0.615,-0.778,-0.548,-0.421,-0.945,-0.647,-0.532,-0.609,-1.262,-0.626,-0.334,-0.606,-0.407,-0.543,-0.663,-0.404,-0.375,-0.305,4
-1.236,-0.506,-0.41,-0.284,-0.128,-0.018,-0.526,-0.283,-0.164,-0.461,-1.236,-0.574,-0.299,-0.583,-0.352,-0.483,-0.72,-0.404,-0.374,-0.344,-1.236,-0.882,-0.612,-0.709,-0.513,-0.418,-0.906,-0.611,-0.518,-0.626,-1.236,-0.62,-0.333,-0.614,-0.402,-0.533,-0.737,-0.444,-0.403,-0.362,4
-0.597,-0.263,-0.445,-0.055,0.007,0.014,-0.371,-0.306,-0.277,-0.797,-0.597,-0.275,-0.179,-0.386,-0.234,-0.356,-0.613,-0.366,-0.343,-0.475,-0.597,-0.434,-0.152,-0.318,-0.15,-0.021,-0.42,-0.214,-0.154,-0.135,-0.597,-0.374,-0.396,-0.433,-0.446,-0.551,-0.571,-0.473,-0.4,-0.413,4
-0.828,-0.369,-0.634,-0.225,-0.248,-0.164,-0.46,-0.319,-0.207,-0.679,-0.828,-0.473,-0.408,-0.56,-0.471,-0.635,-0.723,-0.516,-0.519,-0.581,-0.828,-0.683,-0.389,-0.544,-0.318,-0.233,-0.675,-0.453,-0.387,-0.44,-0.828,-0.542,-0.34,-0.63,-0.429,-0.602,-0.757,-0.515,-0.514,-0.533,4
-1.063,-0.391,-0.471,-0.166,-0.128,-0.083,-0.515,-0.397,-0.211,-0.659,-1.063,-0.497,-0.359,-0.517,-0.371,-0.533,-0.71,-0.468,-0.428,-0.524,-1.063,-0.837,-0.642,-0.671,-0.499,-0.396,-0.812,-0.606,-0.518,-0.645,-1.063,-0.599,-0.53,-0.582,-0.476,-0.61,-0.659,-0.496,-0.422,-0.419,4
-1.021,-0.348,-0.511,-0.162,-0.118,-0.067,-0.439,-0.339,-0.197,-0.652,-1.021,-0.45,-0.381,-0.512,-0.378,-0.558,-0.7,-0.461,-0.439,-0.525,-1.021,-0.732,-0.565,-0.539,-0.359,-0.245,-0.74,-0.482,-0.374,-0.587,-1.021,-0.551,-0.533,-0.545,-0.468,-0.62,-0.62,-0.486,-0.426,-0.425,4
-1.139,-0.324,-0.531,-0.132,-0.123,-0.087,-0.506,-0.362,-0.217,-0.748,-1.139,-0.477,-0.338,-0.522,-0.346,-0.559,-0.706,-0.428,-0.399,-0.493,-1.139,-0.893,-0.697,-0.773,-0.575,-0.491,-0.912,-0.684,-0.598,-0.736,-1.139,-0.644,-0.539,-0.625,-0.519,-0.669,-0.689,-0.526,-0.476,-0.458,4
-0.804,-0.231,-0.515,0.0,-0.039,0.022,-0.28,-0.255,-0.117,-0.608,-0.804,-0.286,-0.324,-0.357,-0.308,-0.521,-0.542,-0.364,-0.354,-0.44,-0.804,-0.633,-0.462,-0.435,-0.316,-0.245,-0.586,-0.381,-0.317,-0.396,-0.804,-0.424,-0.449,-0.491,-0.407,-0.607,-0.513,-0.395,-0.349,-0.351,4
-1.126,-0.416,-0.563,-0.266,-0.143,-0.057,-0.529,-0.29,-0.187,-0.67,-1.126,-0.514,-0.345,-0.558,-0.351,-0.492,-0.725,-0.419,-0.379,-0.421,-1.126,-0.863,-0.592,-0.694,-0.48,-0.343,-0.859,-0.576,-0.48,-0.569,-1.126,-0.618,-0.527,-0.639,-0.493,-0.661,-0.714,-0.485,-0.456,-0.469,4
-1.002,-0.275,-0.493,0.014,-0.093,0.027,-0.344,-0.297,-0.042,-0.546,-1.002,-0.387,-0.309,-0.408,-0.321,-0.514,-0.589,-0.371,-0.325,-0.396,-1.002,-0.833,-0.731,-0.675,-0.601,-0.475,-0.798,-0.661,-0.568,-0.654,-1.002,-0.549,-0.42,-0.569,-0.426,-0.597,-0.629,-0.444,-0.387,-0.354,4
-1.102,-0.451,-0.522,-0.1,-0.077,-0.068,-0.328,-0.2,-0.038,-0.307,-1.102,-0.516,-0.219,-0.55,-0.347,-0.529,-0.581,-0.307,-0.304,-0.178,-1.102,-0.793,-0.44,-0.613,-0.391,-0.23,-0.786,-0.491,-0.351,-0.408,-1.102,-0.456,-0.089,-0.524,-0.232,-0.453,-0.617,-0.27,-0.28,-0.227,4
-1.21,-0.5,-0.501,-0.224,-0.158,-0.05,-0.533,-0.314,-0.067,-0.508,-1.21,-0.577,-0.395,-0.561,-0.421,-0.559,-0.7,-0.46,-0.394,-0.424,-1.21,-0.889,-0.692,-0.762,-0.573,-0.455,-0.911,-0.656,-0.566,-0.691,-1.21,-0.646,-0.415,-0.64,-0.403,-0.558,-0.762,-0.472,-0.425,-0.432,4
-1.02,-0.289,-0.591,-0.052,-0.097,-0.037,-0.44,-0.359,-0.24,-0.77,-1.02,-0.357,-0.36,-0.419,-0.329,-0.555,-0.594,-0.376,-0.381,-0.451,-1.02,-0.721,-0.49,-0.579,-0.379,-0.264,-0.756,-0.46,-0.357,-0.487,-1.02,-0.579,-0.35,-0.622,-0.427,-0.648,-0.677,-0.429,-0.424,-0.409,4
-1.112,-0.422,-0.495,-0.274,-0.157,-0.07,-0.534,-0.317,-0.213,-0.66,-1.112,-0.503,-0.373,-0.544,-0.371,-0.531,-0.712,-0.44,-0.401,-0.47,-1.112,-0.809,-0.517,-0.663,-0.425,-0.336,-0.812,-0.526,-0.433,-0.534,-1.112,-0.621,-0.49,-0.628,-0.466,-0.578,-0.739,-0.494,-0.435,-0.427,4
-1.014,-0.391,-0.673,-0.183,-0.222,-0.102,-0.497,-0.427,-0.205,-0.819,-1.014,-0.477,-0.383,-0.55,-0.435,-0.58,-0.72,-0.492,-0.443,-0.516,-1.014,-0.82,-0.458,-0.647,-0.408,-0.29,-0.772,-0.498,-0.405,-0.445,-1.014,-0.633,-0.573,-0.638,-0.517,-0.697,-0.724,-0.567,-0.51,-0.544,4
-1.329,-0.724,-0.666,-0.456,-0.285,-0.141,-0.694,-0.444,-0.244,-0.562,-1.329,-0.843,-0.574,-0.788,-0.548,-0.604,-0.942,-0.63,-0.554,-0.591,-1.329,-1.111,-0.905,-0.998,-0.818,-0.734,-1.104,-0.893,-0.826,-0.912,-1.329,-0.829,-0.644,-0.817,-0.612,-0.713,-0.991,-0.704,-0.646,-0.744,4
-1.151,-0.511,-0.497,-0.262,-0.129,-0.132,-0.525,-0.291,-0.162,-0.527,-1.151,-0.603,-0.346,-0.596,-0.37,-0.526,-0.7,-0.386,-0.367,-0.374,-1.151,-0.809,-0.49,-0.617,-0.396,-0.28,-0.812,-0.48,-0.396,-0.52,-1.151,-0.627,-0.391,-0.616,-0.419,-0.549,-0.76,-0.467,-0.42,-0.445,4
-1.286,-0.403,-0.325,-0.162,-0.113,-0.074,-0.424,-0.162,-0.162,-0.342,-1.286,-0.556,-0.228,-0.588,-0.343,-0.521,-0.686,-0.357,-0.369,-0.289,-1.286,-0.998,-0.716,-0.871,-0.647,-0.525,-1.016,-0.737,-0.644,-0.711,-1.286,-0.615,-0.349,-0.625,-0.426,-0.574,-0.721,-0.443,-0.435,-0.361,4
-0.977,-0.486,-0.638,-0.284,-0.154,-0.03,-0.515,-0.377,-0.214,-0.739,-0.977,-0.555,-0.374,-0.615,-0.4,-0.494,-0.78,-0.48,-0.415,-0.484,-0.977,-0.804,-0.47,-0.628,-0.425,-0.3,-0.738,-0.506,-0.415,-0.446,-0.977,-0.624,-0.478,-0.646,-0.469,-0.608,-0.763,-0.543,-0.466,-0.491,4
-1.202,-0.375,-0.526,-0.223,-0.154,-0.123,-0.44,-0.283,-0.121,-0.555,-1.202,-0.506,-0.342,-0.574,-0.387,-0.585,-0.671,-0.407,-0.37,-0.379,-1.202,-0.898,-0.623,-0.711,-0.475,-0.368,-0.894,-0.609,-0.514,-0.659,-1.202,-0.58,-0.404,-0.61,-0.386,-0.604,-0.661,-0.412,-0.371,-0.348,4
-0.948,-0.252,-0.484,-0.037,-0.092,-0.044,-0.318,-0.267,-0.078,-0.51,-0.948,-0.379,-0.235,-0.48,-0.302,-0.533,-0.613,-0.328,-0.307,-0.36,-0.948,-0.793,-0.576,-0.63,-0.479,-0.36,-0.733,-0.543,-0.436,-0.476,-0.948,-0.486,-0.39,-0.572,-0.408,-0.644,-0.599,-0.4,-0.37,-0.35,4
-1.101,-0.43,-0.576,-0.213,-0.096,0.002,-0.475,-0.288,-0.172,-0.702,-1.101,-0.5,-0.353,-0.54,-0.361,-0.547,-0.69,-0.421,-0.409,-0.474,-1.101,-0.868,-0.735,-0.637,-0.498,-0.359,-0.837,-0.679,-0.547,-0.779,-1.101,-0.624,-0.549,-0.655,-0.508,-0.665,-0.72,-0.517,-0.449,-0.463,4
-1.331,-0.58,-0.75,-0.366,-0.256,-0.153,-0.633,-0.482,-0.296,-0.786,-1.331,-0.67,-0.584,-0.666,-0.486,-0.662,-0.826,-0.56,-0.504,-0.602,-1.331,-1.061,-0.862,-0.905,-0.725,-0.584,-1.076,-0.855,-0.732,-0.899,-1.331,-0.815,-0.731,-0.735,-0.597,-0.653,-0.869,-0.666,-0.554,-0.623,4
-1.115,-0.489,-0.355,-0.243,-0.086,-0.055,-0.494,-0.202,-0.1,-0.332,-1.115,-0.537,-0.227,-0.572,-0.332,-0.504,-0.691,-0.364,-0.352,-0.31,-1.115,-0.809,-0.537,-0.65,-0.472,-0.318,-0.823,-0.555,-0.441,-0.545,-1.115,-0.558,-0.18,-0.605,-0.334,-0.472,-0.708,-0.37,-0.341,-0.261,4
-1.263,-0.712,-0.759,-0.51,-0.433,-0.381,-0.698,-0.582,-0.475,-0.805,-1.263,-0.767,-0.556,-0.76,-0.576,-0.673,-0.922,-0.668,-0.632,-0.693,-1.263,-1.002,-0.674,-0.863,-0.604,-0.498,-0.994,-0.707,-0.604,-0.68,-1.263,-0.775,-0.584,-0.76,-0.582,-0.671,-0.929,-0.666,-0.631,-0.69,4
-1.31,-0.389,-0.258,-0.184,-0.067,-0.005,-0.475,-0.197,-0.084,-0.293,-1.31,-0.543,-0.185,-0.568,-0.301,-0.465,-0.673,-0.326,-0.299,-0.218,-1.31,-0.982,-0.701,-0.816,-0.619,-0.528,-0.979,-0.715,-0.62,-0.701,-1.31,-0.637,-0.228,-0.625,-0.372,-0.519,-0.704,-0.397,-0.374,-0.288,4
-0.938,-0.315,-0.499,-0.184,-0.139,-0.108,-0.389,-0.305,-0.228,-0.637,-0.938,-0.411,-0.355,-0.49,-0.36,-0.554,-0.669,-0.444,-0.429,-0.506,-0.938,-0.703,-0.547,-0.533,-0.369,-0.26,-0.687,-0.47,-0.377,-0.56,-0.938,-0.517,-0.559,-0.527,-0.492,-0.631,-0.625,-0.528,-0.461,-0.491,4
-1.282,-0.546,-0.531,-0.344,-0.211,-0.157,-0.645,-0.413,-0.242,-0.658,-1.282,-0.625,-0.381,-0.647,-0.436,-0.581,-0.797,-0.483,-0.429,-0.448,-1.282,-0.951,-0.619,-0.774,-0.548,-0.438,-0.953,-0.657,-0.549,-0.619,-1.282,-0.711,-0.527,-0.686,-0.501,-0.633,-0.787,-0.548,-0.483,-0.485,4
-0.91,-0.419,-0.491,-0.157,-0.113,-0.097,-0.451,-0.319,-0.158,-0.523,-0.91,-0.494,-0.251,-0.533,-0.351,-0.489,-0.709,-0.444,-0.403,-0.445,-0.91,-0.733,-0.442,-0.575,-0.397,-0.247,-0.653,-0.448,-0.312,-0.318,-0.91,-0.514,-0.303,-0.532,-0.364,-0.529,-0.627,-0.414,-0.372,-0.402,4
-1.022,-0.292,-0.435,-0.088,-0.048,-0.117,-0.413,-0.282,-0.162,-0.527,-1.022,-0.409,-0.217,-0.478,-0.271,-0.53,-0.639,-0.329,-0.341,-0.389,-1.022,-0.792,-0.565,-0.634,-0.431,-0.327,-0.757,-0.531,-0.428,-0.498,-1.022,-0.521,-0.407,-0.545,-0.402,-0.61,-0.608,-0.411,-0.378,-0.361,4
-0.697,-0.204,-0.115,-0.039,0.124,0.017,-0.292,-0.026,-0.053,-0.352,-0.697,-0.3,-0.092,-0.453,-0.269,-0.487,-0.613,-0.322,-0.344,-0.363,-0.697,-0.53,-0.249,-0.315,-0.177,-0.015,-0.459,-0.228,-0.093,-0.092,-0.697,-0.374,-0.097,-0.486,-0.299,-0.476,-0.533,-0.279,-0.28,-0.154,4
-1.157,-0.444,-0.531,-0.257,-0.144,-0.089,-0.572,-0.307,-0.132,-0.613,-1.157,-0.53,-0.365,-0.564,-0.369,-0.583,-0.723,-0.415,-0.411,-0.463,-1.157,-0.854,-0.748,-0.632,-0.513,-0.359,-0.872,-0.654,-0.486,-0.746,-1.157,-0.673,-0.579,-0.637,-0.489,-0.669,-0.697,-0.497,-0.446,-0.459,4
-0.887,-0.339,-0.432,-0.19,-0.078,-0.045,-0.393,-0.202,-0.129,-0.392,-0.887,-0.405,-0.209,-0.519,-0.304,-0.488,-0.699,-0.38,-0.372,-0.388,-0.887,-0.644,-0.39,-0.512,-0.293,-0.183,-0.662,-0.392,-0.278,-0.363,-0.887,-0.44,-0.203,-0.545,-0.315,-0.496,-0.625,-0.352,-0.334,-0.294,4
-0.904,-0.395,-0.454,-0.183,-0.057,-0.045,-0.501,-0.357,-0.288,-0.688,-0.904,-0.456,-0.277,-0.509,-0.311,-0.445,-0.716,-0.443,-0.416,-0.481,-0.904,-0.699,-0.422,-0.576,-0.369,-0.249,-0.675,-0.435,-0.371,-0.411,-0.904,-0.549,-0.422,-0.545,-0.452,-0.52,-0.669,-0.502,-0.414,-0.41,4
-1.148,-0.417,-0.407,-0.207,-0.102,-0.046,-0.525,-0.304,-0.216,-0.592,-1.148,-0.526,-0.268,-0.573,-0.35,-0.51,-0.732,-0.424,-0.405,-0.4,-1.148,-0.839,-0.518,-0.666,-0.433,-0.321,-0.851,-0.524,-0.394,-0.499,-1.148,-0.639,-0.569,-0.616,-0.563,-0.595,-0.726,-0.614,-0.487,-0.474,4
-1.268,-0.581,-0.625,-0.344,-0.286,-0.129,-0.677,-0.492,-0.305,-0.772,-1.268,-0.711,-0.529,-0.677,-0.503,-0.603,-0.85,-0.582,-0.54,-0.61,-1.268,-0.998,-0.725,-0.848,-0.626,-0.528,-1.011,-0.745,-0.667,-0.769,-1.268,-0.718,-0.538,-0.702,-0.516,-0.65,-0.811,-0.57,-0.513,-0.512,4
-1.305,-0.51,-0.58,-0.238,-0.151,-0.078,-0.506,-0.348,-0.152,-0.624,-1.305,-0.584,-0.432,-0.584,-0.408,-0.61,-0.698,-0.436,-0.408,-0.462,-1.305,-0.954,-0.826,-0.734,-0.585,-0.431,-0.973,-0.742,-0.578,-0.847,-1.305,-0.672,-0.58,-0.626,-0.481,-0.656,-0.701,-0.503,-0.426,-0.426,4
-1.103,-0.532,-0.943,-0.357,-0.422,-0.191,-0.656,-0.547,-0.307,-0.836,-1.103,-0.647,-0.652,-0.657,-0.588,-0.701,-0.849,-0.656,-0.595,-0.692,-1.103,-0.929,-0.661,-0.787,-0.562,-0.459,-0.934,-0.682,-0.604,-0.687,-1.103,-0.751,-0.657,-0.745,-0.6,-0.727,-0.88,-0.695,-0.663,-0.766,4
-1.307,-0.616,-0.494,-0.375,-0.214,-0.135,-0.628,-0.373,-0.238,-0.5,-1.307,-0.733,-0.418,-0.691,-0.458,-0.544,-0.841,-0.523,-0.472,-0.476,-1.307,-1.051,-0.821,-0.911,-0.734,-0.605,-1.046,-0.814,-0.718,-0.807,-1.307,-0.768,-0.522,-0.725,-0.506,-0.602,-0.877,-0.579,-0.523,-0.571,4
-1.251,-0.436,-0.493,-0.225,-0.17,-0.097,-0.524,-0.285,-0.169,-0.582,-1.251,-0.575,-0.352,-0.587,-0.4,-0.55,-0.731,-0.44,-0.417,-0.434,-1.251,-0.958,-0.784,-0.8,-0.624,-0.501,-0.965,-0.746,-0.631,-0.809,-1.251,-0.627,-0.478,-0.635,-0.453,-0.618,-0.688,-0.439,-0.408,-0.372,4
-1.414,-0.693,-0.801,-0.432,-0.34,-0.168,-0.681,-0.522,-0.297,-0.722,-1.414,-0.775,-0.618,-0.739,-0.552,-0.669,-0.873,-0.602,-0.53,-0.579,-1.414,-1.128,-0.884,-0.933,-0.731,-0.548,-1.098,-0.856,-0.704,-0.864,-1.414,-0.801,-0.614,-0.741,-0.542,-0.645,-0.877,-0.617,-0.519,-0.571,4
-1.239,-0.394,-0.621,-0.209,-0.136,-0.084,-0.502,-0.339,-0.201,-0.731,-1.239,-0.529,-0.396,-0.558,-0.369,-0.575,-0.717,-0.427,-0.401,-0.468,-1.239,-0.95,-0.815,-0.75,-0.596,-0.446,-0.958,-0.764,-0.614,-0.849,-1.239,-0.672,-0.535,-0.678,-0.505,-0.699,-0.724,-0.506,-0.452,-0.442,4
-1.241,-0.514,-0.702,-0.321,-0.202,-0.078,-0.56,-0.39,-0.255,-0.799,-1.241,-0.657,-0.55,-0.678,-0.502,-0.639,-0.816,-0.545,-0.493,-0.571,-1.241,-1.015,-0.754,-0.905,-0.684,-0.602,-1.004,-0.76,-0.675,-0.727,-1.241,-0.753,-0.674,-0.746,-0.575,-0.68,-0.87,-0.635,-0.553,-0.605,4
-0.788,-0.341,-0.416,-0.155,-0.151,-0.173,-0.523,-0.317,-0.181,-0.517,-0.788,-0.374,-0.197,-0.5,-0.342,-0.527,-0.755,-0.465,-0.452,-0.532,-0.788,-0.604,-0.38,-0.504,-0.334,-0.23,-0.634,-0.407,-0.353,-0.41,-0.788,-0.54,-0.226,-0.561,-0.344,-0.446,-0.661,-0.408,-0.36,-0.294,4
-1.062,-0.334,-0.457,-0.103,-0.104,-0.098,-0.448,-0.323,-0.148,-0.57,-1.062,-0.438,-0.296,-0.467,-0.31,-0.55,-0.647,-0.381,-0.38,-0.461,-1.062,-0.821,-0.622,-0.656,-0.469,-0.378,-0.794,-0.573,-0.488,-0.58,-1.062,-0.565,-0.486,-0.554,-0.446,-0.618,-0.631,-0.46,-0.415,-0.409,4
-1.18,-0.519,-0.766,-0.274,-0.245,-0.093,-0.607,-0.52,-0.303,-0.902,-1.18,-0.547,-0.454,-0.584,-0.453,-0.618,-0.753,-0.521,-0.471,-0.552,-1.18,-0.876,-0.574,-0.718,-0.476,-0.361,-0.872,-0.578,-0.479,-0.576,-1.18,-0.689,-0.653,-0.663,-0.561,-0.685,-0.772,-0.593,-0.525,-0.564,4
-0.656,-0.208,-0.23,0.112,0.134,0.224,-0.203,-0.152,-0.1,-0.202,-0.656,-0.254,-0.008,-0.404,-0.191,-0.341,-0.536,-0.265,-0.271,-0.149,-0.656,-0.505,-0.307,-0.354,-0.228,-0.198,-0.486,-0.307,-0.245,-0.346,-0.656,-0.367,-0.109,-0.479,-0.263,-0.437,-0.566,-0.294,-0.275,-0.193,4
-1.223,-0.798,-0.867,-0.639,-0.545,-0.412,-0.795,-0.629,-0.547,-0.868,-1.223,-0.879,-0.747,-0.818,-0.671,-0.718,-0.991,-0.778,-0.759,-0.892,-1.223,-0.899,-0.987,-0.75,-0.699,-0.566,-0.911,-0.786,-0.7,-1.015,-1.223,-0.766,-0.555,-0.714,-0.545,-0.587,-0.871,-0.62,-0.568,-0.607,5
-1.41,-1.029,-1.013,-0.895,-0.762,-0.676,-1.043,-0.851,-0.775,-1.037,-1.41,-1.083,-0.894,-1.015,-0.825,-0.829,-1.172,-0.941,-0.891,-1.01,-1.41,-1.081,-1.094,-0.932,-0.808,-0.681,-1.071,-0.899,-0.812,-1.074,-1.41,-0.919,-0.77,-0.847,-0.663,-0.723,-1.013,-0.748,-0.698,-0.817,5
-1.107,-0.649,-0.629,-0.492,-0.367,-0.298,-0.682,-0.478,-0.395,-0.681,-1.107,-0.718,-0.533,-0.671,-0.496,-0.533,-0.849,-0.603,-0.575,-0.673,-1.107,-0.839,-0.853,-0.7,-0.596,-0.443,-0.829,-0.68,-0.595,-0.87,-1.107,-0.692,-0.445,-0.588,-0.371,-0.368,-0.746,-0.457,-0.379,-0.469,5
-1.27,-0.855,-0.958,-0.707,-0.619,-0.469,-0.872,-0.705,-0.62,-0.988,-1.27,-0.909,-0.83,-0.853,-0.716,-0.75,-1.018,-0.806,-0.778,-0.92,-1.27,-1.019,-1.035,-0.917,-0.813,-0.721,-1.027,-0.877,-0.822,-1.039,-1.27,-0.829,-0.719,-0.774,-0.617,-0.688,-0.937,-0.693,-0.657,-0.779,5
-1.331,-0.862,-0.761,-0.689,-0.498,-0.361,-0.857,-0.6,-0.496,-0.779,-1.331,-0.914,-0.712,-0.845,-0.652,-0.662,-1.003,-0.74,-0.686,-0.78,-1.331,-1.016,-0.992,-0.874,-0.738,-0.63,-1.018,-0.825,-0.767,-1.02,-1.331,-0.861,-0.571,-0.784,-0.545,-0.562,-0.952,-0.642,-0.578,-0.648,5
-1.049,-0.632,-0.607,-0.469,-0.381,-0.315,-0.557,-0.403,-0.353,-0.566,-1.049,-0.736,-0.505,-0.689,-0.511,-0.518,-0.837,-0.612,-0.558,-0.601,-1.049,-0.853,-0.955,-0.735,-0.71,-0.603,-0.83,-0.748,-0.683,-0.891,-1.049,-0.647,-0.436,-0.65,-0.452,-0.53,-0.835,-0.564,-0.537,-0.582,5
-1.059,-0.669,-0.779,-0.547,-0.475,-0.392,-0.685,-0.527,-0.478,-0.8,-1.059,-0.719,-0.654,-0.692,-0.578,-0.645,-0.86,-0.67,-0.655,-0.794,-1.059,-0.793,-0.91,-0.676,-0.629,-0.532,-0.798,-0.689,-0.631,-0.892,-1.059,-0.69,-0.517,-0.655,-0.503,-0.559,-0.825,-0.613,-0.589,-0.684,5
-1.254,-0.753,-0.668,-0.583,-0.419,-0.332,-0.772,-0.522,-0.422,-0.689,-1.254,-0.882,-0.726,-0.834,-0.67,-0.7,-1.02,-0.785,-0.733,-0.853,-1.254,-0.902,-0.931,-0.745,-0.631,-0.474,-0.906,-0.711,-0.603,-0.901,-1.254,-0.701,-0.347,-0.633,-0.37,-0.408,-0.793,-0.454,-0.407,-0.408,5
-1.184,-0.744,-0.701,-0.587,-0.461,-0.4,-0.749,-0.56,-0.513,-0.732,-1.184,-0.817,-0.643,-0.757,-0.576,-0.615,-0.924,-0.682,-0.651,-0.739,-1.184,-0.865,-0.906,-0.727,-0.625,-0.515,-0.863,-0.683,-0.609,-0.866,-1.184,-0.702,-0.457,-0.672,-0.462,-0.556,-0.844,-0.564,-0.542,-0.622,5
-1.002,-0.606,-0.78,-0.498,-0.454,-0.384,-0.649,-0.527,-0.508,-0.858,-1.002,-0.719,-0.647,-0.68,-0.579,-0.632,-0.856,-0.682,-0.671,-0.807,-1.002,-0.776,-1.016,-0.643,-0.679,-0.554,-0.75,-0.711,-0.654,-0.961,-1.002,-0.602,-0.552,-0.571,-0.46,-0.55,-0.713,-0.514,-0.482,-0.58,5
-1.014,-0.663,-0.774,-0.554,-0.478,-0.391,-0.68,-0.533,-0.485,-0.787,-1.014,-0.698,-0.629,-0.69,-0.569,-0.637,-0.863,-0.669,-0.653,-0.786,-1.014,-0.772,-0.924,-0.666,-0.653,-0.578,-0.783,-0.705,-0.667,-0.932,-1.014,-0.668,-0.532,-0.644,-0.502,-0.559,-0.812,-0.61,-0.583,-0.675,5
-0.96,-0.583,-0.689,-0.439,-0.376,-0.272,-0.602,-0.464,-0.386,-0.727,-0.96,-0.665,-0.651,-0.603,-0.516,-0.547,-0.766,-0.603,-0.571,-0.738,-0.96,-0.714,-0.84,-0.599,-0.557,-0.439,-0.706,-0.606,-0.567,-0.865,-0.96,-0.583,-0.438,-0.529,-0.383,-0.421,-0.698,-0.482,-0.449,-0.546,5
-1.052,-0.599,-0.818,-0.474,-0.414,-0.286,-0.628,-0.485,-0.432,-0.86,-1.052,-0.694,-0.571,-0.661,-0.503,-0.559,-0.832,-0.601,-0.585,-0.717,-1.052,-0.843,-1.023,-0.727,-0.733,-0.624,-0.799,-0.739,-0.694,-0.933,-1.052,-0.666,-0.661,-0.662,-0.567,-0.666,-0.818,-0.641,-0.61,-0.731,5
-1.106,-0.765,-0.79,-0.68,-0.589,-0.575,-0.795,-0.638,-0.625,-0.851,-1.106,-0.812,-0.822,-0.792,-0.734,-0.811,-0.959,-0.826,-0.83,-0.994,-1.106,-0.843,-1.007,-0.737,-0.718,-0.601,-0.866,-0.767,-0.707,-1.008,-1.106,-0.758,-0.557,-0.727,-0.544,-0.558,-0.9,-0.666,-0.623,-0.706,5
-1.172,-0.801,-0.853,-0.694,-0.588,-0.501,-0.817,-0.646,-0.603,-0.891,-1.172,-0.831,-0.742,-0.788,-0.63,-0.654,-0.955,-0.727,-0.686,-0.827,-1.172,-0.881,-1.04,-0.768,-0.734,-0.633,-0.895,-0.787,-0.749,-1.073,-1.172,-0.78,-0.676,-0.744,-0.603,-0.65,-0.912,-0.701,-0.662,-0.771,5
-1.107,-0.653,-0.694,-0.494,-0.407,-0.3,-0.644,-0.478,-0.414,-0.696,-1.107,-0.709,-0.602,-0.656,-0.556,-0.602,-0.828,-0.643,-0.619,-0.704,-1.107,-0.789,-0.862,-0.646,-0.587,-0.488,-0.778,-0.637,-0.566,-0.829,-1.107,-0.647,-0.356,-0.614,-0.393,-0.46,-0.786,-0.493,-0.474,-0.526,5
-1.13,-0.709,-0.671,-0.549,-0.436,-0.362,-0.696,-0.517,-0.452,-0.665,-1.13,-0.839,-0.695,-0.795,-0.657,-0.666,-0.951,-0.767,-0.736,-0.824,-1.13,-0.882,-0.929,-0.771,-0.707,-0.6,-0.882,-0.75,-0.684,-0.914,-1.13,-0.67,-0.42,-0.645,-0.441,-0.511,-0.828,-0.549,-0.523,-0.591,5
-1.265,-0.643,-0.674,-0.45,-0.33,-0.217,-0.668,-0.466,-0.376,-0.715,-1.265,-0.747,-0.562,-0.672,-0.505,-0.569,-0.842,-0.589,-0.527,-0.59,-1.265,-0.901,-0.933,-0.706,-0.593,-0.413,-0.878,-0.694,-0.579,-0.907,-1.265,-0.726,-0.494,-0.652,-0.45,-0.506,-0.809,-0.518,-0.462,-0.489,5
-1.219,-0.858,-0.896,-0.717,-0.617,-0.519,-0.849,-0.691,-0.628,-0.903,-1.219,-0.869,-0.86,-0.799,-0.715,-0.748,-0.955,-0.796,-0.757,-0.913,-1.219,-0.935,-1.012,-0.814,-0.735,-0.618,-0.939,-0.808,-0.755,-1.038,-1.219,-0.83,-0.734,-0.79,-0.648,-0.692,-0.961,-0.748,-0.701,-0.814,5
-1.154,-0.581,-0.731,-0.403,-0.346,-0.254,-0.599,-0.458,-0.364,-0.743,-1.154,-0.706,-0.492,-0.673,-0.501,-0.567,-0.851,-0.587,-0.556,-0.604,-1.154,-0.751,-0.895,-0.602,-0.556,-0.42,-0.753,-0.612,-0.545,-0.904,-1.154,-0.574,-0.387,-0.564,-0.392,-0.524,-0.722,-0.443,-0.42,-0.464,5
-1.139,-0.559,-0.619,-0.364,-0.241,-0.177,-0.571,-0.421,-0.348,-0.719,-1.139,-0.646,-0.463,-0.611,-0.461,-0.569,-0.768,-0.524,-0.507,-0.559,-1.139,-0.797,-0.955,-0.653,-0.618,-0.492,-0.799,-0.685,-0.626,-0.951,-1.139,-0.63,-0.494,-0.606,-0.496,-0.58,-0.752,-0.548,-0.495,-0.527,5
-1.362,-1.011,-0.97,-0.874,-0.739,-0.64,-1.019,-0.834,-0.765,-1.017,-1.362,-1.017,-0.83,-0.948,-0.762,-0.761,-1.105,-0.87,-0.824,-0.932,-1.362,-1.038,-1.031,-0.904,-0.777,-0.652,-1.045,-0.862,-0.781,-1.061,-1.362,-0.964,-0.788,-0.884,-0.699,-0.701,-1.05,-0.799,-0.734,-0.833,5
-1.186,-0.726,-0.815,-0.603,-0.53,-0.433,-0.767,-0.615,-0.549,-0.876,-1.186,-0.816,-0.739,-0.79,-0.65,-0.747,-0.98,-0.772,-0.769,-0.931,-1.186,-0.859,-1.029,-0.729,-0.69,-0.545,-0.875,-0.772,-0.713,-1.078,-1.186,-0.686,-0.52,-0.667,-0.489,-0.553,-0.827,-0.578,-0.538,-0.586,5
-1.154,-0.689,-0.699,-0.538,-0.41,-0.311,-0.699,-0.497,-0.409,-0.732,-1.154,-0.727,-0.584,-0.695,-0.519,-0.575,-0.874,-0.615,-0.565,-0.663,-1.154,-0.833,-0.907,-0.649,-0.558,-0.402,-0.817,-0.659,-0.535,-0.857,-1.154,-0.718,-0.526,-0.656,-0.481,-0.535,-0.814,-0.553,-0.507,-0.587,5
-0.925,-0.434,-0.577,-0.282,-0.218,-0.099,-0.426,-0.297,-0.238,-0.656,-0.925,-0.535,-0.351,-0.491,-0.342,-0.426,-0.643,-0.407,-0.408,-0.493,-0.925,-0.603,-0.839,-0.444,-0.461,-0.329,-0.596,-0.529,-0.455,-0.855,-0.925,-0.463,-0.322,-0.488,-0.357,-0.494,-0.638,-0.424,-0.413,-0.461,5
-1.153,-0.558,-0.545,-0.37,-0.248,-0.154,-0.534,-0.339,-0.246,-0.523,-1.153,-0.765,-0.616,-0.701,-0.564,-0.598,-0.86,-0.658,-0.614,-0.705,-1.153,-0.803,-0.874,-0.633,-0.568,-0.439,-0.801,-0.677,-0.588,-0.905,-1.153,-0.572,-0.285,-0.548,-0.309,-0.413,-0.703,-0.384,-0.351,-0.362,5
-1.198,-0.729,-0.703,-0.566,-0.426,-0.339,-0.749,-0.531,-0.447,-0.716,-1.198,-0.873,-0.741,-0.827,-0.682,-0.704,-1.001,-0.792,-0.744,-0.837,-1.198,-0.927,-1.035,-0.798,-0.761,-0.597,-0.921,-0.814,-0.717,-0.992,-1.198,-0.722,-0.437,-0.668,-0.452,-0.491,-0.84,-0.55,-0.511,-0.542,5
-1.215,-0.831,-0.877,-0.695,-0.592,-0.499,-0.84,-0.674,-0.609,-0.906,-1.215,-0.878,-0.729,-0.814,-0.645,-0.661,-0.97,-0.743,-0.695,-0.819,-1.215,-0.91,-0.969,-0.775,-0.685,-0.565,-0.901,-0.763,-0.689,-0.962,-1.215,-0.769,-0.653,-0.718,-0.556,-0.626,-0.892,-0.648,-0.612,-0.737,5
-1.334,-0.794,-0.708,-0.6,-0.428,-0.303,-0.802,-0.568,-0.455,-0.746,-1.334,-0.893,-0.643,-0.823,-0.601,-0.62,-0.992,-0.697,-0.632,-0.712,-1.334,-1.105,-1.133,-0.974,-0.892,-0.766,-1.084,-0.966,-0.882,-1.111,-1.334,-0.877,-0.681,-0.816,-0.62,-0.675,-0.992,-0.726,-0.674,-0.769,5
-0.837,-0.523,-0.554,-0.359,-0.317,-0.255,-0.492,-0.408,-0.347,-0.616,-0.837,-0.565,-0.246,-0.584,-0.36,-0.395,-0.761,-0.498,-0.469,-0.502,-0.837,-0.671,-0.808,-0.551,-0.585,-0.509,-0.651,-0.632,-0.587,-0.834,-0.837,-0.55,-0.338,-0.544,-0.382,-0.403,-0.735,-0.51,-0.474,-0.537,5
-1.096,-0.669,-0.56,-0.475,-0.313,-0.228,-0.641,-0.412,-0.297,-0.502,-1.096,-0.71,-0.528,-0.649,-0.476,-0.493,-0.817,-0.565,-0.523,-0.604,-1.096,-0.822,-0.882,-0.69,-0.605,-0.467,-0.815,-0.668,-0.591,-0.87,-1.096,-0.648,-0.429,-0.581,-0.377,-0.42,-0.76,-0.477,-0.427,-0.523,5
-0.939,-0.46,-0.623,-0.353,-0.355,-0.336,-0.525,-0.438,-0.402,-0.721,-0.939,-0.563,-0.494,-0.579,-0.485,-0.611,-0.779,-0.602,-0.592,-0.7,-0.939,-0.713,-0.938,-0.591,-0.618,-0.478,-0.715,-0.663,-0.6,-0.909,-0.939,-0.498,-0.366,-0.477,-0.381,-0.459,-0.635,-0.446,-0.43,-0.465,5
-1.192,-0.767,-0.815,-0.595,-0.506,-0.406,-0.745,-0.589,-0.513,-0.836,-1.192,-0.815,-0.66,-0.743,-0.584,-0.612,-0.902,-0.664,-0.629,-0.727,-1.192,-0.828,-0.886,-0.669,-0.574,-0.408,-0.849,-0.685,-0.575,-0.93,-1.192,-0.715,-0.499,-0.676,-0.476,-0.555,-0.856,-0.575,-0.546,-0.622,5
-1.338,-0.905,-0.838,-0.741,-0.57,-0.435,-0.896,-0.661,-0.56,-0.821,-1.338,-0.927,-0.738,-0.854,-0.66,-0.672,-1.011,-0.748,-0.692,-0.794,-1.338,-1.005,-0.992,-0.857,-0.724,-0.607,-0.998,-0.806,-0.744,-1.013,-1.338,-0.889,-0.615,-0.809,-0.564,-0.571,-0.973,-0.659,-0.598,-0.687,5
-1.375,-1.01,-0.987,-0.885,-0.748,-0.643,-1.029,-0.838,-0.766,-1.021,-1.375,-0.994,-0.813,-0.937,-0.751,-0.767,-1.105,-0.853,-0.794,-0.893,-1.375,-1.004,-1.021,-0.871,-0.737,-0.587,-1.034,-0.833,-0.733,-1.048,-1.375,-0.974,-0.81,-0.902,-0.731,-0.744,-1.072,-0.828,-0.771,-0.88,5
-1.148,-0.784,-0.99,-0.634,-0.6,-0.462,-0.778,-0.675,-0.609,-0.984,-1.148,-0.804,-0.797,-0.76,-0.682,-0.747,-0.923,-0.76,-0.749,-0.898,-1.148,-0.92,-1.074,-0.813,-0.805,-0.727,-0.908,-0.843,-0.813,-1.07,-1.148,-0.81,-0.739,-0.791,-0.661,-0.728,-0.966,-0.767,-0.742,-0.867,5
-1.193,-0.727,-0.699,-0.585,-0.465,-0.412,-0.735,-0.544,-0.505,-0.733,-1.193,-0.803,-0.621,-0.748,-0.576,-0.603,-0.918,-0.682,-0.639,-0.725,-1.193,-0.914,-0.978,-0.781,-0.718,-0.588,-0.894,-0.753,-0.661,-0.884,-1.193,-0.753,-0.469,-0.711,-0.489,-0.539,-0.883,-0.592,-0.571,-0.639,5
-0.848,-0.63,-0.674,-0.564,-0.534,-0.495,-0.624,-0.538,-0.526,-0.693,-0.848,-0.665,-0.736,-0.691,-0.679,-0.772,-0.856,-0.767,-0.785,-0.92,-0.848,-0.684,-0.956,-0.616,-0.692,-0.658,-0.73,-0.719,-0.71,-0.97,-0.848,-0.621,-0.498,-0.646,-0.523,-0.56,-0.834,-0.664,-0.648,-0.741,5
-1.161,-0.669,-0.577,-0.508,-0.303,-0.222,-0.664,-0.402,-0.341,-0.617,-1.161,-0.692,-0.428,-0.655,-0.429,-0.482,-0.822,-0.521,-0.468,-0.499,-1.161,-0.852,-0.895,-0.683,-0.603,-0.444,-0.856,-0.708,-0.596,-0.888,-1.161,-0.752,-0.514,-0.706,-0.496,-0.519,-0.873,-0.599,-0.545,-0.613,5
-1.116,-0.658,-0.702,-0.526,-0.399,-0.321,-0.687,-0.494,-0.451,-0.809,-1.116,-0.729,-0.663,-0.711,-0.58,-0.68,-0.901,-0.685,-0.678,-0.834,-1.116,-0.768,-0.87,-0.659,-0.57,-0.489,-0.814,-0.651,-0.627,-1.0,-1.116,-0.662,-0.452,-0.635,-0.445,-0.524,-0.783,-0.503,-0.472,-0.503,5
-0.987,-0.527,-0.553,-0.379,-0.278,-0.22,-0.569,-0.369,-0.277,-0.551,-0.987,-0.602,-0.476,-0.583,-0.447,-0.528,-0.767,-0.544,-0.528,-0.632,-0.987,-0.731,-0.822,-0.609,-0.54,-0.411,-0.732,-0.61,-0.546,-0.846,-0.987,-0.564,-0.351,-0.48,-0.283,-0.318,-0.649,-0.374,-0.323,-0.419,5
-1.035,-0.526,-0.811,-0.394,-0.403,-0.259,-0.593,-0.516,-0.444,-0.933,-1.035,-0.648,-0.551,-0.622,-0.503,-0.583,-0.806,-0.58,-0.561,-0.667,-1.035,-0.671,-0.857,-0.506,-0.476,-0.331,-0.665,-0.554,-0.462,-0.827,-1.035,-0.544,-0.32,-0.553,-0.373,-0.489,-0.667,-0.431,-0.4,-0.427,5
-1.18,-0.754,-0.683,-0.61,-0.473,-0.431,-0.766,-0.546,-0.467,-0.673,-1.18,-0.806,-0.669,-0.762,-0.626,-0.663,-0.936,-0.722,-0.696,-0.794,-1.18,-0.881,-0.92,-0.752,-0.652,-0.536,-0.887,-0.733,-0.676,-0.961,-1.18,-0.74,-0.448,-0.674,-0.417,-0.461,-0.851,-0.519,-0.477,-0.572,5
-1.133,-0.679,-0.787,-0.53,-0.486,-0.37,-0.693,-0.559,-0.47,-0.777,-1.133,-0.757,-0.58,-0.729,-0.574,-0.611,-0.902,-0.673,-0.632,-0.696,-1.133,-0.822,-1.02,-0.67,-0.681,-0.521,-0.787,-0.724,-0.612,-0.926,-1.133,-0.689,-0.532,-0.659,-0.508,-0.593,-0.83,-0.601,-0.572,-0.66,5
-1.097,-0.705,-0.833,-0.583,-0.501,-0.408,-0.721,-0.58,-0.545,-0.906,-1.097,-0.765,-0.723,-0.741,-0.631,-0.69,-0.912,-0.721,-0.694,-0.836,-1.097,-0.817,-0.978,-0.704,-0.666,-0.525,-0.825,-0.705,-0.644,-0.98,-1.097,-0.685,-0.646,-0.635,-0.543,-0.62,-0.802,-0.615,-0.588,-0.713,5
-0.919,-0.504,-0.726,-0.401,-0.397,-0.382,-0.549,-0.455,-0.458,-0.819,-0.919,-0.618,-0.649,-0.612,-0.565,-0.665,-0.78,-0.643,-0.65,-0.796,-0.919,-0.695,-0.899,-0.598,-0.609,-0.534,-0.699,-0.639,-0.613,-0.874,-0.919,-0.58,-0.451,-0.572,-0.451,-0.51,-0.724,-0.547,-0.523,-0.592,5
-0.975,-0.59,-0.765,-0.483,-0.449,-0.404,-0.614,-0.511,-0.506,-0.847,-0.975,-0.694,-0.706,-0.666,-0.622,-0.673,-0.83,-0.717,-0.71,-0.867,-0.975,-0.713,-0.866,-0.59,-0.556,-0.413,-0.715,-0.615,-0.549,-0.883,-0.975,-0.557,-0.455,-0.524,-0.398,-0.472,-0.684,-0.465,-0.43,-0.526,5
-1.128,-0.657,-0.778,-0.537,-0.437,-0.349,-0.679,-0.507,-0.472,-0.802,-1.128,-0.72,-0.592,-0.688,-0.523,-0.573,-0.863,-0.611,-0.566,-0.655,-1.128,-0.883,-1.008,-0.775,-0.753,-0.675,-0.88,-0.787,-0.745,-0.991,-1.128,-0.725,-0.589,-0.714,-0.563,-0.622,-0.882,-0.65,-0.615,-0.689,5
-0.611,-0.292,-0.494,-0.108,-0.125,-0.034,-0.208,-0.137,-0.05,-0.347,-0.611,-0.379,-0.471,-0.326,-0.349,-0.414,-0.487,-0.427,-0.395,-0.548,-0.611,-0.423,-0.666,-0.375,-0.437,-0.404,-0.497,-0.48,-0.507,-0.822,-0.611,-0.32,-0.395,-0.362,-0.362,-0.531,-0.575,-0.475,-0.529,-0.703,5
-1.281,-0.716,-0.738,-0.53,-0.416,-0.292,-0.751,-0.548,-0.432,-0.761,-1.281,-0.811,-0.611,-0.736,-0.554,-0.598,-0.917,-0.652,-0.591,-0.664,-1.281,-0.95,-0.944,-0.783,-0.657,-0.505,-0.946,-0.754,-0.648,-0.934,-1.281,-0.779,-0.507,-0.703,-0.485,-0.512,-0.873,-0.584,-0.525,-0.562,5
-1.226,-0.908,-0.877,-0.831,-0.718,-0.686,-0.953,-0.782,-0.755,-0.943,-1.226,-0.963,-0.887,-0.928,-0.813,-0.836,-1.082,-0.915,-0.893,-1.022,-1.226,-0.988,-1.074,-0.89,-0.845,-0.763,-0.997,-0.895,-0.855,-1.107,-1.226,-0.909,-0.685,-0.855,-0.653,-0.645,-1.011,-0.775,-0.728,-0.832,5
-1.218,-0.754,-0.854,-0.647,-0.525,-0.426,-0.817,-0.614,-0.557,-0.924,-1.218,-0.767,-0.739,-0.742,-0.617,-0.709,-0.928,-0.709,-0.686,-0.852,-1.218,-0.96,-1.095,-0.85,-0.799,-0.693,-0.951,-0.838,-0.797,-1.09,-1.218,-0.842,-0.782,-0.777,-0.642,-0.667,-0.924,-0.713,-0.666,-0.795,5
-1.113,-0.631,-0.794,-0.478,-0.436,-0.296,-0.659,-0.536,-0.429,-0.793,-1.113,-0.715,-0.547,-0.714,-0.544,-0.609,-0.886,-0.639,-0.601,-0.657,-1.113,-0.888,-1.041,-0.739,-0.73,-0.58,-0.844,-0.781,-0.69,-0.967,-1.113,-0.733,-0.579,-0.689,-0.539,-0.613,-0.848,-0.624,-0.597,-0.682,5
-1.135,-0.678,-0.799,-0.528,-0.429,-0.264,-0.679,-0.509,-0.424,-0.805,-1.135,-0.783,-0.623,-0.752,-0.595,-0.616,-0.919,-0.693,-0.654,-0.733,-1.135,-0.867,-0.977,-0.761,-0.737,-0.666,-0.873,-0.786,-0.745,-1.012,-1.135,-0.664,-0.553,-0.649,-0.488,-0.552,-0.817,-0.579,-0.514,-0.602,5
-1.055,-0.608,-0.714,-0.462,-0.423,-0.336,-0.607,-0.483,-0.419,-0.704,-1.055,-0.686,-0.596,-0.627,-0.539,-0.577,-0.788,-0.618,-0.579,-0.665,-1.055,-0.75,-0.873,-0.594,-0.562,-0.423,-0.725,-0.608,-0.526,-0.811,-1.055,-0.613,-0.339,-0.585,-0.376,-0.444,-0.749,-0.476,-0.455,-0.5,5
-1.258,-0.814,-0.707,-0.672,-0.51,-0.434,-0.833,-0.591,-0.515,-0.706,-1.258,-0.949,-0.801,-0.899,-0.739,-0.752,-1.06,-0.847,-0.808,-0.913,-1.258,-1.024,-1.057,-0.914,-0.834,-0.715,-1.012,-0.874,-0.801,-1.015,-1.258,-0.817,-0.523,-0.77,-0.546,-0.577,-0.939,-0.653,-0.611,-0.666,5
-1.278,-0.766,-0.683,-0.605,-0.422,-0.313,-0.8,-0.537,-0.45,-0.741,-1.278,-0.862,-0.622,-0.792,-0.561,-0.577,-0.961,-0.664,-0.6,-0.686,-1.278,-1.04,-1.083,-0.887,-0.816,-0.689,-0.992,-0.894,-0.815,-1.059,-1.278,-0.864,-0.646,-0.79,-0.599,-0.618,-0.954,-0.701,-0.645,-0.72,5
-1.082,-0.649,-0.753,-0.497,-0.43,-0.345,-0.643,-0.498,-0.443,-0.8,-1.082,-0.726,-0.631,-0.682,-0.558,-0.606,-0.865,-0.66,-0.632,-0.76,-1.082,-0.695,-0.808,-0.553,-0.478,-0.357,-0.743,-0.583,-0.51,-0.876,-1.082,-0.605,-0.378,-0.575,-0.414,-0.505,-0.74,-0.488,-0.484,-0.509,5
-1.191,-0.822,-0.862,-0.697,-0.606,-0.497,-0.829,-0.657,-0.584,-0.856,-1.191,-0.844,-0.696,-0.788,-0.618,-0.604,-0.958,-0.718,-0.648,-0.749,-1.191,-0.88,-0.977,-0.742,-0.665,-0.514,-0.881,-0.741,-0.656,-0.959,-1.191,-0.796,-0.579,-0.745,-0.538,-0.579,-0.915,-0.641,-0.594,-0.679,5
-1.117,-0.758,-0.784,-0.658,-0.562,-0.521,-0.795,-0.648,-0.617,-0.926,-1.117,-0.765,-0.659,-0.742,-0.604,-0.666,-0.921,-0.711,-0.684,-0.8,-1.117,-0.806,-0.988,-0.672,-0.657,-0.553,-0.794,-0.697,-0.659,-0.998,-1.117,-0.8,-0.545,-0.767,-0.571,-0.558,-0.914,-0.664,-0.605,-0.618,5
-1.121,-0.723,-0.963,-0.576,-0.551,-0.42,-0.73,-0.638,-0.583,-1.004,-1.121,-0.768,-0.71,-0.731,-0.616,-0.677,-0.903,-0.707,-0.693,-0.835,-1.121,-0.882,-1.037,-0.78,-0.754,-0.665,-0.879,-0.787,-0.752,-1.013,-1.121,-0.753,-0.691,-0.735,-0.601,-0.677,-0.907,-0.694,-0.652,-0.767,5
-0.957,-0.548,-0.617,-0.41,-0.326,-0.292,-0.539,-0.378,-0.344,-0.637,-0.957,-0.638,-0.587,-0.623,-0.514,-0.582,-0.794,-0.607,-0.585,-0.725,-0.957,-0.721,-0.94,-0.618,-0.622,-0.531,-0.712,-0.644,-0.619,-0.922,-0.957,-0.54,-0.473,-0.542,-0.474,-0.594,-0.708,-0.542,-0.548,-0.614,5
-1.207,-0.699,-0.705,-0.539,-0.446,-0.359,-0.727,-0.532,-0.444,-0.697,-1.207,-0.805,-0.616,-0.751,-0.583,-0.616,-0.933,-0.694,-0.649,-0.724,-1.207,-0.933,-0.978,-0.788,-0.717,-0.589,-0.911,-0.786,-0.709,-0.966,-1.207,-0.764,-0.565,-0.71,-0.523,-0.564,-0.877,-0.627,-0.575,-0.657,5
-1.057,-0.644,-0.558,-0.507,-0.368,-0.316,-0.624,-0.407,-0.357,-0.542,-1.057,-0.753,-0.554,-0.723,-0.561,-0.594,-0.885,-0.661,-0.623,-0.689,-1.057,-0.848,-0.946,-0.732,-0.7,-0.625,-0.834,-0.757,-0.714,-0.943,-1.057,-0.676,-0.442,-0.65,-0.442,-0.499,-0.825,-0.557,-0.528,-0.586,5
-0.532,-0.244,-0.531,-0.09,-0.161,-0.081,-0.186,-0.161,-0.106,-0.415,-0.532,-0.325,-0.434,-0.275,-0.311,-0.375,-0.436,-0.39,-0.378,-0.553,-0.532,-0.338,-0.601,-0.278,-0.343,-0.297,-0.393,-0.384,-0.417,-0.763,-0.532,-0.248,-0.355,-0.296,-0.318,-0.489,-0.504,-0.423,-0.478,-0.64,5
-0.883,-0.46,-0.55,-0.259,-0.246,-0.158,-0.398,-0.321,-0.234,-0.546,-0.883,-0.529,-0.378,-0.539,-0.422,-0.485,-0.691,-0.513,-0.475,-0.514,-0.883,-0.681,-0.879,-0.564,-0.604,-0.478,-0.688,-0.653,-0.579,-0.833,-0.883,-0.518,-0.432,-0.567,-0.471,-0.614,-0.752,-0.564,-0.561,-0.626,5
-1.224,-0.82,-0.837,-0.64,-0.538,-0.445,-0.802,-0.638,-0.546,-0.822,-1.224,-0.871,-0.718,-0.793,-0.65,-0.688,-0.952,-0.739,-0.707,-0.811,-1.224,-0.875,-0.956,-0.695,-0.621,-0.462,-0.877,-0.736,-0.623,-0.954,-1.224,-0.797,-0.608,-0.717,-0.561,-0.573,-0.885,-0.656,-0.588,-0.654,5
-1.163,-0.859,-0.901,-0.738,-0.637,-0.54,-0.847,-0.699,-0.654,-0.929,-1.163,-0.824,-0.713,-0.773,-0.613,-0.642,-0.927,-0.703,-0.678,-0.823,-1.163,-0.874,-0.926,-0.76,-0.654,-0.572,-0.877,-0.718,-0.688,-0.977,-1.163,-0.801,-0.678,-0.754,-0.599,-0.646,-0.92,-0.687,-0.651,-0.777,5
-1.185,-0.7,-0.73,-0.537,-0.446,-0.335,-0.728,-0.534,-0.448,-0.726,-1.185,-0.837,-0.725,-0.769,-0.641,-0.655,-0.942,-0.741,-0.678,-0.76,-1.185,-0.914,-0.935,-0.749,-0.651,-0.487,-0.867,-0.713,-0.614,-0.864,-1.185,-0.722,-0.498,-0.659,-0.472,-0.52,-0.82,-0.559,-0.514,-0.561,5
-1.057,-0.58,-0.603,-0.438,-0.337,-0.277,-0.627,-0.45,-0.391,-0.674,-1.057,-0.648,-0.6,-0.599,-0.512,-0.587,-0.783,-0.612,-0.58,-0.708,-1.057,-0.823,-0.965,-0.692,-0.676,-0.539,-0.824,-0.74,-0.655,-0.929,-1.057,-0.676,-0.604,-0.624,-0.539,-0.589,-0.784,-0.626,-0.586,-0.686,5
-1.148,-0.793,-0.839,-0.688,-0.573,-0.509,-0.813,-0.641,-0.622,-0.939,-1.148,-0.875,-0.843,-0.84,-0.754,-0.798,-0.992,-0.844,-0.842,-1.015,-1.148,-0.895,-1.063,-0.782,-0.755,-0.638,-0.892,-0.8,-0.753,-1.057,-1.148,-0.713,-0.69,-0.666,-0.545,-0.617,-0.826,-0.613,-0.579,-0.716,5
-1.071,-0.697,-0.813,-0.598,-0.539,-0.487,-0.749,-0.606,-0.578,-0.889,-1.071,-0.784,-0.783,-0.759,-0.701,-0.77,-0.933,-0.805,-0.809,-0.974,-1.071,-0.799,-0.877,-0.705,-0.645,-0.595,-0.843,-0.719,-0.695,-0.982,-1.071,-0.672,-0.556,-0.626,-0.509,-0.579,-0.796,-0.605,-0.593,-0.712,5
-1.31,-0.958,-1.023,-0.837,-0.739,-0.648,-0.953,-0.791,-0.743,-1.034,-1.31,-1.039,-0.973,-0.989,-0.876,-0.88,-1.127,-0.963,-0.93,-1.055,-1.31,-1.063,-1.129,-0.95,-0.88,-0.776,-1.046,-0.922,-0.862,-1.099,-1.31,-0.892,-0.739,-0.837,-0.654,-0.685,-0.994,-0.738,-0.69,-0.795,5
-1.12,-0.622,-0.74,-0.469,-0.393,-0.302,-0.636,-0.486,-0.423,-0.807,-1.12,-0.728,-0.559,-0.667,-0.501,-0.554,-0.831,-0.591,-0.567,-0.681,-1.12,-0.768,-0.882,-0.606,-0.556,-0.415,-0.755,-0.629,-0.548,-0.903,-1.12,-0.612,-0.44,-0.593,-0.431,-0.522,-0.747,-0.506,-0.474,-0.522,5
-0.992,-0.599,-0.671,-0.467,-0.372,-0.266,-0.601,-0.431,-0.339,-0.595,-0.992,-0.644,-0.439,-0.585,-0.382,-0.389,-0.745,-0.477,-0.413,-0.501,-0.992,-0.702,-0.781,-0.528,-0.445,-0.299,-0.625,-0.501,-0.425,-0.726,-0.992,-0.571,-0.339,-0.522,-0.314,-0.334,-0.688,-0.418,-0.352,-0.431,5
-1.083,-0.7,-0.731,-0.57,-0.462,-0.343,-0.694,-0.514,-0.44,-0.695,-1.083,-0.761,-0.592,-0.705,-0.54,-0.546,-0.858,-0.635,-0.595,-0.688,-1.083,-0.82,-0.894,-0.658,-0.585,-0.445,-0.774,-0.665,-0.59,-0.883,-1.083,-0.673,-0.468,-0.624,-0.411,-0.434,-0.799,-0.528,-0.462,-0.562,5
-1.031,-0.619,-0.682,-0.49,-0.421,-0.373,-0.628,-0.485,-0.442,-0.712,-1.031,-0.71,-0.621,-0.69,-0.57,-0.63,-0.858,-0.674,-0.653,-0.778,-1.031,-0.79,-0.999,-0.677,-0.678,-0.564,-0.771,-0.704,-0.659,-0.956,-1.031,-0.608,-0.455,-0.602,-0.464,-0.573,-0.77,-0.549,-0.543,-0.602,5
-1.147,-0.602,-0.621,-0.428,-0.349,-0.273,-0.61,-0.424,-0.348,-0.661,-1.147,-0.729,-0.556,-0.686,-0.545,-0.602,-0.865,-0.632,-0.615,-0.677,-1.147,-0.756,-0.929,-0.607,-0.576,-0.457,-0.764,-0.643,-0.574,-0.924,-1.147,-0.575,-0.405,-0.555,-0.386,-0.547,-0.704,-0.435,-0.428,-0.496,5
-1.15,-0.873,-0.932,-0.78,-0.71,-0.671,-0.869,-0.741,-0.719,-0.934,-1.15,-0.842,-0.862,-0.813,-0.758,-0.813,-0.98,-0.854,-0.849,-1.028,-1.15,-0.879,-1.037,-0.761,-0.737,-0.608,-0.907,-0.812,-0.745,-1.059,-1.15,-0.818,-0.681,-0.787,-0.634,-0.657,-0.964,-0.744,-0.7,-0.819,5
-1.044,-0.6,-0.732,-0.437,-0.358,-0.25,-0.618,-0.478,-0.4,-0.774,-1.044,-0.708,-0.693,-0.657,-0.562,-0.625,-0.827,-0.654,-0.622,-0.792,-1.044,-0.812,-0.971,-0.708,-0.668,-0.555,-0.806,-0.716,-0.696,-1.022,-1.044,-0.622,-0.548,-0.596,-0.485,-0.579,-0.756,-0.554,-0.537,-0.621,5
-1.044,-0.608,-0.773,-0.462,-0.431,-0.359,-0.606,-0.496,-0.458,-0.841,-1.044,-0.673,-0.551,-0.638,-0.513,-0.567,-0.82,-0.612,-0.586,-0.69,-1.044,-0.652,-0.789,-0.517,-0.465,-0.337,-0.701,-0.552,-0.469,-0.833,-1.044,-0.579,-0.366,-0.574,-0.427,-0.508,-0.739,-0.507,-0.499,-0.51,5
-1.235,-0.882,-0.965,-0.738,-0.666,-0.568,-0.871,-0.733,-0.673,-0.978,-1.235,-0.91,-0.805,-0.844,-0.704,-0.711,-1.003,-0.802,-0.757,-0.891,-1.235,-0.914,-1.034,-0.772,-0.706,-0.559,-0.921,-0.783,-0.696,-1.025,-1.235,-0.809,-0.678,-0.754,-0.618,-0.688,-0.923,-0.705,-0.665,-0.753,5
-1.072,-0.63,-0.697,-0.505,-0.394,-0.326,-0.651,-0.459,-0.425,-0.746,-1.072,-0.697,-0.583,-0.661,-0.522,-0.573,-0.832,-0.616,-0.59,-0.697,-1.072,-0.79,-0.923,-0.667,-0.62,-0.501,-0.788,-0.674,-0.623,-0.934,-1.072,-0.662,-0.531,-0.624,-0.492,-0.563,-0.784,-0.578,-0.555,-0.646,5
-1.167,-0.729,-0.683,-0.587,-0.464,-0.395,-0.739,-0.549,-0.498,-0.732,-1.167,-0.795,-0.606,-0.749,-0.583,-0.615,-0.923,-0.688,-0.657,-0.727,-1.167,-0.904,-0.948,-0.774,-0.712,-0.611,-0.893,-0.768,-0.689,-0.903,-1.167,-0.787,-0.493,-0.737,-0.522,-0.537,-0.905,-0.636,-0.604,-0.667,5
-1.205,-0.856,-0.921,-0.698,-0.614,-0.499,-0.816,-0.667,-0.592,-0.877,-1.205,-0.882,-0.848,-0.808,-0.717,-0.732,-0.956,-0.797,-0.75,-0.888,-1.205,-0.939,-1.022,-0.822,-0.764,-0.65,-0.951,-0.834,-0.774,-1.037,-1.205,-0.812,-0.735,-0.783,-0.656,-0.724,-0.959,-0.754,-0.723,-0.833,5
-1.191,-0.78,-0.781,-0.647,-0.511,-0.414,-0.779,-0.571,-0.508,-0.779,-1.191,-0.852,-0.668,-0.796,-0.611,-0.606,-0.953,-0.712,-0.659,-0.753,-1.191,-0.887,-0.91,-0.744,-0.635,-0.521,-0.867,-0.709,-0.643,-0.897,-1.191,-0.711,-0.495,-0.661,-0.436,-0.511,-0.831,-0.533,-0.494,-0.594,5
-1.133,-0.858,-0.912,-0.762,-0.688,-0.642,-0.846,-0.719,-0.695,-0.915,-1.133,-0.835,-0.885,-0.804,-0.772,-0.823,-0.968,-0.862,-0.854,-1.039,-1.133,-0.867,-1.04,-0.741,-0.728,-0.59,-0.882,-0.799,-0.729,-1.056,-1.133,-0.797,-0.639,-0.762,-0.594,-0.618,-0.937,-0.701,-0.657,-0.775,5
-0.966,-0.558,-0.598,-0.414,-0.363,-0.309,-0.522,-0.378,-0.342,-0.578,-0.966,-0.611,-0.372,-0.59,-0.392,-0.432,-0.742,-0.493,-0.458,-0.514,-0.966,-0.765,-0.897,-0.649,-0.627,-0.521,-0.742,-0.659,-0.604,-0.835,-0.966,-0.638,-0.481,-0.657,-0.537,-0.603,-0.84,-0.648,-0.644,-0.684,5
-1.246,-0.871,-0.823,-0.764,-0.614,-0.548,-0.91,-0.713,-0.663,-0.921,-1.246,-0.861,-0.659,-0.812,-0.613,-0.64,-0.988,-0.721,-0.669,-0.758,-1.246,-0.877,-0.943,-0.737,-0.627,-0.507,-0.898,-0.724,-0.655,-1.0,-1.246,-0.873,-0.654,-0.818,-0.621,-0.64,-0.976,-0.713,-0.656,-0.723,5
-1.04,-0.566,-0.65,-0.426,-0.316,-0.193,-0.57,-0.394,-0.33,-0.684,-1.04,-0.646,-0.436,-0.624,-0.451,-0.53,-0.788,-0.536,-0.529,-0.595,-1.04,-0.735,-0.908,-0.597,-0.582,-0.476,-0.745,-0.652,-0.588,-0.928,-1.04,-0.585,-0.381,-0.598,-0.412,-0.513,-0.773,-0.511,-0.485,-0.55,5
-0.855,-0.444,-0.55,-0.286,-0.273,-0.209,-0.409,-0.338,-0.265,-0.534,-0.855,-0.515,-0.283,-0.538,-0.359,-0.422,-0.688,-0.457,-0.418,-0.448,-0.855,-0.666,-0.793,-0.545,-0.565,-0.47,-0.654,-0.608,-0.549,-0.781,-0.855,-0.493,-0.407,-0.525,-0.447,-0.591,-0.708,-0.548,-0.566,-0.645,5
-1.002,-0.584,-0.753,-0.489,-0.436,-0.377,-0.611,-0.471,-0.471,-0.815,-1.002,-0.688,-0.5,-0.649,-0.463,-0.506,-0.817,-0.574,-0.551,-0.656,-1.002,-0.761,-0.953,-0.613,-0.624,-0.515,-0.711,-0.649,-0.602,-0.894,-1.002,-0.609,-0.505,-0.597,-0.471,-0.557,-0.737,-0.53,-0.508,-0.564,5
-1.021,-0.664,-0.747,-0.51,-0.473,-0.385,-0.606,-0.515,-0.477,-0.758,-1.021,-0.742,-0.635,-0.703,-0.594,-0.618,-0.859,-0.709,-0.684,-0.807,-1.021,-0.799,-0.939,-0.687,-0.674,-0.56,-0.791,-0.706,-0.632,-0.869,-1.021,-0.644,-0.444,-0.647,-0.478,-0.561,-0.836,-0.584,-0.569,-0.636,5
-1.011,-0.583,-0.837,-0.451,-0.424,-0.307,-0.604,-0.506,-0.477,-0.934,-1.011,-0.672,-0.614,-0.653,-0.552,-0.633,-0.837,-0.654,-0.659,-0.816,-1.011,-0.798,-0.999,-0.688,-0.691,-0.586,-0.783,-0.709,-0.664,-0.926,-1.011,-0.61,-0.622,-0.611,-0.524,-0.651,-0.765,-0.587,-0.571,-0.706,5
-1.324,-0.956,-0.888,-0.835,-0.674,-0.591,-0.985,-0.783,-0.724,-0.978,-1.324,-0.944,-0.74,-0.884,-0.679,-0.688,-1.054,-0.785,-0.723,-0.818,-1.324,-0.948,-1.007,-0.795,-0.679,-0.527,-0.957,-0.775,-0.677,-1.019,-1.324,-0.91,-0.721,-0.845,-0.68,-0.692,-1.006,-0.766,-0.696,-0.767,5
-1.032,-0.67,-0.761,-0.583,-0.539,-0.546,-0.702,-0.579,-0.577,-0.83,-1.032,-0.758,-0.789,-0.734,-0.701,-0.781,-0.895,-0.791,-0.8,-0.971,-1.032,-0.774,-0.952,-0.68,-0.675,-0.578,-0.79,-0.708,-0.675,-0.982,-1.032,-0.658,-0.467,-0.634,-0.463,-0.486,-0.805,-0.575,-0.535,-0.61,5
-1.322,-0.849,-0.734,-0.675,-0.483,-0.379,-0.863,-0.608,-0.509,-0.758,-1.322,-0.925,-0.724,-0.869,-0.665,-0.697,-1.053,-0.782,-0.74,-0.855,-1.322,-1.007,-1.009,-0.873,-0.745,-0.618,-1.023,-0.829,-0.736,-1.005,-1.322,-0.827,-0.525,-0.762,-0.526,-0.561,-0.933,-0.629,-0.576,-0.623,5
-1.131,-0.818,-0.865,-0.726,-0.63,-0.59,-0.828,-0.669,-0.644,-0.884,-1.131,-0.81,-0.843,-0.781,-0.729,-0.794,-0.952,-0.819,-0.815,-1.005,-1.131,-0.847,-1.015,-0.715,-0.69,-0.544,-0.858,-0.765,-0.695,-1.03,-1.131,-0.785,-0.627,-0.744,-0.584,-0.617,-0.912,-0.685,-0.65,-0.765,5
-1.162,-0.757,-0.785,-0.589,-0.506,-0.423,-0.737,-0.585,-0.49,-0.728,-1.162,-0.802,-0.599,-0.767,-0.594,-0.676,-0.935,-0.692,-0.675,-0.75,-1.162,-0.854,-0.979,-0.714,-0.664,-0.528,-0.876,-0.744,-0.654,-0.959,-1.162,-0.742,-0.595,-0.693,-0.54,-0.599,-0.869,-0.632,-0.571,-0.663,5
-1.102,-0.586,-0.69,-0.388,-0.358,-0.216,-0.572,-0.439,-0.319,-0.652,-1.102,-0.635,-0.376,-0.613,-0.408,-0.496,-0.779,-0.49,-0.475,-0.522,-1.102,-0.722,-0.868,-0.571,-0.528,-0.4,-0.712,-0.577,-0.507,-0.853,-1.102,-0.593,-0.328,-0.585,-0.371,-0.511,-0.746,-0.453,-0.451,-0.489,5
-1.013,-0.483,-0.564,-0.339,-0.27,-0.22,-0.538,-0.384,-0.33,-0.649,-1.013,-0.584,-0.577,-0.557,-0.501,-0.606,-0.751,-0.603,-0.58,-0.704,-1.013,-0.735,-0.901,-0.602,-0.575,-0.425,-0.767,-0.658,-0.575,-0.918,-1.013,-0.568,-0.433,-0.527,-0.391,-0.498,-0.692,-0.467,-0.454,-0.551,5
-1.121,-0.633,-0.719,-0.476,-0.364,-0.2,-0.665,-0.489,-0.392,-0.764,-1.121,-0.706,-0.542,-0.662,-0.481,-0.525,-0.844,-0.582,-0.52,-0.619,-1.121,-0.906,-1.004,-0.764,-0.73,-0.599,-0.874,-0.796,-0.72,-0.983,-1.121,-0.74,-0.616,-0.715,-0.562,-0.587,-0.891,-0.671,-0.607,-0.688,5
-0.966,-0.595,-0.759,-0.489,-0.455,-0.434,-0.602,-0.498,-0.5,-0.833,-0.966,-0.695,-0.716,-0.679,-0.639,-0.715,-0.842,-0.733,-0.746,-0.916,-0.966,-0.71,-0.9,-0.612,-0.619,-0.521,-0.73,-0.661,-0.625,-0.96,-0.966,-0.558,-0.429,-0.535,-0.391,-0.458,-0.702,-0.479,-0.447,-0.538,5
-1.015,-0.55,-0.66,-0.416,-0.358,-0.277,-0.58,-0.438,-0.393,-0.758,-1.015,-0.668,-0.546,-0.656,-0.527,-0.599,-0.831,-0.637,-0.618,-0.728,-1.015,-0.689,-0.852,-0.564,-0.534,-0.432,-0.698,-0.591,-0.531,-0.818,-1.015,-0.595,-0.446,-0.578,-0.469,-0.54,-0.726,-0.526,-0.489,-0.502,5
-1.183,-0.676,-0.687,-0.515,-0.396,-0.291,-0.689,-0.478,-0.397,-0.69,-1.183,-0.786,-0.685,-0.739,-0.615,-0.67,-0.918,-0.715,-0.673,-0.79,-1.183,-0.841,-0.884,-0.681,-0.59,-0.471,-0.837,-0.68,-0.601,-0.876,-1.183,-0.667,-0.401,-0.632,-0.416,-0.485,-0.788,-0.489,-0.458,-0.464,5
-1.119,-0.748,-0.822,-0.609,-0.53,-0.434,-0.726,-0.575,-0.522,-0.818,-1.119,-0.796,-0.77,-0.736,-0.656,-0.692,-0.89,-0.734,-0.714,-0.854,-1.119,-0.818,-0.972,-0.676,-0.637,-0.505,-0.825,-0.71,-0.64,-0.986,-1.119,-0.71,-0.588,-0.678,-0.557,-0.629,-0.843,-0.638,-0.618,-0.71,5
-1.263,-0.856,-0.923,-0.739,-0.628,-0.534,-0.875,-0.697,-0.654,-0.986,-1.263,-0.918,-0.848,-0.873,-0.734,-0.765,-1.043,-0.835,-0.805,-0.97,-1.263,-0.975,-1.093,-0.863,-0.799,-0.69,-0.986,-0.857,-0.814,-1.126,-1.263,-0.848,-0.707,-0.799,-0.62,-0.68,-0.965,-0.705,-0.67,-0.782,5
-0.688,-0.371,-0.66,-0.243,-0.314,-0.251,-0.391,-0.381,-0.356,-0.778,-0.688,-0.446,-0.587,-0.405,-0.445,-0.51,-0.576,-0.524,-0.515,-0.717,-0.688,-0.481,-0.727,-0.359,-0.399,-0.295,-0.432,-0.397,-0.379,-0.711,-0.688,-0.373,-0.288,-0.353,-0.251,-0.302,-0.522,-0.343,-0.318,-0.404,5
-0.889,-0.676,-0.764,-0.59,-0.574,-0.527,-0.653,-0.578,-0.554,-0.726,-0.889,-0.694,-0.752,-0.677,-0.67,-0.725,-0.817,-0.746,-0.752,-0.889,-0.889,-0.698,-0.86,-0.589,-0.608,-0.548,-0.684,-0.631,-0.594,-0.825,-0.889,-0.631,-0.465,-0.625,-0.482,-0.527,-0.796,-0.611,-0.61,-0.719,5
-1.031,-0.588,-0.823,-0.47,-0.437,-0.332,-0.609,-0.486,-0.462,-0.902,-1.031,-0.726,-0.675,-0.693,-0.575,-0.623,-0.855,-0.668,-0.65,-0.811,-1.031,-0.79,-1.026,-0.686,-0.696,-0.588,-0.787,-0.712,-0.68,-1.006,-1.031,-0.579,-0.605,-0.581,-0.521,-0.649,-0.739,-0.566,-0.566,-0.674,5
-0.935,-0.623,-0.769,-0.506,-0.482,-0.428,-0.608,-0.493,-0.463,-0.751,-0.935,-0.71,-0.758,-0.672,-0.653,-0.704,-0.803,-0.721,-0.732,-0.887,-0.935,-0.713,-0.802,-0.622,-0.583,-0.525,-0.732,-0.633,-0.603,-0.853,-0.935,-0.555,-0.549,-0.552,-0.51,-0.663,-0.735,-0.595,-0.641,-0.805,5
-1.235,-0.813,-0.767,-0.631,-0.487,-0.403,-0.794,-0.597,-0.512,-0.782,-1.235,-0.847,-0.689,-0.779,-0.617,-0.661,-0.939,-0.708,-0.679,-0.799,-1.235,-0.856,-0.929,-0.659,-0.56,-0.402,-0.847,-0.681,-0.58,-0.941,-1.235,-0.751,-0.573,-0.663,-0.518,-0.576,-0.829,-0.592,-0.54,-0.623,5
-1.128,-0.575,-0.528,-0.395,-0.244,-0.116,-0.575,-0.346,-0.25,-0.551,-1.128,-0.619,-0.197,-0.591,-0.322,-0.356,-0.734,-0.4,-0.36,-0.298,-1.128,-0.823,-0.844,-0.66,-0.582,-0.419,-0.802,-0.655,-0.566,-0.833,-1.128,-0.706,-0.39,-0.693,-0.447,-0.492,-0.862,-0.566,-0.526,-0.541,5
-1.174,-0.727,-0.604,-0.58,-0.427,-0.347,-0.782,-0.536,-0.451,-0.641,-1.174,-0.822,-0.524,-0.772,-0.538,-0.516,-0.941,-0.662,-0.593,-0.625,-1.174,-0.957,-0.989,-0.815,-0.758,-0.659,-0.904,-0.813,-0.747,-0.958,-1.174,-0.838,-0.542,-0.782,-0.578,-0.555,-0.942,-0.698,-0.637,-0.661,5
-1.258,-0.708,-0.641,-0.535,-0.337,-0.23,-0.708,-0.44,-0.361,-0.673,-1.258,-0.75,-0.474,-0.683,-0.443,-0.48,-0.847,-0.531,-0.479,-0.529,-1.258,-0.942,-0.916,-0.769,-0.646,-0.499,-0.905,-0.73,-0.629,-0.862,-1.258,-0.799,-0.524,-0.745,-0.502,-0.548,-0.908,-0.597,-0.544,-0.598,5
-1.254,-0.764,-0.663,-0.611,-0.441,-0.379,-0.78,-0.524,-0.462,-0.67,-1.254,-0.881,-0.693,-0.821,-0.63,-0.654,-0.992,-0.741,-0.703,-0.808,-1.254,-0.993,-1.002,-0.875,-0.774,-0.653,-0.986,-0.825,-0.75,-0.976,-1.254,-0.806,-0.527,-0.754,-0.537,-0.574,-0.925,-0.643,-0.608,-0.663,5
-1.159,-0.804,-0.924,-0.655,-0.608,-0.501,-0.788,-0.67,-0.594,-0.89,-1.159,-0.81,-0.806,-0.749,-0.683,-0.727,-0.915,-0.765,-0.73,-0.875,-1.159,-0.849,-0.965,-0.72,-0.661,-0.52,-0.883,-0.755,-0.69,-1.035,-1.159,-0.768,-0.695,-0.719,-0.597,-0.658,-0.901,-0.698,-0.657,-0.779,5
-1.235,-0.8,-0.838,-0.638,-0.531,-0.435,-0.788,-0.615,-0.554,-0.891,-1.235,-0.865,-0.759,-0.797,-0.66,-0.689,-0.97,-0.754,-0.711,-0.844,-1.235,-0.828,-0.903,-0.682,-0.582,-0.447,-0.861,-0.681,-0.599,-0.951,-1.235,-0.724,-0.546,-0.675,-0.521,-0.6,-0.837,-0.583,-0.551,-0.601,5
-1.273,-0.852,-0.975,-0.714,-0.633,-0.508,-0.871,-0.703,-0.629,-0.967,-1.273,-0.942,-0.904,-0.887,-0.785,-0.82,-1.039,-0.858,-0.837,-0.975,-1.273,-1.068,-1.087,-0.976,-0.892,-0.817,-1.047,-0.922,-0.883,-1.064,-1.273,-0.87,-0.737,-0.791,-0.622,-0.655,-0.946,-0.702,-0.653,-0.779,5
-1.168,-0.784,-0.907,-0.647,-0.594,-0.498,-0.802,-0.674,-0.606,-0.923,-1.168,-0.792,-0.784,-0.747,-0.673,-0.74,-0.926,-0.762,-0.734,-0.879,-1.168,-0.871,-0.968,-0.758,-0.692,-0.581,-0.907,-0.773,-0.725,-1.04,-1.168,-0.798,-0.714,-0.758,-0.641,-0.689,-0.938,-0.75,-0.718,-0.835,5
-1.246,-0.805,-0.774,-0.627,-0.47,-0.35,-0.793,-0.582,-0.487,-0.785,-1.246,-0.868,-0.684,-0.788,-0.601,-0.613,-0.943,-0.691,-0.634,-0.73,-1.246,-0.904,-0.987,-0.737,-0.652,-0.495,-0.878,-0.74,-0.649,-0.981,-1.246,-0.76,-0.546,-0.683,-0.5,-0.541,-0.845,-0.585,-0.529,-0.603,5
-1.074,-0.697,-0.846,-0.569,-0.497,-0.399,-0.686,-0.549,-0.508,-0.843,-1.074,-0.824,-0.824,-0.777,-0.71,-0.727,-0.918,-0.787,-0.761,-0.917,-1.074,-0.821,-1.013,-0.712,-0.696,-0.574,-0.806,-0.714,-0.675,-1.006,-1.074,-0.607,-0.523,-0.6,-0.455,-0.569,-0.766,-0.523,-0.493,-0.616,5
-1.342,-0.936,-0.826,-0.769,-0.571,-0.429,-0.91,-0.666,-0.567,-0.806,-1.342,-0.914,-0.697,-0.834,-0.623,-0.632,-0.988,-0.706,-0.649,-0.732,-1.342,-1.001,-0.986,-0.835,-0.702,-0.591,-0.987,-0.802,-0.734,-1.006,-1.342,-0.916,-0.691,-0.842,-0.635,-0.651,-1.01,-0.734,-0.679,-0.78,5
-1.038,-0.568,-0.595,-0.411,-0.338,-0.306,-0.55,-0.435,-0.372,-0.655,-1.038,-0.64,-0.454,-0.644,-0.496,-0.571,-0.793,-0.584,-0.551,-0.572,-1.038,-0.811,-0.915,-0.706,-0.667,-0.585,-0.805,-0.702,-0.654,-0.871,-1.038,-0.625,-0.495,-0.633,-0.531,-0.62,-0.81,-0.62,-0.613,-0.672,5
-1.032,-0.577,-0.767,-0.416,-0.401,-0.307,-0.595,-0.494,-0.415,-0.772,-1.032,-0.656,-0.527,-0.637,-0.536,-0.597,-0.816,-0.621,-0.6,-0.658,-1.032,-0.672,-0.866,-0.544,-0.541,-0.393,-0.69,-0.581,-0.51,-0.865,-1.032,-0.547,-0.364,-0.541,-0.396,-0.477,-0.697,-0.458,-0.414,-0.467,5
-0.947,-0.59,-0.825,-0.484,-0.496,-0.436,-0.601,-0.528,-0.497,-0.812,-0.947,-0.673,-0.699,-0.667,-0.63,-0.709,-0.831,-0.715,-0.719,-0.852,-0.947,-0.734,-0.924,-0.644,-0.668,-0.629,-0.728,-0.679,-0.673,-0.909,-0.947,-0.602,-0.524,-0.617,-0.525,-0.617,-0.789,-0.63,-0.614,-0.696,5
-1.108,-0.784,-0.849,-0.66,-0.566,-0.458,-0.784,-0.634,-0.571,-0.849,-1.108,-0.764,-0.815,-0.719,-0.665,-0.721,-0.888,-0.751,-0.728,-0.905,-1.108,-0.802,-0.991,-0.67,-0.632,-0.484,-0.806,-0.693,-0.632,-0.998,-1.108,-0.72,-0.615,-0.673,-0.523,-0.56,-0.847,-0.621,-0.574,-0.712,5
-1.032,-0.541,-0.619,-0.382,-0.352,-0.299,-0.559,-0.442,-0.378,-0.623,-1.032,-0.662,-0.55,-0.625,-0.514,-0.57,-0.819,-0.635,-0.592,-0.685,-1.032,-0.8,-0.907,-0.705,-0.678,-0.599,-0.813,-0.716,-0.671,-0.9,-1.032,-0.618,-0.414,-0.614,-0.443,-0.551,-0.792,-0.541,-0.529,-0.593,5
-1.151,-0.573,-0.675,-0.362,-0.268,-0.155,-0.566,-0.419,-0.32,-0.725,-1.151,-0.616,-0.406,-0.586,-0.418,-0.534,-0.735,-0.467,-0.455,-0.478,-1.151,-0.678,-0.817,-0.53,-0.464,-0.34,-0.715,-0.537,-0.472,-0.864,-1.151,-0.576,-0.413,-0.559,-0.404,-0.531,-0.711,-0.451,-0.411,-0.456,5
-1.213,-0.737,-0.843,-0.574,-0.525,-0.412,-0.74,-0.599,-0.512,-0.852,-1.213,-0.802,-0.678,-0.735,-0.6,-0.635,-0.9,-0.687,-0.64,-0.745,-1.213,-0.878,-0.937,-0.738,-0.654,-0.519,-0.893,-0.732,-0.637,-0.939,-1.213,-0.765,-0.566,-0.713,-0.535,-0.592,-0.89,-0.637,-0.615,-0.702,5
-1.247,-0.79,-0.694,-0.641,-0.474,-0.405,-0.803,-0.558,-0.49,-0.691,-1.247,-0.936,-0.79,-0.885,-0.732,-0.75,-1.047,-0.844,-0.813,-0.921,-1.247,-1.007,-1.041,-0.9,-0.824,-0.71,-1.004,-0.87,-0.804,-1.028,-1.247,-0.789,-0.496,-0.74,-0.512,-0.561,-0.915,-0.619,-0.587,-0.65,5
-1.111,-0.749,-0.907,-0.638,-0.585,-0.496,-0.756,-0.642,-0.611,-0.937,-1.111,-0.847,-0.843,-0.831,-0.763,-0.822,-0.998,-0.853,-0.847,-0.994,-1.111,-0.839,-1.079,-0.723,-0.73,-0.604,-0.844,-0.757,-0.703,-1.036,-1.111,-0.67,-0.628,-0.652,-0.551,-0.669,-0.817,-0.614,-0.595,-0.71,5
-1.194,-0.891,-0.925,-0.772,-0.69,-0.628,-0.898,-0.756,-0.7,-0.956,-1.194,-0.883,-0.757,-0.823,-0.683,-0.697,-0.985,-0.795,-0.756,-0.882,-1.194,-0.878,-0.937,-0.718,-0.637,-0.499,-0.856,-0.724,-0.633,-0.938,-1.194,-0.775,-0.671,-0.709,-0.572,-0.616,-0.874,-0.657,-0.612,-0.744,5
-1.381,-1.046,-1.015,-0.908,-0.767,-0.664,-1.038,-0.85,-0.776,-1.026,-1.381,-1.065,-0.936,-0.981,-0.839,-0.839,-1.127,-0.937,-0.89,-1.018,-1.381,-1.066,-1.082,-0.911,-0.808,-0.682,-1.047,-0.896,-0.804,-1.067,-1.381,-0.948,-0.772,-0.866,-0.681,-0.71,-1.028,-0.77,-0.721,-0.838,5
-1.172,-0.683,-0.695,-0.503,-0.367,-0.278,-0.663,-0.477,-0.403,-0.716,-1.172,-0.737,-0.56,-0.693,-0.536,-0.61,-0.862,-0.617,-0.59,-0.675,-1.172,-0.837,-0.927,-0.723,-0.646,-0.526,-0.882,-0.731,-0.668,-1.01,-1.172,-0.661,-0.449,-0.657,-0.47,-0.553,-0.829,-0.551,-0.511,-0.542,5
-1.169,-0.701,-0.669,-0.547,-0.445,-0.377,-0.688,-0.502,-0.459,-0.705,-1.169,-0.752,-0.577,-0.717,-0.562,-0.63,-0.886,-0.658,-0.644,-0.729,-1.169,-0.873,-0.936,-0.74,-0.688,-0.601,-0.872,-0.756,-0.697,-0.955,-1.169,-0.754,-0.579,-0.728,-0.58,-0.645,-0.907,-0.68,-0.653,-0.716,5
-1.086,-0.685,-0.772,-0.547,-0.431,-0.321,-0.688,-0.528,-0.487,-0.854,-1.086,-0.73,-0.693,-0.704,-0.594,-0.655,-0.879,-0.685,-0.658,-0.805,-1.086,-0.79,-0.99,-0.676,-0.648,-0.508,-0.804,-0.694,-0.641,-1.004,-1.086,-0.666,-0.638,-0.622,-0.527,-0.619,-0.791,-0.598,-0.575,-0.709,5
-1.213,-0.725,-0.685,-0.559,-0.431,-0.345,-0.737,-0.515,-0.427,-0.693,-1.213,-0.827,-0.661,-0.773,-0.623,-0.648,-0.948,-0.71,-0.678,-0.759,-1.213,-0.863,-0.947,-0.734,-0.656,-0.554,-0.879,-0.728,-0.672,-0.974,-1.213,-0.715,-0.495,-0.676,-0.475,-0.556,-0.849,-0.563,-0.529,-0.62,5
-1.091,-0.724,-0.84,-0.604,-0.513,-0.42,-0.727,-0.567,-0.528,-0.883,-1.091,-0.763,-0.669,-0.731,-0.582,-0.627,-0.895,-0.673,-0.644,-0.783,-1.091,-0.804,-0.915,-0.695,-0.634,-0.515,-0.816,-0.675,-0.61,-0.906,-1.091,-0.698,-0.648,-0.668,-0.564,-0.64,-0.841,-0.646,-0.628,-0.761,5
-0.596,-0.314,-0.573,-0.198,-0.245,-0.204,-0.317,-0.262,-0.223,-0.511,-0.596,-0.385,-0.475,-0.355,-0.37,-0.452,-0.53,-0.461,-0.458,-0.634,-0.596,-0.398,-0.63,-0.338,-0.386,-0.349,-0.445,-0.425,-0.458,-0.79,-0.596,-0.303,-0.396,-0.33,-0.346,-0.505,-0.526,-0.446,-0.501,-0.678,5
-1.07,-0.618,-0.664,-0.486,-0.4,-0.33,-0.619,-0.444,-0.406,-0.697,-1.07,-0.646,-0.473,-0.639,-0.478,-0.557,-0.804,-0.556,-0.535,-0.601,-1.07,-0.799,-0.958,-0.659,-0.624,-0.468,-0.787,-0.689,-0.608,-0.919,-1.07,-0.685,-0.526,-0.685,-0.521,-0.608,-0.865,-0.615,-0.591,-0.626,5
-1.012,-0.572,-0.65,-0.387,-0.346,-0.241,-0.555,-0.436,-0.344,-0.685,-1.012,-0.642,-0.356,-0.622,-0.389,-0.423,-0.788,-0.506,-0.465,-0.505,-1.012,-0.827,-0.956,-0.682,-0.677,-0.549,-0.765,-0.709,-0.637,-0.886,-1.012,-0.661,-0.499,-0.612,-0.448,-0.502,-0.786,-0.549,-0.518,-0.618,5
-1.013,-0.533,-0.522,-0.341,-0.23,-0.087,-0.503,-0.313,-0.208,-0.502,-1.013,-0.585,-0.196,-0.56,-0.323,-0.345,-0.714,-0.415,-0.376,-0.344,-1.013,-0.804,-0.909,-0.636,-0.638,-0.488,-0.758,-0.703,-0.614,-0.881,-1.013,-0.65,-0.407,-0.642,-0.431,-0.475,-0.827,-0.563,-0.532,-0.596,5
-1.181,-0.826,-0.911,-0.714,-0.64,-0.552,-0.839,-0.68,-0.623,-0.885,-1.181,-0.899,-0.893,-0.863,-0.806,-0.846,-1.017,-0.89,-0.882,-1.022,-1.181,-0.964,-1.058,-0.86,-0.817,-0.733,-0.953,-0.858,-0.815,-1.05,-1.181,-0.811,-0.659,-0.759,-0.601,-0.651,-0.921,-0.695,-0.674,-0.797,5
-1.156,-0.669,-0.805,-0.556,-0.473,-0.391,-0.715,-0.552,-0.523,-0.92,-1.156,-0.83,-0.825,-0.792,-0.696,-0.735,-0.968,-0.794,-0.77,-0.939,-1.156,-0.919,-1.12,-0.818,-0.806,-0.665,-0.926,-0.842,-0.799,-1.142,-1.156,-0.701,-0.555,-0.676,-0.517,-0.579,-0.83,-0.586,-0.542,-0.606,5
-1.065,-0.633,-0.745,-0.51,-0.429,-0.316,-0.659,-0.496,-0.434,-0.761,-1.065,-0.712,-0.69,-0.71,-0.603,-0.712,-0.903,-0.716,-0.726,-0.893,-1.065,-0.729,-0.945,-0.601,-0.571,-0.444,-0.754,-0.662,-0.628,-1.034,-1.065,-0.568,-0.442,-0.588,-0.446,-0.555,-0.751,-0.534,-0.522,-0.574,5
-1.141,-0.725,-0.752,-0.579,-0.489,-0.383,-0.734,-0.562,-0.471,-0.736,-1.141,-0.811,-0.695,-0.781,-0.649,-0.66,-0.96,-0.761,-0.699,-0.784,-1.141,-0.909,-1.037,-0.768,-0.771,-0.656,-0.885,-0.835,-0.753,-1.012,-1.141,-0.74,-0.478,-0.721,-0.506,-0.56,-0.9,-0.62,-0.592,-0.651,5
-1.295,-0.88,-0.824,-0.719,-0.561,-0.487,-0.888,-0.676,-0.599,-0.874,-1.295,-0.951,-0.777,-0.883,-0.716,-0.73,-1.048,-0.821,-0.782,-0.886,-1.295,-0.926,-0.954,-0.76,-0.641,-0.501,-0.918,-0.742,-0.645,-0.958,-1.295,-0.807,-0.58,-0.726,-0.531,-0.581,-0.892,-0.619,-0.571,-0.661,5
-1.147,-0.677,-0.765,-0.515,-0.42,-0.311,-0.697,-0.551,-0.473,-0.847,-1.147,-0.756,-0.6,-0.7,-0.541,-0.593,-0.882,-0.64,-0.605,-0.73,-1.147,-0.817,-0.96,-0.692,-0.648,-0.511,-0.829,-0.706,-0.642,-0.997,-1.147,-0.658,-0.446,-0.651,-0.45,-0.527,-0.803,-0.529,-0.474,-0.507,5
-1.258,-0.777,-0.754,-0.601,-0.477,-0.373,-0.78,-0.559,-0.453,-0.741,-1.258,-0.89,-0.694,-0.821,-0.643,-0.645,-0.986,-0.738,-0.686,-0.77,-1.258,-0.935,-0.972,-0.785,-0.675,-0.544,-0.916,-0.753,-0.674,-0.951,-1.258,-0.742,-0.47,-0.692,-0.474,-0.542,-0.862,-0.558,-0.524,-0.572,5
-1.184,-0.782,-0.894,-0.667,-0.577,-0.49,-0.798,-0.636,-0.603,-0.957,-1.184,-0.854,-0.823,-0.814,-0.704,-0.749,-0.986,-0.804,-0.787,-0.973,-1.184,-0.926,-1.076,-0.814,-0.773,-0.663,-0.919,-0.812,-0.77,-1.076,-1.184,-0.798,-0.7,-0.755,-0.611,-0.67,-0.921,-0.689,-0.658,-0.773,5
-1.176,-0.737,-0.717,-0.615,-0.486,-0.411,-0.784,-0.578,-0.521,-0.792,-1.176,-0.801,-0.704,-0.755,-0.628,-0.663,-0.934,-0.736,-0.692,-0.809,-1.176,-0.918,-1.042,-0.781,-0.744,-0.604,-0.921,-0.822,-0.743,-1.04,-1.176,-0.77,-0.668,-0.708,-0.579,-0.622,-0.871,-0.669,-0.616,-0.723,5
-1.241,-0.688,-0.697,-0.514,-0.392,-0.282,-0.693,-0.485,-0.397,-0.702,-1.241,-0.816,-0.721,-0.738,-0.615,-0.664,-0.91,-0.7,-0.641,-0.756,-1.241,-0.907,-0.976,-0.711,-0.615,-0.435,-0.867,-0.709,-0.596,-0.921,-1.241,-0.71,-0.465,-0.66,-0.439,-0.501,-0.81,-0.504,-0.453,-0.465,5
-1.264,-0.891,-0.941,-0.756,-0.663,-0.57,-0.9,-0.743,-0.682,-0.969,-1.264,-0.938,-0.892,-0.868,-0.773,-0.787,-1.029,-0.871,-0.828,-0.977,-1.264,-1.016,-1.064,-0.88,-0.799,-0.679,-0.992,-0.872,-0.802,-1.035,-1.264,-0.849,-0.762,-0.8,-0.649,-0.69,-0.959,-0.733,-0.686,-0.8,5
-1.364,-0.988,-0.985,-0.846,-0.72,-0.611,-0.983,-0.807,-0.74,-1.001,-1.364,-0.991,-0.838,-0.92,-0.756,-0.756,-1.081,-0.853,-0.79,-0.893,-1.364,-0.983,-0.985,-0.85,-0.705,-0.573,-1.018,-0.81,-0.726,-1.039,-1.364,-0.896,-0.738,-0.83,-0.657,-0.702,-1.011,-0.743,-0.69,-0.8,5
-1.414,-1.057,-1.018,-0.925,-0.78,-0.686,-1.068,-0.868,-0.795,-1.05,-1.414,-1.08,-0.937,-1.001,-0.851,-0.852,-1.158,-0.958,-0.906,-1.032,-1.414,-1.079,-1.087,-0.925,-0.806,-0.663,-1.077,-0.91,-0.809,-1.095,-1.414,-0.953,-0.753,-0.873,-0.662,-0.693,-1.04,-0.754,-0.698,-0.813,5
-1.337,-0.854,-0.757,-0.712,-0.527,-0.462,-0.918,-0.65,-0.565,-0.835,-1.337,-0.938,-0.739,-0.889,-0.685,-0.709,-1.07,-0.8,-0.757,-0.862,-1.337,-1.09,-1.1,-0.962,-0.862,-0.736,-1.08,-0.926,-0.849,-1.077,-1.337,-0.927,-0.689,-0.83,-0.634,-0.644,-0.989,-0.729,-0.669,-0.752,5
-1.359,-0.955,-0.936,-0.765,-0.625,-0.479,-0.931,-0.736,-0.624,-0.928,-1.359,-0.963,-0.887,-0.873,-0.759,-0.766,-1.033,-0.846,-0.777,-0.915,-1.359,-1.046,-1.068,-0.902,-0.8,-0.667,-1.047,-0.888,-0.791,-1.058,-1.359,-0.895,-0.702,-0.824,-0.62,-0.662,-1.002,-0.722,-0.664,-0.775,5
-1.098,-0.605,-0.771,-0.43,-0.361,-0.174,-0.599,-0.465,-0.372,-0.808,-1.098,-0.719,-0.511,-0.664,-0.477,-0.525,-0.819,-0.562,-0.54,-0.638,-1.098,-0.78,-0.897,-0.634,-0.594,-0.486,-0.767,-0.648,-0.571,-0.877,-1.098,-0.588,-0.443,-0.585,-0.442,-0.548,-0.733,-0.508,-0.459,-0.489,5
-1.083,-0.663,-0.551,-0.518,-0.373,-0.309,-0.652,-0.425,-0.357,-0.542,-1.083,-0.744,-0.55,-0.695,-0.539,-0.558,-0.855,-0.634,-0.585,-0.645,-1.083,-0.854,-0.946,-0.703,-0.652,-0.511,-0.817,-0.727,-0.639,-0.913,-1.083,-0.703,-0.453,-0.662,-0.446,-0.475,-0.827,-0.554,-0.504,-0.562,5
-1.156,-0.71,-0.75,-0.528,-0.447,-0.357,-0.703,-0.547,-0.441,-0.713,-1.156,-0.754,-0.575,-0.702,-0.55,-0.634,-0.866,-0.637,-0.622,-0.709,-1.156,-0.812,-0.91,-0.642,-0.577,-0.414,-0.818,-0.675,-0.568,-0.896,-1.156,-0.691,-0.496,-0.606,-0.433,-0.461,-0.779,-0.522,-0.443,-0.529,5
-1.222,-0.744,-0.692,-0.581,-0.414,-0.328,-0.781,-0.541,-0.454,-0.753,-1.222,-0.829,-0.655,-0.764,-0.576,-0.604,-0.929,-0.672,-0.636,-0.747,-1.222,-0.957,-0.965,-0.809,-0.701,-0.558,-0.937,-0.782,-0.71,-0.977,-1.222,-0.823,-0.624,-0.713,-0.545,-0.543,-0.86,-0.624,-0.557,-0.648,5
-1.186,-0.675,-0.689,-0.533,-0.413,-0.335,-0.71,-0.509,-0.458,-0.779,-1.186,-0.761,-0.671,-0.717,-0.602,-0.674,-0.896,-0.703,-0.68,-0.807,-1.186,-0.857,-0.94,-0.718,-0.661,-0.55,-0.855,-0.726,-0.653,-0.942,-1.186,-0.707,-0.512,-0.647,-0.456,-0.517,-0.809,-0.539,-0.493,-0.564,5
-1.181,-0.754,-0.736,-0.611,-0.487,-0.413,-0.77,-0.58,-0.529,-0.78,-1.181,-0.808,-0.667,-0.764,-0.618,-0.658,-0.935,-0.726,-0.696,-0.792,-1.181,-0.878,-0.94,-0.738,-0.668,-0.554,-0.869,-0.725,-0.64,-0.904,-1.181,-0.741,-0.523,-0.687,-0.5,-0.562,-0.852,-0.594,-0.565,-0.658,5
-1.017,-0.593,-0.681,-0.421,-0.384,-0.273,-0.585,-0.462,-0.365,-0.698,-1.017,-0.643,-0.355,-0.63,-0.39,-0.429,-0.801,-0.508,-0.466,-0.506,-1.017,-0.818,-0.938,-0.674,-0.66,-0.537,-0.763,-0.699,-0.629,-0.885,-1.017,-0.668,-0.515,-0.621,-0.465,-0.515,-0.794,-0.566,-0.534,-0.637,5
-1.212,-0.813,-0.86,-0.656,-0.548,-0.427,-0.809,-0.628,-0.538,-0.837,-1.212,-0.841,-0.791,-0.776,-0.676,-0.704,-0.944,-0.765,-0.704,-0.84,-1.212,-0.882,-1.005,-0.718,-0.662,-0.478,-0.867,-0.75,-0.644,-0.997,-1.212,-0.741,-0.571,-0.694,-0.501,-0.565,-0.866,-0.59,-0.548,-0.646,5
-1.218,-0.885,-0.956,-0.777,-0.687,-0.609,-0.894,-0.746,-0.713,-1.005,-1.218,-0.914,-0.892,-0.881,-0.79,-0.834,-1.035,-0.876,-0.868,-1.029,-1.218,-0.971,-1.092,-0.86,-0.806,-0.674,-0.97,-0.863,-0.811,-1.1,-1.218,-0.827,-0.778,-0.776,-0.636,-0.683,-0.939,-0.719,-0.678,-0.816,5
-1.01,-0.674,-0.891,-0.567,-0.583,-0.513,-0.707,-0.61,-0.569,-0.912,-1.01,-0.691,-0.713,-0.642,-0.579,-0.634,-0.807,-0.659,-0.641,-0.806,-1.01,-0.722,-0.789,-0.601,-0.515,-0.423,-0.724,-0.578,-0.541,-0.832,-1.01,-0.634,-0.614,-0.61,-0.532,-0.657,-0.769,-0.607,-0.617,-0.774,5
-1.055,-0.694,-0.784,-0.573,-0.51,-0.436,-0.714,-0.585,-0.544,-0.87,-1.055,-0.737,-0.713,-0.725,-0.641,-0.731,-0.909,-0.753,-0.758,-0.914,-1.055,-0.753,-0.892,-0.644,-0.612,-0.54,-0.784,-0.673,-0.649,-0.97,-1.055,-0.657,-0.528,-0.656,-0.528,-0.607,-0.826,-0.618,-0.603,-0.666,5
-1.181,-0.903,-0.928,-0.797,-0.708,-0.642,-0.903,-0.759,-0.715,-0.939,-1.181,-0.868,-0.848,-0.815,-0.729,-0.758,-0.967,-0.814,-0.791,-0.941,-1.181,-0.902,-1.023,-0.786,-0.735,-0.613,-0.904,-0.792,-0.736,-1.039,-1.181,-0.847,-0.737,-0.778,-0.638,-0.65,-0.936,-0.736,-0.694,-0.83,5
-1.075,-0.603,-0.771,-0.472,-0.422,-0.356,-0.648,-0.524,-0.473,-0.824,-1.075,-0.693,-0.568,-0.663,-0.533,-0.643,-0.859,-0.636,-0.634,-0.763,-1.075,-0.75,-0.908,-0.627,-0.617,-0.524,-0.758,-0.654,-0.603,-0.909,-1.075,-0.613,-0.451,-0.614,-0.472,-0.532,-0.764,-0.553,-0.5,-0.539,5
-1.097,-0.781,-0.869,-0.653,-0.57,-0.47,-0.759,-0.622,-0.572,-0.847,-1.097,-0.781,-0.839,-0.744,-0.706,-0.769,-0.908,-0.791,-0.778,-0.958,-1.097,-0.812,-0.989,-0.697,-0.679,-0.565,-0.829,-0.733,-0.688,-1.02,-1.097,-0.698,-0.572,-0.66,-0.501,-0.551,-0.837,-0.598,-0.561,-0.685,5
-1.081,-0.716,-0.854,-0.614,-0.572,-0.515,-0.753,-0.618,-0.589,-0.902,-1.081,-0.788,-0.77,-0.746,-0.664,-0.725,-0.905,-0.75,-0.743,-0.898,-1.081,-0.847,-0.868,-0.759,-0.68,-0.634,-0.868,-0.739,-0.709,-0.925,-1.081,-0.745,-0.661,-0.7,-0.589,-0.652,-0.86,-0.678,-0.672,-0.814,5
-1.306,-0.712,-0.7,-0.519,-0.379,-0.268,-0.743,-0.524,-0.42,-0.75,-1.306,-0.805,-0.657,-0.731,-0.576,-0.651,-0.895,-0.653,-0.597,-0.671,-1.306,-0.986,-1.03,-0.797,-0.697,-0.531,-0.952,-0.789,-0.679,-0.972,-1.306,-0.775,-0.568,-0.7,-0.515,-0.596,-0.85,-0.571,-0.527,-0.577,5
-1.157,-0.803,-0.815,-0.682,-0.578,-0.52,-0.819,-0.674,-0.643,-0.959,-1.157,-0.791,-0.722,-0.746,-0.641,-0.674,-0.92,-0.737,-0.692,-0.805,-1.157,-0.785,-0.945,-0.647,-0.597,-0.476,-0.8,-0.66,-0.603,-0.977,-1.157,-0.77,-0.547,-0.743,-0.566,-0.584,-0.903,-0.641,-0.584,-0.609,5
-1.026,-0.682,-0.797,-0.567,-0.485,-0.394,-0.665,-0.517,-0.478,-0.769,-1.026,-0.755,-0.667,-0.747,-0.615,-0.662,-0.909,-0.713,-0.699,-0.831,-1.026,-0.81,-0.951,-0.715,-0.701,-0.629,-0.795,-0.711,-0.678,-0.9,-1.026,-0.637,-0.54,-0.652,-0.512,-0.611,-0.827,-0.603,-0.583,-0.686,5
-1.107,-0.589,-0.652,-0.43,-0.37,-0.31,-0.594,-0.451,-0.397,-0.673,-1.107,-0.724,-0.565,-0.686,-0.536,-0.57,-0.859,-0.645,-0.589,-0.657,-1.107,-0.853,-0.964,-0.74,-0.686,-0.57,-0.852,-0.729,-0.668,-0.912,-1.107,-0.659,-0.455,-0.652,-0.467,-0.577,-0.824,-0.552,-0.536,-0.574,5
-1.067,-0.651,-0.738,-0.509,-0.466,-0.388,-0.64,-0.526,-0.473,-0.754,-1.067,-0.766,-0.712,-0.734,-0.642,-0.704,-0.904,-0.747,-0.723,-0.859,-1.067,-0.869,-1.012,-0.738,-0.726,-0.604,-0.837,-0.771,-0.708,-0.982,-1.067,-0.691,-0.456,-0.662,-0.491,-0.528,-0.824,-0.587,-0.554,-0.597,5
-1.173,-0.795,-0.876,-0.678,-0.602,-0.498,-0.811,-0.669,-0.627,-0.948,-1.173,-0.866,-0.855,-0.816,-0.742,-0.781,-0.978,-0.831,-0.812,-0.963,-1.173,-0.908,-1.072,-0.783,-0.763,-0.607,-0.918,-0.831,-0.753,-1.097,-1.173,-0.787,-0.649,-0.733,-0.58,-0.605,-0.903,-0.676,-0.614,-0.707,5
-0.863,-0.565,-0.778,-0.423,-0.466,-0.396,-0.524,-0.49,-0.446,-0.726,-0.863,-0.605,-0.675,-0.54,-0.544,-0.599,-0.695,-0.626,-0.607,-0.773,-0.863,-0.648,-0.819,-0.586,-0.597,-0.542,-0.697,-0.636,-0.636,-0.919,-0.863,-0.559,-0.612,-0.574,-0.541,-0.659,-0.766,-0.64,-0.659,-0.826,5
-1.061,-0.579,-0.545,-0.408,-0.297,-0.26,-0.576,-0.425,-0.359,-0.639,-1.061,-0.647,-0.387,-0.633,-0.435,-0.513,-0.787,-0.53,-0.505,-0.537,-1.061,-0.81,-0.899,-0.683,-0.646,-0.564,-0.778,-0.68,-0.64,-0.887,-1.061,-0.654,-0.476,-0.627,-0.488,-0.541,-0.798,-0.582,-0.548,-0.607,5
-1.295,-0.905,-0.94,-0.759,-0.649,-0.513,-0.9,-0.71,-0.63,-0.92,-1.295,-0.874,-0.738,-0.792,-0.633,-0.651,-0.955,-0.712,-0.641,-0.743,-1.295,-0.917,-0.961,-0.755,-0.638,-0.467,-0.931,-0.746,-0.631,-0.977,-1.295,-0.856,-0.725,-0.801,-0.634,-0.664,-0.977,-0.731,-0.674,-0.792,5
-1.02,-0.597,-0.756,-0.446,-0.415,-0.317,-0.604,-0.489,-0.433,-0.765,-1.02,-0.655,-0.563,-0.624,-0.508,-0.565,-0.804,-0.606,-0.568,-0.658,-1.02,-0.644,-0.825,-0.511,-0.496,-0.351,-0.659,-0.54,-0.468,-0.845,-1.02,-0.54,-0.303,-0.55,-0.347,-0.453,-0.714,-0.43,-0.408,-0.457,5
-0.99,-0.521,-0.682,-0.291,-0.304,-0.199,-0.46,-0.425,-0.312,-0.662,-0.99,-0.528,-0.278,-0.538,-0.347,-0.486,-0.662,-0.405,-0.405,-0.396,-0.99,-0.657,-0.839,-0.499,-0.489,-0.359,-0.649,-0.531,-0.458,-0.776,-0.99,-0.551,-0.388,-0.561,-0.422,-0.518,-0.732,-0.492,-0.472,-0.518,5
-1.124,-0.692,-0.853,-0.552,-0.487,-0.342,-0.698,-0.559,-0.477,-0.812,-1.124,-0.78,-0.709,-0.75,-0.631,-0.68,-0.923,-0.725,-0.696,-0.824,-1.124,-0.872,-1.024,-0.77,-0.734,-0.648,-0.874,-0.768,-0.74,-1.036,-1.124,-0.697,-0.477,-0.68,-0.486,-0.547,-0.851,-0.587,-0.548,-0.617,5
-1.241,-0.79,-0.817,-0.647,-0.525,-0.415,-0.818,-0.613,-0.53,-0.85,-1.241,-0.882,-0.721,-0.819,-0.645,-0.671,-0.991,-0.753,-0.702,-0.816,-1.241,-0.88,-0.915,-0.711,-0.592,-0.462,-0.858,-0.691,-0.612,-0.911,-1.241,-0.73,-0.42,-0.675,-0.432,-0.482,-0.833,-0.517,-0.482,-0.506,5
-1.246,-0.857,-0.874,-0.707,-0.587,-0.472,-0.853,-0.68,-0.609,-0.92,-1.246,-0.859,-0.663,-0.788,-0.593,-0.607,-0.95,-0.689,-0.638,-0.746,-1.246,-0.884,-0.962,-0.734,-0.638,-0.512,-0.9,-0.744,-0.671,-1.025,-1.246,-0.822,-0.634,-0.765,-0.595,-0.654,-0.941,-0.69,-0.642,-0.722,5
-1.199,-0.86,-0.867,-0.772,-0.669,-0.611,-0.898,-0.736,-0.702,-0.936,-1.199,-0.904,-0.841,-0.861,-0.743,-0.764,-1.019,-0.839,-0.809,-0.946,-1.199,-0.944,-1.058,-0.842,-0.799,-0.702,-0.952,-0.845,-0.804,-1.084,-1.199,-0.86,-0.647,-0.812,-0.614,-0.623,-0.974,-0.734,-0.69,-0.786,5
-1.172,-0.756,-0.793,-0.567,-0.483,-0.386,-0.736,-0.583,-0.489,-0.778,-1.172,-0.797,-0.614,-0.721,-0.565,-0.615,-0.881,-0.647,-0.621,-0.707,-1.172,-0.793,-0.932,-0.594,-0.534,-0.347,-0.785,-0.647,-0.514,-0.883,-1.172,-0.69,-0.499,-0.627,-0.481,-0.521,-0.785,-0.552,-0.488,-0.529,5
-1.239,-0.785,-0.711,-0.625,-0.456,-0.375,-0.789,-0.551,-0.467,-0.734,-1.239,-0.818,-0.642,-0.756,-0.571,-0.598,-0.927,-0.673,-0.618,-0.714,-1.239,-0.932,-0.969,-0.761,-0.656,-0.505,-0.903,-0.737,-0.622,-0.91,-1.239,-0.812,-0.6,-0.724,-0.534,-0.539,-0.884,-0.614,-0.552,-0.644,5
-1.165,-0.634,-0.628,-0.447,-0.348,-0.246,-0.637,-0.432,-0.319,-0.625,-1.165,-0.762,-0.613,-0.718,-0.58,-0.625,-0.906,-0.678,-0.654,-0.735,-1.165,-0.805,-0.944,-0.683,-0.644,-0.555,-0.83,-0.703,-0.648,-0.961,-1.165,-0.623,-0.416,-0.593,-0.402,-0.55,-0.758,-0.471,-0.468,-0.559,5
-1.238,-0.818,-0.809,-0.652,-0.523,-0.45,-0.811,-0.622,-0.557,-0.846,-1.238,-0.873,-0.713,-0.799,-0.648,-0.677,-0.965,-0.754,-0.729,-0.846,-1.238,-0.855,-0.906,-0.667,-0.576,-0.411,-0.852,-0.698,-0.571,-0.902,-1.238,-0.754,-0.542,-0.672,-0.512,-0.556,-0.835,-0.588,-0.532,-0.598,5
-1.142,-0.649,-0.768,-0.493,-0.408,-0.261,-0.672,-0.514,-0.428,-0.813,-1.142,-0.761,-0.652,-0.725,-0.594,-0.646,-0.904,-0.701,-0.679,-0.811,-1.142,-0.831,-0.939,-0.723,-0.675,-0.58,-0.844,-0.725,-0.671,-0.949,-1.142,-0.671,-0.462,-0.633,-0.432,-0.475,-0.793,-0.513,-0.451,-0.491,5
-1.189,-0.811,-0.97,-0.673,-0.616,-0.505,-0.806,-0.68,-0.634,-0.985,-1.189,-0.841,-0.797,-0.804,-0.701,-0.752,-0.982,-0.801,-0.791,-0.943,-1.189,-0.943,-1.099,-0.829,-0.798,-0.673,-0.962,-0.866,-0.795,-1.059,-1.189,-0.786,-0.775,-0.776,-0.674,-0.775,-0.957,-0.77,-0.744,-0.888,5
-1.334,-1.034,-1.024,-0.934,-0.801,-0.725,-1.055,-0.871,-0.826,-1.063,-1.334,-1.052,-0.953,-1.008,-0.869,-0.896,-1.159,-0.97,-0.956,-1.112,-1.334,-1.089,-1.106,-0.989,-0.887,-0.801,-1.096,-0.952,-0.905,-1.131,-1.334,-1.003,-0.893,-0.926,-0.778,-0.771,-1.07,-0.866,-0.81,-0.941,5
-1.173,-0.542,-0.411,-0.359,-0.167,-0.108,-0.531,-0.242,-0.166,-0.422,-1.173,-0.746,-0.57,-0.703,-0.535,-0.605,-0.875,-0.63,-0.606,-0.703,-1.173,-0.799,-0.845,-0.638,-0.545,-0.43,-0.828,-0.663,-0.57,-0.876,-1.173,-0.559,-0.269,-0.557,-0.324,-0.463,-0.685,-0.368,-0.358,-0.34,5
-1.117,-0.662,-0.764,-0.521,-0.457,-0.34,-0.677,-0.518,-0.453,-0.789,-1.117,-0.754,-0.669,-0.699,-0.591,-0.631,-0.872,-0.686,-0.65,-0.776,-1.117,-0.835,-0.937,-0.714,-0.665,-0.568,-0.829,-0.702,-0.638,-0.902,-1.117,-0.691,-0.485,-0.654,-0.462,-0.516,-0.821,-0.56,-0.52,-0.598,5
-1.089,-0.725,-0.838,-0.625,-0.55,-0.471,-0.773,-0.622,-0.585,-0.906,-1.089,-0.792,-0.733,-0.756,-0.658,-0.704,-0.937,-0.765,-0.748,-0.895,-1.089,-0.828,-1.001,-0.694,-0.68,-0.57,-0.82,-0.74,-0.681,-0.981,-1.089,-0.701,-0.65,-0.647,-0.525,-0.603,-0.794,-0.588,-0.563,-0.689,5
-1.311,-0.919,-0.918,-0.756,-0.615,-0.475,-0.907,-0.706,-0.61,-0.913,-1.311,-0.933,-0.864,-0.844,-0.719,-0.732,-0.996,-0.798,-0.731,-0.876,-1.311,-0.981,-1.059,-0.806,-0.725,-0.552,-0.961,-0.822,-0.708,-1.035,-1.311,-0.855,-0.665,-0.786,-0.577,-0.616,-0.954,-0.67,-0.616,-0.725,5
-1.074,-0.599,-0.651,-0.453,-0.385,-0.291,-0.622,-0.451,-0.376,-0.683,-1.074,-0.678,-0.493,-0.66,-0.506,-0.56,-0.854,-0.616,-0.594,-0.659,-1.074,-0.74,-0.939,-0.594,-0.602,-0.484,-0.722,-0.647,-0.573,-0.898,-1.074,-0.61,-0.385,-0.603,-0.402,-0.522,-0.759,-0.482,-0.475,-0.529,5
-1.135,-0.672,-0.664,-0.531,-0.374,-0.297,-0.686,-0.47,-0.412,-0.728,-1.135,-0.704,-0.561,-0.679,-0.499,-0.583,-0.857,-0.596,-0.561,-0.663,-1.135,-0.837,-0.941,-0.661,-0.598,-0.449,-0.821,-0.694,-0.582,-0.914,-1.135,-0.734,-0.621,-0.675,-0.557,-0.592,-0.836,-0.632,-0.581,-0.68,5
-1.346,-0.935,-0.937,-0.791,-0.665,-0.559,-0.94,-0.759,-0.688,-0.967,-1.346,-0.954,-0.783,-0.887,-0.711,-0.711,-1.056,-0.811,-0.742,-0.839,-1.346,-0.94,-0.965,-0.796,-0.65,-0.502,-0.973,-0.759,-0.667,-1.009,-1.346,-0.868,-0.704,-0.802,-0.639,-0.681,-0.976,-0.715,-0.666,-0.76,5
-1.129,-0.766,-0.848,-0.635,-0.553,-0.464,-0.76,-0.618,-0.578,-0.846,-1.129,-0.794,-0.738,-0.734,-0.626,-0.688,-0.899,-0.721,-0.696,-0.844,-1.129,-0.869,-1.047,-0.725,-0.715,-0.587,-0.845,-0.773,-0.71,-0.996,-1.129,-0.738,-0.679,-0.715,-0.601,-0.665,-0.877,-0.686,-0.652,-0.744,5
-1.029,-0.561,-0.766,-0.391,-0.383,-0.282,-0.571,-0.49,-0.421,-0.805,-1.029,-0.642,-0.521,-0.622,-0.53,-0.588,-0.798,-0.61,-0.589,-0.646,-1.029,-0.667,-0.858,-0.529,-0.515,-0.352,-0.683,-0.56,-0.481,-0.845,-1.029,-0.535,-0.377,-0.532,-0.399,-0.499,-0.687,-0.458,-0.418,-0.472,5
-1.295,-0.895,-0.929,-0.733,-0.615,-0.496,-0.886,-0.699,-0.607,-0.906,-1.295,-0.906,-0.848,-0.825,-0.71,-0.743,-0.984,-0.79,-0.726,-0.879,-1.295,-0.966,-1.072,-0.789,-0.723,-0.543,-0.943,-0.818,-0.703,-1.041,-1.295,-0.832,-0.672,-0.776,-0.589,-0.651,-0.948,-0.683,-0.646,-0.762,5
-1.316,-0.732,-0.619,-0.529,-0.337,-0.222,-0.751,-0.478,-0.362,-0.668,-1.316,-0.849,-0.594,-0.774,-0.537,-0.577,-0.953,-0.65,-0.597,-0.704,-1.316,-0.986,-0.976,-0.851,-0.713,-0.601,-1.0,-0.811,-0.734,-1.012,-1.316,-0.79,-0.507,-0.727,-0.483,-0.541,-0.894,-0.571,-0.511,-0.561,5
-1.036,-0.552,-0.585,-0.378,-0.274,-0.19,-0.546,-0.402,-0.336,-0.709,-1.036,-0.603,-0.452,-0.576,-0.455,-0.548,-0.734,-0.528,-0.517,-0.603,-1.036,-0.754,-0.922,-0.62,-0.611,-0.498,-0.741,-0.664,-0.608,-0.905,-1.036,-0.626,-0.501,-0.619,-0.504,-0.575,-0.778,-0.582,-0.55,-0.587,5
-1.126,-0.744,-0.863,-0.609,-0.544,-0.452,-0.722,-0.583,-0.538,-0.839,-1.126,-0.807,-0.817,-0.746,-0.688,-0.716,-0.897,-0.761,-0.734,-0.876,-1.126,-0.815,-1.006,-0.675,-0.652,-0.511,-0.833,-0.737,-0.682,-1.093,-1.126,-0.713,-0.541,-0.676,-0.511,-0.567,-0.85,-0.611,-0.57,-0.648,5
-0.985,-0.629,-0.857,-0.518,-0.504,-0.42,-0.638,-0.541,-0.511,-0.878,-0.985,-0.699,-0.716,-0.695,-0.64,-0.716,-0.872,-0.745,-0.757,-0.93,-0.985,-0.736,-0.98,-0.637,-0.656,-0.578,-0.741,-0.684,-0.674,-1.025,-0.985,-0.599,-0.548,-0.576,-0.471,-0.535,-0.746,-0.536,-0.501,-0.605,5
-1.173,-0.728,-0.824,-0.594,-0.493,-0.401,-0.742,-0.569,-0.513,-0.829,-1.173,-0.813,-0.696,-0.779,-0.62,-0.68,-0.954,-0.72,-0.695,-0.823,-1.173,-0.927,-1.058,-0.832,-0.786,-0.702,-0.94,-0.824,-0.791,-1.069,-1.173,-0.727,-0.562,-0.718,-0.545,-0.618,-0.896,-0.644,-0.603,-0.694,5
-1.052,-0.582,-0.742,-0.386,-0.357,-0.206,-0.563,-0.442,-0.324,-0.691,-1.052,-0.623,-0.425,-0.6,-0.402,-0.473,-0.765,-0.487,-0.453,-0.515,-1.052,-0.821,-0.938,-0.663,-0.632,-0.486,-0.762,-0.677,-0.584,-0.855,-1.052,-0.655,-0.525,-0.619,-0.484,-0.569,-0.79,-0.573,-0.553,-0.65,5
-1.226,-0.73,-0.712,-0.583,-0.443,-0.32,-0.762,-0.543,-0.476,-0.809,-1.226,-0.796,-0.696,-0.735,-0.601,-0.639,-0.914,-0.702,-0.654,-0.777,-1.226,-0.881,-0.97,-0.724,-0.645,-0.509,-0.892,-0.749,-0.663,-0.993,-1.226,-0.736,-0.593,-0.684,-0.518,-0.6,-0.841,-0.596,-0.554,-0.627,5
-1.104,-0.665,-0.78,-0.511,-0.436,-0.279,-0.672,-0.517,-0.428,-0.773,-1.104,-0.746,-0.584,-0.703,-0.555,-0.556,-0.874,-0.651,-0.609,-0.688,-1.104,-0.836,-0.943,-0.733,-0.697,-0.632,-0.85,-0.747,-0.709,-0.986,-1.104,-0.674,-0.553,-0.658,-0.5,-0.555,-0.828,-0.592,-0.532,-0.611,5
-1.058,-0.622,-0.708,-0.473,-0.419,-0.331,-0.606,-0.486,-0.437,-0.775,-1.058,-0.741,-0.655,-0.716,-0.627,-0.659,-0.893,-0.749,-0.706,-0.84,-1.058,-0.847,-1.056,-0.735,-0.752,-0.599,-0.841,-0.778,-0.693,-0.956,-1.058,-0.643,-0.412,-0.647,-0.472,-0.538,-0.804,-0.549,-0.503,-0.497,5
-1.165,-0.633,-0.604,-0.469,-0.332,-0.252,-0.67,-0.445,-0.38,-0.695,-1.165,-0.733,-0.672,-0.671,-0.584,-0.631,-0.854,-0.677,-0.634,-0.747,-1.165,-0.87,-1.036,-0.718,-0.701,-0.535,-0.881,-0.784,-0.682,-1.009,-1.165,-0.718,-0.62,-0.651,-0.529,-0.598,-0.819,-0.606,-0.556,-0.643,5
-0.999,-0.489,-0.494,-0.334,-0.187,-0.102,-0.534,-0.295,-0.218,-0.497,-0.999,-0.631,-0.484,-0.62,-0.435,-0.518,-0.79,-0.519,-0.496,-0.575,-0.999,-0.758,-0.914,-0.6,-0.59,-0.467,-0.704,-0.635,-0.556,-0.849,-0.999,-0.578,-0.447,-0.502,-0.379,-0.436,-0.629,-0.424,-0.369,-0.45,5
-1.088,-0.633,-0.762,-0.531,-0.449,-0.393,-0.679,-0.513,-0.481,-0.807,-1.088,-0.702,-0.518,-0.675,-0.489,-0.544,-0.85,-0.588,-0.552,-0.627,-1.088,-0.847,-0.984,-0.723,-0.706,-0.619,-0.823,-0.742,-0.708,-0.967,-1.088,-0.711,-0.582,-0.692,-0.558,-0.601,-0.855,-0.646,-0.604,-0.672,5
-1.131,-0.67,-0.673,-0.504,-0.379,-0.259,-0.649,-0.457,-0.365,-0.67,-1.131,-0.791,-0.723,-0.747,-0.647,-0.677,-0.913,-0.736,-0.69,-0.808,-1.131,-0.804,-0.861,-0.647,-0.562,-0.428,-0.796,-0.638,-0.552,-0.837,-1.131,-0.628,-0.378,-0.606,-0.401,-0.482,-0.769,-0.467,-0.445,-0.452,5
-1.053,-0.686,-0.816,-0.547,-0.521,-0.469,-0.697,-0.587,-0.551,-0.873,-1.053,-0.733,-0.609,-0.682,-0.549,-0.575,-0.861,-0.663,-0.637,-0.761,-1.053,-0.699,-0.796,-0.532,-0.462,-0.299,-0.71,-0.575,-0.469,-0.813,-1.053,-0.621,-0.355,-0.591,-0.393,-0.449,-0.76,-0.486,-0.452,-0.472,5
-0.948,-0.553,-0.754,-0.441,-0.414,-0.319,-0.582,-0.457,-0.423,-0.796,-0.948,-0.626,-0.591,-0.615,-0.513,-0.585,-0.785,-0.599,-0.584,-0.721,-0.948,-0.718,-0.888,-0.605,-0.581,-0.493,-0.711,-0.615,-0.57,-0.824,-0.948,-0.595,-0.41,-0.584,-0.428,-0.488,-0.736,-0.524,-0.504,-0.549,5
-1.366,-1.023,-0.983,-0.885,-0.74,-0.644,-1.02,-0.824,-0.751,-1.002,-1.366,-1.031,-0.898,-0.95,-0.802,-0.808,-1.104,-0.904,-0.855,-0.986,-1.366,-1.043,-1.054,-0.891,-0.78,-0.653,-1.033,-0.874,-0.781,-1.051,-1.366,-0.932,-0.742,-0.852,-0.66,-0.69,-1.016,-0.752,-0.706,-0.821,5
-1.05,-0.643,-0.751,-0.535,-0.462,-0.396,-0.666,-0.522,-0.506,-0.804,-1.05,-0.706,-0.637,-0.653,-0.535,-0.607,-0.818,-0.629,-0.61,-0.741,-1.05,-0.799,-0.989,-0.604,-0.584,-0.431,-0.723,-0.655,-0.584,-0.894,-1.05,-0.653,-0.576,-0.635,-0.519,-0.611,-0.78,-0.586,-0.57,-0.638,5
-1.293,-0.894,-0.902,-0.81,-0.663,-0.596,-0.966,-0.751,-0.712,-1.008,-1.293,-0.938,-0.839,-0.906,-0.747,-0.788,-1.085,-0.855,-0.828,-0.981,-1.293,-0.998,-1.065,-0.893,-0.803,-0.708,-1.018,-0.867,-0.82,-1.102,-1.293,-0.911,-0.765,-0.828,-0.648,-0.658,-0.973,-0.725,-0.665,-0.782,5
-1.043,-0.634,-0.839,-0.507,-0.456,-0.337,-0.647,-0.531,-0.497,-0.923,-1.043,-0.691,-0.687,-0.672,-0.599,-0.671,-0.841,-0.682,-0.663,-0.804,-1.043,-0.77,-0.941,-0.66,-0.642,-0.521,-0.77,-0.672,-0.623,-0.944,-1.043,-0.642,-0.572,-0.607,-0.488,-0.587,-0.768,-0.554,-0.539,-0.651,5
-1.214,-0.642,-0.601,-0.474,-0.295,-0.186,-0.646,-0.396,-0.318,-0.644,-1.214,-0.664,-0.366,-0.631,-0.383,-0.447,-0.794,-0.466,-0.423,-0.438,-1.214,-0.883,-0.87,-0.721,-0.603,-0.462,-0.876,-0.696,-0.605,-0.86,-1.214,-0.742,-0.481,-0.714,-0.482,-0.548,-0.884,-0.582,-0.542,-0.595,5
-0.805,-0.606,-0.819,-0.549,-0.606,-0.538,-0.646,-0.618,-0.587,-0.79,-0.805,-0.651,-0.703,-0.695,-0.68,-0.733,-0.867,-0.789,-0.786,-0.88,-0.805,-0.65,-0.886,-0.569,-0.628,-0.577,-0.659,-0.65,-0.639,-0.893,-0.805,-0.588,-0.462,-0.58,-0.449,-0.458,-0.74,-0.567,-0.529,-0.62,5
-1.135,-0.646,-0.754,-0.49,-0.398,-0.253,-0.666,-0.501,-0.421,-0.805,-1.135,-0.741,-0.598,-0.704,-0.547,-0.609,-0.881,-0.655,-0.635,-0.756,-1.135,-0.812,-0.903,-0.694,-0.624,-0.537,-0.819,-0.677,-0.624,-0.894,-1.135,-0.675,-0.459,-0.632,-0.43,-0.477,-0.786,-0.506,-0.446,-0.479,5
-1.174,-0.62,-0.727,-0.412,-0.332,-0.228,-0.616,-0.465,-0.373,-0.76,-1.174,-0.709,-0.513,-0.665,-0.52,-0.58,-0.833,-0.588,-0.555,-0.593,-1.174,-0.741,-0.871,-0.605,-0.551,-0.429,-0.773,-0.613,-0.551,-0.929,-1.174,-0.591,-0.423,-0.575,-0.42,-0.535,-0.726,-0.467,-0.43,-0.476,5
-0.968,-0.535,-0.618,-0.41,-0.372,-0.322,-0.554,-0.442,-0.395,-0.693,-0.968,-0.672,-0.538,-0.658,-0.52,-0.577,-0.838,-0.645,-0.612,-0.743,-0.968,-0.798,-0.987,-0.663,-0.676,-0.522,-0.743,-0.683,-0.599,-0.829,-0.968,-0.586,-0.277,-0.574,-0.394,-0.441,-0.713,-0.474,-0.446,-0.405,5
-1.265,-0.937,-0.965,-0.82,-0.707,-0.626,-0.94,-0.776,-0.734,-1.001,-1.265,-0.964,-0.913,-0.923,-0.813,-0.848,-1.082,-0.909,-0.889,-1.044,-1.265,-0.978,-1.057,-0.87,-0.78,-0.668,-0.997,-0.843,-0.787,-1.077,-1.265,-0.841,-0.699,-0.799,-0.619,-0.677,-0.975,-0.71,-0.67,-0.797,5
-1.273,-0.667,-0.689,-0.472,-0.347,-0.235,-0.696,-0.496,-0.407,-0.753,-1.273,-0.764,-0.576,-0.684,-0.511,-0.574,-0.853,-0.596,-0.535,-0.606,-1.273,-0.916,-0.968,-0.722,-0.621,-0.433,-0.896,-0.729,-0.608,-0.949,-1.273,-0.747,-0.533,-0.666,-0.497,-0.539,-0.83,-0.567,-0.509,-0.541,5
-1.058,-0.692,-0.833,-0.572,-0.507,-0.406,-0.695,-0.543,-0.5,-0.825,-1.058,-0.768,-0.714,-0.729,-0.621,-0.644,-0.882,-0.708,-0.677,-0.811,-1.058,-0.812,-0.981,-0.686,-0.665,-0.542,-0.797,-0.712,-0.657,-0.957,-1.058,-0.671,-0.566,-0.641,-0.498,-0.568,-0.804,-0.589,-0.549,-0.657,5
-1.384,-1.025,-1.012,-0.885,-0.758,-0.63,-1.025,-0.847,-0.769,-1.033,-1.384,-0.975,-0.772,-0.899,-0.696,-0.705,-1.063,-0.792,-0.722,-0.812,-1.384,-0.984,-1.002,-0.836,-0.699,-0.546,-1.002,-0.796,-0.692,-1.007,-1.384,-0.965,-0.854,-0.897,-0.757,-0.774,-1.075,-0.851,-0.787,-0.906,5
-1.149,-0.775,-0.747,-0.644,-0.5,-0.394,-0.783,-0.583,-0.515,-0.788,-1.149,-0.786,-0.629,-0.747,-0.578,-0.606,-0.926,-0.693,-0.652,-0.768,-1.149,-0.864,-0.954,-0.731,-0.683,-0.573,-0.878,-0.762,-0.684,-0.947,-1.149,-0.746,-0.561,-0.708,-0.528,-0.593,-0.884,-0.63,-0.592,-0.687,5
-1.281,-0.923,-0.861,-0.81,-0.647,-0.58,-0.948,-0.749,-0.707,-0.981,-1.281,-0.874,-0.719,-0.818,-0.642,-0.669,-0.991,-0.742,-0.688,-0.802,-1.281,-0.896,-0.978,-0.763,-0.667,-0.545,-0.923,-0.751,-0.681,-1.026,-1.281,-0.88,-0.675,-0.837,-0.657,-0.679,-1.002,-0.74,-0.682,-0.752,5
-1.118,-0.559,-0.768,-0.372,-0.376,-0.249,-0.552,-0.444,-0.346,-0.748,-1.118,-0.701,-0.539,-0.664,-0.538,-0.583,-0.835,-0.619,-0.586,-0.622,-1.118,-0.701,-0.852,-0.533,-0.496,-0.352,-0.692,-0.559,-0.479,-0.847,-1.118,-0.51,-0.299,-0.508,-0.324,-0.477,-0.651,-0.364,-0.361,-0.382,5
-1.213,-0.852,-0.916,-0.728,-0.645,-0.517,-0.854,-0.691,-0.621,-0.922,-1.213,-0.898,-0.728,-0.841,-0.663,-0.654,-0.996,-0.762,-0.702,-0.797,-1.213,-0.914,-1.005,-0.775,-0.704,-0.567,-0.905,-0.777,-0.699,-0.989,-1.213,-0.794,-0.583,-0.753,-0.54,-0.593,-0.924,-0.636,-0.589,-0.673,5
-1.235,-0.874,-0.938,-0.772,-0.685,-0.609,-0.902,-0.744,-0.708,-1.0,-1.235,-0.955,-0.912,-0.915,-0.828,-0.862,-1.073,-0.929,-0.915,-1.06,-1.235,-0.958,-1.045,-0.859,-0.802,-0.717,-0.99,-0.862,-0.814,-1.084,-1.235,-0.831,-0.737,-0.782,-0.658,-0.713,-0.946,-0.746,-0.708,-0.832,5
-1.074,-0.629,-0.546,-0.444,-0.289,-0.222,-0.629,-0.397,-0.29,-0.523,-1.074,-0.686,-0.5,-0.636,-0.459,-0.491,-0.815,-0.557,-0.521,-0.611,-1.074,-0.808,-0.873,-0.678,-0.599,-0.463,-0.8,-0.659,-0.584,-0.863,-1.074,-0.629,-0.383,-0.559,-0.334,-0.365,-0.734,-0.436,-0.386,-0.473,5
-1.186,-0.622,-0.686,-0.431,-0.312,-0.24,-0.622,-0.457,-0.392,-0.758,-1.186,-0.689,-0.5,-0.65,-0.478,-0.572,-0.822,-0.554,-0.518,-0.577,-1.186,-0.767,-0.886,-0.633,-0.559,-0.436,-0.802,-0.627,-0.562,-0.918,-1.186,-0.619,-0.451,-0.608,-0.439,-0.549,-0.765,-0.494,-0.45,-0.507,5
-1.257,-0.683,-0.508,-0.497,-0.312,-0.205,-0.664,-0.382,-0.27,-0.495,-1.257,-0.857,-0.655,-0.789,-0.599,-0.617,-0.95,-0.697,-0.652,-0.754,-1.257,-0.908,-0.899,-0.737,-0.621,-0.494,-0.891,-0.708,-0.617,-0.902,-1.257,-0.681,-0.356,-0.613,-0.352,-0.425,-0.764,-0.427,-0.381,-0.387,5
-1.265,-0.913,-0.923,-0.791,-0.665,-0.577,-0.916,-0.732,-0.676,-0.951,-1.265,-0.994,-0.935,-0.944,-0.841,-0.839,-1.088,-0.93,-0.889,-1.015,-1.265,-1.006,-1.074,-0.908,-0.848,-0.754,-1.01,-0.893,-0.832,-1.056,-1.265,-0.846,-0.672,-0.79,-0.604,-0.625,-0.945,-0.688,-0.639,-0.733,5
-1.006,-0.722,-0.837,-0.593,-0.558,-0.504,-0.704,-0.599,-0.56,-0.845,-1.006,-0.733,-0.609,-0.694,-0.572,-0.61,-0.861,-0.692,-0.681,-0.805,-1.006,-0.687,-0.822,-0.563,-0.516,-0.403,-0.715,-0.588,-0.533,-0.869,-1.006,-0.624,-0.53,-0.583,-0.452,-0.517,-0.753,-0.53,-0.493,-0.598,5
-1.152,-0.68,-0.841,-0.568,-0.52,-0.446,-0.728,-0.599,-0.569,-0.962,-1.152,-0.827,-0.819,-0.783,-0.692,-0.731,-0.963,-0.791,-0.76,-0.925,-1.152,-0.901,-1.128,-0.794,-0.79,-0.639,-0.904,-0.822,-0.777,-1.135,-1.152,-0.685,-0.538,-0.671,-0.508,-0.595,-0.825,-0.576,-0.543,-0.605,5
-1.175,-0.609,-0.567,-0.442,-0.295,-0.17,-0.617,-0.393,-0.293,-0.584,-1.175,-0.662,-0.273,-0.643,-0.364,-0.417,-0.789,-0.438,-0.404,-0.375,-1.175,-0.874,-0.867,-0.724,-0.629,-0.488,-0.857,-0.691,-0.609,-0.846,-1.175,-0.777,-0.444,-0.762,-0.488,-0.533,-0.922,-0.593,-0.553,-0.568,5
-1.322,-0.968,-1.022,-0.849,-0.766,-0.68,-1.0,-0.849,-0.789,-1.071,-1.322,-1.05,-0.943,-1.01,-0.89,-0.897,-1.162,-0.998,-0.972,-1.095,-1.322,-1.045,-1.106,-0.937,-0.855,-0.752,-1.057,-0.916,-0.859,-1.118,-1.322,-0.912,-0.777,-0.844,-0.689,-0.71,-1.01,-0.786,-0.731,-0.834,5
-1.087,-0.695,-0.793,-0.584,-0.492,-0.404,-0.721,-0.544,-0.495,-0.793,-1.087,-0.797,-0.732,-0.768,-0.657,-0.689,-0.933,-0.756,-0.728,-0.85,-1.087,-0.857,-1.062,-0.731,-0.734,-0.603,-0.83,-0.769,-0.713,-1.014,-1.087,-0.711,-0.553,-0.673,-0.509,-0.555,-0.831,-0.603,-0.559,-0.654,5
-1.252,-0.74,-0.663,-0.561,-0.367,-0.245,-0.729,-0.465,-0.368,-0.663,-1.252,-0.75,-0.459,-0.685,-0.44,-0.467,-0.85,-0.531,-0.471,-0.507,-1.252,-0.93,-0.917,-0.759,-0.635,-0.483,-0.903,-0.719,-0.615,-0.864,-1.252,-0.805,-0.525,-0.75,-0.511,-0.549,-0.916,-0.61,-0.555,-0.608,5
-1.221,-0.775,-0.838,-0.601,-0.541,-0.441,-0.754,-0.606,-0.514,-0.808,-1.221,-0.864,-0.705,-0.795,-0.638,-0.662,-0.955,-0.736,-0.685,-0.786,-1.221,-0.867,-0.902,-0.707,-0.589,-0.472,-0.855,-0.683,-0.612,-0.908,-1.221,-0.689,-0.392,-0.663,-0.411,-0.51,-0.829,-0.499,-0.479,-0.512,5
-1.291,-0.943,-0.979,-0.82,-0.728,-0.645,-0.961,-0.808,-0.755,-1.033,-1.291,-1.024,-0.924,-0.981,-0.867,-0.877,-1.124,-0.971,-0.952,-1.077,-1.291,-1.019,-1.086,-0.908,-0.835,-0.732,-1.024,-0.898,-0.851,-1.124,-1.291,-0.886,-0.763,-0.818,-0.673,-0.703,-0.984,-0.77,-0.724,-0.836,5
-1.362,-0.883,-0.883,-0.713,-0.563,-0.415,-0.899,-0.676,-0.568,-0.931,-1.362,-0.892,-0.855,-0.803,-0.699,-0.738,-0.972,-0.777,-0.717,-0.864,-1.362,-1.072,-1.078,-0.938,-0.832,-0.725,-1.067,-0.906,-0.838,-1.085,-1.362,-0.931,-0.715,-0.851,-0.636,-0.656,-1.018,-0.736,-0.68,-0.789,5
-1.016,-0.587,-0.711,-0.435,-0.383,-0.278,-0.596,-0.446,-0.372,-0.725,-1.016,-0.687,-0.614,-0.663,-0.538,-0.602,-0.849,-0.652,-0.627,-0.766,-1.016,-0.661,-0.843,-0.519,-0.468,-0.322,-0.673,-0.564,-0.494,-0.883,-1.016,-0.498,-0.288,-0.516,-0.337,-0.461,-0.671,-0.408,-0.409,-0.432,5
-1.325,-0.836,-0.703,-0.675,-0.492,-0.403,-0.871,-0.609,-0.497,-0.728,-1.325,-0.94,-0.737,-0.886,-0.683,-0.712,-1.071,-0.805,-0.755,-0.866,-1.325,-0.976,-0.975,-0.833,-0.69,-0.563,-0.99,-0.779,-0.689,-0.976,-1.325,-0.805,-0.485,-0.739,-0.48,-0.512,-0.906,-0.573,-0.511,-0.543,5
-1.151,-0.682,-0.82,-0.558,-0.476,-0.386,-0.697,-0.537,-0.498,-0.835,-1.151,-0.762,-0.652,-0.719,-0.566,-0.601,-0.891,-0.654,-0.603,-0.706,-1.151,-0.914,-1.036,-0.8,-0.768,-0.682,-0.894,-0.801,-0.768,-1.023,-1.151,-0.746,-0.582,-0.726,-0.552,-0.599,-0.887,-0.638,-0.594,-0.665,5
-1.017,-0.525,-0.566,-0.35,-0.255,-0.19,-0.511,-0.344,-0.317,-0.626,-1.017,-0.648,-0.519,-0.609,-0.479,-0.518,-0.783,-0.587,-0.546,-0.627,-1.017,-0.784,-0.954,-0.679,-0.673,-0.565,-0.786,-0.708,-0.656,-0.904,-1.017,-0.602,-0.409,-0.606,-0.422,-0.56,-0.778,-0.499,-0.504,-0.546,5
-1.16,-0.706,-0.798,-0.537,-0.445,-0.277,-0.73,-0.569,-0.462,-0.853,-1.16,-0.792,-0.723,-0.73,-0.603,-0.628,-0.907,-0.698,-0.648,-0.805,-1.16,-0.813,-0.882,-0.682,-0.576,-0.453,-0.837,-0.672,-0.604,-0.936,-1.16,-0.642,-0.423,-0.599,-0.396,-0.482,-0.761,-0.476,-0.438,-0.509,5
-0.748,-0.456,-0.483,-0.31,-0.258,-0.225,-0.459,-0.35,-0.31,-0.572,-0.748,-0.484,-0.168,-0.496,-0.27,-0.307,-0.682,-0.417,-0.391,-0.439,-0.748,-0.583,-0.74,-0.448,-0.503,-0.435,-0.522,-0.529,-0.497,-0.745,-0.748,-0.486,-0.3,-0.456,-0.324,-0.308,-0.625,-0.441,-0.399,-0.463,5
-0.98,-0.461,-0.651,-0.294,-0.251,-0.113,-0.466,-0.352,-0.275,-0.747,-0.98,-0.581,-0.408,-0.535,-0.376,-0.453,-0.691,-0.443,-0.432,-0.523,-0.98,-0.632,-0.815,-0.485,-0.456,-0.317,-0.645,-0.519,-0.425,-0.801,-0.98,-0.48,-0.324,-0.511,-0.353,-0.487,-0.647,-0.404,-0.388,-0.42,5
-1.22,-0.887,-0.901,-0.787,-0.668,-0.587,-0.915,-0.735,-0.684,-0.936,-1.22,-0.925,-0.808,-0.893,-0.738,-0.771,-1.051,-0.843,-0.819,-0.95,-1.22,-1.002,-1.068,-0.899,-0.846,-0.764,-0.997,-0.893,-0.84,-1.046,-1.22,-0.893,-0.706,-0.828,-0.642,-0.641,-0.979,-0.745,-0.692,-0.79,5
-1.066,-0.672,-0.817,-0.564,-0.537,-0.479,-0.688,-0.589,-0.573,-0.874,-1.066,-0.809,-0.851,-0.787,-0.754,-0.815,-0.945,-0.842,-0.842,-1.001,-1.066,-0.813,-1.03,-0.719,-0.733,-0.627,-0.834,-0.762,-0.725,-1.044,-1.066,-0.611,-0.451,-0.603,-0.423,-0.503,-0.781,-0.525,-0.493,-0.584,5
-1.156,-0.626,-0.789,-0.475,-0.399,-0.266,-0.701,-0.542,-0.445,-0.908,-1.156,-0.71,-0.645,-0.675,-0.562,-0.639,-0.868,-0.654,-0.619,-0.752,-1.156,-0.796,-0.891,-0.654,-0.569,-0.44,-0.822,-0.67,-0.595,-0.951,-1.156,-0.635,-0.432,-0.596,-0.407,-0.517,-0.743,-0.473,-0.449,-0.522,5
-1.13,-0.69,-0.814,-0.594,-0.523,-0.461,-0.728,-0.577,-0.559,-0.883,-1.13,-0.822,-0.826,-0.798,-0.721,-0.786,-0.967,-0.807,-0.799,-0.951,-1.13,-0.854,-1.08,-0.752,-0.755,-0.633,-0.882,-0.795,-0.75,-1.094,-1.13,-0.663,-0.58,-0.644,-0.506,-0.576,-0.812,-0.594,-0.551,-0.656,5
-1.263,-0.858,-0.847,-0.716,-0.582,-0.483,-0.875,-0.686,-0.627,-0.932,-1.263,-0.897,-0.713,-0.838,-0.654,-0.66,-1.003,-0.76,-0.711,-0.815,-1.263,-0.906,-0.962,-0.777,-0.664,-0.535,-0.928,-0.746,-0.668,-0.986,-1.263,-0.82,-0.643,-0.768,-0.608,-0.653,-0.93,-0.689,-0.64,-0.703,5
-1.126,-0.639,-0.59,-0.449,-0.308,-0.204,-0.623,-0.421,-0.323,-0.619,-1.126,-0.779,-0.679,-0.733,-0.609,-0.667,-0.91,-0.713,-0.669,-0.784,-1.126,-0.78,-0.908,-0.611,-0.547,-0.392,-0.789,-0.633,-0.528,-0.87,-1.126,-0.59,-0.297,-0.566,-0.334,-0.414,-0.739,-0.41,-0.381,-0.367,5
-1.201,-0.759,-0.788,-0.595,-0.489,-0.391,-0.753,-0.568,-0.487,-0.765,-1.201,-0.818,-0.666,-0.766,-0.608,-0.671,-0.94,-0.709,-0.685,-0.786,-1.201,-0.811,-0.987,-0.643,-0.597,-0.443,-0.818,-0.689,-0.593,-0.969,-1.201,-0.658,-0.451,-0.645,-0.449,-0.544,-0.804,-0.53,-0.495,-0.517,5
-1.29,-0.885,-0.91,-0.768,-0.637,-0.539,-0.92,-0.719,-0.651,-0.959,-1.29,-0.942,-0.864,-0.888,-0.759,-0.785,-1.054,-0.856,-0.819,-0.966,-1.29,-1.069,-1.109,-0.975,-0.9,-0.812,-1.077,-0.958,-0.909,-1.129,-1.29,-0.901,-0.726,-0.83,-0.634,-0.658,-0.988,-0.728,-0.68,-0.798,5
-1.064,-0.6,-0.678,-0.492,-0.378,-0.295,-0.656,-0.446,-0.39,-0.708,-1.064,-0.717,-0.587,-0.701,-0.559,-0.617,-0.88,-0.663,-0.642,-0.745,-1.064,-0.802,-0.948,-0.689,-0.663,-0.555,-0.81,-0.715,-0.67,-0.972,-1.064,-0.637,-0.508,-0.581,-0.45,-0.508,-0.734,-0.537,-0.502,-0.604,5
-1.081,-0.819,-0.875,-0.722,-0.664,-0.583,-0.81,-0.688,-0.647,-0.861,-1.081,-0.837,-0.753,-0.805,-0.681,-0.699,-0.946,-0.772,-0.748,-0.868,-1.081,-0.874,-0.949,-0.765,-0.716,-0.635,-0.853,-0.75,-0.699,-0.914,-1.081,-0.782,-0.619,-0.734,-0.573,-0.565,-0.891,-0.679,-0.623,-0.72,5
-1.171,-0.78,-0.84,-0.622,-0.55,-0.467,-0.778,-0.634,-0.566,-0.884,-1.171,-0.825,-0.662,-0.753,-0.596,-0.627,-0.924,-0.699,-0.668,-0.789,-1.171,-0.803,-0.86,-0.635,-0.55,-0.398,-0.827,-0.665,-0.561,-0.896,-1.171,-0.747,-0.569,-0.698,-0.545,-0.588,-0.86,-0.623,-0.56,-0.596,5
-1.078,-0.658,-0.742,-0.546,-0.431,-0.333,-0.678,-0.486,-0.419,-0.723,-1.078,-0.764,-0.655,-0.754,-0.607,-0.661,-0.925,-0.712,-0.687,-0.814,-1.078,-0.861,-1.002,-0.747,-0.733,-0.639,-0.839,-0.755,-0.717,-0.968,-1.078,-0.687,-0.47,-0.675,-0.469,-0.549,-0.841,-0.563,-0.537,-0.613,5
-1.033,-0.585,-0.768,-0.442,-0.425,-0.294,-0.638,-0.531,-0.446,-0.83,-1.033,-0.69,-0.663,-0.66,-0.572,-0.644,-0.843,-0.666,-0.643,-0.783,-1.033,-0.712,-0.868,-0.561,-0.512,-0.379,-0.7,-0.594,-0.52,-0.863,-1.033,-0.588,-0.346,-0.551,-0.38,-0.45,-0.697,-0.462,-0.426,-0.467,5
-1.182,-0.722,-0.887,-0.606,-0.532,-0.442,-0.746,-0.588,-0.556,-0.941,-1.182,-0.865,-0.849,-0.83,-0.725,-0.765,-1.003,-0.821,-0.802,-0.97,-1.182,-0.912,-1.118,-0.807,-0.782,-0.624,-0.934,-0.829,-0.772,-1.133,-1.182,-0.711,-0.583,-0.698,-0.53,-0.616,-0.862,-0.605,-0.567,-0.653,5
-1.285,-0.94,-0.857,-0.835,-0.678,-0.62,-0.979,-0.788,-0.752,-1.005,-1.285,-0.885,-0.707,-0.825,-0.644,-0.666,-1.004,-0.749,-0.693,-0.8,-1.285,-0.899,-0.95,-0.755,-0.634,-0.509,-0.92,-0.728,-0.651,-0.99,-1.285,-0.892,-0.7,-0.849,-0.672,-0.695,-1.011,-0.758,-0.701,-0.771,5
-1.175,-0.715,-0.8,-0.588,-0.507,-0.421,-0.746,-0.575,-0.508,-0.823,-1.175,-0.822,-0.713,-0.795,-0.642,-0.704,-0.976,-0.756,-0.73,-0.864,-1.175,-0.851,-1.03,-0.693,-0.65,-0.477,-0.832,-0.733,-0.662,-1.042,-1.175,-0.657,-0.451,-0.659,-0.457,-0.551,-0.814,-0.541,-0.52,-0.553,5
-1.191,-0.74,-0.705,-0.602,-0.472,-0.402,-0.791,-0.582,-0.498,-0.771,-1.191,-0.821,-0.694,-0.802,-0.659,-0.708,-0.991,-0.77,-0.748,-0.851,-1.191,-0.928,-1.02,-0.814,-0.781,-0.671,-0.936,-0.833,-0.771,-1.015,-1.191,-0.785,-0.546,-0.735,-0.513,-0.549,-0.899,-0.624,-0.581,-0.661,5
-0.981,-0.631,-0.843,-0.512,-0.481,-0.388,-0.624,-0.516,-0.481,-0.843,-0.981,-0.709,-0.675,-0.691,-0.592,-0.656,-0.846,-0.691,-0.684,-0.844,-0.981,-0.758,-0.975,-0.636,-0.641,-0.562,-0.715,-0.658,-0.65,-0.984,-0.981,-0.599,-0.538,-0.586,-0.482,-0.576,-0.754,-0.548,-0.544,-0.659,5
-1.198,-0.834,-0.94,-0.7,-0.617,-0.501,-0.834,-0.707,-0.657,-1.003,-1.198,-0.866,-0.797,-0.826,-0.691,-0.743,-0.994,-0.789,-0.766,-0.926,-1.198,-0.9,-1.043,-0.787,-0.726,-0.595,-0.911,-0.772,-0.719,-1.05,-1.198,-0.764,-0.65,-0.724,-0.577,-0.657,-0.89,-0.647,-0.611,-0.713,5
-1.287,-0.845,-0.927,-0.737,-0.626,-0.536,-0.893,-0.694,-0.634,-0.971,-1.287,-0.862,-0.853,-0.829,-0.721,-0.809,-1.011,-0.807,-0.79,-0.965,-1.287,-1.047,-1.16,-0.947,-0.897,-0.786,-1.054,-0.947,-0.894,-1.158,-1.287,-0.919,-0.822,-0.861,-0.707,-0.729,-1.017,-0.798,-0.747,-0.87,5
-1.303,-0.79,-0.631,-0.619,-0.411,-0.302,-0.814,-0.535,-0.422,-0.665,-1.303,-0.904,-0.681,-0.853,-0.632,-0.656,-1.04,-0.752,-0.692,-0.794,-1.303,-0.929,-0.956,-0.782,-0.644,-0.499,-0.944,-0.732,-0.632,-0.944,-1.303,-0.752,-0.366,-0.714,-0.428,-0.466,-0.874,-0.508,-0.452,-0.432,5
-0.993,-0.705,-0.91,-0.595,-0.621,-0.56,-0.711,-0.64,-0.603,-0.902,-0.993,-0.691,-0.689,-0.631,-0.558,-0.599,-0.785,-0.636,-0.613,-0.769,-0.993,-0.713,-0.77,-0.598,-0.514,-0.421,-0.713,-0.564,-0.517,-0.785,-0.993,-0.663,-0.632,-0.637,-0.558,-0.652,-0.801,-0.643,-0.646,-0.792,5
-1.113,-0.733,-0.724,-0.598,-0.474,-0.375,-0.742,-0.556,-0.484,-0.767,-1.113,-0.749,-0.556,-0.699,-0.513,-0.518,-0.875,-0.636,-0.59,-0.692,-1.113,-0.83,-0.866,-0.661,-0.592,-0.453,-0.796,-0.673,-0.576,-0.838,-1.113,-0.706,-0.501,-0.648,-0.457,-0.512,-0.815,-0.552,-0.509,-0.6,5
-1.107,-0.796,-0.875,-0.681,-0.591,-0.484,-0.799,-0.652,-0.592,-0.868,-1.107,-0.774,-0.814,-0.734,-0.681,-0.751,-0.902,-0.769,-0.755,-0.929,-1.107,-0.816,-0.993,-0.683,-0.66,-0.524,-0.818,-0.725,-0.666,-1.012,-1.107,-0.749,-0.617,-0.705,-0.546,-0.58,-0.877,-0.65,-0.613,-0.743,5
-1.066,-0.578,-0.72,-0.46,-0.389,-0.303,-0.615,-0.468,-0.422,-0.791,-1.066,-0.688,-0.585,-0.679,-0.551,-0.629,-0.855,-0.65,-0.628,-0.73,-1.066,-0.753,-0.914,-0.605,-0.568,-0.429,-0.729,-0.62,-0.535,-0.831,-1.066,-0.635,-0.478,-0.598,-0.46,-0.517,-0.731,-0.507,-0.449,-0.475,5
-1.185,-0.792,-0.864,-0.681,-0.576,-0.486,-0.826,-0.65,-0.606,-0.946,-1.185,-0.795,-0.788,-0.761,-0.669,-0.736,-0.942,-0.762,-0.739,-0.908,-1.185,-0.948,-1.106,-0.844,-0.825,-0.715,-0.948,-0.866,-0.821,-1.114,-1.185,-0.834,-0.759,-0.787,-0.652,-0.691,-0.948,-0.748,-0.711,-0.843,5
-0.977,-0.603,-0.738,-0.481,-0.443,-0.365,-0.619,-0.497,-0.429,-0.722,-0.977,-0.638,-0.475,-0.599,-0.426,-0.455,-0.773,-0.527,-0.474,-0.592,-0.977,-0.653,-0.821,-0.48,-0.455,-0.31,-0.612,-0.53,-0.468,-0.833,-0.977,-0.547,-0.346,-0.525,-0.357,-0.419,-0.691,-0.456,-0.418,-0.478,5
-1.171,-0.738,-0.834,-0.589,-0.528,-0.394,-0.749,-0.603,-0.51,-0.815,-1.171,-0.819,-0.643,-0.798,-0.618,-0.65,-0.967,-0.72,-0.672,-0.737,-1.171,-0.909,-1.062,-0.745,-0.701,-0.543,-0.868,-0.768,-0.667,-0.955,-1.171,-0.763,-0.568,-0.727,-0.534,-0.608,-0.89,-0.626,-0.59,-0.67,5
-1.114,-0.817,-0.954,-0.72,-0.664,-0.576,-0.825,-0.704,-0.667,-0.954,-1.114,-0.766,-0.833,-0.728,-0.687,-0.769,-0.89,-0.762,-0.752,-0.93,-1.114,-0.834,-1.008,-0.705,-0.683,-0.565,-0.822,-0.731,-0.682,-1.019,-1.114,-0.808,-0.751,-0.768,-0.664,-0.678,-0.925,-0.753,-0.715,-0.849,5
-1.367,-1.009,-0.994,-0.888,-0.763,-0.664,-1.039,-0.856,-0.787,-1.04,-1.367,-1.009,-0.83,-0.952,-0.768,-0.786,-1.117,-0.879,-0.838,-0.949,-1.367,-1.042,-1.041,-0.9,-0.777,-0.638,-1.044,-0.863,-0.771,-1.051,-1.367,-1.004,-0.827,-0.921,-0.744,-0.719,-1.082,-0.846,-0.775,-0.868,5
-1.158,-0.727,-0.704,-0.591,-0.478,-0.393,-0.736,-0.544,-0.488,-0.735,-1.158,-0.778,-0.596,-0.725,-0.565,-0.588,-0.891,-0.662,-0.627,-0.696,-1.158,-0.895,-0.947,-0.756,-0.702,-0.587,-0.862,-0.743,-0.66,-0.883,-1.158,-0.788,-0.498,-0.739,-0.519,-0.525,-0.903,-0.634,-0.598,-0.657,5
-1.077,-0.628,-0.749,-0.463,-0.425,-0.304,-0.624,-0.5,-0.411,-0.721,-1.077,-0.703,-0.527,-0.693,-0.531,-0.585,-0.857,-0.618,-0.582,-0.627,-1.077,-0.824,-1.025,-0.649,-0.638,-0.463,-0.774,-0.704,-0.594,-0.907,-1.077,-0.667,-0.498,-0.643,-0.467,-0.574,-0.807,-0.545,-0.523,-0.605,5
-1.131,-0.63,-0.782,-0.453,-0.4,-0.295,-0.632,-0.511,-0.432,-0.814,-1.131,-0.714,-0.558,-0.681,-0.552,-0.614,-0.852,-0.632,-0.605,-0.661,-1.131,-0.744,-0.893,-0.61,-0.574,-0.438,-0.768,-0.633,-0.565,-0.91,-1.131,-0.59,-0.382,-0.58,-0.405,-0.498,-0.74,-0.464,-0.42,-0.461,5
-1.224,-0.759,-0.694,-0.64,-0.482,-0.406,-0.815,-0.563,-0.488,-0.698,-1.224,-0.879,-0.744,-0.846,-0.705,-0.746,-1.035,-0.818,-0.789,-0.906,-1.224,-0.938,-1.026,-0.798,-0.753,-0.592,-0.94,-0.829,-0.725,-1.035,-1.224,-0.767,-0.49,-0.709,-0.494,-0.533,-0.873,-0.603,-0.564,-0.625,5
-1.072,-0.649,-0.637,-0.499,-0.407,-0.34,-0.668,-0.513,-0.452,-0.659,-1.072,-0.77,-0.605,-0.732,-0.588,-0.599,-0.899,-0.698,-0.661,-0.721,-1.072,-0.82,-0.925,-0.705,-0.665,-0.545,-0.816,-0.697,-0.631,-0.888,-1.072,-0.652,-0.465,-0.633,-0.469,-0.568,-0.812,-0.571,-0.55,-0.651,5
-1.29,-0.934,-0.959,-0.807,-0.708,-0.64,-0.949,-0.79,-0.73,-0.989,-1.29,-0.978,-0.823,-0.92,-0.764,-0.778,-1.084,-0.882,-0.846,-0.973,-1.29,-0.979,-1.027,-0.84,-0.741,-0.605,-0.973,-0.82,-0.736,-1.017,-1.29,-0.834,-0.696,-0.766,-0.595,-0.642,-0.932,-0.678,-0.631,-0.755,5
-0.867,-0.481,-0.574,-0.292,-0.298,-0.232,-0.437,-0.387,-0.32,-0.614,-0.867,-0.539,-0.302,-0.548,-0.386,-0.461,-0.701,-0.492,-0.483,-0.503,-0.867,-0.647,-0.802,-0.484,-0.496,-0.368,-0.61,-0.557,-0.501,-0.794,-0.867,-0.505,-0.311,-0.522,-0.379,-0.456,-0.698,-0.469,-0.448,-0.478,5
-0.971,-0.528,-0.695,-0.313,-0.336,-0.238,-0.468,-0.434,-0.336,-0.679,-0.971,-0.547,-0.359,-0.553,-0.408,-0.534,-0.688,-0.478,-0.476,-0.499,-0.971,-0.659,-0.856,-0.502,-0.526,-0.371,-0.648,-0.575,-0.482,-0.807,-0.971,-0.54,-0.423,-0.552,-0.452,-0.532,-0.728,-0.525,-0.496,-0.546,5
-1.042,-0.667,-0.845,-0.538,-0.527,-0.46,-0.681,-0.567,-0.512,-0.817,-1.042,-0.702,-0.578,-0.674,-0.537,-0.591,-0.861,-0.644,-0.62,-0.735,-1.042,-0.646,-0.768,-0.494,-0.453,-0.307,-0.706,-0.582,-0.48,-0.856,-1.042,-0.598,-0.337,-0.576,-0.42,-0.457,-0.752,-0.518,-0.493,-0.494,5
-1.194,-0.769,-0.841,-0.618,-0.544,-0.415,-0.77,-0.608,-0.514,-0.824,-1.194,-0.813,-0.648,-0.768,-0.588,-0.642,-0.941,-0.69,-0.646,-0.735,-1.194,-0.819,-0.947,-0.652,-0.577,-0.415,-0.808,-0.666,-0.572,-0.93,-1.194,-0.687,-0.507,-0.669,-0.48,-0.558,-0.836,-0.563,-0.527,-0.592,5
-1.05,-0.574,-0.767,-0.416,-0.392,-0.28,-0.59,-0.459,-0.385,-0.784,-1.05,-0.661,-0.585,-0.636,-0.518,-0.579,-0.813,-0.608,-0.566,-0.662,-1.05,-0.654,-0.801,-0.493,-0.416,-0.251,-0.644,-0.508,-0.427,-0.825,-1.05,-0.522,-0.242,-0.53,-0.293,-0.411,-0.668,-0.353,-0.345,-0.345,5
-1.195,-0.844,-0.93,-0.744,-0.664,-0.587,-0.873,-0.704,-0.657,-0.926,-1.195,-0.922,-0.915,-0.891,-0.829,-0.881,-1.044,-0.912,-0.912,-1.058,-1.195,-0.982,-1.047,-0.884,-0.827,-0.753,-0.969,-0.863,-0.819,-1.025,-1.195,-0.821,-0.664,-0.761,-0.599,-0.644,-0.913,-0.683,-0.658,-0.772,5
-0.946,-0.516,-0.555,-0.392,-0.321,-0.293,-0.536,-0.393,-0.366,-0.631,-0.946,-0.614,-0.533,-0.62,-0.512,-0.6,-0.801,-0.626,-0.622,-0.745,-0.946,-0.726,-0.954,-0.622,-0.633,-0.529,-0.729,-0.664,-0.629,-0.931,-0.946,-0.547,-0.385,-0.555,-0.412,-0.516,-0.721,-0.499,-0.488,-0.528,5
-1.168,-0.656,-0.691,-0.478,-0.376,-0.273,-0.674,-0.476,-0.394,-0.692,-1.168,-0.823,-0.733,-0.748,-0.637,-0.653,-0.915,-0.727,-0.659,-0.742,-1.168,-0.887,-0.962,-0.719,-0.643,-0.451,-0.848,-0.709,-0.592,-0.883,-1.168,-0.673,-0.435,-0.623,-0.429,-0.482,-0.787,-0.504,-0.46,-0.48,5
-1.132,-0.69,-0.683,-0.55,-0.43,-0.363,-0.715,-0.525,-0.476,-0.736,-1.132,-0.753,-0.615,-0.719,-0.567,-0.616,-0.894,-0.675,-0.644,-0.733,-1.132,-0.815,-0.9,-0.676,-0.608,-0.483,-0.809,-0.657,-0.574,-0.86,-1.132,-0.682,-0.502,-0.641,-0.477,-0.563,-0.814,-0.576,-0.552,-0.646,5
-1.224,-0.853,-0.879,-0.715,-0.602,-0.505,-0.858,-0.685,-0.615,-0.91,-1.224,-0.834,-0.702,-0.77,-0.606,-0.622,-0.942,-0.703,-0.633,-0.738,-1.224,-0.862,-0.937,-0.713,-0.605,-0.457,-0.891,-0.722,-0.638,-1.001,-1.224,-0.818,-0.622,-0.758,-0.588,-0.64,-0.936,-0.689,-0.651,-0.732,5
-1.32,-0.949,-0.892,-0.797,-0.623,-0.521,-0.953,-0.724,-0.649,-0.91,-1.32,-0.92,-0.839,-0.825,-0.7,-0.714,-0.982,-0.777,-0.702,-0.834,-1.32,-0.973,-1.026,-0.787,-0.689,-0.524,-0.954,-0.793,-0.673,-0.991,-1.32,-0.891,-0.738,-0.812,-0.632,-0.669,-0.979,-0.724,-0.678,-0.8,5
-1.037,-0.643,-0.754,-0.532,-0.431,-0.356,-0.642,-0.464,-0.426,-0.75,-1.037,-0.72,-0.621,-0.712,-0.574,-0.654,-0.882,-0.672,-0.674,-0.814,-1.037,-0.801,-0.925,-0.707,-0.68,-0.626,-0.798,-0.704,-0.683,-0.922,-1.037,-0.625,-0.552,-0.645,-0.521,-0.628,-0.816,-0.604,-0.58,-0.689,5
-1.0,-0.65,-0.862,-0.539,-0.543,-0.471,-0.683,-0.577,-0.539,-0.894,-1.0,-0.697,-0.722,-0.642,-0.586,-0.633,-0.8,-0.661,-0.643,-0.804,-1.0,-0.737,-0.782,-0.625,-0.543,-0.473,-0.739,-0.602,-0.576,-0.84,-1.0,-0.607,-0.602,-0.582,-0.513,-0.64,-0.742,-0.582,-0.593,-0.755,5
-1.24,-0.909,-0.957,-0.79,-0.701,-0.598,-0.918,-0.772,-0.714,-1.0,-1.24,-0.924,-0.861,-0.869,-0.756,-0.766,-1.028,-0.848,-0.807,-0.949,-1.24,-0.966,-1.094,-0.822,-0.772,-0.625,-0.939,-0.83,-0.749,-1.041,-1.24,-0.85,-0.79,-0.788,-0.671,-0.71,-0.945,-0.747,-0.711,-0.839,5
-1.014,-0.59,-0.719,-0.499,-0.416,-0.36,-0.634,-0.467,-0.457,-0.78,-1.014,-0.691,-0.554,-0.657,-0.504,-0.567,-0.828,-0.601,-0.576,-0.685,-1.014,-0.774,-1.012,-0.612,-0.642,-0.512,-0.723,-0.685,-0.622,-0.926,-1.014,-0.625,-0.539,-0.599,-0.489,-0.586,-0.741,-0.556,-0.548,-0.613,5
-1.19,-0.862,-0.997,-0.729,-0.704,-0.605,-0.852,-0.753,-0.688,-0.979,-1.19,-0.843,-0.825,-0.762,-0.681,-0.708,-0.927,-0.766,-0.711,-0.863,-1.19,-0.937,-1.026,-0.814,-0.749,-0.618,-0.954,-0.847,-0.79,-1.112,-1.19,-0.87,-0.779,-0.82,-0.691,-0.734,-0.997,-0.803,-0.767,-0.898,5
-0.991,-0.553,-0.563,-0.414,-0.325,-0.27,-0.607,-0.439,-0.373,-0.598,-0.991,-0.679,-0.517,-0.673,-0.52,-0.581,-0.853,-0.632,-0.606,-0.667,-0.991,-0.746,-0.914,-0.629,-0.64,-0.539,-0.751,-0.679,-0.622,-0.893,-0.991,-0.578,-0.462,-0.555,-0.445,-0.558,-0.728,-0.538,-0.521,-0.637,5
-1.155,-0.817,-0.905,-0.706,-0.63,-0.547,-0.83,-0.685,-0.635,-0.917,-1.155,-0.826,-0.734,-0.787,-0.648,-0.689,-0.954,-0.742,-0.712,-0.858,-1.155,-0.872,-0.976,-0.765,-0.708,-0.592,-0.887,-0.752,-0.687,-0.97,-1.155,-0.78,-0.685,-0.737,-0.597,-0.629,-0.909,-0.691,-0.648,-0.774,5
-1.218,-0.872,-0.907,-0.753,-0.636,-0.557,-0.877,-0.703,-0.66,-0.931,-1.218,-0.918,-0.855,-0.879,-0.761,-0.801,-1.033,-0.852,-0.837,-0.991,-1.218,-0.946,-1.021,-0.84,-0.755,-0.656,-0.952,-0.808,-0.764,-1.045,-1.218,-0.816,-0.683,-0.764,-0.601,-0.641,-0.937,-0.694,-0.654,-0.78,5
-1.013,-0.641,-0.71,-0.533,-0.455,-0.39,-0.647,-0.48,-0.425,-0.654,-1.013,-0.714,-0.638,-0.694,-0.582,-0.634,-0.852,-0.671,-0.663,-0.791,-1.013,-0.775,-0.868,-0.661,-0.62,-0.543,-0.752,-0.652,-0.62,-0.874,-1.013,-0.621,-0.424,-0.588,-0.399,-0.443,-0.763,-0.511,-0.482,-0.58,5
-1.113,-0.631,-0.794,-0.478,-0.436,-0.296,-0.659,-0.536,-0.429,-0.793,-1.113,-0.715,-0.547,-0.714,-0.544,-0.609,-0.886,-0.639,-0.601,-0.657,-1.113,-0.888,-1.041,-0.739,-0.73,-0.58,-0.844,-0.781,-0.69,-0.967,-1.113,-0.733,-0.579,-0.689,-0.539,-0.613,-0.848,-0.624,-0.597,-0.682,5
-1.098,-0.687,-0.762,-0.534,-0.461,-0.35,-0.686,-0.534,-0.46,-0.762,-1.098,-0.737,-0.636,-0.68,-0.547,-0.576,-0.85,-0.643,-0.607,-0.739,-1.098,-0.803,-0.899,-0.677,-0.632,-0.551,-0.807,-0.685,-0.628,-0.908,-1.098,-0.661,-0.558,-0.631,-0.526,-0.612,-0.793,-0.607,-0.582,-0.66,5
-1.208,-0.721,-0.659,-0.556,-0.398,-0.291,-0.745,-0.496,-0.391,-0.653,-1.208,-0.857,-0.747,-0.8,-0.671,-0.701,-0.981,-0.778,-0.725,-0.837,-1.208,-0.861,-0.909,-0.689,-0.584,-0.424,-0.853,-0.67,-0.557,-0.866,-1.208,-0.655,-0.357,-0.598,-0.361,-0.426,-0.755,-0.44,-0.4,-0.402,5
-1.309,-0.748,-0.561,-0.573,-0.377,-0.251,-0.762,-0.47,-0.346,-0.581,-1.309,-0.862,-0.591,-0.805,-0.56,-0.584,-0.982,-0.672,-0.61,-0.699,-1.309,-0.94,-0.908,-0.786,-0.635,-0.517,-0.949,-0.732,-0.641,-0.921,-1.309,-0.766,-0.447,-0.707,-0.452,-0.506,-0.862,-0.533,-0.475,-0.487,5
-1.076,-0.61,-0.649,-0.404,-0.324,-0.225,-0.587,-0.451,-0.361,-0.707,-1.076,-0.673,-0.399,-0.648,-0.428,-0.471,-0.809,-0.536,-0.495,-0.526,-1.076,-0.841,-0.958,-0.69,-0.674,-0.544,-0.807,-0.733,-0.651,-0.918,-1.076,-0.678,-0.496,-0.628,-0.455,-0.512,-0.799,-0.538,-0.502,-0.579,5
-1.373,-1.006,-0.987,-0.873,-0.735,-0.654,-1.017,-0.826,-0.757,-1.012,-1.373,-1.067,-0.907,-0.996,-0.845,-0.841,-1.146,-0.957,-0.91,-1.028,-1.373,-1.074,-1.129,-0.926,-0.859,-0.706,-1.049,-0.933,-0.827,-1.097,-1.373,-0.935,-0.8,-0.846,-0.687,-0.709,-1.008,-0.772,-0.716,-0.845,5
-1.182,-0.597,-0.656,-0.391,-0.282,-0.2,-0.57,-0.441,-0.358,-0.711,-1.182,-0.662,-0.453,-0.635,-0.464,-0.571,-0.779,-0.521,-0.507,-0.54,-1.182,-0.792,-0.919,-0.632,-0.57,-0.426,-0.795,-0.654,-0.582,-0.95,-1.182,-0.619,-0.4,-0.596,-0.412,-0.511,-0.752,-0.471,-0.429,-0.447,5
-1.151,-0.654,-0.796,-0.475,-0.423,-0.301,-0.635,-0.497,-0.425,-0.812,-1.151,-0.74,-0.645,-0.676,-0.563,-0.6,-0.847,-0.646,-0.597,-0.71,-1.151,-0.722,-0.864,-0.562,-0.493,-0.317,-0.756,-0.593,-0.483,-0.883,-1.151,-0.611,-0.436,-0.573,-0.431,-0.54,-0.73,-0.481,-0.466,-0.495,5
-1.168,-0.64,-0.685,-0.461,-0.364,-0.26,-0.64,-0.454,-0.371,-0.675,-1.168,-0.783,-0.709,-0.719,-0.62,-0.668,-0.891,-0.715,-0.664,-0.785,-1.168,-0.834,-0.913,-0.657,-0.581,-0.433,-0.814,-0.669,-0.571,-0.883,-1.168,-0.627,-0.4,-0.603,-0.399,-0.5,-0.757,-0.463,-0.436,-0.443,5
-1.265,-0.759,-0.608,-0.597,-0.439,-0.334,-0.823,-0.549,-0.446,-0.652,-1.265,-0.879,-0.563,-0.824,-0.575,-0.549,-0.999,-0.691,-0.616,-0.639,-1.265,-1.033,-1.06,-0.883,-0.805,-0.685,-0.986,-0.874,-0.791,-1.006,-1.265,-0.893,-0.524,-0.815,-0.565,-0.534,-0.966,-0.681,-0.616,-0.625,5
-1.087,-0.659,-0.655,-0.54,-0.453,-0.41,-0.656,-0.483,-0.461,-0.68,-1.087,-0.728,-0.493,-0.719,-0.523,-0.566,-0.884,-0.637,-0.604,-0.661,-1.087,-0.859,-0.956,-0.75,-0.7,-0.591,-0.842,-0.735,-0.675,-0.881,-1.087,-0.708,-0.497,-0.719,-0.533,-0.616,-0.901,-0.634,-0.622,-0.661,5
-1.136,-0.658,-0.796,-0.54,-0.452,-0.36,-0.702,-0.541,-0.515,-0.947,-1.136,-0.814,-0.811,-0.785,-0.69,-0.736,-0.964,-0.789,-0.77,-0.937,-1.136,-0.875,-1.04,-0.778,-0.739,-0.639,-0.904,-0.796,-0.77,-1.1,-1.136,-0.662,-0.526,-0.642,-0.487,-0.592,-0.793,-0.545,-0.524,-0.591,5
-0.991,-0.587,-0.664,-0.444,-0.406,-0.35,-0.61,-0.499,-0.451,-0.733,-0.991,-0.623,-0.607,-0.582,-0.522,-0.604,-0.766,-0.626,-0.61,-0.752,-0.991,-0.766,-0.954,-0.634,-0.641,-0.492,-0.766,-0.701,-0.617,-0.9,-0.991,-0.618,-0.513,-0.583,-0.465,-0.529,-0.754,-0.558,-0.523,-0.619,5
-1.192,-0.846,-0.922,-0.699,-0.63,-0.522,-0.823,-0.698,-0.636,-0.915,-1.192,-0.854,-0.873,-0.77,-0.708,-0.736,-0.923,-0.789,-0.747,-0.908,-1.192,-0.922,-1.007,-0.799,-0.729,-0.615,-0.919,-0.803,-0.758,-1.048,-1.192,-0.816,-0.718,-0.779,-0.631,-0.675,-0.95,-0.732,-0.685,-0.801,5
-1.184,-0.708,-0.822,-0.6,-0.491,-0.393,-0.765,-0.564,-0.506,-0.882,-1.184,-0.751,-0.706,-0.729,-0.602,-0.682,-0.918,-0.698,-0.671,-0.818,-1.184,-0.92,-1.046,-0.808,-0.767,-0.654,-0.931,-0.835,-0.783,-1.078,-1.184,-0.781,-0.729,-0.724,-0.618,-0.675,-0.879,-0.7,-0.677,-0.807,5
-1.095,-0.542,-0.742,-0.379,-0.305,-0.199,-0.604,-0.459,-0.4,-0.869,-1.095,-0.664,-0.502,-0.627,-0.435,-0.537,-0.803,-0.51,-0.498,-0.604,-1.095,-0.742,-0.891,-0.591,-0.542,-0.399,-0.757,-0.629,-0.533,-0.886,-1.095,-0.594,-0.431,-0.584,-0.453,-0.564,-0.716,-0.515,-0.486,-0.528,5
-1.237,-0.785,-0.807,-0.624,-0.515,-0.405,-0.799,-0.599,-0.504,-0.822,-1.237,-0.887,-0.705,-0.821,-0.645,-0.652,-0.99,-0.747,-0.691,-0.788,-1.237,-0.894,-0.922,-0.731,-0.605,-0.467,-0.87,-0.697,-0.617,-0.914,-1.237,-0.739,-0.439,-0.679,-0.444,-0.491,-0.839,-0.53,-0.491,-0.526,5
-1.183,-0.826,-0.879,-0.714,-0.613,-0.521,-0.846,-0.678,-0.621,-0.889,-1.183,-0.858,-0.795,-0.805,-0.685,-0.727,-0.976,-0.785,-0.757,-0.91,-1.183,-0.906,-1.034,-0.743,-0.68,-0.533,-0.872,-0.756,-0.678,-0.981,-1.183,-0.793,-0.734,-0.727,-0.597,-0.638,-0.878,-0.666,-0.623,-0.752,5
-0.874,-0.655,-0.71,-0.583,-0.559,-0.522,-0.64,-0.561,-0.548,-0.722,-0.874,-0.678,-0.761,-0.687,-0.686,-0.768,-0.844,-0.766,-0.777,-0.912,-0.874,-0.698,-0.953,-0.615,-0.68,-0.627,-0.73,-0.707,-0.682,-0.942,-0.874,-0.648,-0.488,-0.676,-0.529,-0.559,-0.862,-0.674,-0.654,-0.739,5
-1.093,-0.721,-0.94,-0.582,-0.562,-0.442,-0.718,-0.619,-0.555,-0.921,-1.093,-0.736,-0.744,-0.716,-0.653,-0.731,-0.904,-0.748,-0.742,-0.897,-1.093,-0.857,-1.063,-0.749,-0.737,-0.606,-0.882,-0.793,-0.725,-1.014,-1.093,-0.734,-0.743,-0.743,-0.649,-0.746,-0.931,-0.746,-0.715,-0.851,5
-0.956,-0.603,-0.85,-0.494,-0.48,-0.39,-0.603,-0.506,-0.483,-0.868,-0.956,-0.667,-0.701,-0.667,-0.609,-0.691,-0.843,-0.708,-0.712,-0.895,-0.956,-0.729,-1.0,-0.633,-0.676,-0.597,-0.739,-0.702,-0.691,-1.043,-0.956,-0.571,-0.562,-0.583,-0.507,-0.619,-0.764,-0.58,-0.581,-0.704,5
-1.164,-0.789,-0.849,-0.684,-0.594,-0.536,-0.812,-0.657,-0.631,-0.887,-1.164,-0.829,-0.738,-0.775,-0.64,-0.695,-0.941,-0.74,-0.715,-0.852,-1.164,-0.902,-1.037,-0.741,-0.69,-0.552,-0.862,-0.755,-0.685,-0.966,-1.164,-0.771,-0.702,-0.74,-0.618,-0.672,-0.899,-0.702,-0.663,-0.756,5
-0.843,-0.427,-0.529,-0.29,-0.274,-0.246,-0.403,-0.309,-0.251,-0.469,-0.843,-0.507,-0.271,-0.529,-0.355,-0.425,-0.689,-0.452,-0.416,-0.442,-0.843,-0.663,-0.807,-0.547,-0.572,-0.477,-0.657,-0.604,-0.542,-0.772,-0.843,-0.517,-0.372,-0.55,-0.445,-0.548,-0.737,-0.563,-0.569,-0.609,5
-1.043,-0.667,-0.731,-0.56,-0.481,-0.417,-0.675,-0.508,-0.454,-0.676,-1.043,-0.741,-0.648,-0.726,-0.603,-0.653,-0.888,-0.699,-0.689,-0.811,-1.043,-0.798,-0.879,-0.691,-0.635,-0.562,-0.789,-0.674,-0.644,-0.903,-1.043,-0.654,-0.459,-0.625,-0.436,-0.486,-0.804,-0.55,-0.526,-0.624,5
-1.094,-0.631,-0.657,-0.487,-0.413,-0.309,-0.627,-0.468,-0.409,-0.663,-1.094,-0.717,-0.596,-0.66,-0.537,-0.559,-0.824,-0.625,-0.586,-0.676,-1.094,-0.81,-0.892,-0.654,-0.608,-0.471,-0.765,-0.64,-0.551,-0.797,-1.094,-0.658,-0.348,-0.621,-0.388,-0.425,-0.787,-0.493,-0.464,-0.494,5
-1.145,-0.622,-0.58,-0.448,-0.29,-0.206,-0.644,-0.411,-0.364,-0.684,-1.145,-0.707,-0.644,-0.637,-0.545,-0.595,-0.812,-0.631,-0.589,-0.697,-1.145,-0.843,-0.986,-0.677,-0.643,-0.485,-0.834,-0.734,-0.638,-0.965,-1.145,-0.692,-0.57,-0.641,-0.497,-0.593,-0.8,-0.558,-0.527,-0.607,5
-1.029,-0.613,-0.745,-0.511,-0.436,-0.359,-0.673,-0.518,-0.484,-0.827,-1.029,-0.722,-0.671,-0.679,-0.595,-0.645,-0.859,-0.698,-0.675,-0.82,-1.029,-0.803,-1.043,-0.651,-0.687,-0.547,-0.76,-0.736,-0.669,-0.984,-1.029,-0.645,-0.573,-0.588,-0.464,-0.53,-0.728,-0.528,-0.494,-0.6,5
-1.282,-0.889,-0.857,-0.705,-0.565,-0.432,-0.85,-0.665,-0.569,-0.86,-1.282,-0.928,-0.735,-0.834,-0.653,-0.641,-0.985,-0.743,-0.684,-0.78,-1.282,-0.928,-0.998,-0.761,-0.664,-0.512,-0.914,-0.76,-0.666,-1.004,-1.282,-0.791,-0.564,-0.726,-0.527,-0.585,-0.895,-0.619,-0.572,-0.655,5
-1.173,-0.841,-0.902,-0.717,-0.627,-0.54,-0.828,-0.682,-0.636,-0.91,-1.173,-0.872,-0.798,-0.83,-0.707,-0.748,-0.979,-0.795,-0.783,-0.937,-1.173,-0.893,-0.986,-0.781,-0.697,-0.601,-0.893,-0.747,-0.712,-1.002,-1.173,-0.767,-0.648,-0.723,-0.565,-0.612,-0.894,-0.649,-0.603,-0.726,5
-0.984,-0.539,-0.794,-0.434,-0.438,-0.36,-0.595,-0.492,-0.46,-0.848,-0.984,-0.665,-0.729,-0.654,-0.628,-0.721,-0.822,-0.697,-0.694,-0.838,-0.984,-0.751,-0.913,-0.647,-0.631,-0.54,-0.746,-0.666,-0.628,-0.878,-0.984,-0.623,-0.499,-0.6,-0.481,-0.546,-0.751,-0.569,-0.554,-0.621,5
-0.921,-0.488,-0.613,-0.352,-0.332,-0.282,-0.512,-0.42,-0.4,-0.747,-0.921,-0.606,-0.575,-0.604,-0.533,-0.627,-0.787,-0.638,-0.636,-0.776,-0.921,-0.701,-0.963,-0.58,-0.614,-0.485,-0.674,-0.627,-0.575,-0.893,-0.921,-0.51,-0.345,-0.51,-0.38,-0.469,-0.659,-0.452,-0.439,-0.447,5
-1.122,-0.653,-0.757,-0.539,-0.436,-0.368,-0.684,-0.503,-0.467,-0.786,-1.122,-0.732,-0.569,-0.705,-0.525,-0.582,-0.883,-0.62,-0.581,-0.663,-1.122,-0.871,-0.98,-0.755,-0.711,-0.628,-0.859,-0.753,-0.722,-0.991,-1.122,-0.725,-0.589,-0.691,-0.554,-0.602,-0.849,-0.638,-0.604,-0.679,5
-0.998,-0.55,-0.56,-0.411,-0.325,-0.258,-0.595,-0.428,-0.373,-0.622,-0.998,-0.667,-0.514,-0.647,-0.495,-0.536,-0.827,-0.612,-0.583,-0.66,-0.998,-0.715,-0.839,-0.599,-0.565,-0.464,-0.721,-0.598,-0.54,-0.814,-0.998,-0.562,-0.39,-0.529,-0.378,-0.484,-0.7,-0.472,-0.454,-0.549,5
-1.048,-0.649,-0.675,-0.482,-0.414,-0.271,-0.671,-0.528,-0.413,-0.713,-1.048,-0.715,-0.373,-0.72,-0.469,-0.472,-0.897,-0.594,-0.523,-0.529,-1.048,-0.849,-0.875,-0.71,-0.646,-0.525,-0.829,-0.729,-0.659,-0.907,-1.048,-0.749,-0.511,-0.741,-0.568,-0.585,-0.923,-0.692,-0.655,-0.694,5
-1.063,-0.704,-0.791,-0.598,-0.496,-0.417,-0.703,-0.532,-0.49,-0.77,-1.063,-0.778,-0.68,-0.771,-0.631,-0.683,-0.935,-0.733,-0.719,-0.85,-1.063,-0.853,-0.993,-0.755,-0.748,-0.67,-0.828,-0.756,-0.723,-0.944,-1.063,-0.677,-0.585,-0.684,-0.55,-0.645,-0.857,-0.638,-0.617,-0.727,5
-1.282,-0.672,-0.633,-0.473,-0.33,-0.244,-0.699,-0.472,-0.376,-0.691,-1.282,-0.777,-0.612,-0.71,-0.552,-0.635,-0.872,-0.625,-0.574,-0.644,-1.282,-0.97,-1.021,-0.785,-0.693,-0.527,-0.944,-0.787,-0.675,-0.962,-1.282,-0.751,-0.521,-0.691,-0.495,-0.576,-0.844,-0.559,-0.518,-0.55,5
-0.989,-0.564,-0.627,-0.431,-0.39,-0.331,-0.575,-0.458,-0.401,-0.689,-0.989,-0.689,-0.559,-0.67,-0.546,-0.604,-0.844,-0.669,-0.642,-0.775,-0.989,-0.805,-0.969,-0.67,-0.684,-0.56,-0.751,-0.697,-0.627,-0.846,-0.989,-0.601,-0.283,-0.579,-0.392,-0.434,-0.716,-0.474,-0.446,-0.414,5
-1.329,-0.906,-0.812,-0.734,-0.546,-0.409,-0.879,-0.641,-0.544,-0.79,-1.329,-0.886,-0.678,-0.806,-0.601,-0.616,-0.957,-0.677,-0.617,-0.694,-1.329,-0.995,-1.0,-0.826,-0.7,-0.589,-0.976,-0.796,-0.724,-0.996,-1.329,-0.896,-0.666,-0.828,-0.614,-0.653,-0.996,-0.71,-0.663,-0.764,5
-1.099,-0.733,-0.915,-0.608,-0.563,-0.464,-0.721,-0.607,-0.566,-0.904,-1.099,-0.856,-0.859,-0.814,-0.749,-0.791,-0.952,-0.819,-0.81,-0.959,-1.099,-0.862,-1.077,-0.724,-0.721,-0.573,-0.797,-0.721,-0.662,-0.973,-1.099,-0.666,-0.633,-0.626,-0.52,-0.624,-0.773,-0.569,-0.543,-0.671,5
-1.144,-0.568,-0.591,-0.4,-0.284,-0.178,-0.564,-0.356,-0.256,-0.558,-1.144,-0.746,-0.617,-0.715,-0.576,-0.632,-0.887,-0.67,-0.642,-0.742,-1.144,-0.768,-0.841,-0.599,-0.517,-0.407,-0.779,-0.624,-0.542,-0.848,-1.144,-0.545,-0.252,-0.549,-0.322,-0.462,-0.678,-0.368,-0.364,-0.342,5
-1.357,-0.982,-0.953,-0.84,-0.684,-0.551,-0.983,-0.772,-0.693,-0.985,-1.357,-0.956,-0.871,-0.864,-0.729,-0.744,-1.022,-0.811,-0.745,-0.88,-1.357,-0.988,-1.042,-0.805,-0.706,-0.525,-0.978,-0.816,-0.685,-1.018,-1.357,-0.9,-0.733,-0.825,-0.64,-0.677,-0.99,-0.725,-0.678,-0.784,5
-1.111,-0.647,-0.653,-0.497,-0.392,-0.308,-0.683,-0.501,-0.448,-0.713,-1.111,-0.733,-0.665,-0.668,-0.57,-0.612,-0.848,-0.678,-0.64,-0.764,-1.111,-0.87,-0.981,-0.744,-0.717,-0.595,-0.875,-0.781,-0.703,-0.959,-1.111,-0.726,-0.584,-0.67,-0.532,-0.586,-0.835,-0.628,-0.595,-0.696,5
-1.158,-0.593,-0.594,-0.425,-0.287,-0.168,-0.604,-0.391,-0.308,-0.626,-1.158,-0.659,-0.302,-0.624,-0.366,-0.418,-0.775,-0.445,-0.413,-0.397,-1.158,-0.857,-0.85,-0.687,-0.589,-0.426,-0.819,-0.654,-0.561,-0.798,-1.158,-0.745,-0.399,-0.721,-0.449,-0.498,-0.874,-0.555,-0.52,-0.53,5
-1.094,-0.808,-0.903,-0.693,-0.657,-0.618,-0.817,-0.706,-0.658,-0.904,-1.094,-0.8,-0.727,-0.772,-0.67,-0.735,-0.954,-0.79,-0.782,-0.927,-1.094,-0.772,-0.927,-0.637,-0.591,-0.45,-0.79,-0.677,-0.618,-0.959,-1.094,-0.693,-0.614,-0.65,-0.527,-0.597,-0.823,-0.619,-0.591,-0.73,5
-1.148,-0.709,-0.778,-0.555,-0.448,-0.31,-0.74,-0.559,-0.455,-0.824,-1.148,-0.79,-0.701,-0.728,-0.586,-0.598,-0.898,-0.678,-0.62,-0.759,-1.148,-0.836,-0.915,-0.719,-0.624,-0.494,-0.854,-0.697,-0.637,-0.947,-1.148,-0.694,-0.481,-0.643,-0.446,-0.503,-0.81,-0.536,-0.49,-0.565,5
-1.265,-0.772,-0.636,-0.584,-0.4,-0.279,-0.769,-0.509,-0.398,-0.644,-1.265,-0.881,-0.675,-0.825,-0.624,-0.648,-1.007,-0.736,-0.684,-0.79,-1.265,-0.893,-0.944,-0.746,-0.623,-0.472,-0.912,-0.714,-0.613,-0.936,-1.265,-0.714,-0.34,-0.675,-0.395,-0.437,-0.835,-0.474,-0.417,-0.398,5
-1.055,-0.717,-0.833,-0.622,-0.553,-0.493,-0.749,-0.617,-0.609,-0.941,-1.055,-0.741,-0.783,-0.72,-0.667,-0.754,-0.887,-0.752,-0.763,-0.943,-1.055,-0.859,-1.007,-0.779,-0.781,-0.746,-0.859,-0.797,-0.79,-1.026,-1.055,-0.776,-0.745,-0.742,-0.663,-0.703,-0.883,-0.736,-0.716,-0.833,5
-1.015,-0.566,-0.657,-0.432,-0.366,-0.32,-0.579,-0.438,-0.398,-0.701,-1.015,-0.664,-0.569,-0.656,-0.526,-0.606,-0.832,-0.631,-0.614,-0.745,-1.015,-0.752,-0.944,-0.637,-0.602,-0.492,-0.743,-0.64,-0.606,-0.931,-1.015,-0.565,-0.392,-0.564,-0.395,-0.509,-0.723,-0.473,-0.459,-0.506,5
-1.28,-0.883,-0.883,-0.744,-0.6,-0.483,-0.89,-0.685,-0.611,-0.915,-1.28,-0.89,-0.714,-0.825,-0.636,-0.648,-0.998,-0.747,-0.69,-0.801,-1.28,-0.965,-1.002,-0.812,-0.721,-0.59,-0.955,-0.801,-0.71,-0.976,-1.28,-0.858,-0.709,-0.793,-0.625,-0.667,-0.959,-0.717,-0.66,-0.767,5
-1.07,-0.72,-0.76,-0.63,-0.554,-0.544,-0.751,-0.609,-0.596,-0.821,-1.07,-0.808,-0.831,-0.784,-0.748,-0.819,-0.945,-0.847,-0.856,-1.022,-1.07,-0.829,-0.986,-0.731,-0.729,-0.632,-0.841,-0.768,-0.727,-1.019,-1.07,-0.693,-0.507,-0.658,-0.498,-0.526,-0.825,-0.607,-0.572,-0.649,5
-1.139,-0.646,-0.774,-0.5,-0.417,-0.26,-0.673,-0.514,-0.428,-0.813,-1.139,-0.754,-0.571,-0.718,-0.547,-0.606,-0.9,-0.649,-0.632,-0.736,-1.139,-0.859,-0.983,-0.757,-0.708,-0.616,-0.876,-0.756,-0.709,-0.99,-1.139,-0.682,-0.504,-0.674,-0.475,-0.52,-0.841,-0.573,-0.5,-0.551,5
-1.239,-0.879,-0.906,-0.753,-0.636,-0.537,-0.882,-0.704,-0.645,-0.93,-1.239,-0.947,-0.9,-0.887,-0.789,-0.79,-1.035,-0.876,-0.83,-0.964,-1.239,-0.956,-1.049,-0.82,-0.753,-0.632,-0.936,-0.815,-0.74,-1.007,-1.239,-0.802,-0.675,-0.742,-0.581,-0.621,-0.894,-0.654,-0.617,-0.726,5
-1.351,-0.782,-0.672,-0.602,-0.426,-0.324,-0.814,-0.549,-0.434,-0.711,-1.351,-0.888,-0.673,-0.827,-0.613,-0.658,-1.014,-0.724,-0.671,-0.784,-1.351,-1.007,-1.011,-0.861,-0.723,-0.586,-1.012,-0.816,-0.724,-1.02,-1.351,-0.81,-0.501,-0.752,-0.499,-0.565,-0.911,-0.584,-0.523,-0.555,5
-1.199,-0.625,-0.468,-0.444,-0.265,-0.184,-0.626,-0.367,-0.272,-0.516,-1.199,-0.763,-0.565,-0.735,-0.544,-0.61,-0.923,-0.655,-0.62,-0.717,-1.199,-0.832,-0.895,-0.677,-0.569,-0.44,-0.869,-0.674,-0.57,-0.894,-1.199,-0.618,-0.273,-0.589,-0.333,-0.408,-0.746,-0.406,-0.362,-0.325,5
-1.173,-0.624,-0.782,-0.447,-0.387,-0.225,-0.642,-0.515,-0.407,-0.783,-1.173,-0.712,-0.493,-0.693,-0.494,-0.544,-0.872,-0.588,-0.532,-0.567,-1.173,-0.846,-0.897,-0.68,-0.591,-0.422,-0.843,-0.679,-0.566,-0.898,-1.173,-0.699,-0.507,-0.67,-0.498,-0.537,-0.852,-0.596,-0.543,-0.584,5
-0.901,-0.506,-0.492,-0.314,-0.223,-0.151,-0.456,-0.295,-0.187,-0.413,-0.901,-0.532,-0.394,-0.508,-0.374,-0.449,-0.673,-0.46,-0.448,-0.551,-0.901,-0.644,-0.791,-0.516,-0.473,-0.354,-0.645,-0.54,-0.476,-0.783,-0.901,-0.506,-0.292,-0.475,-0.281,-0.338,-0.655,-0.383,-0.328,-0.4,5
-1.086,-0.773,-0.822,-0.692,-0.624,-0.604,-0.801,-0.665,-0.649,-0.866,-1.086,-0.809,-0.831,-0.778,-0.741,-0.805,-0.934,-0.83,-0.838,-1.007,-1.086,-0.845,-1.015,-0.727,-0.728,-0.623,-0.836,-0.767,-0.723,-1.019,-1.086,-0.749,-0.588,-0.701,-0.548,-0.57,-0.857,-0.649,-0.617,-0.727,5
-1.087,-0.75,-0.789,-0.643,-0.556,-0.508,-0.77,-0.635,-0.605,-0.925,-1.087,-0.755,-0.636,-0.743,-0.608,-0.662,-0.927,-0.723,-0.695,-0.788,-1.087,-0.776,-0.934,-0.662,-0.642,-0.567,-0.81,-0.703,-0.664,-0.977,-1.087,-0.748,-0.526,-0.748,-0.576,-0.614,-0.911,-0.674,-0.641,-0.658,5
-0.821,-0.504,-0.648,-0.333,-0.326,-0.227,-0.453,-0.369,-0.282,-0.559,-0.821,-0.558,-0.581,-0.488,-0.451,-0.49,-0.648,-0.533,-0.488,-0.636,-0.821,-0.609,-0.749,-0.553,-0.54,-0.494,-0.677,-0.593,-0.593,-0.865,-0.821,-0.495,-0.514,-0.508,-0.458,-0.592,-0.708,-0.565,-0.593,-0.749,5
-1.18,-0.724,-0.666,-0.571,-0.433,-0.376,-0.744,-0.514,-0.443,-0.703,-1.18,-0.829,-0.683,-0.791,-0.65,-0.67,-0.969,-0.75,-0.715,-0.796,-1.18,-0.893,-1.032,-0.78,-0.734,-0.624,-0.903,-0.786,-0.729,-1.023,-1.18,-0.703,-0.489,-0.678,-0.467,-0.581,-0.844,-0.548,-0.524,-0.615,5
-1.096,-0.71,-0.809,-0.576,-0.487,-0.371,-0.695,-0.541,-0.489,-0.816,-1.096,-0.829,-0.783,-0.774,-0.675,-0.692,-0.915,-0.759,-0.735,-0.875,-1.096,-0.847,-1.055,-0.713,-0.72,-0.594,-0.808,-0.746,-0.701,-1.005,-1.096,-0.645,-0.543,-0.618,-0.478,-0.561,-0.77,-0.548,-0.499,-0.584,5
-1.1,-0.616,-0.618,-0.455,-0.364,-0.264,-0.642,-0.468,-0.401,-0.673,-1.1,-0.705,-0.655,-0.653,-0.571,-0.614,-0.84,-0.676,-0.632,-0.75,-1.1,-0.824,-0.965,-0.69,-0.67,-0.539,-0.854,-0.749,-0.666,-0.973,-1.1,-0.675,-0.543,-0.63,-0.493,-0.577,-0.808,-0.581,-0.552,-0.643,5
-0.978,-0.673,-0.892,-0.565,-0.596,-0.533,-0.691,-0.615,-0.577,-0.895,-0.978,-0.682,-0.708,-0.626,-0.58,-0.627,-0.785,-0.66,-0.643,-0.806,-0.978,-0.704,-0.775,-0.593,-0.528,-0.448,-0.714,-0.587,-0.552,-0.83,-0.978,-0.637,-0.62,-0.612,-0.54,-0.653,-0.776,-0.624,-0.637,-0.795,5
-1.208,-0.778,-0.826,-0.609,-0.51,-0.375,-0.777,-0.614,-0.523,-0.864,-1.208,-0.841,-0.787,-0.774,-0.646,-0.675,-0.944,-0.742,-0.696,-0.867,-1.208,-0.814,-0.912,-0.659,-0.542,-0.388,-0.824,-0.65,-0.578,-0.956,-1.208,-0.65,-0.457,-0.608,-0.408,-0.509,-0.771,-0.483,-0.445,-0.518,5
-1.182,-0.821,-0.874,-0.707,-0.613,-0.536,-0.84,-0.685,-0.644,-0.901,-1.182,-0.849,-0.773,-0.783,-0.665,-0.699,-0.946,-0.76,-0.721,-0.86,-1.182,-0.908,-1.047,-0.747,-0.705,-0.54,-0.871,-0.774,-0.687,-0.973,-1.182,-0.781,-0.712,-0.738,-0.616,-0.653,-0.895,-0.699,-0.648,-0.747,5
-0.891,-0.501,-0.653,-0.38,-0.326,-0.246,-0.506,-0.357,-0.291,-0.586,-0.891,-0.56,-0.448,-0.533,-0.398,-0.466,-0.701,-0.48,-0.468,-0.589,-0.891,-0.585,-0.776,-0.431,-0.418,-0.321,-0.557,-0.481,-0.45,-0.81,-0.891,-0.452,-0.358,-0.465,-0.335,-0.476,-0.646,-0.436,-0.433,-0.559,5
-1.405,-1.046,-1.013,-0.916,-0.781,-0.689,-1.059,-0.866,-0.792,-1.042,-1.405,-1.003,-0.858,-0.914,-0.756,-0.78,-1.076,-0.85,-0.794,-0.921,-1.405,-1.032,-1.067,-0.855,-0.743,-0.571,-1.021,-0.851,-0.732,-1.06,-1.405,-0.99,-0.818,-0.906,-0.711,-0.723,-1.066,-0.807,-0.752,-0.869,5
-1.106,-0.765,-0.914,-0.623,-0.57,-0.442,-0.752,-0.63,-0.56,-0.892,-1.106,-0.781,-0.769,-0.733,-0.667,-0.714,-0.892,-0.749,-0.739,-0.896,-1.106,-0.877,-1.057,-0.76,-0.761,-0.659,-0.867,-0.802,-0.755,-1.029,-1.106,-0.756,-0.729,-0.737,-0.633,-0.711,-0.916,-0.736,-0.709,-0.853,5
-1.121,-0.601,-0.613,-0.42,-0.333,-0.248,-0.591,-0.404,-0.331,-0.643,-1.121,-0.721,-0.508,-0.682,-0.508,-0.552,-0.858,-0.606,-0.587,-0.645,-1.121,-0.752,-0.915,-0.602,-0.571,-0.461,-0.745,-0.634,-0.564,-0.902,-1.121,-0.569,-0.405,-0.562,-0.398,-0.566,-0.717,-0.455,-0.456,-0.518,5
-0.942,-0.496,-0.66,-0.353,-0.345,-0.262,-0.511,-0.405,-0.355,-0.711,-0.942,-0.605,-0.517,-0.561,-0.443,-0.494,-0.73,-0.53,-0.504,-0.632,-0.942,-0.668,-0.802,-0.563,-0.539,-0.478,-0.677,-0.573,-0.556,-0.846,-0.942,-0.517,-0.403,-0.523,-0.414,-0.545,-0.671,-0.485,-0.484,-0.54,5
-1.224,-0.829,-0.88,-0.724,-0.613,-0.528,-0.861,-0.681,-0.638,-0.937,-1.224,-0.875,-0.795,-0.828,-0.679,-0.708,-0.995,-0.776,-0.741,-0.893,-1.224,-0.933,-1.085,-0.812,-0.771,-0.646,-0.925,-0.813,-0.759,-1.08,-1.224,-0.82,-0.699,-0.766,-0.615,-0.662,-0.928,-0.702,-0.667,-0.78,5
-1.195,-0.783,-0.798,-0.643,-0.494,-0.355,-0.79,-0.574,-0.493,-0.824,-1.195,-0.801,-0.626,-0.735,-0.539,-0.547,-0.905,-0.64,-0.579,-0.684,-1.195,-0.909,-0.942,-0.738,-0.651,-0.503,-0.87,-0.733,-0.635,-0.904,-1.195,-0.763,-0.62,-0.708,-0.55,-0.608,-0.872,-0.637,-0.587,-0.685,5
-1.114,-0.743,-0.784,-0.642,-0.526,-0.463,-0.774,-0.596,-0.569,-0.884,-1.114,-0.825,-0.752,-0.79,-0.67,-0.714,-0.951,-0.773,-0.762,-0.931,-1.114,-0.878,-1.044,-0.763,-0.731,-0.609,-0.875,-0.788,-0.745,-1.05,-1.114,-0.707,-0.684,-0.661,-0.549,-0.613,-0.817,-0.618,-0.59,-0.726,5
-1.215,-0.847,-0.914,-0.716,-0.596,-0.476,-0.851,-0.688,-0.635,-0.969,-1.215,-0.876,-0.837,-0.836,-0.72,-0.757,-1.002,-0.816,-0.784,-0.943,-1.215,-0.932,-1.065,-0.817,-0.753,-0.61,-0.934,-0.801,-0.74,-1.061,-1.215,-0.786,-0.662,-0.738,-0.573,-0.641,-0.908,-0.654,-0.613,-0.737,5
-1.141,-0.799,-0.905,-0.689,-0.628,-0.561,-0.806,-0.669,-0.635,-0.932,-1.141,-0.861,-0.853,-0.802,-0.725,-0.751,-0.951,-0.808,-0.783,-0.937,-1.141,-0.876,-0.951,-0.755,-0.684,-0.588,-0.871,-0.739,-0.696,-0.969,-1.141,-0.749,-0.707,-0.701,-0.6,-0.665,-0.862,-0.679,-0.652,-0.794,5
-1.103,-0.739,-0.79,-0.611,-0.51,-0.419,-0.723,-0.544,-0.481,-0.75,-1.103,-0.823,-0.831,-0.778,-0.723,-0.752,-0.92,-0.799,-0.783,-0.918,-1.103,-0.858,-0.959,-0.749,-0.707,-0.627,-0.861,-0.76,-0.715,-0.969,-1.103,-0.71,-0.615,-0.674,-0.568,-0.648,-0.839,-0.657,-0.653,-0.772,5
-1.279,-0.928,-0.974,-0.802,-0.709,-0.624,-0.945,-0.786,-0.727,-1.008,-1.279,-0.928,-0.811,-0.86,-0.703,-0.725,-1.025,-0.803,-0.757,-0.891,-1.279,-0.936,-1.059,-0.776,-0.696,-0.52,-0.937,-0.789,-0.683,-1.043,-1.279,-0.853,-0.698,-0.786,-0.631,-0.682,-0.953,-0.72,-0.673,-0.763,5
-1.077,-0.645,-0.892,-0.521,-0.503,-0.411,-0.672,-0.584,-0.546,-0.96,-1.077,-0.731,-0.666,-0.711,-0.607,-0.695,-0.895,-0.713,-0.716,-0.872,-1.077,-0.855,-1.038,-0.748,-0.742,-0.645,-0.843,-0.762,-0.721,-0.98,-1.077,-0.676,-0.687,-0.666,-0.588,-0.707,-0.833,-0.666,-0.646,-0.784,5
-1.148,-0.689,-0.761,-0.529,-0.44,-0.306,-0.686,-0.511,-0.42,-0.756,-1.148,-0.746,-0.611,-0.691,-0.541,-0.579,-0.86,-0.63,-0.579,-0.676,-1.148,-0.812,-0.895,-0.685,-0.611,-0.488,-0.851,-0.699,-0.617,-0.932,-1.148,-0.699,-0.494,-0.671,-0.476,-0.552,-0.857,-0.587,-0.563,-0.657,5
-1.167,-0.767,-0.803,-0.651,-0.528,-0.422,-0.799,-0.607,-0.536,-0.817,-1.167,-0.832,-0.744,-0.803,-0.669,-0.714,-0.982,-0.774,-0.738,-0.875,-1.167,-0.918,-1.086,-0.826,-0.807,-0.72,-0.936,-0.842,-0.813,-1.098,-1.167,-0.782,-0.648,-0.752,-0.609,-0.658,-0.918,-0.702,-0.66,-0.752,5
-1.212,-0.835,-0.89,-0.712,-0.61,-0.518,-0.851,-0.691,-0.644,-0.921,-1.212,-0.846,-0.8,-0.78,-0.672,-0.714,-0.95,-0.766,-0.724,-0.875,-1.212,-0.921,-1.065,-0.766,-0.721,-0.569,-0.894,-0.791,-0.714,-1.006,-1.212,-0.802,-0.732,-0.76,-0.63,-0.683,-0.915,-0.712,-0.669,-0.77,5
-0.826,-0.617,-0.781,-0.568,-0.586,-0.533,-0.675,-0.611,-0.587,-0.796,-0.826,-0.654,-0.641,-0.699,-0.63,-0.692,-0.876,-0.748,-0.746,-0.84,-0.826,-0.648,-0.832,-0.56,-0.575,-0.528,-0.664,-0.615,-0.601,-0.859,-0.826,-0.585,-0.427,-0.559,-0.409,-0.424,-0.707,-0.517,-0.483,-0.581,5
-1.169,-0.804,-0.892,-0.68,-0.622,-0.528,-0.826,-0.665,-0.593,-0.867,-1.169,-0.846,-0.692,-0.788,-0.626,-0.617,-0.942,-0.719,-0.664,-0.759,-1.169,-0.911,-0.988,-0.787,-0.721,-0.592,-0.895,-0.775,-0.701,-0.948,-1.169,-0.825,-0.626,-0.763,-0.58,-0.609,-0.93,-0.69,-0.645,-0.752,5
-0.846,-0.498,-0.672,-0.389,-0.355,-0.278,-0.498,-0.382,-0.345,-0.68,-0.846,-0.568,-0.62,-0.562,-0.525,-0.598,-0.728,-0.602,-0.607,-0.762,-0.846,-0.614,-0.818,-0.517,-0.546,-0.503,-0.608,-0.556,-0.538,-0.783,-0.846,-0.512,-0.374,-0.546,-0.409,-0.493,-0.699,-0.486,-0.46,-0.492,5
-1.113,-0.736,-0.902,-0.618,-0.564,-0.453,-0.757,-0.635,-0.588,-0.956,-1.113,-0.809,-0.754,-0.784,-0.668,-0.716,-0.956,-0.757,-0.728,-0.868,-1.113,-0.817,-1.02,-0.698,-0.683,-0.546,-0.828,-0.719,-0.657,-1.006,-1.113,-0.675,-0.653,-0.641,-0.557,-0.657,-0.801,-0.615,-0.596,-0.717,5
-1.098,-0.802,-0.868,-0.69,-0.596,-0.523,-0.814,-0.658,-0.617,-0.867,-1.098,-0.789,-0.813,-0.749,-0.687,-0.763,-0.914,-0.776,-0.778,-0.959,-1.098,-0.808,-1.006,-0.663,-0.649,-0.506,-0.781,-0.695,-0.628,-0.968,-1.098,-0.732,-0.64,-0.674,-0.543,-0.575,-0.839,-0.635,-0.6,-0.733,5
-1.092,-0.623,-0.629,-0.452,-0.348,-0.278,-0.611,-0.404,-0.312,-0.575,-1.092,-0.708,-0.523,-0.657,-0.491,-0.532,-0.812,-0.568,-0.526,-0.59,-1.092,-0.784,-0.868,-0.633,-0.547,-0.434,-0.763,-0.62,-0.553,-0.848,-1.092,-0.613,-0.335,-0.577,-0.341,-0.426,-0.744,-0.422,-0.39,-0.448,5
-1.239,-0.879,-0.906,-0.753,-0.636,-0.537,-0.882,-0.704,-0.645,-0.93,-1.239,-0.947,-0.9,-0.887,-0.789,-0.79,-1.035,-0.876,-0.83,-0.964,-1.239,-0.956,-1.049,-0.82,-0.753,-0.632,-0.936,-0.815,-0.74,-1.007,-1.239,-0.802,-0.675,-0.742,-0.581,-0.621,-0.894,-0.654,-0.617,-0.726,5
-1.045,-0.728,-0.841,-0.618,-0.564,-0.494,-0.719,-0.598,-0.564,-0.836,-1.045,-0.79,-0.748,-0.754,-0.654,-0.68,-0.897,-0.739,-0.721,-0.867,-1.045,-0.819,-0.924,-0.709,-0.645,-0.54,-0.784,-0.664,-0.623,-0.883,-1.045,-0.669,-0.568,-0.625,-0.475,-0.5,-0.792,-0.561,-0.5,-0.633,5
-1.124,-0.626,-0.81,-0.474,-0.43,-0.324,-0.64,-0.505,-0.44,-0.831,-1.124,-0.698,-0.55,-0.646,-0.482,-0.554,-0.826,-0.569,-0.531,-0.633,-1.124,-0.698,-0.821,-0.546,-0.474,-0.328,-0.737,-0.575,-0.479,-0.848,-1.124,-0.62,-0.413,-0.586,-0.42,-0.507,-0.749,-0.5,-0.486,-0.524,5
-1.152,-0.823,-0.821,-0.71,-0.6,-0.543,-0.833,-0.673,-0.629,-0.904,-1.152,-0.81,-0.676,-0.765,-0.621,-0.648,-0.932,-0.724,-0.679,-0.783,-1.152,-0.851,-0.917,-0.745,-0.671,-0.592,-0.89,-0.752,-0.709,-0.997,-1.152,-0.809,-0.62,-0.79,-0.625,-0.677,-0.962,-0.735,-0.71,-0.785,5
-1.105,-0.706,-0.76,-0.575,-0.49,-0.415,-0.713,-0.572,-0.53,-0.865,-1.105,-0.749,-0.738,-0.73,-0.641,-0.75,-0.917,-0.752,-0.766,-0.948,-1.105,-0.781,-0.899,-0.678,-0.618,-0.545,-0.822,-0.687,-0.658,-0.983,-1.105,-0.677,-0.477,-0.672,-0.491,-0.574,-0.836,-0.575,-0.549,-0.569,5
-1.225,-0.768,-0.821,-0.607,-0.523,-0.411,-0.778,-0.593,-0.497,-0.819,-1.225,-0.865,-0.698,-0.797,-0.641,-0.635,-0.962,-0.739,-0.679,-0.763,-1.225,-0.874,-0.901,-0.713,-0.6,-0.451,-0.853,-0.688,-0.603,-0.911,-1.225,-0.713,-0.431,-0.653,-0.425,-0.491,-0.812,-0.501,-0.47,-0.509,5
-1.199,-0.86,-0.904,-0.735,-0.623,-0.52,-0.856,-0.675,-0.619,-0.892,-1.199,-0.905,-0.836,-0.853,-0.733,-0.741,-0.998,-0.82,-0.78,-0.91,-1.199,-0.961,-1.081,-0.837,-0.794,-0.675,-0.938,-0.837,-0.769,-1.016,-1.199,-0.839,-0.69,-0.786,-0.632,-0.646,-0.95,-0.737,-0.677,-0.77,5
-1.228,-0.706,-0.716,-0.514,-0.36,-0.285,-0.696,-0.497,-0.429,-0.746,-1.228,-0.789,-0.604,-0.732,-0.562,-0.629,-0.907,-0.653,-0.619,-0.71,-1.228,-0.882,-0.952,-0.766,-0.685,-0.575,-0.926,-0.768,-0.705,-1.033,-1.228,-0.689,-0.449,-0.678,-0.463,-0.55,-0.846,-0.545,-0.503,-0.537,5
-1.352,-0.928,-0.915,-0.755,-0.624,-0.511,-0.922,-0.736,-0.644,-0.942,-1.352,-0.954,-0.778,-0.866,-0.685,-0.7,-1.024,-0.774,-0.726,-0.828,-1.352,-0.959,-1.008,-0.775,-0.664,-0.492,-0.946,-0.782,-0.666,-1.013,-1.352,-0.836,-0.613,-0.764,-0.56,-0.626,-0.931,-0.655,-0.605,-0.693,5
-1.274,-0.714,-0.6,-0.527,-0.345,-0.208,-0.72,-0.452,-0.326,-0.598,-1.274,-0.823,-0.569,-0.755,-0.513,-0.542,-0.932,-0.625,-0.566,-0.668,-1.274,-0.917,-0.917,-0.764,-0.635,-0.515,-0.916,-0.725,-0.644,-0.945,-1.274,-0.737,-0.453,-0.683,-0.449,-0.512,-0.839,-0.532,-0.472,-0.503,5
-1.238,-0.784,-0.696,-0.619,-0.438,-0.346,-0.766,-0.528,-0.457,-0.718,-1.238,-0.796,-0.556,-0.749,-0.528,-0.558,-0.918,-0.626,-0.561,-0.616,-1.238,-0.91,-0.939,-0.727,-0.619,-0.45,-0.889,-0.715,-0.597,-0.879,-1.238,-0.804,-0.544,-0.742,-0.522,-0.558,-0.906,-0.615,-0.56,-0.633,5
-1.12,-0.663,-0.797,-0.505,-0.438,-0.329,-0.68,-0.544,-0.463,-0.838,-1.12,-0.735,-0.637,-0.689,-0.557,-0.625,-0.874,-0.652,-0.627,-0.767,-1.12,-0.767,-0.894,-0.652,-0.594,-0.488,-0.809,-0.664,-0.611,-0.964,-1.12,-0.612,-0.419,-0.641,-0.437,-0.561,-0.801,-0.523,-0.492,-0.54,5
-0.904,-0.552,-0.654,-0.407,-0.378,-0.335,-0.513,-0.418,-0.396,-0.684,-0.904,-0.669,-0.579,-0.671,-0.575,-0.64,-0.839,-0.697,-0.689,-0.834,-0.904,-0.737,-0.953,-0.619,-0.658,-0.525,-0.71,-0.678,-0.609,-0.85,-0.904,-0.559,-0.352,-0.56,-0.432,-0.499,-0.725,-0.523,-0.516,-0.521,5
-1.15,-0.855,-0.854,-0.778,-0.684,-0.647,-0.881,-0.724,-0.696,-0.887,-1.15,-0.878,-0.85,-0.863,-0.776,-0.829,-1.028,-0.876,-0.868,-1.014,-1.15,-0.911,-1.034,-0.817,-0.791,-0.704,-0.943,-0.842,-0.787,-1.036,-1.15,-0.842,-0.621,-0.809,-0.603,-0.603,-0.974,-0.728,-0.683,-0.772,5
-0.996,-0.58,-0.562,-0.439,-0.355,-0.291,-0.555,-0.382,-0.345,-0.566,-0.996,-0.645,-0.37,-0.618,-0.391,-0.412,-0.773,-0.501,-0.455,-0.506,-0.996,-0.797,-0.917,-0.682,-0.654,-0.546,-0.77,-0.684,-0.629,-0.853,-0.996,-0.659,-0.474,-0.665,-0.519,-0.58,-0.85,-0.631,-0.622,-0.662,5
-1.111,-0.667,-0.807,-0.553,-0.509,-0.436,-0.698,-0.578,-0.554,-0.91,-1.111,-0.796,-0.852,-0.761,-0.714,-0.763,-0.934,-0.802,-0.777,-0.942,-1.111,-0.845,-1.074,-0.74,-0.742,-0.604,-0.871,-0.789,-0.747,-1.12,-1.111,-0.653,-0.539,-0.635,-0.487,-0.569,-0.796,-0.563,-0.528,-0.605,5
-1.422,-1.096,-1.064,-0.976,-0.852,-0.751,-1.113,-0.938,-0.869,-1.107,-1.422,-1.064,-0.903,-0.984,-0.812,-0.818,-1.139,-0.912,-0.862,-0.978,-1.422,-1.086,-1.084,-0.931,-0.805,-0.649,-1.08,-0.898,-0.789,-1.073,-1.422,-1.045,-0.856,-0.958,-0.757,-0.739,-1.115,-0.853,-0.782,-0.883,5
-1.037,-0.634,-0.894,-0.504,-0.49,-0.371,-0.654,-0.575,-0.53,-0.969,-1.037,-0.719,-0.647,-0.694,-0.584,-0.646,-0.868,-0.687,-0.682,-0.817,-1.037,-0.824,-1.009,-0.719,-0.72,-0.627,-0.807,-0.74,-0.702,-0.943,-1.037,-0.664,-0.631,-0.653,-0.542,-0.647,-0.815,-0.618,-0.586,-0.703,5
-1.109,-0.586,-0.563,-0.407,-0.264,-0.172,-0.598,-0.375,-0.326,-0.643,-1.109,-0.671,-0.599,-0.614,-0.513,-0.569,-0.793,-0.602,-0.567,-0.675,-1.109,-0.792,-0.977,-0.638,-0.619,-0.469,-0.811,-0.709,-0.617,-0.961,-1.109,-0.639,-0.501,-0.609,-0.448,-0.58,-0.777,-0.516,-0.499,-0.561,5
-0.929,-0.682,-0.776,-0.639,-0.607,-0.557,-0.779,-0.671,-0.646,-0.879,-0.929,-0.715,-0.674,-0.745,-0.651,-0.71,-0.929,-0.773,-0.767,-0.888,-0.929,-0.746,-0.888,-0.66,-0.655,-0.588,-0.763,-0.703,-0.667,-0.902,-0.929,-0.665,-0.513,-0.618,-0.46,-0.463,-0.76,-0.557,-0.513,-0.61,5
-1.107,-0.754,-0.949,-0.652,-0.625,-0.546,-0.779,-0.671,-0.639,-0.977,-1.107,-0.868,-0.894,-0.834,-0.797,-0.852,-0.981,-0.875,-0.878,-1.038,-1.107,-0.872,-1.105,-0.749,-0.777,-0.661,-0.823,-0.777,-0.738,-1.042,-1.107,-0.684,-0.702,-0.643,-0.583,-0.7,-0.788,-0.629,-0.622,-0.771,5
-1.101,-0.711,-0.704,-0.571,-0.434,-0.317,-0.702,-0.508,-0.444,-0.692,-1.101,-0.778,-0.619,-0.714,-0.55,-0.541,-0.871,-0.648,-0.594,-0.696,-1.101,-0.819,-0.898,-0.66,-0.586,-0.421,-0.775,-0.656,-0.56,-0.868,-1.101,-0.678,-0.438,-0.625,-0.405,-0.417,-0.793,-0.513,-0.44,-0.515,5
-1.321,-0.831,-0.706,-0.654,-0.455,-0.333,-0.849,-0.581,-0.464,-0.716,-1.321,-0.922,-0.7,-0.867,-0.65,-0.66,-1.05,-0.768,-0.712,-0.81,-1.321,-1.009,-1.016,-0.881,-0.753,-0.638,-1.024,-0.83,-0.748,-1.015,-1.321,-0.838,-0.563,-0.779,-0.564,-0.596,-0.951,-0.663,-0.609,-0.651,5
-1.192,-0.589,-0.445,-0.417,-0.234,-0.167,-0.589,-0.311,-0.229,-0.456,-1.192,-0.78,-0.602,-0.74,-0.57,-0.633,-0.915,-0.672,-0.649,-0.748,-1.192,-0.814,-0.861,-0.652,-0.566,-0.463,-0.838,-0.678,-0.59,-0.881,-1.192,-0.602,-0.31,-0.575,-0.351,-0.471,-0.714,-0.406,-0.39,-0.385,5
-1.141,-0.732,-0.811,-0.581,-0.501,-0.434,-0.734,-0.584,-0.534,-0.869,-1.141,-0.77,-0.624,-0.718,-0.577,-0.619,-0.897,-0.681,-0.662,-0.783,-1.141,-0.757,-0.814,-0.579,-0.495,-0.33,-0.762,-0.61,-0.494,-0.854,-1.141,-0.663,-0.45,-0.598,-0.438,-0.479,-0.762,-0.519,-0.465,-0.526,5
-1.152,-0.631,-0.639,-0.456,-0.357,-0.281,-0.638,-0.449,-0.374,-0.695,-1.152,-0.757,-0.633,-0.706,-0.591,-0.628,-0.883,-0.677,-0.65,-0.729,-1.152,-0.795,-0.939,-0.651,-0.608,-0.493,-0.796,-0.669,-0.602,-0.929,-1.152,-0.605,-0.402,-0.577,-0.395,-0.533,-0.733,-0.454,-0.443,-0.511,5
-1.191,-0.84,-0.884,-0.745,-0.63,-0.572,-0.88,-0.706,-0.681,-0.981,-1.191,-0.885,-0.855,-0.87,-0.766,-0.824,-1.04,-0.867,-0.863,-1.038,-1.191,-0.946,-1.08,-0.843,-0.798,-0.681,-0.957,-0.853,-0.801,-1.088,-1.191,-0.803,-0.765,-0.756,-0.638,-0.681,-0.916,-0.717,-0.681,-0.812,5
-1.3,-0.854,-0.965,-0.719,-0.613,-0.448,-0.892,-0.696,-0.596,-0.964,-1.3,-0.919,-0.873,-0.883,-0.766,-0.821,-1.055,-0.846,-0.824,-0.963,-1.3,-1.051,-1.106,-0.957,-0.877,-0.789,-1.058,-0.917,-0.868,-1.089,-1.3,-0.858,-0.724,-0.792,-0.618,-0.675,-0.958,-0.702,-0.66,-0.79,5
-1.288,-0.916,-0.876,-0.768,-0.623,-0.495,-0.899,-0.69,-0.612,-0.863,-1.288,-0.879,-0.725,-0.801,-0.632,-0.634,-0.963,-0.718,-0.639,-0.738,-1.288,-0.899,-0.921,-0.744,-0.607,-0.444,-0.924,-0.716,-0.605,-0.951,-1.288,-0.847,-0.715,-0.801,-0.627,-0.682,-0.986,-0.728,-0.69,-0.813,5
-1.115,-0.786,-0.936,-0.666,-0.646,-0.557,-0.803,-0.687,-0.625,-0.937,-1.115,-0.792,-0.767,-0.736,-0.644,-0.687,-0.896,-0.731,-0.711,-0.878,-1.115,-0.864,-0.921,-0.75,-0.679,-0.581,-0.855,-0.732,-0.683,-0.93,-1.115,-0.758,-0.757,-0.708,-0.63,-0.709,-0.862,-0.703,-0.697,-0.851,5
-1.108,-0.711,-0.632,-0.536,-0.402,-0.329,-0.675,-0.472,-0.376,-0.58,-1.108,-0.731,-0.612,-0.682,-0.552,-0.606,-0.851,-0.639,-0.625,-0.746,-1.108,-0.829,-0.899,-0.718,-0.637,-0.526,-0.851,-0.709,-0.652,-0.932,-1.108,-0.688,-0.469,-0.639,-0.433,-0.499,-0.831,-0.542,-0.509,-0.613,5
-1.237,-0.652,-0.54,-0.469,-0.304,-0.207,-0.638,-0.384,-0.283,-0.528,-1.237,-0.828,-0.666,-0.76,-0.599,-0.63,-0.928,-0.692,-0.649,-0.747,-1.237,-0.882,-0.936,-0.7,-0.615,-0.454,-0.866,-0.704,-0.595,-0.909,-1.237,-0.655,-0.314,-0.598,-0.337,-0.392,-0.75,-0.405,-0.358,-0.334,5
-1.275,-0.983,-1.015,-0.873,-0.771,-0.68,-0.985,-0.834,-0.782,-1.027,-1.275,-0.984,-0.923,-0.926,-0.81,-0.825,-1.071,-0.903,-0.877,-1.04,-1.275,-1.004,-1.086,-0.872,-0.785,-0.639,-0.979,-0.842,-0.776,-1.072,-1.275,-0.911,-0.776,-0.836,-0.667,-0.672,-0.991,-0.757,-0.703,-0.834,5
-1.038,-0.752,-0.854,-0.63,-0.601,-0.553,-0.748,-0.653,-0.609,-0.871,-1.038,-0.769,-0.719,-0.726,-0.634,-0.67,-0.886,-0.742,-0.722,-0.87,-1.038,-0.773,-0.911,-0.624,-0.587,-0.444,-0.739,-0.649,-0.572,-0.871,-1.038,-0.677,-0.598,-0.636,-0.514,-0.57,-0.812,-0.613,-0.578,-0.709,5
-1.173,-0.75,-0.795,-0.577,-0.494,-0.383,-0.736,-0.589,-0.497,-0.782,-1.173,-0.811,-0.643,-0.751,-0.597,-0.645,-0.919,-0.694,-0.668,-0.757,-1.173,-0.828,-0.98,-0.669,-0.632,-0.484,-0.835,-0.715,-0.621,-0.956,-1.173,-0.707,-0.504,-0.683,-0.507,-0.569,-0.854,-0.596,-0.549,-0.591,5
-1.119,-0.723,-0.732,-0.583,-0.437,-0.296,-0.716,-0.509,-0.437,-0.75,-1.119,-0.748,-0.606,-0.712,-0.545,-0.571,-0.887,-0.647,-0.601,-0.712,-1.119,-0.844,-0.953,-0.709,-0.664,-0.541,-0.847,-0.735,-0.654,-0.919,-1.119,-0.694,-0.521,-0.664,-0.487,-0.572,-0.841,-0.587,-0.553,-0.654,5
-1.241,-0.796,-0.752,-0.665,-0.524,-0.43,-0.841,-0.622,-0.555,-0.805,-1.241,-0.87,-0.758,-0.808,-0.675,-0.697,-0.986,-0.788,-0.741,-0.863,-1.241,-0.956,-1.044,-0.815,-0.756,-0.615,-0.96,-0.838,-0.747,-1.035,-1.241,-0.821,-0.675,-0.756,-0.597,-0.634,-0.924,-0.699,-0.648,-0.75,5
-1.101,-0.77,-0.835,-0.639,-0.542,-0.433,-0.762,-0.609,-0.541,-0.817,-1.101,-0.76,-0.819,-0.709,-0.671,-0.733,-0.873,-0.756,-0.74,-0.917,-1.101,-0.803,-0.98,-0.669,-0.643,-0.508,-0.799,-0.704,-0.651,-1.004,-1.101,-0.71,-0.588,-0.661,-0.502,-0.552,-0.835,-0.603,-0.566,-0.707,5
-1.172,-0.796,-0.887,-0.673,-0.557,-0.437,-0.805,-0.633,-0.579,-0.912,-1.172,-0.834,-0.793,-0.796,-0.679,-0.719,-0.961,-0.778,-0.748,-0.906,-1.172,-0.906,-1.043,-0.785,-0.743,-0.616,-0.89,-0.783,-0.729,-1.029,-1.172,-0.761,-0.648,-0.701,-0.555,-0.611,-0.866,-0.633,-0.593,-0.723,5
-0.653,-0.374,-0.608,-0.247,-0.28,-0.218,-0.353,-0.291,-0.24,-0.527,-0.653,-0.439,-0.499,-0.396,-0.391,-0.459,-0.559,-0.473,-0.46,-0.63,-0.653,-0.453,-0.681,-0.391,-0.431,-0.395,-0.5,-0.463,-0.489,-0.814,-0.653,-0.359,-0.441,-0.374,-0.374,-0.523,-0.561,-0.467,-0.52,-0.704,5
-1.189,-0.784,-0.813,-0.63,-0.519,-0.439,-0.788,-0.613,-0.549,-0.85,-1.189,-0.822,-0.659,-0.754,-0.592,-0.626,-0.925,-0.698,-0.671,-0.789,-1.189,-0.805,-0.861,-0.614,-0.52,-0.355,-0.802,-0.645,-0.524,-0.865,-1.189,-0.719,-0.51,-0.641,-0.48,-0.523,-0.803,-0.559,-0.501,-0.566,5
-1.01,-0.551,-0.537,-0.389,-0.298,-0.223,-0.489,-0.31,-0.256,-0.497,-1.01,-0.676,-0.41,-0.628,-0.42,-0.425,-0.768,-0.507,-0.457,-0.493,-1.01,-0.826,-0.933,-0.7,-0.703,-0.619,-0.772,-0.727,-0.678,-0.869,-1.01,-0.6,-0.38,-0.602,-0.41,-0.505,-0.781,-0.516,-0.503,-0.536,5
-1.086,-0.601,-0.575,-0.442,-0.311,-0.213,-0.629,-0.422,-0.33,-0.592,-1.086,-0.694,-0.476,-0.661,-0.46,-0.511,-0.832,-0.56,-0.521,-0.574,-1.086,-0.81,-0.899,-0.665,-0.616,-0.516,-0.787,-0.669,-0.592,-0.821,-1.086,-0.653,-0.522,-0.618,-0.487,-0.583,-0.774,-0.559,-0.53,-0.618,5
-1.192,-0.722,-0.81,-0.569,-0.478,-0.376,-0.746,-0.577,-0.504,-0.857,-1.192,-0.771,-0.667,-0.706,-0.579,-0.62,-0.881,-0.672,-0.613,-0.723,-1.192,-0.81,-0.899,-0.655,-0.565,-0.438,-0.836,-0.671,-0.59,-0.938,-1.192,-0.71,-0.574,-0.647,-0.499,-0.581,-0.819,-0.579,-0.559,-0.657,5
-1.293,-0.808,-0.799,-0.621,-0.461,-0.337,-0.804,-0.575,-0.493,-0.825,-1.293,-0.845,-0.783,-0.752,-0.634,-0.671,-0.915,-0.714,-0.657,-0.79,-1.293,-0.995,-1.029,-0.862,-0.766,-0.653,-0.991,-0.836,-0.765,-1.023,-1.293,-0.857,-0.642,-0.776,-0.561,-0.583,-0.948,-0.664,-0.61,-0.722,5
-1.021,-0.655,-0.812,-0.552,-0.514,-0.467,-0.673,-0.562,-0.556,-0.895,-1.021,-0.733,-0.746,-0.704,-0.655,-0.717,-0.871,-0.748,-0.753,-0.925,-1.021,-0.752,-0.931,-0.627,-0.612,-0.478,-0.752,-0.658,-0.599,-0.938,-1.021,-0.618,-0.513,-0.58,-0.457,-0.539,-0.736,-0.524,-0.497,-0.597,5
-1.151,-0.664,-0.617,-0.518,-0.382,-0.322,-0.695,-0.449,-0.361,-0.621,-1.151,-0.756,-0.578,-0.737,-0.561,-0.607,-0.929,-0.665,-0.629,-0.696,-1.151,-0.866,-1.009,-0.761,-0.741,-0.649,-0.904,-0.805,-0.756,-1.032,-1.151,-0.708,-0.494,-0.678,-0.479,-0.566,-0.848,-0.569,-0.547,-0.634,5
-1.267,-0.924,-0.956,-0.82,-0.73,-0.675,-0.972,-0.812,-0.762,-1.03,-1.267,-0.9,-0.731,-0.847,-0.674,-0.723,-1.02,-0.783,-0.757,-0.882,-1.267,-0.925,-0.968,-0.77,-0.665,-0.507,-0.923,-0.757,-0.657,-0.989,-1.267,-0.899,-0.768,-0.816,-0.674,-0.677,-0.973,-0.766,-0.719,-0.837,5
-1.038,-0.602,-0.637,-0.4,-0.334,-0.218,-0.582,-0.447,-0.352,-0.678,-1.038,-0.661,-0.338,-0.627,-0.368,-0.385,-0.792,-0.491,-0.438,-0.471,-1.038,-0.831,-0.957,-0.681,-0.672,-0.538,-0.77,-0.711,-0.634,-0.89,-1.038,-0.671,-0.522,-0.618,-0.461,-0.5,-0.793,-0.557,-0.515,-0.613,5
-1.307,-0.883,-0.929,-0.751,-0.611,-0.487,-0.898,-0.688,-0.614,-0.944,-1.307,-0.892,-0.853,-0.831,-0.702,-0.748,-1.0,-0.786,-0.747,-0.917,-1.307,-1.067,-1.168,-0.958,-0.9,-0.793,-1.055,-0.949,-0.904,-1.175,-1.307,-0.925,-0.837,-0.859,-0.71,-0.736,-1.016,-0.792,-0.736,-0.86,5
-0.978,-0.514,-0.611,-0.37,-0.306,-0.186,-0.509,-0.39,-0.329,-0.685,-0.978,-0.605,-0.392,-0.572,-0.419,-0.495,-0.721,-0.491,-0.493,-0.558,-0.978,-0.659,-0.855,-0.505,-0.505,-0.385,-0.652,-0.569,-0.496,-0.866,-0.978,-0.522,-0.35,-0.54,-0.381,-0.481,-0.701,-0.466,-0.435,-0.477,5
-1.239,-0.775,-0.888,-0.674,-0.575,-0.478,-0.845,-0.654,-0.593,-0.96,-1.239,-0.808,-0.784,-0.782,-0.666,-0.748,-0.972,-0.761,-0.738,-0.902,-1.239,-0.989,-1.121,-0.881,-0.843,-0.725,-0.996,-0.9,-0.847,-1.132,-1.239,-0.849,-0.776,-0.793,-0.661,-0.698,-0.952,-0.752,-0.711,-0.843,5
-1.048,-0.637,-0.712,-0.494,-0.411,-0.328,-0.641,-0.49,-0.442,-0.789,-1.048,-0.704,-0.604,-0.661,-0.516,-0.571,-0.837,-0.626,-0.608,-0.75,-1.048,-0.725,-0.862,-0.577,-0.531,-0.378,-0.718,-0.602,-0.525,-0.878,-1.048,-0.642,-0.418,-0.619,-0.444,-0.476,-0.767,-0.506,-0.453,-0.433,5
-1.211,-0.734,-0.782,-0.574,-0.458,-0.367,-0.734,-0.561,-0.498,-0.839,-1.211,-0.81,-0.64,-0.754,-0.589,-0.637,-0.932,-0.689,-0.656,-0.772,-1.211,-0.873,-0.953,-0.752,-0.669,-0.543,-0.901,-0.742,-0.675,-1.007,-1.211,-0.7,-0.5,-0.685,-0.5,-0.565,-0.843,-0.578,-0.52,-0.555,5
-1.331,-0.859,-0.76,-0.703,-0.529,-0.426,-0.892,-0.642,-0.531,-0.77,-1.331,-0.932,-0.74,-0.884,-0.684,-0.716,-1.071,-0.804,-0.759,-0.874,-1.331,-1.018,-1.02,-0.887,-0.76,-0.637,-1.035,-0.844,-0.757,-1.022,-1.331,-0.843,-0.544,-0.78,-0.542,-0.566,-0.953,-0.646,-0.588,-0.632,5
-1.108,-0.722,-0.726,-0.543,-0.452,-0.368,-0.663,-0.506,-0.41,-0.619,-1.108,-0.763,-0.576,-0.727,-0.567,-0.626,-0.884,-0.655,-0.625,-0.692,-1.108,-0.797,-0.929,-0.658,-0.614,-0.498,-0.819,-0.696,-0.622,-0.934,-1.108,-0.703,-0.494,-0.678,-0.486,-0.546,-0.857,-0.585,-0.523,-0.594,5
-0.543,-0.378,-0.61,-0.337,-0.427,-0.408,-0.421,-0.43,-0.44,-0.664,-0.543,-0.433,-0.563,-0.532,-0.571,-0.713,-0.731,-0.693,-0.747,-0.885,-0.543,-0.397,-0.747,-0.346,-0.478,-0.478,-0.48,-0.518,-0.543,-0.847,-0.543,-0.344,-0.265,-0.399,-0.308,-0.398,-0.61,-0.466,-0.489,-0.628,5
-1.119,-0.616,-0.785,-0.478,-0.41,-0.325,-0.662,-0.536,-0.486,-0.874,-1.119,-0.739,-0.603,-0.699,-0.561,-0.64,-0.888,-0.657,-0.638,-0.755,-1.119,-0.808,-0.983,-0.68,-0.663,-0.536,-0.806,-0.702,-0.641,-0.964,-1.119,-0.635,-0.488,-0.625,-0.475,-0.527,-0.771,-0.54,-0.468,-0.505,5
-1.11,-0.659,-0.796,-0.512,-0.424,-0.257,-0.661,-0.495,-0.41,-0.792,-1.11,-0.772,-0.624,-0.739,-0.597,-0.612,-0.909,-0.694,-0.658,-0.74,-1.11,-0.864,-0.992,-0.765,-0.754,-0.691,-0.869,-0.796,-0.763,-1.029,-1.11,-0.657,-0.575,-0.636,-0.496,-0.556,-0.806,-0.586,-0.52,-0.619,5
-1.114,-0.772,-0.934,-0.65,-0.606,-0.509,-0.782,-0.671,-0.631,-0.989,-1.114,-0.804,-0.753,-0.78,-0.679,-0.735,-0.954,-0.775,-0.757,-0.9,-1.114,-0.805,-0.947,-0.697,-0.652,-0.533,-0.83,-0.702,-0.642,-0.968,-1.114,-0.684,-0.638,-0.648,-0.545,-0.644,-0.814,-0.612,-0.597,-0.725,5
-1.069,-0.61,-0.714,-0.469,-0.367,-0.233,-0.653,-0.481,-0.405,-0.762,-1.069,-0.677,-0.526,-0.649,-0.474,-0.534,-0.838,-0.58,-0.533,-0.64,-1.069,-0.867,-1.009,-0.726,-0.738,-0.615,-0.827,-0.796,-0.728,-0.996,-1.069,-0.686,-0.608,-0.66,-0.553,-0.59,-0.835,-0.659,-0.612,-0.701,5
-1.034,-0.635,-0.756,-0.507,-0.457,-0.348,-0.65,-0.51,-0.447,-0.753,-1.034,-0.73,-0.687,-0.714,-0.616,-0.665,-0.89,-0.732,-0.715,-0.853,-1.034,-0.708,-0.914,-0.544,-0.511,-0.345,-0.68,-0.602,-0.536,-0.939,-1.034,-0.547,-0.368,-0.555,-0.394,-0.515,-0.701,-0.467,-0.471,-0.494,5
-1.231,-0.659,-0.703,-0.49,-0.389,-0.253,-0.692,-0.501,-0.389,-0.713,-1.231,-0.754,-0.534,-0.704,-0.519,-0.559,-0.884,-0.609,-0.548,-0.59,-1.231,-0.906,-0.929,-0.745,-0.637,-0.49,-0.912,-0.734,-0.634,-0.945,-1.231,-0.735,-0.488,-0.679,-0.455,-0.497,-0.852,-0.557,-0.498,-0.552,5
-1.126,-0.633,-0.665,-0.462,-0.402,-0.339,-0.618,-0.468,-0.407,-0.66,-1.126,-0.779,-0.589,-0.729,-0.563,-0.588,-0.895,-0.674,-0.622,-0.689,-1.126,-0.901,-0.988,-0.788,-0.741,-0.629,-0.88,-0.767,-0.698,-0.907,-1.126,-0.694,-0.482,-0.672,-0.476,-0.57,-0.847,-0.564,-0.537,-0.591,5
-1.061,-0.563,-0.568,-0.409,-0.32,-0.193,-0.599,-0.422,-0.323,-0.618,-1.061,-0.634,-0.27,-0.628,-0.387,-0.402,-0.798,-0.489,-0.437,-0.422,-1.061,-0.835,-0.915,-0.701,-0.678,-0.544,-0.83,-0.737,-0.657,-0.926,-1.061,-0.705,-0.431,-0.703,-0.478,-0.524,-0.884,-0.6,-0.571,-0.622,5
-1.1,-0.729,-0.827,-0.617,-0.526,-0.431,-0.752,-0.578,-0.529,-0.84,-1.1,-0.803,-0.734,-0.766,-0.649,-0.669,-0.925,-0.745,-0.71,-0.845,-1.1,-0.867,-1.019,-0.75,-0.727,-0.614,-0.851,-0.764,-0.705,-0.962,-1.1,-0.729,-0.631,-0.685,-0.557,-0.608,-0.849,-0.648,-0.602,-0.712,5
-1.007,-0.732,-0.867,-0.635,-0.625,-0.575,-0.74,-0.659,-0.633,-0.908,-1.007,-0.749,-0.7,-0.705,-0.624,-0.652,-0.865,-0.732,-0.717,-0.871,-1.007,-0.739,-0.906,-0.624,-0.616,-0.511,-0.749,-0.667,-0.625,-0.935,-1.007,-0.673,-0.656,-0.644,-0.561,-0.629,-0.819,-0.663,-0.64,-0.784,5
-1.075,-0.666,-0.591,-0.527,-0.392,-0.333,-0.647,-0.439,-0.395,-0.602,-1.075,-0.767,-0.592,-0.735,-0.587,-0.625,-0.898,-0.684,-0.654,-0.737,-1.075,-0.874,-0.951,-0.764,-0.722,-0.651,-0.861,-0.781,-0.742,-0.961,-1.075,-0.699,-0.487,-0.679,-0.488,-0.548,-0.857,-0.603,-0.578,-0.642,5
-1.203,-0.788,-0.756,-0.633,-0.52,-0.459,-0.767,-0.585,-0.541,-0.755,-1.203,-0.856,-0.718,-0.785,-0.655,-0.665,-0.94,-0.753,-0.715,-0.804,-1.203,-0.933,-1.012,-0.8,-0.766,-0.643,-0.913,-0.8,-0.716,-0.957,-1.203,-0.772,-0.557,-0.733,-0.562,-0.622,-0.907,-0.665,-0.647,-0.728,5
-0.834,-0.505,-0.454,-0.363,-0.274,-0.196,-0.516,-0.378,-0.317,-0.518,-0.834,-0.567,-0.298,-0.557,-0.378,-0.369,-0.732,-0.523,-0.476,-0.505,-0.834,-0.669,-0.891,-0.54,-0.648,-0.539,-0.623,-0.684,-0.619,-0.869,-0.834,-0.566,-0.36,-0.534,-0.398,-0.383,-0.698,-0.516,-0.465,-0.52,5
-0.964,-0.713,-0.781,-0.658,-0.625,-0.606,-0.773,-0.676,-0.675,-0.902,-0.964,-0.74,-0.702,-0.758,-0.681,-0.74,-0.935,-0.798,-0.803,-0.926,-0.964,-0.767,-0.894,-0.692,-0.689,-0.639,-0.807,-0.741,-0.707,-0.937,-0.964,-0.693,-0.566,-0.656,-0.507,-0.52,-0.81,-0.612,-0.571,-0.687,5
-1.125,-0.64,-0.768,-0.472,-0.41,-0.271,-0.678,-0.534,-0.434,-0.856,-1.125,-0.731,-0.638,-0.683,-0.551,-0.612,-0.86,-0.639,-0.6,-0.73,-1.125,-0.783,-0.903,-0.646,-0.572,-0.434,-0.795,-0.646,-0.562,-0.892,-1.125,-0.631,-0.39,-0.596,-0.4,-0.494,-0.746,-0.479,-0.444,-0.499,5
-1.163,-0.762,-0.872,-0.664,-0.587,-0.515,-0.822,-0.641,-0.598,-0.914,-1.163,-0.854,-0.824,-0.827,-0.738,-0.797,-0.996,-0.828,-0.823,-0.976,-1.163,-0.942,-0.966,-0.856,-0.772,-0.708,-0.947,-0.817,-0.781,-0.981,-1.163,-0.794,-0.696,-0.731,-0.611,-0.671,-0.886,-0.692,-0.679,-0.814,5
-1.229,-0.785,-0.778,-0.645,-0.494,-0.396,-0.806,-0.603,-0.552,-0.896,-1.229,-0.813,-0.728,-0.751,-0.619,-0.673,-0.923,-0.706,-0.66,-0.794,-1.229,-0.827,-0.961,-0.668,-0.592,-0.446,-0.835,-0.683,-0.608,-1.004,-1.229,-0.75,-0.558,-0.698,-0.523,-0.572,-0.852,-0.58,-0.527,-0.573,5
-1.035,-0.753,-0.847,-0.653,-0.623,-0.582,-0.766,-0.663,-0.626,-0.874,-1.035,-0.737,-0.674,-0.708,-0.601,-0.65,-0.88,-0.716,-0.702,-0.852,-1.035,-0.743,-0.867,-0.598,-0.547,-0.413,-0.726,-0.614,-0.536,-0.842,-1.035,-0.676,-0.589,-0.643,-0.516,-0.579,-0.821,-0.616,-0.586,-0.717,5
-1.24,-0.897,-0.925,-0.795,-0.694,-0.621,-0.928,-0.766,-0.725,-0.979,-1.24,-0.908,-0.833,-0.847,-0.73,-0.754,-1.009,-0.824,-0.783,-0.921,-1.24,-0.98,-1.078,-0.836,-0.78,-0.645,-0.951,-0.846,-0.767,-1.014,-1.24,-0.88,-0.803,-0.826,-0.701,-0.714,-0.976,-0.787,-0.735,-0.843,5
-1.28,-0.936,-0.944,-0.769,-0.667,-0.559,-0.913,-0.758,-0.665,-0.923,-1.28,-0.947,-0.779,-0.873,-0.713,-0.724,-1.032,-0.815,-0.775,-0.884,-1.28,-0.913,-0.951,-0.739,-0.625,-0.478,-0.911,-0.74,-0.633,-0.949,-1.28,-0.828,-0.634,-0.758,-0.595,-0.635,-0.932,-0.687,-0.634,-0.717,5
-1.065,-0.703,-0.911,-0.604,-0.587,-0.512,-0.743,-0.645,-0.624,-0.97,-1.065,-0.803,-0.777,-0.774,-0.709,-0.761,-0.94,-0.807,-0.806,-0.954,-1.065,-0.829,-1.011,-0.724,-0.741,-0.659,-0.825,-0.763,-0.724,-0.995,-1.065,-0.676,-0.68,-0.638,-0.572,-0.677,-0.794,-0.635,-0.621,-0.764,5
-1.193,-0.779,-0.881,-0.663,-0.57,-0.452,-0.809,-0.64,-0.588,-0.958,-1.193,-0.803,-0.788,-0.769,-0.668,-0.718,-0.954,-0.767,-0.736,-0.904,-1.193,-0.957,-1.107,-0.853,-0.828,-0.713,-0.966,-0.881,-0.828,-1.109,-1.193,-0.82,-0.718,-0.785,-0.628,-0.668,-0.946,-0.721,-0.678,-0.79,5
-1.183,-0.59,-0.733,-0.408,-0.336,-0.241,-0.601,-0.451,-0.353,-0.745,-1.183,-0.682,-0.463,-0.642,-0.469,-0.56,-0.806,-0.536,-0.513,-0.557,-1.183,-0.726,-0.855,-0.58,-0.524,-0.404,-0.742,-0.576,-0.515,-0.882,-1.183,-0.576,-0.401,-0.566,-0.4,-0.537,-0.722,-0.449,-0.426,-0.465,5
-1.267,-0.802,-0.795,-0.613,-0.475,-0.337,-0.791,-0.585,-0.483,-0.819,-1.267,-0.822,-0.806,-0.731,-0.655,-0.703,-0.897,-0.732,-0.679,-0.829,-1.267,-0.967,-1.001,-0.843,-0.757,-0.656,-0.984,-0.838,-0.771,-1.039,-1.267,-0.824,-0.581,-0.75,-0.532,-0.556,-0.927,-0.642,-0.592,-0.695,5
-0.985,-0.526,-0.617,-0.383,-0.323,-0.24,-0.543,-0.386,-0.339,-0.67,-0.985,-0.623,-0.528,-0.579,-0.447,-0.492,-0.752,-0.544,-0.517,-0.658,-0.985,-0.714,-0.841,-0.604,-0.578,-0.509,-0.723,-0.619,-0.581,-0.858,-0.985,-0.559,-0.47,-0.534,-0.447,-0.55,-0.686,-0.517,-0.505,-0.57,5
-1.194,-0.712,-0.639,-0.554,-0.381,-0.311,-0.731,-0.477,-0.397,-0.656,-1.194,-0.776,-0.61,-0.725,-0.536,-0.574,-0.899,-0.632,-0.58,-0.672,-1.194,-0.89,-0.94,-0.718,-0.622,-0.465,-0.857,-0.698,-0.581,-0.87,-1.194,-0.748,-0.519,-0.661,-0.451,-0.477,-0.819,-0.531,-0.47,-0.558,5
-1.106,-0.614,-0.739,-0.453,-0.363,-0.236,-0.668,-0.51,-0.418,-0.847,-1.106,-0.733,-0.67,-0.673,-0.554,-0.601,-0.857,-0.651,-0.611,-0.77,-1.106,-0.816,-0.915,-0.704,-0.629,-0.499,-0.835,-0.7,-0.644,-0.963,-1.106,-0.633,-0.406,-0.578,-0.374,-0.433,-0.736,-0.451,-0.397,-0.468,5
-1.015,-0.601,-0.53,-0.419,-0.294,-0.224,-0.589,-0.393,-0.292,-0.515,-1.015,-0.626,-0.465,-0.589,-0.432,-0.49,-0.774,-0.531,-0.512,-0.617,-1.015,-0.724,-0.787,-0.608,-0.501,-0.382,-0.759,-0.582,-0.518,-0.821,-1.015,-0.559,-0.299,-0.514,-0.268,-0.335,-0.703,-0.369,-0.328,-0.413,5
-1.169,-0.804,-0.892,-0.68,-0.622,-0.528,-0.826,-0.665,-0.593,-0.867,-1.169,-0.846,-0.692,-0.788,-0.626,-0.617,-0.942,-0.719,-0.664,-0.759,-1.169,-0.911,-0.988,-0.787,-0.721,-0.592,-0.895,-0.775,-0.701,-0.948,-1.169,-0.825,-0.626,-0.763,-0.58,-0.609,-0.93,-0.69,-0.645,-0.752,5
-1.22,-0.862,-0.9,-0.739,-0.645,-0.541,-0.87,-0.705,-0.645,-0.925,-1.22,-0.913,-0.734,-0.859,-0.681,-0.663,-1.012,-0.783,-0.725,-0.812,-1.22,-0.924,-0.985,-0.779,-0.709,-0.597,-0.911,-0.787,-0.708,-0.97,-1.22,-0.801,-0.628,-0.747,-0.567,-0.619,-0.918,-0.666,-0.617,-0.717,5
-1.238,-0.91,-0.921,-0.811,-0.681,-0.595,-0.93,-0.739,-0.688,-0.948,-1.238,-0.892,-0.775,-0.849,-0.687,-0.727,-1.011,-0.785,-0.765,-0.918,-1.238,-0.955,-0.988,-0.845,-0.746,-0.672,-0.964,-0.815,-0.778,-1.038,-1.238,-0.874,-0.772,-0.811,-0.659,-0.68,-0.97,-0.742,-0.689,-0.828,5
-1.101,-0.621,-0.775,-0.46,-0.444,-0.33,-0.628,-0.503,-0.411,-0.775,-1.101,-0.745,-0.639,-0.718,-0.608,-0.643,-0.894,-0.703,-0.665,-0.725,-1.101,-0.72,-0.838,-0.568,-0.496,-0.344,-0.725,-0.583,-0.504,-0.851,-1.101,-0.541,-0.318,-0.52,-0.329,-0.438,-0.679,-0.378,-0.36,-0.393,5
-1.229,-0.881,-0.866,-0.758,-0.623,-0.545,-0.881,-0.689,-0.634,-0.88,-1.229,-0.961,-0.897,-0.904,-0.793,-0.792,-1.043,-0.881,-0.844,-0.976,-1.229,-0.992,-1.031,-0.889,-0.809,-0.733,-0.985,-0.859,-0.814,-1.025,-1.229,-0.837,-0.688,-0.777,-0.606,-0.628,-0.93,-0.692,-0.655,-0.766,5
-1.244,-0.888,-0.93,-0.767,-0.665,-0.568,-0.902,-0.743,-0.69,-0.967,-1.244,-0.891,-0.843,-0.822,-0.72,-0.747,-0.987,-0.812,-0.767,-0.914,-1.244,-0.972,-1.084,-0.827,-0.782,-0.656,-0.941,-0.847,-0.777,-1.029,-1.244,-0.871,-0.815,-0.819,-0.708,-0.736,-0.969,-0.787,-0.741,-0.847,5
-1.355,-0.817,-0.771,-0.646,-0.473,-0.351,-0.846,-0.597,-0.495,-0.821,-1.355,-0.877,-0.67,-0.81,-0.602,-0.657,-0.984,-0.695,-0.66,-0.769,-1.355,-1.051,-1.027,-0.9,-0.769,-0.649,-1.034,-0.852,-0.791,-1.047,-1.355,-0.888,-0.588,-0.813,-0.567,-0.585,-0.968,-0.651,-0.585,-0.635,5
-0.927,-0.682,-0.759,-0.625,-0.598,-0.567,-0.726,-0.63,-0.617,-0.818,-0.927,-0.716,-0.694,-0.748,-0.684,-0.754,-0.927,-0.801,-0.81,-0.913,-0.927,-0.747,-0.914,-0.683,-0.711,-0.686,-0.796,-0.756,-0.747,-0.974,-0.927,-0.684,-0.558,-0.662,-0.522,-0.53,-0.82,-0.64,-0.601,-0.708,5
-1.142,-0.747,-0.804,-0.582,-0.494,-0.364,-0.738,-0.589,-0.497,-0.82,-1.142,-0.829,-0.798,-0.766,-0.662,-0.669,-0.921,-0.749,-0.701,-0.86,-1.142,-0.825,-0.925,-0.689,-0.609,-0.482,-0.817,-0.685,-0.641,-0.979,-1.142,-0.65,-0.45,-0.598,-0.418,-0.477,-0.768,-0.505,-0.464,-0.542,5
-1.201,-0.816,-0.868,-0.696,-0.597,-0.53,-0.842,-0.668,-0.615,-0.912,-1.201,-0.796,-0.681,-0.748,-0.587,-0.649,-0.926,-0.682,-0.646,-0.776,-1.201,-0.834,-0.986,-0.678,-0.604,-0.426,-0.866,-0.717,-0.617,-1.026,-1.201,-0.777,-0.662,-0.721,-0.572,-0.641,-0.893,-0.661,-0.606,-0.708,5
-1.32,-1.033,-1.028,-0.925,-0.811,-0.727,-1.033,-0.876,-0.834,-1.078,-1.32,-1.01,-0.925,-0.961,-0.831,-0.854,-1.117,-0.932,-0.91,-1.068,-1.32,-1.052,-1.1,-0.954,-0.864,-0.774,-1.076,-0.929,-0.884,-1.148,-1.32,-0.968,-0.852,-0.916,-0.768,-0.791,-1.08,-0.862,-0.817,-0.945,5
-1.101,-0.677,-0.744,-0.561,-0.436,-0.333,-0.695,-0.499,-0.431,-0.736,-1.101,-0.774,-0.655,-0.768,-0.617,-0.665,-0.943,-0.724,-0.688,-0.807,-1.101,-0.875,-0.998,-0.771,-0.742,-0.641,-0.871,-0.768,-0.713,-0.96,-1.101,-0.696,-0.454,-0.691,-0.469,-0.549,-0.856,-0.561,-0.534,-0.591,5
-1.169,-0.741,-0.841,-0.602,-0.529,-0.406,-0.744,-0.592,-0.52,-0.841,-1.169,-0.807,-0.693,-0.773,-0.617,-0.674,-0.953,-0.73,-0.705,-0.83,-1.169,-0.806,-0.991,-0.648,-0.6,-0.426,-0.798,-0.687,-0.608,-0.996,-1.169,-0.661,-0.457,-0.66,-0.46,-0.549,-0.815,-0.541,-0.516,-0.54,5
-1.139,-0.57,-0.667,-0.392,-0.339,-0.235,-0.568,-0.433,-0.342,-0.718,-1.139,-0.667,-0.455,-0.632,-0.47,-0.535,-0.792,-0.534,-0.511,-0.546,-1.139,-0.711,-0.895,-0.548,-0.517,-0.38,-0.699,-0.571,-0.508,-0.882,-1.139,-0.557,-0.435,-0.547,-0.423,-0.559,-0.692,-0.466,-0.446,-0.489,5
-1.307,-0.803,-0.706,-0.64,-0.433,-0.353,-0.846,-0.606,-0.522,-0.826,-1.307,-0.828,-0.627,-0.798,-0.579,-0.672,-0.991,-0.693,-0.659,-0.774,-1.307,-1.016,-0.933,-0.904,-0.751,-0.673,-1.026,-0.841,-0.785,-0.987,-1.307,-0.938,-0.741,-0.885,-0.688,-0.697,-1.056,-0.796,-0.732,-0.818,6
-1.226,-0.583,-0.49,-0.413,-0.217,-0.149,-0.649,-0.407,-0.323,-0.666,-1.226,-0.72,-0.496,-0.684,-0.45,-0.509,-0.872,-0.544,-0.493,-0.571,-1.226,-0.965,-0.901,-0.857,-0.725,-0.636,-0.961,-0.787,-0.717,-0.898,-1.226,-0.775,-0.583,-0.699,-0.52,-0.52,-0.846,-0.593,-0.513,-0.557,6
-1.094,-0.557,-0.425,-0.395,-0.161,-0.141,-0.586,-0.326,-0.292,-0.691,-1.094,-0.539,-0.281,-0.582,-0.3,-0.466,-0.73,-0.335,-0.325,-0.361,-1.094,-0.819,-0.832,-0.717,-0.62,-0.553,-0.82,-0.661,-0.604,-0.799,-1.094,-0.784,-0.651,-0.747,-0.574,-0.588,-0.915,-0.667,-0.613,-0.737,6
-1.344,-0.81,-0.753,-0.655,-0.448,-0.33,-0.855,-0.606,-0.511,-0.866,-1.344,-0.842,-0.634,-0.811,-0.576,-0.655,-0.996,-0.68,-0.639,-0.751,-1.344,-1.075,-0.981,-0.958,-0.796,-0.7,-1.067,-0.879,-0.809,-1.004,-1.344,-0.985,-0.858,-0.918,-0.763,-0.777,-1.071,-0.85,-0.796,-0.906,6
-1.341,-0.719,-0.657,-0.498,-0.33,-0.201,-0.744,-0.521,-0.389,-0.769,-1.341,-0.842,-0.596,-0.782,-0.55,-0.578,-0.963,-0.639,-0.575,-0.656,-1.341,-1.078,-1.042,-0.981,-0.863,-0.776,-1.098,-0.936,-0.876,-1.082,-1.341,-0.892,-0.697,-0.821,-0.64,-0.667,-0.983,-0.731,-0.67,-0.741,6
-1.202,-0.632,-0.556,-0.461,-0.295,-0.216,-0.68,-0.462,-0.388,-0.732,-1.202,-0.639,-0.45,-0.628,-0.442,-0.527,-0.811,-0.527,-0.485,-0.545,-1.202,-0.859,-0.792,-0.749,-0.608,-0.533,-0.876,-0.673,-0.614,-0.831,-1.202,-0.84,-0.695,-0.773,-0.624,-0.638,-0.933,-0.71,-0.649,-0.737,6
-1.235,-0.753,-0.67,-0.612,-0.448,-0.343,-0.802,-0.585,-0.505,-0.824,-1.235,-0.804,-0.592,-0.784,-0.577,-0.622,-0.977,-0.69,-0.659,-0.764,-1.235,-0.972,-0.872,-0.86,-0.703,-0.604,-0.965,-0.774,-0.705,-0.88,-1.235,-0.883,-0.757,-0.83,-0.678,-0.699,-0.991,-0.775,-0.719,-0.814,6
-1.16,-0.494,-0.613,-0.337,-0.181,-0.072,-0.549,-0.36,-0.281,-0.817,-1.16,-0.607,-0.438,-0.607,-0.395,-0.524,-0.756,-0.436,-0.393,-0.465,-1.16,-0.869,-0.889,-0.735,-0.644,-0.535,-0.851,-0.711,-0.636,-0.851,-1.16,-0.71,-0.598,-0.678,-0.514,-0.62,-0.815,-0.558,-0.529,-0.619,6
-1.26,-0.697,-0.555,-0.488,-0.309,-0.15,-0.704,-0.464,-0.339,-0.628,-1.26,-0.821,-0.535,-0.759,-0.516,-0.522,-0.931,-0.627,-0.56,-0.622,-1.26,-1.001,-0.914,-0.894,-0.771,-0.677,-1.001,-0.839,-0.777,-0.923,-1.26,-0.845,-0.638,-0.783,-0.607,-0.623,-0.94,-0.702,-0.64,-0.688,6
-1.149,-0.462,-0.381,-0.262,-0.075,-0.095,-0.53,-0.294,-0.242,-0.601,-1.149,-0.463,-0.185,-0.482,-0.236,-0.451,-0.622,-0.274,-0.295,-0.306,-1.149,-0.796,-0.771,-0.687,-0.568,-0.516,-0.819,-0.64,-0.596,-0.833,-1.149,-0.762,-0.537,-0.713,-0.523,-0.535,-0.873,-0.611,-0.538,-0.573,6
-1.085,-0.534,-0.547,-0.373,-0.263,-0.147,-0.605,-0.435,-0.337,-0.74,-1.085,-0.569,-0.414,-0.562,-0.413,-0.518,-0.748,-0.498,-0.468,-0.53,-1.085,-0.743,-0.7,-0.624,-0.498,-0.454,-0.761,-0.574,-0.526,-0.75,-1.085,-0.724,-0.593,-0.674,-0.562,-0.603,-0.835,-0.64,-0.596,-0.65,6
-1.24,-0.639,-0.543,-0.505,-0.332,-0.272,-0.728,-0.471,-0.394,-0.756,-1.24,-0.748,-0.516,-0.727,-0.507,-0.583,-0.922,-0.625,-0.587,-0.698,-1.24,-1.044,-1.029,-0.97,-0.891,-0.825,-1.05,-0.936,-0.893,-1.033,-1.24,-0.872,-0.708,-0.818,-0.654,-0.679,-0.972,-0.743,-0.697,-0.776,6
-1.125,-0.489,-0.517,-0.337,-0.16,-0.104,-0.552,-0.346,-0.279,-0.724,-1.125,-0.586,-0.375,-0.577,-0.363,-0.5,-0.732,-0.414,-0.388,-0.452,-1.125,-0.844,-0.867,-0.717,-0.631,-0.535,-0.825,-0.686,-0.616,-0.822,-1.125,-0.703,-0.569,-0.664,-0.501,-0.581,-0.806,-0.551,-0.509,-0.587,6
-1.164,-0.556,-0.499,-0.354,-0.229,-0.154,-0.602,-0.39,-0.316,-0.659,-1.164,-0.707,-0.531,-0.655,-0.458,-0.545,-0.829,-0.562,-0.538,-0.652,-1.164,-0.913,-0.891,-0.803,-0.696,-0.601,-0.89,-0.743,-0.677,-0.855,-1.164,-0.713,-0.436,-0.658,-0.445,-0.489,-0.802,-0.523,-0.474,-0.48,6
-1.264,-0.739,-0.7,-0.522,-0.389,-0.259,-0.752,-0.552,-0.434,-0.812,-1.264,-0.786,-0.521,-0.729,-0.513,-0.567,-0.912,-0.623,-0.58,-0.665,-1.264,-1.002,-0.983,-0.904,-0.798,-0.706,-1.011,-0.863,-0.803,-1.003,-1.264,-0.885,-0.735,-0.838,-0.674,-0.72,-1.013,-0.776,-0.721,-0.828,6
-1.061,-0.468,-0.385,-0.294,-0.082,-0.105,-0.535,-0.257,-0.27,-0.658,-1.061,-0.553,-0.332,-0.538,-0.327,-0.425,-0.724,-0.42,-0.394,-0.486,-1.061,-0.776,-0.777,-0.671,-0.585,-0.515,-0.784,-0.642,-0.587,-0.788,-1.061,-0.668,-0.602,-0.612,-0.519,-0.584,-0.773,-0.575,-0.523,-0.64,6
-1.266,-0.631,-0.625,-0.489,-0.332,-0.246,-0.735,-0.527,-0.449,-0.853,-1.266,-0.683,-0.537,-0.691,-0.505,-0.647,-0.883,-0.601,-0.578,-0.674,-1.266,-0.922,-0.843,-0.811,-0.651,-0.585,-0.946,-0.735,-0.69,-0.915,-1.266,-0.853,-0.691,-0.815,-0.651,-0.689,-0.972,-0.737,-0.675,-0.728,6
-1.234,-0.682,-0.695,-0.498,-0.348,-0.236,-0.744,-0.538,-0.42,-0.816,-1.234,-0.711,-0.516,-0.705,-0.489,-0.583,-0.9,-0.596,-0.54,-0.622,-1.234,-0.934,-0.894,-0.803,-0.683,-0.604,-0.932,-0.769,-0.693,-0.9,-1.234,-0.878,-0.677,-0.823,-0.644,-0.663,-0.992,-0.747,-0.692,-0.785,6
-1.141,-0.498,-0.498,-0.313,-0.156,-0.053,-0.54,-0.289,-0.22,-0.682,-1.141,-0.562,-0.4,-0.537,-0.369,-0.495,-0.699,-0.416,-0.412,-0.5,-1.141,-0.803,-0.801,-0.66,-0.54,-0.411,-0.794,-0.608,-0.517,-0.776,-1.141,-0.73,-0.626,-0.66,-0.538,-0.598,-0.814,-0.592,-0.552,-0.659,6
-1.149,-0.467,-0.522,-0.33,-0.188,-0.12,-0.55,-0.341,-0.27,-0.745,-1.149,-0.568,-0.377,-0.572,-0.361,-0.513,-0.748,-0.435,-0.433,-0.518,-1.149,-0.881,-0.879,-0.778,-0.692,-0.591,-0.882,-0.749,-0.689,-0.885,-1.149,-0.743,-0.61,-0.707,-0.546,-0.624,-0.86,-0.624,-0.582,-0.661,6
-1.115,-0.563,-0.588,-0.387,-0.269,-0.131,-0.604,-0.419,-0.333,-0.743,-1.115,-0.538,-0.451,-0.533,-0.401,-0.524,-0.703,-0.452,-0.425,-0.506,-1.115,-0.787,-0.782,-0.665,-0.553,-0.465,-0.808,-0.632,-0.561,-0.831,-1.115,-0.757,-0.704,-0.723,-0.654,-0.675,-0.9,-0.732,-0.687,-0.759,6
-1.197,-0.633,-0.61,-0.474,-0.266,-0.199,-0.654,-0.422,-0.376,-0.804,-1.197,-0.601,-0.429,-0.619,-0.382,-0.543,-0.772,-0.419,-0.409,-0.516,-1.197,-0.96,-0.94,-0.868,-0.766,-0.699,-0.953,-0.81,-0.761,-0.937,-1.197,-0.85,-0.757,-0.815,-0.659,-0.685,-0.994,-0.747,-0.691,-0.825,6
-1.151,-0.579,-0.485,-0.435,-0.24,-0.203,-0.678,-0.407,-0.336,-0.732,-1.151,-0.62,-0.369,-0.616,-0.367,-0.491,-0.806,-0.457,-0.427,-0.515,-1.151,-0.893,-0.921,-0.763,-0.704,-0.597,-0.857,-0.749,-0.682,-0.892,-1.151,-0.848,-0.695,-0.804,-0.673,-0.675,-0.957,-0.766,-0.713,-0.791,6
-1.235,-0.647,-0.527,-0.462,-0.229,-0.145,-0.681,-0.392,-0.31,-0.652,-1.235,-0.763,-0.499,-0.72,-0.482,-0.528,-0.906,-0.592,-0.548,-0.644,-1.235,-0.995,-0.957,-0.91,-0.803,-0.761,-1.005,-0.869,-0.839,-1.023,-1.235,-0.788,-0.646,-0.759,-0.593,-0.68,-0.92,-0.655,-0.611,-0.717,6
-1.24,-0.73,-0.657,-0.569,-0.397,-0.276,-0.761,-0.525,-0.447,-0.783,-1.24,-0.809,-0.588,-0.776,-0.555,-0.6,-0.961,-0.669,-0.626,-0.735,-1.24,-0.962,-0.907,-0.866,-0.726,-0.669,-0.98,-0.803,-0.758,-0.949,-1.24,-0.801,-0.679,-0.773,-0.608,-0.665,-0.938,-0.679,-0.623,-0.717,6
-1.116,-0.484,-0.514,-0.319,-0.201,-0.144,-0.541,-0.329,-0.261,-0.681,-1.116,-0.609,-0.429,-0.582,-0.401,-0.487,-0.754,-0.484,-0.447,-0.53,-1.116,-0.836,-0.785,-0.72,-0.593,-0.497,-0.821,-0.645,-0.578,-0.769,-1.116,-0.686,-0.548,-0.653,-0.482,-0.566,-0.803,-0.541,-0.493,-0.581,6
-1.308,-0.685,-0.622,-0.521,-0.332,-0.252,-0.75,-0.507,-0.424,-0.792,-1.308,-0.808,-0.666,-0.772,-0.586,-0.664,-0.96,-0.689,-0.652,-0.77,-1.308,-1.076,-1.019,-0.99,-0.879,-0.806,-1.085,-0.936,-0.883,-1.033,-1.308,-0.902,-0.676,-0.842,-0.637,-0.657,-0.993,-0.725,-0.657,-0.724,6
-1.237,-0.604,-0.66,-0.427,-0.277,-0.22,-0.625,-0.433,-0.37,-0.791,-1.237,-0.73,-0.531,-0.692,-0.484,-0.569,-0.865,-0.571,-0.538,-0.642,-1.237,-0.991,-0.936,-0.882,-0.757,-0.676,-0.984,-0.83,-0.774,-0.946,-1.237,-0.749,-0.629,-0.71,-0.571,-0.671,-0.864,-0.625,-0.579,-0.691,6
-1.268,-0.762,-0.653,-0.573,-0.401,-0.281,-0.784,-0.559,-0.432,-0.711,-1.268,-0.881,-0.666,-0.834,-0.64,-0.68,-1.009,-0.748,-0.704,-0.789,-1.268,-1.023,-0.982,-0.912,-0.799,-0.708,-1.01,-0.854,-0.793,-0.959,-1.268,-0.814,-0.601,-0.758,-0.555,-0.595,-0.92,-0.648,-0.576,-0.656,6
-1.155,-0.536,-0.553,-0.367,-0.235,-0.134,-0.573,-0.375,-0.287,-0.711,-1.155,-0.535,-0.285,-0.57,-0.345,-0.503,-0.703,-0.379,-0.371,-0.392,-1.155,-0.833,-0.863,-0.694,-0.593,-0.46,-0.824,-0.66,-0.578,-0.862,-1.155,-0.804,-0.73,-0.761,-0.641,-0.67,-0.919,-0.716,-0.659,-0.74,6
-1.221,-0.498,-0.358,-0.293,-0.13,-0.1,-0.571,-0.284,-0.217,-0.516,-1.221,-0.549,-0.319,-0.554,-0.358,-0.537,-0.69,-0.373,-0.376,-0.389,-1.221,-0.886,-0.859,-0.757,-0.634,-0.556,-0.886,-0.706,-0.642,-0.88,-1.221,-0.783,-0.493,-0.725,-0.493,-0.514,-0.882,-0.57,-0.508,-0.524,6
-1.31,-0.856,-0.754,-0.676,-0.485,-0.359,-0.884,-0.651,-0.537,-0.841,-1.31,-0.95,-0.722,-0.899,-0.679,-0.672,-1.075,-0.798,-0.729,-0.828,-1.31,-1.126,-1.076,-1.048,-0.955,-0.888,-1.118,-0.995,-0.943,-1.046,-1.31,-0.977,-0.782,-0.926,-0.734,-0.716,-1.086,-0.848,-0.772,-0.85,6
-1.268,-0.802,-0.771,-0.67,-0.527,-0.389,-0.867,-0.651,-0.544,-0.847,-1.268,-0.824,-0.615,-0.809,-0.594,-0.643,-1.001,-0.702,-0.641,-0.716,-1.268,-0.96,-0.904,-0.841,-0.707,-0.6,-0.973,-0.796,-0.724,-0.952,-1.268,-0.927,-0.727,-0.868,-0.693,-0.708,-1.027,-0.799,-0.746,-0.818,6
-1.113,-0.484,-0.516,-0.293,-0.167,-0.053,-0.56,-0.336,-0.251,-0.7,-1.113,-0.519,-0.227,-0.528,-0.272,-0.401,-0.715,-0.344,-0.349,-0.378,-1.113,-0.787,-0.796,-0.662,-0.555,-0.472,-0.796,-0.631,-0.565,-0.822,-1.113,-0.729,-0.636,-0.683,-0.567,-0.611,-0.841,-0.637,-0.589,-0.679,6
-1.23,-0.721,-0.59,-0.554,-0.37,-0.279,-0.762,-0.512,-0.419,-0.667,-1.23,-0.837,-0.612,-0.801,-0.595,-0.648,-0.982,-0.7,-0.67,-0.749,-1.23,-0.978,-0.921,-0.875,-0.756,-0.671,-0.982,-0.818,-0.759,-0.917,-1.23,-0.85,-0.641,-0.8,-0.622,-0.652,-0.964,-0.725,-0.676,-0.747,6
-1.168,-0.568,-0.499,-0.397,-0.229,-0.168,-0.606,-0.352,-0.299,-0.623,-1.168,-0.688,-0.491,-0.66,-0.471,-0.552,-0.832,-0.552,-0.518,-0.59,-1.168,-0.873,-0.877,-0.744,-0.644,-0.537,-0.863,-0.712,-0.633,-0.858,-1.168,-0.714,-0.532,-0.662,-0.477,-0.547,-0.816,-0.541,-0.494,-0.575,6
-1.162,-0.609,-0.589,-0.434,-0.298,-0.162,-0.656,-0.47,-0.367,-0.771,-1.162,-0.623,-0.464,-0.615,-0.442,-0.536,-0.787,-0.518,-0.477,-0.542,-1.162,-0.842,-0.782,-0.73,-0.598,-0.502,-0.844,-0.658,-0.599,-0.806,-1.162,-0.822,-0.716,-0.767,-0.64,-0.642,-0.932,-0.732,-0.663,-0.757,6
-1.293,-0.785,-0.683,-0.658,-0.473,-0.426,-0.862,-0.608,-0.553,-0.865,-1.293,-0.842,-0.622,-0.839,-0.624,-0.703,-1.031,-0.734,-0.701,-0.805,-1.293,-1.021,-0.923,-0.936,-0.801,-0.748,-1.063,-0.887,-0.841,-1.014,-1.293,-0.957,-0.819,-0.904,-0.757,-0.794,-1.06,-0.84,-0.802,-0.892,6
-1.338,-0.744,-0.633,-0.587,-0.349,-0.218,-0.834,-0.534,-0.42,-0.792,-1.338,-0.877,-0.722,-0.83,-0.639,-0.664,-1.024,-0.748,-0.688,-0.806,-1.338,-1.085,-1.015,-0.988,-0.861,-0.783,-1.092,-0.93,-0.872,-1.047,-1.338,-0.908,-0.631,-0.84,-0.604,-0.616,-0.985,-0.686,-0.609,-0.654,6
-1.313,-0.83,-0.699,-0.693,-0.474,-0.373,-0.877,-0.612,-0.525,-0.798,-1.313,-0.881,-0.62,-0.867,-0.61,-0.656,-1.049,-0.726,-0.673,-0.742,-1.313,-1.039,-0.993,-0.935,-0.82,-0.724,-1.049,-0.9,-0.841,-1.048,-1.313,-0.979,-0.828,-0.929,-0.769,-0.764,-1.088,-0.87,-0.802,-0.885,6
-1.153,-0.553,-0.614,-0.401,-0.274,-0.165,-0.656,-0.467,-0.362,-0.856,-1.153,-0.587,-0.388,-0.621,-0.434,-0.519,-0.817,-0.509,-0.468,-0.491,-1.153,-0.866,-0.846,-0.751,-0.647,-0.574,-0.866,-0.713,-0.649,-0.847,-1.153,-0.786,-0.739,-0.744,-0.636,-0.688,-0.907,-0.708,-0.642,-0.753,6
-1.235,-0.686,-0.72,-0.511,-0.379,-0.249,-0.748,-0.556,-0.456,-0.893,-1.235,-0.713,-0.611,-0.677,-0.53,-0.612,-0.872,-0.624,-0.582,-0.705,-1.235,-0.949,-0.874,-0.845,-0.698,-0.626,-0.958,-0.773,-0.719,-0.919,-1.235,-0.873,-0.752,-0.786,-0.648,-0.645,-0.933,-0.722,-0.644,-0.733,6
-1.149,-0.497,-0.532,-0.297,-0.156,-0.063,-0.549,-0.331,-0.256,-0.706,-1.149,-0.532,-0.212,-0.534,-0.265,-0.396,-0.702,-0.326,-0.331,-0.345,-1.149,-0.839,-0.855,-0.713,-0.615,-0.529,-0.833,-0.683,-0.623,-0.873,-1.149,-0.76,-0.686,-0.709,-0.598,-0.646,-0.865,-0.665,-0.613,-0.718,6
-1.203,-0.565,-0.61,-0.355,-0.209,-0.08,-0.567,-0.374,-0.284,-0.756,-1.203,-0.615,-0.429,-0.594,-0.407,-0.5,-0.745,-0.455,-0.415,-0.467,-1.203,-0.878,-0.885,-0.758,-0.654,-0.551,-0.886,-0.722,-0.654,-0.897,-1.203,-0.738,-0.656,-0.703,-0.58,-0.64,-0.874,-0.643,-0.593,-0.666,6
-1.243,-0.743,-0.68,-0.562,-0.409,-0.289,-0.784,-0.569,-0.455,-0.802,-1.243,-0.779,-0.496,-0.729,-0.483,-0.528,-0.919,-0.595,-0.541,-0.626,-1.243,-0.968,-0.937,-0.87,-0.753,-0.656,-0.978,-0.82,-0.756,-0.962,-1.243,-0.887,-0.733,-0.829,-0.672,-0.691,-0.99,-0.768,-0.701,-0.793,6
-1.22,-0.647,-0.589,-0.437,-0.26,-0.158,-0.669,-0.453,-0.371,-0.743,-1.22,-0.785,-0.61,-0.742,-0.541,-0.598,-0.927,-0.658,-0.619,-0.719,-1.22,-1.012,-0.98,-0.942,-0.844,-0.798,-1.026,-0.889,-0.853,-0.993,-1.22,-0.775,-0.638,-0.727,-0.58,-0.64,-0.89,-0.654,-0.595,-0.682,6
-1.201,-0.57,-0.56,-0.431,-0.236,-0.184,-0.665,-0.411,-0.354,-0.787,-1.201,-0.668,-0.479,-0.668,-0.444,-0.57,-0.868,-0.539,-0.524,-0.625,-1.201,-0.932,-0.922,-0.83,-0.721,-0.631,-0.946,-0.785,-0.722,-0.92,-1.201,-0.794,-0.748,-0.764,-0.651,-0.706,-0.913,-0.712,-0.643,-0.74,6
-1.232,-0.7,-0.547,-0.53,-0.325,-0.235,-0.742,-0.491,-0.396,-0.68,-1.232,-0.745,-0.49,-0.719,-0.474,-0.555,-0.914,-0.587,-0.56,-0.655,-1.232,-0.959,-0.868,-0.848,-0.7,-0.602,-0.963,-0.782,-0.704,-0.88,-1.232,-0.847,-0.614,-0.794,-0.57,-0.594,-0.961,-0.677,-0.619,-0.689,6
-1.28,-0.745,-0.565,-0.554,-0.344,-0.271,-0.784,-0.522,-0.442,-0.73,-1.28,-0.816,-0.501,-0.752,-0.498,-0.536,-0.927,-0.608,-0.569,-0.641,-1.28,-1.044,-1.014,-0.951,-0.848,-0.761,-1.038,-0.899,-0.838,-0.998,-1.28,-0.921,-0.758,-0.859,-0.7,-0.706,-1.013,-0.786,-0.72,-0.808,6
-1.222,-0.444,-0.436,-0.283,-0.12,-0.081,-0.484,-0.241,-0.203,-0.607,-1.222,-0.533,-0.308,-0.556,-0.316,-0.51,-0.662,-0.332,-0.342,-0.342,-1.222,-0.899,-0.884,-0.774,-0.672,-0.572,-0.896,-0.738,-0.671,-0.88,-1.222,-0.746,-0.654,-0.711,-0.57,-0.657,-0.874,-0.632,-0.608,-0.681,6
-1.223,-0.572,-0.547,-0.365,-0.19,-0.061,-0.616,-0.389,-0.285,-0.682,-1.223,-0.718,-0.522,-0.688,-0.491,-0.548,-0.854,-0.561,-0.515,-0.572,-1.223,-0.932,-0.946,-0.821,-0.734,-0.662,-0.936,-0.794,-0.732,-0.94,-1.223,-0.749,-0.595,-0.701,-0.529,-0.601,-0.847,-0.593,-0.543,-0.593,6
-1.201,-0.583,-0.566,-0.421,-0.293,-0.194,-0.68,-0.43,-0.319,-0.728,-1.201,-0.681,-0.428,-0.661,-0.437,-0.505,-0.859,-0.531,-0.504,-0.568,-1.201,-0.881,-0.831,-0.75,-0.621,-0.541,-0.88,-0.689,-0.617,-0.808,-1.201,-0.814,-0.629,-0.733,-0.554,-0.576,-0.874,-0.619,-0.544,-0.601,6
-1.172,-0.611,-0.595,-0.44,-0.306,-0.218,-0.643,-0.421,-0.358,-0.746,-1.172,-0.69,-0.508,-0.644,-0.448,-0.516,-0.819,-0.538,-0.491,-0.596,-1.172,-0.879,-0.874,-0.768,-0.661,-0.57,-0.881,-0.724,-0.671,-0.892,-1.172,-0.757,-0.692,-0.698,-0.588,-0.649,-0.853,-0.646,-0.596,-0.712,6
-1.343,-0.859,-0.752,-0.675,-0.468,-0.355,-0.904,-0.657,-0.549,-0.879,-1.343,-0.964,-0.75,-0.902,-0.688,-0.682,-1.079,-0.807,-0.736,-0.849,-1.343,-1.147,-1.077,-1.066,-0.957,-0.895,-1.14,-1.005,-0.954,-1.056,-1.343,-1.004,-0.823,-0.945,-0.757,-0.747,-1.098,-0.859,-0.785,-0.874,6
-1.205,-0.438,-0.329,-0.27,-0.093,-0.075,-0.541,-0.232,-0.181,-0.514,-1.205,-0.532,-0.267,-0.546,-0.321,-0.47,-0.685,-0.34,-0.327,-0.304,-1.205,-0.864,-0.858,-0.744,-0.626,-0.535,-0.875,-0.693,-0.633,-0.885,-1.205,-0.732,-0.463,-0.684,-0.478,-0.5,-0.832,-0.538,-0.481,-0.481,6
-1.264,-0.758,-0.692,-0.603,-0.426,-0.328,-0.834,-0.582,-0.485,-0.796,-1.264,-0.844,-0.601,-0.813,-0.577,-0.627,-1.005,-0.699,-0.647,-0.743,-1.264,-1.072,-1.04,-0.991,-0.898,-0.842,-1.069,-0.944,-0.9,-1.043,-1.264,-0.952,-0.8,-0.898,-0.751,-0.754,-1.05,-0.842,-0.777,-0.873,6
-1.097,-0.407,-0.482,-0.262,-0.143,-0.117,-0.504,-0.314,-0.282,-0.731,-1.097,-0.442,-0.387,-0.491,-0.37,-0.576,-0.633,-0.378,-0.389,-0.45,-1.097,-0.817,-0.797,-0.703,-0.601,-0.544,-0.806,-0.656,-0.612,-0.825,-1.097,-0.744,-0.592,-0.697,-0.554,-0.597,-0.847,-0.637,-0.599,-0.67,6
-1.287,-0.593,-0.543,-0.415,-0.215,-0.119,-0.694,-0.432,-0.339,-0.76,-1.287,-0.722,-0.586,-0.663,-0.476,-0.56,-0.855,-0.568,-0.525,-0.663,-1.287,-1.044,-0.965,-0.957,-0.823,-0.747,-1.059,-0.895,-0.837,-1.0,-1.287,-0.86,-0.675,-0.774,-0.593,-0.623,-0.918,-0.67,-0.605,-0.677,6
-1.255,-0.669,-0.641,-0.526,-0.387,-0.27,-0.785,-0.552,-0.441,-0.862,-1.255,-0.77,-0.531,-0.742,-0.523,-0.563,-0.946,-0.638,-0.596,-0.683,-1.255,-0.977,-0.88,-0.877,-0.728,-0.66,-0.996,-0.8,-0.736,-0.894,-1.255,-0.857,-0.735,-0.794,-0.654,-0.714,-0.94,-0.729,-0.673,-0.762,6
-1.17,-0.393,-0.513,-0.206,-0.082,0.023,-0.485,-0.247,-0.155,-0.669,-1.17,-0.458,-0.278,-0.475,-0.292,-0.473,-0.61,-0.313,-0.32,-0.319,-1.17,-0.752,-0.713,-0.599,-0.452,-0.341,-0.746,-0.521,-0.441,-0.719,-1.17,-0.744,-0.67,-0.681,-0.566,-0.634,-0.816,-0.621,-0.568,-0.652,6
-1.156,-0.399,-0.527,-0.244,-0.115,-0.072,-0.499,-0.294,-0.246,-0.733,-1.156,-0.466,-0.216,-0.497,-0.272,-0.457,-0.651,-0.312,-0.335,-0.325,-1.156,-0.775,-0.746,-0.629,-0.49,-0.384,-0.783,-0.574,-0.494,-0.764,-1.156,-0.685,-0.66,-0.629,-0.552,-0.636,-0.775,-0.592,-0.547,-0.644,6
-1.231,-0.568,-0.587,-0.384,-0.219,-0.117,-0.635,-0.409,-0.299,-0.766,-1.231,-0.598,-0.423,-0.576,-0.387,-0.537,-0.756,-0.458,-0.437,-0.53,-1.231,-0.928,-0.882,-0.806,-0.681,-0.608,-0.928,-0.757,-0.709,-0.934,-1.231,-0.855,-0.764,-0.785,-0.667,-0.668,-0.941,-0.747,-0.685,-0.764,6
-1.228,-0.607,-0.694,-0.436,-0.33,-0.21,-0.679,-0.51,-0.417,-0.852,-1.228,-0.671,-0.54,-0.647,-0.492,-0.603,-0.836,-0.582,-0.551,-0.646,-1.228,-0.933,-0.882,-0.828,-0.685,-0.603,-0.947,-0.762,-0.718,-0.941,-1.228,-0.845,-0.743,-0.798,-0.655,-0.71,-0.954,-0.729,-0.683,-0.777,6
-1.208,-0.558,-0.498,-0.41,-0.235,-0.157,-0.671,-0.418,-0.343,-0.732,-1.208,-0.672,-0.505,-0.653,-0.452,-0.53,-0.847,-0.545,-0.505,-0.6,-1.208,-0.946,-0.927,-0.847,-0.732,-0.671,-0.945,-0.784,-0.739,-0.939,-1.208,-0.818,-0.607,-0.761,-0.566,-0.57,-0.907,-0.642,-0.579,-0.617,6
-1.363,-0.827,-0.704,-0.622,-0.411,-0.292,-0.846,-0.594,-0.469,-0.798,-1.363,-0.95,-0.724,-0.894,-0.655,-0.666,-1.069,-0.77,-0.699,-0.801,-1.363,-1.14,-1.083,-1.057,-0.933,-0.862,-1.151,-0.992,-0.938,-1.08,-1.363,-0.945,-0.735,-0.884,-0.68,-0.678,-1.053,-0.784,-0.699,-0.763,6
-1.202,-0.577,-0.572,-0.406,-0.258,-0.168,-0.642,-0.427,-0.298,-0.715,-1.202,-0.65,-0.494,-0.643,-0.47,-0.599,-0.823,-0.555,-0.524,-0.618,-1.202,-0.921,-0.891,-0.796,-0.692,-0.587,-0.908,-0.759,-0.678,-0.868,-1.202,-0.825,-0.678,-0.782,-0.62,-0.655,-0.948,-0.714,-0.653,-0.749,6
-1.233,-0.755,-0.675,-0.552,-0.378,-0.261,-0.751,-0.516,-0.414,-0.752,-1.233,-0.755,-0.519,-0.709,-0.473,-0.549,-0.88,-0.57,-0.517,-0.615,-1.233,-0.953,-0.929,-0.828,-0.729,-0.646,-0.937,-0.79,-0.719,-0.918,-1.233,-0.891,-0.717,-0.848,-0.677,-0.685,-1.02,-0.784,-0.739,-0.833,6
-1.209,-0.61,-0.564,-0.45,-0.296,-0.211,-0.693,-0.45,-0.355,-0.715,-1.209,-0.624,-0.473,-0.643,-0.469,-0.59,-0.821,-0.535,-0.504,-0.561,-1.209,-0.893,-0.893,-0.754,-0.655,-0.543,-0.881,-0.724,-0.642,-0.883,-1.209,-0.839,-0.696,-0.768,-0.63,-0.643,-0.916,-0.703,-0.637,-0.704,6
-1.104,-0.416,-0.548,-0.217,-0.096,0.028,-0.466,-0.288,-0.175,-0.669,-1.104,-0.436,-0.279,-0.421,-0.246,-0.431,-0.555,-0.27,-0.258,-0.299,-1.104,-0.78,-0.753,-0.657,-0.539,-0.452,-0.78,-0.606,-0.545,-0.782,-1.104,-0.739,-0.655,-0.672,-0.558,-0.558,-0.825,-0.64,-0.567,-0.653,6
-1.272,-0.669,-0.616,-0.479,-0.322,-0.18,-0.723,-0.466,-0.35,-0.745,-1.272,-0.772,-0.585,-0.704,-0.51,-0.555,-0.891,-0.609,-0.55,-0.661,-1.272,-0.994,-0.946,-0.878,-0.743,-0.652,-0.985,-0.811,-0.743,-0.936,-1.272,-0.83,-0.616,-0.746,-0.529,-0.564,-0.895,-0.605,-0.541,-0.611,6
-1.083,-0.483,-0.497,-0.324,-0.193,-0.09,-0.569,-0.351,-0.279,-0.71,-1.083,-0.571,-0.361,-0.541,-0.343,-0.426,-0.73,-0.445,-0.406,-0.496,-1.083,-0.814,-0.804,-0.723,-0.624,-0.547,-0.826,-0.675,-0.625,-0.814,-1.083,-0.71,-0.536,-0.652,-0.5,-0.526,-0.806,-0.583,-0.53,-0.586,6
-1.189,-0.494,-0.628,-0.331,-0.196,-0.053,-0.587,-0.422,-0.331,-0.926,-1.189,-0.549,-0.391,-0.564,-0.356,-0.53,-0.714,-0.394,-0.386,-0.453,-1.189,-0.887,-0.889,-0.766,-0.663,-0.584,-0.886,-0.721,-0.652,-0.883,-1.189,-0.824,-0.796,-0.748,-0.661,-0.674,-0.896,-0.714,-0.641,-0.74,6
-1.232,-0.535,-0.652,-0.347,-0.213,-0.132,-0.59,-0.435,-0.379,-0.91,-1.232,-0.563,-0.506,-0.565,-0.406,-0.593,-0.709,-0.446,-0.443,-0.558,-1.232,-0.958,-0.941,-0.865,-0.754,-0.674,-0.971,-0.816,-0.765,-0.97,-1.232,-0.84,-0.716,-0.769,-0.63,-0.663,-0.931,-0.708,-0.643,-0.74,6
-1.269,-0.677,-0.59,-0.528,-0.343,-0.284,-0.784,-0.517,-0.411,-0.769,-1.269,-0.739,-0.598,-0.727,-0.55,-0.639,-0.925,-0.644,-0.602,-0.72,-1.269,-1.024,-0.974,-0.921,-0.813,-0.71,-1.016,-0.868,-0.799,-0.963,-1.269,-0.941,-0.757,-0.873,-0.698,-0.7,-1.024,-0.792,-0.715,-0.807,6
-1.273,-0.697,-0.561,-0.535,-0.334,-0.211,-0.769,-0.492,-0.393,-0.743,-1.273,-0.801,-0.516,-0.768,-0.516,-0.54,-0.959,-0.625,-0.573,-0.639,-1.273,-0.98,-0.876,-0.872,-0.715,-0.641,-0.988,-0.794,-0.737,-0.901,-1.273,-0.919,-0.693,-0.856,-0.638,-0.646,-1.002,-0.737,-0.673,-0.738,6
-1.243,-0.546,-0.438,-0.354,-0.192,-0.103,-0.656,-0.36,-0.251,-0.583,-1.243,-0.703,-0.5,-0.645,-0.454,-0.511,-0.839,-0.545,-0.496,-0.567,-1.243,-0.96,-0.945,-0.829,-0.726,-0.62,-0.934,-0.782,-0.711,-0.927,-1.243,-0.801,-0.591,-0.714,-0.52,-0.571,-0.846,-0.579,-0.52,-0.576,6
-1.18,-0.522,-0.56,-0.331,-0.226,-0.139,-0.575,-0.379,-0.317,-0.725,-1.18,-0.559,-0.468,-0.576,-0.431,-0.6,-0.721,-0.457,-0.447,-0.512,-1.18,-0.923,-0.898,-0.812,-0.711,-0.648,-0.914,-0.772,-0.721,-0.917,-1.18,-0.804,-0.636,-0.76,-0.59,-0.616,-0.922,-0.673,-0.624,-0.695,6
-1.243,-0.668,-0.54,-0.53,-0.335,-0.228,-0.762,-0.491,-0.405,-0.737,-1.243,-0.749,-0.476,-0.734,-0.491,-0.534,-0.93,-0.597,-0.551,-0.608,-1.243,-0.944,-0.861,-0.829,-0.677,-0.582,-0.953,-0.759,-0.686,-0.878,-1.243,-0.861,-0.624,-0.817,-0.565,-0.592,-0.969,-0.659,-0.585,-0.642,6
-1.23,-0.556,-0.578,-0.364,-0.255,-0.168,-0.623,-0.434,-0.326,-0.736,-1.23,-0.696,-0.478,-0.665,-0.465,-0.548,-0.846,-0.555,-0.52,-0.593,-1.23,-0.944,-0.881,-0.829,-0.68,-0.586,-0.945,-0.76,-0.693,-0.89,-1.23,-0.741,-0.58,-0.693,-0.535,-0.613,-0.831,-0.592,-0.522,-0.574,6
-1.232,-0.614,-0.692,-0.453,-0.337,-0.256,-0.685,-0.507,-0.421,-0.874,-1.232,-0.683,-0.515,-0.668,-0.472,-0.592,-0.859,-0.57,-0.553,-0.653,-1.232,-0.967,-0.874,-0.872,-0.729,-0.677,-0.976,-0.793,-0.746,-0.909,-1.232,-0.85,-0.834,-0.783,-0.706,-0.733,-0.929,-0.765,-0.702,-0.824,6
-1.206,-0.544,-0.555,-0.379,-0.221,-0.148,-0.609,-0.392,-0.329,-0.764,-1.206,-0.59,-0.471,-0.574,-0.399,-0.524,-0.751,-0.46,-0.421,-0.5,-1.206,-0.9,-0.849,-0.797,-0.667,-0.6,-0.906,-0.725,-0.678,-0.881,-1.206,-0.843,-0.718,-0.778,-0.637,-0.677,-0.929,-0.716,-0.661,-0.757,6
-1.23,-0.768,-0.726,-0.628,-0.487,-0.366,-0.839,-0.628,-0.536,-0.875,-1.23,-0.867,-0.722,-0.844,-0.682,-0.687,-1.033,-0.805,-0.749,-0.866,-1.23,-1.031,-0.973,-0.943,-0.843,-0.794,-1.016,-0.888,-0.846,-0.965,-1.23,-0.905,-0.779,-0.852,-0.711,-0.707,-1.004,-0.804,-0.734,-0.833,6
-1.212,-0.654,-0.661,-0.496,-0.335,-0.208,-0.703,-0.476,-0.41,-0.793,-1.212,-0.751,-0.526,-0.724,-0.503,-0.563,-0.914,-0.617,-0.585,-0.669,-1.212,-0.937,-0.873,-0.849,-0.714,-0.647,-0.965,-0.786,-0.735,-0.918,-1.212,-0.817,-0.653,-0.761,-0.597,-0.626,-0.919,-0.681,-0.626,-0.702,6
-1.261,-0.564,-0.59,-0.364,-0.183,-0.088,-0.631,-0.413,-0.329,-0.863,-1.261,-0.627,-0.455,-0.598,-0.377,-0.531,-0.767,-0.444,-0.431,-0.541,-1.261,-0.962,-0.934,-0.856,-0.733,-0.646,-0.983,-0.806,-0.739,-0.957,-1.261,-0.832,-0.75,-0.763,-0.643,-0.683,-0.925,-0.707,-0.637,-0.737,6
-1.233,-0.697,-0.808,-0.522,-0.446,-0.263,-0.725,-0.577,-0.464,-0.931,-1.233,-0.709,-0.604,-0.678,-0.531,-0.639,-0.855,-0.618,-0.58,-0.694,-1.233,-0.919,-0.879,-0.805,-0.681,-0.586,-0.937,-0.748,-0.679,-0.888,-1.233,-0.851,-0.783,-0.804,-0.669,-0.701,-0.967,-0.749,-0.699,-0.813,6
-1.219,-0.571,-0.63,-0.415,-0.288,-0.165,-0.67,-0.474,-0.381,-0.85,-1.219,-0.629,-0.514,-0.604,-0.446,-0.582,-0.792,-0.53,-0.514,-0.614,-1.219,-0.89,-0.773,-0.763,-0.6,-0.529,-0.897,-0.68,-0.627,-0.833,-1.219,-0.816,-0.718,-0.733,-0.621,-0.641,-0.869,-0.683,-0.615,-0.678,6
-1.046,-0.457,-0.501,-0.29,-0.201,-0.05,-0.507,-0.342,-0.246,-0.684,-1.046,-0.471,-0.217,-0.49,-0.27,-0.398,-0.648,-0.327,-0.321,-0.351,-1.046,-0.708,-0.765,-0.581,-0.511,-0.405,-0.703,-0.562,-0.487,-0.754,-1.046,-0.697,-0.561,-0.656,-0.526,-0.566,-0.823,-0.623,-0.57,-0.633,6
-1.252,-0.71,-0.626,-0.54,-0.382,-0.271,-0.756,-0.518,-0.429,-0.784,-1.252,-0.798,-0.543,-0.747,-0.508,-0.559,-0.938,-0.627,-0.583,-0.702,-1.252,-1.004,-0.953,-0.911,-0.786,-0.709,-1.013,-0.855,-0.806,-0.99,-1.252,-0.851,-0.708,-0.789,-0.606,-0.641,-0.944,-0.684,-0.627,-0.731,6
-1.299,-0.679,-0.582,-0.463,-0.324,-0.226,-0.705,-0.491,-0.387,-0.671,-1.299,-0.823,-0.561,-0.767,-0.537,-0.599,-0.942,-0.638,-0.608,-0.678,-1.299,-1.006,-0.967,-0.893,-0.777,-0.692,-1.006,-0.842,-0.774,-0.966,-1.299,-0.799,-0.509,-0.743,-0.538,-0.559,-0.888,-0.613,-0.542,-0.535,6
-1.142,-0.502,-0.619,-0.371,-0.25,-0.079,-0.57,-0.402,-0.309,-0.83,-1.142,-0.515,-0.266,-0.577,-0.35,-0.487,-0.724,-0.392,-0.359,-0.358,-1.142,-0.769,-0.794,-0.663,-0.556,-0.464,-0.796,-0.617,-0.562,-0.824,-1.142,-0.748,-0.653,-0.729,-0.607,-0.662,-0.883,-0.673,-0.626,-0.684,6
-1.277,-0.704,-0.677,-0.535,-0.411,-0.254,-0.781,-0.551,-0.413,-0.793,-1.277,-0.812,-0.612,-0.778,-0.571,-0.625,-0.974,-0.67,-0.627,-0.727,-1.277,-1.012,-0.948,-0.912,-0.768,-0.68,-1.016,-0.833,-0.773,-0.945,-1.277,-0.878,-0.711,-0.806,-0.64,-0.678,-0.954,-0.719,-0.655,-0.731,6
-1.233,-0.661,-0.621,-0.47,-0.3,-0.182,-0.715,-0.478,-0.371,-0.776,-1.233,-0.758,-0.611,-0.701,-0.532,-0.583,-0.876,-0.616,-0.564,-0.673,-1.233,-0.974,-0.951,-0.866,-0.761,-0.675,-0.962,-0.812,-0.744,-0.94,-1.233,-0.842,-0.717,-0.77,-0.617,-0.627,-0.924,-0.702,-0.634,-0.707,6
-1.202,-0.432,-0.531,-0.245,-0.104,-0.048,-0.495,-0.298,-0.205,-0.726,-1.202,-0.505,-0.286,-0.524,-0.318,-0.519,-0.668,-0.357,-0.367,-0.396,-1.202,-0.87,-0.82,-0.748,-0.611,-0.542,-0.883,-0.7,-0.65,-0.883,-1.202,-0.736,-0.697,-0.687,-0.576,-0.626,-0.851,-0.626,-0.564,-0.646,6
-1.272,-0.762,-0.735,-0.548,-0.38,-0.218,-0.777,-0.568,-0.455,-0.859,-1.272,-0.856,-0.694,-0.799,-0.609,-0.635,-0.981,-0.712,-0.646,-0.768,-1.272,-1.061,-0.99,-0.979,-0.866,-0.819,-1.059,-0.918,-0.877,-0.998,-1.272,-0.904,-0.799,-0.859,-0.727,-0.76,-1.027,-0.82,-0.765,-0.873,6
-1.186,-0.61,-0.592,-0.418,-0.251,-0.151,-0.658,-0.414,-0.334,-0.74,-1.186,-0.693,-0.48,-0.636,-0.416,-0.472,-0.817,-0.507,-0.447,-0.543,-1.186,-0.899,-0.888,-0.791,-0.674,-0.578,-0.896,-0.735,-0.673,-0.894,-1.186,-0.783,-0.659,-0.729,-0.589,-0.648,-0.885,-0.66,-0.6,-0.7,6
-1.313,-0.794,-0.668,-0.584,-0.359,-0.231,-0.814,-0.536,-0.435,-0.739,-1.313,-0.904,-0.664,-0.838,-0.605,-0.623,-1.018,-0.725,-0.664,-0.765,-1.313,-1.109,-1.045,-1.039,-0.931,-0.883,-1.128,-0.989,-0.948,-1.082,-1.313,-0.926,-0.752,-0.864,-0.714,-0.72,-1.037,-0.811,-0.74,-0.814,6
-1.277,-0.681,-0.625,-0.494,-0.328,-0.202,-0.752,-0.488,-0.375,-0.747,-1.277,-0.796,-0.626,-0.732,-0.554,-0.599,-0.923,-0.659,-0.604,-0.708,-1.277,-1.024,-0.988,-0.915,-0.798,-0.706,-1.009,-0.857,-0.797,-0.98,-1.277,-0.843,-0.685,-0.768,-0.582,-0.615,-0.917,-0.655,-0.596,-0.673,6
-1.119,-0.331,-0.499,-0.188,-0.087,-0.015,-0.437,-0.275,-0.199,-0.727,-1.119,-0.418,-0.302,-0.475,-0.336,-0.519,-0.6,-0.339,-0.348,-0.33,-1.119,-0.802,-0.803,-0.677,-0.567,-0.482,-0.797,-0.63,-0.569,-0.822,-1.119,-0.691,-0.63,-0.623,-0.509,-0.593,-0.76,-0.553,-0.508,-0.604,6
-1.286,-0.603,-0.558,-0.432,-0.251,-0.179,-0.676,-0.395,-0.305,-0.717,-1.286,-0.683,-0.443,-0.661,-0.424,-0.531,-0.836,-0.495,-0.461,-0.526,-1.286,-0.988,-0.925,-0.886,-0.758,-0.685,-1.008,-0.839,-0.782,-0.977,-1.286,-0.827,-0.651,-0.775,-0.577,-0.63,-0.935,-0.644,-0.603,-0.683,6
-1.194,-0.423,-0.516,-0.232,-0.075,0.016,-0.512,-0.284,-0.181,-0.639,-1.194,-0.457,-0.271,-0.459,-0.251,-0.459,-0.581,-0.271,-0.262,-0.282,-1.194,-0.844,-0.792,-0.72,-0.578,-0.493,-0.844,-0.65,-0.595,-0.834,-1.194,-0.773,-0.638,-0.7,-0.561,-0.576,-0.844,-0.63,-0.555,-0.63,6
-1.382,-0.845,-0.728,-0.678,-0.472,-0.386,-0.907,-0.651,-0.546,-0.87,-1.382,-0.984,-0.745,-0.94,-0.704,-0.717,-1.126,-0.836,-0.773,-0.884,-1.382,-1.201,-1.154,-1.123,-1.026,-0.952,-1.194,-1.072,-1.017,-1.129,-1.382,-1.018,-0.908,-0.95,-0.82,-0.798,-1.107,-0.915,-0.825,-0.916,6
-1.166,-0.563,-0.516,-0.41,-0.252,-0.155,-0.61,-0.386,-0.309,-0.686,-1.166,-0.688,-0.476,-0.669,-0.46,-0.521,-0.845,-0.561,-0.519,-0.616,-1.166,-0.936,-0.964,-0.827,-0.761,-0.682,-0.908,-0.796,-0.743,-0.922,-1.166,-0.747,-0.557,-0.71,-0.549,-0.61,-0.876,-0.626,-0.599,-0.661,6
-1.137,-0.526,-0.449,-0.357,-0.171,-0.07,-0.6,-0.332,-0.263,-0.648,-1.137,-0.611,-0.442,-0.603,-0.433,-0.526,-0.789,-0.514,-0.49,-0.548,-1.137,-0.809,-0.801,-0.692,-0.593,-0.529,-0.824,-0.657,-0.605,-0.851,-1.137,-0.763,-0.573,-0.676,-0.503,-0.517,-0.827,-0.579,-0.515,-0.595,6
-1.349,-0.778,-0.69,-0.594,-0.408,-0.318,-0.833,-0.591,-0.473,-0.823,-1.349,-0.902,-0.701,-0.853,-0.636,-0.666,-1.039,-0.749,-0.68,-0.791,-1.349,-1.124,-1.074,-1.041,-0.92,-0.844,-1.14,-0.989,-0.934,-1.095,-1.349,-0.956,-0.796,-0.88,-0.72,-0.719,-1.037,-0.817,-0.742,-0.816,6
-1.236,-0.578,-0.57,-0.39,-0.229,-0.137,-0.664,-0.426,-0.321,-0.751,-1.236,-0.62,-0.452,-0.608,-0.41,-0.546,-0.781,-0.473,-0.442,-0.497,-1.236,-0.925,-0.958,-0.804,-0.736,-0.634,-0.924,-0.786,-0.715,-0.952,-1.236,-0.827,-0.716,-0.758,-0.658,-0.693,-0.919,-0.731,-0.669,-0.763,6
-1.102,-0.505,-0.454,-0.311,-0.215,-0.113,-0.555,-0.367,-0.278,-0.583,-1.102,-0.661,-0.437,-0.612,-0.41,-0.477,-0.788,-0.513,-0.487,-0.565,-1.102,-0.826,-0.877,-0.69,-0.622,-0.51,-0.787,-0.667,-0.594,-0.822,-1.102,-0.648,-0.413,-0.6,-0.443,-0.453,-0.725,-0.5,-0.445,-0.414,6
-1.284,-0.688,-0.618,-0.501,-0.336,-0.219,-0.758,-0.494,-0.38,-0.756,-1.284,-0.795,-0.599,-0.738,-0.552,-0.594,-0.927,-0.648,-0.595,-0.678,-1.284,-1.027,-0.994,-0.921,-0.803,-0.725,-1.021,-0.868,-0.811,-0.997,-1.284,-0.838,-0.661,-0.766,-0.571,-0.606,-0.92,-0.646,-0.585,-0.65,6
-1.175,-0.555,-0.593,-0.406,-0.238,-0.129,-0.612,-0.392,-0.335,-0.771,-1.175,-0.63,-0.42,-0.613,-0.406,-0.5,-0.794,-0.496,-0.463,-0.536,-1.175,-0.874,-0.851,-0.769,-0.648,-0.554,-0.884,-0.706,-0.649,-0.852,-1.175,-0.755,-0.568,-0.714,-0.524,-0.575,-0.873,-0.606,-0.559,-0.619,6
-1.161,-0.565,-0.525,-0.403,-0.237,-0.169,-0.651,-0.417,-0.345,-0.721,-1.161,-0.67,-0.441,-0.649,-0.432,-0.531,-0.837,-0.521,-0.501,-0.587,-1.161,-0.905,-0.867,-0.792,-0.681,-0.625,-0.896,-0.746,-0.696,-0.881,-1.161,-0.807,-0.671,-0.751,-0.626,-0.658,-0.898,-0.694,-0.632,-0.709,6
-1.14,-0.466,-0.516,-0.283,-0.14,-0.045,-0.515,-0.301,-0.185,-0.672,-1.14,-0.479,-0.185,-0.526,-0.291,-0.484,-0.645,-0.305,-0.319,-0.303,-1.14,-0.808,-0.83,-0.683,-0.579,-0.493,-0.814,-0.658,-0.603,-0.882,-1.14,-0.731,-0.674,-0.7,-0.597,-0.647,-0.868,-0.662,-0.615,-0.695,6
-1.254,-0.705,-0.641,-0.57,-0.403,-0.347,-0.795,-0.553,-0.491,-0.844,-1.254,-0.707,-0.502,-0.717,-0.497,-0.597,-0.908,-0.59,-0.556,-0.624,-1.254,-0.941,-0.9,-0.835,-0.706,-0.651,-0.961,-0.781,-0.733,-0.956,-1.254,-0.892,-0.778,-0.848,-0.711,-0.735,-1.009,-0.794,-0.752,-0.841,6
-1.216,-0.41,-0.601,-0.265,-0.171,-0.037,-0.499,-0.313,-0.216,-0.766,-1.216,-0.482,-0.352,-0.533,-0.338,-0.545,-0.639,-0.343,-0.335,-0.342,-1.216,-0.866,-0.847,-0.737,-0.628,-0.523,-0.864,-0.696,-0.629,-0.875,-1.216,-0.767,-0.717,-0.713,-0.598,-0.69,-0.846,-0.645,-0.613,-0.707,6
-1.236,-0.745,-0.565,-0.565,-0.362,-0.283,-0.783,-0.507,-0.419,-0.682,-1.236,-0.825,-0.566,-0.767,-0.537,-0.563,-0.949,-0.65,-0.596,-0.697,-1.236,-1.005,-0.952,-0.92,-0.805,-0.735,-1.011,-0.859,-0.808,-0.975,-1.236,-0.852,-0.614,-0.813,-0.585,-0.614,-0.979,-0.679,-0.622,-0.697,6
-1.18,-0.426,-0.551,-0.25,-0.155,-0.065,-0.524,-0.379,-0.268,-0.781,-1.18,-0.5,-0.308,-0.529,-0.356,-0.507,-0.663,-0.373,-0.368,-0.345,-1.18,-0.854,-0.848,-0.718,-0.605,-0.497,-0.848,-0.682,-0.606,-0.852,-1.18,-0.755,-0.69,-0.676,-0.598,-0.629,-0.833,-0.663,-0.589,-0.67,6
-1.134,-0.532,-0.518,-0.377,-0.227,-0.152,-0.622,-0.418,-0.362,-0.792,-1.134,-0.604,-0.367,-0.603,-0.394,-0.506,-0.796,-0.5,-0.472,-0.53,-1.134,-0.807,-0.817,-0.687,-0.579,-0.473,-0.804,-0.634,-0.571,-0.801,-1.134,-0.736,-0.664,-0.674,-0.581,-0.622,-0.828,-0.642,-0.585,-0.647,6
-1.193,-0.543,-0.453,-0.365,-0.204,-0.166,-0.603,-0.371,-0.316,-0.646,-1.193,-0.68,-0.491,-0.647,-0.428,-0.558,-0.826,-0.527,-0.527,-0.63,-1.193,-0.956,-0.9,-0.858,-0.744,-0.668,-0.943,-0.793,-0.74,-0.893,-1.193,-0.752,-0.554,-0.707,-0.533,-0.586,-0.859,-0.613,-0.566,-0.604,6
-1.175,-0.573,-0.564,-0.399,-0.201,-0.121,-0.645,-0.405,-0.334,-0.78,-1.175,-0.642,-0.444,-0.627,-0.403,-0.54,-0.816,-0.487,-0.472,-0.57,-1.175,-0.905,-0.893,-0.803,-0.699,-0.611,-0.922,-0.766,-0.706,-0.911,-1.175,-0.792,-0.672,-0.749,-0.592,-0.64,-0.902,-0.671,-0.602,-0.687,6
-1.207,-0.531,-0.56,-0.297,-0.2,-0.078,-0.58,-0.409,-0.245,-0.709,-1.207,-0.675,-0.422,-0.626,-0.403,-0.497,-0.802,-0.503,-0.462,-0.54,-1.207,-0.935,-0.943,-0.814,-0.711,-0.598,-0.922,-0.774,-0.707,-0.928,-1.207,-0.693,-0.515,-0.649,-0.481,-0.587,-0.785,-0.542,-0.488,-0.53,6
-1.108,-0.549,-0.573,-0.395,-0.283,-0.177,-0.629,-0.437,-0.355,-0.731,-1.108,-0.538,-0.403,-0.543,-0.376,-0.508,-0.712,-0.432,-0.411,-0.477,-1.108,-0.795,-0.796,-0.662,-0.553,-0.448,-0.786,-0.616,-0.538,-0.799,-1.108,-0.77,-0.786,-0.724,-0.692,-0.71,-0.89,-0.767,-0.724,-0.826,6
-1.234,-0.666,-0.659,-0.501,-0.354,-0.221,-0.721,-0.51,-0.416,-0.794,-1.234,-0.699,-0.495,-0.683,-0.462,-0.547,-0.861,-0.555,-0.515,-0.589,-1.234,-0.942,-0.872,-0.834,-0.701,-0.619,-0.944,-0.767,-0.707,-0.876,-1.234,-0.856,-0.68,-0.809,-0.623,-0.635,-0.974,-0.721,-0.666,-0.735,6
-1.15,-0.482,-0.535,-0.319,-0.202,-0.11,-0.548,-0.331,-0.248,-0.693,-1.15,-0.615,-0.419,-0.607,-0.419,-0.528,-0.78,-0.5,-0.474,-0.542,-1.15,-0.857,-0.791,-0.745,-0.61,-0.53,-0.86,-0.682,-0.624,-0.818,-1.15,-0.679,-0.574,-0.659,-0.505,-0.6,-0.804,-0.558,-0.503,-0.575,6
-1.135,-0.437,-0.53,-0.237,-0.1,0.027,-0.488,-0.286,-0.169,-0.628,-1.135,-0.459,-0.286,-0.438,-0.259,-0.442,-0.57,-0.285,-0.27,-0.308,-1.135,-0.81,-0.825,-0.684,-0.596,-0.503,-0.802,-0.656,-0.596,-0.85,-1.135,-0.766,-0.691,-0.694,-0.58,-0.583,-0.843,-0.66,-0.59,-0.682,6
-1.317,-0.729,-0.673,-0.555,-0.365,-0.244,-0.794,-0.529,-0.43,-0.805,-1.317,-0.819,-0.615,-0.769,-0.547,-0.599,-0.954,-0.646,-0.59,-0.699,-1.317,-1.05,-1.008,-0.941,-0.816,-0.723,-1.044,-0.878,-0.815,-0.996,-1.317,-0.912,-0.7,-0.849,-0.649,-0.644,-1.002,-0.739,-0.661,-0.709,6
-1.179,-0.693,-0.715,-0.519,-0.365,-0.224,-0.725,-0.51,-0.411,-0.824,-1.179,-0.755,-0.591,-0.734,-0.542,-0.615,-0.922,-0.656,-0.613,-0.728,-1.179,-0.947,-0.97,-0.855,-0.785,-0.731,-0.957,-0.84,-0.803,-1.005,-1.179,-0.828,-0.629,-0.799,-0.603,-0.644,-0.973,-0.711,-0.654,-0.753,6
-1.104,-0.383,-0.559,-0.208,-0.162,-0.031,-0.431,-0.321,-0.194,-0.723,-1.104,-0.404,-0.131,-0.474,-0.263,-0.465,-0.558,-0.257,-0.289,-0.218,-1.104,-0.755,-0.802,-0.609,-0.513,-0.401,-0.734,-0.579,-0.517,-0.828,-1.104,-0.692,-0.638,-0.662,-0.553,-0.621,-0.813,-0.612,-0.562,-0.63,6
-1.182,-0.957,-1.087,-0.875,-0.861,-0.821,-0.952,-0.876,-0.867,-1.11,-1.182,-0.806,-0.889,-0.779,-0.737,-0.822,-0.947,-0.806,-0.814,-1.005,-1.182,-0.839,-1.099,-0.737,-0.734,-0.638,-0.846,-0.753,-0.739,-1.105,-1.182,-0.859,-0.851,-0.83,-0.73,-0.781,-0.998,-0.819,-0.801,-0.964,7
-1.36,-1.117,-1.188,-1.028,-0.973,-0.901,-1.13,-1.019,-0.978,-1.197,-1.36,-0.963,-0.957,-0.906,-0.803,-0.847,-1.07,-0.884,-0.853,-1.011,-1.36,-1.03,-1.164,-0.903,-0.833,-0.702,-1.017,-0.885,-0.837,-1.164,-1.36,-1.096,-1.125,-1.032,-0.986,-0.995,-1.157,-1.049,-1.021,-1.168,7
-1.2,-0.901,-1.065,-0.799,-0.763,-0.671,-0.925,-0.814,-0.782,-1.113,-1.2,-0.788,-0.906,-0.763,-0.726,-0.808,-0.94,-0.795,-0.794,-0.991,-1.2,-0.889,-1.074,-0.78,-0.744,-0.642,-0.881,-0.761,-0.731,-1.052,-1.2,-0.901,-0.842,-0.852,-0.73,-0.75,-0.995,-0.813,-0.785,-0.933,7
-1.285,-1.056,-1.117,-0.97,-0.914,-0.86,-1.055,-0.947,-0.921,-1.14,-1.285,-0.917,-1.007,-0.867,-0.826,-0.877,-1.033,-0.901,-0.885,-1.069,-1.285,-0.918,-1.082,-0.802,-0.741,-0.621,-0.931,-0.792,-0.743,-1.095,-1.285,-0.942,-0.884,-0.894,-0.767,-0.797,-1.056,-0.86,-0.831,-0.981,7
-1.147,-0.876,-1.055,-0.766,-0.755,-0.681,-0.862,-0.781,-0.759,-1.052,-1.147,-0.831,-0.911,-0.817,-0.788,-0.888,-0.978,-0.863,-0.889,-1.072,-1.147,-0.826,-1.044,-0.734,-0.716,-0.65,-0.837,-0.724,-0.707,-1.021,-1.147,-0.749,-0.825,-0.724,-0.685,-0.786,-0.901,-0.762,-0.76,-0.927,7
-1.181,-0.911,-1.035,-0.823,-0.787,-0.736,-0.931,-0.83,-0.812,-1.088,-1.181,-0.747,-0.838,-0.735,-0.683,-0.801,-0.916,-0.762,-0.777,-0.976,-1.181,-0.798,-1.09,-0.682,-0.693,-0.591,-0.812,-0.733,-0.724,-1.133,-1.181,-0.847,-0.867,-0.826,-0.766,-0.835,-0.994,-0.86,-0.862,-1.015,7
-1.388,-1.126,-1.211,-1.018,-0.951,-0.848,-1.114,-0.988,-0.94,-1.198,-1.388,-0.971,-1.089,-0.92,-0.875,-0.92,-1.086,-0.933,-0.9,-1.082,-1.388,-1.054,-1.215,-0.952,-0.909,-0.822,-1.075,-0.947,-0.911,-1.215,-1.388,-1.088,-0.993,-1.041,-0.902,-0.919,-1.193,-1.004,-0.975,-1.114,7
-1.214,-0.976,-1.126,-0.874,-0.86,-0.79,-0.942,-0.868,-0.856,-1.121,-1.214,-0.851,-0.985,-0.814,-0.806,-0.883,-0.962,-0.856,-0.858,-1.036,-1.214,-0.893,-1.136,-0.781,-0.772,-0.677,-0.879,-0.786,-0.761,-1.085,-1.214,-0.905,-0.87,-0.879,-0.78,-0.846,-1.045,-0.88,-0.88,-1.044,7
-0.935,-0.744,-0.875,-0.69,-0.682,-0.681,-0.773,-0.699,-0.706,-0.916,-0.935,-0.689,-0.873,-0.673,-0.723,-0.828,-0.816,-0.77,-0.818,-1.011,-0.935,-0.654,-0.977,-0.555,-0.613,-0.558,-0.633,-0.594,-0.616,-0.984,-0.935,-0.631,-0.683,-0.596,-0.537,-0.609,-0.751,-0.61,-0.619,-0.808,7
-1.081,-0.82,-1.047,-0.713,-0.736,-0.668,-0.793,-0.742,-0.73,-1.035,-1.081,-0.742,-0.849,-0.733,-0.709,-0.799,-0.894,-0.778,-0.787,-0.966,-1.081,-0.755,-1.025,-0.661,-0.668,-0.581,-0.763,-0.676,-0.662,-1.026,-1.081,-0.724,-0.762,-0.715,-0.655,-0.753,-0.894,-0.741,-0.735,-0.899,7
-1.358,-1.122,-1.189,-1.04,-0.986,-0.927,-1.133,-1.027,-0.999,-1.228,-1.358,-0.973,-1.022,-0.921,-0.843,-0.878,-1.083,-0.916,-0.889,-1.073,-1.358,-1.046,-1.179,-0.944,-0.888,-0.803,-1.044,-0.914,-0.884,-1.17,-1.358,-1.086,-1.049,-1.037,-0.929,-0.934,-1.175,-1.011,-0.979,-1.119,7
-1.24,-0.979,-1.043,-0.881,-0.809,-0.729,-0.998,-0.864,-0.814,-1.051,-1.24,-0.81,-0.912,-0.758,-0.726,-0.815,-0.926,-0.788,-0.786,-0.978,-1.24,-0.813,-1.064,-0.644,-0.615,-0.449,-0.79,-0.683,-0.618,-1.069,-1.24,-0.89,-0.841,-0.808,-0.7,-0.74,-0.952,-0.781,-0.75,-0.909,7
-1.268,-0.958,-1.034,-0.846,-0.761,-0.675,-0.973,-0.828,-0.784,-1.072,-1.268,-0.913,-0.924,-0.866,-0.78,-0.842,-1.023,-0.856,-0.847,-1.011,-1.268,-0.956,-1.097,-0.848,-0.793,-0.703,-0.951,-0.825,-0.792,-1.086,-1.268,-0.898,-0.878,-0.843,-0.741,-0.792,-1.001,-0.825,-0.805,-0.964,7
-1.169,-0.915,-1.036,-0.832,-0.804,-0.773,-0.929,-0.845,-0.843,-1.108,-1.169,-0.83,-0.94,-0.822,-0.795,-0.894,-0.993,-0.875,-0.902,-1.103,-1.169,-0.89,-1.116,-0.799,-0.803,-0.74,-0.886,-0.814,-0.816,-1.14,-1.169,-0.877,-0.809,-0.851,-0.73,-0.754,-1.007,-0.829,-0.804,-0.927,7
-1.291,-1.035,-1.093,-0.946,-0.876,-0.822,-1.042,-0.917,-0.893,-1.133,-1.291,-0.885,-0.973,-0.842,-0.786,-0.849,-1.011,-0.856,-0.838,-1.019,-1.291,-0.898,-1.083,-0.772,-0.71,-0.583,-0.903,-0.767,-0.726,-1.109,-1.291,-0.952,-0.859,-0.897,-0.746,-0.762,-1.052,-0.837,-0.799,-0.942,7
-1.058,-0.805,-0.92,-0.72,-0.683,-0.636,-0.817,-0.711,-0.687,-0.922,-1.058,-0.75,-0.739,-0.742,-0.649,-0.724,-0.9,-0.734,-0.734,-0.882,-1.058,-0.782,-1.079,-0.683,-0.749,-0.698,-0.769,-0.74,-0.729,-1.049,-1.058,-0.78,-0.763,-0.757,-0.687,-0.745,-0.916,-0.784,-0.783,-0.936,7
-1.308,-1.049,-1.163,-0.959,-0.924,-0.87,-1.049,-0.949,-0.928,-1.183,-1.308,-0.865,-0.952,-0.824,-0.768,-0.857,-0.988,-0.829,-0.822,-1.007,-1.308,-0.913,-1.149,-0.781,-0.736,-0.592,-0.913,-0.781,-0.73,-1.113,-1.308,-0.978,-0.876,-0.93,-0.777,-0.815,-1.09,-0.875,-0.852,-0.995,7
-1.152,-0.823,-0.89,-0.711,-0.612,-0.516,-0.832,-0.668,-0.616,-0.905,-1.152,-0.772,-0.812,-0.731,-0.653,-0.719,-0.886,-0.717,-0.706,-0.879,-1.152,-0.849,-1.087,-0.741,-0.751,-0.667,-0.83,-0.757,-0.742,-1.076,-1.152,-0.83,-0.778,-0.777,-0.67,-0.702,-0.922,-0.751,-0.718,-0.847,7
-1.233,-0.995,-1.111,-0.909,-0.871,-0.797,-0.995,-0.897,-0.867,-1.105,-1.233,-0.865,-1.006,-0.836,-0.825,-0.901,-0.993,-0.876,-0.879,-1.069,-1.233,-0.869,-1.119,-0.76,-0.73,-0.612,-0.868,-0.747,-0.722,-1.119,-1.233,-0.893,-0.785,-0.859,-0.711,-0.749,-1.022,-0.808,-0.777,-0.909,7
-1.169,-0.897,-1.042,-0.795,-0.764,-0.694,-0.9,-0.807,-0.781,-1.067,-1.169,-0.751,-0.839,-0.742,-0.689,-0.792,-0.919,-0.765,-0.773,-0.965,-1.169,-0.8,-1.047,-0.696,-0.687,-0.576,-0.816,-0.717,-0.696,-1.098,-1.169,-0.827,-0.832,-0.802,-0.727,-0.786,-0.964,-0.81,-0.803,-0.959,7
-1.193,-0.912,-1.042,-0.827,-0.802,-0.766,-0.94,-0.839,-0.821,-1.082,-1.193,-0.763,-0.779,-0.748,-0.646,-0.768,-0.922,-0.728,-0.738,-0.92,-1.193,-0.817,-1.079,-0.692,-0.66,-0.536,-0.814,-0.71,-0.695,-1.133,-1.193,-0.873,-0.857,-0.838,-0.746,-0.799,-0.999,-0.838,-0.832,-0.993,7
-1.001,-0.803,-0.879,-0.744,-0.711,-0.715,-0.815,-0.722,-0.718,-0.885,-1.001,-0.736,-0.924,-0.718,-0.749,-0.821,-0.871,-0.802,-0.823,-1.014,-1.001,-0.75,-1.017,-0.66,-0.693,-0.63,-0.737,-0.68,-0.68,-0.987,-1.001,-0.741,-0.756,-0.712,-0.652,-0.717,-0.854,-0.734,-0.748,-0.924,7
-1.022,-0.761,-0.996,-0.653,-0.678,-0.599,-0.733,-0.683,-0.661,-0.975,-1.022,-0.687,-0.819,-0.681,-0.676,-0.771,-0.844,-0.742,-0.756,-0.937,-1.022,-0.695,-0.942,-0.602,-0.6,-0.54,-0.705,-0.609,-0.6,-0.945,-1.022,-0.663,-0.649,-0.66,-0.568,-0.669,-0.844,-0.663,-0.66,-0.812,7
-1.392,-1.126,-1.186,-1.033,-0.958,-0.883,-1.137,-1.003,-0.965,-1.206,-1.392,-0.978,-1.041,-0.917,-0.839,-0.878,-1.073,-0.898,-0.864,-1.04,-1.392,-1.094,-1.217,-0.991,-0.929,-0.854,-1.085,-0.948,-0.916,-1.178,-1.392,-1.143,-1.052,-1.096,-0.969,-0.974,-1.226,-1.055,-1.026,-1.146,7
-1.06,-0.826,-0.927,-0.737,-0.698,-0.651,-0.824,-0.723,-0.701,-0.924,-1.06,-0.752,-0.75,-0.739,-0.657,-0.722,-0.896,-0.744,-0.742,-0.899,-1.06,-0.777,-1.06,-0.673,-0.723,-0.658,-0.761,-0.716,-0.698,-1.026,-1.06,-0.77,-0.786,-0.749,-0.7,-0.784,-0.912,-0.789,-0.804,-0.974,7
-1.163,-0.893,-0.969,-0.802,-0.741,-0.691,-0.905,-0.774,-0.741,-0.97,-1.163,-0.841,-0.93,-0.81,-0.776,-0.834,-0.969,-0.847,-0.842,-1.013,-1.163,-0.863,-1.078,-0.76,-0.762,-0.691,-0.857,-0.774,-0.754,-1.062,-1.163,-0.836,-0.861,-0.796,-0.727,-0.771,-0.957,-0.811,-0.793,-0.958,7
-1.182,-0.924,-1.096,-0.833,-0.827,-0.774,-0.921,-0.834,-0.821,-1.089,-1.182,-0.759,-0.89,-0.737,-0.706,-0.798,-0.906,-0.769,-0.762,-0.949,-1.182,-0.791,-1.044,-0.673,-0.636,-0.5,-0.786,-0.659,-0.621,-1.012,-1.182,-0.844,-0.823,-0.796,-0.68,-0.698,-0.954,-0.755,-0.711,-0.861,7
-1.233,-0.961,-1.139,-0.869,-0.848,-0.771,-0.982,-0.888,-0.874,-1.198,-1.233,-0.873,-0.962,-0.845,-0.796,-0.868,-1.02,-0.875,-0.871,-1.058,-1.233,-0.92,-1.107,-0.826,-0.785,-0.691,-0.939,-0.811,-0.782,-1.093,-1.233,-0.907,-0.894,-0.87,-0.771,-0.818,-1.027,-0.856,-0.843,-1.002,7
-1.235,-0.934,-1.022,-0.843,-0.773,-0.722,-0.964,-0.819,-0.788,-1.053,-1.235,-0.782,-0.833,-0.764,-0.685,-0.787,-0.947,-0.767,-0.757,-0.931,-1.235,-0.834,-1.109,-0.706,-0.701,-0.564,-0.838,-0.744,-0.698,-1.098,-1.235,-0.899,-0.877,-0.845,-0.748,-0.788,-0.995,-0.824,-0.793,-0.941,7
-1.113,-0.846,-0.933,-0.751,-0.687,-0.634,-0.853,-0.726,-0.702,-0.946,-1.113,-0.729,-0.778,-0.728,-0.651,-0.756,-0.9,-0.724,-0.73,-0.904,-1.113,-0.761,-0.999,-0.654,-0.646,-0.573,-0.769,-0.666,-0.64,-0.997,-1.113,-0.781,-0.688,-0.746,-0.621,-0.667,-0.922,-0.729,-0.703,-0.846,7
-1.218,-0.957,-1.078,-0.875,-0.852,-0.826,-0.971,-0.873,-0.865,-1.111,-1.218,-0.8,-0.937,-0.765,-0.747,-0.839,-0.928,-0.797,-0.792,-0.977,-1.218,-0.847,-1.074,-0.715,-0.684,-0.566,-0.827,-0.708,-0.667,-1.031,-1.218,-0.901,-0.874,-0.847,-0.741,-0.779,-0.995,-0.818,-0.797,-0.951,7
-1.14,-0.863,-0.994,-0.785,-0.749,-0.707,-0.9,-0.798,-0.789,-1.08,-1.14,-0.779,-0.877,-0.777,-0.731,-0.824,-0.96,-0.819,-0.837,-1.047,-1.14,-0.87,-1.12,-0.786,-0.799,-0.725,-0.881,-0.818,-0.823,-1.172,-1.14,-0.863,-0.806,-0.841,-0.732,-0.756,-0.998,-0.836,-0.816,-0.943,7
-1.283,-1.045,-1.119,-0.965,-0.906,-0.864,-1.057,-0.942,-0.924,-1.145,-1.283,-0.95,-1.029,-0.919,-0.875,-0.944,-1.078,-0.946,-0.947,-1.123,-1.283,-0.988,-1.235,-0.898,-0.92,-0.839,-0.998,-0.925,-0.904,-1.218,-1.283,-0.996,-0.972,-0.957,-0.871,-0.881,-1.105,-0.957,-0.927,-1.06,7
-1.258,-0.961,-1.097,-0.842,-0.794,-0.678,-0.955,-0.841,-0.789,-1.111,-1.258,-0.903,-0.9,-0.849,-0.767,-0.825,-1.003,-0.843,-0.837,-1.001,-1.258,-0.94,-1.148,-0.822,-0.809,-0.692,-0.927,-0.835,-0.798,-1.134,-1.258,-0.914,-0.881,-0.861,-0.759,-0.796,-1.021,-0.846,-0.812,-0.959,7
-1.088,-0.841,-0.99,-0.746,-0.734,-0.677,-0.836,-0.763,-0.755,-1.037,-1.088,-0.729,-0.848,-0.728,-0.707,-0.812,-0.906,-0.791,-0.814,-1.005,-1.088,-0.739,-1.083,-0.651,-0.687,-0.607,-0.777,-0.716,-0.722,-1.133,-1.088,-0.738,-0.768,-0.741,-0.672,-0.77,-0.93,-0.773,-0.778,-0.941,7
-1.005,-0.826,-0.875,-0.779,-0.741,-0.757,-0.853,-0.761,-0.762,-0.911,-1.005,-0.715,-0.934,-0.699,-0.752,-0.852,-0.859,-0.803,-0.842,-1.05,-1.005,-0.729,-1.004,-0.639,-0.668,-0.602,-0.735,-0.666,-0.665,-0.991,-1.005,-0.763,-0.786,-0.736,-0.69,-0.766,-0.873,-0.768,-0.797,-0.976,7
-1.302,-1.071,-1.118,-0.99,-0.923,-0.874,-1.077,-0.957,-0.933,-1.145,-1.302,-0.929,-1.007,-0.891,-0.839,-0.896,-1.056,-0.911,-0.904,-1.096,-1.302,-0.956,-1.187,-0.838,-0.818,-0.683,-0.954,-0.852,-0.813,-1.19,-1.302,-0.988,-0.983,-0.938,-0.851,-0.86,-1.094,-0.94,-0.904,-1.052,7
-1.149,-0.848,-0.984,-0.736,-0.693,-0.604,-0.857,-0.74,-0.698,-0.987,-1.149,-0.77,-0.761,-0.737,-0.625,-0.672,-0.903,-0.702,-0.671,-0.811,-1.149,-0.845,-1.004,-0.754,-0.702,-0.629,-0.866,-0.731,-0.707,-1.008,-1.149,-0.841,-0.845,-0.803,-0.724,-0.782,-0.96,-0.805,-0.794,-0.952,7
-1.172,-0.939,-1.089,-0.851,-0.838,-0.774,-0.941,-0.861,-0.839,-1.092,-1.172,-0.785,-0.841,-0.762,-0.692,-0.772,-0.931,-0.764,-0.755,-0.929,-1.172,-0.827,-1.051,-0.724,-0.696,-0.597,-0.837,-0.725,-0.698,-1.045,-1.172,-0.878,-0.892,-0.849,-0.779,-0.842,-1.006,-0.865,-0.868,-1.041,7
-1.22,-0.968,-1.082,-0.87,-0.838,-0.768,-0.958,-0.864,-0.835,-1.085,-1.22,-0.915,-0.962,-0.881,-0.82,-0.881,-1.031,-0.891,-0.891,-1.062,-1.22,-0.946,-1.17,-0.849,-0.859,-0.794,-0.935,-0.865,-0.853,-1.137,-1.22,-0.886,-0.833,-0.859,-0.741,-0.788,-1.027,-0.839,-0.818,-0.963,7
-1.147,-0.93,-1.025,-0.854,-0.822,-0.785,-0.937,-0.854,-0.846,-1.088,-1.147,-0.814,-0.939,-0.811,-0.782,-0.868,-0.981,-0.856,-0.871,-1.075,-1.147,-0.853,-1.078,-0.758,-0.744,-0.67,-0.844,-0.755,-0.749,-1.074,-1.147,-0.869,-0.816,-0.849,-0.742,-0.765,-0.998,-0.831,-0.806,-0.913,7
-1.24,-1.056,-1.14,-0.98,-0.948,-0.901,-1.049,-0.967,-0.945,-1.136,-1.24,-0.85,-0.952,-0.822,-0.784,-0.854,-0.989,-0.85,-0.847,-1.038,-1.24,-0.893,-1.111,-0.789,-0.766,-0.669,-0.9,-0.79,-0.761,-1.104,-1.24,-0.96,-0.91,-0.933,-0.828,-0.872,-1.092,-0.927,-0.918,-1.075,7
-1.33,-1.076,-1.184,-0.99,-0.951,-0.903,-1.08,-0.975,-0.958,-1.203,-1.33,-0.883,-0.989,-0.842,-0.795,-0.885,-1.007,-0.852,-0.842,-1.031,-1.33,-0.941,-1.183,-0.81,-0.779,-0.633,-0.941,-0.821,-0.761,-1.136,-1.33,-1.008,-0.93,-0.963,-0.833,-0.876,-1.119,-0.927,-0.911,-1.054,7
-1.324,-1.114,-1.157,-1.04,-0.983,-0.948,-1.12,-1.011,-0.987,-1.164,-1.324,-0.975,-1.07,-0.921,-0.894,-0.953,-1.08,-0.966,-0.961,-1.159,-1.324,-1.007,-1.156,-0.891,-0.848,-0.75,-1.001,-0.886,-0.846,-1.149,-1.324,-1.05,-0.981,-0.995,-0.875,-0.884,-1.134,-0.964,-0.934,-1.071,7
-1.229,-0.969,-1.089,-0.876,-0.837,-0.759,-0.976,-0.869,-0.832,-1.09,-1.229,-0.801,-0.831,-0.778,-0.677,-0.768,-0.949,-0.752,-0.745,-0.925,-1.229,-0.828,-1.047,-0.708,-0.647,-0.514,-0.835,-0.698,-0.66,-1.062,-1.229,-0.873,-0.841,-0.834,-0.72,-0.78,-1.003,-0.814,-0.798,-0.952,7
-1.273,-1.01,-1.04,-0.92,-0.833,-0.778,-1.029,-0.893,-0.867,-1.113,-1.273,-0.884,-0.958,-0.843,-0.793,-0.863,-1.013,-0.867,-0.859,-1.04,-1.273,-0.859,-1.054,-0.729,-0.677,-0.545,-0.874,-0.742,-0.693,-1.093,-1.273,-0.894,-0.783,-0.835,-0.681,-0.718,-0.993,-0.77,-0.739,-0.874,7
-1.104,-0.886,-1.064,-0.793,-0.803,-0.756,-0.868,-0.815,-0.81,-1.083,-1.104,-0.787,-0.907,-0.782,-0.763,-0.862,-0.941,-0.831,-0.859,-1.063,-1.104,-0.807,-1.031,-0.709,-0.702,-0.635,-0.793,-0.711,-0.717,-1.077,-1.104,-0.794,-0.788,-0.776,-0.695,-0.777,-0.943,-0.792,-0.802,-0.977,7
-1.257,-0.995,-1.088,-0.896,-0.848,-0.783,-0.99,-0.881,-0.849,-1.085,-1.257,-0.926,-0.984,-0.889,-0.832,-0.894,-1.044,-0.902,-0.897,-1.074,-1.257,-0.969,-1.188,-0.874,-0.874,-0.798,-0.97,-0.886,-0.863,-1.149,-1.257,-0.934,-0.9,-0.9,-0.798,-0.834,-1.062,-0.892,-0.871,-1.018,7
-1.171,-0.902,-1.027,-0.801,-0.766,-0.707,-0.897,-0.801,-0.782,-1.053,-1.171,-0.748,-0.838,-0.73,-0.676,-0.773,-0.886,-0.729,-0.725,-0.887,-1.171,-0.821,-1.128,-0.712,-0.722,-0.603,-0.819,-0.734,-0.712,-1.114,-1.171,-0.883,-0.898,-0.855,-0.788,-0.845,-1.019,-0.873,-0.867,-1.029,7
-1.091,-0.806,-0.963,-0.717,-0.685,-0.635,-0.822,-0.715,-0.697,-0.973,-1.091,-0.715,-0.801,-0.72,-0.683,-0.806,-0.904,-0.768,-0.791,-0.979,-1.091,-0.735,-0.995,-0.648,-0.655,-0.579,-0.781,-0.69,-0.674,-1.053,-1.091,-0.745,-0.775,-0.723,-0.674,-0.745,-0.901,-0.768,-0.755,-0.907,7
-1.158,-0.888,-1.058,-0.779,-0.762,-0.689,-0.875,-0.791,-0.767,-1.053,-1.158,-0.846,-0.941,-0.829,-0.815,-0.916,-0.991,-0.889,-0.918,-1.104,-1.158,-0.848,-1.076,-0.76,-0.761,-0.7,-0.864,-0.768,-0.75,-1.056,-1.158,-0.766,-0.844,-0.735,-0.702,-0.8,-0.911,-0.78,-0.777,-0.947,7
-1.064,-0.836,-1.015,-0.753,-0.77,-0.752,-0.837,-0.781,-0.779,-1.023,-1.064,-0.768,-0.847,-0.759,-0.743,-0.852,-0.916,-0.816,-0.855,-1.034,-1.064,-0.734,-1.011,-0.633,-0.658,-0.602,-0.734,-0.661,-0.665,-1.03,-1.064,-0.696,-0.789,-0.676,-0.625,-0.718,-0.837,-0.684,-0.683,-0.867,7
-1.313,-1.002,-1.077,-0.897,-0.815,-0.729,-1.013,-0.869,-0.832,-1.12,-1.313,-0.995,-0.956,-0.95,-0.837,-0.872,-1.097,-0.917,-0.902,-1.054,-1.313,-1.034,-1.185,-0.929,-0.883,-0.786,-1.022,-0.898,-0.855,-1.116,-1.313,-0.957,-0.949,-0.899,-0.803,-0.835,-1.055,-0.883,-0.845,-0.998,7
-1.147,-0.936,-1.072,-0.866,-0.846,-0.815,-0.952,-0.866,-0.857,-1.08,-1.147,-0.86,-0.917,-0.857,-0.815,-0.9,-1.017,-0.894,-0.913,-1.072,-1.147,-0.817,-1.15,-0.727,-0.776,-0.69,-0.835,-0.777,-0.767,-1.137,-1.147,-0.798,-0.831,-0.776,-0.7,-0.763,-0.942,-0.783,-0.776,-0.949,7
-1.264,-1.078,-1.134,-1.012,-0.964,-0.927,-1.089,-0.996,-0.978,-1.166,-1.264,-0.877,-1.008,-0.846,-0.825,-0.905,-1.013,-0.886,-0.89,-1.089,-1.264,-0.932,-1.175,-0.825,-0.815,-0.7,-0.933,-0.837,-0.808,-1.161,-1.264,-1.008,-1.01,-0.979,-0.914,-0.961,-1.125,-0.996,-0.997,-1.154,7
-1.22,-0.957,-1.047,-0.857,-0.799,-0.73,-0.952,-0.836,-0.806,-1.048,-1.22,-0.878,-0.986,-0.849,-0.826,-0.909,-1.006,-0.89,-0.905,-1.094,-1.22,-0.916,-1.128,-0.819,-0.81,-0.742,-0.915,-0.82,-0.805,-1.117,-1.22,-0.886,-0.89,-0.839,-0.769,-0.804,-0.999,-0.854,-0.829,-0.98,7
-1.081,-0.822,-0.941,-0.722,-0.688,-0.64,-0.805,-0.71,-0.695,-0.967,-1.081,-0.671,-0.746,-0.665,-0.606,-0.705,-0.828,-0.67,-0.671,-0.84,-1.081,-0.728,-1.017,-0.635,-0.647,-0.57,-0.753,-0.677,-0.681,-1.096,-1.081,-0.791,-0.769,-0.768,-0.684,-0.747,-0.94,-0.784,-0.782,-0.94,7
-1.189,-0.946,-1.024,-0.872,-0.813,-0.763,-0.967,-0.85,-0.839,-1.088,-1.189,-0.793,-0.957,-0.785,-0.777,-0.869,-0.949,-0.829,-0.833,-1.015,-1.189,-0.84,-1.174,-0.72,-0.744,-0.609,-0.828,-0.758,-0.731,-1.137,-1.189,-0.899,-0.887,-0.868,-0.784,-0.829,-1.018,-0.863,-0.85,-0.998,7
-1.232,-0.998,-1.1,-0.901,-0.856,-0.791,-0.978,-0.877,-0.846,-1.076,-1.232,-0.855,-0.907,-0.83,-0.758,-0.825,-0.996,-0.835,-0.829,-1.014,-1.232,-0.847,-1.105,-0.741,-0.729,-0.612,-0.869,-0.763,-0.741,-1.154,-1.232,-0.851,-0.849,-0.833,-0.723,-0.785,-1.008,-0.813,-0.795,-0.952,7
-1.35,-1.04,-1.088,-0.934,-0.829,-0.734,-1.05,-0.893,-0.846,-1.122,-1.35,-1.006,-0.968,-0.96,-0.838,-0.879,-1.112,-0.919,-0.9,-1.062,-1.35,-1.068,-1.214,-0.967,-0.929,-0.84,-1.061,-0.952,-0.915,-1.176,-1.35,-1.006,-0.98,-0.942,-0.838,-0.855,-1.093,-0.92,-0.879,-1.025,7
-1.351,-1.099,-1.128,-1.02,-0.927,-0.86,-1.125,-0.984,-0.954,-1.194,-1.351,-0.966,-0.996,-0.918,-0.837,-0.891,-1.087,-0.923,-0.904,-1.088,-1.351,-1.035,-1.188,-0.92,-0.875,-0.763,-1.03,-0.912,-0.866,-1.178,-1.351,-1.088,-1.06,-1.026,-0.941,-0.948,-1.152,-1.012,-0.979,-1.113,7
-1.237,-0.942,-1.064,-0.849,-0.799,-0.735,-0.958,-0.836,-0.814,-1.097,-1.237,-0.782,-0.849,-0.76,-0.683,-0.774,-0.942,-0.759,-0.742,-0.911,-1.237,-0.836,-1.054,-0.728,-0.685,-0.563,-0.866,-0.736,-0.691,-1.061,-1.237,-0.886,-0.867,-0.842,-0.745,-0.792,-1.01,-0.829,-0.805,-0.957,7
-1.132,-0.853,-1.009,-0.766,-0.733,-0.647,-0.879,-0.776,-0.754,-1.069,-1.132,-0.78,-0.909,-0.764,-0.746,-0.837,-0.934,-0.816,-0.828,-1.028,-1.132,-0.81,-1.091,-0.699,-0.717,-0.625,-0.795,-0.727,-0.711,-1.071,-1.132,-0.798,-0.805,-0.76,-0.702,-0.76,-0.919,-0.776,-0.758,-0.901,7
-1.39,-1.184,-1.234,-1.108,-1.053,-1.003,-1.181,-1.08,-1.057,-1.248,-1.39,-1.033,-1.051,-0.98,-0.884,-0.912,-1.134,-0.96,-0.933,-1.107,-1.39,-0.982,-1.177,-0.857,-0.788,-0.651,-0.987,-0.837,-0.794,-1.186,-1.39,-0.999,-1.02,-0.944,-0.851,-0.899,-1.103,-0.923,-0.898,-1.067,7
-1.19,-0.952,-1.039,-0.873,-0.819,-0.749,-0.959,-0.844,-0.81,-1.027,-1.19,-0.818,-0.934,-0.801,-0.766,-0.844,-0.961,-0.82,-0.815,-0.983,-1.19,-0.804,-1.122,-0.689,-0.688,-0.554,-0.805,-0.706,-0.667,-1.077,-1.19,-0.838,-0.773,-0.806,-0.678,-0.732,-0.968,-0.764,-0.739,-0.88,7
-1.225,-0.93,-1.074,-0.837,-0.794,-0.73,-0.941,-0.825,-0.813,-1.115,-1.225,-0.816,-0.975,-0.796,-0.779,-0.864,-0.968,-0.833,-0.832,-1.031,-1.225,-0.855,-1.062,-0.75,-0.712,-0.618,-0.867,-0.733,-0.697,-1.045,-1.225,-0.866,-0.781,-0.816,-0.685,-0.72,-0.975,-0.774,-0.741,-0.873,7
-1.177,-0.949,-1.061,-0.87,-0.839,-0.81,-0.958,-0.869,-0.861,-1.104,-1.177,-0.823,-0.917,-0.822,-0.779,-0.873,-0.996,-0.858,-0.868,-1.056,-1.177,-0.851,-1.069,-0.768,-0.75,-0.676,-0.875,-0.773,-0.766,-1.116,-1.177,-0.883,-0.868,-0.858,-0.779,-0.833,-1.022,-0.873,-0.865,-1.019,7
-1.064,-0.804,-0.997,-0.726,-0.734,-0.69,-0.82,-0.745,-0.735,-1.013,-1.064,-0.758,-0.831,-0.752,-0.716,-0.792,-0.92,-0.801,-0.806,-0.979,-1.064,-0.745,-1.047,-0.642,-0.666,-0.565,-0.747,-0.678,-0.661,-1.045,-1.064,-0.717,-0.743,-0.7,-0.626,-0.703,-0.877,-0.715,-0.699,-0.858,7
-1.119,-0.786,-0.912,-0.672,-0.603,-0.491,-0.796,-0.656,-0.604,-0.925,-1.119,-0.754,-0.81,-0.702,-0.638,-0.713,-0.851,-0.698,-0.702,-0.891,-1.119,-0.834,-1.071,-0.711,-0.732,-0.639,-0.78,-0.726,-0.707,-1.025,-1.119,-0.79,-0.747,-0.718,-0.621,-0.636,-0.851,-0.692,-0.655,-0.788,7
-1.136,-0.974,-1.092,-0.918,-0.92,-0.904,-0.972,-0.919,-0.923,-1.119,-1.136,-0.811,-0.949,-0.793,-0.78,-0.869,-0.947,-0.836,-0.856,-1.069,-1.136,-0.867,-1.131,-0.772,-0.788,-0.707,-0.846,-0.77,-0.764,-1.086,-1.136,-0.913,-0.985,-0.898,-0.876,-0.936,-1.039,-0.947,-0.959,-1.117,7
-1.337,-1.044,-1.153,-0.939,-0.886,-0.817,-1.053,-0.934,-0.902,-1.172,-1.337,-1.001,-0.97,-0.964,-0.862,-0.905,-1.123,-0.951,-0.931,-1.066,-1.337,-1.018,-1.154,-0.909,-0.848,-0.748,-1.02,-0.886,-0.843,-1.139,-1.337,-0.949,-0.95,-0.895,-0.801,-0.849,-1.062,-0.887,-0.856,-1.026,7
-1.163,-0.967,-1.134,-0.885,-0.89,-0.833,-0.94,-0.885,-0.881,-1.123,-1.163,-0.808,-0.968,-0.774,-0.761,-0.829,-0.926,-0.813,-0.813,-1.02,-1.163,-0.902,-1.175,-0.802,-0.839,-0.773,-0.867,-0.815,-0.818,-1.137,-1.163,-0.951,-0.982,-0.924,-0.872,-0.912,-1.051,-0.942,-0.946,-1.105,7
-1.26,-1.078,-1.138,-1.013,-0.974,-0.934,-1.083,-1.0,-0.99,-1.185,-1.26,-0.976,-1.089,-0.935,-0.924,-0.961,-1.081,-0.987,-0.981,-1.156,-1.26,-0.958,-1.202,-0.859,-0.866,-0.778,-0.953,-0.87,-0.853,-1.174,-1.26,-0.964,-1.06,-0.925,-0.907,-0.96,-1.074,-0.976,-0.978,-1.156,7
-1.299,-1.065,-1.127,-0.977,-0.919,-0.864,-1.065,-0.955,-0.925,-1.13,-1.299,-0.964,-1.065,-0.923,-0.897,-0.963,-1.072,-0.959,-0.968,-1.156,-1.299,-1.016,-1.175,-0.918,-0.885,-0.807,-1.006,-0.896,-0.872,-1.151,-1.299,-1.006,-0.952,-0.955,-0.852,-0.87,-1.1,-0.94,-0.909,-1.047,7
-1.147,-0.887,-1.023,-0.792,-0.761,-0.717,-0.885,-0.787,-0.772,-1.029,-1.147,-0.829,-0.866,-0.808,-0.753,-0.839,-0.964,-0.83,-0.848,-1.026,-1.147,-0.787,-1.083,-0.683,-0.708,-0.628,-0.793,-0.711,-0.698,-1.083,-1.147,-0.747,-0.859,-0.722,-0.691,-0.791,-0.885,-0.741,-0.736,-0.916,7
-1.154,-0.918,-0.987,-0.833,-0.781,-0.743,-0.92,-0.816,-0.802,-1.037,-1.154,-0.77,-0.797,-0.74,-0.648,-0.719,-0.909,-0.728,-0.721,-0.905,-1.154,-0.773,-1.046,-0.66,-0.65,-0.536,-0.78,-0.679,-0.663,-1.092,-1.154,-0.814,-0.845,-0.779,-0.707,-0.777,-0.942,-0.784,-0.777,-0.945,7
-1.279,-1.087,-1.118,-1.022,-0.969,-0.933,-1.098,-1.002,-0.982,-1.149,-1.279,-0.936,-0.939,-0.897,-0.803,-0.846,-1.056,-0.886,-0.869,-1.031,-1.279,-0.938,-1.168,-0.829,-0.814,-0.711,-0.943,-0.845,-0.825,-1.199,-1.279,-1.001,-1.021,-0.97,-0.904,-0.952,-1.122,-0.989,-0.983,-1.142,7
-1.311,-1.032,-1.11,-0.939,-0.866,-0.79,-1.05,-0.919,-0.892,-1.17,-1.311,-0.879,-0.926,-0.848,-0.763,-0.83,-1.023,-0.839,-0.816,-0.986,-1.311,-0.895,-1.105,-0.769,-0.725,-0.581,-0.912,-0.781,-0.726,-1.112,-1.311,-0.935,-0.9,-0.879,-0.775,-0.82,-1.04,-0.856,-0.829,-0.972,7
-1.237,-0.983,-1.068,-0.899,-0.85,-0.799,-0.998,-0.882,-0.852,-1.078,-1.237,-0.842,-0.91,-0.821,-0.762,-0.858,-0.994,-0.838,-0.849,-1.044,-1.237,-0.881,-1.136,-0.764,-0.752,-0.624,-0.886,-0.785,-0.747,-1.122,-1.237,-0.925,-0.922,-0.885,-0.806,-0.838,-1.045,-0.897,-0.874,-1.027,7
-1.217,-0.95,-1.067,-0.866,-0.828,-0.77,-0.967,-0.863,-0.841,-1.102,-1.217,-0.829,-0.892,-0.813,-0.74,-0.813,-0.994,-0.824,-0.817,-1.006,-1.217,-0.878,-1.094,-0.794,-0.774,-0.707,-0.91,-0.803,-0.8,-1.162,-1.217,-0.88,-0.905,-0.857,-0.783,-0.852,-1.019,-0.86,-0.857,-1.02,7
-1.256,-0.989,-1.118,-0.898,-0.86,-0.79,-1.011,-0.909,-0.892,-1.19,-1.256,-0.858,-0.965,-0.831,-0.793,-0.866,-1.007,-0.867,-0.864,-1.056,-1.256,-0.94,-1.121,-0.845,-0.81,-0.71,-0.955,-0.835,-0.8,-1.109,-1.256,-0.956,-0.905,-0.919,-0.81,-0.842,-1.069,-0.901,-0.881,-1.028,7
-1.113,-0.864,-0.993,-0.764,-0.744,-0.7,-0.846,-0.765,-0.747,-0.982,-1.113,-0.802,-0.827,-0.782,-0.724,-0.802,-0.938,-0.809,-0.825,-1.005,-1.113,-0.766,-1.045,-0.658,-0.679,-0.601,-0.761,-0.684,-0.677,-1.061,-1.113,-0.717,-0.838,-0.699,-0.69,-0.803,-0.871,-0.756,-0.768,-0.951,7
-1.298,-1.128,-1.191,-1.062,-1.032,-0.99,-1.125,-1.051,-1.035,-1.206,-1.298,-1.006,-1.047,-0.967,-0.914,-0.941,-1.114,-0.987,-0.97,-1.125,-1.298,-0.981,-1.197,-0.873,-0.858,-0.751,-0.984,-0.881,-0.844,-1.18,-1.298,-1.002,-1.016,-0.971,-0.891,-0.943,-1.126,-0.977,-0.969,-1.132,7
-1.286,-1.003,-1.097,-0.9,-0.837,-0.767,-1.007,-0.882,-0.851,-1.122,-1.286,-0.836,-0.82,-0.787,-0.671,-0.745,-0.96,-0.752,-0.731,-0.897,-1.286,-0.877,-1.063,-0.746,-0.688,-0.565,-0.886,-0.747,-0.692,-1.063,-1.286,-0.937,-0.928,-0.881,-0.792,-0.84,-1.04,-0.876,-0.849,-1.01,7
-1.23,-0.984,-1.062,-0.892,-0.842,-0.801,-0.981,-0.877,-0.86,-1.093,-1.23,-0.917,-1.008,-0.878,-0.854,-0.922,-1.027,-0.916,-0.925,-1.106,-1.23,-0.924,-1.165,-0.825,-0.831,-0.753,-0.925,-0.836,-0.817,-1.139,-1.23,-0.892,-0.884,-0.848,-0.763,-0.803,-1.01,-0.847,-0.815,-0.964,7
-1.249,-0.998,-1.074,-0.914,-0.859,-0.81,-1.005,-0.891,-0.873,-1.119,-1.249,-0.821,-0.907,-0.808,-0.753,-0.836,-0.982,-0.821,-0.813,-0.982,-1.249,-0.884,-1.176,-0.781,-0.801,-0.687,-0.909,-0.833,-0.801,-1.187,-1.249,-0.934,-0.929,-0.901,-0.83,-0.894,-1.065,-0.923,-0.92,-1.085,7
-1.212,-0.932,-1.039,-0.84,-0.785,-0.706,-0.954,-0.84,-0.817,-1.115,-1.212,-0.837,-0.978,-0.821,-0.798,-0.883,-0.993,-0.864,-0.872,-1.072,-1.212,-0.869,-1.177,-0.76,-0.776,-0.657,-0.868,-0.789,-0.768,-1.157,-1.212,-0.855,-0.867,-0.82,-0.745,-0.812,-0.983,-0.821,-0.806,-0.962,7
-1.281,-1.028,-1.125,-0.95,-0.914,-0.885,-1.05,-0.949,-0.935,-1.17,-1.281,-0.835,-0.951,-0.807,-0.78,-0.886,-0.981,-0.846,-0.843,-1.032,-1.281,-0.884,-1.142,-0.757,-0.739,-0.592,-0.898,-0.79,-0.731,-1.129,-1.281,-0.964,-0.944,-0.919,-0.828,-0.86,-1.075,-0.915,-0.89,-1.041,7
-1.119,-0.863,-1.0,-0.781,-0.755,-0.704,-0.881,-0.791,-0.786,-1.079,-1.119,-0.726,-0.872,-0.713,-0.69,-0.789,-0.891,-0.76,-0.778,-0.999,-1.119,-0.77,-1.007,-0.671,-0.657,-0.585,-0.781,-0.685,-0.687,-1.075,-1.119,-0.791,-0.748,-0.755,-0.644,-0.678,-0.917,-0.738,-0.714,-0.859,7
-1.385,-1.12,-1.182,-1.028,-0.955,-0.881,-1.135,-1.006,-0.969,-1.217,-1.385,-0.957,-1.026,-0.903,-0.824,-0.875,-1.067,-0.888,-0.856,-1.037,-1.385,-1.058,-1.208,-0.958,-0.905,-0.812,-1.066,-0.931,-0.892,-1.183,-1.385,-1.11,-1.043,-1.067,-0.949,-0.962,-1.211,-1.04,-1.011,-1.143,7
-1.361,-1.114,-1.2,-1.021,-0.968,-0.907,-1.107,-0.996,-0.97,-1.208,-1.361,-0.966,-1.046,-0.918,-0.863,-0.929,-1.077,-0.926,-0.915,-1.093,-1.361,-0.983,-1.202,-0.855,-0.815,-0.671,-0.979,-0.859,-0.803,-1.171,-1.361,-1.008,-0.901,-0.962,-0.805,-0.847,-1.122,-0.901,-0.876,-1.018,7
-1.186,-0.934,-1.031,-0.849,-0.807,-0.762,-0.94,-0.832,-0.811,-1.054,-1.186,-0.799,-0.884,-0.776,-0.725,-0.809,-0.949,-0.803,-0.805,-1.002,-1.186,-0.86,-1.064,-0.765,-0.741,-0.669,-0.868,-0.766,-0.762,-1.104,-1.186,-0.888,-0.851,-0.863,-0.762,-0.816,-1.02,-0.852,-0.849,-0.996,7
-1.354,-1.074,-1.149,-0.978,-0.901,-0.815,-1.089,-0.955,-0.921,-1.2,-1.354,-0.912,-0.943,-0.87,-0.771,-0.829,-1.044,-0.849,-0.819,-0.989,-1.354,-0.938,-1.105,-0.804,-0.729,-0.59,-0.948,-0.794,-0.744,-1.125,-1.354,-0.977,-0.943,-0.916,-0.81,-0.855,-1.077,-0.89,-0.863,-1.015,7
-1.296,-1.061,-1.129,-0.974,-0.913,-0.845,-1.063,-0.947,-0.913,-1.131,-1.296,-0.916,-0.974,-0.868,-0.804,-0.847,-1.031,-0.874,-0.841,-1.008,-1.296,-0.945,-1.114,-0.844,-0.802,-0.709,-0.961,-0.83,-0.789,-1.1,-1.296,-0.997,-0.917,-0.954,-0.834,-0.845,-1.107,-0.931,-0.902,-1.037,7
-1.297,-1.052,-1.183,-0.968,-0.943,-0.866,-1.07,-0.983,-0.957,-1.232,-1.297,-0.965,-1.062,-0.923,-0.902,-0.961,-1.084,-0.975,-0.978,-1.169,-1.297,-1.018,-1.178,-0.925,-0.9,-0.83,-1.018,-0.92,-0.905,-1.181,-1.297,-1.009,-1.0,-0.967,-0.883,-0.922,-1.108,-0.963,-0.955,-1.114,7
-1.242,-0.972,-1.038,-0.867,-0.8,-0.719,-0.972,-0.852,-0.812,-1.065,-1.242,-0.865,-0.896,-0.834,-0.748,-0.824,-0.996,-0.821,-0.815,-0.987,-1.242,-0.92,-1.138,-0.819,-0.805,-0.727,-0.915,-0.816,-0.798,-1.111,-1.242,-0.912,-0.866,-0.878,-0.78,-0.829,-1.034,-0.871,-0.853,-0.992,7
-1.307,-1.089,-1.164,-1.008,-0.958,-0.901,-1.092,-0.99,-0.968,-1.188,-1.307,-0.96,-1.015,-0.904,-0.846,-0.874,-1.057,-0.912,-0.883,-1.055,-1.307,-0.999,-1.143,-0.89,-0.85,-0.768,-0.984,-0.858,-0.823,-1.094,-1.307,-1.047,-0.98,-0.999,-0.897,-0.907,-1.132,-0.981,-0.959,-1.086,7
-1.192,-0.939,-1.029,-0.837,-0.784,-0.718,-0.924,-0.811,-0.781,-1.029,-1.192,-0.776,-0.856,-0.753,-0.688,-0.788,-0.924,-0.762,-0.766,-0.955,-1.192,-0.817,-1.03,-0.715,-0.671,-0.576,-0.843,-0.727,-0.712,-1.106,-1.192,-0.855,-0.79,-0.823,-0.694,-0.738,-0.993,-0.795,-0.769,-0.915,7
-1.279,-1.088,-1.12,-1.015,-0.959,-0.917,-1.091,-0.988,-0.959,-1.13,-1.279,-0.924,-1.025,-0.887,-0.858,-0.925,-1.053,-0.93,-0.931,-1.127,-1.279,-0.927,-1.182,-0.818,-0.816,-0.701,-0.938,-0.843,-0.808,-1.173,-1.279,-0.966,-0.996,-0.92,-0.87,-0.914,-1.076,-0.953,-0.938,-1.103,7
-1.178,-0.936,-1.054,-0.861,-0.832,-0.803,-0.948,-0.852,-0.844,-1.085,-1.178,-0.809,-0.923,-0.791,-0.762,-0.835,-0.961,-0.831,-0.834,-1.023,-1.178,-0.857,-1.108,-0.751,-0.742,-0.623,-0.855,-0.757,-0.733,-1.104,-1.178,-0.888,-0.895,-0.847,-0.762,-0.788,-1.002,-0.844,-0.817,-0.976,7
-1.148,-0.931,-1.05,-0.844,-0.808,-0.737,-0.921,-0.826,-0.804,-1.055,-1.148,-0.813,-0.948,-0.783,-0.761,-0.828,-0.944,-0.824,-0.827,-1.036,-1.148,-0.861,-1.144,-0.766,-0.8,-0.723,-0.851,-0.794,-0.799,-1.147,-1.148,-0.876,-0.913,-0.845,-0.796,-0.853,-0.99,-0.871,-0.878,-1.044,7
-1.255,-1.014,-1.105,-0.925,-0.874,-0.803,-1.02,-0.912,-0.879,-1.116,-1.255,-0.929,-0.988,-0.895,-0.845,-0.891,-1.05,-0.915,-0.901,-1.064,-1.255,-0.94,-1.143,-0.831,-0.818,-0.732,-0.942,-0.842,-0.81,-1.131,-1.255,-0.939,-0.888,-0.894,-0.789,-0.835,-1.051,-0.878,-0.862,-1.015,7
-1.137,-0.881,-0.996,-0.78,-0.748,-0.695,-0.869,-0.776,-0.75,-0.991,-1.137,-0.809,-0.806,-0.789,-0.7,-0.771,-0.951,-0.79,-0.792,-0.96,-1.137,-0.789,-1.045,-0.685,-0.69,-0.618,-0.79,-0.701,-0.687,-1.051,-1.137,-0.741,-0.825,-0.726,-0.693,-0.799,-0.899,-0.764,-0.769,-0.936,7
-1.244,-1.013,-1.092,-0.934,-0.887,-0.854,-1.026,-0.923,-0.904,-1.11,-1.244,-0.866,-0.883,-0.844,-0.753,-0.837,-1.017,-0.842,-0.844,-1.024,-1.244,-0.823,-1.097,-0.712,-0.693,-0.568,-0.85,-0.733,-0.708,-1.147,-1.244,-0.837,-0.829,-0.809,-0.692,-0.762,-0.981,-0.776,-0.76,-0.924,7
-1.138,-0.886,-0.986,-0.787,-0.735,-0.672,-0.863,-0.749,-0.716,-0.936,-1.138,-0.766,-0.851,-0.738,-0.693,-0.775,-0.896,-0.752,-0.753,-0.928,-1.138,-0.753,-1.038,-0.645,-0.633,-0.524,-0.765,-0.673,-0.656,-1.079,-1.138,-0.764,-0.73,-0.757,-0.654,-0.751,-0.932,-0.741,-0.738,-0.88,7
-1.28,-0.966,-1.036,-0.864,-0.774,-0.695,-0.99,-0.83,-0.782,-1.048,-1.28,-0.824,-0.879,-0.798,-0.721,-0.812,-0.978,-0.798,-0.779,-0.948,-1.28,-0.92,-1.139,-0.804,-0.768,-0.632,-0.93,-0.807,-0.757,-1.121,-1.28,-0.976,-0.988,-0.924,-0.851,-0.88,-1.072,-0.926,-0.902,-1.059,7
-1.299,-1.06,-1.144,-0.986,-0.947,-0.924,-1.077,-0.977,-0.973,-1.205,-1.299,-0.893,-0.991,-0.846,-0.817,-0.912,-1.012,-0.883,-0.889,-1.086,-1.299,-0.941,-1.175,-0.804,-0.79,-0.661,-0.925,-0.829,-0.784,-1.144,-1.299,-1.0,-0.971,-0.942,-0.853,-0.893,-1.084,-0.932,-0.922,-1.076,7
-1.213,-0.949,-1.066,-0.864,-0.826,-0.781,-0.961,-0.851,-0.832,-1.09,-1.213,-0.79,-0.88,-0.764,-0.729,-0.828,-0.939,-0.801,-0.797,-0.977,-1.213,-0.814,-1.108,-0.685,-0.696,-0.561,-0.816,-0.735,-0.688,-1.095,-1.213,-0.867,-0.821,-0.811,-0.698,-0.745,-0.968,-0.784,-0.762,-0.916,7
-1.167,-0.922,-1.067,-0.839,-0.821,-0.779,-0.931,-0.849,-0.844,-1.117,-1.167,-0.758,-0.943,-0.757,-0.757,-0.882,-0.935,-0.819,-0.85,-1.076,-1.167,-0.859,-1.076,-0.772,-0.76,-0.694,-0.876,-0.784,-0.782,-1.124,-1.167,-0.909,-0.858,-0.889,-0.791,-0.821,-1.04,-0.889,-0.879,-1.007,7
-1.235,-0.984,-1.064,-0.901,-0.849,-0.797,-0.998,-0.888,-0.868,-1.112,-1.235,-0.827,-0.887,-0.803,-0.729,-0.823,-0.976,-0.806,-0.813,-1.012,-1.235,-0.873,-1.144,-0.756,-0.749,-0.624,-0.878,-0.781,-0.753,-1.154,-1.235,-0.92,-0.909,-0.888,-0.802,-0.853,-1.05,-0.897,-0.891,-1.056,7
-1.401,-1.145,-1.201,-1.051,-0.978,-0.906,-1.152,-1.028,-0.991,-1.226,-1.401,-1.002,-0.984,-0.94,-0.83,-0.869,-1.103,-0.915,-0.881,-1.055,-1.401,-1.072,-1.187,-0.944,-0.868,-0.742,-1.061,-0.919,-0.863,-1.176,-1.401,-1.128,-1.1,-1.061,-0.966,-0.968,-1.194,-1.043,-1.007,-1.149,7
-1.395,-1.143,-1.192,-1.061,-0.988,-0.912,-1.167,-1.038,-0.998,-1.226,-1.395,-1.003,-0.977,-0.955,-0.843,-0.893,-1.122,-0.929,-0.908,-1.08,-1.395,-1.029,-1.156,-0.904,-0.829,-0.714,-1.035,-0.896,-0.849,-1.189,-1.395,-1.084,-1.028,-1.018,-0.904,-0.918,-1.161,-0.988,-0.953,-1.101,7
-1.252,-1.005,-1.104,-0.891,-0.833,-0.737,-0.993,-0.873,-0.826,-1.069,-1.252,-0.861,-0.893,-0.789,-0.716,-0.769,-0.937,-0.772,-0.741,-0.907,-1.252,-0.925,-1.151,-0.783,-0.758,-0.605,-0.886,-0.783,-0.73,-1.088,-1.252,-0.992,-1.036,-0.931,-0.899,-0.915,-1.062,-0.962,-0.939,-1.089,7
-0.932,-0.628,-0.749,-0.537,-0.485,-0.411,-0.646,-0.534,-0.523,-0.859,-0.932,-0.599,-0.63,-0.586,-0.51,-0.568,-0.758,-0.59,-0.574,-0.719,-0.932,-0.661,-0.936,-0.59,-0.62,-0.552,-0.711,-0.64,-0.629,-0.947,-0.932,-0.648,-0.781,-0.655,-0.666,-0.769,-0.836,-0.745,-0.75,-0.904,7
-1.114,-0.856,-0.959,-0.768,-0.723,-0.676,-0.874,-0.762,-0.74,-0.987,-1.114,-0.763,-0.798,-0.76,-0.68,-0.765,-0.931,-0.758,-0.756,-0.919,-1.114,-0.803,-1.044,-0.7,-0.71,-0.644,-0.807,-0.722,-0.699,-1.025,-1.114,-0.82,-0.778,-0.782,-0.695,-0.739,-0.944,-0.791,-0.776,-0.929,7
-1.288,-1.035,-1.1,-0.94,-0.87,-0.794,-1.038,-0.912,-0.874,-1.104,-1.288,-0.927,-1.047,-0.885,-0.864,-0.927,-1.043,-0.927,-0.924,-1.118,-1.288,-0.984,-1.209,-0.881,-0.885,-0.799,-0.976,-0.892,-0.869,-1.183,-1.288,-0.986,-0.95,-0.929,-0.838,-0.86,-1.074,-0.921,-0.893,-1.042,7
-1.127,-0.879,-0.98,-0.787,-0.745,-0.702,-0.886,-0.78,-0.754,-0.985,-1.127,-0.748,-0.867,-0.739,-0.712,-0.822,-0.913,-0.78,-0.802,-0.995,-1.127,-0.751,-1.018,-0.655,-0.641,-0.552,-0.774,-0.653,-0.634,-1.022,-1.127,-0.778,-0.773,-0.735,-0.648,-0.703,-0.895,-0.722,-0.699,-0.843,7
-1.08,-0.84,-0.966,-0.754,-0.739,-0.718,-0.839,-0.76,-0.755,-1.009,-1.08,-0.69,-0.798,-0.704,-0.656,-0.755,-0.88,-0.733,-0.734,-0.905,-1.08,-0.729,-1.07,-0.633,-0.664,-0.576,-0.748,-0.688,-0.696,-1.123,-1.08,-0.794,-0.778,-0.782,-0.703,-0.775,-0.953,-0.8,-0.808,-0.966,7
-1.174,-0.934,-1.056,-0.844,-0.825,-0.787,-0.928,-0.846,-0.834,-1.074,-1.174,-0.838,-0.958,-0.814,-0.804,-0.91,-0.974,-0.871,-0.903,-1.107,-1.174,-0.851,-1.095,-0.755,-0.747,-0.68,-0.857,-0.759,-0.756,-1.088,-1.174,-0.829,-0.83,-0.801,-0.713,-0.787,-0.961,-0.792,-0.775,-0.923,7
-1.26,-1.016,-1.086,-0.928,-0.873,-0.811,-1.019,-0.906,-0.878,-1.113,-1.26,-0.853,-0.901,-0.814,-0.738,-0.82,-0.981,-0.814,-0.814,-1.005,-1.26,-0.882,-1.061,-0.764,-0.701,-0.588,-0.887,-0.754,-0.724,-1.102,-1.26,-0.926,-0.863,-0.883,-0.755,-0.791,-1.043,-0.849,-0.821,-0.97,7
-1.095,-0.841,-0.986,-0.761,-0.742,-0.711,-0.861,-0.772,-0.767,-1.03,-1.095,-0.745,-0.863,-0.724,-0.698,-0.778,-0.89,-0.763,-0.765,-0.949,-1.095,-0.776,-1.089,-0.661,-0.696,-0.592,-0.759,-0.705,-0.691,-1.063,-1.095,-0.789,-0.798,-0.756,-0.677,-0.728,-0.913,-0.761,-0.753,-0.92,7
-1.121,-0.868,-1.015,-0.785,-0.765,-0.709,-0.877,-0.788,-0.765,-1.002,-1.121,-0.743,-0.831,-0.743,-0.695,-0.776,-0.917,-0.767,-0.764,-0.924,-1.121,-0.746,-1.097,-0.634,-0.648,-0.511,-0.742,-0.661,-0.646,-1.091,-1.121,-0.77,-0.789,-0.754,-0.685,-0.766,-0.918,-0.758,-0.752,-0.901,7
-1.132,-0.862,-0.922,-0.764,-0.688,-0.635,-0.854,-0.719,-0.694,-0.929,-1.132,-0.727,-0.846,-0.702,-0.672,-0.76,-0.871,-0.738,-0.741,-0.935,-1.132,-0.772,-1.067,-0.671,-0.692,-0.601,-0.792,-0.713,-0.692,-1.07,-1.132,-0.797,-0.785,-0.771,-0.698,-0.778,-0.946,-0.792,-0.787,-0.945,7
-1.163,-0.934,-1.038,-0.859,-0.822,-0.787,-0.943,-0.844,-0.834,-1.074,-1.163,-0.786,-0.87,-0.771,-0.722,-0.811,-0.943,-0.794,-0.804,-0.995,-1.163,-0.823,-1.102,-0.719,-0.719,-0.613,-0.825,-0.733,-0.715,-1.093,-1.163,-0.854,-0.876,-0.82,-0.74,-0.78,-0.984,-0.824,-0.803,-0.972,7
-1.194,-0.965,-1.061,-0.893,-0.854,-0.824,-0.982,-0.875,-0.859,-1.07,-1.194,-0.897,-1.003,-0.871,-0.856,-0.928,-1.024,-0.922,-0.938,-1.12,-1.194,-0.89,-1.175,-0.794,-0.821,-0.745,-0.889,-0.819,-0.813,-1.152,-1.194,-0.889,-0.967,-0.85,-0.812,-0.87,-1.001,-0.878,-0.866,-1.027,7
-1.079,-0.466,-0.235,-0.298,-0.139,-0.042,-0.507,-0.253,-0.091,-0.162,-1.079,-0.433,-0.241,-0.528,-0.35,-0.548,-0.567,-0.313,-0.323,-0.227,-1.079,-0.643,-0.738,-0.453,-0.37,-0.274,-0.611,-0.456,-0.345,-0.703,-1.079,-0.584,-0.138,-0.592,-0.279,-0.363,-0.701,-0.357,-0.296,-0.234,8
-1.196,-0.778,-0.402,-0.571,-0.339,-0.162,-0.72,-0.455,-0.309,-0.249,-1.196,-0.579,-0.352,-0.617,-0.415,-0.58,-0.684,-0.406,-0.385,-0.334,-1.196,-0.665,-0.817,-0.415,-0.31,-0.204,-0.588,-0.454,-0.337,-0.741,-1.196,-0.67,-0.339,-0.672,-0.416,-0.543,-0.79,-0.477,-0.417,-0.431,8
-1.158,-0.509,-0.315,-0.325,-0.114,-0.063,-0.487,-0.256,-0.183,-0.224,-1.158,-0.459,-0.189,-0.592,-0.317,-0.544,-0.552,-0.27,-0.27,-0.115,-1.158,-0.701,-0.775,-0.492,-0.379,-0.242,-0.657,-0.487,-0.353,-0.725,-1.158,-0.598,-0.075,-0.656,-0.282,-0.405,-0.736,-0.344,-0.305,-0.192,8
-1.22,-0.491,-0.355,-0.261,-0.155,-0.098,-0.462,-0.253,-0.105,-0.241,-1.22,-0.473,-0.194,-0.557,-0.355,-0.553,-0.561,-0.299,-0.291,-0.164,-1.22,-0.775,-0.841,-0.579,-0.487,-0.361,-0.762,-0.59,-0.479,-0.817,-1.22,-0.613,-0.267,-0.597,-0.324,-0.482,-0.702,-0.383,-0.329,-0.317,8
-1.269,-0.488,-0.303,-0.231,-0.135,-0.093,-0.49,-0.273,-0.077,-0.199,-1.269,-0.5,-0.16,-0.573,-0.325,-0.539,-0.564,-0.287,-0.289,-0.138,-1.269,-0.836,-0.9,-0.648,-0.501,-0.353,-0.791,-0.578,-0.483,-0.833,-1.269,-0.64,-0.244,-0.648,-0.355,-0.498,-0.725,-0.39,-0.35,-0.301,8
-1.131,-0.496,-0.259,-0.315,-0.16,-0.074,-0.48,-0.219,-0.076,-0.14,-1.131,-0.486,-0.122,-0.54,-0.31,-0.49,-0.565,-0.275,-0.288,-0.147,-1.131,-0.657,-0.785,-0.473,-0.4,-0.303,-0.631,-0.492,-0.414,-0.757,-1.131,-0.554,-0.08,-0.588,-0.256,-0.376,-0.683,-0.304,-0.276,-0.186,8
-1.163,-0.568,-0.329,-0.371,-0.171,-0.094,-0.58,-0.323,-0.143,-0.239,-1.163,-0.525,-0.267,-0.575,-0.366,-0.571,-0.659,-0.383,-0.371,-0.312,-1.163,-0.772,-0.794,-0.589,-0.491,-0.394,-0.741,-0.586,-0.495,-0.782,-1.163,-0.662,-0.265,-0.625,-0.366,-0.449,-0.76,-0.462,-0.407,-0.407,8
-1.134,-0.466,-0.158,-0.245,-0.111,-0.016,-0.413,-0.202,-0.06,-0.039,-1.134,-0.46,-0.27,-0.548,-0.359,-0.562,-0.539,-0.31,-0.288,-0.172,-1.134,-0.713,-0.906,-0.521,-0.491,-0.339,-0.67,-0.56,-0.448,-0.823,-1.134,-0.534,-0.223,-0.595,-0.343,-0.512,-0.654,-0.373,-0.348,-0.287,8
-1.235,-0.458,-0.202,-0.266,-0.162,-0.035,-0.514,-0.288,-0.066,-0.152,-1.235,-0.428,-0.173,-0.532,-0.321,-0.554,-0.507,-0.26,-0.274,-0.123,-1.235,-0.73,-0.725,-0.515,-0.386,-0.332,-0.717,-0.496,-0.418,-0.713,-1.235,-0.609,-0.208,-0.621,-0.301,-0.448,-0.695,-0.336,-0.297,-0.22,8
-1.176,-0.344,-0.064,-0.158,-0.035,-0.001,-0.33,-0.097,0.048,0.036,-1.176,-0.392,-0.006,-0.528,-0.229,-0.471,-0.462,-0.166,-0.187,0.008,-1.176,-0.748,-0.803,-0.592,-0.487,-0.357,-0.769,-0.581,-0.464,-0.814,-1.176,-0.53,-0.068,-0.595,-0.259,-0.441,-0.627,-0.264,-0.244,-0.129,8
-1.158,-0.526,-0.153,-0.361,-0.174,-0.075,-0.589,-0.247,-0.133,-0.018,-1.158,-0.5,-0.278,-0.558,-0.372,-0.568,-0.607,-0.327,-0.347,-0.213,-1.158,-0.683,-0.785,-0.472,-0.379,-0.316,-0.654,-0.493,-0.397,-0.736,-1.158,-0.587,-0.232,-0.607,-0.32,-0.481,-0.649,-0.347,-0.286,-0.238,8
-1.21,-0.627,-0.374,-0.386,-0.244,-0.133,-0.587,-0.373,-0.244,-0.314,-1.21,-0.563,-0.065,-0.633,-0.307,-0.429,-0.659,-0.325,-0.31,-0.092,-1.21,-0.733,-0.814,-0.482,-0.402,-0.258,-0.658,-0.517,-0.351,-0.697,-1.21,-0.632,-0.313,-0.633,-0.4,-0.52,-0.733,-0.438,-0.402,-0.36,8
-1.184,-0.611,-0.381,-0.396,-0.28,-0.175,-0.604,-0.385,-0.226,-0.307,-1.184,-0.522,-0.246,-0.577,-0.353,-0.528,-0.617,-0.353,-0.337,-0.234,-1.184,-0.647,-0.78,-0.403,-0.334,-0.189,-0.59,-0.462,-0.345,-0.743,-1.184,-0.579,-0.177,-0.592,-0.292,-0.417,-0.682,-0.326,-0.301,-0.225,8
-1.21,-0.471,-0.153,-0.259,-0.113,-0.033,-0.427,-0.255,-0.088,-0.068,-1.21,-0.492,-0.213,-0.576,-0.359,-0.551,-0.572,-0.322,-0.283,-0.187,-1.21,-0.783,-0.824,-0.608,-0.495,-0.384,-0.758,-0.572,-0.483,-0.808,-1.21,-0.535,-0.114,-0.603,-0.27,-0.465,-0.655,-0.297,-0.273,-0.181,8
-1.223,-0.466,-0.167,-0.279,-0.112,-0.05,-0.513,-0.189,-0.043,-0.055,-1.223,-0.464,-0.129,-0.544,-0.267,-0.492,-0.565,-0.218,-0.229,-0.105,-1.223,-0.723,-0.743,-0.545,-0.396,-0.286,-0.725,-0.502,-0.394,-0.739,-1.223,-0.592,-0.129,-0.603,-0.275,-0.442,-0.683,-0.302,-0.296,-0.237,8
-1.043,-0.407,-0.225,-0.294,-0.044,-0.014,-0.429,-0.186,-0.094,-0.041,-1.043,-0.398,-0.09,-0.569,-0.278,-0.522,-0.55,-0.231,-0.253,-0.075,-1.043,-0.605,-0.627,-0.403,-0.307,-0.201,-0.58,-0.405,-0.295,-0.614,-1.043,-0.54,-0.034,-0.639,-0.264,-0.394,-0.7,-0.305,-0.242,-0.153,8
-1.113,-0.549,-0.383,-0.358,-0.192,-0.108,-0.548,-0.333,-0.193,-0.305,-1.113,-0.496,-0.29,-0.555,-0.365,-0.582,-0.632,-0.371,-0.387,-0.333,-1.113,-0.705,-0.731,-0.5,-0.386,-0.316,-0.663,-0.497,-0.433,-0.725,-1.113,-0.591,-0.223,-0.583,-0.322,-0.451,-0.724,-0.401,-0.382,-0.395,8
-1.297,-0.589,-0.357,-0.335,-0.195,-0.114,-0.586,-0.321,-0.188,-0.292,-1.297,-0.549,-0.144,-0.582,-0.288,-0.487,-0.625,-0.276,-0.307,-0.158,-1.297,-0.852,-0.844,-0.62,-0.486,-0.362,-0.803,-0.596,-0.465,-0.763,-1.297,-0.717,-0.334,-0.662,-0.413,-0.462,-0.796,-0.475,-0.407,-0.393,8
-1.214,-0.419,-0.058,-0.226,-0.079,-0.058,-0.424,-0.18,-0.106,0.015,-1.214,-0.478,-0.111,-0.544,-0.286,-0.481,-0.55,-0.27,-0.269,-0.088,-1.214,-0.803,-0.891,-0.644,-0.579,-0.467,-0.8,-0.659,-0.569,-0.858,-1.214,-0.565,-0.115,-0.601,-0.29,-0.434,-0.66,-0.312,-0.287,-0.18,8
-1.004,-0.449,-0.123,-0.317,-0.058,-0.039,-0.462,-0.163,-0.056,0.043,-1.004,-0.404,-0.136,-0.565,-0.287,-0.567,-0.579,-0.24,-0.273,-0.176,-1.004,-0.571,-0.69,-0.413,-0.355,-0.283,-0.584,-0.447,-0.379,-0.725,-1.004,-0.52,-0.091,-0.648,-0.289,-0.474,-0.694,-0.307,-0.27,-0.225,8
-1.211,-0.653,-0.406,-0.435,-0.294,-0.151,-0.648,-0.418,-0.187,-0.281,-1.211,-0.567,-0.254,-0.615,-0.357,-0.54,-0.695,-0.36,-0.344,-0.272,-1.211,-0.764,-0.873,-0.572,-0.456,-0.345,-0.722,-0.552,-0.465,-0.814,-1.211,-0.678,-0.328,-0.673,-0.362,-0.499,-0.79,-0.444,-0.405,-0.392,8
-1.159,-0.468,-0.21,-0.241,-0.103,-0.034,-0.489,-0.229,-0.079,-0.125,-1.159,-0.442,-0.209,-0.501,-0.312,-0.56,-0.539,-0.277,-0.285,-0.202,-1.159,-0.716,-0.803,-0.54,-0.434,-0.31,-0.728,-0.538,-0.436,-0.812,-1.159,-0.591,-0.175,-0.606,-0.31,-0.409,-0.71,-0.366,-0.323,-0.248,8
-1.192,-0.643,-0.271,-0.443,-0.253,-0.151,-0.634,-0.362,-0.228,-0.183,-1.192,-0.524,-0.285,-0.593,-0.395,-0.561,-0.636,-0.377,-0.356,-0.263,-1.192,-0.711,-0.859,-0.49,-0.393,-0.267,-0.647,-0.524,-0.418,-0.806,-1.192,-0.646,-0.269,-0.66,-0.37,-0.508,-0.772,-0.445,-0.4,-0.363,8
-1.13,-0.472,-0.127,-0.307,-0.085,-0.058,-0.479,-0.184,-0.104,0.009,-1.13,-0.452,-0.115,-0.56,-0.292,-0.514,-0.553,-0.231,-0.261,-0.076,-1.13,-0.668,-0.729,-0.484,-0.374,-0.323,-0.657,-0.478,-0.402,-0.693,-1.13,-0.548,-0.144,-0.613,-0.274,-0.454,-0.653,-0.309,-0.269,-0.206,8
-1.203,-0.637,-0.338,-0.413,-0.23,-0.12,-0.609,-0.339,-0.148,-0.238,-1.203,-0.532,-0.261,-0.573,-0.35,-0.543,-0.639,-0.339,-0.327,-0.255,-1.203,-0.747,-0.885,-0.555,-0.469,-0.347,-0.72,-0.559,-0.47,-0.85,-1.203,-0.678,-0.315,-0.666,-0.382,-0.477,-0.799,-0.47,-0.418,-0.397,8
-1.182,-0.594,-0.304,-0.409,-0.251,-0.136,-0.572,-0.321,-0.193,-0.172,-1.182,-0.522,-0.275,-0.572,-0.339,-0.519,-0.618,-0.337,-0.321,-0.228,-1.182,-0.693,-0.866,-0.473,-0.441,-0.303,-0.659,-0.54,-0.438,-0.835,-1.182,-0.612,-0.199,-0.609,-0.302,-0.424,-0.718,-0.359,-0.328,-0.295,8
-1.15,-0.352,-0.204,-0.168,-0.072,-0.01,-0.372,-0.204,-0.032,-0.117,-1.15,-0.399,-0.068,-0.526,-0.302,-0.515,-0.45,-0.216,-0.223,-0.012,-1.15,-0.696,-0.696,-0.514,-0.4,-0.29,-0.689,-0.495,-0.392,-0.691,-1.15,-0.521,-0.053,-0.589,-0.263,-0.428,-0.605,-0.288,-0.252,-0.108,8
-1.159,-0.467,-0.188,-0.262,-0.095,-0.026,-0.448,-0.195,-0.053,-0.045,-1.159,-0.449,-0.119,-0.525,-0.288,-0.499,-0.529,-0.239,-0.271,-0.105,-1.159,-0.686,-0.777,-0.482,-0.439,-0.337,-0.674,-0.537,-0.445,-0.765,-1.159,-0.574,-0.102,-0.569,-0.26,-0.406,-0.664,-0.305,-0.287,-0.224,8
-1.224,-0.589,-0.299,-0.342,-0.224,-0.096,-0.574,-0.317,-0.168,-0.19,-1.224,-0.504,-0.164,-0.569,-0.343,-0.509,-0.602,-0.316,-0.319,-0.153,-1.224,-0.718,-0.822,-0.536,-0.43,-0.295,-0.713,-0.509,-0.416,-0.796,-1.224,-0.63,-0.171,-0.646,-0.316,-0.434,-0.733,-0.36,-0.334,-0.221,8
-1.133,-0.434,-0.072,-0.288,-0.072,-0.081,-0.465,-0.124,-0.085,0.004,-1.133,-0.434,-0.186,-0.564,-0.318,-0.576,-0.528,-0.241,-0.272,-0.141,-1.133,-0.71,-0.85,-0.522,-0.421,-0.314,-0.677,-0.527,-0.451,-0.845,-1.133,-0.541,-0.147,-0.61,-0.299,-0.45,-0.684,-0.335,-0.307,-0.237,8
-1.204,-0.356,-0.12,-0.205,-0.074,-0.034,-0.473,-0.193,-0.009,-0.047,-1.204,-0.4,-0.123,-0.515,-0.274,-0.539,-0.516,-0.219,-0.216,-0.084,-1.204,-0.811,-0.828,-0.635,-0.527,-0.45,-0.801,-0.636,-0.568,-0.854,-1.204,-0.577,-0.187,-0.605,-0.285,-0.461,-0.627,-0.306,-0.243,-0.164,8
-1.234,-0.671,-0.392,-0.429,-0.256,-0.115,-0.681,-0.396,-0.215,-0.294,-1.234,-0.566,-0.365,-0.597,-0.406,-0.582,-0.663,-0.393,-0.368,-0.315,-1.234,-0.728,-0.865,-0.526,-0.461,-0.329,-0.688,-0.538,-0.435,-0.817,-1.234,-0.66,-0.267,-0.655,-0.364,-0.485,-0.737,-0.409,-0.364,-0.311,8
-1.268,-0.584,-0.358,-0.353,-0.222,-0.137,-0.57,-0.336,-0.187,-0.226,-1.268,-0.572,-0.328,-0.612,-0.394,-0.594,-0.662,-0.367,-0.356,-0.266,-1.268,-0.828,-0.842,-0.645,-0.504,-0.414,-0.819,-0.611,-0.509,-0.815,-1.268,-0.651,-0.31,-0.672,-0.384,-0.532,-0.772,-0.446,-0.392,-0.376,8
-1.232,-0.531,-0.259,-0.328,-0.147,-0.105,-0.561,-0.266,-0.127,-0.111,-1.232,-0.514,-0.237,-0.586,-0.354,-0.576,-0.608,-0.306,-0.319,-0.175,-1.232,-0.77,-0.808,-0.56,-0.466,-0.364,-0.751,-0.589,-0.466,-0.779,-1.232,-0.628,-0.225,-0.643,-0.328,-0.468,-0.711,-0.376,-0.311,-0.265,8
-1.302,-0.439,-0.102,-0.258,-0.102,-0.02,-0.515,-0.214,-0.083,-0.12,-1.302,-0.454,-0.047,-0.58,-0.275,-0.489,-0.528,-0.211,-0.236,-0.017,-1.302,-0.779,-0.924,-0.566,-0.466,-0.294,-0.734,-0.561,-0.428,-0.838,-1.302,-0.648,-0.296,-0.644,-0.364,-0.499,-0.697,-0.38,-0.321,-0.249,8
-1.266,-0.486,-0.206,-0.245,-0.047,-0.053,-0.481,-0.153,-0.074,-0.091,-1.266,-0.465,-0.119,-0.534,-0.248,-0.49,-0.527,-0.201,-0.233,-0.072,-1.266,-0.802,-0.831,-0.605,-0.477,-0.361,-0.794,-0.585,-0.484,-0.794,-1.266,-0.637,-0.21,-0.612,-0.311,-0.43,-0.725,-0.35,-0.308,-0.281,8
-1.141,-0.606,-0.359,-0.421,-0.291,-0.131,-0.614,-0.396,-0.208,-0.259,-1.141,-0.534,-0.378,-0.619,-0.431,-0.607,-0.668,-0.408,-0.379,-0.346,-1.141,-0.701,-0.828,-0.509,-0.42,-0.312,-0.637,-0.499,-0.406,-0.781,-1.141,-0.626,-0.268,-0.631,-0.341,-0.474,-0.743,-0.408,-0.361,-0.342,8
-1.153,-0.436,-0.339,-0.185,-0.119,-0.032,-0.37,-0.195,-0.038,-0.196,-1.153,-0.445,-0.14,-0.537,-0.329,-0.556,-0.493,-0.246,-0.26,-0.096,-1.153,-0.708,-0.786,-0.512,-0.431,-0.312,-0.688,-0.534,-0.434,-0.771,-1.153,-0.513,-0.102,-0.566,-0.236,-0.43,-0.635,-0.272,-0.246,-0.177,8
-1.269,-0.556,-0.389,-0.329,-0.198,-0.067,-0.58,-0.315,-0.092,-0.266,-1.269,-0.502,-0.217,-0.561,-0.322,-0.539,-0.59,-0.287,-0.28,-0.178,-1.269,-0.787,-0.793,-0.606,-0.475,-0.367,-0.804,-0.586,-0.493,-0.816,-1.269,-0.692,-0.26,-0.67,-0.334,-0.456,-0.795,-0.407,-0.364,-0.371,8
-1.245,-0.447,-0.264,-0.225,-0.073,-0.037,-0.46,-0.214,-0.038,-0.192,-1.245,-0.45,-0.223,-0.551,-0.339,-0.564,-0.537,-0.267,-0.258,-0.135,-1.245,-0.811,-0.758,-0.618,-0.454,-0.346,-0.792,-0.56,-0.451,-0.721,-1.245,-0.591,-0.199,-0.61,-0.294,-0.487,-0.68,-0.319,-0.3,-0.241,8
-1.216,-0.387,-0.149,-0.232,-0.07,-0.052,-0.46,-0.158,-0.061,-0.108,-1.216,-0.447,-0.115,-0.552,-0.291,-0.498,-0.549,-0.237,-0.243,-0.081,-1.216,-0.79,-0.817,-0.595,-0.493,-0.385,-0.761,-0.593,-0.485,-0.774,-1.216,-0.58,-0.155,-0.612,-0.283,-0.472,-0.653,-0.297,-0.275,-0.189,8
-1.118,-0.471,-0.175,-0.272,-0.095,-0.027,-0.464,-0.204,-0.078,-0.071,-1.118,-0.47,-0.168,-0.54,-0.332,-0.519,-0.564,-0.293,-0.297,-0.15,-1.118,-0.671,-0.717,-0.49,-0.385,-0.309,-0.682,-0.488,-0.396,-0.724,-1.118,-0.557,-0.108,-0.598,-0.266,-0.385,-0.677,-0.33,-0.257,-0.17,8
-1.187,-0.455,-0.07,-0.264,-0.073,-0.041,-0.483,-0.166,-0.056,0.008,-1.187,-0.468,-0.114,-0.555,-0.305,-0.474,-0.566,-0.27,-0.258,-0.091,-1.187,-0.755,-0.84,-0.544,-0.453,-0.319,-0.707,-0.545,-0.424,-0.752,-1.187,-0.574,-0.176,-0.611,-0.31,-0.495,-0.661,-0.337,-0.301,-0.227,8
-1.097,-0.657,-0.22,-0.516,-0.279,-0.15,-0.666,-0.381,-0.28,-0.182,-1.097,-0.528,-0.47,-0.628,-0.451,-0.642,-0.678,-0.46,-0.415,-0.404,-1.097,-0.596,-0.944,-0.405,-0.362,-0.215,-0.532,-0.447,-0.368,-0.879,-1.097,-0.588,-0.403,-0.643,-0.427,-0.602,-0.724,-0.466,-0.428,-0.439,8
-1.228,-0.472,-0.167,-0.253,-0.108,-0.05,-0.465,-0.236,-0.131,-0.094,-1.228,-0.499,-0.163,-0.536,-0.3,-0.504,-0.547,-0.286,-0.295,-0.14,-1.228,-0.784,-0.851,-0.592,-0.488,-0.394,-0.755,-0.584,-0.504,-0.802,-1.228,-0.589,-0.163,-0.615,-0.308,-0.45,-0.684,-0.345,-0.314,-0.23,8
-1.17,-0.357,-0.114,-0.184,-0.099,0.012,-0.356,-0.174,-0.034,-0.051,-1.17,-0.385,-0.045,-0.505,-0.262,-0.48,-0.462,-0.194,-0.227,-0.024,-1.17,-0.718,-0.731,-0.51,-0.384,-0.301,-0.703,-0.501,-0.421,-0.743,-1.17,-0.516,-0.137,-0.557,-0.27,-0.432,-0.627,-0.293,-0.271,-0.151,8
-1.164,-0.344,-0.224,-0.146,-0.04,-0.046,-0.357,-0.204,-0.029,-0.123,-1.164,-0.397,-0.051,-0.53,-0.287,-0.532,-0.443,-0.194,-0.218,-0.004,-1.164,-0.727,-0.704,-0.538,-0.416,-0.3,-0.715,-0.518,-0.402,-0.686,-1.164,-0.536,-0.005,-0.603,-0.241,-0.404,-0.625,-0.274,-0.233,-0.082,8
-1.155,-0.429,-0.422,-0.169,-0.174,-0.042,-0.4,-0.323,-0.131,-0.324,-1.155,-0.405,-0.146,-0.493,-0.31,-0.524,-0.485,-0.255,-0.265,-0.118,-1.155,-0.684,-0.7,-0.519,-0.366,-0.269,-0.717,-0.49,-0.42,-0.786,-1.155,-0.569,-0.233,-0.57,-0.321,-0.478,-0.687,-0.394,-0.343,-0.302,8
-1.215,-0.721,-0.433,-0.483,-0.332,-0.201,-0.655,-0.445,-0.284,-0.278,-1.215,-0.595,-0.391,-0.637,-0.418,-0.611,-0.69,-0.414,-0.38,-0.331,-1.215,-0.698,-0.955,-0.507,-0.456,-0.316,-0.661,-0.543,-0.45,-0.902,-1.215,-0.66,-0.395,-0.655,-0.403,-0.544,-0.773,-0.472,-0.417,-0.44,8
-1.143,-0.508,-0.291,-0.34,-0.133,-0.08,-0.517,-0.246,-0.129,-0.186,-1.143,-0.504,-0.367,-0.599,-0.399,-0.615,-0.637,-0.386,-0.352,-0.312,-1.143,-0.719,-0.828,-0.519,-0.413,-0.29,-0.678,-0.516,-0.418,-0.769,-1.143,-0.572,-0.18,-0.602,-0.295,-0.428,-0.705,-0.36,-0.314,-0.263,8
-1.2,-0.293,-0.093,-0.18,0.013,0.019,-0.337,-0.078,-0.009,-0.067,-1.2,-0.382,-0.008,-0.534,-0.24,-0.463,-0.482,-0.175,-0.204,0.011,-1.2,-0.835,-0.877,-0.683,-0.591,-0.491,-0.844,-0.66,-0.574,-0.825,-1.2,-0.523,-0.05,-0.602,-0.226,-0.398,-0.627,-0.223,-0.2,-0.078,8
-1.28,-0.446,-0.021,-0.241,-0.054,-0.017,-0.439,-0.118,-0.023,0.072,-1.28,-0.459,-0.12,-0.575,-0.298,-0.532,-0.499,-0.229,-0.237,-0.067,-1.28,-0.794,-0.938,-0.601,-0.514,-0.356,-0.775,-0.613,-0.495,-0.901,-1.28,-0.581,-0.182,-0.629,-0.326,-0.488,-0.665,-0.336,-0.291,-0.175,8
-1.274,-0.433,-0.206,-0.236,-0.08,-0.034,-0.45,-0.161,-0.034,-0.119,-1.274,-0.457,-0.125,-0.553,-0.285,-0.508,-0.523,-0.229,-0.242,-0.057,-1.274,-0.82,-0.817,-0.629,-0.506,-0.391,-0.819,-0.6,-0.497,-0.799,-1.274,-0.623,-0.151,-0.621,-0.289,-0.417,-0.707,-0.31,-0.273,-0.225,8
-1.225,-0.49,-0.2,-0.338,-0.164,-0.067,-0.557,-0.213,-0.08,-0.122,-1.225,-0.507,-0.213,-0.547,-0.303,-0.504,-0.615,-0.287,-0.275,-0.187,-1.225,-0.769,-0.812,-0.577,-0.477,-0.33,-0.759,-0.583,-0.455,-0.785,-1.225,-0.624,-0.2,-0.606,-0.313,-0.464,-0.703,-0.348,-0.328,-0.312,8
-1.209,-0.706,-0.342,-0.533,-0.259,-0.158,-0.719,-0.399,-0.239,-0.259,-1.209,-0.562,-0.205,-0.6,-0.327,-0.502,-0.673,-0.33,-0.313,-0.222,-1.209,-0.655,-0.734,-0.461,-0.321,-0.274,-0.642,-0.454,-0.419,-0.764,-1.209,-0.652,-0.275,-0.662,-0.346,-0.496,-0.78,-0.413,-0.389,-0.392,8
-1.24,-0.388,-0.181,-0.228,-0.109,-0.047,-0.462,-0.231,-0.029,-0.106,-1.24,-0.43,-0.161,-0.56,-0.313,-0.581,-0.52,-0.241,-0.252,-0.101,-1.24,-0.823,-0.877,-0.635,-0.544,-0.456,-0.795,-0.643,-0.557,-0.86,-1.24,-0.599,-0.226,-0.62,-0.314,-0.482,-0.655,-0.341,-0.288,-0.207,8
-1.192,-0.624,-0.392,-0.402,-0.239,-0.116,-0.615,-0.356,-0.169,-0.285,-1.192,-0.539,-0.354,-0.603,-0.425,-0.592,-0.66,-0.393,-0.374,-0.311,-1.192,-0.722,-0.815,-0.543,-0.434,-0.328,-0.701,-0.516,-0.408,-0.777,-1.192,-0.678,-0.255,-0.67,-0.353,-0.441,-0.796,-0.434,-0.369,-0.334,8
-1.143,-0.405,-0.171,-0.198,-0.05,0.014,-0.442,-0.159,0.026,-0.031,-1.143,-0.403,-0.089,-0.523,-0.28,-0.495,-0.503,-0.209,-0.249,-0.056,-1.143,-0.641,-0.735,-0.438,-0.374,-0.274,-0.649,-0.496,-0.403,-0.743,-1.143,-0.529,-0.018,-0.552,-0.208,-0.372,-0.611,-0.242,-0.222,-0.122,8
-1.066,-0.538,-0.391,-0.337,-0.153,0.002,-0.516,-0.29,-0.144,-0.269,-1.066,-0.458,-0.166,-0.535,-0.284,-0.452,-0.582,-0.28,-0.27,-0.177,-1.066,-0.58,-0.699,-0.385,-0.281,-0.149,-0.577,-0.403,-0.307,-0.74,-1.066,-0.575,-0.206,-0.592,-0.323,-0.38,-0.716,-0.384,-0.319,-0.288,8
-1.234,-0.602,-0.424,-0.33,-0.223,-0.081,-0.581,-0.359,-0.156,-0.316,-1.234,-0.504,-0.197,-0.553,-0.32,-0.491,-0.592,-0.296,-0.29,-0.165,-1.234,-0.711,-0.791,-0.511,-0.39,-0.256,-0.719,-0.508,-0.397,-0.775,-1.234,-0.642,-0.256,-0.626,-0.317,-0.444,-0.752,-0.392,-0.36,-0.342,8
-1.234,-0.604,-0.275,-0.374,-0.22,-0.118,-0.59,-0.322,-0.191,-0.176,-1.234,-0.535,-0.243,-0.571,-0.345,-0.512,-0.624,-0.345,-0.333,-0.22,-1.234,-0.684,-0.754,-0.458,-0.362,-0.25,-0.664,-0.491,-0.385,-0.757,-1.234,-0.623,-0.203,-0.601,-0.308,-0.416,-0.706,-0.35,-0.319,-0.256,8
-1.164,-0.476,-0.177,-0.307,-0.144,-0.067,-0.518,-0.211,-0.069,-0.075,-1.164,-0.48,-0.174,-0.569,-0.326,-0.524,-0.611,-0.299,-0.293,-0.172,-1.164,-0.744,-0.832,-0.559,-0.484,-0.354,-0.721,-0.564,-0.443,-0.774,-1.164,-0.606,-0.169,-0.622,-0.305,-0.471,-0.702,-0.357,-0.329,-0.27,8
-1.121,-0.539,-0.272,-0.315,-0.162,-0.058,-0.546,-0.332,-0.146,-0.213,-1.121,-0.474,-0.248,-0.567,-0.35,-0.54,-0.616,-0.336,-0.299,-0.225,-1.121,-0.626,-0.733,-0.457,-0.373,-0.266,-0.641,-0.454,-0.364,-0.728,-1.121,-0.553,-0.242,-0.602,-0.326,-0.475,-0.714,-0.368,-0.326,-0.26,8
-1.161,-0.613,-0.289,-0.406,-0.182,-0.059,-0.593,-0.292,-0.17,-0.164,-1.161,-0.525,-0.345,-0.598,-0.392,-0.587,-0.629,-0.383,-0.357,-0.29,-1.161,-0.671,-0.86,-0.468,-0.427,-0.264,-0.615,-0.501,-0.39,-0.804,-1.161,-0.628,-0.232,-0.629,-0.352,-0.45,-0.711,-0.388,-0.347,-0.296,8
-1.04,-0.306,-0.1,-0.16,-0.012,-0.047,-0.434,-0.15,0.021,-0.031,-1.04,-0.313,0.006,-0.5,-0.241,-0.521,-0.469,-0.162,-0.217,-0.033,-1.04,-0.557,-0.647,-0.391,-0.275,-0.19,-0.578,-0.387,-0.307,-0.662,-1.04,-0.473,0.075,-0.538,-0.159,-0.355,-0.582,-0.187,-0.189,-0.066,8
-1.238,-0.725,-0.284,-0.516,-0.271,-0.119,-0.709,-0.416,-0.277,-0.229,-1.238,-0.554,-0.284,-0.608,-0.384,-0.549,-0.643,-0.363,-0.345,-0.244,-1.238,-0.728,-0.872,-0.49,-0.386,-0.272,-0.646,-0.517,-0.404,-0.788,-1.238,-0.696,-0.317,-0.68,-0.392,-0.516,-0.806,-0.465,-0.407,-0.399,8
-1.179,-0.396,-0.206,-0.223,-0.137,-0.039,-0.507,-0.291,-0.047,-0.175,-1.179,-0.401,-0.198,-0.5,-0.304,-0.558,-0.487,-0.242,-0.26,-0.128,-1.179,-0.719,-0.755,-0.483,-0.386,-0.306,-0.659,-0.504,-0.413,-0.714,-1.179,-0.563,-0.213,-0.585,-0.272,-0.431,-0.608,-0.3,-0.229,-0.15,8
-1.319,-0.681,-0.445,-0.43,-0.255,-0.1,-0.64,-0.389,-0.211,-0.369,-1.319,-0.587,-0.255,-0.612,-0.345,-0.525,-0.65,-0.327,-0.328,-0.222,-1.319,-0.813,-0.855,-0.592,-0.48,-0.33,-0.799,-0.605,-0.476,-0.825,-1.319,-0.72,-0.331,-0.685,-0.374,-0.47,-0.83,-0.449,-0.402,-0.408,8
-1.198,-0.504,-0.213,-0.305,-0.104,-0.059,-0.567,-0.22,-0.052,-0.128,-1.198,-0.451,-0.082,-0.562,-0.286,-0.487,-0.558,-0.216,-0.239,-0.073,-1.198,-0.711,-0.788,-0.497,-0.375,-0.264,-0.686,-0.504,-0.399,-0.78,-1.198,-0.633,-0.184,-0.645,-0.33,-0.46,-0.713,-0.375,-0.331,-0.264,8
-1.169,-0.505,-0.167,-0.298,-0.108,-0.044,-0.5,-0.236,-0.107,-0.118,-1.169,-0.505,-0.175,-0.564,-0.338,-0.531,-0.587,-0.297,-0.31,-0.164,-1.169,-0.721,-0.763,-0.534,-0.428,-0.35,-0.732,-0.547,-0.453,-0.789,-1.169,-0.61,-0.182,-0.63,-0.312,-0.431,-0.729,-0.387,-0.312,-0.261,8
-1.187,-0.504,-0.239,-0.265,-0.138,-0.026,-0.504,-0.243,-0.055,-0.1,-1.187,-0.451,-0.135,-0.542,-0.302,-0.505,-0.532,-0.237,-0.268,-0.092,-1.187,-0.704,-0.838,-0.498,-0.448,-0.322,-0.679,-0.554,-0.46,-0.835,-1.187,-0.59,-0.128,-0.591,-0.278,-0.415,-0.677,-0.325,-0.297,-0.214,8
-1.195,-0.63,-0.383,-0.398,-0.206,-0.074,-0.626,-0.333,-0.147,-0.33,-1.195,-0.52,-0.334,-0.577,-0.388,-0.586,-0.644,-0.356,-0.358,-0.326,-1.195,-0.704,-0.821,-0.53,-0.42,-0.303,-0.692,-0.501,-0.409,-0.792,-1.195,-0.682,-0.314,-0.653,-0.361,-0.434,-0.802,-0.45,-0.378,-0.384,8
-1.081,-0.445,-0.18,-0.293,-0.04,-0.047,-0.433,-0.165,-0.082,0.03,-1.081,-0.398,-0.103,-0.561,-0.269,-0.548,-0.533,-0.214,-0.245,-0.09,-1.081,-0.628,-0.65,-0.427,-0.32,-0.215,-0.598,-0.411,-0.307,-0.63,-1.081,-0.552,-0.034,-0.634,-0.251,-0.398,-0.702,-0.297,-0.25,-0.167,8
-1.226,-0.627,-0.421,-0.371,-0.251,-0.135,-0.578,-0.399,-0.212,-0.324,-1.226,-0.566,-0.365,-0.588,-0.414,-0.604,-0.639,-0.405,-0.38,-0.324,-1.226,-0.737,-0.783,-0.555,-0.428,-0.346,-0.738,-0.537,-0.454,-0.788,-1.226,-0.653,-0.322,-0.646,-0.373,-0.506,-0.79,-0.463,-0.41,-0.416,8
-1.297,-0.668,-0.437,-0.425,-0.261,-0.095,-0.695,-0.414,-0.223,-0.359,-1.297,-0.66,-0.303,-0.643,-0.382,-0.512,-0.714,-0.396,-0.354,-0.262,-1.297,-0.881,-0.918,-0.645,-0.5,-0.353,-0.799,-0.617,-0.488,-0.821,-1.297,-0.778,-0.421,-0.729,-0.474,-0.541,-0.841,-0.549,-0.471,-0.463,8
-1.21,-0.475,-0.023,-0.315,-0.097,-0.068,-0.496,-0.213,-0.117,0.045,-1.21,-0.483,-0.104,-0.549,-0.267,-0.477,-0.571,-0.272,-0.272,-0.106,-1.21,-0.758,-0.803,-0.589,-0.485,-0.387,-0.758,-0.582,-0.5,-0.79,-1.21,-0.595,-0.156,-0.64,-0.325,-0.452,-0.71,-0.375,-0.346,-0.236,8
-1.16,-0.545,-0.254,-0.311,-0.162,-0.033,-0.545,-0.27,-0.139,-0.171,-1.16,-0.472,-0.238,-0.556,-0.334,-0.547,-0.578,-0.301,-0.306,-0.201,-1.16,-0.666,-0.88,-0.458,-0.436,-0.286,-0.623,-0.516,-0.417,-0.851,-1.16,-0.558,-0.153,-0.581,-0.297,-0.434,-0.643,-0.317,-0.299,-0.211,8
-1.149,-0.37,-0.222,-0.174,-0.045,0.031,-0.442,-0.167,-0.023,-0.185,-1.149,-0.39,-0.13,-0.503,-0.27,-0.518,-0.519,-0.211,-0.231,-0.116,-1.149,-0.684,-0.688,-0.494,-0.354,-0.269,-0.705,-0.487,-0.386,-0.732,-1.149,-0.529,-0.159,-0.578,-0.279,-0.471,-0.626,-0.278,-0.277,-0.182,8
-1.287,-0.627,-0.38,-0.387,-0.26,-0.111,-0.652,-0.38,-0.209,-0.308,-1.287,-0.528,-0.158,-0.595,-0.325,-0.491,-0.61,-0.306,-0.299,-0.104,-1.287,-0.735,-0.858,-0.472,-0.382,-0.223,-0.664,-0.53,-0.372,-0.796,-1.287,-0.663,-0.348,-0.647,-0.39,-0.524,-0.719,-0.415,-0.36,-0.328,8
-1.179,-0.545,-0.306,-0.345,-0.214,-0.174,-0.522,-0.33,-0.209,-0.24,-1.179,-0.47,-0.21,-0.571,-0.358,-0.538,-0.566,-0.321,-0.304,-0.171,-1.179,-0.741,-0.835,-0.543,-0.42,-0.277,-0.703,-0.549,-0.454,-0.811,-1.179,-0.614,-0.226,-0.618,-0.318,-0.441,-0.761,-0.386,-0.358,-0.333,8
-1.159,-0.513,-0.309,-0.33,-0.149,-0.109,-0.509,-0.27,-0.129,-0.174,-1.159,-0.446,-0.234,-0.566,-0.323,-0.577,-0.566,-0.281,-0.29,-0.189,-1.159,-0.709,-0.693,-0.486,-0.336,-0.21,-0.643,-0.423,-0.302,-0.613,-1.159,-0.642,-0.107,-0.674,-0.278,-0.404,-0.792,-0.371,-0.305,-0.253,8
-1.058,-0.475,-0.18,-0.307,-0.103,-0.011,-0.464,-0.162,-0.041,-0.017,-1.058,-0.441,-0.139,-0.542,-0.285,-0.519,-0.55,-0.262,-0.278,-0.169,-1.058,-0.585,-0.672,-0.389,-0.261,-0.174,-0.536,-0.345,-0.254,-0.623,-1.058,-0.526,-0.036,-0.571,-0.214,-0.376,-0.639,-0.252,-0.235,-0.162,8
-1.323,-0.695,-0.424,-0.457,-0.263,-0.125,-0.666,-0.382,-0.214,-0.337,-1.323,-0.596,-0.299,-0.629,-0.371,-0.553,-0.67,-0.355,-0.345,-0.257,-1.323,-0.817,-0.868,-0.61,-0.504,-0.363,-0.81,-0.611,-0.493,-0.837,-1.323,-0.725,-0.343,-0.699,-0.389,-0.492,-0.842,-0.459,-0.41,-0.418,8
-1.291,-0.497,-0.144,-0.304,-0.104,-0.059,-0.531,-0.184,-0.094,-0.091,-1.291,-0.484,-0.181,-0.564,-0.325,-0.55,-0.532,-0.267,-0.269,-0.119,-1.291,-0.787,-0.907,-0.598,-0.508,-0.354,-0.788,-0.614,-0.497,-0.879,-1.291,-0.659,-0.26,-0.651,-0.364,-0.477,-0.745,-0.406,-0.351,-0.285,8
-1.097,-0.41,-0.131,-0.27,-0.112,-0.072,-0.45,-0.256,-0.143,-0.117,-1.097,-0.391,-0.122,-0.529,-0.286,-0.514,-0.543,-0.274,-0.267,-0.153,-1.097,-0.655,-0.751,-0.49,-0.406,-0.33,-0.632,-0.475,-0.411,-0.755,-1.097,-0.54,-0.273,-0.573,-0.343,-0.481,-0.674,-0.393,-0.314,-0.282,8
-1.145,-0.365,-0.181,-0.173,-0.034,-0.028,-0.388,-0.194,-0.03,-0.078,-1.145,-0.388,-0.056,-0.534,-0.279,-0.524,-0.462,-0.199,-0.225,-0.011,-1.145,-0.711,-0.738,-0.517,-0.429,-0.287,-0.694,-0.525,-0.397,-0.709,-1.145,-0.569,-0.077,-0.611,-0.291,-0.423,-0.637,-0.327,-0.265,-0.137,8
-1.21,-0.684,-0.398,-0.467,-0.257,-0.164,-0.651,-0.385,-0.213,-0.296,-1.21,-0.541,-0.334,-0.573,-0.367,-0.557,-0.644,-0.357,-0.335,-0.292,-1.21,-0.688,-0.806,-0.475,-0.352,-0.251,-0.683,-0.516,-0.455,-0.855,-1.21,-0.665,-0.318,-0.649,-0.356,-0.485,-0.794,-0.435,-0.396,-0.431,8
-1.221,-0.52,-0.182,-0.332,-0.12,-0.057,-0.56,-0.23,-0.089,-0.153,-1.221,-0.484,-0.175,-0.541,-0.319,-0.518,-0.592,-0.295,-0.275,-0.183,-1.221,-0.719,-0.717,-0.522,-0.402,-0.278,-0.735,-0.515,-0.409,-0.755,-1.221,-0.614,-0.154,-0.623,-0.266,-0.405,-0.722,-0.321,-0.291,-0.235,8
-1.219,-0.608,-0.314,-0.401,-0.175,-0.088,-0.624,-0.302,-0.162,-0.259,-1.219,-0.573,-0.312,-0.611,-0.362,-0.555,-0.688,-0.352,-0.348,-0.291,-1.219,-0.798,-0.845,-0.602,-0.477,-0.381,-0.775,-0.603,-0.518,-0.854,-1.219,-0.694,-0.249,-0.692,-0.352,-0.438,-0.811,-0.442,-0.372,-0.337,8
-1.113,-0.525,-0.298,-0.297,-0.167,-0.114,-0.459,-0.267,-0.135,-0.17,-1.113,-0.461,-0.197,-0.563,-0.341,-0.56,-0.559,-0.302,-0.299,-0.181,-1.113,-0.639,-0.762,-0.449,-0.356,-0.25,-0.606,-0.423,-0.322,-0.657,-1.113,-0.554,-0.192,-0.605,-0.313,-0.472,-0.699,-0.35,-0.32,-0.269,8
-1.092,-0.399,-0.108,-0.226,-0.075,-0.021,-0.411,-0.186,-0.028,0.028,-1.092,-0.409,-0.064,-0.555,-0.318,-0.514,-0.503,-0.233,-0.238,-0.027,-1.092,-0.625,-0.651,-0.434,-0.324,-0.271,-0.624,-0.438,-0.342,-0.647,-1.092,-0.507,-0.043,-0.586,-0.249,-0.397,-0.61,-0.275,-0.231,-0.113,8
-1.136,-0.578,-0.257,-0.412,-0.227,-0.136,-0.599,-0.329,-0.208,-0.207,-1.136,-0.472,-0.223,-0.559,-0.354,-0.515,-0.598,-0.334,-0.309,-0.198,-1.136,-0.642,-0.788,-0.416,-0.344,-0.223,-0.575,-0.437,-0.304,-0.709,-1.136,-0.559,-0.271,-0.602,-0.33,-0.495,-0.67,-0.355,-0.302,-0.288,8
-1.107,-0.496,-0.398,-0.31,-0.134,-0.006,-0.476,-0.273,-0.167,-0.276,-1.107,-0.461,-0.208,-0.605,-0.328,-0.536,-0.569,-0.282,-0.273,-0.125,-1.107,-0.658,-0.755,-0.442,-0.337,-0.207,-0.613,-0.459,-0.338,-0.737,-1.107,-0.595,-0.142,-0.646,-0.322,-0.437,-0.726,-0.369,-0.314,-0.233,8
-1.228,-0.686,-0.509,-0.444,-0.277,-0.176,-0.623,-0.399,-0.212,-0.361,-1.228,-0.587,-0.277,-0.61,-0.364,-0.541,-0.664,-0.356,-0.335,-0.279,-1.228,-0.757,-0.79,-0.529,-0.395,-0.301,-0.703,-0.51,-0.426,-0.754,-1.228,-0.681,-0.363,-0.665,-0.413,-0.509,-0.803,-0.473,-0.43,-0.437,8
-1.097,-0.402,-0.048,-0.26,-0.052,-0.018,-0.409,-0.159,-0.06,0.074,-1.097,-0.393,-0.077,-0.553,-0.292,-0.53,-0.472,-0.21,-0.223,-0.018,-1.097,-0.605,-0.629,-0.399,-0.268,-0.203,-0.581,-0.383,-0.281,-0.596,-1.097,-0.5,-0.021,-0.598,-0.255,-0.407,-0.602,-0.273,-0.235,-0.092,8
-1.203,-0.562,-0.187,-0.374,-0.136,-0.026,-0.599,-0.253,-0.141,-0.123,-1.203,-0.524,-0.378,-0.573,-0.385,-0.64,-0.612,-0.357,-0.359,-0.302,-1.203,-0.734,-0.929,-0.512,-0.482,-0.335,-0.667,-0.59,-0.445,-0.851,-1.203,-0.652,-0.341,-0.671,-0.408,-0.528,-0.731,-0.441,-0.364,-0.334,8
-1.165,-0.516,-0.294,-0.27,-0.12,-0.039,-0.5,-0.266,-0.103,-0.204,-1.165,-0.455,-0.203,-0.522,-0.321,-0.533,-0.554,-0.284,-0.276,-0.178,-1.165,-0.675,-0.684,-0.478,-0.349,-0.245,-0.683,-0.465,-0.379,-0.708,-1.165,-0.607,-0.157,-0.628,-0.296,-0.423,-0.739,-0.382,-0.325,-0.271,8
-1.291,-0.449,-0.114,-0.215,-0.055,-0.022,-0.397,-0.122,-0.031,-0.004,-1.291,-0.474,-0.103,-0.559,-0.293,-0.524,-0.5,-0.227,-0.244,-0.067,-1.291,-0.857,-0.917,-0.684,-0.58,-0.448,-0.863,-0.682,-0.58,-0.904,-1.291,-0.58,-0.147,-0.617,-0.295,-0.458,-0.702,-0.324,-0.289,-0.194,8
-1.107,-0.408,-0.074,-0.21,-0.022,-0.012,-0.455,-0.144,-0.05,0.054,-1.107,-0.413,-0.07,-0.525,-0.277,-0.501,-0.512,-0.203,-0.249,-0.035,-1.107,-0.652,-0.724,-0.477,-0.392,-0.333,-0.673,-0.505,-0.421,-0.753,-1.107,-0.527,-0.121,-0.584,-0.277,-0.446,-0.617,-0.299,-0.237,-0.164,8
-1.223,-0.62,-0.353,-0.401,-0.206,-0.099,-0.61,-0.331,-0.19,-0.263,-1.223,-0.571,-0.334,-0.608,-0.37,-0.56,-0.665,-0.354,-0.342,-0.276,-1.223,-0.776,-0.842,-0.572,-0.448,-0.336,-0.747,-0.575,-0.475,-0.837,-1.223,-0.679,-0.271,-0.675,-0.351,-0.449,-0.794,-0.437,-0.374,-0.349,8
-1.094,-0.581,-0.194,-0.464,-0.254,-0.101,-0.601,-0.329,-0.211,-0.091,-1.094,-0.526,-0.349,-0.628,-0.415,-0.591,-0.659,-0.409,-0.382,-0.31,-1.094,-0.66,-0.931,-0.464,-0.443,-0.324,-0.571,-0.492,-0.411,-0.821,-1.094,-0.612,-0.392,-0.657,-0.424,-0.581,-0.726,-0.462,-0.408,-0.403,8
-1.248,-0.38,-0.056,-0.198,-0.034,-0.018,-0.309,-0.089,0.013,0.083,-1.248,-0.441,-0.01,-0.571,-0.254,-0.483,-0.472,-0.183,-0.206,0.021,-1.248,-0.835,-0.891,-0.66,-0.571,-0.441,-0.828,-0.655,-0.542,-0.847,-1.248,-0.544,-0.131,-0.603,-0.28,-0.467,-0.656,-0.292,-0.26,-0.162,8
-1.191,-0.615,-0.345,-0.401,-0.252,-0.116,-0.603,-0.373,-0.163,-0.245,-1.191,-0.537,-0.21,-0.58,-0.329,-0.497,-0.649,-0.323,-0.307,-0.204,-1.191,-0.734,-0.854,-0.531,-0.43,-0.318,-0.7,-0.537,-0.45,-0.816,-1.191,-0.65,-0.277,-0.643,-0.339,-0.478,-0.762,-0.419,-0.388,-0.364,8
-1.187,-0.533,-0.253,-0.319,-0.205,-0.094,-0.542,-0.309,-0.135,-0.175,-1.187,-0.519,-0.208,-0.593,-0.394,-0.542,-0.635,-0.371,-0.372,-0.201,-1.187,-0.784,-0.838,-0.59,-0.5,-0.382,-0.739,-0.581,-0.476,-0.785,-1.187,-0.623,-0.254,-0.621,-0.33,-0.459,-0.712,-0.398,-0.357,-0.296,8
-1.12,-0.633,-0.392,-0.435,-0.252,-0.16,-0.593,-0.365,-0.217,-0.277,-1.12,-0.54,-0.319,-0.599,-0.395,-0.593,-0.672,-0.399,-0.4,-0.352,-1.12,-0.7,-0.725,-0.484,-0.384,-0.31,-0.65,-0.494,-0.42,-0.72,-1.12,-0.614,-0.267,-0.615,-0.344,-0.461,-0.759,-0.425,-0.387,-0.408,8
-1.193,-0.508,-0.094,-0.278,-0.111,-0.041,-0.506,-0.225,-0.068,-0.014,-1.193,-0.497,-0.095,-0.574,-0.322,-0.483,-0.593,-0.305,-0.312,-0.107,-1.193,-0.733,-0.771,-0.544,-0.428,-0.328,-0.714,-0.528,-0.423,-0.752,-1.193,-0.606,-0.221,-0.618,-0.328,-0.484,-0.704,-0.385,-0.363,-0.304,8
-1.171,-0.574,-0.223,-0.396,-0.191,-0.096,-0.585,-0.302,-0.133,-0.133,-1.171,-0.479,-0.214,-0.576,-0.325,-0.531,-0.613,-0.299,-0.303,-0.193,-1.171,-0.711,-0.897,-0.515,-0.472,-0.321,-0.693,-0.567,-0.452,-0.883,-1.171,-0.659,-0.305,-0.645,-0.365,-0.453,-0.757,-0.431,-0.367,-0.335,8
-1.147,-0.595,-0.34,-0.395,-0.253,-0.111,-0.594,-0.32,-0.182,-0.207,-1.147,-0.484,-0.259,-0.568,-0.345,-0.566,-0.609,-0.322,-0.337,-0.249,-1.147,-0.643,-0.75,-0.438,-0.337,-0.24,-0.601,-0.429,-0.337,-0.703,-1.147,-0.587,-0.246,-0.606,-0.317,-0.483,-0.706,-0.352,-0.334,-0.315,8
-1.086,-0.342,-0.077,-0.196,-0.07,-0.036,-0.449,-0.148,0.009,-0.052,-1.086,-0.365,-0.003,-0.498,-0.245,-0.484,-0.5,-0.198,-0.236,-0.045,-1.086,-0.613,-0.673,-0.424,-0.296,-0.195,-0.614,-0.413,-0.323,-0.7,-1.086,-0.51,-0.037,-0.573,-0.24,-0.419,-0.609,-0.244,-0.257,-0.134,8
-1.23,-0.444,-0.086,-0.257,-0.081,-0.073,-0.477,-0.203,-0.115,-0.03,-1.23,-0.492,-0.131,-0.542,-0.269,-0.477,-0.558,-0.263,-0.269,-0.104,-1.23,-0.823,-0.866,-0.647,-0.54,-0.435,-0.808,-0.629,-0.539,-0.829,-1.23,-0.593,-0.131,-0.619,-0.319,-0.457,-0.676,-0.352,-0.331,-0.213,8
-1.188,-0.307,-0.053,-0.209,-0.009,-0.013,-0.34,-0.094,-0.028,-0.028,-1.188,-0.376,0.045,-0.545,-0.222,-0.465,-0.486,-0.163,-0.201,0.023,-1.188,-0.804,-0.785,-0.648,-0.496,-0.416,-0.811,-0.602,-0.531,-0.794,-1.188,-0.51,-0.069,-0.574,-0.247,-0.407,-0.6,-0.239,-0.22,-0.06,8
-1.023,-0.405,-0.16,-0.185,-0.06,-0.032,-0.361,-0.156,0.001,0.001,-1.023,-0.357,0.006,-0.471,-0.187,-0.439,-0.492,-0.152,-0.184,-0.045,-1.023,-0.587,-0.633,-0.427,-0.318,-0.227,-0.594,-0.399,-0.342,-0.68,-1.023,-0.491,-0.05,-0.571,-0.23,-0.415,-0.667,-0.286,-0.267,-0.207,8
-1.129,-0.557,-0.152,-0.448,-0.147,-0.074,-0.611,-0.215,-0.126,-0.103,-1.129,-0.491,-0.232,-0.603,-0.35,-0.549,-0.65,-0.323,-0.302,-0.222,-1.129,-0.657,-0.811,-0.443,-0.392,-0.248,-0.627,-0.5,-0.377,-0.772,-1.129,-0.607,-0.281,-0.686,-0.37,-0.55,-0.732,-0.387,-0.35,-0.31,8
-1.145,-0.474,-0.242,-0.261,-0.142,-0.067,-0.431,-0.205,-0.055,-0.075,-1.145,-0.468,-0.187,-0.53,-0.336,-0.529,-0.543,-0.288,-0.294,-0.156,-1.145,-0.711,-0.882,-0.515,-0.484,-0.325,-0.691,-0.581,-0.465,-0.849,-1.145,-0.53,-0.101,-0.56,-0.26,-0.414,-0.664,-0.296,-0.282,-0.208,8
-1.138,-0.418,-0.079,-0.217,-0.001,-0.041,-0.425,-0.133,-0.042,0.028,-1.138,-0.441,-0.063,-0.549,-0.256,-0.516,-0.515,-0.191,-0.239,-0.045,-1.138,-0.673,-0.7,-0.484,-0.361,-0.315,-0.677,-0.48,-0.399,-0.703,-1.138,-0.549,-0.153,-0.587,-0.308,-0.453,-0.643,-0.347,-0.271,-0.202,8
-1.256,-0.421,-0.08,-0.235,-0.07,-0.045,-0.494,-0.198,-0.043,-0.02,-1.256,-0.45,-0.155,-0.55,-0.306,-0.542,-0.569,-0.267,-0.256,-0.129,-1.256,-0.837,-0.86,-0.661,-0.565,-0.479,-0.826,-0.66,-0.588,-0.878,-1.256,-0.571,-0.155,-0.602,-0.28,-0.455,-0.635,-0.308,-0.262,-0.181,8
-1.074,-0.428,-0.167,-0.293,-0.094,-0.074,-0.422,-0.18,-0.077,-0.024,-1.074,-0.365,-0.13,-0.565,-0.282,-0.568,-0.534,-0.228,-0.249,-0.12,-1.074,-0.614,-0.663,-0.425,-0.332,-0.243,-0.587,-0.399,-0.309,-0.63,-1.074,-0.499,-0.091,-0.597,-0.267,-0.469,-0.639,-0.285,-0.253,-0.19,8
-1.083,-0.628,-0.321,-0.452,-0.304,-0.154,-0.634,-0.406,-0.214,-0.21,-1.083,-0.5,-0.28,-0.584,-0.387,-0.567,-0.638,-0.374,-0.363,-0.292,-1.083,-0.607,-0.716,-0.395,-0.324,-0.236,-0.561,-0.405,-0.314,-0.666,-1.083,-0.615,-0.264,-0.632,-0.344,-0.476,-0.743,-0.425,-0.362,-0.337,8
-1.265,-0.387,0.052,-0.2,-0.012,-0.011,-0.368,-0.063,-0.007,0.138,-1.265,-0.444,-0.078,-0.573,-0.276,-0.516,-0.488,-0.214,-0.22,-0.032,-1.265,-0.82,-0.918,-0.626,-0.53,-0.386,-0.796,-0.63,-0.519,-0.882,-1.265,-0.527,-0.141,-0.608,-0.301,-0.491,-0.627,-0.296,-0.262,-0.145,8
-1.261,-0.5,-0.233,-0.307,-0.165,-0.056,-0.503,-0.241,-0.115,-0.162,-1.261,-0.497,-0.153,-0.566,-0.307,-0.475,-0.58,-0.276,-0.253,-0.078,-1.261,-0.767,-0.89,-0.549,-0.456,-0.27,-0.742,-0.582,-0.43,-0.847,-1.261,-0.604,-0.22,-0.643,-0.356,-0.502,-0.697,-0.373,-0.327,-0.258,8
-1.169,-0.606,-0.338,-0.431,-0.298,-0.156,-0.63,-0.367,-0.236,-0.241,-1.169,-0.508,-0.294,-0.565,-0.386,-0.587,-0.641,-0.38,-0.392,-0.327,-1.169,-0.696,-0.797,-0.504,-0.418,-0.291,-0.668,-0.499,-0.402,-0.772,-1.169,-0.664,-0.286,-0.637,-0.335,-0.453,-0.772,-0.414,-0.388,-0.382,8
-1.187,-0.62,-0.32,-0.433,-0.25,-0.136,-0.643,-0.343,-0.207,-0.236,-1.187,-0.522,-0.303,-0.595,-0.396,-0.582,-0.65,-0.377,-0.37,-0.293,-1.187,-0.686,-0.794,-0.495,-0.379,-0.259,-0.663,-0.475,-0.379,-0.788,-1.187,-0.661,-0.207,-0.651,-0.302,-0.425,-0.758,-0.359,-0.329,-0.3,8
-1.178,-0.52,-0.27,-0.28,-0.169,-0.03,-0.477,-0.243,-0.131,-0.162,-1.178,-0.464,-0.13,-0.577,-0.311,-0.475,-0.595,-0.298,-0.286,-0.123,-1.178,-0.731,-0.778,-0.557,-0.414,-0.312,-0.719,-0.527,-0.448,-0.786,-1.178,-0.596,-0.102,-0.631,-0.265,-0.397,-0.754,-0.343,-0.332,-0.247,8
-1.108,-0.437,-0.171,-0.228,-0.172,-0.055,-0.399,-0.242,-0.075,-0.087,-1.108,-0.413,-0.08,-0.515,-0.3,-0.507,-0.509,-0.257,-0.269,-0.105,-1.108,-0.643,-0.741,-0.463,-0.372,-0.276,-0.661,-0.483,-0.4,-0.778,-1.108,-0.535,-0.179,-0.578,-0.304,-0.452,-0.678,-0.365,-0.325,-0.245,8
-1.183,-0.422,-0.237,-0.201,-0.074,0.003,-0.376,-0.187,-0.05,-0.166,-1.183,-0.447,-0.045,-0.543,-0.272,-0.461,-0.538,-0.239,-0.242,-0.072,-1.183,-0.772,-0.763,-0.58,-0.444,-0.325,-0.749,-0.553,-0.46,-0.762,-1.183,-0.573,-0.196,-0.587,-0.306,-0.433,-0.689,-0.348,-0.309,-0.221,8
-1.16,-0.525,-0.408,-0.429,-0.353,-0.385,-0.544,-0.383,-0.343,-0.4,-1.16,-0.355,-0.112,-0.621,-0.284,-0.561,-0.47,-0.24,-0.2,-0.092,-1.16,-0.585,-1.28,-0.41,-0.493,-0.195,-0.496,-0.602,-0.497,-1.177,-1.16,-0.535,-0.753,-0.566,-0.566,-0.72,-0.742,-0.623,-0.543,-0.724,9
-1.21,-0.365,-0.371,-0.247,-0.257,-0.267,-0.378,-0.282,-0.222,-0.365,-1.21,-0.283,-0.005,-0.566,-0.224,-0.541,-0.356,-0.151,-0.149,0.03,-1.21,-0.661,-1.147,-0.427,-0.485,-0.254,-0.587,-0.653,-0.542,-1.136,-1.21,-0.614,-0.755,-0.583,-0.587,-0.733,-0.724,-0.624,-0.562,-0.712,9
-1.226,-0.394,-0.147,-0.279,-0.213,-0.221,-0.377,-0.198,-0.163,-0.134,-1.226,-0.305,0.036,-0.573,-0.257,-0.485,-0.398,-0.208,-0.147,0.015,-1.226,-0.663,-1.217,-0.452,-0.549,-0.268,-0.613,-0.669,-0.519,-1.095,-1.226,-0.511,-0.525,-0.53,-0.447,-0.592,-0.697,-0.501,-0.401,-0.53,9
-1.158,-0.504,-0.194,-0.393,-0.28,-0.199,-0.547,-0.277,-0.21,-0.207,-1.158,-0.371,-0.052,-0.6,-0.253,-0.538,-0.485,-0.226,-0.199,-0.041,-1.158,-0.56,-1.161,-0.407,-0.495,-0.246,-0.517,-0.612,-0.491,-1.131,-1.158,-0.579,-0.708,-0.566,-0.571,-0.732,-0.721,-0.633,-0.545,-0.698,9
-1.095,-0.552,-0.394,-0.445,-0.347,-0.374,-0.506,-0.366,-0.364,-0.394,-1.095,-0.373,-0.049,-0.636,-0.286,-0.509,-0.513,-0.257,-0.203,-0.127,-1.095,-0.578,-1.32,-0.383,-0.514,-0.221,-0.433,-0.607,-0.482,-1.084,-1.095,-0.467,-0.641,-0.509,-0.511,-0.655,-0.718,-0.595,-0.501,-0.701,9
-1.146,-0.412,-0.27,-0.301,-0.261,-0.326,-0.398,-0.298,-0.232,-0.272,-1.146,-0.298,0.008,-0.613,-0.256,-0.519,-0.372,-0.185,-0.165,0.008,-1.146,-0.635,-1.254,-0.392,-0.519,-0.205,-0.504,-0.645,-0.48,-1.091,-1.146,-0.525,-0.655,-0.536,-0.519,-0.683,-0.714,-0.585,-0.492,-0.66,9
-1.201,-0.585,-0.286,-0.493,-0.334,-0.234,-0.68,-0.384,-0.308,-0.242,-1.201,-0.383,-0.249,-0.595,-0.333,-0.641,-0.544,-0.286,-0.264,-0.166,-1.201,-0.533,-1.145,-0.41,-0.491,-0.291,-0.562,-0.624,-0.537,-1.179,-1.201,-0.641,-0.797,-0.638,-0.615,-0.774,-0.761,-0.659,-0.593,-0.724,9
-1.246,-0.405,-0.442,-0.295,-0.31,-0.333,-0.417,-0.335,-0.287,-0.426,-1.246,-0.316,-0.159,-0.55,-0.272,-0.629,-0.376,-0.203,-0.189,-0.089,-1.246,-0.579,-1.054,-0.363,-0.41,-0.19,-0.579,-0.598,-0.472,-1.124,-1.246,-0.646,-0.866,-0.635,-0.659,-0.804,-0.77,-0.696,-0.634,-0.792,9
-1.2,-0.57,-0.389,-0.475,-0.352,-0.381,-0.609,-0.379,-0.343,-0.379,-1.2,-0.414,-0.249,-0.608,-0.325,-0.647,-0.505,-0.289,-0.239,-0.193,-1.2,-0.565,-1.228,-0.344,-0.454,-0.173,-0.479,-0.62,-0.465,-1.161,-1.2,-0.571,-0.794,-0.578,-0.6,-0.768,-0.716,-0.634,-0.578,-0.735,9
-1.212,-0.465,-0.232,-0.311,-0.221,-0.195,-0.475,-0.236,-0.19,-0.236,-1.212,-0.343,-0.017,-0.617,-0.242,-0.528,-0.405,-0.175,-0.165,0.043,-1.212,-0.599,-1.13,-0.376,-0.483,-0.23,-0.524,-0.624,-0.444,-1.067,-1.212,-0.608,-0.661,-0.553,-0.516,-0.698,-0.684,-0.573,-0.493,-0.626,9
-1.246,-0.472,-0.235,-0.326,-0.231,-0.268,-0.46,-0.286,-0.216,-0.232,-1.246,-0.334,-0.082,-0.609,-0.256,-0.577,-0.392,-0.204,-0.163,-0.034,-1.246,-0.622,-1.197,-0.429,-0.505,-0.239,-0.559,-0.64,-0.503,-1.106,-1.246,-0.585,-0.73,-0.579,-0.561,-0.75,-0.742,-0.611,-0.532,-0.689,9
-1.172,-0.634,-0.569,-0.534,-0.459,-0.452,-0.619,-0.467,-0.462,-0.559,-1.172,-0.433,-0.243,-0.626,-0.332,-0.647,-0.544,-0.307,-0.257,-0.248,-1.172,-0.523,-1.262,-0.347,-0.473,-0.173,-0.481,-0.594,-0.457,-1.187,-1.172,-0.564,-0.921,-0.609,-0.695,-0.845,-0.802,-0.731,-0.701,-0.916,9
-1.141,-0.602,-0.468,-0.511,-0.395,-0.397,-0.615,-0.404,-0.379,-0.465,-1.141,-0.465,-0.202,-0.613,-0.32,-0.567,-0.574,-0.307,-0.27,-0.243,-1.141,-0.568,-1.277,-0.361,-0.492,-0.18,-0.458,-0.602,-0.473,-1.181,-1.141,-0.555,-0.855,-0.576,-0.632,-0.786,-0.758,-0.679,-0.653,-0.88,9
-1.184,-0.482,-0.313,-0.357,-0.278,-0.268,-0.438,-0.308,-0.244,-0.296,-1.184,-0.322,0.006,-0.624,-0.275,-0.47,-0.427,-0.21,-0.149,0.005,-1.184,-0.605,-1.213,-0.408,-0.494,-0.226,-0.507,-0.614,-0.497,-1.075,-1.184,-0.495,-0.594,-0.521,-0.466,-0.628,-0.698,-0.532,-0.429,-0.593,9
-1.103,-0.492,-0.463,-0.416,-0.349,-0.359,-0.564,-0.372,-0.322,-0.468,-1.103,-0.374,-0.091,-0.591,-0.262,-0.557,-0.501,-0.23,-0.21,-0.154,-1.103,-0.521,-1.224,-0.35,-0.459,-0.179,-0.458,-0.561,-0.441,-1.111,-1.103,-0.523,-0.765,-0.568,-0.591,-0.752,-0.756,-0.65,-0.616,-0.815,9
-1.108,-0.409,-0.215,-0.346,-0.238,-0.23,-0.508,-0.266,-0.243,-0.204,-1.108,-0.28,-0.185,-0.554,-0.265,-0.604,-0.432,-0.21,-0.19,-0.064,-1.108,-0.491,-1.107,-0.374,-0.436,-0.195,-0.476,-0.547,-0.502,-1.191,-1.108,-0.586,-0.759,-0.561,-0.578,-0.756,-0.654,-0.601,-0.533,-0.659,9
-0.98,-0.421,-0.376,-0.357,-0.284,-0.298,-0.547,-0.375,-0.35,-0.411,-0.98,-0.236,-0.286,-0.544,-0.313,-0.715,-0.525,-0.252,-0.242,-0.209,-0.98,-0.444,-1.145,-0.362,-0.498,-0.298,-0.538,-0.657,-0.636,-1.397,-0.98,-0.585,-0.9,-0.561,-0.688,-0.868,-0.671,-0.729,-0.675,-0.836,9
-1.073,-0.515,-0.398,-0.433,-0.348,-0.346,-0.511,-0.33,-0.329,-0.38,-1.073,-0.36,-0.164,-0.587,-0.327,-0.59,-0.528,-0.3,-0.247,-0.226,-1.073,-0.536,-1.232,-0.379,-0.487,-0.238,-0.458,-0.543,-0.47,-1.091,-1.073,-0.47,-0.647,-0.54,-0.531,-0.682,-0.74,-0.584,-0.521,-0.709,9
-1.239,-0.494,-0.256,-0.338,-0.244,-0.247,-0.479,-0.286,-0.219,-0.229,-1.239,-0.329,-0.034,-0.58,-0.283,-0.537,-0.419,-0.226,-0.176,-0.04,-1.239,-0.56,-1.181,-0.348,-0.504,-0.204,-0.545,-0.669,-0.452,-1.111,-1.239,-0.572,-0.678,-0.574,-0.544,-0.71,-0.744,-0.609,-0.517,-0.674,9
-1.2,-0.499,-0.139,-0.374,-0.242,-0.262,-0.478,-0.247,-0.217,-0.135,-1.2,-0.349,0.014,-0.622,-0.253,-0.502,-0.455,-0.214,-0.146,-0.019,-1.2,-0.581,-1.244,-0.422,-0.536,-0.269,-0.527,-0.608,-0.503,-1.097,-1.2,-0.484,-0.511,-0.527,-0.43,-0.628,-0.69,-0.488,-0.401,-0.534,9
-1.12,-0.449,-0.352,-0.362,-0.277,-0.338,-0.52,-0.352,-0.311,-0.369,-1.12,-0.29,-0.18,-0.542,-0.272,-0.634,-0.494,-0.229,-0.233,-0.132,-1.12,-0.516,-1.014,-0.349,-0.408,-0.248,-0.548,-0.594,-0.541,-1.203,-1.12,-0.609,-0.792,-0.599,-0.623,-0.794,-0.716,-0.659,-0.611,-0.741,9
-1.151,-0.47,-0.437,-0.359,-0.314,-0.34,-0.481,-0.338,-0.301,-0.434,-1.151,-0.327,-0.058,-0.579,-0.247,-0.549,-0.445,-0.218,-0.18,-0.109,-1.151,-0.519,-1.214,-0.322,-0.468,-0.186,-0.465,-0.587,-0.434,-1.092,-1.151,-0.5,-0.697,-0.557,-0.534,-0.725,-0.744,-0.588,-0.558,-0.742,9
-1.24,-0.389,-0.382,-0.296,-0.275,-0.324,-0.433,-0.293,-0.249,-0.354,-1.24,-0.3,-0.104,-0.563,-0.251,-0.605,-0.366,-0.182,-0.182,-0.034,-1.24,-0.606,-1.118,-0.393,-0.469,-0.226,-0.593,-0.643,-0.51,-1.158,-1.24,-0.653,-0.832,-0.636,-0.639,-0.803,-0.765,-0.678,-0.623,-0.768,9
-1.218,-0.513,-0.283,-0.36,-0.262,-0.278,-0.491,-0.298,-0.231,-0.269,-1.218,-0.366,-0.085,-0.583,-0.289,-0.552,-0.435,-0.239,-0.182,-0.07,-1.218,-0.573,-1.172,-0.328,-0.441,-0.193,-0.495,-0.612,-0.455,-1.088,-1.218,-0.582,-0.752,-0.594,-0.573,-0.741,-0.765,-0.631,-0.567,-0.734,9
-1.143,-0.472,-0.286,-0.396,-0.284,-0.283,-0.544,-0.295,-0.249,-0.287,-1.143,-0.327,0.004,-0.596,-0.244,-0.522,-0.46,-0.2,-0.151,-0.04,-1.143,-0.489,-1.158,-0.338,-0.468,-0.198,-0.478,-0.552,-0.421,-1.059,-1.143,-0.529,-0.591,-0.56,-0.504,-0.656,-0.746,-0.575,-0.48,-0.65,9
-1.267,-0.534,-0.3,-0.384,-0.273,-0.269,-0.573,-0.33,-0.233,-0.297,-1.267,-0.382,-0.184,-0.616,-0.307,-0.619,-0.482,-0.253,-0.216,-0.112,-1.267,-0.603,-1.198,-0.407,-0.475,-0.2,-0.546,-0.616,-0.492,-1.15,-1.267,-0.617,-0.79,-0.595,-0.593,-0.764,-0.74,-0.637,-0.568,-0.721,9
-1.22,-0.455,-0.182,-0.32,-0.192,-0.244,-0.444,-0.254,-0.228,-0.211,-1.22,-0.324,-0.041,-0.602,-0.26,-0.503,-0.407,-0.202,-0.163,0.011,-1.22,-0.613,-1.182,-0.414,-0.501,-0.251,-0.531,-0.614,-0.515,-1.109,-1.22,-0.56,-0.652,-0.538,-0.504,-0.653,-0.706,-0.568,-0.454,-0.619,9
-1.282,-0.372,-0.396,-0.259,-0.265,-0.279,-0.383,-0.299,-0.249,-0.406,-1.282,-0.294,-0.103,-0.565,-0.258,-0.589,-0.34,-0.181,-0.168,-0.006,-1.282,-0.644,-1.103,-0.405,-0.467,-0.225,-0.624,-0.662,-0.511,-1.138,-1.282,-0.667,-0.843,-0.63,-0.644,-0.793,-0.76,-0.682,-0.613,-0.755,9
-1.138,-0.465,-0.515,-0.324,-0.343,-0.345,-0.454,-0.404,-0.299,-0.524,-1.138,-0.279,-0.212,-0.531,-0.321,-0.687,-0.443,-0.248,-0.235,-0.166,-1.138,-0.512,-1.002,-0.383,-0.411,-0.255,-0.592,-0.594,-0.524,-1.18,-1.138,-0.565,-0.836,-0.615,-0.649,-0.834,-0.789,-0.683,-0.653,-0.811,9
-1.157,-0.452,-0.296,-0.366,-0.28,-0.276,-0.54,-0.321,-0.301,-0.265,-1.157,-0.271,-0.176,-0.564,-0.258,-0.619,-0.442,-0.205,-0.185,-0.071,-1.157,-0.508,-1.148,-0.416,-0.485,-0.235,-0.544,-0.594,-0.533,-1.225,-1.157,-0.592,-0.768,-0.57,-0.576,-0.771,-0.67,-0.605,-0.547,-0.685,9
-1.159,-0.579,-0.441,-0.465,-0.364,-0.361,-0.581,-0.381,-0.349,-0.425,-1.159,-0.448,-0.205,-0.615,-0.324,-0.579,-0.547,-0.302,-0.259,-0.218,-1.159,-0.57,-1.23,-0.37,-0.457,-0.189,-0.48,-0.568,-0.471,-1.134,-1.159,-0.563,-0.842,-0.591,-0.628,-0.792,-0.775,-0.676,-0.652,-0.863,9
-1.146,-0.489,-0.485,-0.392,-0.325,-0.353,-0.525,-0.386,-0.334,-0.464,-1.146,-0.299,-0.216,-0.531,-0.287,-0.659,-0.475,-0.237,-0.238,-0.158,-1.146,-0.501,-1.002,-0.331,-0.348,-0.189,-0.556,-0.565,-0.517,-1.214,-1.146,-0.592,-0.856,-0.607,-0.649,-0.831,-0.751,-0.687,-0.664,-0.826,9
-1.202,-0.442,-0.264,-0.308,-0.247,-0.273,-0.451,-0.27,-0.244,-0.241,-1.202,-0.312,-0.073,-0.563,-0.276,-0.565,-0.395,-0.215,-0.17,-0.058,-1.202,-0.553,-1.146,-0.387,-0.446,-0.203,-0.545,-0.585,-0.467,-1.094,-1.202,-0.504,-0.635,-0.541,-0.535,-0.708,-0.714,-0.575,-0.503,-0.646,9
-1.193,-0.379,-0.311,-0.272,-0.228,-0.246,-0.372,-0.241,-0.195,-0.323,-1.193,-0.288,0.026,-0.545,-0.223,-0.53,-0.363,-0.165,-0.123,-0.025,-1.193,-0.623,-1.182,-0.41,-0.485,-0.237,-0.555,-0.625,-0.493,-1.087,-1.193,-0.487,-0.581,-0.548,-0.499,-0.682,-0.733,-0.537,-0.488,-0.638,9
-1.244,-0.449,-0.395,-0.336,-0.299,-0.357,-0.473,-0.32,-0.28,-0.38,-1.244,-0.298,-0.148,-0.548,-0.263,-0.625,-0.373,-0.194,-0.187,-0.08,-1.244,-0.574,-1.146,-0.365,-0.428,-0.176,-0.559,-0.631,-0.508,-1.201,-1.244,-0.617,-0.848,-0.619,-0.64,-0.797,-0.764,-0.675,-0.61,-0.764,9
-1.186,-0.496,-0.281,-0.345,-0.257,-0.233,-0.449,-0.305,-0.245,-0.253,-1.186,-0.332,-0.057,-0.571,-0.286,-0.539,-0.426,-0.234,-0.179,-0.049,-1.186,-0.571,-1.185,-0.389,-0.491,-0.227,-0.551,-0.627,-0.501,-1.154,-1.186,-0.557,-0.721,-0.558,-0.561,-0.711,-0.739,-0.62,-0.546,-0.724,9
-1.12,-0.581,-0.399,-0.458,-0.36,-0.364,-0.507,-0.361,-0.314,-0.358,-1.12,-0.404,-0.049,-0.643,-0.289,-0.508,-0.528,-0.273,-0.211,-0.151,-1.12,-0.599,-1.279,-0.383,-0.509,-0.237,-0.463,-0.597,-0.48,-1.079,-1.12,-0.486,-0.628,-0.541,-0.512,-0.666,-0.749,-0.592,-0.503,-0.699,9
-1.232,-0.538,-0.283,-0.389,-0.286,-0.27,-0.503,-0.34,-0.261,-0.309,-1.232,-0.356,-0.04,-0.586,-0.259,-0.524,-0.453,-0.23,-0.165,-0.037,-1.232,-0.579,-1.2,-0.398,-0.534,-0.278,-0.559,-0.65,-0.52,-1.149,-1.232,-0.566,-0.728,-0.557,-0.575,-0.707,-0.75,-0.639,-0.543,-0.724,9
-1.166,-0.337,-0.492,-0.271,-0.269,-0.355,-0.363,-0.333,-0.29,-0.493,-1.166,-0.241,-0.119,-0.527,-0.253,-0.634,-0.346,-0.168,-0.159,-0.056,-1.166,-0.561,-1.12,-0.363,-0.434,-0.19,-0.558,-0.614,-0.516,-1.204,-1.166,-0.593,-0.883,-0.612,-0.665,-0.799,-0.766,-0.692,-0.643,-0.812,9
-1.203,-0.428,-0.491,-0.317,-0.318,-0.324,-0.404,-0.365,-0.298,-0.506,-1.203,-0.291,-0.092,-0.543,-0.258,-0.599,-0.381,-0.179,-0.154,-0.067,-1.203,-0.567,-1.073,-0.367,-0.425,-0.203,-0.566,-0.6,-0.48,-1.137,-1.203,-0.578,-0.771,-0.597,-0.589,-0.751,-0.764,-0.639,-0.602,-0.77,9
-1.218,-0.527,-0.318,-0.398,-0.309,-0.293,-0.476,-0.323,-0.277,-0.303,-1.218,-0.341,-0.02,-0.63,-0.264,-0.502,-0.445,-0.21,-0.144,-0.035,-1.218,-0.611,-1.264,-0.438,-0.548,-0.259,-0.54,-0.635,-0.498,-1.081,-1.218,-0.487,-0.611,-0.529,-0.479,-0.656,-0.711,-0.54,-0.446,-0.615,9
-1.194,-0.498,-0.324,-0.388,-0.316,-0.328,-0.517,-0.346,-0.278,-0.33,-1.194,-0.308,-0.132,-0.582,-0.267,-0.605,-0.427,-0.2,-0.192,-0.095,-1.194,-0.558,-1.209,-0.408,-0.467,-0.194,-0.543,-0.609,-0.518,-1.199,-1.194,-0.543,-0.807,-0.566,-0.597,-0.768,-0.715,-0.629,-0.564,-0.714,9
-1.166,-0.501,-0.191,-0.389,-0.249,-0.223,-0.559,-0.27,-0.215,-0.236,-1.166,-0.373,0.009,-0.633,-0.243,-0.495,-0.466,-0.205,-0.162,0.027,-1.166,-0.562,-1.146,-0.369,-0.474,-0.264,-0.467,-0.586,-0.459,-1.06,-1.166,-0.568,-0.631,-0.542,-0.509,-0.662,-0.703,-0.583,-0.475,-0.638,9
-1.16,-0.484,-0.28,-0.402,-0.3,-0.255,-0.564,-0.315,-0.269,-0.257,-1.16,-0.332,-0.203,-0.576,-0.299,-0.607,-0.475,-0.245,-0.218,-0.088,-1.16,-0.536,-1.131,-0.409,-0.471,-0.247,-0.524,-0.592,-0.535,-1.187,-1.16,-0.614,-0.808,-0.578,-0.615,-0.781,-0.684,-0.641,-0.571,-0.707,9
-1.066,-0.509,-0.357,-0.419,-0.377,-0.385,-0.536,-0.391,-0.34,-0.372,-1.066,-0.364,-0.105,-0.619,-0.29,-0.553,-0.524,-0.26,-0.232,-0.156,-1.066,-0.538,-1.314,-0.371,-0.537,-0.199,-0.473,-0.614,-0.483,-1.187,-1.066,-0.477,-0.751,-0.525,-0.575,-0.76,-0.709,-0.626,-0.575,-0.763,9
-1.202,-0.586,-0.453,-0.488,-0.355,-0.372,-0.596,-0.368,-0.366,-0.439,-1.202,-0.421,-0.258,-0.594,-0.341,-0.65,-0.503,-0.307,-0.246,-0.234,-1.202,-0.543,-1.229,-0.35,-0.444,-0.143,-0.504,-0.596,-0.433,-1.149,-1.202,-0.551,-0.817,-0.602,-0.633,-0.805,-0.767,-0.66,-0.624,-0.793,9
-1.23,-0.538,-0.258,-0.425,-0.292,-0.229,-0.621,-0.324,-0.254,-0.219,-1.23,-0.366,-0.196,-0.583,-0.294,-0.605,-0.49,-0.252,-0.216,-0.108,-1.23,-0.558,-1.135,-0.388,-0.467,-0.247,-0.564,-0.638,-0.518,-1.188,-1.23,-0.632,-0.801,-0.622,-0.608,-0.76,-0.746,-0.636,-0.564,-0.709,9
-1.172,-0.531,-0.125,-0.401,-0.252,-0.212,-0.529,-0.289,-0.223,-0.169,-1.172,-0.367,-0.054,-0.607,-0.268,-0.566,-0.446,-0.227,-0.193,-0.043,-1.172,-0.562,-1.191,-0.383,-0.467,-0.23,-0.5,-0.61,-0.504,-1.147,-1.172,-0.565,-0.691,-0.58,-0.549,-0.721,-0.739,-0.603,-0.522,-0.68,9
-1.184,-0.355,-0.166,-0.279,-0.191,-0.199,-0.452,-0.217,-0.198,-0.168,-1.184,-0.27,-0.014,-0.58,-0.248,-0.55,-0.392,-0.167,-0.174,0.056,-1.184,-0.594,-1.119,-0.389,-0.485,-0.243,-0.578,-0.657,-0.517,-1.168,-1.184,-0.618,-0.644,-0.589,-0.524,-0.699,-0.702,-0.572,-0.502,-0.608,9
-1.194,-0.502,-0.383,-0.419,-0.294,-0.295,-0.515,-0.314,-0.266,-0.368,-1.194,-0.35,-0.021,-0.593,-0.275,-0.525,-0.451,-0.221,-0.171,-0.076,-1.194,-0.563,-1.216,-0.378,-0.459,-0.173,-0.514,-0.584,-0.445,-1.098,-1.194,-0.518,-0.676,-0.575,-0.545,-0.704,-0.78,-0.607,-0.544,-0.734,9
-1.2,-0.431,-0.188,-0.302,-0.217,-0.261,-0.391,-0.26,-0.242,-0.2,-1.2,-0.276,0.024,-0.598,-0.257,-0.469,-0.383,-0.19,-0.149,0.05,-1.2,-0.616,-1.228,-0.446,-0.573,-0.283,-0.568,-0.673,-0.55,-1.164,-1.2,-0.536,-0.632,-0.517,-0.491,-0.631,-0.694,-0.56,-0.437,-0.606,9
-1.187,-0.377,-0.304,-0.231,-0.242,-0.283,-0.358,-0.281,-0.227,-0.306,-1.187,-0.297,-0.01,-0.572,-0.251,-0.526,-0.334,-0.17,-0.169,0.002,-1.187,-0.608,-1.197,-0.365,-0.456,-0.152,-0.501,-0.591,-0.431,-1.065,-1.187,-0.56,-0.732,-0.574,-0.553,-0.706,-0.75,-0.615,-0.544,-0.724,9
-1.176,-0.641,-0.514,-0.531,-0.417,-0.405,-0.638,-0.431,-0.412,-0.512,-1.176,-0.46,-0.198,-0.62,-0.322,-0.589,-0.584,-0.307,-0.277,-0.234,-1.176,-0.552,-1.249,-0.357,-0.471,-0.168,-0.504,-0.62,-0.481,-1.2,-1.176,-0.576,-0.859,-0.608,-0.653,-0.816,-0.797,-0.701,-0.676,-0.887,9
-1.184,-0.449,-0.108,-0.312,-0.227,-0.228,-0.43,-0.215,-0.184,-0.093,-1.184,-0.322,0.062,-0.614,-0.257,-0.449,-0.44,-0.211,-0.146,0.031,-1.184,-0.616,-1.302,-0.435,-0.591,-0.286,-0.556,-0.676,-0.549,-1.161,-1.184,-0.486,-0.515,-0.498,-0.433,-0.596,-0.68,-0.503,-0.394,-0.54,9
-1.06,-0.553,-0.373,-0.436,-0.353,-0.368,-0.491,-0.342,-0.313,-0.343,-1.06,-0.39,-0.077,-0.641,-0.291,-0.541,-0.522,-0.277,-0.23,-0.168,-1.06,-0.563,-1.332,-0.373,-0.536,-0.233,-0.438,-0.607,-0.476,-1.113,-1.06,-0.462,-0.7,-0.522,-0.554,-0.714,-0.742,-0.624,-0.549,-0.766,9
-1.125,-0.493,-0.351,-0.402,-0.301,-0.28,-0.541,-0.346,-0.315,-0.319,-1.125,-0.331,-0.172,-0.583,-0.306,-0.636,-0.53,-0.251,-0.245,-0.136,-1.125,-0.524,-1.155,-0.422,-0.532,-0.269,-0.624,-0.673,-0.565,-1.288,-1.125,-0.606,-0.804,-0.579,-0.626,-0.809,-0.722,-0.684,-0.628,-0.789,9
-1.246,-0.579,-0.37,-0.432,-0.319,-0.324,-0.619,-0.379,-0.301,-0.375,-1.246,-0.41,-0.229,-0.594,-0.323,-0.59,-0.495,-0.292,-0.234,-0.134,-1.246,-0.597,-1.22,-0.381,-0.493,-0.186,-0.517,-0.629,-0.472,-1.17,-1.246,-0.602,-0.808,-0.571,-0.597,-0.742,-0.716,-0.64,-0.557,-0.716,9
-1.167,-0.491,-0.325,-0.37,-0.294,-0.273,-0.496,-0.308,-0.26,-0.303,-1.167,-0.36,-0.12,-0.581,-0.294,-0.572,-0.465,-0.243,-0.213,-0.122,-1.167,-0.556,-1.219,-0.384,-0.491,-0.219,-0.508,-0.607,-0.493,-1.163,-1.167,-0.541,-0.77,-0.572,-0.589,-0.766,-0.732,-0.635,-0.583,-0.735,9
-0.892,-0.401,-0.454,-0.332,-0.274,-0.343,-0.499,-0.355,-0.351,-0.452,-0.892,-0.251,-0.287,-0.538,-0.337,-0.71,-0.583,-0.293,-0.278,-0.263,-0.892,-0.406,-1.098,-0.342,-0.51,-0.332,-0.559,-0.661,-0.622,-1.384,-0.892,-0.515,-0.863,-0.532,-0.664,-0.873,-0.66,-0.716,-0.686,-0.853,9
-1.222,-0.417,-0.428,-0.313,-0.299,-0.376,-0.415,-0.311,-0.288,-0.42,-1.222,-0.265,-0.137,-0.539,-0.258,-0.635,-0.341,-0.176,-0.169,-0.069,-1.222,-0.552,-1.12,-0.359,-0.401,-0.164,-0.55,-0.599,-0.508,-1.212,-1.222,-0.608,-0.856,-0.622,-0.646,-0.8,-0.762,-0.673,-0.614,-0.768,9
-1.172,-0.456,-0.173,-0.332,-0.228,-0.184,-0.49,-0.232,-0.188,-0.177,-1.172,-0.336,-0.016,-0.601,-0.233,-0.513,-0.428,-0.177,-0.163,0.029,-1.172,-0.548,-1.155,-0.365,-0.433,-0.161,-0.494,-0.57,-0.421,-1.081,-1.172,-0.58,-0.668,-0.547,-0.519,-0.694,-0.691,-0.583,-0.503,-0.65,9
-1.223,-0.418,-0.485,-0.309,-0.314,-0.328,-0.415,-0.381,-0.305,-0.5,-1.223,-0.301,-0.129,-0.54,-0.277,-0.612,-0.404,-0.197,-0.172,-0.085,-1.223,-0.569,-1.056,-0.364,-0.428,-0.211,-0.577,-0.603,-0.478,-1.134,-1.223,-0.593,-0.816,-0.605,-0.62,-0.777,-0.775,-0.669,-0.625,-0.791,9
-1.181,-0.531,-0.221,-0.427,-0.293,-0.241,-0.589,-0.327,-0.256,-0.23,-1.181,-0.373,-0.143,-0.597,-0.28,-0.592,-0.473,-0.234,-0.221,-0.084,-1.181,-0.549,-1.153,-0.399,-0.438,-0.217,-0.511,-0.577,-0.508,-1.162,-1.181,-0.611,-0.735,-0.607,-0.57,-0.744,-0.728,-0.608,-0.539,-0.676,9
-1.176,-0.414,-0.322,-0.284,-0.249,-0.325,-0.416,-0.293,-0.256,-0.324,-1.176,-0.32,-0.055,-0.596,-0.244,-0.564,-0.372,-0.167,-0.164,-0.007,-1.176,-0.585,-1.183,-0.337,-0.446,-0.164,-0.468,-0.601,-0.431,-1.088,-1.176,-0.57,-0.766,-0.564,-0.577,-0.744,-0.725,-0.627,-0.567,-0.737,9
-1.161,-0.444,-0.326,-0.332,-0.256,-0.285,-0.471,-0.32,-0.243,-0.327,-1.161,-0.331,-0.049,-0.593,-0.269,-0.51,-0.434,-0.225,-0.179,-0.024,-1.161,-0.591,-1.225,-0.402,-0.492,-0.22,-0.51,-0.603,-0.487,-1.12,-1.161,-0.53,-0.672,-0.531,-0.521,-0.673,-0.712,-0.588,-0.5,-0.672,9
-1.195,-0.438,-0.443,-0.332,-0.303,-0.364,-0.465,-0.36,-0.304,-0.458,-1.195,-0.281,-0.14,-0.53,-0.269,-0.632,-0.433,-0.212,-0.196,-0.107,-1.195,-0.515,-1.046,-0.338,-0.399,-0.195,-0.572,-0.605,-0.505,-1.214,-1.195,-0.58,-0.822,-0.603,-0.625,-0.81,-0.762,-0.662,-0.645,-0.809,9
-1.105,-0.52,-0.416,-0.441,-0.372,-0.386,-0.563,-0.378,-0.323,-0.388,-1.105,-0.396,-0.13,-0.621,-0.289,-0.571,-0.533,-0.257,-0.233,-0.167,-1.105,-0.549,-1.279,-0.344,-0.494,-0.196,-0.452,-0.609,-0.466,-1.136,-1.105,-0.503,-0.768,-0.546,-0.578,-0.754,-0.702,-0.61,-0.565,-0.739,9
-1.19,-0.43,-0.243,-0.297,-0.208,-0.26,-0.437,-0.281,-0.219,-0.213,-1.19,-0.306,-0.046,-0.586,-0.254,-0.532,-0.394,-0.195,-0.152,-0.007,-1.19,-0.556,-1.181,-0.382,-0.492,-0.237,-0.505,-0.602,-0.483,-1.102,-1.19,-0.526,-0.675,-0.52,-0.52,-0.698,-0.689,-0.571,-0.488,-0.654,9
-1.259,-0.444,-0.224,-0.335,-0.247,-0.258,-0.435,-0.236,-0.193,-0.225,-1.259,-0.335,-0.02,-0.575,-0.263,-0.534,-0.42,-0.22,-0.16,-0.059,-1.259,-0.659,-1.199,-0.46,-0.512,-0.234,-0.621,-0.634,-0.496,-1.098,-1.259,-0.524,-0.534,-0.573,-0.472,-0.624,-0.752,-0.526,-0.444,-0.573,9
-1.102,-0.465,-0.4,-0.384,-0.33,-0.339,-0.541,-0.37,-0.323,-0.437,-1.102,-0.335,-0.088,-0.585,-0.262,-0.547,-0.473,-0.228,-0.186,-0.118,-1.102,-0.531,-1.265,-0.366,-0.478,-0.18,-0.445,-0.587,-0.487,-1.17,-1.102,-0.529,-0.756,-0.564,-0.583,-0.737,-0.747,-0.644,-0.581,-0.777,9
-1.143,-0.403,-0.298,-0.278,-0.287,-0.321,-0.4,-0.313,-0.231,-0.299,-1.143,-0.297,0.011,-0.601,-0.266,-0.51,-0.366,-0.181,-0.178,0.012,-1.143,-0.618,-1.232,-0.373,-0.489,-0.184,-0.499,-0.622,-0.464,-1.081,-1.143,-0.534,-0.646,-0.546,-0.503,-0.668,-0.725,-0.574,-0.495,-0.669,9
-1.2,-0.568,-0.405,-0.456,-0.372,-0.371,-0.602,-0.398,-0.334,-0.409,-1.2,-0.402,-0.231,-0.606,-0.308,-0.632,-0.501,-0.264,-0.216,-0.17,-1.2,-0.553,-1.245,-0.332,-0.443,-0.135,-0.458,-0.604,-0.462,-1.204,-1.2,-0.567,-0.846,-0.56,-0.612,-0.766,-0.709,-0.641,-0.584,-0.752,9
-1.158,-0.536,-0.516,-0.447,-0.387,-0.383,-0.52,-0.376,-0.345,-0.509,-1.158,-0.378,-0.221,-0.598,-0.307,-0.604,-0.51,-0.269,-0.222,-0.206,-1.158,-0.565,-1.24,-0.39,-0.513,-0.257,-0.499,-0.585,-0.493,-1.14,-1.158,-0.537,-0.812,-0.549,-0.6,-0.753,-0.736,-0.657,-0.607,-0.812,9
-1.143,-0.432,-0.224,-0.341,-0.253,-0.229,-0.514,-0.276,-0.242,-0.269,-1.143,-0.315,0.018,-0.603,-0.245,-0.521,-0.417,-0.178,-0.151,0.02,-1.143,-0.51,-1.117,-0.352,-0.445,-0.206,-0.47,-0.529,-0.413,-1.013,-1.143,-0.533,-0.605,-0.54,-0.493,-0.669,-0.7,-0.559,-0.47,-0.615,9
-1.163,-0.477,-0.344,-0.359,-0.309,-0.322,-0.436,-0.33,-0.29,-0.337,-1.163,-0.338,-0.043,-0.603,-0.281,-0.52,-0.443,-0.231,-0.175,-0.062,-1.163,-0.595,-1.255,-0.395,-0.525,-0.233,-0.518,-0.637,-0.498,-1.124,-1.163,-0.489,-0.723,-0.533,-0.551,-0.714,-0.715,-0.595,-0.525,-0.709,9
-1.183,-0.507,-0.351,-0.396,-0.323,-0.333,-0.52,-0.324,-0.272,-0.375,-1.183,-0.339,-0.147,-0.6,-0.291,-0.628,-0.459,-0.23,-0.215,-0.107,-1.183,-0.565,-1.195,-0.39,-0.493,-0.223,-0.544,-0.615,-0.492,-1.183,-1.183,-0.611,-0.884,-0.614,-0.661,-0.816,-0.778,-0.703,-0.656,-0.835,9
-1.196,-0.545,-0.451,-0.405,-0.337,-0.372,-0.529,-0.361,-0.322,-0.433,-1.196,-0.353,-0.191,-0.556,-0.302,-0.609,-0.448,-0.26,-0.214,-0.133,-1.196,-0.534,-1.16,-0.352,-0.451,-0.179,-0.515,-0.598,-0.485,-1.2,-1.196,-0.625,-0.926,-0.623,-0.696,-0.826,-0.793,-0.732,-0.692,-0.885,9
-1.153,-0.589,-0.577,-0.491,-0.424,-0.406,-0.59,-0.422,-0.393,-0.565,-1.153,-0.395,-0.233,-0.597,-0.32,-0.616,-0.551,-0.288,-0.257,-0.26,-1.153,-0.547,-1.186,-0.381,-0.484,-0.247,-0.507,-0.577,-0.472,-1.088,-1.153,-0.545,-0.73,-0.574,-0.554,-0.716,-0.766,-0.616,-0.578,-0.771,9
-1.221,-0.543,-0.235,-0.389,-0.265,-0.237,-0.545,-0.313,-0.256,-0.235,-1.221,-0.347,-0.133,-0.625,-0.304,-0.581,-0.481,-0.243,-0.205,-0.073,-1.221,-0.573,-1.229,-0.413,-0.524,-0.226,-0.562,-0.644,-0.481,-1.15,-1.221,-0.568,-0.789,-0.578,-0.597,-0.76,-0.743,-0.644,-0.558,-0.727,9
-1.219,-0.456,-0.462,-0.328,-0.32,-0.337,-0.468,-0.366,-0.264,-0.469,-1.219,-0.31,-0.12,-0.549,-0.277,-0.601,-0.411,-0.2,-0.173,-0.082,-1.219,-0.588,-1.097,-0.407,-0.451,-0.233,-0.586,-0.609,-0.5,-1.134,-1.219,-0.587,-0.793,-0.616,-0.615,-0.767,-0.774,-0.639,-0.593,-0.744,9
-1.193,-0.451,-0.371,-0.329,-0.301,-0.343,-0.459,-0.344,-0.294,-0.368,-1.193,-0.34,-0.068,-0.612,-0.257,-0.573,-0.406,-0.191,-0.176,-0.044,-1.193,-0.614,-1.199,-0.343,-0.459,-0.182,-0.481,-0.614,-0.432,-1.061,-1.193,-0.569,-0.751,-0.568,-0.569,-0.748,-0.733,-0.623,-0.573,-0.744,9
-1.242,-0.494,-0.139,-0.362,-0.226,-0.182,-0.5,-0.257,-0.174,-0.188,-1.242,-0.346,-0.018,-0.603,-0.259,-0.523,-0.414,-0.196,-0.165,0.009,-1.242,-0.582,-1.124,-0.345,-0.441,-0.169,-0.514,-0.596,-0.409,-1.045,-1.242,-0.578,-0.602,-0.585,-0.485,-0.679,-0.733,-0.546,-0.458,-0.585,9
-1.138,-0.481,-0.372,-0.374,-0.272,-0.321,-0.458,-0.308,-0.282,-0.367,-1.138,-0.318,-0.033,-0.595,-0.247,-0.56,-0.433,-0.203,-0.17,-0.077,-1.138,-0.527,-1.233,-0.329,-0.462,-0.172,-0.47,-0.585,-0.431,-1.105,-1.138,-0.513,-0.72,-0.563,-0.579,-0.734,-0.771,-0.641,-0.575,-0.774,9
-1.071,-0.436,-0.345,-0.323,-0.3,-0.371,-0.399,-0.316,-0.307,-0.35,-1.071,-0.299,0.025,-0.615,-0.244,-0.548,-0.414,-0.197,-0.168,-0.069,-1.071,-0.55,-1.289,-0.3,-0.5,-0.177,-0.413,-0.605,-0.403,-1.039,-1.071,-0.453,-0.644,-0.503,-0.519,-0.703,-0.725,-0.597,-0.529,-0.734,9
-1.177,-0.559,-0.463,-0.443,-0.371,-0.363,-0.558,-0.387,-0.36,-0.446,-1.177,-0.401,-0.161,-0.616,-0.311,-0.589,-0.504,-0.263,-0.237,-0.159,-1.177,-0.537,-1.258,-0.368,-0.464,-0.142,-0.493,-0.59,-0.472,-1.209,-1.177,-0.579,-0.879,-0.602,-0.658,-0.803,-0.785,-0.701,-0.664,-0.873,9
-1.135,-0.482,-0.397,-0.368,-0.33,-0.372,-0.505,-0.373,-0.315,-0.353,-1.135,-0.339,-0.136,-0.605,-0.288,-0.59,-0.487,-0.239,-0.205,-0.124,-1.135,-0.542,-1.24,-0.36,-0.486,-0.191,-0.488,-0.627,-0.501,-1.198,-1.135,-0.512,-0.8,-0.543,-0.596,-0.765,-0.699,-0.628,-0.565,-0.732,9
-1.097,-0.464,-0.276,-0.382,-0.293,-0.271,-0.551,-0.323,-0.313,-0.264,-1.097,-0.276,-0.147,-0.57,-0.27,-0.603,-0.507,-0.223,-0.195,-0.072,-1.097,-0.46,-1.115,-0.391,-0.482,-0.241,-0.57,-0.619,-0.551,-1.302,-1.097,-0.584,-0.776,-0.565,-0.594,-0.785,-0.685,-0.638,-0.571,-0.716,9
-1.126,-0.507,-0.42,-0.426,-0.371,-0.375,-0.56,-0.376,-0.316,-0.391,-1.126,-0.386,-0.132,-0.611,-0.293,-0.57,-0.518,-0.259,-0.229,-0.166,-1.126,-0.552,-1.27,-0.347,-0.483,-0.178,-0.46,-0.601,-0.461,-1.14,-1.126,-0.522,-0.772,-0.561,-0.579,-0.751,-0.719,-0.614,-0.569,-0.748,9
-1.229,-0.324,-0.181,-0.232,-0.224,-0.194,-0.353,-0.212,-0.163,-0.183,-1.229,-0.228,0.085,-0.604,-0.213,-0.483,-0.281,-0.12,-0.134,0.153,-1.229,-0.67,-1.135,-0.443,-0.501,-0.253,-0.598,-0.651,-0.513,-1.087,-1.229,-0.606,-0.595,-0.545,-0.477,-0.634,-0.683,-0.547,-0.433,-0.548,9
-1.18,-0.499,-0.337,-0.37,-0.284,-0.264,-0.499,-0.331,-0.249,-0.356,-1.18,-0.347,-0.049,-0.613,-0.273,-0.521,-0.462,-0.224,-0.179,-0.051,-1.18,-0.592,-1.24,-0.423,-0.501,-0.22,-0.527,-0.605,-0.491,-1.138,-1.18,-0.536,-0.679,-0.545,-0.527,-0.685,-0.726,-0.598,-0.513,-0.692,9
-1.121,-0.473,-0.371,-0.368,-0.319,-0.374,-0.501,-0.321,-0.316,-0.375,-1.121,-0.349,-0.042,-0.599,-0.244,-0.556,-0.454,-0.208,-0.194,-0.085,-1.121,-0.54,-1.246,-0.322,-0.476,-0.183,-0.436,-0.583,-0.408,-1.088,-1.121,-0.529,-0.751,-0.577,-0.582,-0.755,-0.748,-0.633,-0.591,-0.776,9
-1.213,-0.399,-0.299,-0.295,-0.253,-0.29,-0.393,-0.294,-0.23,-0.279,-1.213,-0.265,-0.017,-0.562,-0.259,-0.559,-0.339,-0.171,-0.165,0.008,-1.213,-0.6,-1.193,-0.412,-0.49,-0.208,-0.582,-0.662,-0.521,-1.172,-1.213,-0.574,-0.709,-0.596,-0.564,-0.716,-0.765,-0.621,-0.533,-0.681,9
-1.06,-0.486,-0.395,-0.392,-0.347,-0.393,-0.505,-0.344,-0.319,-0.375,-1.06,-0.361,-0.102,-0.618,-0.281,-0.574,-0.515,-0.252,-0.237,-0.153,-1.06,-0.51,-1.283,-0.34,-0.515,-0.205,-0.452,-0.601,-0.462,-1.163,-1.06,-0.482,-0.757,-0.517,-0.573,-0.747,-0.683,-0.612,-0.555,-0.741,9
-1.252,-0.413,-0.276,-0.296,-0.249,-0.254,-0.4,-0.236,-0.192,-0.27,-1.252,-0.318,-0.02,-0.569,-0.258,-0.539,-0.383,-0.198,-0.15,-0.032,-1.252,-0.659,-1.192,-0.453,-0.517,-0.256,-0.609,-0.643,-0.512,-1.1,-1.252,-0.544,-0.579,-0.583,-0.506,-0.656,-0.763,-0.549,-0.481,-0.607,9
-1.229,-0.445,-0.466,-0.314,-0.32,-0.343,-0.458,-0.381,-0.277,-0.482,-1.229,-0.304,-0.143,-0.537,-0.286,-0.605,-0.415,-0.216,-0.185,-0.1,-1.229,-0.569,-1.066,-0.371,-0.411,-0.2,-0.576,-0.598,-0.489,-1.151,-1.229,-0.588,-0.782,-0.61,-0.597,-0.76,-0.763,-0.63,-0.587,-0.732,9
-1.25,-0.452,-0.357,-0.341,-0.277,-0.337,-0.47,-0.305,-0.269,-0.327,-1.25,-0.327,-0.137,-0.575,-0.275,-0.608,-0.416,-0.215,-0.196,-0.084,-1.25,-0.629,-1.193,-0.408,-0.498,-0.233,-0.588,-0.681,-0.532,-1.182,-1.25,-0.61,-0.797,-0.605,-0.609,-0.778,-0.752,-0.65,-0.588,-0.742,9
-1.227,-0.479,-0.476,-0.336,-0.276,-0.307,-0.434,-0.349,-0.286,-0.474,-1.227,-0.307,-0.076,-0.548,-0.291,-0.596,-0.375,-0.194,-0.181,-0.053,-1.227,-0.566,-1.017,-0.36,-0.375,-0.193,-0.559,-0.582,-0.474,-1.094,-1.227,-0.567,-0.731,-0.59,-0.576,-0.744,-0.773,-0.634,-0.591,-0.744,9
-1.176,-0.488,-0.117,-0.37,-0.225,-0.236,-0.477,-0.236,-0.199,-0.113,-1.176,-0.343,0.006,-0.61,-0.254,-0.495,-0.455,-0.214,-0.146,-0.022,-1.176,-0.581,-1.272,-0.415,-0.555,-0.267,-0.529,-0.634,-0.52,-1.134,-1.176,-0.485,-0.538,-0.511,-0.439,-0.624,-0.685,-0.505,-0.411,-0.557,9
-1.144,-0.478,-0.324,-0.406,-0.304,-0.309,-0.558,-0.317,-0.267,-0.317,-1.144,-0.327,-0.002,-0.58,-0.247,-0.53,-0.464,-0.204,-0.157,-0.053,-1.144,-0.471,-1.129,-0.305,-0.437,-0.173,-0.473,-0.546,-0.381,-1.036,-1.144,-0.513,-0.617,-0.56,-0.514,-0.69,-0.752,-0.584,-0.517,-0.68,9
-1.155,-0.421,-0.292,-0.29,-0.253,-0.308,-0.406,-0.287,-0.229,-0.273,-1.155,-0.301,0.02,-0.607,-0.237,-0.498,-0.375,-0.166,-0.146,0.026,-1.155,-0.6,-1.207,-0.373,-0.474,-0.198,-0.474,-0.589,-0.463,-1.088,-1.155,-0.514,-0.637,-0.506,-0.493,-0.668,-0.675,-0.555,-0.471,-0.639,9
-1.278,-0.454,-0.483,-0.321,-0.302,-0.289,-0.437,-0.336,-0.256,-0.492,-1.278,-0.336,-0.136,-0.555,-0.289,-0.605,-0.386,-0.207,-0.18,-0.059,-1.278,-0.628,-1.071,-0.41,-0.446,-0.246,-0.619,-0.63,-0.495,-1.097,-1.278,-0.633,-0.827,-0.638,-0.631,-0.781,-0.796,-0.669,-0.618,-0.768,9
-1.124,-0.585,-0.36,-0.472,-0.362,-0.369,-0.529,-0.369,-0.34,-0.337,-1.124,-0.379,-0.058,-0.634,-0.286,-0.511,-0.518,-0.268,-0.207,-0.136,-1.124,-0.542,-1.284,-0.353,-0.496,-0.205,-0.443,-0.597,-0.468,-1.104,-1.124,-0.486,-0.626,-0.538,-0.503,-0.658,-0.742,-0.59,-0.503,-0.7,9
-1.228,-0.488,-0.252,-0.35,-0.276,-0.237,-0.467,-0.32,-0.244,-0.241,-1.228,-0.318,-0.078,-0.581,-0.291,-0.545,-0.425,-0.232,-0.179,-0.028,-1.228,-0.588,-1.225,-0.419,-0.539,-0.248,-0.569,-0.646,-0.519,-1.193,-1.228,-0.592,-0.773,-0.56,-0.594,-0.722,-0.74,-0.652,-0.548,-0.725,9
-1.145,-0.474,-0.319,-0.364,-0.283,-0.289,-0.477,-0.302,-0.252,-0.323,-1.145,-0.34,-0.069,-0.581,-0.275,-0.555,-0.453,-0.225,-0.2,-0.093,-1.145,-0.553,-1.241,-0.368,-0.501,-0.215,-0.487,-0.619,-0.5,-1.169,-1.145,-0.521,-0.726,-0.547,-0.563,-0.734,-0.721,-0.618,-0.553,-0.713,9
-1.04,-0.403,-0.508,-0.314,-0.343,-0.36,-0.487,-0.402,-0.331,-0.494,-1.04,-0.253,-0.309,-0.512,-0.335,-0.713,-0.474,-0.29,-0.258,-0.219,-1.04,-0.454,-1.032,-0.351,-0.443,-0.265,-0.573,-0.624,-0.586,-1.362,-1.04,-0.583,-0.899,-0.599,-0.697,-0.878,-0.715,-0.722,-0.672,-0.822,9
-1.202,-0.499,-0.239,-0.354,-0.246,-0.197,-0.492,-0.242,-0.193,-0.262,-1.202,-0.356,-0.013,-0.639,-0.243,-0.506,-0.428,-0.185,-0.173,0.042,-1.202,-0.594,-1.137,-0.402,-0.499,-0.278,-0.505,-0.598,-0.47,-1.04,-1.202,-0.593,-0.648,-0.567,-0.518,-0.693,-0.708,-0.577,-0.484,-0.617,9
-0.889,-0.373,-0.453,-0.308,-0.29,-0.319,-0.477,-0.364,-0.339,-0.434,-0.889,-0.195,-0.256,-0.523,-0.314,-0.701,-0.529,-0.257,-0.249,-0.211,-0.889,-0.38,-1.092,-0.33,-0.48,-0.305,-0.529,-0.636,-0.627,-1.409,-0.889,-0.516,-0.887,-0.536,-0.689,-0.884,-0.658,-0.732,-0.695,-0.853,9
-1.15,-0.396,-0.179,-0.26,-0.221,-0.306,-0.373,-0.265,-0.222,-0.201,-1.15,-0.284,0.067,-0.605,-0.245,-0.473,-0.357,-0.186,-0.154,0.045,-1.15,-0.629,-1.266,-0.407,-0.543,-0.242,-0.508,-0.65,-0.503,-1.104,-1.15,-0.524,-0.571,-0.527,-0.469,-0.647,-0.716,-0.554,-0.452,-0.619,9
-1.142,-0.34,-0.494,-0.307,-0.29,-0.386,-0.441,-0.335,-0.301,-0.492,-1.142,-0.284,-0.183,-0.549,-0.31,-0.659,-0.403,-0.214,-0.198,-0.114,-1.142,-0.568,-1.169,-0.382,-0.476,-0.227,-0.571,-0.654,-0.553,-1.236,-1.142,-0.614,-0.882,-0.625,-0.656,-0.82,-0.754,-0.693,-0.659,-0.821,9
-1.002,-0.398,-0.419,-0.35,-0.306,-0.381,-0.518,-0.35,-0.356,-0.424,-1.002,-0.219,-0.262,-0.524,-0.303,-0.708,-0.466,-0.241,-0.234,-0.169,-1.002,-0.394,-1.048,-0.295,-0.421,-0.256,-0.529,-0.615,-0.574,-1.32,-1.002,-0.549,-0.905,-0.557,-0.692,-0.862,-0.68,-0.725,-0.67,-0.831,9
-1.153,-0.385,-0.264,-0.305,-0.223,-0.27,-0.413,-0.227,-0.208,-0.276,-1.153,-0.294,0.004,-0.567,-0.23,-0.53,-0.395,-0.171,-0.129,-0.039,-1.153,-0.572,-1.201,-0.379,-0.478,-0.222,-0.504,-0.594,-0.464,-1.068,-1.153,-0.467,-0.631,-0.528,-0.525,-0.695,-0.716,-0.566,-0.508,-0.686,9
-1.207,-0.417,-0.426,-0.327,-0.289,-0.354,-0.474,-0.347,-0.289,-0.438,-1.207,-0.261,-0.162,-0.525,-0.271,-0.645,-0.408,-0.205,-0.193,-0.105,-1.207,-0.518,-1.029,-0.336,-0.385,-0.19,-0.569,-0.59,-0.492,-1.184,-1.207,-0.584,-0.823,-0.61,-0.625,-0.805,-0.752,-0.655,-0.63,-0.775,9
-1.267,-0.596,-0.35,-0.452,-0.322,-0.335,-0.644,-0.386,-0.316,-0.343,-1.267,-0.415,-0.263,-0.607,-0.336,-0.615,-0.506,-0.299,-0.244,-0.152,-1.267,-0.592,-1.196,-0.412,-0.469,-0.202,-0.533,-0.598,-0.473,-1.139,-1.267,-0.623,-0.812,-0.603,-0.607,-0.764,-0.741,-0.642,-0.566,-0.718,9
-1.158,-0.481,-0.344,-0.377,-0.286,-0.351,-0.511,-0.326,-0.29,-0.335,-1.158,-0.389,-0.125,-0.615,-0.303,-0.576,-0.492,-0.267,-0.229,-0.134,-1.158,-0.614,-1.258,-0.391,-0.532,-0.27,-0.491,-0.63,-0.485,-1.077,-1.158,-0.539,-0.706,-0.556,-0.55,-0.723,-0.732,-0.611,-0.555,-0.732,9
-1.196,-0.429,-0.265,-0.315,-0.219,-0.25,-0.448,-0.261,-0.222,-0.266,-1.196,-0.318,-0.046,-0.558,-0.246,-0.552,-0.415,-0.209,-0.166,-0.063,-1.196,-0.569,-1.155,-0.381,-0.466,-0.219,-0.532,-0.595,-0.46,-1.06,-1.196,-0.491,-0.592,-0.535,-0.504,-0.689,-0.726,-0.555,-0.495,-0.64,9
-1.282,-0.483,-0.287,-0.309,-0.277,-0.281,-0.464,-0.277,-0.222,-0.288,-1.282,-0.337,-0.107,-0.618,-0.292,-0.561,-0.397,-0.203,-0.186,-0.021,-1.282,-0.618,-1.148,-0.418,-0.482,-0.213,-0.567,-0.622,-0.489,-1.104,-1.282,-0.619,-0.756,-0.577,-0.566,-0.714,-0.717,-0.612,-0.5,-0.657,9
-1.202,-0.545,-0.35,-0.409,-0.308,-0.306,-0.56,-0.349,-0.302,-0.355,-1.202,-0.347,-0.171,-0.595,-0.298,-0.604,-0.465,-0.239,-0.221,-0.081,-1.202,-0.546,-1.198,-0.387,-0.491,-0.225,-0.542,-0.632,-0.513,-1.219,-1.202,-0.611,-0.864,-0.595,-0.637,-0.789,-0.742,-0.677,-0.61,-0.778,9
-1.256,-0.473,-0.134,-0.315,-0.216,-0.236,-0.459,-0.222,-0.194,-0.145,-1.256,-0.332,-0.025,-0.61,-0.268,-0.529,-0.38,-0.182,-0.16,0.033,-1.256,-0.626,-1.152,-0.415,-0.462,-0.205,-0.564,-0.616,-0.478,-1.079,-1.256,-0.588,-0.642,-0.56,-0.513,-0.69,-0.712,-0.574,-0.464,-0.592,9
-1.14,-0.538,-0.364,-0.419,-0.351,-0.377,-0.499,-0.377,-0.344,-0.377,-1.14,-0.364,-0.061,-0.628,-0.28,-0.517,-0.493,-0.255,-0.203,-0.092,-1.14,-0.583,-1.288,-0.393,-0.514,-0.225,-0.476,-0.621,-0.506,-1.139,-1.14,-0.513,-0.708,-0.541,-0.543,-0.696,-0.739,-0.616,-0.53,-0.727,9
-0.982,-0.392,-0.516,-0.353,-0.334,-0.404,-0.504,-0.395,-0.372,-0.492,-0.982,-0.221,-0.258,-0.513,-0.305,-0.707,-0.469,-0.244,-0.236,-0.172,-0.982,-0.407,-1.024,-0.287,-0.393,-0.232,-0.495,-0.584,-0.547,-1.292,-0.982,-0.558,-0.904,-0.582,-0.684,-0.872,-0.693,-0.71,-0.679,-0.825,9
-1.299,-0.416,-0.439,-0.294,-0.306,-0.311,-0.415,-0.314,-0.245,-0.43,-1.299,-0.327,-0.14,-0.559,-0.279,-0.62,-0.378,-0.203,-0.188,-0.063,-1.299,-0.63,-1.067,-0.393,-0.433,-0.213,-0.621,-0.633,-0.492,-1.117,-1.299,-0.648,-0.837,-0.629,-0.63,-0.787,-0.774,-0.668,-0.614,-0.763,9
-1.058,-0.484,-0.427,-0.428,-0.377,-0.371,-0.463,-0.34,-0.304,-0.395,-1.058,-0.331,0.02,-0.581,-0.256,-0.481,-0.486,-0.235,-0.18,-0.116,-1.058,-0.558,-1.29,-0.347,-0.497,-0.21,-0.424,-0.573,-0.461,-1.084,-1.058,-0.438,-0.581,-0.52,-0.485,-0.653,-0.726,-0.563,-0.503,-0.697,9
-1.247,-0.412,-0.454,-0.286,-0.277,-0.263,-0.415,-0.32,-0.216,-0.452,-1.247,-0.29,-0.028,-0.551,-0.242,-0.55,-0.348,-0.156,-0.141,0.016,-1.247,-0.6,-1.129,-0.386,-0.43,-0.193,-0.558,-0.596,-0.471,-1.106,-1.247,-0.569,-0.756,-0.595,-0.588,-0.755,-0.758,-0.617,-0.575,-0.724,9
-1.165,-0.483,-0.209,-0.355,-0.232,-0.179,-0.52,-0.228,-0.201,-0.226,-1.165,-0.358,-0.02,-0.632,-0.251,-0.504,-0.455,-0.197,-0.176,0.035,-1.165,-0.572,-1.155,-0.4,-0.498,-0.261,-0.496,-0.598,-0.479,-1.086,-1.165,-0.583,-0.654,-0.541,-0.518,-0.685,-0.687,-0.585,-0.478,-0.624,9
-1.168,-0.503,-0.347,-0.384,-0.311,-0.292,-0.486,-0.319,-0.264,-0.305,-1.168,-0.361,-0.088,-0.604,-0.286,-0.529,-0.476,-0.251,-0.193,-0.105,-1.168,-0.583,-1.245,-0.381,-0.506,-0.216,-0.499,-0.613,-0.493,-1.136,-1.168,-0.511,-0.699,-0.54,-0.534,-0.699,-0.708,-0.583,-0.507,-0.677,9
-0.178,-0.269,-0.308,-0.049,-0.08,-0.017,-0.163,-0.146,-0.077,-0.244,-0.178,-0.213,0.016,-0.411,-0.255,-0.39,-0.603,-0.364,-0.374,-0.368,-0.178,-0.165,-0.393,-0.102,-0.223,-0.144,-0.189,-0.251,-0.238,-0.507,-0.178,-0.09,0.253,-0.303,-0.076,-0.123,-0.545,-0.239,-0.207,-0.105,10
-1.059,-0.449,-0.603,-0.223,-0.257,-0.1,-0.512,-0.366,-0.213,-0.629,-1.059,-0.59,-0.243,-0.589,-0.371,-0.474,-0.739,-0.428,-0.411,-0.392,-1.059,-0.608,-0.589,-0.422,-0.336,-0.243,-0.563,-0.384,-0.292,-0.56,-1.059,-0.53,-0.222,-0.527,-0.315,-0.454,-0.62,-0.362,-0.35,-0.292,10
-0.489,-0.296,-0.401,0.048,-0.065,0.037,-0.088,-0.152,0.037,-0.19,-0.489,-0.351,-0.121,-0.423,-0.289,-0.439,-0.532,-0.34,-0.314,-0.294,-0.489,-0.266,-0.296,-0.17,-0.177,-0.067,-0.257,-0.172,-0.108,-0.241,-0.489,-0.044,0.034,-0.165,-0.095,-0.299,-0.387,-0.183,-0.197,-0.186,10
-0.88,-0.379,-0.397,-0.168,-0.151,-0.013,-0.413,-0.231,-0.077,-0.385,-0.88,-0.507,-0.202,-0.505,-0.306,-0.408,-0.656,-0.377,-0.353,-0.374,-0.88,-0.585,-0.621,-0.459,-0.422,-0.336,-0.552,-0.439,-0.376,-0.572,-0.88,-0.468,-0.284,-0.515,-0.328,-0.459,-0.682,-0.421,-0.399,-0.458,10
-1.1,-0.493,-0.476,-0.236,-0.195,-0.062,-0.513,-0.326,-0.152,-0.478,-1.1,-0.572,-0.233,-0.57,-0.367,-0.488,-0.696,-0.4,-0.373,-0.313,-1.1,-0.656,-0.619,-0.469,-0.37,-0.271,-0.631,-0.459,-0.356,-0.578,-1.1,-0.593,-0.289,-0.589,-0.346,-0.454,-0.727,-0.42,-0.392,-0.396,10
-0.95,-0.406,-0.346,-0.228,-0.139,-0.099,-0.508,-0.263,-0.156,-0.433,-0.95,-0.552,-0.372,-0.547,-0.422,-0.516,-0.72,-0.501,-0.491,-0.534,-0.95,-0.581,-0.623,-0.403,-0.36,-0.322,-0.542,-0.416,-0.359,-0.641,-0.95,-0.493,-0.312,-0.498,-0.353,-0.485,-0.634,-0.404,-0.417,-0.465,10
-0.74,-0.379,-0.288,-0.255,-0.195,-0.155,-0.43,-0.274,-0.174,-0.289,-0.74,-0.509,-0.327,-0.546,-0.422,-0.483,-0.713,-0.523,-0.496,-0.521,-0.74,-0.452,-0.661,-0.296,-0.375,-0.286,-0.393,-0.37,-0.297,-0.56,-0.74,-0.425,-0.413,-0.457,-0.448,-0.562,-0.615,-0.528,-0.531,-0.573,10
-1.154,-0.681,-0.591,-0.383,-0.305,-0.104,-0.595,-0.466,-0.254,-0.546,-1.154,-0.741,-0.418,-0.716,-0.516,-0.538,-0.866,-0.598,-0.528,-0.528,-1.154,-0.735,-0.725,-0.602,-0.499,-0.372,-0.766,-0.59,-0.505,-0.792,-1.154,-0.594,-0.389,-0.591,-0.381,-0.522,-0.765,-0.459,-0.422,-0.461,10
-1.008,-0.447,-0.393,-0.253,-0.179,-0.037,-0.533,-0.316,-0.14,-0.478,-1.008,-0.579,-0.226,-0.576,-0.349,-0.382,-0.752,-0.444,-0.392,-0.362,-1.008,-0.645,-0.571,-0.49,-0.345,-0.247,-0.622,-0.434,-0.358,-0.567,-1.008,-0.567,-0.339,-0.563,-0.391,-0.504,-0.689,-0.462,-0.41,-0.421,10
-1.151,-0.579,-0.533,-0.355,-0.27,-0.153,-0.567,-0.373,-0.26,-0.525,-1.151,-0.678,-0.366,-0.646,-0.433,-0.492,-0.805,-0.519,-0.475,-0.463,-1.151,-0.684,-0.633,-0.516,-0.408,-0.299,-0.681,-0.49,-0.411,-0.702,-1.151,-0.591,-0.263,-0.588,-0.341,-0.483,-0.73,-0.391,-0.376,-0.362,10
-1.117,-0.482,-0.304,-0.225,-0.149,-0.106,-0.485,-0.24,-0.164,-0.323,-1.117,-0.559,-0.224,-0.561,-0.322,-0.458,-0.693,-0.36,-0.357,-0.326,-1.117,-0.655,-0.54,-0.464,-0.352,-0.278,-0.65,-0.432,-0.35,-0.595,-1.117,-0.539,-0.255,-0.523,-0.295,-0.431,-0.671,-0.354,-0.329,-0.314,10
-0.643,-0.3,-0.447,-0.06,-0.16,-0.094,-0.183,-0.212,-0.128,-0.429,-0.643,-0.396,-0.333,-0.438,-0.439,-0.582,-0.56,-0.507,-0.53,-0.567,-0.643,-0.377,-0.532,-0.223,-0.275,-0.224,-0.313,-0.303,-0.269,-0.495,-0.643,-0.255,-0.174,-0.316,-0.252,-0.407,-0.477,-0.308,-0.321,-0.349,10
-0.854,-0.251,-0.223,-0.06,-0.036,-0.011,-0.29,-0.116,-0.07,-0.31,-0.854,-0.419,-0.173,-0.409,-0.245,-0.333,-0.563,-0.305,-0.284,-0.283,-0.854,-0.51,-0.618,-0.364,-0.366,-0.262,-0.497,-0.401,-0.318,-0.57,-0.854,-0.399,-0.342,-0.43,-0.367,-0.531,-0.563,-0.404,-0.41,-0.435,10
-1.075,-0.608,-0.564,-0.433,-0.303,-0.184,-0.636,-0.415,-0.321,-0.626,-1.075,-0.711,-0.443,-0.686,-0.473,-0.514,-0.863,-0.588,-0.54,-0.599,-1.075,-0.717,-0.734,-0.603,-0.516,-0.417,-0.734,-0.57,-0.501,-0.761,-1.075,-0.658,-0.44,-0.642,-0.426,-0.51,-0.8,-0.506,-0.456,-0.501,10
-1.16,-0.509,-0.465,-0.278,-0.188,-0.05,-0.533,-0.354,-0.19,-0.515,-1.16,-0.695,-0.268,-0.665,-0.397,-0.446,-0.813,-0.461,-0.407,-0.377,-1.16,-0.719,-0.664,-0.563,-0.417,-0.3,-0.699,-0.502,-0.427,-0.655,-1.16,-0.589,-0.322,-0.601,-0.373,-0.532,-0.704,-0.422,-0.389,-0.371,10
-1.065,-0.652,-0.532,-0.445,-0.335,-0.215,-0.622,-0.416,-0.292,-0.468,-1.065,-0.765,-0.462,-0.742,-0.531,-0.513,-0.915,-0.645,-0.591,-0.611,-1.065,-0.761,-0.723,-0.629,-0.528,-0.425,-0.775,-0.613,-0.527,-0.771,-1.065,-0.625,-0.387,-0.622,-0.415,-0.493,-0.809,-0.508,-0.468,-0.504,10
-0.036,0.037,-0.278,0.168,-0.074,-0.021,-0.028,-0.192,-0.174,-0.324,-0.036,-0.094,-0.022,-0.245,-0.214,-0.361,-0.389,-0.3,-0.314,-0.293,-0.036,-0.031,-0.601,0.004,-0.241,-0.261,-0.063,-0.241,-0.278,-0.691,-0.036,-0.034,-0.12,-0.245,-0.264,-0.467,-0.462,-0.394,-0.409,-0.531,10
-0.947,-0.563,-0.564,-0.208,-0.259,-0.075,-0.451,-0.41,-0.157,-0.482,-0.947,-0.705,-0.331,-0.667,-0.468,-0.477,-0.797,-0.547,-0.453,-0.402,-0.947,-0.655,-0.674,-0.507,-0.452,-0.319,-0.628,-0.528,-0.443,-0.703,-0.947,-0.444,-0.23,-0.475,-0.292,-0.46,-0.65,-0.384,-0.376,-0.426,10
-0.999,-0.457,-0.332,-0.246,-0.157,-0.032,-0.498,-0.314,-0.156,-0.36,-0.999,-0.584,-0.339,-0.574,-0.396,-0.46,-0.716,-0.463,-0.406,-0.403,-0.999,-0.628,-0.648,-0.464,-0.396,-0.286,-0.611,-0.461,-0.357,-0.584,-0.999,-0.565,-0.277,-0.564,-0.381,-0.473,-0.685,-0.451,-0.421,-0.412,10
-1.172,-0.566,-0.381,-0.296,-0.196,-0.093,-0.56,-0.285,-0.173,-0.396,-1.172,-0.695,-0.31,-0.647,-0.395,-0.467,-0.78,-0.455,-0.407,-0.385,-1.172,-0.706,-0.63,-0.533,-0.393,-0.296,-0.689,-0.481,-0.394,-0.668,-1.172,-0.579,-0.292,-0.591,-0.368,-0.498,-0.714,-0.404,-0.375,-0.336,10
-1.029,-0.427,-0.34,-0.215,-0.104,-0.046,-0.512,-0.242,-0.101,-0.389,-1.029,-0.568,-0.275,-0.56,-0.335,-0.46,-0.704,-0.401,-0.368,-0.369,-1.029,-0.587,-0.647,-0.367,-0.321,-0.206,-0.539,-0.415,-0.277,-0.601,-1.029,-0.491,-0.238,-0.477,-0.305,-0.404,-0.567,-0.3,-0.281,-0.188,10
-1.17,-0.574,-0.599,-0.285,-0.269,-0.121,-0.515,-0.372,-0.203,-0.481,-1.17,-0.764,-0.455,-0.719,-0.514,-0.545,-0.849,-0.58,-0.529,-0.507,-1.17,-0.8,-0.804,-0.645,-0.562,-0.471,-0.775,-0.625,-0.544,-0.794,-1.17,-0.582,-0.368,-0.577,-0.372,-0.51,-0.714,-0.433,-0.403,-0.405,10
-0.98,-0.454,-0.401,-0.197,-0.189,-0.053,-0.412,-0.274,-0.097,-0.329,-0.98,-0.61,-0.313,-0.577,-0.393,-0.435,-0.709,-0.472,-0.413,-0.399,-0.98,-0.651,-0.736,-0.51,-0.485,-0.402,-0.61,-0.512,-0.446,-0.716,-0.98,-0.482,-0.344,-0.502,-0.39,-0.52,-0.65,-0.455,-0.433,-0.419,10
-0.977,-0.51,-0.644,-0.334,-0.299,-0.186,-0.525,-0.424,-0.354,-0.743,-0.977,-0.617,-0.373,-0.611,-0.413,-0.474,-0.794,-0.532,-0.491,-0.552,-0.977,-0.626,-0.627,-0.516,-0.449,-0.323,-0.655,-0.508,-0.437,-0.692,-0.977,-0.526,-0.426,-0.568,-0.439,-0.591,-0.715,-0.487,-0.456,-0.484,10
-0.313,0.043,-0.181,0.161,0.043,0.058,-0.104,-0.037,0.028,-0.268,-0.313,-0.125,-0.068,-0.225,-0.204,-0.369,-0.412,-0.288,-0.302,-0.356,-0.313,-0.139,-0.531,-0.054,-0.21,-0.185,-0.173,-0.222,-0.2,-0.57,-0.313,-0.157,-0.155,-0.306,-0.27,-0.517,-0.442,-0.349,-0.388,-0.483,10
-0.161,-0.01,-0.36,0.09,-0.083,-0.07,-0.071,-0.162,-0.112,-0.378,-0.161,-0.157,-0.082,-0.319,-0.3,-0.435,-0.49,-0.422,-0.443,-0.455,-0.161,-0.09,-0.395,-0.006,-0.142,-0.112,-0.098,-0.156,-0.141,-0.459,-0.161,-0.011,0.058,-0.22,-0.154,-0.364,-0.412,-0.259,-0.312,-0.283,10
-1.053,-0.516,-0.446,-0.22,-0.146,0.005,-0.514,-0.319,-0.106,-0.429,-1.053,-0.634,-0.37,-0.598,-0.421,-0.496,-0.749,-0.475,-0.428,-0.449,-1.053,-0.634,-0.596,-0.463,-0.349,-0.253,-0.609,-0.42,-0.331,-0.569,-1.053,-0.506,-0.262,-0.503,-0.314,-0.429,-0.651,-0.381,-0.331,-0.325,10
-1.211,-0.619,-0.392,-0.361,-0.224,-0.087,-0.588,-0.33,-0.179,-0.378,-1.211,-0.757,-0.429,-0.71,-0.471,-0.516,-0.872,-0.558,-0.496,-0.506,-1.211,-0.828,-0.763,-0.678,-0.559,-0.457,-0.82,-0.63,-0.532,-0.728,-1.211,-0.654,-0.328,-0.635,-0.39,-0.502,-0.779,-0.449,-0.422,-0.428,10
-1.194,-0.609,-0.49,-0.333,-0.261,-0.161,-0.6,-0.394,-0.237,-0.497,-1.194,-0.682,-0.353,-0.649,-0.425,-0.546,-0.781,-0.49,-0.467,-0.469,-1.194,-0.757,-0.617,-0.547,-0.414,-0.308,-0.733,-0.512,-0.396,-0.628,-1.194,-0.66,-0.354,-0.623,-0.379,-0.496,-0.775,-0.455,-0.429,-0.448,10
-1.069,-0.495,-0.319,-0.298,-0.213,-0.078,-0.55,-0.311,-0.148,-0.375,-1.069,-0.652,-0.328,-0.627,-0.417,-0.475,-0.793,-0.487,-0.454,-0.443,-1.069,-0.702,-0.741,-0.548,-0.476,-0.381,-0.657,-0.504,-0.429,-0.672,-1.069,-0.603,-0.408,-0.606,-0.45,-0.561,-0.734,-0.499,-0.466,-0.474,10
-1.027,-0.527,-0.49,-0.321,-0.281,-0.149,-0.505,-0.344,-0.202,-0.498,-1.027,-0.667,-0.408,-0.658,-0.431,-0.497,-0.817,-0.523,-0.472,-0.51,-1.027,-0.643,-0.571,-0.481,-0.329,-0.231,-0.605,-0.433,-0.363,-0.55,-1.027,-0.533,-0.262,-0.566,-0.334,-0.476,-0.706,-0.389,-0.37,-0.332,10
-1.102,-0.444,-0.41,-0.207,-0.164,-0.05,-0.466,-0.263,-0.11,-0.408,-1.102,-0.636,-0.343,-0.599,-0.412,-0.498,-0.739,-0.459,-0.431,-0.434,-1.102,-0.693,-0.704,-0.526,-0.457,-0.376,-0.655,-0.514,-0.443,-0.722,-1.102,-0.541,-0.295,-0.552,-0.345,-0.497,-0.657,-0.399,-0.38,-0.369,10
-0.978,-0.582,-0.598,-0.229,-0.258,-0.067,-0.488,-0.435,-0.173,-0.52,-0.978,-0.696,-0.335,-0.671,-0.457,-0.481,-0.805,-0.538,-0.447,-0.394,-0.978,-0.666,-0.679,-0.515,-0.447,-0.327,-0.628,-0.521,-0.439,-0.67,-0.978,-0.474,-0.272,-0.499,-0.331,-0.471,-0.658,-0.407,-0.391,-0.421,10
-1.124,-0.506,-0.291,-0.268,-0.132,-0.054,-0.523,-0.263,-0.115,-0.321,-1.124,-0.641,-0.3,-0.607,-0.387,-0.466,-0.734,-0.438,-0.403,-0.365,-1.124,-0.731,-0.685,-0.546,-0.435,-0.313,-0.67,-0.505,-0.392,-0.6,-1.124,-0.621,-0.358,-0.59,-0.403,-0.487,-0.721,-0.462,-0.417,-0.417,10
-1.019,-0.526,-0.483,-0.221,-0.19,-0.051,-0.464,-0.326,-0.157,-0.478,-1.019,-0.619,-0.209,-0.604,-0.352,-0.432,-0.746,-0.403,-0.36,-0.322,-1.019,-0.656,-0.647,-0.515,-0.437,-0.347,-0.677,-0.519,-0.433,-0.685,-1.019,-0.475,-0.191,-0.513,-0.296,-0.441,-0.685,-0.372,-0.331,-0.325,10
-0.649,-0.444,-0.613,-0.175,-0.253,-0.148,-0.295,-0.314,-0.208,-0.473,-0.649,-0.46,-0.275,-0.54,-0.413,-0.519,-0.703,-0.486,-0.462,-0.524,-0.649,-0.43,-0.565,-0.342,-0.341,-0.263,-0.47,-0.411,-0.352,-0.642,-0.649,-0.302,-0.022,-0.419,-0.224,-0.331,-0.623,-0.34,-0.322,-0.275,10
-0.996,-0.575,-0.6,-0.246,-0.242,-0.146,-0.424,-0.391,-0.183,-0.436,-0.996,-0.622,-0.292,-0.614,-0.437,-0.523,-0.744,-0.506,-0.465,-0.453,-0.996,-0.628,-0.572,-0.481,-0.361,-0.275,-0.626,-0.448,-0.387,-0.701,-0.996,-0.44,-0.328,-0.468,-0.316,-0.499,-0.654,-0.415,-0.373,-0.473,10
-0.435,0.089,0.006,0.215,0.167,0.212,-0.128,0.106,0.166,-0.092,-0.435,-0.152,0.086,-0.215,-0.153,-0.269,-0.374,-0.203,-0.235,-0.17,-0.435,-0.286,-0.676,-0.145,-0.311,-0.294,-0.228,-0.318,-0.306,-0.631,-0.435,-0.241,-0.243,-0.358,-0.327,-0.606,-0.439,-0.364,-0.425,-0.498,10
-0.938,-0.357,-0.278,-0.168,-0.098,-0.056,-0.417,-0.185,-0.131,-0.323,-0.938,-0.489,-0.18,-0.471,-0.289,-0.365,-0.626,-0.344,-0.334,-0.318,-0.938,-0.555,-0.571,-0.413,-0.375,-0.292,-0.543,-0.429,-0.362,-0.569,-0.938,-0.494,-0.306,-0.511,-0.38,-0.503,-0.634,-0.438,-0.422,-0.41,10
-0.247,0.019,-0.234,0.106,-0.004,-0.053,-0.084,-0.109,-0.093,-0.393,-0.247,-0.128,-0.12,-0.248,-0.263,-0.43,-0.426,-0.363,-0.401,-0.444,-0.247,-0.082,-0.474,0.028,-0.197,-0.154,-0.073,-0.211,-0.186,-0.524,-0.247,-0.001,-0.026,-0.119,-0.161,-0.377,-0.29,-0.227,-0.299,-0.32,10
-0.902,-0.514,-0.5,-0.378,-0.335,-0.19,-0.512,-0.372,-0.229,-0.394,-0.902,-0.566,-0.371,-0.606,-0.438,-0.524,-0.74,-0.501,-0.466,-0.445,-0.902,-0.548,-0.741,-0.379,-0.411,-0.308,-0.495,-0.439,-0.342,-0.614,-0.902,-0.523,-0.361,-0.587,-0.432,-0.566,-0.729,-0.497,-0.479,-0.485,10
-1.037,-0.547,-0.579,-0.339,-0.324,-0.188,-0.495,-0.371,-0.243,-0.557,-1.037,-0.675,-0.345,-0.672,-0.455,-0.536,-0.814,-0.545,-0.515,-0.521,-1.037,-0.598,-0.587,-0.459,-0.339,-0.286,-0.584,-0.404,-0.344,-0.587,-1.037,-0.497,-0.39,-0.565,-0.409,-0.601,-0.663,-0.417,-0.406,-0.41,10
-1.15,-0.706,-0.511,-0.462,-0.266,-0.165,-0.666,-0.373,-0.218,-0.437,-1.15,-0.739,-0.335,-0.723,-0.445,-0.497,-0.888,-0.547,-0.496,-0.487,-1.15,-0.707,-0.582,-0.555,-0.377,-0.277,-0.697,-0.472,-0.39,-0.614,-1.15,-0.63,-0.376,-0.629,-0.455,-0.526,-0.795,-0.525,-0.493,-0.505,10
-1.05,-0.457,-0.455,-0.248,-0.225,-0.085,-0.498,-0.316,-0.136,-0.444,-1.05,-0.633,-0.291,-0.625,-0.387,-0.47,-0.779,-0.469,-0.441,-0.428,-1.05,-0.715,-0.732,-0.577,-0.511,-0.455,-0.689,-0.56,-0.512,-0.729,-1.05,-0.555,-0.359,-0.574,-0.391,-0.542,-0.726,-0.472,-0.454,-0.504,10
-1.031,-0.411,-0.602,-0.214,-0.25,-0.085,-0.49,-0.35,-0.2,-0.63,-1.031,-0.57,-0.29,-0.566,-0.366,-0.468,-0.721,-0.414,-0.387,-0.388,-1.031,-0.602,-0.563,-0.419,-0.328,-0.216,-0.537,-0.366,-0.266,-0.521,-1.031,-0.499,-0.193,-0.491,-0.29,-0.433,-0.591,-0.341,-0.326,-0.3,10
-1.153,-0.6,-0.6,-0.334,-0.26,-0.158,-0.564,-0.392,-0.233,-0.553,-1.153,-0.703,-0.354,-0.645,-0.415,-0.476,-0.78,-0.478,-0.418,-0.408,-1.153,-0.715,-0.571,-0.522,-0.375,-0.262,-0.676,-0.456,-0.358,-0.606,-1.153,-0.582,-0.211,-0.594,-0.319,-0.452,-0.727,-0.372,-0.338,-0.302,10
-1.253,-0.573,-0.453,-0.329,-0.183,-0.073,-0.581,-0.313,-0.187,-0.513,-1.253,-0.719,-0.41,-0.672,-0.421,-0.507,-0.828,-0.482,-0.42,-0.439,-1.253,-0.875,-0.751,-0.728,-0.563,-0.457,-0.874,-0.637,-0.55,-0.732,-1.253,-0.664,-0.392,-0.633,-0.42,-0.547,-0.789,-0.479,-0.439,-0.465,10
-0.822,-0.318,-0.307,-0.166,-0.156,-0.147,-0.371,-0.213,-0.13,-0.379,-0.822,-0.452,-0.152,-0.466,-0.294,-0.389,-0.63,-0.377,-0.378,-0.357,-0.822,-0.447,-0.531,-0.279,-0.262,-0.205,-0.415,-0.291,-0.236,-0.518,-0.822,-0.392,-0.314,-0.445,-0.369,-0.54,-0.593,-0.441,-0.456,-0.486,10
-0.689,-0.37,-0.248,-0.137,-0.063,0.033,-0.334,-0.187,-0.041,-0.156,-0.689,-0.443,-0.234,-0.44,-0.307,-0.395,-0.569,-0.37,-0.35,-0.368,-0.689,-0.383,-0.727,-0.236,-0.365,-0.293,-0.354,-0.371,-0.302,-0.625,-0.689,-0.371,-0.366,-0.448,-0.397,-0.563,-0.607,-0.473,-0.483,-0.545,10
-1.084,-0.509,-0.491,-0.259,-0.236,-0.124,-0.519,-0.367,-0.221,-0.456,-1.084,-0.632,-0.305,-0.625,-0.399,-0.477,-0.782,-0.472,-0.438,-0.409,-1.084,-0.67,-0.684,-0.531,-0.441,-0.353,-0.708,-0.532,-0.432,-0.724,-1.084,-0.563,-0.436,-0.58,-0.446,-0.607,-0.726,-0.498,-0.488,-0.529,10
-1.062,-0.498,-0.537,-0.286,-0.23,-0.092,-0.564,-0.386,-0.225,-0.623,-1.062,-0.55,-0.224,-0.565,-0.369,-0.462,-0.705,-0.428,-0.397,-0.363,-1.062,-0.621,-0.535,-0.412,-0.309,-0.231,-0.577,-0.41,-0.33,-0.544,-1.062,-0.574,-0.281,-0.578,-0.359,-0.454,-0.721,-0.426,-0.41,-0.352,10
-1.024,-0.522,-0.518,-0.199,-0.179,0.012,-0.463,-0.371,-0.159,-0.504,-1.024,-0.688,-0.268,-0.659,-0.413,-0.436,-0.787,-0.484,-0.408,-0.327,-1.024,-0.675,-0.638,-0.508,-0.426,-0.292,-0.628,-0.493,-0.402,-0.63,-1.024,-0.508,-0.321,-0.516,-0.351,-0.532,-0.665,-0.421,-0.418,-0.465,10
-1.263,-0.601,-0.53,-0.351,-0.238,-0.086,-0.589,-0.36,-0.214,-0.547,-1.263,-0.779,-0.458,-0.71,-0.484,-0.528,-0.856,-0.559,-0.484,-0.504,-1.263,-0.88,-0.783,-0.714,-0.569,-0.44,-0.845,-0.647,-0.555,-0.778,-1.263,-0.68,-0.467,-0.637,-0.432,-0.551,-0.792,-0.504,-0.451,-0.505,10
-0.617,-0.275,-0.356,-0.083,-0.143,-0.08,-0.274,-0.227,-0.116,-0.29,-0.617,-0.378,-0.313,-0.402,-0.359,-0.516,-0.553,-0.43,-0.457,-0.538,-0.617,-0.339,-0.657,-0.195,-0.291,-0.258,-0.296,-0.294,-0.266,-0.573,-0.617,-0.307,-0.418,-0.377,-0.411,-0.586,-0.532,-0.469,-0.474,-0.534,10
-0.96,-0.318,-0.374,-0.138,-0.085,-0.035,-0.396,-0.242,-0.145,-0.553,-0.96,-0.476,-0.214,-0.465,-0.303,-0.396,-0.627,-0.379,-0.352,-0.35,-0.96,-0.59,-0.651,-0.417,-0.363,-0.276,-0.573,-0.441,-0.344,-0.606,-0.96,-0.534,-0.356,-0.541,-0.409,-0.535,-0.642,-0.425,-0.41,-0.374,10
-1.199,-0.64,-0.425,-0.366,-0.238,-0.125,-0.599,-0.332,-0.207,-0.425,-1.199,-0.726,-0.434,-0.667,-0.444,-0.517,-0.82,-0.509,-0.471,-0.515,-1.199,-0.791,-0.771,-0.633,-0.523,-0.41,-0.791,-0.606,-0.506,-0.757,-1.199,-0.66,-0.457,-0.644,-0.439,-0.569,-0.814,-0.514,-0.493,-0.56,10
-0.773,-0.442,-0.366,-0.067,-0.117,0.018,-0.252,-0.212,-0.025,-0.232,-0.773,-0.512,-0.218,-0.499,-0.329,-0.422,-0.613,-0.377,-0.332,-0.312,-0.773,-0.468,-0.521,-0.358,-0.33,-0.218,-0.478,-0.362,-0.297,-0.527,-0.773,-0.256,-0.054,-0.308,-0.141,-0.292,-0.492,-0.221,-0.197,-0.184,10
-0.591,-0.426,-0.173,-0.068,-0.097,0.028,-0.174,-0.17,-0.03,-0.046,-0.591,-0.444,0.033,-0.538,-0.255,-0.348,-0.656,-0.345,-0.327,-0.256,-0.591,-0.356,-0.422,-0.291,-0.264,-0.184,-0.407,-0.304,-0.258,-0.522,-0.591,-0.232,-0.057,-0.391,-0.223,-0.399,-0.596,-0.32,-0.283,-0.262,10
-0.979,-0.432,-0.378,-0.219,-0.202,-0.136,-0.417,-0.248,-0.14,-0.371,-0.979,-0.541,-0.205,-0.556,-0.363,-0.441,-0.728,-0.45,-0.447,-0.41,-0.979,-0.552,-0.627,-0.385,-0.329,-0.237,-0.525,-0.395,-0.333,-0.611,-0.979,-0.448,-0.294,-0.506,-0.365,-0.541,-0.602,-0.391,-0.403,-0.386,10
-0.613,-0.321,-0.383,-0.14,-0.199,-0.133,-0.317,-0.298,-0.198,-0.323,-0.613,-0.402,-0.325,-0.449,-0.387,-0.502,-0.615,-0.472,-0.488,-0.554,-0.613,-0.386,-0.77,-0.237,-0.385,-0.279,-0.312,-0.366,-0.3,-0.626,-0.613,-0.339,-0.292,-0.415,-0.333,-0.48,-0.592,-0.415,-0.406,-0.451,10
-1.065,-0.54,-0.589,-0.347,-0.285,-0.183,-0.565,-0.391,-0.278,-0.641,-1.065,-0.688,-0.366,-0.671,-0.422,-0.501,-0.837,-0.513,-0.494,-0.527,-1.065,-0.688,-0.623,-0.526,-0.451,-0.339,-0.662,-0.519,-0.441,-0.639,-1.065,-0.592,-0.365,-0.616,-0.403,-0.516,-0.731,-0.461,-0.417,-0.39,10
-0.87,-0.337,-0.206,-0.118,0.006,0.098,-0.345,-0.118,0.012,-0.198,-0.87,-0.447,-0.107,-0.446,-0.202,-0.288,-0.597,-0.269,-0.234,-0.213,-0.87,-0.497,-0.505,-0.35,-0.26,-0.207,-0.485,-0.333,-0.289,-0.526,-0.87,-0.419,-0.145,-0.447,-0.245,-0.37,-0.6,-0.319,-0.292,-0.285,10
-1.091,-0.447,-0.434,-0.225,-0.154,-0.064,-0.473,-0.264,-0.135,-0.452,-1.091,-0.61,-0.403,-0.573,-0.425,-0.511,-0.728,-0.478,-0.445,-0.482,-1.091,-0.719,-0.757,-0.553,-0.493,-0.382,-0.683,-0.559,-0.474,-0.76,-1.091,-0.563,-0.401,-0.56,-0.426,-0.568,-0.694,-0.485,-0.478,-0.494,10
-0.934,-0.444,-0.311,-0.17,-0.157,-0.067,-0.39,-0.2,-0.124,-0.323,-0.934,-0.587,-0.095,-0.638,-0.356,-0.443,-0.779,-0.415,-0.393,-0.311,-0.934,-0.602,-0.68,-0.429,-0.392,-0.289,-0.581,-0.461,-0.361,-0.661,-0.934,-0.402,-0.202,-0.435,-0.272,-0.465,-0.563,-0.314,-0.312,-0.289,10
-0.293,0.024,-0.101,0.142,0.11,0.229,-0.182,-0.041,0.106,-0.176,-0.293,-0.137,0.019,-0.227,-0.196,-0.278,-0.423,-0.298,-0.313,-0.306,-0.293,-0.19,-0.629,-0.105,-0.358,-0.359,-0.145,-0.321,-0.367,-0.702,-0.293,-0.162,-0.156,-0.312,-0.287,-0.552,-0.449,-0.359,-0.41,-0.502,10
-0.899,-0.421,-0.38,-0.228,-0.187,-0.147,-0.413,-0.243,-0.159,-0.396,-0.899,-0.536,-0.248,-0.527,-0.363,-0.424,-0.696,-0.455,-0.44,-0.43,-0.899,-0.525,-0.584,-0.358,-0.323,-0.269,-0.512,-0.394,-0.339,-0.619,-0.899,-0.434,-0.328,-0.488,-0.374,-0.558,-0.647,-0.438,-0.452,-0.483,10
-1.197,-0.583,-0.389,-0.328,-0.212,-0.106,-0.583,-0.337,-0.167,-0.408,-1.197,-0.702,-0.334,-0.661,-0.422,-0.494,-0.788,-0.475,-0.437,-0.392,-1.197,-0.755,-0.721,-0.578,-0.465,-0.367,-0.712,-0.535,-0.44,-0.664,-1.197,-0.645,-0.406,-0.615,-0.438,-0.539,-0.744,-0.491,-0.444,-0.445,10
-1.004,-0.438,-0.479,-0.199,-0.207,-0.064,-0.413,-0.275,-0.151,-0.464,-1.004,-0.525,-0.156,-0.545,-0.334,-0.406,-0.678,-0.385,-0.36,-0.267,-1.004,-0.597,-0.537,-0.43,-0.32,-0.218,-0.589,-0.396,-0.311,-0.573,-1.004,-0.495,-0.291,-0.499,-0.315,-0.404,-0.653,-0.387,-0.332,-0.325,10
-0.524,-0.251,-0.295,-0.119,-0.156,-0.132,-0.318,-0.26,-0.213,-0.408,-0.524,-0.282,-0.264,-0.348,-0.314,-0.479,-0.528,-0.389,-0.423,-0.492,-0.524,-0.299,-0.682,-0.168,-0.315,-0.295,-0.265,-0.339,-0.322,-0.676,-0.524,-0.312,-0.331,-0.422,-0.396,-0.574,-0.619,-0.509,-0.504,-0.619,10
-1.189,-0.532,-0.355,-0.292,-0.141,-0.045,-0.543,-0.273,-0.136,-0.37,-1.189,-0.705,-0.286,-0.667,-0.366,-0.427,-0.825,-0.446,-0.395,-0.39,-1.189,-0.789,-0.742,-0.627,-0.497,-0.364,-0.766,-0.576,-0.484,-0.726,-1.189,-0.599,-0.392,-0.575,-0.387,-0.519,-0.693,-0.424,-0.377,-0.389,10
-1.122,-0.583,-0.589,-0.337,-0.302,-0.164,-0.54,-0.437,-0.282,-0.561,-1.122,-0.732,-0.46,-0.699,-0.526,-0.547,-0.843,-0.607,-0.54,-0.548,-1.122,-0.731,-0.625,-0.549,-0.424,-0.307,-0.712,-0.508,-0.39,-0.633,-1.122,-0.608,-0.418,-0.608,-0.438,-0.548,-0.748,-0.507,-0.462,-0.479,10
-1.066,-0.46,-0.419,-0.19,-0.153,-0.052,-0.461,-0.268,-0.137,-0.454,-1.066,-0.574,-0.248,-0.577,-0.358,-0.468,-0.715,-0.399,-0.391,-0.356,-1.066,-0.571,-0.502,-0.392,-0.268,-0.159,-0.575,-0.402,-0.312,-0.539,-1.066,-0.519,-0.23,-0.523,-0.332,-0.43,-0.654,-0.378,-0.357,-0.287,10
-0.968,-0.384,-0.349,-0.176,-0.093,-0.043,-0.426,-0.198,-0.09,-0.35,-0.968,-0.518,-0.265,-0.531,-0.332,-0.431,-0.683,-0.414,-0.386,-0.381,-0.968,-0.552,-0.558,-0.379,-0.311,-0.259,-0.527,-0.392,-0.309,-0.55,-0.968,-0.438,-0.134,-0.481,-0.261,-0.426,-0.595,-0.29,-0.321,-0.254,10
-0.908,-0.538,-0.462,-0.392,-0.27,-0.163,-0.575,-0.349,-0.288,-0.503,-0.908,-0.603,-0.291,-0.607,-0.371,-0.375,-0.798,-0.502,-0.452,-0.48,-0.908,-0.595,-0.631,-0.488,-0.422,-0.303,-0.636,-0.496,-0.426,-0.747,-0.908,-0.514,-0.305,-0.574,-0.387,-0.517,-0.734,-0.462,-0.438,-0.46,10
-1.233,-0.634,-0.566,-0.357,-0.253,-0.125,-0.599,-0.408,-0.235,-0.592,-1.233,-0.745,-0.452,-0.69,-0.472,-0.538,-0.837,-0.54,-0.468,-0.499,-1.233,-0.895,-0.782,-0.762,-0.602,-0.475,-0.901,-0.685,-0.591,-0.766,-1.233,-0.706,-0.429,-0.664,-0.453,-0.545,-0.833,-0.533,-0.49,-0.522,10
-1.017,-0.495,-0.452,-0.313,-0.237,-0.117,-0.532,-0.313,-0.199,-0.495,-1.017,-0.669,-0.362,-0.66,-0.445,-0.484,-0.831,-0.535,-0.485,-0.517,-1.017,-0.651,-0.611,-0.509,-0.385,-0.298,-0.64,-0.471,-0.394,-0.596,-1.017,-0.554,-0.268,-0.595,-0.369,-0.458,-0.74,-0.449,-0.414,-0.364,10
-1.039,-0.55,-0.511,-0.359,-0.271,-0.181,-0.509,-0.343,-0.278,-0.506,-1.039,-0.643,-0.301,-0.659,-0.395,-0.465,-0.809,-0.475,-0.443,-0.427,-1.039,-0.633,-0.647,-0.479,-0.396,-0.308,-0.617,-0.458,-0.396,-0.656,-1.039,-0.557,-0.323,-0.607,-0.391,-0.465,-0.754,-0.458,-0.416,-0.371,10
-1.176,-0.531,-0.486,-0.263,-0.22,-0.111,-0.553,-0.35,-0.163,-0.537,-1.176,-0.66,-0.308,-0.64,-0.391,-0.515,-0.781,-0.445,-0.429,-0.432,-1.176,-0.686,-0.631,-0.493,-0.384,-0.282,-0.66,-0.46,-0.362,-0.624,-1.176,-0.592,-0.31,-0.566,-0.357,-0.486,-0.676,-0.393,-0.375,-0.343,10
-0.704,-0.243,-0.252,-0.017,-0.01,0.11,-0.284,-0.098,0.072,-0.217,-0.704,-0.389,-0.22,-0.39,-0.306,-0.413,-0.53,-0.358,-0.348,-0.379,-0.704,-0.444,-0.551,-0.323,-0.324,-0.265,-0.388,-0.331,-0.311,-0.515,-0.704,-0.357,-0.148,-0.456,-0.272,-0.462,-0.613,-0.363,-0.373,-0.393,10
-0.899,-0.488,-0.23,-0.199,-0.097,-0.08,-0.347,-0.216,-0.084,-0.146,-0.899,-0.547,-0.119,-0.594,-0.303,-0.407,-0.722,-0.37,-0.342,-0.285,-0.899,-0.593,-0.607,-0.505,-0.427,-0.323,-0.612,-0.473,-0.43,-0.653,-0.899,-0.401,-0.045,-0.444,-0.208,-0.317,-0.618,-0.283,-0.24,-0.199,10
-0.953,-0.51,-0.655,-0.226,-0.259,-0.066,-0.473,-0.44,-0.183,-0.559,-0.953,-0.562,-0.281,-0.579,-0.417,-0.528,-0.7,-0.478,-0.428,-0.402,-0.953,-0.612,-0.592,-0.454,-0.371,-0.291,-0.574,-0.422,-0.339,-0.551,-0.953,-0.492,-0.244,-0.529,-0.341,-0.477,-0.697,-0.413,-0.406,-0.422,10
-1.058,-0.623,-0.689,-0.264,-0.303,-0.164,-0.471,-0.442,-0.235,-0.549,-1.058,-0.686,-0.383,-0.631,-0.477,-0.516,-0.77,-0.549,-0.49,-0.501,-1.058,-0.683,-0.627,-0.533,-0.4,-0.286,-0.673,-0.477,-0.399,-0.692,-1.058,-0.515,-0.421,-0.538,-0.394,-0.561,-0.721,-0.486,-0.437,-0.535,10
-1.119,-0.562,-0.604,-0.294,-0.25,-0.093,-0.525,-0.433,-0.245,-0.579,-1.119,-0.731,-0.488,-0.688,-0.516,-0.552,-0.831,-0.599,-0.528,-0.545,-1.119,-0.744,-0.643,-0.572,-0.448,-0.346,-0.725,-0.53,-0.431,-0.658,-1.119,-0.601,-0.39,-0.613,-0.411,-0.529,-0.752,-0.481,-0.442,-0.45,10
-1.141,-0.491,-0.522,-0.27,-0.266,-0.106,-0.512,-0.345,-0.183,-0.517,-1.141,-0.663,-0.397,-0.636,-0.461,-0.543,-0.791,-0.517,-0.482,-0.493,-1.141,-0.71,-0.748,-0.56,-0.48,-0.38,-0.706,-0.544,-0.468,-0.777,-1.141,-0.566,-0.415,-0.568,-0.41,-0.548,-0.695,-0.47,-0.435,-0.448,10
-1.104,-0.571,-0.551,-0.283,-0.245,-0.114,-0.546,-0.393,-0.205,-0.547,-1.104,-0.646,-0.356,-0.627,-0.441,-0.52,-0.773,-0.509,-0.47,-0.459,-1.104,-0.676,-0.615,-0.48,-0.392,-0.25,-0.649,-0.5,-0.381,-0.614,-1.104,-0.586,-0.31,-0.555,-0.376,-0.455,-0.709,-0.437,-0.419,-0.398,10
-0.671,-0.377,-0.67,-0.144,-0.282,-0.196,-0.29,-0.36,-0.2,-0.502,-0.671,-0.424,-0.196,-0.485,-0.365,-0.494,-0.609,-0.412,-0.403,-0.405,-0.671,-0.439,-0.504,-0.276,-0.278,-0.195,-0.381,-0.33,-0.262,-0.494,-0.671,-0.347,-0.136,-0.41,-0.308,-0.381,-0.578,-0.402,-0.376,-0.338,10
-0.691,-0.27,-0.111,-0.089,-0.006,0.073,-0.264,-0.063,0.022,-0.118,-0.691,-0.381,-0.128,-0.374,-0.237,-0.286,-0.523,-0.315,-0.274,-0.259,-0.691,-0.355,-0.539,-0.214,-0.283,-0.209,-0.348,-0.292,-0.239,-0.524,-0.691,-0.363,-0.301,-0.404,-0.362,-0.491,-0.543,-0.419,-0.422,-0.435,10
-1.1,-0.448,-0.326,-0.173,-0.126,-0.074,-0.438,-0.2,-0.095,-0.331,-1.1,-0.54,-0.244,-0.517,-0.306,-0.458,-0.649,-0.361,-0.359,-0.35,-1.1,-0.645,-0.497,-0.452,-0.331,-0.264,-0.623,-0.413,-0.328,-0.543,-1.1,-0.537,-0.267,-0.537,-0.309,-0.47,-0.68,-0.37,-0.36,-0.36,10
-1.056,-0.424,-0.244,-0.228,-0.136,-0.038,-0.499,-0.274,-0.135,-0.34,-1.056,-0.619,-0.278,-0.625,-0.406,-0.462,-0.786,-0.485,-0.441,-0.393,-1.056,-0.68,-0.708,-0.512,-0.439,-0.331,-0.653,-0.505,-0.401,-0.654,-1.056,-0.547,-0.277,-0.55,-0.352,-0.499,-0.643,-0.391,-0.372,-0.346,10
-1.179,-0.556,-0.356,-0.293,-0.176,-0.064,-0.551,-0.303,-0.123,-0.372,-1.179,-0.689,-0.354,-0.646,-0.418,-0.5,-0.773,-0.471,-0.43,-0.403,-1.179,-0.745,-0.719,-0.583,-0.467,-0.364,-0.712,-0.529,-0.439,-0.67,-1.179,-0.625,-0.383,-0.6,-0.417,-0.524,-0.723,-0.468,-0.425,-0.426,10
-1.002,-0.386,-0.361,-0.194,-0.11,-0.021,-0.458,-0.244,-0.141,-0.427,-1.002,-0.484,-0.182,-0.503,-0.301,-0.433,-0.641,-0.349,-0.343,-0.283,-1.002,-0.596,-0.564,-0.404,-0.318,-0.213,-0.546,-0.403,-0.316,-0.571,-1.002,-0.54,-0.312,-0.552,-0.377,-0.48,-0.66,-0.418,-0.383,-0.367,10
-0.858,-0.53,-0.634,-0.251,-0.249,-0.128,-0.424,-0.39,-0.228,-0.513,-0.858,-0.627,-0.321,-0.66,-0.432,-0.5,-0.802,-0.518,-0.44,-0.456,-0.858,-0.61,-0.629,-0.509,-0.438,-0.348,-0.647,-0.521,-0.455,-0.719,-0.858,-0.439,-0.228,-0.492,-0.344,-0.419,-0.708,-0.463,-0.406,-0.403,10
-1.129,-0.594,-0.404,-0.388,-0.286,-0.134,-0.589,-0.35,-0.213,-0.407,-1.129,-0.702,-0.441,-0.669,-0.47,-0.531,-0.83,-0.552,-0.501,-0.526,-1.129,-0.755,-0.696,-0.601,-0.474,-0.36,-0.723,-0.529,-0.443,-0.663,-1.129,-0.646,-0.425,-0.605,-0.424,-0.523,-0.765,-0.492,-0.469,-0.532,10
-0.83,-0.428,-0.525,-0.263,-0.309,-0.209,-0.441,-0.366,-0.249,-0.459,-0.83,-0.518,-0.461,-0.543,-0.482,-0.617,-0.687,-0.544,-0.557,-0.62,-0.83,-0.503,-0.788,-0.297,-0.396,-0.293,-0.403,-0.402,-0.313,-0.612,-0.83,-0.463,-0.365,-0.535,-0.418,-0.591,-0.686,-0.489,-0.499,-0.52,10
-1.079,-0.477,-0.561,-0.243,-0.252,-0.089,-0.52,-0.361,-0.19,-0.606,-1.079,-0.633,-0.318,-0.616,-0.414,-0.503,-0.766,-0.47,-0.444,-0.448,-1.079,-0.635,-0.614,-0.447,-0.366,-0.268,-0.588,-0.416,-0.326,-0.586,-1.079,-0.561,-0.272,-0.54,-0.348,-0.455,-0.641,-0.392,-0.365,-0.313,10
-1.181,-0.663,-0.526,-0.393,-0.285,-0.181,-0.606,-0.371,-0.214,-0.478,-1.181,-0.748,-0.386,-0.706,-0.469,-0.533,-0.865,-0.563,-0.517,-0.516,-1.181,-0.749,-0.671,-0.583,-0.439,-0.344,-0.726,-0.528,-0.444,-0.647,-1.181,-0.628,-0.404,-0.638,-0.449,-0.552,-0.771,-0.487,-0.462,-0.454,10
-1.127,-0.517,-0.381,-0.283,-0.166,-0.087,-0.547,-0.287,-0.138,-0.43,-1.127,-0.659,-0.381,-0.628,-0.409,-0.522,-0.775,-0.474,-0.443,-0.47,-1.127,-0.669,-0.626,-0.451,-0.356,-0.245,-0.62,-0.458,-0.331,-0.614,-1.127,-0.558,-0.238,-0.539,-0.335,-0.434,-0.65,-0.347,-0.343,-0.255,10
-1.087,-0.51,-0.555,-0.322,-0.254,-0.139,-0.599,-0.411,-0.276,-0.623,-1.087,-0.574,-0.204,-0.607,-0.372,-0.449,-0.753,-0.433,-0.408,-0.34,-1.087,-0.614,-0.519,-0.414,-0.288,-0.183,-0.588,-0.372,-0.274,-0.508,-1.087,-0.568,-0.32,-0.568,-0.388,-0.458,-0.702,-0.435,-0.404,-0.335,10
-1.144,-0.532,-0.397,-0.304,-0.205,-0.05,-0.534,-0.299,-0.163,-0.384,-1.144,-0.669,-0.297,-0.639,-0.406,-0.451,-0.78,-0.468,-0.409,-0.347,-1.144,-0.71,-0.604,-0.558,-0.397,-0.286,-0.715,-0.491,-0.399,-0.662,-1.144,-0.586,-0.341,-0.584,-0.395,-0.52,-0.714,-0.447,-0.419,-0.43,10
-1.047,-0.345,-0.297,-0.161,-0.106,-0.098,-0.454,-0.212,-0.139,-0.375,-1.047,-0.46,-0.162,-0.492,-0.297,-0.493,-0.623,-0.348,-0.381,-0.325,-1.047,-0.587,-0.527,-0.387,-0.293,-0.216,-0.567,-0.381,-0.304,-0.577,-1.047,-0.534,-0.244,-0.517,-0.291,-0.451,-0.625,-0.347,-0.338,-0.341,10
-1.223,-0.64,-0.5,-0.379,-0.274,-0.156,-0.642,-0.37,-0.228,-0.522,-1.223,-0.758,-0.42,-0.696,-0.489,-0.547,-0.846,-0.553,-0.508,-0.519,-1.223,-0.776,-0.699,-0.629,-0.49,-0.401,-0.782,-0.563,-0.484,-0.739,-1.223,-0.643,-0.386,-0.625,-0.42,-0.551,-0.753,-0.459,-0.421,-0.415,10
-1.154,-0.634,-0.392,-0.442,-0.256,-0.2,-0.649,-0.343,-0.269,-0.442,-1.154,-0.678,-0.36,-0.651,-0.426,-0.503,-0.829,-0.509,-0.48,-0.514,-1.154,-0.67,-0.593,-0.492,-0.351,-0.267,-0.658,-0.44,-0.347,-0.608,-1.154,-0.656,-0.337,-0.647,-0.413,-0.49,-0.763,-0.461,-0.431,-0.425,10
-1.027,-0.471,-0.586,-0.235,-0.219,-0.037,-0.5,-0.373,-0.17,-0.612,-1.027,-0.537,-0.2,-0.551,-0.365,-0.47,-0.658,-0.399,-0.36,-0.294,-1.027,-0.599,-0.537,-0.384,-0.304,-0.22,-0.556,-0.409,-0.326,-0.554,-1.027,-0.587,-0.328,-0.568,-0.358,-0.433,-0.72,-0.443,-0.408,-0.393,10
-0.93,-0.308,-0.273,-0.118,-0.111,-0.042,-0.38,-0.23,-0.124,-0.386,-0.93,-0.536,-0.245,-0.551,-0.389,-0.433,-0.701,-0.461,-0.404,-0.365,-0.93,-0.534,-0.576,-0.374,-0.333,-0.207,-0.513,-0.374,-0.286,-0.529,-0.93,-0.398,-0.15,-0.42,-0.251,-0.4,-0.525,-0.287,-0.289,-0.221,10
-0.997,-0.435,-0.351,-0.157,-0.118,-0.004,-0.414,-0.245,-0.1,-0.4,-0.997,-0.512,-0.124,-0.524,-0.299,-0.403,-0.66,-0.336,-0.322,-0.24,-0.997,-0.618,-0.608,-0.438,-0.364,-0.248,-0.599,-0.464,-0.377,-0.607,-0.997,-0.523,-0.273,-0.515,-0.298,-0.382,-0.662,-0.369,-0.309,-0.301,10
-0.584,-0.317,-0.359,-0.155,-0.193,-0.148,-0.336,-0.287,-0.227,-0.39,-0.584,-0.324,-0.342,-0.361,-0.363,-0.531,-0.536,-0.436,-0.477,-0.565,-0.584,-0.336,-0.749,-0.181,-0.352,-0.316,-0.258,-0.367,-0.349,-0.722,-0.584,-0.345,-0.397,-0.435,-0.434,-0.619,-0.628,-0.55,-0.554,-0.693,10
-1.199,-0.595,-0.516,-0.351,-0.282,-0.17,-0.599,-0.38,-0.254,-0.525,-1.199,-0.672,-0.362,-0.644,-0.424,-0.523,-0.782,-0.469,-0.44,-0.439,-1.199,-0.713,-0.609,-0.555,-0.399,-0.318,-0.712,-0.471,-0.388,-0.647,-1.199,-0.606,-0.301,-0.614,-0.37,-0.507,-0.722,-0.407,-0.382,-0.364,10
-1.014,-0.46,-0.584,-0.226,-0.229,-0.039,-0.49,-0.38,-0.167,-0.604,-1.014,-0.533,-0.213,-0.547,-0.368,-0.468,-0.66,-0.402,-0.36,-0.306,-1.014,-0.604,-0.536,-0.392,-0.311,-0.234,-0.551,-0.404,-0.331,-0.543,-1.014,-0.575,-0.332,-0.556,-0.354,-0.434,-0.708,-0.44,-0.408,-0.403,10
-1.062,-0.499,-0.568,-0.294,-0.222,-0.06,-0.495,-0.314,-0.196,-0.536,-1.062,-0.57,-0.328,-0.595,-0.41,-0.5,-0.735,-0.439,-0.4,-0.369,-1.062,-0.643,-0.584,-0.468,-0.354,-0.274,-0.641,-0.462,-0.368,-0.58,-1.062,-0.559,-0.293,-0.578,-0.385,-0.472,-0.73,-0.454,-0.425,-0.416,10
-1.144,-0.562,-0.41,-0.32,-0.204,-0.059,-0.576,-0.317,-0.147,-0.421,-1.144,-0.721,-0.451,-0.672,-0.445,-0.506,-0.825,-0.518,-0.45,-0.498,-1.144,-0.794,-0.795,-0.639,-0.54,-0.434,-0.751,-0.581,-0.512,-0.72,-1.144,-0.616,-0.467,-0.636,-0.456,-0.574,-0.765,-0.504,-0.456,-0.474,10
-1.064,-0.511,-0.59,-0.311,-0.278,-0.102,-0.577,-0.441,-0.26,-0.658,-1.064,-0.558,-0.242,-0.584,-0.381,-0.47,-0.736,-0.443,-0.415,-0.383,-1.064,-0.608,-0.524,-0.414,-0.303,-0.222,-0.582,-0.389,-0.306,-0.538,-1.064,-0.572,-0.321,-0.578,-0.403,-0.49,-0.714,-0.461,-0.447,-0.39,10
-0.646,-0.199,-0.233,0.001,-0.011,-0.011,-0.237,-0.122,-0.006,-0.263,-0.646,-0.319,-0.195,-0.339,-0.281,-0.433,-0.481,-0.323,-0.341,-0.397,-0.646,-0.377,-0.567,-0.193,-0.26,-0.164,-0.282,-0.265,-0.191,-0.466,-0.646,-0.299,-0.125,-0.376,-0.277,-0.423,-0.514,-0.34,-0.38,-0.376,10
-1.136,-0.69,-0.583,-0.487,-0.365,-0.234,-0.698,-0.467,-0.35,-0.583,-1.136,-0.826,-0.586,-0.786,-0.598,-0.591,-0.958,-0.716,-0.657,-0.717,-1.136,-0.806,-0.752,-0.671,-0.553,-0.448,-0.814,-0.643,-0.561,-0.805,-1.136,-0.682,-0.487,-0.663,-0.487,-0.572,-0.832,-0.556,-0.521,-0.573,10
-1.012,-0.465,-0.41,-0.269,-0.249,-0.178,-0.468,-0.298,-0.177,-0.406,-1.012,-0.571,-0.221,-0.576,-0.375,-0.442,-0.745,-0.462,-0.452,-0.405,-1.012,-0.594,-0.658,-0.414,-0.356,-0.25,-0.542,-0.41,-0.344,-0.62,-1.012,-0.471,-0.288,-0.53,-0.369,-0.533,-0.622,-0.391,-0.398,-0.37,10
-1.111,-0.589,-0.583,-0.389,-0.324,-0.24,-0.627,-0.476,-0.348,-0.669,-1.111,-0.726,-0.366,-0.711,-0.443,-0.5,-0.895,-0.565,-0.527,-0.543,-1.111,-0.741,-0.702,-0.582,-0.498,-0.367,-0.724,-0.561,-0.449,-0.673,-1.111,-0.608,-0.357,-0.629,-0.413,-0.493,-0.765,-0.474,-0.434,-0.39,10
-1.079,-0.469,-0.433,-0.276,-0.174,-0.074,-0.571,-0.33,-0.182,-0.528,-1.079,-0.548,-0.173,-0.556,-0.312,-0.422,-0.72,-0.375,-0.365,-0.307,-1.079,-0.69,-0.644,-0.511,-0.424,-0.326,-0.666,-0.529,-0.425,-0.665,-1.079,-0.636,-0.385,-0.626,-0.456,-0.529,-0.744,-0.513,-0.47,-0.456,10
-1.187,-0.649,-0.545,-0.429,-0.314,-0.204,-0.655,-0.389,-0.29,-0.494,-1.187,-0.724,-0.478,-0.695,-0.512,-0.576,-0.859,-0.584,-0.555,-0.571,-1.187,-0.761,-0.684,-0.602,-0.457,-0.375,-0.741,-0.54,-0.476,-0.738,-1.187,-0.666,-0.396,-0.634,-0.405,-0.49,-0.792,-0.482,-0.443,-0.475,10
-1.089,-0.464,-0.454,-0.239,-0.139,-0.041,-0.47,-0.237,-0.145,-0.444,-1.089,-0.565,-0.274,-0.579,-0.36,-0.495,-0.708,-0.394,-0.372,-0.322,-1.089,-0.657,-0.576,-0.465,-0.334,-0.265,-0.646,-0.446,-0.36,-0.571,-1.089,-0.567,-0.253,-0.558,-0.345,-0.433,-0.703,-0.403,-0.384,-0.349,10
-1.106,-0.639,-0.605,-0.443,-0.351,-0.239,-0.661,-0.445,-0.337,-0.614,-1.106,-0.74,-0.475,-0.711,-0.498,-0.527,-0.898,-0.619,-0.56,-0.617,-1.106,-0.751,-0.716,-0.64,-0.535,-0.429,-0.796,-0.611,-0.525,-0.778,-1.106,-0.662,-0.449,-0.658,-0.462,-0.562,-0.831,-0.539,-0.507,-0.551,10
-0.709,-0.21,-0.263,-0.039,-0.051,-0.008,-0.332,-0.201,-0.061,-0.317,-0.709,-0.347,-0.19,-0.431,-0.327,-0.496,-0.598,-0.373,-0.366,-0.368,-0.709,-0.411,-0.545,-0.293,-0.3,-0.222,-0.39,-0.33,-0.294,-0.542,-0.709,-0.334,-0.152,-0.382,-0.305,-0.447,-0.489,-0.342,-0.358,-0.336,10
-1.161,-0.603,-0.567,-0.362,-0.268,-0.166,-0.566,-0.345,-0.206,-0.453,-1.161,-0.708,-0.467,-0.665,-0.466,-0.532,-0.81,-0.539,-0.483,-0.524,-1.161,-0.717,-0.578,-0.539,-0.373,-0.316,-0.675,-0.449,-0.375,-0.575,-1.161,-0.597,-0.258,-0.595,-0.338,-0.454,-0.752,-0.411,-0.405,-0.389,10
-0.557,-0.146,-0.154,0.08,-0.005,0.047,-0.142,-0.051,0.038,-0.091,-0.557,-0.372,-0.214,-0.401,-0.362,-0.428,-0.525,-0.417,-0.373,-0.31,-0.557,-0.34,-0.679,-0.136,-0.284,-0.164,-0.215,-0.275,-0.152,-0.428,-0.557,-0.244,-0.145,-0.312,-0.225,-0.381,-0.433,-0.272,-0.259,-0.248,10
-0.275,-0.332,-0.36,-0.109,-0.109,-0.011,-0.219,-0.196,-0.09,-0.237,-0.275,-0.31,-0.049,-0.479,-0.312,-0.444,-0.653,-0.42,-0.424,-0.418,-0.275,-0.235,-0.446,-0.174,-0.275,-0.224,-0.282,-0.317,-0.315,-0.595,-0.275,-0.154,0.153,-0.363,-0.134,-0.227,-0.599,-0.291,-0.268,-0.213,10
-1.003,-0.413,-0.297,-0.167,-0.062,0.062,-0.423,-0.2,-0.044,-0.397,-1.003,-0.568,-0.211,-0.525,-0.268,-0.33,-0.682,-0.349,-0.304,-0.311,-1.003,-0.612,-0.608,-0.442,-0.341,-0.209,-0.581,-0.394,-0.293,-0.506,-1.003,-0.473,-0.408,-0.508,-0.416,-0.565,-0.622,-0.432,-0.389,-0.377,10
-1.139,-0.571,-0.54,-0.303,-0.28,-0.158,-0.546,-0.389,-0.22,-0.47,-1.139,-0.718,-0.408,-0.669,-0.463,-0.515,-0.815,-0.539,-0.496,-0.483,-1.139,-0.753,-0.766,-0.58,-0.497,-0.406,-0.732,-0.582,-0.481,-0.76,-1.139,-0.578,-0.406,-0.571,-0.424,-0.546,-0.718,-0.48,-0.457,-0.459,10
-0.597,-0.399,-0.57,-0.212,-0.238,-0.087,-0.43,-0.368,-0.2,-0.532,-0.597,-0.398,-0.464,-0.385,-0.432,-0.536,-0.578,-0.551,-0.545,-0.676,-0.597,-0.429,-0.636,-0.279,-0.346,-0.25,-0.401,-0.401,-0.33,-0.594,-0.597,-0.443,-0.379,-0.417,-0.351,-0.379,-0.595,-0.486,-0.441,-0.553,11
-0.992,-0.627,-0.561,-0.478,-0.357,-0.29,-0.675,-0.462,-0.387,-0.637,-0.992,-0.627,-0.394,-0.586,-0.396,-0.445,-0.76,-0.51,-0.454,-0.509,-0.992,-0.727,-0.819,-0.513,-0.468,-0.28,-0.659,-0.572,-0.413,-0.679,-0.992,-0.719,-0.651,-0.632,-0.54,-0.534,-0.769,-0.623,-0.555,-0.66,11
-0.921,-0.629,-0.763,-0.41,-0.421,-0.225,-0.59,-0.524,-0.356,-0.698,-0.921,-0.642,-0.556,-0.612,-0.509,-0.594,-0.757,-0.602,-0.562,-0.62,-0.921,-0.678,-0.823,-0.505,-0.499,-0.368,-0.616,-0.556,-0.458,-0.706,-0.921,-0.625,-0.55,-0.589,-0.463,-0.479,-0.769,-0.569,-0.522,-0.647,11
-1.093,-0.707,-0.642,-0.44,-0.367,-0.224,-0.718,-0.482,-0.249,-0.577,-1.093,-0.725,-0.532,-0.66,-0.511,-0.579,-0.832,-0.593,-0.526,-0.593,-1.093,-0.84,-0.959,-0.691,-0.671,-0.528,-0.82,-0.731,-0.635,-0.878,-1.093,-0.783,-0.589,-0.709,-0.526,-0.533,-0.875,-0.647,-0.577,-0.664,11
-1.053,-0.651,-0.602,-0.414,-0.284,-0.074,-0.632,-0.426,-0.272,-0.613,-1.053,-0.671,-0.394,-0.563,-0.324,-0.327,-0.722,-0.417,-0.308,-0.368,-1.053,-0.777,-0.795,-0.56,-0.474,-0.283,-0.687,-0.547,-0.397,-0.648,-1.053,-0.75,-0.586,-0.679,-0.508,-0.519,-0.84,-0.616,-0.56,-0.661,11
-1.07,-0.74,-0.691,-0.559,-0.427,-0.278,-0.733,-0.538,-0.401,-0.658,-1.07,-0.695,-0.464,-0.624,-0.397,-0.446,-0.804,-0.51,-0.455,-0.559,-1.07,-0.741,-0.681,-0.558,-0.401,-0.282,-0.731,-0.516,-0.415,-0.681,-1.07,-0.727,-0.496,-0.642,-0.429,-0.445,-0.815,-0.539,-0.474,-0.588,11
-0.939,-0.602,-0.615,-0.452,-0.392,-0.321,-0.672,-0.509,-0.408,-0.66,-0.939,-0.581,-0.438,-0.552,-0.423,-0.524,-0.752,-0.536,-0.518,-0.635,-0.939,-0.673,-0.679,-0.51,-0.387,-0.257,-0.647,-0.491,-0.395,-0.608,-0.939,-0.651,-0.444,-0.571,-0.381,-0.375,-0.721,-0.47,-0.389,-0.477,11
-1.235,-0.906,-0.824,-0.71,-0.582,-0.45,-0.875,-0.69,-0.547,-0.742,-1.235,-0.898,-0.682,-0.806,-0.638,-0.631,-0.957,-0.737,-0.649,-0.702,-1.235,-0.976,-1.038,-0.8,-0.749,-0.612,-0.936,-0.83,-0.703,-0.917,-1.235,-0.941,-0.797,-0.875,-0.731,-0.758,-1.033,-0.845,-0.796,-0.912,11
-1.009,-0.662,-0.556,-0.451,-0.356,-0.243,-0.632,-0.428,-0.309,-0.531,-1.009,-0.651,-0.387,-0.57,-0.372,-0.404,-0.743,-0.479,-0.412,-0.493,-1.009,-0.768,-0.84,-0.629,-0.556,-0.408,-0.762,-0.64,-0.544,-0.844,-1.009,-0.755,-0.66,-0.713,-0.602,-0.659,-0.887,-0.705,-0.686,-0.833,11
-1.165,-0.848,-0.756,-0.654,-0.556,-0.412,-0.825,-0.628,-0.497,-0.684,-1.165,-0.795,-0.614,-0.717,-0.565,-0.589,-0.874,-0.639,-0.566,-0.626,-1.165,-0.855,-0.873,-0.666,-0.566,-0.44,-0.828,-0.66,-0.531,-0.771,-1.165,-0.889,-0.68,-0.816,-0.642,-0.646,-0.974,-0.754,-0.698,-0.786,11
-1.047,-0.845,-0.92,-0.623,-0.649,-0.453,-0.74,-0.715,-0.551,-0.774,-1.047,-0.815,-0.649,-0.727,-0.609,-0.588,-0.875,-0.717,-0.623,-0.698,-1.047,-0.8,-0.879,-0.626,-0.579,-0.433,-0.776,-0.686,-0.584,-0.862,-1.047,-0.772,-0.572,-0.735,-0.558,-0.568,-0.909,-0.696,-0.655,-0.767,11
-0.832,-0.585,-0.697,-0.385,-0.392,-0.263,-0.602,-0.53,-0.38,-0.73,-0.832,-0.606,-0.52,-0.579,-0.491,-0.592,-0.737,-0.594,-0.566,-0.662,-0.832,-0.617,-0.775,-0.429,-0.444,-0.332,-0.57,-0.531,-0.451,-0.759,-0.832,-0.634,-0.524,-0.6,-0.479,-0.545,-0.768,-0.593,-0.549,-0.652,11
-1.145,-0.738,-0.681,-0.52,-0.436,-0.297,-0.772,-0.594,-0.419,-0.744,-1.145,-0.739,-0.512,-0.679,-0.492,-0.569,-0.856,-0.592,-0.528,-0.588,-1.145,-0.786,-0.791,-0.587,-0.476,-0.351,-0.78,-0.611,-0.511,-0.796,-1.145,-0.781,-0.56,-0.7,-0.517,-0.542,-0.863,-0.623,-0.564,-0.644,11
-1.159,-0.88,-0.772,-0.701,-0.577,-0.45,-0.862,-0.675,-0.551,-0.748,-1.159,-0.857,-0.651,-0.786,-0.616,-0.646,-0.95,-0.724,-0.681,-0.766,-1.159,-0.935,-0.935,-0.81,-0.709,-0.602,-0.922,-0.769,-0.693,-0.876,-1.159,-0.913,-0.749,-0.866,-0.71,-0.723,-1.021,-0.83,-0.796,-0.903,11
-1.101,-0.681,-0.564,-0.374,-0.295,-0.115,-0.644,-0.443,-0.25,-0.549,-1.101,-0.665,-0.307,-0.572,-0.335,-0.391,-0.729,-0.432,-0.345,-0.363,-1.101,-0.734,-0.815,-0.476,-0.419,-0.222,-0.704,-0.577,-0.384,-0.742,-1.101,-0.729,-0.605,-0.639,-0.511,-0.557,-0.807,-0.605,-0.528,-0.639,11
-1.091,-0.726,-0.697,-0.541,-0.443,-0.346,-0.728,-0.529,-0.414,-0.636,-1.091,-0.74,-0.589,-0.664,-0.526,-0.593,-0.812,-0.6,-0.552,-0.612,-1.091,-0.796,-0.909,-0.584,-0.539,-0.39,-0.752,-0.623,-0.488,-0.78,-1.091,-0.788,-0.698,-0.72,-0.626,-0.7,-0.878,-0.72,-0.695,-0.832,11
-1.285,-0.907,-0.806,-0.733,-0.571,-0.422,-0.924,-0.713,-0.571,-0.824,-1.285,-0.868,-0.616,-0.781,-0.562,-0.575,-0.944,-0.667,-0.573,-0.636,-1.285,-0.97,-0.968,-0.766,-0.655,-0.487,-0.934,-0.782,-0.644,-0.912,-1.285,-0.986,-0.822,-0.896,-0.721,-0.69,-1.044,-0.829,-0.754,-0.864,11
-1.135,-0.878,-0.754,-0.726,-0.607,-0.483,-0.855,-0.692,-0.592,-0.759,-1.135,-0.865,-0.659,-0.82,-0.632,-0.645,-0.985,-0.742,-0.679,-0.741,-1.135,-0.922,-0.976,-0.741,-0.682,-0.558,-0.881,-0.773,-0.664,-0.865,-1.135,-0.913,-0.738,-0.856,-0.701,-0.682,-1.016,-0.815,-0.764,-0.849,11
-1.093,-0.728,-0.529,-0.45,-0.323,-0.166,-0.685,-0.412,-0.237,-0.468,-1.093,-0.694,-0.436,-0.607,-0.445,-0.487,-0.782,-0.534,-0.466,-0.525,-1.093,-0.814,-0.9,-0.67,-0.616,-0.464,-0.828,-0.694,-0.582,-0.876,-1.093,-0.804,-0.604,-0.746,-0.56,-0.553,-0.931,-0.679,-0.626,-0.734,11
-1.034,-0.812,-0.863,-0.648,-0.626,-0.506,-0.763,-0.685,-0.567,-0.753,-1.034,-0.771,-0.672,-0.728,-0.626,-0.693,-0.877,-0.728,-0.68,-0.789,-1.034,-0.794,-0.838,-0.65,-0.598,-0.504,-0.794,-0.688,-0.603,-0.854,-1.034,-0.801,-0.652,-0.789,-0.641,-0.665,-0.963,-0.778,-0.751,-0.865,11
-1.237,-0.843,-0.69,-0.651,-0.485,-0.35,-0.862,-0.601,-0.45,-0.697,-1.237,-0.811,-0.533,-0.693,-0.488,-0.51,-0.859,-0.584,-0.505,-0.577,-1.237,-0.91,-0.916,-0.705,-0.601,-0.438,-0.883,-0.722,-0.578,-0.87,-1.237,-0.9,-0.72,-0.81,-0.647,-0.674,-0.969,-0.758,-0.704,-0.821,11
-1.207,-0.861,-0.695,-0.61,-0.5,-0.373,-0.815,-0.599,-0.483,-0.703,-1.207,-0.853,-0.569,-0.771,-0.558,-0.584,-0.941,-0.668,-0.611,-0.669,-1.207,-0.915,-0.949,-0.718,-0.661,-0.506,-0.907,-0.776,-0.638,-0.877,-1.207,-0.864,-0.693,-0.793,-0.644,-0.652,-0.981,-0.756,-0.682,-0.771,11
-0.864,-0.629,-0.59,-0.39,-0.377,-0.215,-0.527,-0.415,-0.263,-0.442,-0.864,-0.577,-0.256,-0.552,-0.367,-0.417,-0.731,-0.483,-0.456,-0.45,-0.864,-0.604,-0.697,-0.415,-0.411,-0.326,-0.558,-0.493,-0.418,-0.654,-0.864,-0.597,-0.429,-0.592,-0.455,-0.505,-0.801,-0.591,-0.567,-0.672,11
-0.948,-0.653,-0.55,-0.428,-0.289,-0.141,-0.586,-0.382,-0.242,-0.465,-0.948,-0.609,-0.439,-0.561,-0.41,-0.475,-0.716,-0.48,-0.419,-0.477,-0.948,-0.686,-0.764,-0.524,-0.472,-0.361,-0.664,-0.562,-0.47,-0.745,-0.948,-0.659,-0.514,-0.641,-0.516,-0.548,-0.836,-0.648,-0.608,-0.71,11
-0.934,-0.699,-0.549,-0.405,-0.351,-0.159,-0.601,-0.407,-0.254,-0.394,-0.934,-0.68,-0.428,-0.632,-0.439,-0.463,-0.773,-0.512,-0.454,-0.428,-0.934,-0.713,-0.819,-0.53,-0.514,-0.394,-0.626,-0.56,-0.453,-0.651,-0.934,-0.635,-0.444,-0.571,-0.417,-0.463,-0.762,-0.552,-0.515,-0.626,11
-0.702,-0.506,-0.505,-0.285,-0.326,-0.156,-0.483,-0.401,-0.225,-0.467,-0.702,-0.501,-0.31,-0.494,-0.393,-0.453,-0.691,-0.508,-0.481,-0.512,-0.702,-0.544,-0.824,-0.368,-0.471,-0.368,-0.494,-0.54,-0.457,-0.733,-0.702,-0.515,-0.401,-0.506,-0.404,-0.462,-0.694,-0.532,-0.516,-0.613,11
-1.016,-0.693,-0.607,-0.516,-0.405,-0.327,-0.679,-0.49,-0.385,-0.581,-1.016,-0.696,-0.47,-0.63,-0.456,-0.459,-0.794,-0.559,-0.477,-0.538,-1.016,-0.755,-0.809,-0.601,-0.543,-0.4,-0.757,-0.616,-0.491,-0.745,-1.016,-0.739,-0.615,-0.701,-0.573,-0.608,-0.862,-0.674,-0.639,-0.752,11
-0.995,-0.723,-0.768,-0.557,-0.52,-0.39,-0.765,-0.623,-0.503,-0.804,-0.995,-0.71,-0.575,-0.687,-0.548,-0.596,-0.868,-0.659,-0.611,-0.687,-0.995,-0.75,-0.886,-0.613,-0.594,-0.472,-0.737,-0.658,-0.574,-0.825,-0.995,-0.769,-0.619,-0.726,-0.595,-0.617,-0.895,-0.719,-0.669,-0.748,11
-1.192,-0.796,-0.677,-0.55,-0.402,-0.225,-0.727,-0.481,-0.321,-0.528,-1.192,-0.776,-0.473,-0.679,-0.463,-0.481,-0.834,-0.539,-0.484,-0.491,-1.192,-0.848,-0.852,-0.641,-0.568,-0.424,-0.81,-0.644,-0.527,-0.767,-1.192,-0.81,-0.598,-0.739,-0.56,-0.585,-0.919,-0.665,-0.612,-0.709,11
-0.933,-0.624,-0.592,-0.42,-0.344,-0.226,-0.612,-0.467,-0.343,-0.637,-0.933,-0.603,-0.253,-0.583,-0.344,-0.345,-0.769,-0.467,-0.378,-0.378,-0.933,-0.68,-0.806,-0.542,-0.501,-0.359,-0.697,-0.587,-0.493,-0.792,-0.933,-0.691,-0.563,-0.672,-0.537,-0.558,-0.857,-0.66,-0.604,-0.719,11
-0.911,-0.606,-0.584,-0.363,-0.307,-0.149,-0.55,-0.407,-0.235,-0.519,-0.911,-0.603,-0.264,-0.552,-0.351,-0.341,-0.705,-0.439,-0.353,-0.325,-0.911,-0.635,-0.768,-0.485,-0.444,-0.298,-0.65,-0.528,-0.423,-0.723,-0.911,-0.626,-0.503,-0.613,-0.475,-0.54,-0.802,-0.596,-0.565,-0.707,11
-1.187,-0.789,-0.684,-0.525,-0.399,-0.256,-0.778,-0.554,-0.365,-0.624,-1.187,-0.824,-0.664,-0.704,-0.548,-0.568,-0.865,-0.641,-0.546,-0.639,-1.187,-0.884,-0.923,-0.666,-0.602,-0.405,-0.845,-0.716,-0.548,-0.829,-1.187,-0.842,-0.604,-0.738,-0.534,-0.521,-0.89,-0.631,-0.563,-0.66,11
-0.898,-0.579,-0.494,-0.369,-0.251,-0.088,-0.559,-0.344,-0.189,-0.461,-0.898,-0.557,-0.368,-0.501,-0.349,-0.41,-0.671,-0.44,-0.396,-0.472,-0.898,-0.619,-0.724,-0.405,-0.363,-0.238,-0.59,-0.498,-0.374,-0.64,-0.898,-0.63,-0.414,-0.551,-0.378,-0.379,-0.72,-0.498,-0.446,-0.539,11
-1.239,-0.832,-0.693,-0.653,-0.504,-0.405,-0.858,-0.618,-0.507,-0.732,-1.239,-0.849,-0.588,-0.789,-0.559,-0.595,-0.951,-0.67,-0.6,-0.658,-1.239,-0.914,-0.865,-0.725,-0.596,-0.467,-0.875,-0.695,-0.592,-0.825,-1.239,-0.921,-0.696,-0.824,-0.626,-0.611,-0.974,-0.732,-0.648,-0.729,11
-1.111,-0.806,-0.635,-0.618,-0.477,-0.369,-0.786,-0.564,-0.446,-0.576,-1.111,-0.777,-0.469,-0.721,-0.511,-0.506,-0.88,-0.622,-0.549,-0.559,-1.111,-0.827,-0.799,-0.666,-0.566,-0.445,-0.794,-0.638,-0.541,-0.752,-1.111,-0.855,-0.638,-0.796,-0.613,-0.599,-0.953,-0.742,-0.683,-0.783,11
-0.92,-0.666,-0.607,-0.454,-0.411,-0.256,-0.635,-0.496,-0.36,-0.56,-0.92,-0.637,-0.458,-0.605,-0.443,-0.515,-0.778,-0.54,-0.5,-0.584,-0.92,-0.708,-0.795,-0.565,-0.543,-0.47,-0.693,-0.602,-0.516,-0.722,-0.92,-0.694,-0.511,-0.664,-0.52,-0.54,-0.834,-0.649,-0.613,-0.704,11
-0.922,-0.651,-0.743,-0.471,-0.439,-0.315,-0.644,-0.548,-0.412,-0.697,-0.922,-0.658,-0.602,-0.622,-0.54,-0.612,-0.796,-0.651,-0.59,-0.703,-0.922,-0.679,-0.79,-0.539,-0.52,-0.411,-0.71,-0.6,-0.494,-0.786,-0.922,-0.676,-0.575,-0.64,-0.537,-0.571,-0.804,-0.647,-0.596,-0.696,11
-0.817,-0.62,-0.717,-0.424,-0.434,-0.273,-0.56,-0.501,-0.347,-0.582,-0.817,-0.596,-0.486,-0.574,-0.468,-0.541,-0.718,-0.566,-0.53,-0.619,-0.817,-0.604,-0.716,-0.461,-0.449,-0.351,-0.607,-0.535,-0.446,-0.703,-0.817,-0.611,-0.494,-0.608,-0.477,-0.523,-0.778,-0.602,-0.586,-0.7,11
-1.195,-0.778,-0.66,-0.581,-0.397,-0.246,-0.784,-0.523,-0.38,-0.657,-1.195,-0.793,-0.581,-0.703,-0.504,-0.543,-0.862,-0.599,-0.528,-0.621,-1.195,-0.896,-0.936,-0.728,-0.639,-0.52,-0.86,-0.719,-0.625,-0.867,-1.195,-0.865,-0.659,-0.78,-0.587,-0.588,-0.93,-0.693,-0.627,-0.706,11
-0.844,-0.488,-0.488,-0.177,-0.154,-0.028,-0.467,-0.282,-0.114,-0.463,-0.844,-0.497,-0.292,-0.432,-0.32,-0.396,-0.604,-0.399,-0.346,-0.413,-0.844,-0.64,-0.88,-0.495,-0.534,-0.372,-0.631,-0.59,-0.5,-0.842,-0.844,-0.567,-0.496,-0.53,-0.466,-0.512,-0.728,-0.577,-0.536,-0.648,11
-1.065,-0.816,-0.701,-0.677,-0.519,-0.406,-0.8,-0.606,-0.517,-0.64,-1.065,-0.797,-0.567,-0.742,-0.543,-0.548,-0.891,-0.647,-0.61,-0.695,-1.065,-0.815,-0.803,-0.684,-0.583,-0.51,-0.812,-0.67,-0.603,-0.813,-1.065,-0.814,-0.599,-0.757,-0.573,-0.599,-0.92,-0.703,-0.659,-0.778,11
-1.176,-0.772,-0.639,-0.554,-0.406,-0.24,-0.769,-0.518,-0.347,-0.609,-1.176,-0.774,-0.548,-0.652,-0.479,-0.483,-0.815,-0.577,-0.486,-0.556,-1.176,-0.866,-0.875,-0.671,-0.583,-0.408,-0.834,-0.682,-0.536,-0.819,-1.176,-0.845,-0.601,-0.761,-0.56,-0.557,-0.921,-0.677,-0.605,-0.684,11
-0.911,-0.641,-0.589,-0.411,-0.348,-0.246,-0.616,-0.465,-0.339,-0.596,-0.911,-0.606,-0.366,-0.584,-0.42,-0.493,-0.776,-0.544,-0.518,-0.584,-0.911,-0.678,-0.819,-0.552,-0.548,-0.481,-0.685,-0.617,-0.559,-0.835,-0.911,-0.642,-0.506,-0.602,-0.472,-0.527,-0.79,-0.581,-0.559,-0.67,11
-0.83,-0.558,-0.584,-0.35,-0.314,-0.206,-0.534,-0.45,-0.316,-0.618,-0.83,-0.537,-0.471,-0.555,-0.483,-0.59,-0.744,-0.599,-0.574,-0.653,-0.83,-0.608,-0.785,-0.447,-0.519,-0.406,-0.597,-0.583,-0.494,-0.732,-0.83,-0.565,-0.402,-0.554,-0.419,-0.471,-0.743,-0.549,-0.512,-0.588,11
-0.696,-0.467,-0.568,-0.254,-0.352,-0.245,-0.484,-0.438,-0.318,-0.615,-0.696,-0.432,-0.21,-0.474,-0.327,-0.453,-0.665,-0.46,-0.461,-0.503,-0.696,-0.445,-0.652,-0.283,-0.319,-0.208,-0.428,-0.383,-0.292,-0.591,-0.696,-0.451,-0.417,-0.46,-0.421,-0.541,-0.658,-0.538,-0.546,-0.609,11
-1.107,-0.709,-0.51,-0.537,-0.347,-0.271,-0.747,-0.461,-0.358,-0.534,-1.107,-0.72,-0.385,-0.669,-0.391,-0.441,-0.836,-0.507,-0.448,-0.491,-1.107,-0.81,-0.84,-0.606,-0.513,-0.332,-0.763,-0.635,-0.491,-0.777,-1.107,-0.786,-0.634,-0.683,-0.534,-0.547,-0.835,-0.637,-0.564,-0.658,11
-1.064,-0.751,-0.877,-0.537,-0.535,-0.363,-0.692,-0.612,-0.468,-0.763,-1.064,-0.746,-0.656,-0.653,-0.567,-0.594,-0.804,-0.655,-0.588,-0.676,-1.064,-0.787,-0.863,-0.596,-0.566,-0.397,-0.752,-0.658,-0.511,-0.779,-1.064,-0.763,-0.661,-0.738,-0.615,-0.64,-0.905,-0.717,-0.686,-0.79,11
-1.057,-0.671,-0.684,-0.397,-0.33,-0.131,-0.656,-0.482,-0.277,-0.602,-1.057,-0.679,-0.546,-0.576,-0.475,-0.499,-0.745,-0.568,-0.485,-0.562,-1.057,-0.809,-0.886,-0.661,-0.593,-0.461,-0.774,-0.665,-0.589,-0.845,-1.057,-0.742,-0.627,-0.66,-0.547,-0.559,-0.822,-0.654,-0.608,-0.731,11
-1.141,-0.836,-0.687,-0.631,-0.476,-0.364,-0.837,-0.605,-0.49,-0.734,-1.141,-0.814,-0.442,-0.75,-0.492,-0.513,-0.941,-0.628,-0.584,-0.663,-1.141,-0.912,-0.899,-0.764,-0.671,-0.579,-0.903,-0.771,-0.695,-0.921,-1.141,-0.873,-0.692,-0.837,-0.669,-0.676,-1.001,-0.781,-0.744,-0.844,11
-0.445,-0.271,-0.282,-0.181,-0.151,-0.062,-0.382,-0.268,-0.225,-0.485,-0.445,-0.31,-0.139,-0.371,-0.25,-0.359,-0.58,-0.414,-0.409,-0.494,-0.445,-0.321,-0.497,-0.18,-0.208,-0.111,-0.305,-0.269,-0.207,-0.516,-0.445,-0.325,-0.168,-0.328,-0.207,-0.233,-0.484,-0.325,-0.296,-0.372,11
-0.709,-0.415,-0.514,-0.223,-0.291,-0.206,-0.452,-0.413,-0.284,-0.592,-0.709,-0.413,-0.168,-0.463,-0.322,-0.478,-0.637,-0.429,-0.444,-0.465,-0.709,-0.481,-0.696,-0.331,-0.37,-0.268,-0.445,-0.404,-0.334,-0.617,-0.709,-0.475,-0.395,-0.461,-0.384,-0.457,-0.636,-0.497,-0.462,-0.542,11
-1.098,-0.704,-0.587,-0.455,-0.351,-0.218,-0.677,-0.467,-0.319,-0.611,-1.098,-0.725,-0.42,-0.664,-0.462,-0.514,-0.831,-0.568,-0.507,-0.554,-1.098,-0.826,-0.833,-0.646,-0.556,-0.409,-0.797,-0.66,-0.533,-0.784,-1.098,-0.794,-0.65,-0.739,-0.588,-0.617,-0.911,-0.702,-0.662,-0.777,11
-1.051,-0.706,-0.705,-0.486,-0.439,-0.258,-0.671,-0.548,-0.381,-0.673,-1.051,-0.69,-0.498,-0.634,-0.498,-0.512,-0.799,-0.591,-0.526,-0.574,-1.051,-0.746,-0.824,-0.584,-0.51,-0.388,-0.763,-0.615,-0.511,-0.835,-1.051,-0.744,-0.639,-0.704,-0.586,-0.656,-0.885,-0.705,-0.676,-0.819,11
-0.851,-0.5,-0.549,-0.243,-0.288,-0.176,-0.56,-0.402,-0.23,-0.574,-0.851,-0.502,-0.349,-0.485,-0.396,-0.544,-0.644,-0.449,-0.428,-0.468,-0.851,-0.588,-0.763,-0.413,-0.416,-0.286,-0.551,-0.472,-0.379,-0.666,-0.851,-0.59,-0.436,-0.528,-0.409,-0.442,-0.687,-0.509,-0.448,-0.509,11
-0.776,-0.535,-0.582,-0.384,-0.383,-0.282,-0.547,-0.459,-0.36,-0.632,-0.776,-0.529,-0.244,-0.476,-0.274,-0.253,-0.662,-0.414,-0.329,-0.388,-0.776,-0.589,-0.664,-0.437,-0.402,-0.268,-0.548,-0.45,-0.342,-0.597,-0.776,-0.624,-0.494,-0.625,-0.501,-0.527,-0.776,-0.608,-0.578,-0.669,11
-0.722,-0.459,-0.562,-0.212,-0.294,-0.168,-0.423,-0.39,-0.248,-0.558,-0.722,-0.438,-0.184,-0.477,-0.335,-0.469,-0.637,-0.428,-0.433,-0.434,-0.722,-0.489,-0.72,-0.344,-0.392,-0.303,-0.455,-0.423,-0.372,-0.662,-0.722,-0.486,-0.378,-0.469,-0.371,-0.457,-0.643,-0.48,-0.454,-0.525,11
-1.09,-0.778,-0.707,-0.55,-0.44,-0.293,-0.758,-0.546,-0.384,-0.669,-1.09,-0.749,-0.534,-0.667,-0.498,-0.556,-0.838,-0.583,-0.525,-0.603,-1.09,-0.796,-0.861,-0.616,-0.564,-0.411,-0.784,-0.674,-0.548,-0.821,-1.09,-0.784,-0.652,-0.712,-0.569,-0.597,-0.881,-0.686,-0.629,-0.751,11
-0.377,-0.365,-0.508,-0.114,-0.212,-0.051,-0.293,-0.305,-0.141,-0.446,-0.377,-0.342,-0.121,-0.378,-0.263,-0.35,-0.595,-0.423,-0.388,-0.519,-0.377,-0.347,-0.705,-0.224,-0.37,-0.261,-0.386,-0.453,-0.368,-0.773,-0.377,-0.283,-0.284,-0.344,-0.316,-0.403,-0.564,-0.465,-0.468,-0.614,11
-1.26,-0.941,-0.847,-0.753,-0.617,-0.485,-0.936,-0.749,-0.616,-0.848,-1.26,-0.933,-0.703,-0.864,-0.665,-0.658,-1.045,-0.796,-0.73,-0.818,-1.26,-1.034,-0.97,-0.931,-0.804,-0.728,-1.047,-0.893,-0.828,-1.015,-1.26,-0.957,-0.775,-0.899,-0.721,-0.72,-1.065,-0.833,-0.776,-0.895,11
-1.272,-0.96,-0.859,-0.756,-0.669,-0.479,-0.914,-0.734,-0.592,-0.776,-1.272,-0.923,-0.678,-0.833,-0.629,-0.622,-0.987,-0.722,-0.64,-0.695,-1.272,-0.984,-0.947,-0.789,-0.657,-0.531,-0.928,-0.746,-0.622,-0.829,-1.272,-0.951,-0.674,-0.858,-0.632,-0.621,-1.016,-0.746,-0.675,-0.753,11
-1.182,-0.811,-0.768,-0.608,-0.509,-0.385,-0.853,-0.642,-0.476,-0.766,-1.182,-0.785,-0.597,-0.737,-0.557,-0.631,-0.903,-0.653,-0.601,-0.663,-1.182,-0.87,-0.935,-0.696,-0.615,-0.478,-0.844,-0.711,-0.603,-0.865,-1.182,-0.879,-0.688,-0.798,-0.619,-0.632,-0.965,-0.739,-0.68,-0.771,11
-0.974,-0.729,-0.721,-0.554,-0.468,-0.349,-0.732,-0.573,-0.456,-0.688,-0.974,-0.691,-0.537,-0.661,-0.523,-0.615,-0.849,-0.626,-0.615,-0.728,-0.974,-0.723,-0.799,-0.576,-0.533,-0.442,-0.734,-0.649,-0.575,-0.847,-0.974,-0.712,-0.574,-0.666,-0.517,-0.552,-0.844,-0.64,-0.597,-0.722,11
-0.946,-0.661,-0.688,-0.462,-0.398,-0.259,-0.709,-0.546,-0.369,-0.681,-0.946,-0.648,-0.507,-0.621,-0.493,-0.582,-0.792,-0.599,-0.566,-0.62,-0.946,-0.698,-0.843,-0.502,-0.52,-0.378,-0.639,-0.611,-0.494,-0.791,-0.946,-0.71,-0.618,-0.65,-0.565,-0.585,-0.812,-0.685,-0.624,-0.716,11
-1.1,-0.648,-0.512,-0.418,-0.253,-0.119,-0.66,-0.397,-0.216,-0.501,-1.1,-0.654,-0.355,-0.591,-0.348,-0.418,-0.785,-0.453,-0.391,-0.458,-1.1,-0.788,-0.783,-0.633,-0.526,-0.421,-0.818,-0.648,-0.55,-0.827,-1.1,-0.73,-0.493,-0.672,-0.461,-0.508,-0.86,-0.591,-0.549,-0.651,11
-1.138,-0.815,-0.719,-0.63,-0.482,-0.336,-0.818,-0.617,-0.482,-0.736,-1.138,-0.794,-0.557,-0.734,-0.525,-0.534,-0.923,-0.656,-0.595,-0.684,-1.138,-0.886,-0.834,-0.775,-0.645,-0.578,-0.906,-0.748,-0.692,-0.902,-1.138,-0.835,-0.652,-0.779,-0.599,-0.6,-0.949,-0.711,-0.651,-0.771,11
-0.828,-0.539,-0.599,-0.356,-0.323,-0.237,-0.526,-0.422,-0.306,-0.584,-0.828,-0.516,-0.454,-0.461,-0.377,-0.463,-0.631,-0.487,-0.438,-0.574,-0.828,-0.608,-0.732,-0.431,-0.435,-0.307,-0.577,-0.512,-0.402,-0.721,-0.828,-0.64,-0.568,-0.602,-0.538,-0.576,-0.748,-0.639,-0.61,-0.7,11
-1.166,-0.786,-0.602,-0.549,-0.426,-0.29,-0.769,-0.504,-0.359,-0.579,-1.166,-0.741,-0.458,-0.647,-0.458,-0.489,-0.824,-0.553,-0.487,-0.552,-1.166,-0.858,-0.92,-0.705,-0.627,-0.472,-0.87,-0.714,-0.596,-0.893,-1.166,-0.868,-0.724,-0.802,-0.654,-0.664,-0.968,-0.757,-0.716,-0.842,11
-1.163,-0.893,-0.891,-0.664,-0.611,-0.416,-0.84,-0.718,-0.532,-0.77,-1.163,-0.87,-0.601,-0.786,-0.592,-0.573,-0.951,-0.697,-0.602,-0.653,-1.163,-0.905,-0.949,-0.729,-0.65,-0.497,-0.881,-0.756,-0.636,-0.896,-1.163,-0.868,-0.735,-0.824,-0.687,-0.704,-0.998,-0.813,-0.766,-0.887,11
-0.772,-0.507,-0.631,-0.349,-0.363,-0.223,-0.547,-0.46,-0.37,-0.678,-0.772,-0.465,-0.287,-0.453,-0.348,-0.421,-0.652,-0.467,-0.456,-0.502,-0.772,-0.541,-0.674,-0.354,-0.354,-0.213,-0.511,-0.429,-0.321,-0.648,-0.772,-0.573,-0.472,-0.532,-0.456,-0.486,-0.688,-0.552,-0.511,-0.604,11
-1.003,-0.675,-0.806,-0.459,-0.468,-0.308,-0.619,-0.54,-0.402,-0.698,-1.003,-0.704,-0.674,-0.617,-0.575,-0.613,-0.769,-0.66,-0.596,-0.681,-1.003,-0.76,-0.857,-0.576,-0.569,-0.423,-0.72,-0.644,-0.512,-0.76,-1.003,-0.718,-0.605,-0.699,-0.58,-0.629,-0.863,-0.68,-0.665,-0.757,11
-0.963,-0.709,-0.673,-0.533,-0.45,-0.347,-0.678,-0.519,-0.41,-0.632,-0.963,-0.686,-0.432,-0.622,-0.452,-0.447,-0.78,-0.544,-0.467,-0.496,-0.963,-0.718,-0.842,-0.512,-0.494,-0.3,-0.66,-0.58,-0.451,-0.753,-0.963,-0.703,-0.64,-0.653,-0.567,-0.616,-0.816,-0.662,-0.628,-0.752,11
-0.757,-0.54,-0.539,-0.382,-0.326,-0.25,-0.527,-0.406,-0.324,-0.552,-0.757,-0.49,-0.317,-0.421,-0.263,-0.238,-0.58,-0.377,-0.289,-0.386,-0.757,-0.573,-0.623,-0.439,-0.389,-0.258,-0.545,-0.46,-0.362,-0.597,-0.757,-0.547,-0.476,-0.498,-0.407,-0.403,-0.66,-0.507,-0.457,-0.58,11
-0.969,-0.609,-0.618,-0.374,-0.353,-0.254,-0.679,-0.495,-0.347,-0.713,-0.969,-0.624,-0.428,-0.614,-0.463,-0.576,-0.8,-0.577,-0.547,-0.614,-0.969,-0.679,-0.789,-0.516,-0.485,-0.325,-0.663,-0.546,-0.427,-0.718,-0.969,-0.685,-0.592,-0.633,-0.512,-0.569,-0.808,-0.622,-0.588,-0.685,11
-1.151,-0.817,-0.683,-0.625,-0.485,-0.366,-0.81,-0.582,-0.452,-0.678,-1.151,-0.797,-0.577,-0.722,-0.537,-0.549,-0.899,-0.652,-0.594,-0.69,-1.151,-0.91,-0.94,-0.791,-0.716,-0.593,-0.914,-0.785,-0.704,-0.94,-1.151,-0.882,-0.717,-0.836,-0.679,-0.692,-1.0,-0.8,-0.762,-0.863,11
-1.125,-0.741,-0.652,-0.534,-0.393,-0.257,-0.728,-0.524,-0.394,-0.649,-1.125,-0.712,-0.472,-0.634,-0.422,-0.458,-0.814,-0.524,-0.458,-0.54,-1.125,-0.813,-0.804,-0.647,-0.527,-0.375,-0.806,-0.616,-0.497,-0.77,-1.125,-0.776,-0.623,-0.705,-0.546,-0.57,-0.882,-0.658,-0.598,-0.718,11
-0.947,-0.7,-0.796,-0.533,-0.508,-0.345,-0.719,-0.617,-0.472,-0.753,-0.947,-0.692,-0.622,-0.666,-0.585,-0.657,-0.863,-0.704,-0.657,-0.759,-0.947,-0.752,-0.844,-0.611,-0.57,-0.449,-0.768,-0.676,-0.583,-0.845,-0.947,-0.741,-0.639,-0.712,-0.607,-0.641,-0.885,-0.737,-0.709,-0.836,11
-0.95,-0.662,-0.591,-0.405,-0.338,-0.199,-0.562,-0.4,-0.243,-0.413,-0.95,-0.65,-0.388,-0.567,-0.404,-0.442,-0.728,-0.499,-0.452,-0.505,-0.95,-0.682,-0.725,-0.509,-0.456,-0.323,-0.656,-0.538,-0.428,-0.659,-0.95,-0.64,-0.487,-0.599,-0.449,-0.469,-0.787,-0.579,-0.545,-0.673,11
-1.073,-0.715,-0.735,-0.493,-0.427,-0.276,-0.725,-0.549,-0.373,-0.653,-1.073,-0.707,-0.555,-0.654,-0.512,-0.585,-0.826,-0.602,-0.544,-0.62,-1.073,-0.801,-0.899,-0.622,-0.562,-0.441,-0.761,-0.653,-0.557,-0.811,-1.073,-0.78,-0.636,-0.722,-0.588,-0.595,-0.885,-0.692,-0.647,-0.741,11
-0.993,-0.682,-0.637,-0.513,-0.417,-0.294,-0.715,-0.545,-0.443,-0.727,-0.993,-0.7,-0.418,-0.666,-0.439,-0.462,-0.854,-0.594,-0.543,-0.631,-0.993,-0.797,-0.888,-0.695,-0.652,-0.584,-0.813,-0.717,-0.674,-0.889,-0.993,-0.78,-0.694,-0.733,-0.634,-0.646,-0.898,-0.739,-0.681,-0.786,11
-1.211,-0.78,-0.661,-0.591,-0.439,-0.292,-0.824,-0.558,-0.395,-0.66,-1.211,-0.804,-0.604,-0.721,-0.56,-0.608,-0.896,-0.665,-0.59,-0.676,-1.211,-0.913,-0.91,-0.737,-0.64,-0.488,-0.892,-0.732,-0.599,-0.863,-1.211,-0.89,-0.623,-0.807,-0.597,-0.586,-0.967,-0.717,-0.651,-0.727,11
-1.219,-0.794,-0.737,-0.55,-0.45,-0.278,-0.805,-0.604,-0.406,-0.689,-1.219,-0.832,-0.702,-0.731,-0.598,-0.617,-0.9,-0.7,-0.608,-0.7,-1.219,-0.916,-0.969,-0.714,-0.665,-0.441,-0.892,-0.785,-0.609,-0.927,-1.219,-0.875,-0.689,-0.766,-0.585,-0.575,-0.917,-0.688,-0.611,-0.733,11
-1.118,-0.682,-0.523,-0.454,-0.296,-0.21,-0.707,-0.432,-0.271,-0.507,-1.118,-0.695,-0.393,-0.642,-0.403,-0.499,-0.826,-0.502,-0.452,-0.521,-1.118,-0.824,-0.844,-0.692,-0.602,-0.496,-0.849,-0.694,-0.611,-0.864,-1.118,-0.779,-0.588,-0.706,-0.518,-0.548,-0.884,-0.642,-0.581,-0.703,11
-1.177,-0.805,-0.688,-0.597,-0.505,-0.392,-0.787,-0.587,-0.466,-0.64,-1.177,-0.798,-0.594,-0.738,-0.581,-0.62,-0.887,-0.67,-0.611,-0.658,-1.177,-0.873,-0.863,-0.691,-0.583,-0.468,-0.85,-0.677,-0.571,-0.802,-1.177,-0.892,-0.642,-0.803,-0.606,-0.586,-0.968,-0.735,-0.663,-0.753,11
-0.956,-0.675,-0.546,-0.511,-0.36,-0.274,-0.668,-0.449,-0.353,-0.543,-0.956,-0.647,-0.516,-0.617,-0.481,-0.534,-0.792,-0.577,-0.52,-0.612,-0.956,-0.73,-0.768,-0.607,-0.548,-0.479,-0.722,-0.624,-0.57,-0.793,-0.956,-0.718,-0.562,-0.701,-0.568,-0.583,-0.871,-0.696,-0.655,-0.757,11
-1.029,-0.678,-0.75,-0.466,-0.439,-0.283,-0.67,-0.558,-0.411,-0.72,-1.029,-0.676,-0.554,-0.609,-0.497,-0.567,-0.781,-0.607,-0.571,-0.665,-1.029,-0.756,-0.854,-0.614,-0.584,-0.475,-0.763,-0.667,-0.569,-0.828,-1.029,-0.723,-0.672,-0.69,-0.598,-0.643,-0.868,-0.705,-0.675,-0.815,11
-1.265,-0.907,-0.832,-0.701,-0.574,-0.408,-0.884,-0.698,-0.552,-0.809,-1.265,-0.854,-0.603,-0.748,-0.543,-0.548,-0.901,-0.635,-0.548,-0.604,-1.265,-0.931,-0.946,-0.714,-0.607,-0.437,-0.9,-0.739,-0.588,-0.884,-1.265,-0.945,-0.767,-0.866,-0.681,-0.683,-1.028,-0.792,-0.73,-0.843,11
-1.043,-0.684,-0.714,-0.438,-0.426,-0.246,-0.693,-0.538,-0.358,-0.666,-1.043,-0.649,-0.348,-0.612,-0.412,-0.453,-0.777,-0.519,-0.436,-0.418,-1.043,-0.754,-0.902,-0.607,-0.606,-0.472,-0.755,-0.675,-0.579,-0.858,-1.043,-0.77,-0.644,-0.731,-0.597,-0.631,-0.908,-0.721,-0.663,-0.774,11
-1.226,-0.816,-0.734,-0.628,-0.485,-0.313,-0.84,-0.593,-0.421,-0.692,-1.226,-0.772,-0.581,-0.671,-0.52,-0.577,-0.844,-0.616,-0.537,-0.629,-1.226,-0.896,-0.93,-0.686,-0.6,-0.422,-0.879,-0.726,-0.577,-0.893,-1.226,-0.91,-0.708,-0.827,-0.66,-0.659,-0.988,-0.774,-0.712,-0.809,11
-1.187,-0.825,-0.688,-0.629,-0.467,-0.33,-0.822,-0.595,-0.441,-0.678,-1.187,-0.816,-0.583,-0.747,-0.558,-0.592,-0.926,-0.683,-0.61,-0.693,-1.187,-0.938,-0.97,-0.778,-0.744,-0.58,-0.9,-0.829,-0.703,-0.925,-1.187,-0.911,-0.754,-0.848,-0.692,-0.681,-0.997,-0.805,-0.759,-0.855,11
-1.115,-0.881,-0.866,-0.728,-0.657,-0.536,-0.835,-0.711,-0.625,-0.827,-1.115,-0.857,-0.708,-0.79,-0.654,-0.649,-0.946,-0.767,-0.715,-0.837,-1.115,-0.881,-0.914,-0.712,-0.644,-0.522,-0.835,-0.724,-0.626,-0.866,-1.115,-0.832,-0.694,-0.782,-0.652,-0.675,-0.951,-0.755,-0.723,-0.826,11
-0.901,-0.594,-0.555,-0.395,-0.321,-0.119,-0.577,-0.397,-0.244,-0.51,-0.901,-0.6,-0.448,-0.512,-0.376,-0.404,-0.661,-0.462,-0.379,-0.462,-0.901,-0.656,-0.768,-0.432,-0.39,-0.208,-0.553,-0.477,-0.346,-0.634,-0.901,-0.611,-0.421,-0.534,-0.377,-0.375,-0.695,-0.49,-0.441,-0.531,11
-0.931,-0.633,-0.623,-0.451,-0.399,-0.261,-0.617,-0.467,-0.332,-0.526,-0.931,-0.638,-0.488,-0.6,-0.504,-0.549,-0.758,-0.59,-0.539,-0.586,-0.931,-0.668,-0.846,-0.51,-0.524,-0.38,-0.664,-0.6,-0.493,-0.795,-0.931,-0.67,-0.647,-0.644,-0.587,-0.641,-0.814,-0.695,-0.669,-0.8,11
-0.626,-0.502,-0.529,-0.38,-0.43,-0.345,-0.489,-0.482,-0.433,-0.592,-0.626,-0.488,-0.389,-0.536,-0.468,-0.559,-0.735,-0.601,-0.604,-0.671,-0.626,-0.517,-0.809,-0.362,-0.482,-0.406,-0.519,-0.564,-0.509,-0.744,-0.626,-0.49,-0.409,-0.509,-0.454,-0.506,-0.704,-0.593,-0.598,-0.688,11
-0.992,-0.69,-0.66,-0.51,-0.43,-0.338,-0.664,-0.502,-0.393,-0.591,-0.992,-0.712,-0.513,-0.648,-0.48,-0.469,-0.804,-0.583,-0.493,-0.557,-0.992,-0.768,-0.802,-0.619,-0.547,-0.413,-0.744,-0.604,-0.492,-0.729,-0.992,-0.753,-0.608,-0.709,-0.577,-0.591,-0.86,-0.68,-0.636,-0.73,11
-1.076,-0.795,-0.73,-0.578,-0.512,-0.375,-0.754,-0.616,-0.453,-0.66,-1.076,-0.787,-0.522,-0.715,-0.522,-0.527,-0.88,-0.644,-0.543,-0.579,-1.076,-0.82,-0.896,-0.638,-0.579,-0.411,-0.787,-0.695,-0.573,-0.854,-1.076,-0.788,-0.612,-0.742,-0.578,-0.627,-0.908,-0.689,-0.654,-0.765,11
-0.637,-0.434,-0.486,-0.26,-0.32,-0.246,-0.437,-0.39,-0.296,-0.517,-0.637,-0.421,-0.293,-0.437,-0.348,-0.488,-0.637,-0.465,-0.486,-0.576,-0.637,-0.477,-0.657,-0.305,-0.326,-0.219,-0.433,-0.391,-0.3,-0.579,-0.637,-0.443,-0.282,-0.427,-0.297,-0.361,-0.613,-0.424,-0.414,-0.534,11
-1.116,-0.802,-0.621,-0.606,-0.465,-0.354,-0.783,-0.55,-0.437,-0.556,-1.116,-0.767,-0.44,-0.7,-0.476,-0.48,-0.86,-0.581,-0.515,-0.526,-1.116,-0.816,-0.784,-0.649,-0.54,-0.414,-0.792,-0.623,-0.52,-0.75,-1.116,-0.847,-0.624,-0.787,-0.602,-0.591,-0.948,-0.732,-0.671,-0.765,11
-0.976,-0.662,-0.678,-0.441,-0.436,-0.29,-0.659,-0.533,-0.4,-0.618,-0.976,-0.656,-0.386,-0.655,-0.447,-0.484,-0.838,-0.564,-0.524,-0.525,-0.976,-0.728,-0.777,-0.604,-0.545,-0.452,-0.722,-0.587,-0.517,-0.742,-0.976,-0.71,-0.542,-0.698,-0.531,-0.536,-0.88,-0.657,-0.606,-0.685,11
-0.944,-0.636,-0.598,-0.387,-0.347,-0.206,-0.581,-0.46,-0.286,-0.555,-0.944,-0.63,-0.403,-0.575,-0.438,-0.447,-0.734,-0.531,-0.441,-0.478,-0.944,-0.669,-0.799,-0.515,-0.492,-0.329,-0.69,-0.578,-0.451,-0.741,-0.944,-0.649,-0.531,-0.619,-0.5,-0.552,-0.808,-0.62,-0.58,-0.713,11
-1.035,-0.683,-0.575,-0.543,-0.392,-0.35,-0.717,-0.518,-0.456,-0.694,-1.035,-0.632,-0.337,-0.602,-0.36,-0.432,-0.786,-0.49,-0.455,-0.508,-1.035,-0.723,-0.771,-0.536,-0.462,-0.339,-0.7,-0.58,-0.463,-0.731,-1.035,-0.743,-0.659,-0.693,-0.591,-0.608,-0.856,-0.685,-0.621,-0.717,11
-0.964,-0.602,-0.531,-0.41,-0.274,-0.151,-0.613,-0.391,-0.253,-0.505,-0.964,-0.605,-0.358,-0.536,-0.323,-0.372,-0.714,-0.437,-0.381,-0.493,-0.964,-0.712,-0.703,-0.574,-0.465,-0.35,-0.706,-0.545,-0.458,-0.687,-0.964,-0.637,-0.437,-0.564,-0.371,-0.373,-0.74,-0.489,-0.418,-0.542,11
-0.915,-0.607,-0.607,-0.421,-0.368,-0.238,-0.655,-0.519,-0.383,-0.696,-0.915,-0.609,-0.42,-0.588,-0.452,-0.527,-0.792,-0.572,-0.534,-0.603,-0.915,-0.707,-0.865,-0.512,-0.541,-0.398,-0.701,-0.673,-0.532,-0.808,-0.915,-0.692,-0.543,-0.665,-0.532,-0.568,-0.839,-0.652,-0.633,-0.708,11
-0.882,-0.625,-0.703,-0.408,-0.405,-0.266,-0.627,-0.549,-0.386,-0.713,-0.882,-0.616,-0.534,-0.573,-0.493,-0.586,-0.736,-0.6,-0.579,-0.668,-0.882,-0.645,-0.794,-0.459,-0.481,-0.371,-0.601,-0.567,-0.481,-0.784,-0.882,-0.652,-0.586,-0.597,-0.526,-0.573,-0.764,-0.639,-0.589,-0.695,11
-0.98,-0.631,-0.619,-0.435,-0.364,-0.244,-0.624,-0.472,-0.351,-0.632,-0.98,-0.618,-0.421,-0.547,-0.411,-0.437,-0.719,-0.509,-0.444,-0.509,-0.98,-0.691,-0.771,-0.535,-0.484,-0.342,-0.691,-0.556,-0.443,-0.741,-0.98,-0.707,-0.564,-0.672,-0.529,-0.568,-0.834,-0.632,-0.594,-0.712,11
-0.711,-0.441,-0.332,-0.252,-0.138,-0.02,-0.45,-0.263,-0.15,-0.373,-0.711,-0.455,-0.228,-0.395,-0.24,-0.29,-0.576,-0.363,-0.345,-0.457,-0.711,-0.508,-0.582,-0.379,-0.347,-0.263,-0.502,-0.421,-0.358,-0.586,-0.711,-0.476,-0.336,-0.427,-0.298,-0.3,-0.588,-0.41,-0.377,-0.476,11
-1.079,-0.746,-0.641,-0.489,-0.383,-0.247,-0.654,-0.458,-0.3,-0.478,-1.079,-0.717,-0.425,-0.621,-0.42,-0.47,-0.778,-0.509,-0.455,-0.51,-1.079,-0.773,-0.806,-0.587,-0.517,-0.372,-0.746,-0.612,-0.497,-0.758,-1.079,-0.74,-0.566,-0.688,-0.517,-0.535,-0.874,-0.644,-0.598,-0.728,11
-1.294,-0.937,-0.865,-0.748,-0.638,-0.463,-0.906,-0.706,-0.565,-0.789,-1.294,-0.906,-0.703,-0.809,-0.639,-0.637,-0.962,-0.723,-0.641,-0.722,-1.294,-1.002,-1.011,-0.798,-0.694,-0.545,-0.948,-0.806,-0.678,-0.937,-1.294,-0.961,-0.765,-0.869,-0.692,-0.683,-1.034,-0.812,-0.747,-0.856,11
-0.88,-0.547,-0.501,-0.346,-0.34,-0.298,-0.563,-0.458,-0.333,-0.549,-0.88,-0.547,-0.137,-0.547,-0.319,-0.421,-0.711,-0.427,-0.394,-0.382,-0.88,-0.628,-0.809,-0.479,-0.495,-0.408,-0.621,-0.558,-0.476,-0.748,-0.88,-0.659,-0.502,-0.624,-0.509,-0.542,-0.782,-0.606,-0.561,-0.607,11
-0.976,-0.661,-0.776,-0.438,-0.43,-0.24,-0.63,-0.54,-0.373,-0.712,-0.976,-0.675,-0.553,-0.628,-0.508,-0.583,-0.781,-0.607,-0.563,-0.631,-0.976,-0.738,-0.845,-0.569,-0.556,-0.446,-0.687,-0.617,-0.522,-0.756,-0.976,-0.677,-0.572,-0.648,-0.51,-0.519,-0.836,-0.63,-0.578,-0.696,11
-1.196,-0.889,-0.818,-0.685,-0.591,-0.419,-0.839,-0.664,-0.511,-0.706,-1.196,-0.863,-0.693,-0.769,-0.62,-0.631,-0.916,-0.707,-0.618,-0.68,-1.196,-0.901,-0.942,-0.696,-0.618,-0.465,-0.86,-0.735,-0.593,-0.844,-1.196,-0.871,-0.671,-0.806,-0.632,-0.648,-0.976,-0.752,-0.695,-0.789,11
-0.977,-0.653,-0.569,-0.501,-0.373,-0.254,-0.651,-0.445,-0.343,-0.531,-0.977,-0.665,-0.535,-0.635,-0.517,-0.549,-0.8,-0.602,-0.548,-0.601,-0.977,-0.734,-0.938,-0.551,-0.584,-0.403,-0.684,-0.638,-0.516,-0.831,-0.977,-0.725,-0.663,-0.69,-0.606,-0.654,-0.846,-0.707,-0.668,-0.762,11
-0.958,-0.689,-0.664,-0.485,-0.398,-0.265,-0.65,-0.493,-0.35,-0.554,-0.958,-0.698,-0.522,-0.623,-0.47,-0.484,-0.77,-0.558,-0.498,-0.557,-0.958,-0.766,-0.802,-0.592,-0.57,-0.439,-0.702,-0.6,-0.497,-0.648,-0.958,-0.733,-0.568,-0.678,-0.532,-0.536,-0.828,-0.634,-0.594,-0.701,11
-0.288,-0.316,-0.447,-0.065,-0.155,-0.051,-0.207,-0.268,-0.154,-0.485,-0.288,-0.139,-0.15,-0.231,-0.253,-0.421,-0.44,-0.358,-0.377,-0.445,-0.288,-0.173,-0.696,-0.051,-0.284,-0.188,-0.208,-0.344,-0.291,-0.734,-0.288,-0.217,-0.204,-0.31,-0.266,-0.41,-0.559,-0.379,-0.375,-0.502,11
-1.109,-0.791,-0.672,-0.592,-0.472,-0.315,-0.778,-0.555,-0.416,-0.647,-1.109,-0.734,-0.557,-0.655,-0.485,-0.515,-0.83,-0.582,-0.518,-0.62,-1.109,-0.828,-0.791,-0.678,-0.55,-0.457,-0.821,-0.653,-0.565,-0.802,-1.109,-0.831,-0.606,-0.793,-0.596,-0.608,-0.964,-0.731,-0.69,-0.794,11
-1.009,-0.575,-0.584,-0.304,-0.261,-0.103,-0.557,-0.387,-0.232,-0.607,-1.009,-0.595,-0.445,-0.527,-0.398,-0.468,-0.69,-0.473,-0.397,-0.462,-1.009,-0.683,-0.771,-0.46,-0.395,-0.228,-0.644,-0.51,-0.376,-0.682,-1.009,-0.653,-0.509,-0.573,-0.447,-0.485,-0.734,-0.525,-0.484,-0.553,11
-0.952,-0.606,-0.593,-0.32,-0.265,-0.101,-0.567,-0.411,-0.222,-0.53,-0.952,-0.597,-0.442,-0.518,-0.418,-0.456,-0.685,-0.513,-0.45,-0.525,-0.952,-0.711,-0.778,-0.568,-0.507,-0.397,-0.692,-0.582,-0.513,-0.769,-0.952,-0.643,-0.517,-0.575,-0.454,-0.481,-0.751,-0.572,-0.536,-0.653,11
-1.003,-0.673,-0.561,-0.463,-0.386,-0.263,-0.661,-0.465,-0.317,-0.544,-1.003,-0.671,-0.485,-0.647,-0.507,-0.592,-0.824,-0.598,-0.579,-0.625,-1.003,-0.726,-0.829,-0.57,-0.509,-0.416,-0.717,-0.599,-0.519,-0.782,-1.003,-0.683,-0.484,-0.631,-0.455,-0.505,-0.811,-0.567,-0.53,-0.628,11
-1.087,-0.731,-0.563,-0.533,-0.372,-0.251,-0.751,-0.504,-0.392,-0.62,-1.087,-0.769,-0.439,-0.672,-0.447,-0.437,-0.846,-0.571,-0.523,-0.598,-1.087,-0.857,-0.788,-0.73,-0.601,-0.507,-0.851,-0.684,-0.603,-0.783,-1.087,-0.816,-0.613,-0.742,-0.556,-0.528,-0.893,-0.666,-0.61,-0.704,11
-0.788,-0.519,-0.444,-0.256,-0.221,-0.105,-0.449,-0.308,-0.149,-0.356,-0.788,-0.506,-0.286,-0.447,-0.33,-0.357,-0.605,-0.424,-0.373,-0.433,-0.788,-0.569,-0.714,-0.398,-0.42,-0.299,-0.52,-0.478,-0.369,-0.588,-0.788,-0.517,-0.363,-0.486,-0.35,-0.388,-0.675,-0.476,-0.439,-0.557,11
-0.942,-0.669,-0.614,-0.444,-0.372,-0.241,-0.599,-0.455,-0.31,-0.519,-0.942,-0.634,-0.466,-0.591,-0.48,-0.553,-0.748,-0.572,-0.534,-0.611,-0.942,-0.65,-0.715,-0.5,-0.457,-0.365,-0.653,-0.527,-0.439,-0.687,-0.942,-0.635,-0.44,-0.605,-0.424,-0.481,-0.791,-0.557,-0.539,-0.658,11
-0.914,-0.662,-0.758,-0.45,-0.449,-0.32,-0.665,-0.585,-0.432,-0.768,-0.914,-0.641,-0.552,-0.602,-0.514,-0.624,-0.767,-0.621,-0.608,-0.702,-0.914,-0.672,-0.805,-0.485,-0.497,-0.388,-0.624,-0.581,-0.493,-0.789,-0.914,-0.676,-0.59,-0.627,-0.532,-0.572,-0.799,-0.648,-0.592,-0.697,11
-1.158,-0.792,-0.705,-0.527,-0.427,-0.273,-0.785,-0.549,-0.328,-0.636,-1.158,-0.789,-0.567,-0.725,-0.55,-0.599,-0.895,-0.637,-0.565,-0.626,-1.158,-0.89,-0.986,-0.747,-0.711,-0.57,-0.874,-0.761,-0.657,-0.899,-1.158,-0.84,-0.614,-0.767,-0.565,-0.571,-0.932,-0.686,-0.616,-0.698,11
-0.789,-0.567,-0.547,-0.352,-0.376,-0.193,-0.505,-0.415,-0.269,-0.489,-0.789,-0.593,-0.458,-0.536,-0.485,-0.517,-0.697,-0.591,-0.554,-0.599,-0.789,-0.618,-0.757,-0.41,-0.439,-0.33,-0.545,-0.531,-0.416,-0.632,-0.789,-0.588,-0.471,-0.555,-0.44,-0.477,-0.737,-0.567,-0.537,-0.643,11
-0.897,-0.64,-0.601,-0.508,-0.385,-0.326,-0.664,-0.506,-0.448,-0.698,-0.897,-0.603,-0.348,-0.59,-0.36,-0.418,-0.772,-0.503,-0.478,-0.574,-0.897,-0.65,-0.752,-0.497,-0.446,-0.347,-0.634,-0.526,-0.459,-0.734,-0.897,-0.708,-0.555,-0.664,-0.533,-0.582,-0.824,-0.638,-0.611,-0.713,11
-1.198,-0.778,-0.739,-0.562,-0.457,-0.327,-0.786,-0.562,-0.4,-0.67,-1.198,-0.826,-0.673,-0.743,-0.634,-0.67,-0.894,-0.704,-0.651,-0.702,-1.198,-0.905,-0.993,-0.696,-0.661,-0.493,-0.834,-0.725,-0.584,-0.843,-1.198,-0.871,-0.719,-0.785,-0.653,-0.666,-0.934,-0.747,-0.692,-0.801,11
