dataset,pre processing,algorithm,time,balanced accuracy,balanced accuracy std,f1 score,f1 score std,roc auc,roc auc std,geometric mean,geometric mean std,cohen kappa,cohen kappa std,multiclass precision macro,multiclass precision macro std,multiclass recall macro,multiclass recall macro std,multiclass f1 weighted,multiclass f1 weighted std,multiclass matthews corrcoef,multiclass matthews corrcoef std,final score
jungle_chess_2pcs_endgame_panther_elephant_subset.csv,TomekLinks,BaggingClassifier,0.291,,,,,,,,,,,0.999,0.002,0.994,0.017,0.999,0.003,0.998,0.006,0.998
wall-robot-navigation.csv,RandomOverSampler,GradientBoostingClassifier,40.697,,,,,,,,,,,0.998,0.003,0.997,0.003,0.998,0.002,0.997,0.003,0.998
jungle_chess_2pcs_endgame_panther_lion_subset.csv,TomekLinks,BaggingClassifier,0.299,,,,,,,,,,,0.999,0.002,0.995,0.017,0.999,0.003,0.997,0.005,0.998
jungle_chess_2pcs_endgame_panther_lion_subset.csv,RandomOverSampler,BaggingClassifier,0.295,,,,,,,,,,,0.998,0.011,0.997,0.012,0.999,0.003,0.998,0.006,0.998
jungle_chess_2pcs_endgame_panther_lion_subset.csv,RandomOverSampler,GradientBoostingClassifier,4.311,,,,,,,,,,,0.997,0.016,0.997,0.016,0.999,0.003,0.998,0.006,0.998
wall-robot-navigation.csv,SMOTE,GradientBoostingClassifier,53.952,,,,,,,,,,,0.998,0.003,0.997,0.004,0.998,0.002,0.997,0.003,0.998
jungle_chess_2pcs_endgame_panther_lion_subset.csv,SMOTE,GradientBoostingClassifier,5.815,,,,,,,,,,,0.997,0.016,0.997,0.016,0.999,0.003,0.999,0.005,0.998
jungle_chess_2pcs_endgame_panther_lion_subset.csv,RandomOverSampler,BalancedBaggingClassifier,0.54,,,,,,,,,,,0.998,0.011,0.997,0.012,0.999,0.003,0.998,0.006,0.998
jungle_chess_2pcs_endgame_panther_lion_subset.csv,ADASYN,GradientBoostingClassifier,5.795,,,,,,,,,,,0.994,0.019,0.996,0.016,0.999,0.003,0.997,0.006,0.997
wall-robot-navigation.csv,SMOTETomek,GradientBoostingClassifier,54.582,,,,,,,,,,,0.998,0.003,0.997,0.004,0.998,0.002,0.996,0.003,0.997
jungle_chess_2pcs_endgame_panther_lion_subset.csv,SMOTETomek,GradientBoostingClassifier,5.883,,,,,,,,,,,0.994,0.02,0.996,0.016,0.999,0.004,0.997,0.007,0.997
jungle_chess_2pcs_endgame_lion_elephant.csv,RandomOverSampler,GradientBoostingClassifier,11.985,,,,,,,,,,,0.997,0.004,0.997,0.004,0.998,0.002,0.996,0.005,0.997
jungle_chess_2pcs_endgame_panther_lion_subset.csv,SMOTETomek,BalancedBaggingClassifier,0.571,,,,,,,,,,,0.996,0.016,0.991,0.024,0.998,0.003,0.997,0.007,0.996
jungle_chess_2pcs_endgame_lion_elephant.csv,SMOTE,GradientBoostingClassifier,17.301,,,,,,,,,,,0.997,0.004,0.995,0.005,0.997,0.003,0.995,0.005,0.996
jungle_chess_2pcs_endgame_panther_elephant_subset.csv,SMOTE,GradientBoostingClassifier,10.814,,,,,,,,,,,0.995,0.013,0.992,0.019,0.998,0.003,0.997,0.005,0.996
jungle_chess_2pcs_endgame_panther_lion_subset.csv,ADASYN,BalancedBaggingClassifier,0.54,,,,,,,,,,,0.996,0.016,0.992,0.024,0.998,0.003,0.997,0.006,0.996
jungle_chess_2pcs_endgame_panther_elephant_subset.csv,ADASYN,GradientBoostingClassifier,5.563,,,,,,,,,,,0.994,0.015,0.994,0.017,0.998,0.003,0.997,0.005,0.996
jungle_chess_2pcs_endgame_lion_elephant.csv,ADASYN,GradientBoostingClassifier,19.066,,,,,,,,,,,0.996,0.005,0.995,0.005,0.997,0.003,0.994,0.006,0.996
jungle_chess_2pcs_endgame_lion_elephant.csv,SMOTETomek,GradientBoostingClassifier,18.714,,,,,,,,,,,0.996,0.004,0.995,0.004,0.997,0.003,0.994,0.005,0.996
jungle_chess_2pcs_endgame_panther_lion_subset.csv,SMOTETomek,BaggingClassifier,0.427,,,,,,,,,,,0.996,0.016,0.991,0.024,0.998,0.003,0.997,0.007,0.996
jungle_chess_2pcs_endgame_lion_elephant.csv,ADASYN,BalancedBaggingClassifier,1.269,,,,,,,,,,,0.995,0.005,0.994,0.006,0.997,0.003,0.993,0.006,0.995
wall-robot-navigation.csv,TomekLinks,GradientBoostingClassifier,28.378,,,,,,,,,,,0.997,0.003,0.993,0.006,0.996,0.003,0.994,0.004,0.995
jungle_chess_2pcs_endgame_lion_elephant.csv,TomekLinks,BaggingClassifier,0.536,,,,,,,,,,,0.995,0.005,0.994,0.006,0.997,0.003,0.993,0.006,0.995
jungle_chess_2pcs_endgame_panther_elephant_subset.csv,SMOTETomek,GradientBoostingClassifier,5.644,,,,,,,,,,,0.995,0.013,0.992,0.019,0.998,0.004,0.996,0.007,0.995
jungle_chess_2pcs_endgame_panther_lion_subset.csv,SMOTE,BaggingClassifier,0.386,,,,,,,,,,,0.994,0.019,0.991,0.024,0.998,0.004,0.996,0.007,0.995
jungle_chess_2pcs_endgame_panther_lion_subset.csv,ADASYN,BaggingClassifier,0.411,,,,,,,,,,,0.994,0.019,0.991,0.024,0.998,0.004,0.997,0.007,0.995
jungle_chess_2pcs_endgame_panther_lion_subset.csv,SMOTE,BalancedBaggingClassifier,0.526,,,,,,,,,,,0.994,0.019,0.991,0.024,0.998,0.004,0.996,0.007,0.995
jungle_chess_2pcs_endgame_lion_elephant.csv,TomekLinks,GradientBoostingClassifier,5.634,,,,,,,,,,,0.996,0.005,0.994,0.006,0.997,0.003,0.994,0.006,0.995
jungle_chess_2pcs_endgame_lion_elephant.csv,RandomOverSampler,RandomForestClassifier,1.519,,,,,,,,,,,0.994,0.007,0.994,0.006,0.996,0.004,0.992,0.008,0.994
wall-robot-navigation.csv,SMOTE,BalancedBaggingClassifier,3.083,,,,,,,,,,,0.994,0.005,0.994,0.005,0.995,0.004,0.993,0.006,0.994
jungle_chess_2pcs_endgame_lion_elephant.csv,RandomOverSampler,BalancedRandomForestClassifier,2.263,,,,,,,,,,,0.993,0.008,0.994,0.007,0.996,0.004,0.991,0.009,0.994
wall-robot-navigation.csv,RandomOverSampler,BalancedBaggingClassifier,2.178,,,,,,,,,,,0.994,0.004,0.994,0.005,0.995,0.002,0.992,0.004,0.994
wall-robot-navigation.csv,TomekLinks,BaggingClassifier,1.366,,,,,,,,,,,0.994,0.005,0.995,0.004,0.995,0.003,0.993,0.004,0.994
wall-robot-navigation.csv,SMOTE,BaggingClassifier,2.323,,,,,,,,,,,0.994,0.005,0.993,0.006,0.995,0.003,0.992,0.005,0.994
jungle_chess_2pcs_endgame_lion_elephant.csv,ADASYN,BalancedRandomForestClassifier,3.051,,,,,,,,,,,0.993,0.007,0.994,0.007,0.996,0.004,0.991,0.008,0.994
jungle_chess_2pcs_endgame_lion_elephant.csv,ADASYN,BaggingClassifier,1.15,,,,,,,,,,,0.994,0.006,0.994,0.006,0.996,0.003,0.993,0.007,0.994
jungle_chess_2pcs_endgame_lion_elephant.csv,SMOTETomek,RandomForestClassifier,2.344,,,,,,,,,,,0.993,0.007,0.994,0.006,0.996,0.004,0.991,0.008,0.994
wall-robot-navigation.csv,RandomOverSampler,BalancedRandomForestClassifier,5.46,,,,,,,,,,,0.994,0.004,0.993,0.004,0.995,0.003,0.992,0.004,0.994
jungle_chess_2pcs_endgame_lion_elephant.csv,ADASYN,RandomForestClassifier,2.107,,,,,,,,,,,0.994,0.007,0.994,0.006,0.996,0.004,0.992,0.008,0.994
jungle_chess_2pcs_endgame_lion_elephant.csv,SMOTE,RandomForestClassifier,1.809,,,,,,,,,,,0.993,0.007,0.994,0.006,0.996,0.004,0.992,0.008,0.994
wall-robot-navigation.csv,RandomUnderSampler,GradientBoostingClassifier,7.756,,,,,,,,,,,0.991,0.006,0.995,0.004,0.994,0.004,0.991,0.006,0.993
jungle_chess_2pcs_endgame_panther_elephant_subset.csv,RandomOverSampler,GradientBoostingClassifier,4.234,,,,,,,,,,,0.989,0.021,0.99,0.02,0.997,0.004,0.995,0.007,0.993
wall-robot-navigation.csv,RandomOverSampler,BaggingClassifier,1.615,,,,,,,,,,,0.993,0.004,0.993,0.006,0.994,0.003,0.992,0.004,0.993
jungle_chess_2pcs_endgame_lion_elephant.csv,RandomOverSampler,BalancedBaggingClassifier,0.926,,,,,,,,,,,0.992,0.008,0.993,0.008,0.995,0.005,0.99,0.009,0.993
wall-robot-navigation.csv,RandomOverSampler,RandomForestClassifier,5.869,,,,,,,,,,,0.993,0.004,0.992,0.006,0.994,0.003,0.991,0.004,0.993
wall-robot-navigation.csv,SMOTE,BalancedRandomForestClassifier,9.22,,,,,,,,,,,0.993,0.003,0.992,0.005,0.994,0.002,0.991,0.003,0.993
jungle_chess_2pcs_endgame_panther_lion_subset.csv,TomekLinks,GradientBoostingClassifier,2.812,,,,,,,,,,,0.998,0.002,0.98,0.032,0.997,0.003,0.995,0.006,0.993
jungle_chess_2pcs_endgame_lion_elephant.csv,SMOTE,BalancedRandomForestClassifier,2.961,,,,,,,,,,,0.993,0.008,0.993,0.006,0.996,0.004,0.991,0.008,0.993
jungle_chess_2pcs_endgame_lion_elephant.csv,SMOTETomek,BalancedRandomForestClassifier,3.266,,,,,,,,,,,0.992,0.008,0.993,0.007,0.995,0.004,0.991,0.009,0.993
jungle_chess_2pcs_endgame_panther_elephant_subset.csv,TomekLinks,GradientBoostingClassifier,2.747,,,,,,,,,,,0.994,0.014,0.987,0.022,0.997,0.004,0.995,0.008,0.993
jungle_chess_2pcs_endgame_lion_elephant.csv,RandomOverSampler,BaggingClassifier,0.683,,,,,,,,,,,0.993,0.008,0.994,0.007,0.995,0.004,0.991,0.008,0.993
wall-robot-navigation.csv,SMOTETomek,BaggingClassifier,2.876,,,,,,,,,,,0.992,0.004,0.991,0.005,0.993,0.003,0.99,0.004,0.992
analcatdata_authorship.csv,ADASYN,RandomForestClassifier,1.113,,,,,,,,,,,0.995,0.006,0.99,0.015,0.993,0.009,0.99,0.012,0.992
jungle_chess_2pcs_endgame_lion_elephant.csv,TomekLinks,RandomForestClassifier,1.22,,,,,,,,,,,0.992,0.007,0.992,0.006,0.995,0.004,0.99,0.008,0.992
wall-robot-navigation.csv,SMOTETomek,BalancedBaggingClassifier,3.667,,,,,,,,,,,0.992,0.004,0.991,0.005,0.993,0.003,0.99,0.004,0.992
wall-robot-navigation.csv,SMOTE,RandomForestClassifier,5.038,,,,,,,,,,,0.992,0.004,0.991,0.006,0.993,0.003,0.99,0.004,0.992
analcatdata_authorship.csv,SMOTETomek,RandomForestClassifier,1.11,,,,,,,,,,,0.994,0.007,0.992,0.012,0.992,0.009,0.989,0.013,0.992
analcatdata_authorship.csv,SMOTE,RandomForestClassifier,1.095,,,,,,,,,,,0.994,0.007,0.992,0.012,0.992,0.009,0.989,0.013,0.992
wall-robot-navigation.csv,TomekLinks,RandomForestClassifier,3.095,,,,,,,,,,,0.993,0.004,0.988,0.006,0.993,0.003,0.989,0.004,0.991
wall-robot-navigation.csv,SMOTETomek,RandomForestClassifier,6.35,,,,,,,,,,,0.992,0.004,0.991,0.006,0.993,0.003,0.989,0.004,0.991
jungle_chess_2pcs_endgame_lion_elephant.csv,SMOTETomek,BaggingClassifier,1.612,,,,,,,,,,,0.992,0.007,0.99,0.008,0.994,0.005,0.988,0.009,0.991
thyroid-ann.csv,RandomOverSampler,BalancedRandomForestClassifier,2.407,,,,,,,,,,,0.981,0.019,0.999,0.003,0.998,0.002,0.986,0.013,0.991
wall-robot-navigation.csv,SMOTETomek,BalancedRandomForestClassifier,7.514,,,,,,,,,,,0.991,0.004,0.99,0.005,0.992,0.003,0.989,0.004,0.991
jungle_chess_2pcs_endgame_panther_elephant_subset.csv,SMOTE,RandomForestClassifier,1.043,,,,,,,,,,,0.997,0.003,0.975,0.031,0.995,0.005,0.992,0.008,0.99
analcatdata_authorship.csv,TomekLinks,RandomForestClassifier,0.795,,,,,,,,,,,0.994,0.01,0.987,0.024,0.991,0.013,0.987,0.018,0.99
analcatdata_authorship.csv,TomekLinks,BalancedRandomForestClassifier,1.011,,,,,,,,,,,0.992,0.009,0.992,0.008,0.99,0.011,0.986,0.016,0.99
analcatdata_authorship.csv,SMOTE,BalancedRandomForestClassifier,1.606,,,,,,,,,,,0.993,0.009,0.989,0.021,0.99,0.012,0.986,0.017,0.99
analcatdata_authorship.csv,EditedNearestNeighbours,RandomForestClassifier,0.831,,,,,,,,,,,0.994,0.008,0.986,0.024,0.991,0.011,0.987,0.015,0.99
thyroid-ann.csv,RandomOverSampler,RandomForestClassifier,1.923,,,,,,,,,,,0.979,0.021,0.998,0.007,0.998,0.003,0.983,0.018,0.99
thyroid-ann.csv,RandomOverSampler,GradientBoostingClassifier,8.288,,,,,,,,,,,0.981,0.021,0.996,0.009,0.998,0.002,0.983,0.016,0.99
analcatdata_authorship.csv,SMOTETomek,BalancedRandomForestClassifier,1.677,,,,,,,,,,,0.993,0.009,0.989,0.021,0.99,0.012,0.986,0.017,0.99
wall-robot-navigation.csv,EditedNearestNeighbours,GradientBoostingClassifier,22.128,,,,,,,,,,,0.992,0.005,0.988,0.007,0.991,0.004,0.987,0.005,0.99
jungle_chess_2pcs_endgame_panther_elephant_subset.csv,RandomOverSampler,BalancedBaggingClassifier,0.479,,,,,,,,,,,0.992,0.015,0.982,0.029,0.995,0.006,0.99,0.012,0.99
jungle_chess_2pcs_endgame_lion_elephant.csv,SMOTE,BalancedBaggingClassifier,1.578,,,,,,,,,,,0.991,0.008,0.99,0.008,0.993,0.005,0.986,0.009,0.99
jungle_chess_2pcs_endgame_lion_elephant.csv,SMOTETomek,BalancedBaggingClassifier,1.894,,,,,,,,,,,0.99,0.007,0.989,0.008,0.993,0.004,0.987,0.008,0.99
jungle_chess_2pcs_endgame_lion_elephant.csv,SMOTE,BaggingClassifier,1.041,,,,,,,,,,,0.991,0.008,0.99,0.009,0.993,0.005,0.987,0.01,0.99
analcatdata_authorship.csv,RandomOverSampler,BalancedRandomForestClassifier,1.41,,,,,,,,,,,0.993,0.008,0.988,0.018,0.99,0.011,0.986,0.016,0.989
jungle_chess_2pcs_endgame_panther_elephant_subset.csv,ADASYN,RandomForestClassifier,0.975,,,,,,,,,,,0.995,0.008,0.975,0.031,0.995,0.005,0.991,0.009,0.989
thyroid-ann.csv,SMOTETomek,GradientBoostingClassifier,15.177,,,,,,,,,,,0.982,0.018,0.993,0.013,0.998,0.002,0.983,0.013,0.989
jungle_chess_2pcs_endgame_panther_elephant_subset.csv,EditedNearestNeighbours,BaggingClassifier,0.277,,,,,,,,,,,0.982,0.036,0.99,0.019,0.995,0.007,0.99,0.014,0.989
jungle_chess_2pcs_endgame_panther_elephant_subset.csv,SMOTETomek,RandomForestClassifier,0.958,,,,,,,,,,,0.995,0.008,0.975,0.031,0.995,0.004,0.991,0.008,0.989
thyroid-ann.csv,SMOTE,RandomForestClassifier,2.447,,,,,,,,,,,0.978,0.021,0.996,0.011,0.997,0.002,0.983,0.016,0.989
thyroid-ann.csv,SMOTE,GradientBoostingClassifier,14.404,,,,,,,,,,,0.982,0.018,0.993,0.013,0.997,0.002,0.982,0.013,0.989
jungle_chess_2pcs_endgame_panther_elephant_subset.csv,SMOTE,BalancedRandomForestClassifier,1.381,,,,,,,,,,,0.995,0.008,0.975,0.031,0.995,0.005,0.991,0.009,0.989
thyroid-ann.csv,ADASYN,RandomForestClassifier,2.34,,,,,,,,,,,0.977,0.021,0.997,0.009,0.997,0.002,0.983,0.015,0.989
thyroid-ann.csv,ADASYN,GradientBoostingClassifier,14.503,,,,,,,,,,,0.983,0.018,0.991,0.015,0.998,0.002,0.983,0.012,0.989
analcatdata_authorship.csv,RandomOverSampler,RandomForestClassifier,0.952,,,,,,,,,,,0.993,0.009,0.987,0.023,0.99,0.011,0.986,0.016,0.989
thyroid-ann.csv,SMOTETomek,RandomForestClassifier,3.219,,,,,,,,,,,0.979,0.023,0.995,0.015,0.998,0.003,0.983,0.018,0.989
jungle_chess_2pcs_endgame_panther_elephant_subset.csv,ADASYN,BalancedRandomForestClassifier,1.349,,,,,,,,,,,0.995,0.008,0.975,0.031,0.995,0.005,0.991,0.009,0.989
shuttle.csv,RandomOverSampler,RandomForestClassifier,1.227,,,,,,,,,,,0.978,0.068,0.978,0.066,0.999,0.002,0.997,0.008,0.988
jungle_chess_2pcs_endgame_panther_elephant_subset.csv,ADASYN,BaggingClassifier,0.392,,,,,,,,,,,0.991,0.016,0.979,0.03,0.994,0.007,0.988,0.012,0.988
analcatdata_authorship.csv,EditedNearestNeighbours,BalancedRandomForestClassifier,0.968,,,,,,,,,,,0.99,0.01,0.99,0.014,0.988,0.012,0.983,0.017,0.988
jungle_chess_2pcs_endgame_lion_elephant.csv,RandomUnderSampler,GradientBoostingClassifier,3.199,,,,,,,,,,,0.984,0.01,0.994,0.004,0.992,0.005,0.983,0.01,0.988
thyroid-ann.csv,RandomOverSampler,BalancedBaggingClassifier,0.643,,,,,,,,,,,0.979,0.019,0.993,0.014,0.997,0.002,0.982,0.014,0.988
thyroid-ann.csv,RandomOverSampler,BaggingClassifier,0.501,,,,,,,,,,,0.979,0.019,0.994,0.013,0.997,0.002,0.982,0.015,0.988
jungle_chess_2pcs_endgame_panther_elephant_subset.csv,SMOTE,BalancedBaggingClassifier,0.55,,,,,,,,,,,0.988,0.02,0.981,0.024,0.994,0.005,0.988,0.01,0.988
jungle_chess_2pcs_endgame_panther_elephant_subset.csv,RandomOverSampler,BalancedRandomForestClassifier,1.286,,,,,,,,,,,0.992,0.015,0.974,0.031,0.995,0.005,0.99,0.009,0.988
analcatdata_authorship.csv,ADASYN,BalancedRandomForestClassifier,1.536,,,,,,,,,,,0.992,0.009,0.984,0.028,0.99,0.012,0.986,0.016,0.988
jungle_chess_2pcs_endgame_panther_elephant_subset.csv,RandomOverSampler,BaggingClassifier,0.391,,,,,,,,,,,0.989,0.019,0.98,0.029,0.994,0.007,0.988,0.012,0.988
jungle_chess_2pcs_endgame_panther_elephant_subset.csv,SMOTETomek,BalancedRandomForestClassifier,1.7,,,,,,,,,,,0.996,0.004,0.971,0.036,0.995,0.006,0.991,0.01,0.988
jungle_chess_2pcs_endgame_panther_elephant_subset.csv,TomekLinks,RandomForestClassifier,0.664,,,,,,,,,,,0.996,0.004,0.968,0.041,0.994,0.007,0.99,0.011,0.987
anneal.csv,SMOTETomek,GradientBoostingClassifier,8.388,,,,,,,,,,,0.98,0.061,0.977,0.062,0.997,0.007,0.995,0.012,0.987
anneal.csv,ADASYN,GradientBoostingClassifier,8.689,,,,,,,,,,,0.978,0.061,0.977,0.062,0.997,0.007,0.994,0.013,0.987
jungle_chess_2pcs_endgame_lion_elephant.csv,EditedNearestNeighbours,GradientBoostingClassifier,5.493,,,,,,,,,,,0.988,0.011,0.987,0.01,0.991,0.006,0.982,0.012,0.987
thyroid-ann.csv,SMOTETomek,BalancedRandomForestClassifier,4.447,,,,,,,,,,,0.977,0.023,0.994,0.015,0.997,0.003,0.981,0.019,0.987
jungle_chess_2pcs_endgame_panther_elephant_subset.csv,RandomOverSampler,RandomForestClassifier,0.843,,,,,,,,,,,0.992,0.015,0.972,0.032,0.995,0.005,0.99,0.009,0.987
jungle_chess_2pcs_endgame_panther_elephant_subset.csv,SMOTE,BaggingClassifier,0.403,,,,,,,,,,,0.987,0.019,0.98,0.025,0.994,0.005,0.988,0.01,0.987
shuttle.csv,RandomOverSampler,BaggingClassifier,0.315,,,,,,,,,,,0.973,0.061,0.984,0.05,0.998,0.004,0.992,0.012,0.987
thyroid-ann.csv,SMOTETomek,BalancedBaggingClassifier,1.935,,,,,,,,,,,0.978,0.019,0.991,0.015,0.997,0.002,0.98,0.013,0.987
jungle_chess_2pcs_endgame_panther_elephant_subset.csv,ADASYN,BalancedBaggingClassifier,0.558,,,,,,,,,,,0.989,0.017,0.978,0.03,0.993,0.007,0.988,0.012,0.987
thyroid-ann.csv,SMOTE,BalancedRandomForestClassifier,3.626,,,,,,,,,,,0.976,0.023,0.994,0.015,0.997,0.003,0.981,0.018,0.987
ann_thyroid.csv,RandomOverSampler,BalancedRandomForestClassifier,4.31,,,,,,,,,,,0.972,0.022,0.996,0.005,0.997,0.002,0.978,0.016,0.986
TESTFORDESCRIPTION-anneal.csv,SMOTETomek,GradientBoostingClassifier,8.782,,,,,,,,,,,0.977,0.061,0.976,0.061,0.996,0.007,0.993,0.015,0.986
thyroid-ann.csv,SMOTE,BalancedBaggingClassifier,1.086,,,,,,,,,,,0.979,0.019,0.987,0.018,0.997,0.002,0.979,0.013,0.986
thyroid-ann.csv,SMOTE,BaggingClassifier,0.771,,,,,,,,,,,0.979,0.019,0.989,0.017,0.997,0.002,0.98,0.014,0.986
TESTFORDESCRIPTION-anneal.csv,SMOTE,GradientBoostingClassifier,8.906,,,,,,,,,,,0.978,0.061,0.976,0.061,0.997,0.007,0.994,0.015,0.986
thyroid-ann.csv,TomekLinks,BaggingClassifier,0.448,,,,,,,,,,,0.981,0.018,0.989,0.017,0.997,0.002,0.978,0.014,0.986
analcatdata_authorship.csv,RandomUnderSampler,RandomForestClassifier,0.589,,,,,,,,,,,0.987,0.013,0.99,0.009,0.987,0.013,0.981,0.018,0.986
thyroid-ann.csv,ADASYN,BalancedRandomForestClassifier,3.645,,,,,,,,,,,0.973,0.021,0.995,0.011,0.997,0.002,0.979,0.015,0.986
anneal.csv,SMOTE,GradientBoostingClassifier,8.496,,,,,,,,,,,0.979,0.061,0.973,0.062,0.997,0.007,0.994,0.014,0.986
thyroid-ann.csv,ADASYN,BaggingClassifier,0.759,,,,,,,,,,,0.979,0.019,0.989,0.017,0.997,0.002,0.98,0.014,0.986
thyroid-ann.csv,ADASYN,BalancedBaggingClassifier,1.081,,,,,,,,,,,0.979,0.019,0.987,0.018,0.997,0.002,0.979,0.013,0.986
thyroid-ann.csv,SMOTETomek,BaggingClassifier,1.621,,,,,,,,,,,0.977,0.02,0.992,0.014,0.997,0.002,0.979,0.015,0.986
thyroid-ann.csv,TomekLinks,GradientBoostingClassifier,3.487,,,,,,,,,,,0.982,0.017,0.985,0.025,0.997,0.002,0.978,0.014,0.986
ann_thyroid.csv,SMOTE,BaggingClassifier,1.624,,,,,,,,,,,0.975,0.02,0.993,0.008,0.997,0.002,0.977,0.015,0.986
jungle_chess_2pcs_endgame_panther_elephant_subset.csv,SMOTETomek,BaggingClassifier,0.464,,,,,,,,,,,0.984,0.022,0.979,0.026,0.993,0.006,0.986,0.011,0.986
wall-robot-navigation.csv,TomekLinks,BalancedBaggingClassifier,0.908,,,,,,,,,,,0.981,0.009,0.992,0.004,0.988,0.005,0.983,0.007,0.986
jungle_chess_2pcs_endgame_panther_elephant_subset.csv,SMOTETomek,BalancedBaggingClassifier,0.752,,,,,,,,,,,0.984,0.022,0.979,0.026,0.992,0.006,0.986,0.012,0.985
ann_thyroid.csv,ADASYN,BalancedBaggingClassifier,2.436,,,,,,,,,,,0.973,0.021,0.994,0.008,0.997,0.002,0.977,0.015,0.985
anneal.csv,RandomOverSampler,BalancedRandomForestClassifier,1.363,,,,,,,,,,,0.977,0.064,0.976,0.061,0.996,0.008,0.992,0.016,0.985
ann_thyroid.csv,ADASYN,BaggingClassifier,1.729,,,,,,,,,,,0.973,0.021,0.994,0.008,0.997,0.002,0.977,0.015,0.985
analcatdata_authorship.csv,SMOTETomek,GradientBoostingClassifier,13.641,,,,,,,,,,,0.99,0.012,0.979,0.031,0.987,0.015,0.982,0.021,0.985
ann_thyroid.csv,RandomOverSampler,RandomForestClassifier,2.619,,,,,,,,,,,0.971,0.022,0.995,0.006,0.997,0.002,0.976,0.016,0.985
anneal.csv,SMOTETomek,BalancedBaggingClassifier,0.641,,,,,,,,,,,0.978,0.063,0.975,0.062,0.996,0.008,0.992,0.018,0.985
anneal.csv,SMOTETomek,BaggingClassifier,0.512,,,,,,,,,,,0.978,0.063,0.975,0.062,0.996,0.008,0.992,0.018,0.985
TESTFORDESCRIPTION-anneal.csv,ADASYN,GradientBoostingClassifier,9.488,,,,,,,,,,,0.975,0.061,0.976,0.061,0.996,0.008,0.991,0.017,0.985
ann_thyroid.csv,SMOTETomek,BaggingClassifier,4.883,,,,,,,,,,,0.975,0.02,0.991,0.01,0.997,0.002,0.976,0.015,0.985
analcatdata_authorship.csv,SMOTE,GradientBoostingClassifier,13.507,,,,,,,,,,,0.99,0.012,0.979,0.031,0.987,0.015,0.982,0.021,0.985
ann_thyroid.csv,SMOTETomek,BalancedBaggingClassifier,5.735,,,,,,,,,,,0.974,0.02,0.991,0.01,0.997,0.002,0.976,0.015,0.985
ann_thyroid.csv,SMOTE,BalancedBaggingClassifier,2.435,,,,,,,,,,,0.974,0.02,0.992,0.008,0.997,0.002,0.977,0.014,0.985
jungle_chess_2pcs_endgame_panther_lion_subset.csv,SMOTE,BalancedRandomForestClassifier,1.337,,,,,,,,,,,0.996,0.004,0.956,0.047,0.994,0.006,0.989,0.011,0.984
ann_thyroid.csv,RandomOverSampler,GradientBoostingClassifier,309.345,,,,,,,,,,,0.97,0.021,0.994,0.01,0.996,0.002,0.974,0.017,0.984
ann_thyroid.csv,TomekLinks,RandomForestClassifier,1.606,,,,,,,,,,,0.976,0.018,0.988,0.013,0.996,0.003,0.975,0.019,0.984
wall-robot-navigation.csv,RandomUnderSampler,BaggingClassifier,0.449,,,,,,,,,,,0.98,0.01,0.989,0.005,0.987,0.005,0.981,0.008,0.984
anneal.csv,ADASYN,RandomForestClassifier,0.937,,,,,,,,,,,0.978,0.065,0.971,0.061,0.996,0.008,0.991,0.017,0.984
wall-robot-navigation.csv,RandomUnderSampler,BalancedBaggingClassifier,0.631,,,,,,,,,,,0.98,0.01,0.989,0.005,0.987,0.006,0.98,0.009,0.984
anneal.csv,SMOTE,BalancedRandomForestClassifier,1.507,,,,,,,,,,,0.976,0.064,0.974,0.06,0.995,0.008,0.989,0.017,0.984
jungle_chess_2pcs_endgame_lion_elephant.csv,TomekLinks,BalancedRandomForestClassifier,1.373,,,,,,,,,,,0.978,0.011,0.991,0.006,0.989,0.006,0.978,0.012,0.984
jungle_chess_2pcs_endgame_panther_lion_subset.csv,RandomOverSampler,RandomForestClassifier,0.916,,,,,,,,,,,0.996,0.004,0.954,0.046,0.994,0.006,0.989,0.01,0.984
TESTFORDESCRIPTION-anneal.csv,ADASYN,BalancedRandomForestClassifier,1.521,,,,,,,,,,,0.977,0.06,0.973,0.062,0.995,0.008,0.99,0.018,0.984
ann_thyroid.csv,RandomOverSampler,BalancedBaggingClassifier,1.23,,,,,,,,,,,0.973,0.021,0.991,0.009,0.996,0.002,0.975,0.014,0.984
jungle_chess_2pcs_endgame_lion_elephant.csv,TomekLinks,BalancedBaggingClassifier,0.593,,,,,,,,,,,0.98,0.009,0.989,0.007,0.989,0.005,0.978,0.01,0.984
anneal.csv,SMOTETomek,BalancedRandomForestClassifier,1.54,,,,,,,,,,,0.977,0.064,0.973,0.061,0.995,0.008,0.99,0.017,0.984
anneal.csv,RandomOverSampler,RandomForestClassifier,0.805,,,,,,,,,,,0.977,0.064,0.973,0.061,0.995,0.008,0.99,0.017,0.984
jungle_chess_2pcs_endgame_panther_lion_subset.csv,SMOTE,RandomForestClassifier,1.011,,,,,,,,,,,0.994,0.01,0.956,0.047,0.994,0.006,0.989,0.011,0.984
ann_thyroid.csv,SMOTETomek,GradientBoostingClassifier,31.828,,,,,,,,,,,0.969,0.021,0.993,0.01,0.996,0.002,0.973,0.017,0.983
Fetal_cardiotocography_dataset.csv,RandomOverSampler,BalancedRandomForestClassifier,2.171,,,,,,,,,,,0.988,0.013,0.98,0.014,0.99,0.007,0.972,0.02,0.983
ann_thyroid.csv,SMOTE,GradientBoostingClassifier,29.913,,,,,,,,,,,0.969,0.022,0.993,0.01,0.996,0.002,0.974,0.017,0.983
TESTFORDESCRIPTION-anneal.csv,ADASYN,RandomForestClassifier,0.929,,,,,,,,,,,0.977,0.062,0.969,0.062,0.995,0.008,0.989,0.017,0.983
jungle_chess_2pcs_endgame_panther_lion_subset.csv,ADASYN,BalancedRandomForestClassifier,1.464,,,,,,,,,,,0.996,0.004,0.951,0.055,0.994,0.007,0.989,0.012,0.983
ann_thyroid.csv,TomekLinks,GradientBoostingClassifier,6.822,,,,,,,,,,,0.973,0.02,0.988,0.013,0.996,0.002,0.973,0.014,0.983
wall-robot-navigation.csv,TomekLinks,BalancedRandomForestClassifier,1.959,,,,,,,,,,,0.979,0.011,0.987,0.005,0.986,0.005,0.979,0.008,0.983
ann_thyroid.csv,SMOTE,BalancedRandomForestClassifier,7.293,,,,,,,,,,,0.967,0.021,0.995,0.006,0.996,0.002,0.974,0.015,0.983
anneal.csv,SMOTE,RandomForestClassifier,0.957,,,,,,,,,,,0.975,0.064,0.973,0.061,0.995,0.008,0.989,0.017,0.983
ann_thyroid.csv,ADASYN,GradientBoostingClassifier,29.007,,,,,,,,,,,0.971,0.022,0.992,0.01,0.996,0.003,0.974,0.017,0.983
analcatdata_authorship.csv,RandomOverSampler,GradientBoostingClassifier,9.084,,,,,,,,,,,0.989,0.012,0.977,0.029,0.986,0.014,0.98,0.02,0.983
anneal.csv,TomekLinks,GradientBoostingClassifier,1.869,,,,,,,,,,,0.979,0.061,0.967,0.061,0.995,0.007,0.99,0.015,0.983
ann_thyroid.csv,SMOTETomek,BalancedRandomForestClassifier,10.269,,,,,,,,,,,0.966,0.021,0.996,0.006,0.996,0.002,0.974,0.015,0.983
Fetal_cardiotocography_dataset.csv,RandomOverSampler,RandomForestClassifier,1.498,,,,,,,,,,,0.989,0.012,0.98,0.014,0.99,0.007,0.973,0.019,0.983
ann_thyroid.csv,RandomOverSampler,BaggingClassifier,0.819,,,,,,,,,,,0.972,0.022,0.991,0.009,0.996,0.002,0.974,0.015,0.983
TESTFORDESCRIPTION-anneal.csv,RandomOverSampler,BalancedRandomForestClassifier,1.276,,,,,,,,,,,0.975,0.062,0.975,0.062,0.995,0.009,0.988,0.019,0.983
ann_thyroid.csv,TomekLinks,BaggingClassifier,0.785,,,,,,,,,,,0.975,0.02,0.985,0.011,0.996,0.002,0.974,0.016,0.983
anneal.csv,ADASYN,BalancedRandomForestClassifier,1.488,,,,,,,,,,,0.977,0.063,0.971,0.06,0.995,0.007,0.99,0.015,0.983
Fetal_cardiotocography_dataset.csv,RandomOverSampler,GradientBoostingClassifier,9.56,,,,,,,,,,,0.988,0.013,0.981,0.014,0.99,0.007,0.974,0.02,0.983
ann_thyroid.csv,SMOTE,RandomForestClassifier,4.577,,,,,,,,,,,0.966,0.022,0.996,0.005,0.996,0.002,0.974,0.014,0.983
jungle_chess_2pcs_endgame_lion_elephant.csv,RandomUnderSampler,BaggingClassifier,0.423,,,,,,,,,,,0.976,0.011,0.991,0.006,0.987,0.006,0.975,0.012,0.982
Fetal_cardiotocography_dataset.csv,SMOTETomek,RandomForestClassifier,2.002,,,,,,,,,,,0.986,0.013,0.981,0.013,0.989,0.007,0.971,0.018,0.982
TESTFORDESCRIPTION-anneal.csv,SMOTE,BalancedRandomForestClassifier,1.455,,,,,,,,,,,0.976,0.062,0.971,0.062,0.994,0.009,0.988,0.02,0.982
TESTFORDESCRIPTION-anneal.csv,SMOTETomek,BalancedRandomForestClassifier,1.545,,,,,,,,,,,0.975,0.062,0.972,0.062,0.994,0.009,0.987,0.02,0.982
jungle_chess_2pcs_endgame_panther_lion_subset.csv,RandomOverSampler,BalancedRandomForestClassifier,1.364,,,,,,,,,,,0.996,0.004,0.949,0.045,0.994,0.006,0.989,0.01,0.982
jungle_chess_2pcs_endgame_panther_lion_subset.csv,SMOTETomek,RandomForestClassifier,0.959,,,,,,,,,,,0.993,0.016,0.951,0.049,0.993,0.006,0.988,0.012,0.982
jungle_chess_2pcs_endgame_lion_elephant.csv,RandomUnderSampler,BalancedBaggingClassifier,0.532,,,,,,,,,,,0.975,0.012,0.99,0.007,0.987,0.007,0.974,0.013,0.982
TESTFORDESCRIPTION-anneal.csv,RandomOverSampler,RandomForestClassifier,0.905,,,,,,,,,,,0.976,0.062,0.972,0.062,0.994,0.009,0.987,0.02,0.982
anneal.csv,SMOTETomek,RandomForestClassifier,1.043,,,,,,,,,,,0.976,0.064,0.969,0.06,0.994,0.008,0.987,0.017,0.982
Fetal_cardiotocography_dataset.csv,SMOTE,RandomForestClassifier,1.769,,,,,,,,,,,0.986,0.014,0.981,0.013,0.989,0.007,0.971,0.019,0.982
anneal.csv,SMOTE,BalancedBaggingClassifier,0.53,,,,,,,,,,,0.972,0.064,0.973,0.062,0.995,0.009,0.989,0.018,0.982
ann_thyroid.csv,ADASYN,RandomForestClassifier,4.636,,,,,,,,,,,0.965,0.023,0.994,0.008,0.996,0.002,0.972,0.016,0.982
ann_thyroid.csv,ADASYN,BalancedRandomForestClassifier,7.73,,,,,,,,,,,0.965,0.022,0.995,0.006,0.996,0.002,0.971,0.016,0.982
analcatdata_authorship.csv,RandomUnderSampler,BalancedRandomForestClassifier,0.766,,,,,,,,,,,0.985,0.012,0.987,0.009,0.982,0.014,0.975,0.019,0.982
Fetal_cardiotocography_dataset.csv,ADASYN,RandomForestClassifier,1.845,,,,,,,,,,,0.986,0.014,0.981,0.013,0.989,0.007,0.971,0.019,0.982
ann_thyroid.csv,SMOTETomek,RandomForestClassifier,7.727,,,,,,,,,,,0.966,0.022,0.995,0.006,0.996,0.002,0.972,0.015,0.982
Fetal_cardiotocography_dataset.csv,SMOTE,BalancedRandomForestClassifier,2.704,,,,,,,,,,,0.986,0.013,0.98,0.013,0.989,0.007,0.971,0.018,0.982
anneal.csv,SMOTE,BaggingClassifier,0.375,,,,,,,,,,,0.97,0.064,0.974,0.062,0.995,0.008,0.989,0.017,0.982
TESTFORDESCRIPTION-anneal.csv,SMOTETomek,RandomForestClassifier,1.037,,,,,,,,,,,0.974,0.063,0.972,0.062,0.994,0.009,0.987,0.018,0.982
jungle_chess_2pcs_endgame_panther_lion_subset.csv,SMOTETomek,BalancedRandomForestClassifier,1.434,,,,,,,,,,,0.994,0.01,0.949,0.054,0.993,0.007,0.988,0.012,0.981
analcatdata_authorship.csv,ADASYN,GradientBoostingClassifier,13.29,,,,,,,,,,,0.986,0.018,0.975,0.031,0.984,0.017,0.977,0.023,0.981
TESTFORDESCRIPTION-anneal.csv,SMOTE,RandomForestClassifier,0.929,,,,,,,,,,,0.976,0.062,0.969,0.061,0.994,0.009,0.986,0.02,0.981
Fetal_cardiotocography_dataset.csv,SMOTETomek,BalancedRandomForestClassifier,3.016,,,,,,,,,,,0.985,0.013,0.98,0.013,0.989,0.007,0.97,0.019,0.981
dermatology.csv,EditedNearestNeighbours,BalancedRandomForestClassifier,0.731,,,,,,,,,,,0.982,0.024,0.98,0.026,0.982,0.024,0.978,0.029,0.981
Fetal_cardiotocography_dataset.csv,TomekLinks,BalancedRandomForestClassifier,1.111,,,,,,,,,,,0.987,0.014,0.979,0.014,0.989,0.007,0.97,0.02,0.981
wall-robot-navigation.csv,RandomUnderSampler,RandomForestClassifier,1.08,,,,,,,,,,,0.975,0.013,0.987,0.006,0.985,0.006,0.977,0.009,0.981
Fetal_cardiotocography_dataset.csv,ADASYN,BalancedRandomForestClassifier,2.758,,,,,,,,,,,0.985,0.015,0.981,0.013,0.989,0.007,0.97,0.02,0.981
anneal.csv,ADASYN,BalancedBaggingClassifier,0.555,,,,,,,,,,,0.973,0.063,0.97,0.067,0.994,0.01,0.987,0.021,0.981
jungle_chess_2pcs_endgame_panther_lion_subset.csv,ADASYN,RandomForestClassifier,0.957,,,,,,,,,,,0.996,0.005,0.946,0.058,0.993,0.007,0.988,0.013,0.981
wall-robot-navigation.csv,RandomUnderSampler,BalancedRandomForestClassifier,1.515,,,,,,,,,,,0.974,0.012,0.987,0.006,0.984,0.006,0.977,0.009,0.981
Fetal_cardiotocography_dataset.csv,RandomUnderSampler,RandomForestClassifier,0.675,,,,,,,,,,,0.982,0.014,0.982,0.013,0.988,0.007,0.968,0.02,0.98
Fetal_cardiotocography_dataset.csv,SMOTE,BalancedBaggingClassifier,1.144,,,,,,,,,,,0.984,0.012,0.979,0.015,0.988,0.007,0.967,0.019,0.98
analcatdata_authorship.csv,TomekLinks,GradientBoostingClassifier,6.494,,,,,,,,,,,0.985,0.017,0.975,0.03,0.984,0.015,0.977,0.021,0.98
shuttle.csv,RandomOverSampler,BalancedRandomForestClassifier,1.917,,,,,,,,,,,0.961,0.087,0.961,0.086,0.999,0.003,0.996,0.008,0.98
Fetal_cardiotocography_dataset.csv,SMOTETomek,GradientBoostingClassifier,12.973,,,,,,,,,,,0.983,0.014,0.98,0.013,0.988,0.007,0.968,0.019,0.98
analcatdata_authorship.csv,EditedNearestNeighbours,GradientBoostingClassifier,6.381,,,,,,,,,,,0.987,0.013,0.974,0.032,0.983,0.017,0.976,0.024,0.98
jungle_chess_2pcs_endgame_lion_elephant.csv,RandomUnderSampler,BalancedRandomForestClassifier,1.473,,,,,,,,,,,0.973,0.012,0.99,0.005,0.986,0.007,0.972,0.013,0.98
anneal.csv,ADASYN,BaggingClassifier,0.419,,,,,,,,,,,0.97,0.064,0.969,0.067,0.994,0.009,0.986,0.02,0.98
Fetal_cardiotocography_dataset.csv,SMOTE,GradientBoostingClassifier,13.041,,,,,,,,,,,0.984,0.015,0.98,0.014,0.988,0.008,0.968,0.022,0.98
jungle_chess_2pcs_endgame_lion_elephant.csv,RandomUnderSampler,RandomForestClassifier,0.963,,,,,,,,,,,0.973,0.012,0.989,0.007,0.986,0.007,0.972,0.013,0.98
thyroid-ann.csv,TomekLinks,RandomForestClassifier,1.008,,,,,,,,,,,0.983,0.019,0.976,0.029,0.995,0.004,0.967,0.028,0.98
TESTFORDESCRIPTION-anneal.csv,RandomOverSampler,BaggingClassifier,0.29,,,,,,,,,,,0.969,0.067,0.97,0.067,0.992,0.012,0.983,0.026,0.979
Fetal_cardiotocography_dataset.csv,ADASYN,GradientBoostingClassifier,13.561,,,,,,,,,,,0.983,0.015,0.979,0.014,0.988,0.008,0.967,0.021,0.979
anneal.csv,TomekLinks,RandomForestClassifier,0.692,,,,,,,,,,,0.976,0.064,0.964,0.061,0.992,0.009,0.983,0.018,0.979
jungle_chess_2pcs_endgame_lion_elephant.csv,EditedNearestNeighbours,BaggingClassifier,0.559,,,,,,,,,,,0.979,0.014,0.98,0.014,0.985,0.009,0.971,0.018,0.979
jungle_chess_2pcs_endgame_lion_elephant.csv,EditedNearestNeighbours,RandomForestClassifier,1.1,,,,,,,,,,,0.981,0.01,0.979,0.009,0.985,0.007,0.971,0.014,0.979
Fetal_cardiotocography_dataset.csv,RandomUnderSampler,BalancedRandomForestClassifier,0.882,,,,,,,,,,,0.981,0.014,0.98,0.013,0.987,0.007,0.966,0.02,0.979
Fetal_cardiotocography_dataset.csv,SMOTETomek,BalancedBaggingClassifier,1.38,,,,,,,,,,,0.984,0.01,0.976,0.015,0.987,0.007,0.965,0.019,0.978
Fetal_cardiotocography_dataset.csv,SMOTETomek,BaggingClassifier,1.088,,,,,,,,,,,0.984,0.012,0.976,0.015,0.987,0.008,0.965,0.021,0.978
wall-robot-navigation.csv,EditedNearestNeighbours,BalancedBaggingClassifier,0.87,,,,,,,,,,,0.971,0.013,0.985,0.005,0.982,0.006,0.973,0.01,0.978
TESTFORDESCRIPTION-anneal.csv,RandomOverSampler,BalancedBaggingClassifier,0.374,,,,,,,,,,,0.966,0.068,0.97,0.072,0.993,0.011,0.983,0.025,0.978
Fetal_cardiotocography_dataset.csv,SMOTE,BaggingClassifier,0.852,,,,,,,,,,,0.982,0.015,0.977,0.016,0.988,0.008,0.966,0.022,0.978
Fetal_cardiotocography_dataset.csv,ADASYN,BaggingClassifier,0.861,,,,,,,,,,,0.983,0.015,0.976,0.018,0.988,0.009,0.966,0.024,0.978
jungle_chess_2pcs_endgame_panther_lion_subset.csv,TomekLinks,RandomForestClassifier,0.701,,,,,,,,,,,0.995,0.005,0.938,0.058,0.992,0.007,0.986,0.012,0.978
wall-robot-navigation.csv,EditedNearestNeighbours,BaggingClassifier,1.092,,,,,,,,,,,0.971,0.011,0.983,0.007,0.982,0.006,0.972,0.009,0.977
TESTFORDESCRIPTION-anneal.csv,SMOTETomek,BaggingClassifier,0.561,,,,,,,,,,,0.965,0.069,0.963,0.068,0.993,0.008,0.985,0.017,0.977
TESTFORDESCRIPTION-anneal.csv,TomekLinks,GradientBoostingClassifier,1.875,,,,,,,,,,,0.971,0.061,0.963,0.061,0.992,0.01,0.983,0.024,0.977
dermatology.csv,SMOTETomek,BalancedRandomForestClassifier,1.151,,,,,,,,,,,0.979,0.022,0.975,0.025,0.979,0.02,0.974,0.024,0.977
dermatology.csv,SMOTE,BalancedRandomForestClassifier,1.066,,,,,,,,,,,0.979,0.022,0.975,0.025,0.979,0.02,0.974,0.024,0.977
jungle_chess_2pcs_endgame_panther_lion_subset.csv,EditedNearestNeighbours,BaggingClassifier,0.291,,,,,,,,,,,0.944,0.063,0.989,0.02,0.991,0.01,0.982,0.021,0.977
Fetal_cardiotocography_dataset.csv,ADASYN,BalancedBaggingClassifier,1.128,,,,,,,,,,,0.982,0.017,0.975,0.02,0.987,0.01,0.965,0.027,0.977
dermatology.csv,TomekLinks,BalancedRandomForestClassifier,0.749,,,,,,,,,,,0.981,0.022,0.976,0.026,0.978,0.023,0.974,0.027,0.977
TESTFORDESCRIPTION-anneal.csv,TomekLinks,RandomForestClassifier,0.608,,,,,,,,,,,0.971,0.062,0.965,0.061,0.991,0.01,0.98,0.022,0.977
segment.csv,SMOTE,RandomForestClassifier,1.436,,,,,,,,,,,0.975,0.025,0.973,0.026,0.981,0.019,0.976,0.024,0.976
Fetal_cardiotocography_dataset.csv,TomekLinks,RandomForestClassifier,0.998,,,,,,,,,,,0.987,0.012,0.969,0.018,0.985,0.008,0.961,0.022,0.976
segment.csv,SMOTETomek,BalancedRandomForestClassifier,2.708,,,,,,,,,,,0.974,0.024,0.973,0.024,0.98,0.018,0.975,0.023,0.976
wall-robot-navigation.csv,EditedNearestNeighbours,RandomForestClassifier,2.423,,,,,,,,,,,0.978,0.007,0.978,0.007,0.98,0.005,0.969,0.007,0.976
segment.csv,SMOTE,BalancedRandomForestClassifier,2.062,,,,,,,,,,,0.975,0.022,0.973,0.023,0.98,0.017,0.975,0.022,0.976
dermatology.csv,RandomOverSampler,BalancedRandomForestClassifier,1.127,,,,,,,,,,,0.978,0.021,0.974,0.022,0.977,0.02,0.972,0.024,0.975
car_evaluation.csv,TomekLinks,GradientBoostingClassifier,1.402,,,,,,,,,,,0.965,0.029,0.977,0.025,0.987,0.009,0.972,0.02,0.975
Fetal_cardiotocography_dataset.csv,RandomOverSampler,BaggingClassifier,0.604,,,,,,,,,,,0.98,0.015,0.975,0.016,0.985,0.008,0.959,0.023,0.975
jungle_chess_2pcs_endgame_rat_lion_subset.csv,SMOTETomek,RandomForestClassifier,1.01,,,,,,,,,,,0.975,0.027,0.955,0.028,0.989,0.006,0.981,0.011,0.975
jungle_chess_2pcs_endgame_rat_lion_subset.csv,RandomOverSampler,RandomForestClassifier,0.872,,,,,,,,,,,0.968,0.033,0.961,0.03,0.989,0.008,0.98,0.014,0.975
segment.csv,RandomOverSampler,BalancedRandomForestClassifier,1.736,,,,,,,,,,,0.974,0.023,0.972,0.024,0.98,0.017,0.975,0.021,0.975
Fetal_cardiotocography_dataset.csv,RandomOverSampler,BalancedBaggingClassifier,0.757,,,,,,,,,,,0.981,0.015,0.975,0.016,0.985,0.008,0.96,0.023,0.975
TESTFORDESCRIPTION-anneal.csv,SMOTE,BaggingClassifier,0.364,,,,,,,,,,,0.961,0.069,0.961,0.068,0.993,0.007,0.984,0.015,0.975
Fetal_cardiotocography_dataset.csv,TomekLinks,GradientBoostingClassifier,4.935,,,,,,,,,,,0.984,0.016,0.971,0.02,0.985,0.01,0.96,0.027,0.975
segment.csv,RandomOverSampler,RandomForestClassifier,1.214,,,,,,,,,,,0.974,0.026,0.972,0.027,0.98,0.019,0.975,0.024,0.975
jungle_chess_2pcs_endgame_rat_lion_subset.csv,RandomOverSampler,BalancedRandomForestClassifier,1.273,,,,,,,,,,,0.967,0.03,0.958,0.029,0.989,0.007,0.98,0.013,0.974
segment.csv,SMOTETomek,RandomForestClassifier,1.428,,,,,,,,,,,0.973,0.027,0.971,0.027,0.979,0.02,0.974,0.025,0.974
jungle_chess_2pcs_endgame_rat_lion_clean_subset.csv,SMOTE,GradientBoostingClassifier,6.593,,,,,,,,,,,0.967,0.03,0.964,0.03,0.987,0.009,0.977,0.016,0.974
jungle_chess_2pcs_endgame_rat_lion_subset.csv,ADASYN,BalancedRandomForestClassifier,1.713,,,,,,,,,,,0.972,0.027,0.955,0.028,0.989,0.006,0.98,0.01,0.974
jungle_chess_2pcs_endgame_rat_lion_clean_subset.csv,SMOTETomek,GradientBoostingClassifier,5.892,,,,,,,,,,,0.967,0.028,0.964,0.03,0.987,0.008,0.977,0.015,0.974
segment.csv,SMOTETomek,GradientBoostingClassifier,21.045,,,,,,,,,,,0.974,0.019,0.971,0.019,0.979,0.015,0.973,0.019,0.974
jungle_chess_2pcs_endgame_rat_lion_subset.csv,SMOTE,RandomForestClassifier,0.935,,,,,,,,,,,0.972,0.024,0.955,0.028,0.989,0.005,0.98,0.01,0.974
jungle_chess_2pcs_endgame_rat_lion_subset.csv,ADASYN,RandomForestClassifier,0.953,,,,,,,,,,,0.969,0.03,0.958,0.03,0.989,0.006,0.981,0.011,0.974
dermatology.csv,EditedNearestNeighbours,RandomForestClassifier,0.569,,,,,,,,,,,0.978,0.023,0.972,0.026,0.976,0.021,0.971,0.026,0.974
jungle_chess_2pcs_endgame_rat_lion_subset.csv,ADASYN,BalancedBaggingClassifier,0.557,,,,,,,,,,,0.966,0.035,0.959,0.027,0.989,0.007,0.98,0.013,0.974
jungle_chess_2pcs_endgame_rat_lion_subset.csv,SMOTE,BalancedRandomForestClassifier,1.464,,,,,,,,,,,0.972,0.025,0.955,0.03,0.989,0.006,0.98,0.011,0.974
dermatology.csv,RandomOverSampler,RandomForestClassifier,0.96,,,,,,,,,,,0.976,0.024,0.972,0.027,0.976,0.023,0.971,0.027,0.974
jungle_chess_2pcs_endgame_rat_lion_clean_subset.csv,SMOTETomek,BalancedRandomForestClassifier,1.448,,,,,,,,,,,0.977,0.026,0.95,0.035,0.987,0.01,0.977,0.017,0.973
jungle_chess_2pcs_endgame_rat_lion_clean_subset.csv,SMOTE,BalancedRandomForestClassifier,1.41,,,,,,,,,,,0.976,0.025,0.951,0.031,0.987,0.008,0.977,0.014,0.973
optdigits.csv,SMOTETomek,RandomForestClassifier,4.496,,,,,,,,,,,0.974,0.014,0.97,0.014,0.975,0.011,0.971,0.013,0.973
dermatology.csv,RandomUnderSampler,BalancedRandomForestClassifier,0.716,,,,,,,,,,,0.975,0.02,0.973,0.02,0.974,0.019,0.969,0.022,0.973
optdigits.csv,RandomOverSampler,BalancedRandomForestClassifier,3.557,,,,,,,,,,,0.975,0.012,0.97,0.014,0.975,0.011,0.971,0.013,0.973
Fetal_cardiotocography_dataset.csv,RandomUnderSampler,GradientBoostingClassifier,1.726,,,,,,,,,,,0.972,0.014,0.98,0.012,0.984,0.006,0.957,0.017,0.973
TESTFORDESCRIPTION-anneal.csv,SMOTETomek,BalancedBaggingClassifier,0.658,,,,,,,,,,,0.957,0.074,0.957,0.074,0.992,0.009,0.983,0.019,0.973
jungle_chess_2pcs_endgame_rat_lion_subset.csv,ADASYN,BaggingClassifier,0.453,,,,,,,,,,,0.964,0.032,0.96,0.028,0.989,0.006,0.979,0.012,0.973
dermatology.csv,SMOTETomek,RandomForestClassifier,0.734,,,,,,,,,,,0.975,0.027,0.971,0.028,0.975,0.023,0.97,0.028,0.973
TESTFORDESCRIPTION-anneal.csv,SMOTE,BalancedBaggingClassifier,0.54,,,,,,,,,,,0.954,0.081,0.954,0.08,0.994,0.008,0.987,0.015,0.973
dermatology.csv,TomekLinks,RandomForestClassifier,0.537,,,,,,,,,,,0.975,0.027,0.972,0.028,0.975,0.024,0.97,0.029,0.973
segment.csv,SMOTE,GradientBoostingClassifier,19.516,,,,,,,,,,,0.973,0.02,0.97,0.022,0.978,0.017,0.972,0.021,0.973
jungle_chess_2pcs_endgame_rat_lion_subset.csv,SMOTETomek,BalancedRandomForestClassifier,1.49,,,,,,,,,,,0.97,0.027,0.953,0.024,0.989,0.006,0.979,0.011,0.973
jungle_chess_2pcs_endgame_lion_elephant.csv,EditedNearestNeighbours,BalancedRandomForestClassifier,1.503,,,,,,,,,,,0.966,0.013,0.982,0.008,0.981,0.007,0.962,0.015,0.973
optdigits.csv,SMOTE,RandomForestClassifier,3.932,,,,,,,,,,,0.974,0.014,0.97,0.014,0.975,0.011,0.971,0.013,0.973
dermatology.csv,SMOTE,RandomForestClassifier,0.982,,,,,,,,,,,0.975,0.027,0.971,0.028,0.975,0.023,0.97,0.028,0.973
Fetal_cardiotocography_dataset.csv,TomekLinks,BalancedBaggingClassifier,0.41,,,,,,,,,,,0.978,0.015,0.972,0.018,0.983,0.009,0.954,0.025,0.972
optdigits.csv,RandomOverSampler,RandomForestClassifier,2.242,,,,,,,,,,,0.975,0.01,0.97,0.011,0.974,0.009,0.97,0.011,0.972
jungle_chess_2pcs_endgame_rat_lion_subset.csv,RandomOverSampler,GradientBoostingClassifier,4.208,,,,,,,,,,,0.952,0.033,0.969,0.029,0.988,0.007,0.978,0.013,0.972
optdigits.csv,SMOTETomek,BalancedRandomForestClassifier,6.24,,,,,,,,,,,0.973,0.013,0.969,0.014,0.974,0.011,0.97,0.013,0.972
optdigits.csv,SMOTE,BalancedRandomForestClassifier,5.917,,,,,,,,,,,0.973,0.013,0.969,0.014,0.974,0.011,0.97,0.013,0.972
segment.csv,TomekLinks,RandomForestClassifier,0.799,,,,,,,,,,,0.971,0.022,0.968,0.024,0.977,0.017,0.971,0.021,0.972
Fetal_cardiotocography_dataset.csv,TomekLinks,BaggingClassifier,0.497,,,,,,,,,,,0.982,0.015,0.968,0.018,0.983,0.009,0.955,0.025,0.972
jungle_chess_2pcs_endgame_rat_lion_clean_subset.csv,ADASYN,RandomForestClassifier,0.94,,,,,,,,,,,0.973,0.028,0.951,0.036,0.986,0.009,0.976,0.016,0.972
analcatdata_authorship.csv,TomekLinks,EasyEnsembleClassifier,2.742,,,,,,,,,,,0.978,0.016,0.976,0.021,0.972,0.02,0.96,0.029,0.972
jungle_chess_2pcs_endgame_rat_lion_subset.csv,SMOTE,BalancedBaggingClassifier,0.568,,,,,,,,,,,0.964,0.035,0.956,0.031,0.988,0.007,0.978,0.014,0.972
anneal.csv,RandomOverSampler,GradientBoostingClassifier,4.95,,,,,,,,,,,0.957,0.084,0.945,0.077,0.993,0.008,0.986,0.016,0.971
jungle_chess_2pcs_endgame_rat_lion_subset.csv,TomekLinks,GradientBoostingClassifier,2.812,,,,,,,,,,,0.966,0.031,0.95,0.038,0.988,0.007,0.978,0.013,0.971
jungle_chess_2pcs_endgame_rat_lion_subset.csv,ADASYN,GradientBoostingClassifier,5.727,,,,,,,,,,,0.958,0.034,0.96,0.029,0.988,0.007,0.978,0.013,0.971
segment.csv,RandomUnderSampler,GradientBoostingClassifier,4.662,,,,,,,,,,,0.969,0.024,0.969,0.025,0.976,0.018,0.969,0.023,0.971
shuttle.csv,RandomOverSampler,BalancedBaggingClassifier,0.497,,,,,,,,,,,0.942,0.1,0.951,0.093,0.997,0.004,0.991,0.013,0.971
jungle_chess_2pcs_endgame_rat_lion_subset.csv,SMOTETomek,GradientBoostingClassifier,5.94,,,,,,,,,,,0.96,0.034,0.957,0.029,0.988,0.006,0.978,0.012,0.971
TESTFORDESCRIPTION-anneal.csv,TomekLinks,BaggingClassifier,0.281,,,,,,,,,,,0.955,0.078,0.957,0.074,0.991,0.01,0.98,0.022,0.971
jungle_chess_2pcs_endgame_rat_lion_subset.csv,SMOTE,BaggingClassifier,0.385,,,,,,,,,,,0.962,0.035,0.953,0.035,0.988,0.008,0.977,0.014,0.97
Fetal_cardiotocography_dataset.csv,RandomUnderSampler,BalancedBaggingClassifier,0.314,,,,,,,,,,,0.971,0.019,0.976,0.015,0.982,0.009,0.952,0.025,0.97
TESTFORDESCRIPTION-anneal.csv,RandomOverSampler,GradientBoostingClassifier,5.148,,,,,,,,,,,0.954,0.086,0.949,0.079,0.992,0.01,0.984,0.02,0.97
shuttle.csv,TomekLinks,RandomForestClassifier,0.783,,,,,,,,,,,0.941,0.107,0.943,0.103,0.998,0.003,0.996,0.008,0.97
optdigits.csv,TomekLinks,RandomForestClassifier,1.222,,,,,,,,,,,0.975,0.013,0.965,0.014,0.971,0.011,0.967,0.013,0.97
jungle_chess_2pcs_endgame_rat_lion_clean_subset.csv,ADASYN,GradientBoostingClassifier,5.706,,,,,,,,,,,0.963,0.026,0.957,0.03,0.985,0.008,0.974,0.014,0.97
segment.csv,RandomUnderSampler,BalancedRandomForestClassifier,1.191,,,,,,,,,,,0.969,0.024,0.966,0.025,0.975,0.019,0.969,0.024,0.97
jungle_chess_2pcs_endgame_rat_lion_subset.csv,SMOTE,GradientBoostingClassifier,6.049,,,,,,,,,,,0.959,0.036,0.955,0.029,0.988,0.007,0.977,0.013,0.97
segment.csv,RandomOverSampler,GradientBoostingClassifier,11.839,,,,,,,,,,,0.969,0.023,0.966,0.025,0.975,0.019,0.969,0.023,0.97
Fetal_cardiotocography_dataset.csv,RandomUnderSampler,BaggingClassifier,0.294,,,,,,,,,,,0.971,0.019,0.976,0.015,0.982,0.01,0.952,0.026,0.97
jungle_chess_2pcs_endgame_rat_lion_clean_subset.csv,RandomOverSampler,GradientBoostingClassifier,4.299,,,,,,,,,,,0.951,0.031,0.969,0.03,0.985,0.009,0.973,0.017,0.97
jungle_chess_2pcs_endgame_lion_elephant.csv,EditedNearestNeighbours,BalancedBaggingClassifier,0.605,,,,,,,,,,,0.962,0.014,0.98,0.01,0.979,0.008,0.958,0.015,0.97
dermatology.csv,RandomUnderSampler,RandomForestClassifier,0.555,,,,,,,,,,,0.972,0.025,0.968,0.026,0.971,0.024,0.966,0.028,0.969
jungle_chess_2pcs_endgame_rat_lion_clean_subset.csv,RandomOverSampler,BalancedRandomForestClassifier,1.203,,,,,,,,,,,0.967,0.027,0.951,0.032,0.985,0.008,0.974,0.014,0.969
jungle_chess_2pcs_endgame_rat_lion_subset.csv,TomekLinks,RandomForestClassifier,0.752,,,,,,,,,,,0.972,0.03,0.939,0.032,0.987,0.007,0.976,0.013,0.969
jungle_chess_2pcs_endgame_rat_lion_clean_subset.csv,ADASYN,BalancedRandomForestClassifier,1.372,,,,,,,,,,,0.971,0.029,0.945,0.036,0.985,0.01,0.973,0.017,0.969
jungle_chess_2pcs_endgame_rat_lion_subset.csv,SMOTETomek,BaggingClassifier,0.496,,,,,,,,,,,0.958,0.039,0.955,0.033,0.987,0.009,0.977,0.016,0.969
jungle_chess_2pcs_endgame_rat_lion_clean_subset.csv,RandomOverSampler,RandomForestClassifier,0.879,,,,,,,,,,,0.968,0.028,0.95,0.034,0.985,0.009,0.974,0.015,0.969
jungle_chess_2pcs_endgame_rat_lion_clean_subset.csv,SMOTETomek,RandomForestClassifier,1.021,,,,,,,,,,,0.97,0.027,0.945,0.039,0.985,0.009,0.974,0.016,0.969
jungle_chess_2pcs_endgame_rat_lion_subset.csv,EditedNearestNeighbours,BaggingClassifier,0.29,,,,,,,,,,,0.956,0.038,0.957,0.032,0.987,0.008,0.977,0.016,0.969
optdigits.csv,TomekLinks,BalancedRandomForestClassifier,1.592,,,,,,,,,,,0.969,0.013,0.969,0.012,0.971,0.011,0.967,0.013,0.969
car_evaluation.csv,RandomOverSampler,BalancedBaggingClassifier,0.404,,,,,,,,,,,0.973,0.024,0.954,0.03,0.983,0.008,0.964,0.017,0.969
segment.csv,RandomUnderSampler,RandomForestClassifier,0.763,,,,,,,,,,,0.967,0.028,0.965,0.028,0.975,0.021,0.968,0.026,0.969
jungle_chess_2pcs_endgame_rat_lion_subset.csv,SMOTETomek,BalancedBaggingClassifier,0.615,,,,,,,,,,,0.958,0.04,0.955,0.033,0.987,0.009,0.976,0.017,0.969
optdigits.csv,RandomUnderSampler,RandomForestClassifier,1.055,,,,,,,,,,,0.966,0.012,0.972,0.011,0.971,0.01,0.966,0.011,0.969
car_evaluation.csv,RandomOverSampler,BaggingClassifier,0.284,,,,,,,,,,,0.973,0.024,0.954,0.031,0.984,0.008,0.965,0.018,0.969
segment.csv,TomekLinks,BalancedRandomForestClassifier,1.244,,,,,,,,,,,0.968,0.023,0.965,0.024,0.975,0.018,0.968,0.023,0.969
dermatology.csv,RandomOverSampler,GradientBoostingClassifier,2.719,,,,,,,,,,,0.972,0.024,0.967,0.026,0.97,0.024,0.963,0.029,0.968
analcatdata_authorship.csv,RandomOverSampler,BaggingClassifier,0.416,,,,,,,,,,,0.978,0.015,0.961,0.029,0.973,0.016,0.961,0.023,0.968
dermatology.csv,TomekLinks,GradientBoostingClassifier,1.768,,,,,,,,,,,0.971,0.019,0.967,0.025,0.971,0.018,0.964,0.021,0.968
wall-robot-navigation.csv,EditedNearestNeighbours,BalancedRandomForestClassifier,1.837,,,,,,,,,,,0.963,0.011,0.976,0.006,0.973,0.007,0.96,0.01,0.968
optdigits.csv,RandomUnderSampler,BalancedRandomForestClassifier,1.639,,,,,,,,,,,0.966,0.01,0.971,0.01,0.97,0.008,0.965,0.009,0.968
penbased.csv,RandomOverSampler,RandomForestClassifier,0.958,,,,,,,,,,,0.97,0.015,0.968,0.016,0.967,0.017,0.964,0.018,0.967
dermatology.csv,SMOTE,BaggingClassifier,0.304,,,,,,,,,,,0.969,0.023,0.968,0.027,0.969,0.024,0.962,0.029,0.967
jungle_chess_2pcs_endgame_rat_lion_subset.csv,TomekLinks,BaggingClassifier,0.319,,,,,,,,,,,0.956,0.036,0.949,0.031,0.986,0.008,0.975,0.014,0.967
penbased.csv,RandomUnderSampler,RandomForestClassifier,0.838,,,,,,,,,,,0.97,0.014,0.968,0.016,0.967,0.016,0.964,0.018,0.967
anneal.csv,TomekLinks,BaggingClassifier,0.27,,,,,,,,,,,0.95,0.087,0.938,0.088,0.992,0.009,0.984,0.019,0.967
car_evaluation.csv,TomekLinks,BaggingClassifier,0.315,,,,,,,,,,,0.964,0.029,0.961,0.037,0.982,0.01,0.96,0.022,0.967
shuttle.csv,TomekLinks,GradientBoostingClassifier,3.025,,,,,,,,,,,0.939,0.102,0.939,0.103,0.997,0.005,0.99,0.013,0.967
penbased.csv,TomekLinks,RandomForestClassifier,0.884,,,,,,,,,,,0.97,0.016,0.967,0.018,0.966,0.018,0.963,0.02,0.967
dermatology.csv,SMOTETomek,BaggingClassifier,0.311,,,,,,,,,,,0.969,0.023,0.968,0.027,0.969,0.024,0.962,0.029,0.967
penbased.csv,SMOTE,RandomForestClassifier,0.886,,,,,,,,,,,0.97,0.014,0.968,0.015,0.967,0.016,0.964,0.017,0.967
jungle_chess_2pcs_endgame_panther_elephant_subset.csv,TomekLinks,BalancedBaggingClassifier,0.294,,,,,,,,,,,0.943,0.048,0.972,0.025,0.983,0.012,0.968,0.022,0.967
texture.csv,SMOTE,RandomForestClassifier,8.431,,,,,,,,,,,0.969,0.012,0.966,0.013,0.968,0.012,0.963,0.013,0.967
jungle_chess_2pcs_endgame_rat_lion_clean_subset.csv,SMOTE,RandomForestClassifier,0.936,,,,,,,,,,,0.97,0.029,0.94,0.04,0.984,0.01,0.972,0.018,0.967
texture.csv,SMOTETomek,RandomForestClassifier,6.117,,,,,,,,,,,0.97,0.012,0.967,0.013,0.968,0.012,0.964,0.013,0.967
dermatology.csv,SMOTETomek,GradientBoostingClassifier,4.12,,,,,,,,,,,0.971,0.022,0.964,0.029,0.968,0.023,0.962,0.027,0.966
anneal.csv,RandomOverSampler,BalancedBaggingClassifier,0.393,,,,,,,,,,,0.942,0.091,0.943,0.083,0.992,0.009,0.983,0.019,0.966
dermatology.csv,SMOTE,GradientBoostingClassifier,3.75,,,,,,,,,,,0.971,0.022,0.964,0.029,0.968,0.023,0.962,0.027,0.966
jungle_chess_2pcs_endgame_rat_lion_clean_subset.csv,TomekLinks,RandomForestClassifier,0.673,,,,,,,,,,,0.976,0.022,0.932,0.044,0.983,0.01,0.971,0.017,0.966
analcatdata_authorship.csv,SMOTE,BalancedBaggingClassifier,0.723,,,,,,,,,,,0.969,0.024,0.964,0.029,0.971,0.016,0.959,0.023,0.966
texture.csv,SMOTE,BalancedRandomForestClassifier,8.148,,,,,,,,,,,0.968,0.013,0.965,0.013,0.967,0.012,0.962,0.014,0.966
penbased.csv,RandomUnderSampler,BalancedRandomForestClassifier,1.322,,,,,,,,,,,0.969,0.015,0.966,0.016,0.966,0.016,0.962,0.018,0.966
analcatdata_authorship.csv,SMOTETomek,BalancedBaggingClassifier,0.828,,,,,,,,,,,0.969,0.024,0.964,0.029,0.971,0.016,0.959,0.023,0.966
car_evaluation.csv,RandomOverSampler,GradientBoostingClassifier,2.528,,,,,,,,,,,0.947,0.027,0.988,0.006,0.976,0.01,0.95,0.02,0.966
optdigits.csv,RandomOverSampler,GradientBoostingClassifier,64.862,,,,,,,,,,,0.965,0.012,0.963,0.013,0.968,0.011,0.963,0.012,0.965
car_evaluation.csv,RandomOverSampler,BalancedRandomForestClassifier,1.471,,,,,,,,,,,0.953,0.03,0.969,0.029,0.98,0.009,0.957,0.019,0.965
texture.csv,SMOTETomek,BalancedRandomForestClassifier,8.616,,,,,,,,,,,0.968,0.013,0.964,0.014,0.967,0.012,0.962,0.014,0.965
penbased.csv,SMOTE,BalancedRandomForestClassifier,1.32,,,,,,,,,,,0.968,0.015,0.965,0.017,0.965,0.017,0.961,0.019,0.965
dermatology.csv,SMOTETomek,BalancedBaggingClassifier,0.317,,,,,,,,,,,0.967,0.025,0.966,0.028,0.967,0.027,0.959,0.032,0.965
jungle_chess_2pcs_endgame_panther_elephant_subset.csv,TomekLinks,BalancedRandomForestClassifier,0.898,,,,,,,,,,,0.927,0.05,0.974,0.025,0.985,0.01,0.971,0.02,0.965
jungle_chess_2pcs_endgame_rat_lion_subset.csv,RandomOverSampler,BaggingClassifier,0.342,,,,,,,,,,,0.951,0.041,0.948,0.033,0.985,0.009,0.973,0.017,0.965
anneal.csv,RandomOverSampler,BaggingClassifier,0.346,,,,,,,,,,,0.942,0.091,0.943,0.083,0.992,0.009,0.982,0.019,0.965
penbased.csv,SMOTETomek,BalancedRandomForestClassifier,1.451,,,,,,,,,,,0.968,0.015,0.965,0.016,0.964,0.016,0.961,0.018,0.965
penbased.csv,SMOTETomek,RandomForestClassifier,0.899,,,,,,,,,,,0.968,0.015,0.966,0.016,0.965,0.016,0.962,0.018,0.965
car_evaluation.csv,TomekLinks,RandomForestClassifier,0.79,,,,,,,,,,,0.96,0.029,0.957,0.036,0.982,0.009,0.961,0.02,0.965
jungle_chess_2pcs_endgame_rat_lion_subset.csv,RandomOverSampler,BalancedBaggingClassifier,0.51,,,,,,,,,,,0.951,0.039,0.95,0.033,0.985,0.008,0.973,0.016,0.965
dermatology.csv,SMOTE,BalancedBaggingClassifier,0.366,,,,,,,,,,,0.967,0.025,0.966,0.028,0.967,0.027,0.959,0.032,0.965
analcatdata_authorship.csv,ADASYN,EasyEnsembleClassifier,8.121,,,,,,,,,,,0.976,0.017,0.952,0.051,0.97,0.023,0.959,0.03,0.964
dermatology.csv,RandomOverSampler,BaggingClassifier,0.251,,,,,,,,,,,0.966,0.022,0.967,0.022,0.965,0.023,0.957,0.028,0.964
penbased.csv,RandomOverSampler,BalancedRandomForestClassifier,1.349,,,,,,,,,,,0.967,0.015,0.964,0.016,0.963,0.016,0.96,0.018,0.964
TESTFORDESCRIPTION-anneal.csv,ADASYN,BalancedBaggingClassifier,0.572,,,,,,,,,,,0.939,0.089,0.944,0.083,0.991,0.01,0.98,0.022,0.964
jungle_chess_2pcs_endgame_panther_elephant_subset.csv,EditedNearestNeighbours,RandomForestClassifier,0.629,,,,,,,,,,,0.939,0.039,0.962,0.036,0.983,0.011,0.969,0.021,0.964
JapaneseVowels.csv,SMOTE,BalancedRandomForestClassifier,15.081,,,,,,,,,,,0.965,0.012,0.961,0.013,0.967,0.01,0.961,0.012,0.964
car_evaluation.csv,RandomOverSampler,RandomForestClassifier,1.033,,,,,,,,,,,0.948,0.036,0.969,0.027,0.979,0.011,0.955,0.022,0.963
optdigits.csv,SMOTE,GradientBoostingClassifier,130.637,,,,,,,,,,,0.964,0.013,0.961,0.013,0.966,0.012,0.96,0.014,0.963
penbased.csv,TomekLinks,BalancedRandomForestClassifier,1.406,,,,,,,,,,,0.966,0.016,0.964,0.018,0.963,0.018,0.959,0.02,0.963
texture.csv,RandomOverSampler,RandomForestClassifier,4.158,,,,,,,,,,,0.966,0.014,0.962,0.014,0.965,0.013,0.96,0.015,0.963
JapaneseVowels.csv,ADASYN,BalancedRandomForestClassifier,13.653,,,,,,,,,,,0.963,0.01,0.96,0.011,0.967,0.009,0.961,0.011,0.963
dermatology.csv,TomekLinks,BalancedBaggingClassifier,0.272,,,,,,,,,,,0.967,0.03,0.963,0.032,0.965,0.028,0.958,0.033,0.963
JapaneseVowels.csv,ADASYN,RandomForestClassifier,12.975,,,,,,,,,,,0.963,0.009,0.96,0.01,0.967,0.008,0.961,0.009,0.963
analcatdata_authorship.csv,SMOTE,BaggingClassifier,0.55,,,,,,,,,,,0.97,0.02,0.96,0.027,0.968,0.015,0.955,0.021,0.963
JapaneseVowels.csv,SMOTE,RandomForestClassifier,12.425,,,,,,,,,,,0.963,0.012,0.96,0.013,0.967,0.01,0.96,0.012,0.963
optdigits.csv,SMOTETomek,GradientBoostingClassifier,128.243,,,,,,,,,,,0.964,0.013,0.961,0.013,0.966,0.012,0.96,0.014,0.963
analcatdata_authorship.csv,SMOTETomek,BaggingClassifier,0.565,,,,,,,,,,,0.97,0.02,0.96,0.027,0.968,0.015,0.955,0.021,0.963
analcatdata_authorship.csv,EditedNearestNeighbours,AdaBoostClassifier,0.482,,,,,,,,,,,0.973,0.013,0.956,0.039,0.966,0.016,0.952,0.022,0.962
TESTFORDESCRIPTION-anneal.csv,ADASYN,BaggingClassifier,0.545,,,,,,,,,,,0.939,0.089,0.94,0.087,0.989,0.012,0.977,0.025,0.962
jungle_chess_2pcs_endgame_rat_lion_clean_subset.csv,RandomOverSampler,BalancedBaggingClassifier,0.415,,,,,,,,,,,0.947,0.037,0.953,0.038,0.982,0.011,0.967,0.02,0.962
shuttle.csv,RandomOverSampler,GradientBoostingClassifier,8.361,,,,,,,,,,,0.926,0.114,0.923,0.116,0.998,0.003,0.994,0.01,0.962
jungle_chess_2pcs_endgame_rat_lion_clean_subset.csv,TomekLinks,GradientBoostingClassifier,2.847,,,,,,,,,,,0.958,0.023,0.939,0.044,0.982,0.01,0.968,0.016,0.962
Midwest_survey_clean_subset.csv,RandomOverSampler,BaggingClassifier,0.825,,,,,,,,,,,0.96,0.021,0.963,0.023,0.967,0.015,0.959,0.019,0.962
texture.csv,RandomOverSampler,BalancedRandomForestClassifier,5.569,,,,,,,,,,,0.966,0.013,0.96,0.016,0.964,0.013,0.959,0.015,0.962
jungle_chess_2pcs_endgame_rat_lion_clean_subset.csv,RandomOverSampler,BaggingClassifier,0.366,,,,,,,,,,,0.944,0.037,0.954,0.036,0.982,0.011,0.967,0.02,0.962
jungle_chess_2pcs_endgame_panther_elephant_subset.csv,EditedNearestNeighbours,GradientBoostingClassifier,2.358,,,,,,,,,,,0.92,0.054,0.972,0.027,0.984,0.011,0.969,0.023,0.962
JapaneseVowels.csv,SMOTETomek,BalancedRandomForestClassifier,17.648,,,,,,,,,,,0.962,0.011,0.958,0.01,0.966,0.009,0.959,0.01,0.961
jungle_chess_2pcs_endgame_rat_lion_clean_subset.csv,TomekLinks,BaggingClassifier,0.301,,,,,,,,,,,0.951,0.031,0.943,0.039,0.981,0.01,0.966,0.017,0.961
analcatdata_authorship.csv,EditedNearestNeighbours,EasyEnsembleClassifier,2.682,,,,,,,,,,,0.969,0.016,0.965,0.025,0.963,0.019,0.946,0.026,0.961
analcatdata_authorship.csv,TomekLinks,AdaBoostClassifier,0.49,,,,,,,,,,,0.972,0.015,0.955,0.034,0.965,0.021,0.95,0.03,0.961
analcatdata_authorship.csv,RandomOverSampler,BalancedBaggingClassifier,0.593,,,,,,,,,,,0.971,0.018,0.954,0.031,0.966,0.019,0.952,0.028,0.961
optdigits.csv,EditedNearestNeighbours,BalancedRandomForestClassifier,1.589,,,,,,,,,,,0.96,0.014,0.96,0.015,0.964,0.011,0.958,0.013,0.961
optdigits.csv,TomekLinks,GradientBoostingClassifier,21.212,,,,,,,,,,,0.965,0.011,0.957,0.014,0.964,0.01,0.958,0.012,0.961
dermatology.csv,RandomOverSampler,BalancedBaggingClassifier,0.313,,,,,,,,,,,0.962,0.027,0.964,0.026,0.962,0.027,0.954,0.034,0.961
JapaneseVowels.csv,SMOTETomek,RandomForestClassifier,10.314,,,,,,,,,,,0.962,0.011,0.958,0.011,0.965,0.009,0.958,0.011,0.961
jungle_chess_2pcs_endgame_panther_lion_subset.csv,TomekLinks,BalancedBaggingClassifier,0.318,,,,,,,,,,,0.902,0.06,0.983,0.02,0.983,0.011,0.966,0.024,0.96
optdigits.csv,EditedNearestNeighbours,RandomForestClassifier,1.199,,,,,,,,,,,0.969,0.012,0.953,0.015,0.962,0.013,0.957,0.014,0.96
analcatdata_authorship.csv,RandomOverSampler,EasyEnsembleClassifier,5.683,,,,,,,,,,,0.972,0.019,0.956,0.04,0.964,0.026,0.949,0.035,0.96
texture.csv,TomekLinks,RandomForestClassifier,2.03,,,,,,,,,,,0.967,0.012,0.955,0.015,0.961,0.012,0.956,0.013,0.96
Midwest_survey_clean_subset.csv,RandomOverSampler,BalancedBaggingClassifier,1.301,,,,,,,,,,,0.959,0.021,0.961,0.026,0.965,0.017,0.956,0.021,0.96
analcatdata_authorship.csv,RandomOverSampler,RUSBoostClassifier,0.748,,,,,,,,,,,0.972,0.019,0.956,0.04,0.964,0.026,0.949,0.035,0.96
analcatdata_authorship.csv,RandomOverSampler,AdaBoostClassifier,0.644,,,,,,,,,,,0.972,0.019,0.956,0.04,0.964,0.026,0.949,0.035,0.96
JapaneseVowels.csv,RandomOverSampler,RandomForestClassifier,8.273,,,,,,,,,,,0.964,0.01,0.955,0.011,0.964,0.009,0.957,0.011,0.96
dermatology.csv,RandomUnderSampler,BaggingClassifier,0.254,,,,,,,,,,,0.965,0.026,0.962,0.035,0.961,0.03,0.953,0.036,0.96
jungle_chess_2pcs_endgame_rat_lion_clean_subset.csv,ADASYN,BaggingClassifier,0.45,,,,,,,,,,,0.945,0.032,0.948,0.043,0.981,0.011,0.965,0.02,0.96
jungle_chess_2pcs_endgame_rat_lion_clean_subset.csv,SMOTETomek,BaggingClassifier,0.498,,,,,,,,,,,0.948,0.037,0.941,0.044,0.98,0.012,0.964,0.022,0.959
segment.csv,TomekLinks,GradientBoostingClassifier,6.344,,,,,,,,,,,0.959,0.026,0.953,0.03,0.966,0.023,0.957,0.028,0.959
JapaneseVowels.csv,RandomOverSampler,BalancedRandomForestClassifier,12.46,,,,,,,,,,,0.962,0.009,0.954,0.012,0.964,0.009,0.957,0.01,0.959
jungle_chess_2pcs_endgame_rat_lion_subset.csv,TomekLinks,BalancedBaggingClassifier,0.311,,,,,,,,,,,0.916,0.044,0.966,0.031,0.981,0.01,0.964,0.02,0.958
analcatdata_authorship.csv,ADASYN,BaggingClassifier,0.596,,,,,,,,,,,0.965,0.023,0.955,0.031,0.963,0.017,0.947,0.025,0.958
shuttle.csv,TomekLinks,AdaBoostClassifier,0.442,,,,,,,,,,,0.942,0.106,0.954,0.091,0.981,0.03,0.953,0.072,0.958
texture.csv,SMOTE,GradientBoostingClassifier,188.348,,,,,,,,,,,0.96,0.016,0.957,0.017,0.96,0.015,0.954,0.018,0.958
texture.csv,SMOTETomek,GradientBoostingClassifier,190.575,,,,,,,,,,,0.96,0.016,0.957,0.017,0.96,0.015,0.954,0.018,0.958
jungle_chess_2pcs_endgame_rat_lion_subset.csv,EditedNearestNeighbours,RandomForestClassifier,0.724,,,,,,,,,,,0.928,0.042,0.952,0.034,0.981,0.01,0.965,0.019,0.957
analcatdata_authorship.csv,TomekLinks,BaggingClassifier,0.393,,,,,,,,,,,0.967,0.019,0.95,0.028,0.963,0.017,0.947,0.024,0.957
analcatdata_authorship.csv,ADASYN,AdaBoostClassifier,0.882,,,,,,,,,,,0.972,0.014,0.945,0.052,0.963,0.019,0.948,0.025,0.957
anneal.csv,EditedNearestNeighbours,GradientBoostingClassifier,1.536,,,,,,,,,,,0.952,0.075,0.95,0.059,0.979,0.016,0.948,0.04,0.957
agriculture_dataset_karnataka_clean_subset.csv,RandomOverSampler,RandomForestClassifier,1.063,,,,,,,,,,,0.967,0.016,0.957,0.019,0.964,0.016,0.939,0.026,0.957
Midwest_survey_clean_subset.csv,TomekLinks,GradientBoostingClassifier,13.657,,,,,,,,,,,0.96,0.023,0.953,0.028,0.962,0.017,0.954,0.021,0.957
dermatology.csv,EditedNearestNeighbours,BaggingClassifier,0.227,,,,,,,,,,,0.967,0.026,0.949,0.046,0.959,0.033,0.951,0.04,0.957
jungle_chess_2pcs_endgame_rat_lion_clean_subset.csv,SMOTETomek,BalancedBaggingClassifier,0.642,,,,,,,,,,,0.943,0.037,0.941,0.043,0.979,0.012,0.963,0.022,0.957
dermatology.csv,RandomUnderSampler,BalancedBaggingClassifier,0.276,,,,,,,,,,,0.963,0.03,0.954,0.039,0.96,0.029,0.951,0.035,0.957
synthetic_control.csv,ADASYN,RandomForestClassifier,0.95,,,,,,,,,,,0.964,0.037,0.947,0.053,0.963,0.037,0.953,0.046,0.957
optdigits.csv,RandomUnderSampler,GradientBoostingClassifier,16.595,,,,,,,,,,,0.954,0.015,0.959,0.013,0.96,0.012,0.953,0.014,0.957
analcatdata_authorship.csv,ADASYN,RUSBoostClassifier,1.034,,,,,,,,,,,0.972,0.013,0.946,0.049,0.963,0.019,0.948,0.025,0.957
jungle_chess_2pcs_endgame_rat_lion_clean_subset.csv,ADASYN,BalancedBaggingClassifier,0.555,,,,,,,,,,,0.94,0.033,0.943,0.044,0.979,0.011,0.962,0.019,0.956
jungle_chess_2pcs_endgame_rat_lion_clean_subset.csv,SMOTE,BaggingClassifier,0.398,,,,,,,,,,,0.941,0.03,0.941,0.039,0.979,0.01,0.962,0.018,0.956
jungle_chess_2pcs_endgame_rat_lion_clean_subset.csv,SMOTE,BalancedBaggingClassifier,0.583,,,,,,,,,,,0.943,0.031,0.939,0.04,0.979,0.01,0.963,0.018,0.956
soybean_clean.csv,RandomOverSampler,RandomForestClassifier,1.03,,,,,,,,,,,0.974,0.015,0.971,0.017,0.94,0.032,0.936,0.035,0.956
Midwest_survey_clean_subset.csv,RandomOverSampler,GradientBoostingClassifier,66.372,,,,,,,,,,,0.957,0.022,0.954,0.027,0.96,0.016,0.951,0.02,0.956
synthetic_control.csv,ADASYN,BalancedRandomForestClassifier,1.342,,,,,,,,,,,0.963,0.041,0.944,0.058,0.961,0.04,0.951,0.05,0.955
synthetic_control.csv,SMOTETomek,BalancedRandomForestClassifier,1.689,,,,,,,,,,,0.965,0.038,0.944,0.052,0.96,0.035,0.949,0.045,0.955
segment.csv,SMOTETomek,BaggingClassifier,0.654,,,,,,,,,,,0.953,0.03,0.949,0.031,0.963,0.023,0.954,0.029,0.955
Midwest_survey_clean_subset.csv,TomekLinks,BaggingClassifier,0.651,,,,,,,,,,,0.959,0.023,0.952,0.031,0.959,0.019,0.95,0.024,0.955
Midwest_survey_clean_subset.csv,SMOTETomek,BaggingClassifier,1.75,,,,,,,,,,,0.959,0.025,0.953,0.029,0.958,0.022,0.948,0.028,0.955
segment.csv,SMOTE,BalancedBaggingClassifier,0.768,,,,,,,,,,,0.953,0.026,0.948,0.027,0.963,0.02,0.954,0.025,0.955
ann_thyroid.csv,TomekLinks,BalancedBaggingClassifier,0.842,,,,,,,,,,,0.907,0.029,0.995,0.002,0.988,0.004,0.92,0.023,0.955
texture.csv,RandomOverSampler,GradientBoostingClassifier,114.454,,,,,,,,,,,0.959,0.015,0.952,0.016,0.957,0.015,0.951,0.018,0.955
synthetic_control.csv,SMOTE,BalancedRandomForestClassifier,1.289,,,,,,,,,,,0.965,0.038,0.944,0.052,0.96,0.035,0.949,0.045,0.955
segment.csv,RandomUnderSampler,BaggingClassifier,0.284,,,,,,,,,,,0.954,0.03,0.951,0.031,0.963,0.023,0.953,0.029,0.955
segment.csv,RandomOverSampler,BaggingClassifier,0.411,,,,,,,,,,,0.954,0.028,0.949,0.031,0.964,0.023,0.954,0.028,0.955
analcatdata_authorship.csv,EditedNearestNeighbours,BaggingClassifier,0.427,,,,,,,,,,,0.962,0.027,0.95,0.043,0.961,0.02,0.945,0.028,0.955
segment.csv,SMOTETomek,BalancedBaggingClassifier,2.308,,,,,,,,,,,0.954,0.03,0.949,0.031,0.963,0.023,0.953,0.029,0.955
analcatdata_authorship.csv,ADASYN,BalancedBaggingClassifier,0.747,,,,,,,,,,,0.964,0.028,0.951,0.035,0.961,0.019,0.944,0.028,0.955
jungle_chess_2pcs_endgame_rat_lion_subset.csv,EditedNearestNeighbours,GradientBoostingClassifier,2.466,,,,,,,,,,,0.921,0.044,0.949,0.029,0.98,0.009,0.962,0.018,0.954
penbased.csv,SMOTE,GradientBoostingClassifier,8.33,,,,,,,,,,,0.958,0.016,0.954,0.018,0.954,0.018,0.95,0.019,0.954
dermatology.csv,TomekLinks,BaggingClassifier,0.252,,,,,,,,,,,0.962,0.028,0.946,0.045,0.957,0.029,0.949,0.035,0.954
agriculture_dataset_karnataka_clean_subset.csv,RandomOverSampler,BalancedRandomForestClassifier,1.654,,,,,,,,,,,0.965,0.017,0.955,0.018,0.961,0.016,0.936,0.026,0.954
texture.csv,TomekLinks,GradientBoostingClassifier,51.43,,,,,,,,,,,0.961,0.015,0.95,0.017,0.956,0.015,0.949,0.018,0.954
synthetic_control.csv,RandomOverSampler,BalancedRandomForestClassifier,1.082,,,,,,,,,,,0.962,0.034,0.944,0.051,0.96,0.036,0.95,0.044,0.954
soybean_clean.csv,RandomOverSampler,BalancedRandomForestClassifier,1.459,,,,,,,,,,,0.973,0.012,0.969,0.014,0.938,0.024,0.935,0.024,0.954
dermatology.csv,EditedNearestNeighbours,BalancedBaggingClassifier,0.31,,,,,,,,,,,0.961,0.029,0.951,0.032,0.956,0.029,0.947,0.035,0.954
wall-robot-navigation.csv,TomekLinks,EasyEnsembleClassifier,5.994,,,,,,,,,,,0.944,0.013,0.959,0.011,0.963,0.008,0.944,0.013,0.953
dermatology.csv,EditedNearestNeighbours,GradientBoostingClassifier,1.717,,,,,,,,,,,0.959,0.027,0.95,0.034,0.956,0.027,0.947,0.032,0.953
Midwest_survey_clean_subset.csv,EditedNearestNeighbours,BaggingClassifier,0.703,,,,,,,,,,,0.956,0.024,0.955,0.026,0.955,0.016,0.945,0.02,0.953
Midwest_survey_clean_subset.csv,EditedNearestNeighbours,GradientBoostingClassifier,12.158,,,,,,,,,,,0.957,0.022,0.953,0.026,0.957,0.017,0.946,0.02,0.953
Midwest_survey_clean_subset.csv,SMOTE,BaggingClassifier,1.247,,,,,,,,,,,0.957,0.024,0.952,0.029,0.956,0.021,0.946,0.026,0.953
penbased.csv,RandomOverSampler,GradientBoostingClassifier,8.788,,,,,,,,,,,0.957,0.018,0.953,0.019,0.953,0.019,0.949,0.021,0.953
Midwest_survey_clean_subset.csv,SMOTE,BalancedBaggingClassifier,1.766,,,,,,,,,,,0.957,0.023,0.953,0.027,0.956,0.02,0.946,0.026,0.953
soybean_clean.csv,SMOTE,BalancedRandomForestClassifier,1.509,,,,,,,,,,,0.975,0.012,0.965,0.02,0.938,0.026,0.934,0.027,0.953
penbased.csv,SMOTETomek,GradientBoostingClassifier,8.46,,,,,,,,,,,0.955,0.019,0.952,0.021,0.952,0.021,0.947,0.023,0.952
segment.csv,RandomUnderSampler,BalancedBaggingClassifier,0.34,,,,,,,,,,,0.95,0.036,0.948,0.037,0.96,0.029,0.95,0.036,0.952
segment.csv,TomekLinks,BalancedBaggingClassifier,0.39,,,,,,,,,,,0.952,0.034,0.945,0.037,0.96,0.027,0.95,0.033,0.952
synthetic_control.csv,SMOTE,RandomForestClassifier,0.924,,,,,,,,,,,0.96,0.045,0.941,0.063,0.958,0.043,0.947,0.056,0.952
optdigits.csv,EditedNearestNeighbours,GradientBoostingClassifier,20.133,,,,,,,,,,,0.957,0.014,0.947,0.016,0.956,0.013,0.949,0.015,0.952
Fetal_cardiotocography_dataset.csv,TomekLinks,AdaBoostClassifier,0.546,,,,,,,,,,,0.967,0.023,0.945,0.035,0.971,0.015,0.923,0.039,0.952
soybean_clean.csv,SMOTETomek,RandomForestClassifier,0.879,,,,,,,,,,,0.973,0.013,0.963,0.017,0.936,0.027,0.933,0.029,0.952
segment.csv,SMOTE,BaggingClassifier,0.566,,,,,,,,,,,0.951,0.028,0.946,0.029,0.961,0.021,0.951,0.026,0.952
soybean_clean.csv,TomekLinks,RandomForestClassifier,0.743,,,,,,,,,,,0.973,0.015,0.965,0.017,0.936,0.027,0.934,0.028,0.952
synthetic_control.csv,SMOTETomek,RandomForestClassifier,0.852,,,,,,,,,,,0.96,0.045,0.941,0.063,0.958,0.043,0.947,0.056,0.952
penbased.csv,RandomUnderSampler,GradientBoostingClassifier,7.466,,,,,,,,,,,0.956,0.016,0.952,0.018,0.952,0.018,0.948,0.02,0.952
synthetic_control.csv,RandomOverSampler,RandomForestClassifier,1.188,,,,,,,,,,,0.962,0.035,0.939,0.058,0.957,0.04,0.946,0.05,0.951
analcatdata_authorship.csv,SMOTE,AdaBoostClassifier,0.863,,,,,,,,,,,0.967,0.016,0.939,0.039,0.958,0.021,0.94,0.03,0.951
penbased.csv,TomekLinks,GradientBoostingClassifier,7.715,,,,,,,,,,,0.955,0.019,0.951,0.02,0.951,0.02,0.946,0.022,0.951
analcatdata_authorship.csv,SMOTE,RUSBoostClassifier,1.024,,,,,,,,,,,0.967,0.016,0.939,0.039,0.958,0.021,0.94,0.03,0.951
analcatdata_authorship.csv,SMOTETomek,EasyEnsembleClassifier,8.107,,,,,,,,,,,0.967,0.016,0.939,0.039,0.958,0.021,0.94,0.03,0.951
Midwest_survey_clean_subset.csv,SMOTETomek,BalancedBaggingClassifier,2.237,,,,,,,,,,,0.957,0.024,0.948,0.026,0.954,0.021,0.943,0.026,0.951
analcatdata_authorship.csv,SMOTETomek,RUSBoostClassifier,1.077,,,,,,,,,,,0.967,0.016,0.939,0.039,0.958,0.021,0.94,0.03,0.951
Midwest_survey_clean_subset.csv,SMOTETomek,GradientBoostingClassifier,88.881,,,,,,,,,,,0.957,0.021,0.947,0.029,0.954,0.016,0.944,0.02,0.951
Midwest_survey_clean_subset.csv,SMOTE,GradientBoostingClassifier,94.941,,,,,,,,,,,0.958,0.021,0.95,0.027,0.954,0.017,0.943,0.02,0.951
analcatdata_authorship.csv,SMOTE,EasyEnsembleClassifier,8.095,,,,,,,,,,,0.967,0.016,0.939,0.039,0.958,0.021,0.94,0.03,0.951
analcatdata_authorship.csv,SMOTETomek,AdaBoostClassifier,0.942,,,,,,,,,,,0.967,0.016,0.939,0.039,0.958,0.021,0.94,0.03,0.951
soybean_clean.csv,RandomOverSampler,BalancedBaggingClassifier,0.491,,,,,,,,,,,0.97,0.015,0.965,0.021,0.936,0.026,0.932,0.028,0.951
Fetal_cardiotocography_dataset.csv,EditedNearestNeighbours,BaggingClassifier,0.376,,,,,,,,,,,0.982,0.011,0.93,0.031,0.969,0.014,0.919,0.035,0.951
penbased.csv,EditedNearestNeighbours,RandomForestClassifier,0.862,,,,,,,,,,,0.955,0.018,0.952,0.02,0.95,0.02,0.946,0.022,0.951
soybean_clean.csv,SMOTE,RandomForestClassifier,0.966,,,,,,,,,,,0.971,0.016,0.964,0.019,0.935,0.027,0.931,0.029,0.951
car_evaluation.csv,ADASYN,BalancedBaggingClassifier,0.388,,,,,,,,,,,0.925,0.035,0.955,0.031,0.974,0.008,0.944,0.018,0.95
penbased.csv,EditedNearestNeighbours,BalancedRandomForestClassifier,1.223,,,,,,,,,,,0.954,0.017,0.951,0.019,0.95,0.019,0.946,0.021,0.95
car_evaluation.csv,ADASYN,BaggingClassifier,0.329,,,,,,,,,,,0.924,0.037,0.955,0.028,0.974,0.009,0.944,0.02,0.95
car_evaluation.csv,SMOTE,BaggingClassifier,0.31,,,,,,,,,,,0.921,0.037,0.956,0.027,0.975,0.009,0.946,0.019,0.95
car_evaluation.csv,SMOTETomek,BalancedRandomForestClassifier,1.715,,,,,,,,,,,0.918,0.04,0.965,0.025,0.973,0.011,0.941,0.023,0.95
ann_thyroid.csv,RandomUnderSampler,GradientBoostingClassifier,0.93,,,,,,,,,,,0.9,0.046,0.993,0.005,0.986,0.007,0.91,0.043,0.95
car_evaluation.csv,SMOTE,BalancedRandomForestClassifier,1.51,,,,,,,,,,,0.919,0.038,0.964,0.023,0.973,0.011,0.942,0.023,0.95
JapaneseVowels.csv,RandomUnderSampler,RandomForestClassifier,2.283,,,,,,,,,,,0.945,0.011,0.954,0.011,0.955,0.01,0.946,0.011,0.95
segment.csv,RandomOverSampler,BalancedBaggingClassifier,0.555,,,,,,,,,,,0.949,0.028,0.943,0.031,0.96,0.022,0.949,0.028,0.95
Midwest_survey_clean_subset.csv,ADASYN,GradientBoostingClassifier,96.066,,,,,,,,,,,0.954,0.021,0.946,0.034,0.952,0.021,0.942,0.025,0.949
segment.csv,TomekLinks,BaggingClassifier,0.297,,,,,,,,,,,0.949,0.033,0.942,0.033,0.958,0.025,0.947,0.032,0.949
soybean_clean.csv,RandomOverSampler,GradientBoostingClassifier,13.491,,,,,,,,,,,0.968,0.016,0.961,0.02,0.935,0.024,0.931,0.025,0.949
TESTFORDESCRIPTION-anneal.csv,EditedNearestNeighbours,GradientBoostingClassifier,1.571,,,,,,,,,,,0.931,0.07,0.951,0.072,0.975,0.017,0.938,0.04,0.949
texture.csv,TomekLinks,BalancedRandomForestClassifier,2.549,,,,,,,,,,,0.948,0.019,0.955,0.018,0.95,0.017,0.943,0.02,0.949
soybean_clean.csv,SMOTETomek,BalancedRandomForestClassifier,1.576,,,,,,,,,,,0.97,0.013,0.961,0.017,0.932,0.021,0.93,0.022,0.949
JapaneseVowels.csv,RandomUnderSampler,BalancedRandomForestClassifier,3.645,,,,,,,,,,,0.944,0.012,0.954,0.012,0.954,0.011,0.945,0.013,0.949
car_evaluation.csv,SMOTE,BalancedBaggingClassifier,0.393,,,,,,,,,,,0.92,0.037,0.955,0.028,0.974,0.009,0.943,0.02,0.949
car_evaluation.csv,ADASYN,RandomForestClassifier,0.902,,,,,,,,,,,0.915,0.038,0.961,0.025,0.972,0.011,0.94,0.023,0.948
thyroid-ann.csv,TomekLinks,BalancedBaggingClassifier,0.457,,,,,,,,,,,0.896,0.044,0.994,0.003,0.985,0.007,0.906,0.042,0.948
JapaneseVowels.csv,ADASYN,GradientBoostingClassifier,196.39,,,,,,,,,,,0.946,0.011,0.947,0.012,0.953,0.009,0.944,0.011,0.948
car_evaluation.csv,ADASYN,BalancedRandomForestClassifier,1.427,,,,,,,,,,,0.917,0.038,0.961,0.027,0.972,0.011,0.94,0.024,0.948
texture.csv,RandomUnderSampler,BalancedRandomForestClassifier,2.339,,,,,,,,,,,0.944,0.016,0.958,0.014,0.948,0.015,0.94,0.017,0.948
wall-robot-navigation.csv,SMOTETomek,AdaBoostClassifier,4.124,,,,,,,,,,,0.944,0.014,0.949,0.019,0.96,0.009,0.94,0.014,0.948
agriculture_dataset_karnataka_clean_subset.csv,SMOTE,BalancedRandomForestClassifier,1.802,,,,,,,,,,,0.962,0.018,0.947,0.022,0.956,0.018,0.927,0.029,0.948
soybean_clean.csv,RandomOverSampler,BaggingClassifier,0.38,,,,,,,,,,,0.97,0.015,0.961,0.022,0.932,0.031,0.927,0.033,0.948
agriculture_dataset_karnataka_clean_subset.csv,SMOTE,RandomForestClassifier,1.33,,,,,,,,,,,0.962,0.016,0.946,0.023,0.956,0.018,0.926,0.03,0.948
jungle_chess_2pcs_endgame_rat_lion_clean_subset.csv,TomekLinks,BalancedBaggingClassifier,0.316,,,,,,,,,,,0.914,0.037,0.948,0.038,0.974,0.012,0.952,0.021,0.948
car_evaluation.csv,SMOTETomek,BalancedBaggingClassifier,0.579,,,,,,,,,,,0.919,0.036,0.952,0.024,0.974,0.008,0.943,0.017,0.948
wall-robot-navigation.csv,SMOTETomek,EasyEnsembleClassifier,29.154,,,,,,,,,,,0.942,0.012,0.949,0.014,0.959,0.01,0.938,0.015,0.947
jungle_chess_2pcs_endgame_rat_lion_clean_subset.csv,TomekLinks,BalancedRandomForestClassifier,0.876,,,,,,,,,,,0.899,0.034,0.966,0.023,0.971,0.012,0.946,0.023,0.947
dermatology.csv,RandomUnderSampler,GradientBoostingClassifier,1.047,,,,,,,,,,,0.953,0.03,0.952,0.031,0.947,0.036,0.937,0.041,0.947
penbased.csv,RandomUnderSampler,BaggingClassifier,0.316,,,,,,,,,,,0.951,0.016,0.947,0.016,0.947,0.017,0.941,0.018,0.947
car_evaluation.csv,SMOTETomek,BaggingClassifier,0.459,,,,,,,,,,,0.919,0.038,0.952,0.025,0.974,0.008,0.942,0.019,0.947
car_evaluation.csv,SMOTETomek,RandomForestClassifier,1.107,,,,,,,,,,,0.914,0.04,0.96,0.029,0.973,0.011,0.94,0.024,0.947
JapaneseVowels.csv,SMOTE,GradientBoostingClassifier,174.976,,,,,,,,,,,0.946,0.012,0.946,0.013,0.953,0.01,0.943,0.012,0.947
JapaneseVowels.csv,SMOTETomek,GradientBoostingClassifier,184.46,,,,,,,,,,,0.946,0.012,0.946,0.013,0.953,0.01,0.943,0.012,0.947
agriculture_dataset_karnataka_clean_subset.csv,ADASYN,RandomForestClassifier,1.268,,,,,,,,,,,0.96,0.019,0.945,0.02,0.954,0.018,0.924,0.03,0.946
car_evaluation.csv,SMOTE,RandomForestClassifier,0.977,,,,,,,,,,,0.912,0.04,0.959,0.03,0.972,0.012,0.939,0.025,0.946
penbased.csv,RandomOverSampler,BaggingClassifier,0.364,,,,,,,,,,,0.95,0.021,0.947,0.022,0.946,0.022,0.941,0.025,0.946
soybean_clean.csv,SMOTE,GradientBoostingClassifier,19.848,,,,,,,,,,,0.964,0.025,0.956,0.026,0.934,0.026,0.93,0.027,0.946
agriculture_dataset_karnataka_clean_subset.csv,ADASYN,BalancedRandomForestClassifier,1.832,,,,,,,,,,,0.96,0.018,0.944,0.023,0.954,0.018,0.923,0.029,0.946
texture.csv,RandomUnderSampler,GradientBoostingClassifier,38.812,,,,,,,,,,,0.943,0.017,0.956,0.015,0.946,0.017,0.938,0.019,0.946
texture.csv,RandomUnderSampler,RandomForestClassifier,1.604,,,,,,,,,,,0.941,0.017,0.956,0.016,0.945,0.016,0.937,0.019,0.945
soybean_clean.csv,TomekLinks,BaggingClassifier,0.284,,,,,,,,,,,0.963,0.026,0.956,0.024,0.931,0.027,0.928,0.028,0.945
synthetic_control.csv,RandomUnderSampler,RandomForestClassifier,0.618,,,,,,,,,,,0.951,0.044,0.934,0.066,0.953,0.045,0.94,0.058,0.945
JapaneseVowels.csv,RandomOverSampler,GradientBoostingClassifier,116.713,,,,,,,,,,,0.943,0.011,0.944,0.012,0.951,0.009,0.942,0.011,0.945
soybean_clean.csv,SMOTETomek,GradientBoostingClassifier,19.368,,,,,,,,,,,0.964,0.021,0.955,0.024,0.931,0.025,0.927,0.026,0.945
car_evaluation.csv,ADASYN,GradientBoostingClassifier,2.401,,,,,,,,,,,0.91,0.04,0.965,0.029,0.968,0.011,0.932,0.024,0.945
car_evaluation.csv,SMOTETomek,GradientBoostingClassifier,2.682,,,,,,,,,,,0.908,0.041,0.965,0.029,0.968,0.012,0.932,0.026,0.944
jungle_chess_2pcs_endgame_rat_lion_subset.csv,TomekLinks,BalancedRandomForestClassifier,0.962,,,,,,,,,,,0.888,0.05,0.959,0.032,0.974,0.014,0.948,0.028,0.944
ann_thyroid.csv,RandomUnderSampler,BaggingClassifier,0.285,,,,,,,,,,,0.888,0.057,0.992,0.006,0.984,0.008,0.901,0.049,0.944
penbased.csv,SMOTE,BaggingClassifier,0.397,,,,,,,,,,,0.949,0.019,0.945,0.02,0.944,0.021,0.939,0.023,0.944
synthetic_control.csv,RandomUnderSampler,BalancedRandomForestClassifier,0.933,,,,,,,,,,,0.954,0.043,0.932,0.064,0.951,0.044,0.938,0.057,0.944
penbased.csv,SMOTETomek,BaggingClassifier,0.371,,,,,,,,,,,0.948,0.019,0.944,0.022,0.943,0.021,0.938,0.023,0.943
agriculture_dataset_karnataka_clean_subset.csv,RandomOverSampler,BalancedBaggingClassifier,0.707,,,,,,,,,,,0.95,0.019,0.949,0.018,0.952,0.017,0.92,0.028,0.943
car_evaluation.csv,SMOTE,GradientBoostingClassifier,2.558,,,,,,,,,,,0.906,0.041,0.963,0.029,0.968,0.012,0.931,0.026,0.943
splice.csv,TomekLinks,GradientBoostingClassifier,10.493,,,,,,,,,,,0.939,0.017,0.951,0.019,0.96,0.011,0.922,0.022,0.943
jungle_chess_2pcs_endgame_rat_lion_clean_subset.csv,EditedNearestNeighbours,GradientBoostingClassifier,2.398,,,,,,,,,,,0.906,0.053,0.947,0.04,0.97,0.017,0.944,0.033,0.942
penbased.csv,RandomOverSampler,BalancedBaggingClassifier,0.385,,,,,,,,,,,0.946,0.021,0.942,0.023,0.942,0.023,0.936,0.025,0.942
agriculture_dataset_karnataka_clean_subset.csv,RandomOverSampler,BaggingClassifier,0.462,,,,,,,,,,,0.95,0.022,0.947,0.023,0.951,0.02,0.918,0.033,0.942
wall-robot-navigation.csv,SMOTETomek,RUSBoostClassifier,4.071,,,,,,,,,,,0.936,0.019,0.945,0.016,0.954,0.012,0.931,0.018,0.942
soybean_clean.csv,SMOTETomek,BalancedBaggingClassifier,0.575,,,,,,,,,,,0.962,0.026,0.954,0.028,0.926,0.035,0.923,0.037,0.942
ann_thyroid.csv,RandomUnderSampler,BalancedBaggingClassifier,0.335,,,,,,,,,,,0.881,0.06,0.991,0.006,0.984,0.009,0.897,0.051,0.942
wall-robot-navigation.csv,EditedNearestNeighbours,EasyEnsembleClassifier,5.964,,,,,,,,,,,0.933,0.014,0.95,0.01,0.953,0.008,0.929,0.012,0.941
synthetic_control.csv,TomekLinks,RandomForestClassifier,0.648,,,,,,,,,,,0.954,0.042,0.928,0.068,0.947,0.048,0.934,0.06,0.941
analcatdata_authorship.csv,EditedNearestNeighbours,BalancedBaggingClassifier,0.342,,,,,,,,,,,0.945,0.034,0.945,0.033,0.948,0.022,0.926,0.032,0.941
soybean_clean.csv,TomekLinks,GradientBoostingClassifier,6.548,,,,,,,,,,,0.96,0.027,0.953,0.025,0.926,0.026,0.922,0.026,0.941
splice.csv,SMOTE,GradientBoostingClassifier,47.326,,,,,,,,,,,0.935,0.017,0.949,0.018,0.958,0.011,0.916,0.021,0.94
thyroid-ann.csv,RandomOverSampler,EasyEnsembleClassifier,8.168,,,,,,,,,,,0.893,0.031,0.992,0.002,0.981,0.005,0.878,0.03,0.94
thyroid-ann.csv,SMOTETomek,EasyEnsembleClassifier,13.006,,,,,,,,,,,0.893,0.031,0.992,0.002,0.981,0.005,0.878,0.03,0.94
thyroid-ann.csv,SMOTE,AdaBoostClassifier,1.338,,,,,,,,,,,0.893,0.031,0.992,0.002,0.981,0.005,0.878,0.03,0.94
thyroid-ann.csv,SMOTE,EasyEnsembleClassifier,12.389,,,,,,,,,,,0.893,0.031,0.992,0.002,0.981,0.005,0.878,0.03,0.94
thyroid-ann.csv,SMOTETomek,RUSBoostClassifier,2.579,,,,,,,,,,,0.893,0.031,0.992,0.002,0.981,0.005,0.878,0.03,0.94
thyroid-ann.csv,RandomOverSampler,RUSBoostClassifier,1.237,,,,,,,,,,,0.893,0.031,0.992,0.002,0.981,0.005,0.878,0.03,0.94
thyroid-ann.csv,ADASYN,EasyEnsembleClassifier,12.332,,,,,,,,,,,0.893,0.031,0.992,0.002,0.981,0.005,0.878,0.03,0.94
thyroid-ann.csv,RandomOverSampler,AdaBoostClassifier,0.997,,,,,,,,,,,0.893,0.031,0.992,0.002,0.981,0.005,0.878,0.03,0.94
thyroid-ann.csv,ADASYN,RUSBoostClassifier,1.765,,,,,,,,,,,0.893,0.031,0.992,0.002,0.981,0.005,0.878,0.03,0.94
Estimation_of_Obesity_Levels.csv,RandomOverSampler,GradientBoostingClassifier,8.58,,,,,,,,,,,0.945,0.03,0.932,0.039,0.948,0.028,0.933,0.035,0.94
shuttle.csv,TomekLinks,BaggingClassifier,0.33,,,,,,,,,,,0.882,0.125,0.882,0.124,0.994,0.005,0.986,0.013,0.94
thyroid-ann.csv,SMOTE,RUSBoostClassifier,1.815,,,,,,,,,,,0.893,0.031,0.992,0.002,0.981,0.005,0.878,0.03,0.94
thyroid-ann.csv,SMOTETomek,AdaBoostClassifier,2.215,,,,,,,,,,,0.893,0.031,0.992,0.002,0.981,0.005,0.878,0.03,0.94
splice.csv,SMOTETomek,GradientBoostingClassifier,48.342,,,,,,,,,,,0.935,0.018,0.95,0.018,0.958,0.011,0.917,0.022,0.94
splice.csv,ADASYN,GradientBoostingClassifier,51.727,,,,,,,,,,,0.933,0.017,0.951,0.017,0.958,0.011,0.917,0.021,0.94
penbased.csv,SMOTETomek,BalancedBaggingClassifier,0.45,,,,,,,,,,,0.944,0.019,0.94,0.021,0.939,0.021,0.933,0.023,0.939
Fetal_cardiotocography_dataset.csv,EditedNearestNeighbours,GradientBoostingClassifier,3.858,,,,,,,,,,,0.973,0.02,0.913,0.03,0.962,0.014,0.901,0.035,0.939
soybean_clean.csv,TomekLinks,BalancedRandomForestClassifier,1.246,,,,,,,,,,,0.954,0.021,0.96,0.022,0.921,0.028,0.917,0.028,0.939
soybean_clean.csv,SMOTE,BaggingClassifier,0.392,,,,,,,,,,,0.961,0.026,0.952,0.028,0.924,0.036,0.919,0.04,0.939
JapaneseVowels.csv,RandomUnderSampler,GradientBoostingClassifier,34.767,,,,,,,,,,,0.933,0.011,0.944,0.011,0.944,0.01,0.933,0.012,0.939
jungle_chess_2pcs_endgame_panther_lion_subset.csv,EditedNearestNeighbours,RandomForestClassifier,0.701,,,,,,,,,,,0.879,0.072,0.943,0.041,0.976,0.014,0.95,0.03,0.939
soybean_clean.csv,SMOTE,BalancedBaggingClassifier,0.497,,,,,,,,,,,0.96,0.026,0.952,0.024,0.923,0.033,0.918,0.035,0.939
analcatdata_authorship.csv,TomekLinks,BalancedBaggingClassifier,0.321,,,,,,,,,,,0.945,0.031,0.944,0.034,0.943,0.024,0.918,0.034,0.938
Estimation_of_Obesity_Levels.csv,ADASYN,GradientBoostingClassifier,12.781,,,,,,,,,,,0.943,0.031,0.929,0.04,0.947,0.028,0.933,0.035,0.938
jungle_chess_2pcs_endgame_rat_lion_subset.csv,RandomUnderSampler,BaggingClassifier,0.236,,,,,,,,,,,0.88,0.048,0.954,0.033,0.97,0.015,0.941,0.032,0.938
texture.csv,EditedNearestNeighbours,GradientBoostingClassifier,45.536,,,,,,,,,,,0.946,0.016,0.934,0.02,0.941,0.018,0.932,0.02,0.938
penbased.csv,SMOTE,BalancedBaggingClassifier,0.396,,,,,,,,,,,0.942,0.021,0.937,0.024,0.937,0.024,0.93,0.027,0.937
texture.csv,EditedNearestNeighbours,RandomForestClassifier,1.915,,,,,,,,,,,0.947,0.018,0.93,0.02,0.939,0.018,0.931,0.02,0.937
soybean_clean.csv,SMOTETomek,BaggingClassifier,0.462,,,,,,,,,,,0.957,0.027,0.951,0.027,0.922,0.034,0.918,0.037,0.937
synthetic_control.csv,TomekLinks,BalancedRandomForestClassifier,1.006,,,,,,,,,,,0.946,0.061,0.923,0.076,0.945,0.053,0.932,0.065,0.937
Midwest_survey_clean_subset.csv,ADASYN,BalancedBaggingClassifier,2.508,,,,,,,,,,,0.945,0.026,0.937,0.029,0.94,0.025,0.926,0.031,0.937
jungle_chess_2pcs_endgame_rat_lion_clean_subset.csv,EditedNearestNeighbours,RandomForestClassifier,0.702,,,,,,,,,,,0.907,0.043,0.934,0.039,0.966,0.015,0.938,0.028,0.937
jungle_chess_2pcs_endgame_rat_lion_clean_subset.csv,RandomUnderSampler,GradientBoostingClassifier,0.932,,,,,,,,,,,0.88,0.042,0.963,0.023,0.964,0.017,0.931,0.033,0.936
jungle_chess_2pcs_endgame_rat_lion_subset.csv,RandomUnderSampler,BalancedBaggingClassifier,0.327,,,,,,,,,,,0.878,0.057,0.952,0.036,0.969,0.018,0.939,0.036,0.936
Estimation_of_Obesity_Levels.csv,SMOTETomek,GradientBoostingClassifier,12.174,,,,,,,,,,,0.941,0.028,0.928,0.033,0.945,0.023,0.93,0.03,0.936
penbased.csv,RandomUnderSampler,BalancedBaggingClassifier,0.359,,,,,,,,,,,0.94,0.02,0.936,0.022,0.935,0.022,0.929,0.024,0.935
wall-robot-navigation.csv,SMOTE,RUSBoostClassifier,3.532,,,,,,,,,,,0.927,0.02,0.941,0.017,0.948,0.013,0.922,0.02,0.935
analcatdata_authorship.csv,RandomUnderSampler,GradientBoostingClassifier,2.307,,,,,,,,,,,0.936,0.035,0.945,0.035,0.941,0.034,0.916,0.047,0.935
wall-robot-navigation.csv,SMOTE,AdaBoostClassifier,3.166,,,,,,,,,,,0.927,0.02,0.941,0.017,0.948,0.013,0.922,0.02,0.935
penbased.csv,TomekLinks,BaggingClassifier,0.366,,,,,,,,,,,0.941,0.018,0.936,0.02,0.935,0.02,0.929,0.022,0.935
JapaneseVowels.csv,TomekLinks,BalancedRandomForestClassifier,2.32,,,,,,,,,,,0.932,0.014,0.934,0.013,0.942,0.011,0.931,0.014,0.935
wall-robot-navigation.csv,SMOTE,EasyEnsembleClassifier,31.886,,,,,,,,,,,0.927,0.02,0.941,0.017,0.948,0.013,0.922,0.02,0.935
ann_thyroid.csv,TomekLinks,BalancedRandomForestClassifier,1.569,,,,,,,,,,,0.87,0.028,0.992,0.002,0.981,0.004,0.88,0.025,0.935
allhypo.csv,RandomOverSampler,GradientBoostingClassifier,8.953,,,,,,,,,,,0.889,0.044,0.95,0.028,0.986,0.006,0.905,0.036,0.934
agriculture_dataset_karnataka_clean_subset.csv,SMOTE,BaggingClassifier,0.619,,,,,,,,,,,0.946,0.023,0.936,0.023,0.944,0.02,0.907,0.033,0.934
splice.csv,RandomOverSampler,GradientBoostingClassifier,25.015,,,,,,,,,,,0.921,0.017,0.952,0.017,0.953,0.011,0.908,0.022,0.934
penbased.csv,EditedNearestNeighbours,GradientBoostingClassifier,7.575,,,,,,,,,,,0.939,0.021,0.934,0.023,0.933,0.024,0.927,0.026,0.933
texture.csv,EditedNearestNeighbours,BalancedRandomForestClassifier,2.12,,,,,,,,,,,0.931,0.02,0.939,0.019,0.935,0.018,0.925,0.021,0.933
JapaneseVowels.csv,TomekLinks,RandomForestClassifier,2.5,,,,,,,,,,,0.944,0.014,0.922,0.018,0.939,0.014,0.928,0.016,0.933
Estimation_of_Obesity_Levels.csv,SMOTE,GradientBoostingClassifier,12.445,,,,,,,,,,,0.937,0.03,0.925,0.035,0.942,0.025,0.927,0.032,0.933
splice.csv,RandomOverSampler,BalancedRandomForestClassifier,3.463,,,,,,,,,,,0.948,0.016,0.92,0.023,0.952,0.012,0.905,0.024,0.932
agriculture_dataset_karnataka_clean_subset.csv,SMOTETomek,BalancedRandomForestClassifier,1.676,,,,,,,,,,,0.953,0.018,0.926,0.022,0.943,0.019,0.904,0.031,0.932
penbased.csv,TomekLinks,BalancedBaggingClassifier,0.411,,,,,,,,,,,0.937,0.017,0.932,0.019,0.932,0.019,0.925,0.021,0.932
thyroid-ann.csv,RandomUnderSampler,GradientBoostingClassifier,0.598,,,,,,,,,,,0.872,0.063,0.991,0.006,0.978,0.012,0.869,0.064,0.932
Fetal_cardiotocography_dataset.csv,TomekLinks,EasyEnsembleClassifier,3.116,,,,,,,,,,,0.92,0.091,0.95,0.086,0.958,0.032,0.891,0.08,0.931
Fetal_cardiotocography_dataset.csv,EditedNearestNeighbours,BalancedRandomForestClassifier,1.124,,,,,,,,,,,0.964,0.019,0.909,0.027,0.957,0.013,0.888,0.034,0.931
TESTFORDESCRIPTION-anneal.csv,EditedNearestNeighbours,RandomForestClassifier,0.665,,,,,,,,,,,0.935,0.076,0.907,0.09,0.965,0.023,0.916,0.052,0.931
agriculture_dataset_karnataka_clean_subset.csv,SMOTETomek,RandomForestClassifier,1.201,,,,,,,,,,,0.951,0.018,0.926,0.024,0.942,0.018,0.903,0.03,0.931
wall-robot-navigation.csv,RandomUnderSampler,AdaBoostClassifier,0.647,,,,,,,,,,,0.924,0.033,0.94,0.03,0.944,0.025,0.917,0.037,0.931
jungle_chess_2pcs_endgame_panther_elephant_subset.csv,RandomUnderSampler,BaggingClassifier,0.225,,,,,,,,,,,0.866,0.057,0.96,0.032,0.963,0.026,0.927,0.05,0.931
wall-robot-navigation.csv,RandomUnderSampler,EasyEnsembleClassifier,5.803,,,,,,,,,,,0.924,0.033,0.94,0.03,0.944,0.025,0.917,0.037,0.931
agriculture_dataset_karnataka_clean_subset.csv,ADASYN,BaggingClassifier,0.622,,,,,,,,,,,0.943,0.025,0.935,0.026,0.942,0.023,0.903,0.039,0.931
wall-robot-navigation.csv,RandomUnderSampler,RUSBoostClassifier,0.786,,,,,,,,,,,0.924,0.033,0.94,0.03,0.944,0.025,0.917,0.037,0.931
ann_thyroid.csv,ADASYN,RUSBoostClassifier,3.15,,,,,,,,,,,0.872,0.024,0.991,0.002,0.977,0.004,0.859,0.023,0.93
Estimation_of_Obesity_Levels.csv,TomekLinks,GradientBoostingClassifier,4.434,,,,,,,,,,,0.939,0.026,0.918,0.031,0.939,0.022,0.923,0.028,0.93
ann_thyroid.csv,SMOTETomek,RUSBoostClassifier,6.371,,,,,,,,,,,0.872,0.024,0.991,0.002,0.977,0.004,0.859,0.023,0.93
splice.csv,TomekLinks,BalancedRandomForestClassifier,1.779,,,,,,,,,,,0.918,0.023,0.948,0.019,0.95,0.014,0.903,0.027,0.93
ann_thyroid.csv,SMOTETomek,AdaBoostClassifier,5.629,,,,,,,,,,,0.872,0.024,0.991,0.002,0.977,0.004,0.859,0.023,0.93
wall-robot-navigation.csv,RandomOverSampler,AdaBoostClassifier,2.321,,,,,,,,,,,0.923,0.023,0.933,0.025,0.945,0.017,0.918,0.025,0.93
ann_thyroid.csv,RandomOverSampler,EasyEnsembleClassifier,15.433,,,,,,,,,,,0.872,0.024,0.991,0.002,0.977,0.004,0.859,0.023,0.93
thyroid-ann.csv,TomekLinks,BalancedRandomForestClassifier,1.056,,,,,,,,,,,0.864,0.04,0.987,0.015,0.979,0.006,0.871,0.033,0.93
ann_thyroid.csv,SMOTETomek,EasyEnsembleClassifier,25.749,,,,,,,,,,,0.872,0.024,0.991,0.002,0.977,0.004,0.859,0.023,0.93
ann_thyroid.csv,SMOTE,AdaBoostClassifier,2.446,,,,,,,,,,,0.872,0.024,0.991,0.002,0.977,0.004,0.859,0.023,0.93
wall-robot-navigation.csv,RandomOverSampler,RUSBoostClassifier,2.719,,,,,,,,,,,0.923,0.023,0.933,0.025,0.945,0.017,0.918,0.025,0.93
Midwest_survey_clean_subset.csv,ADASYN,BaggingClassifier,1.333,,,,,,,,,,,0.941,0.03,0.929,0.037,0.933,0.029,0.918,0.035,0.93
ann_thyroid.csv,RandomOverSampler,RUSBoostClassifier,2.273,,,,,,,,,,,0.872,0.024,0.991,0.002,0.977,0.004,0.859,0.023,0.93
wall-robot-navigation.csv,RandomOverSampler,EasyEnsembleClassifier,21.374,,,,,,,,,,,0.923,0.023,0.933,0.025,0.945,0.017,0.918,0.025,0.93
ann_thyroid.csv,RandomOverSampler,AdaBoostClassifier,1.466,,,,,,,,,,,0.872,0.024,0.991,0.002,0.977,0.004,0.859,0.023,0.93
ann_thyroid.csv,SMOTE,EasyEnsembleClassifier,22.991,,,,,,,,,,,0.872,0.024,0.991,0.002,0.977,0.004,0.859,0.023,0.93
ann_thyroid.csv,ADASYN,EasyEnsembleClassifier,23.271,,,,,,,,,,,0.872,0.024,0.991,0.002,0.977,0.004,0.859,0.023,0.93
ann_thyroid.csv,SMOTE,RUSBoostClassifier,3.137,,,,,,,,,,,0.872,0.024,0.991,0.002,0.977,0.004,0.859,0.023,0.93
splice.csv,RandomOverSampler,RandomForestClassifier,2.668,,,,,,,,,,,0.945,0.019,0.919,0.025,0.951,0.014,0.902,0.027,0.93
TESTFORDESCRIPTION-anneal.csv,EditedNearestNeighbours,BaggingClassifier,0.253,,,,,,,,,,,0.898,0.098,0.922,0.096,0.971,0.018,0.927,0.045,0.93
analcatdata_authorship.csv,RandomUnderSampler,RUSBoostClassifier,0.375,,,,,,,,,,,0.942,0.025,0.938,0.035,0.931,0.03,0.903,0.042,0.929
analcatdata_authorship.csv,RandomUnderSampler,EasyEnsembleClassifier,2.745,,,,,,,,,,,0.942,0.025,0.938,0.035,0.931,0.03,0.903,0.042,0.929
air-quality-and-pollution-assessment_subset.csv,RandomOverSampler,GradientBoostingClassifier,4.928,,,,,,,,,,,0.928,0.028,0.92,0.03,0.945,0.018,0.923,0.026,0.929
analcatdata_authorship.csv,RandomUnderSampler,AdaBoostClassifier,0.297,,,,,,,,,,,0.942,0.025,0.938,0.035,0.931,0.03,0.903,0.042,0.929
jungle_chess_2pcs_endgame_rat_lion_clean_subset.csv,RandomUnderSampler,BaggingClassifier,0.24,,,,,,,,,,,0.872,0.042,0.952,0.034,0.96,0.018,0.924,0.033,0.929
jungle_chess_2pcs_endgame_panther_elephant_subset.csv,RandomUnderSampler,GradientBoostingClassifier,0.755,,,,,,,,,,,0.847,0.045,0.961,0.023,0.964,0.016,0.927,0.034,0.928
agriculture_dataset_karnataka_clean_subset.csv,ADASYN,BalancedBaggingClassifier,0.857,,,,,,,,,,,0.943,0.024,0.929,0.021,0.939,0.021,0.898,0.035,0.928
texture.csv,TomekLinks,BaggingClassifier,1.03,,,,,,,,,,,0.934,0.023,0.924,0.023,0.932,0.02,0.922,0.022,0.928
segment.csv,EditedNearestNeighbours,BalancedRandomForestClassifier,1.086,,,,,,,,,,,0.928,0.03,0.917,0.028,0.939,0.023,0.926,0.027,0.928
thyroid-ann.csv,RandomUnderSampler,BaggingClassifier,0.251,,,,,,,,,,,0.868,0.058,0.99,0.006,0.976,0.011,0.856,0.06,0.928
jungle_chess_2pcs_endgame_rat_lion_clean_subset.csv,EditedNearestNeighbours,BaggingClassifier,0.299,,,,,,,,,,,0.893,0.042,0.923,0.044,0.962,0.015,0.931,0.027,0.928
car_evaluation.csv,TomekLinks,BalancedBaggingClassifier,0.352,,,,,,,,,,,0.895,0.044,0.967,0.016,0.948,0.014,0.891,0.028,0.927
car_subset.csv,TomekLinks,GradientBoostingClassifier,1.435,,,,,,,,,,,0.905,0.041,0.93,0.033,0.959,0.014,0.912,0.031,0.927
air-quality-and-pollution-assessment_subset.csv,TomekLinks,RandomForestClassifier,0.983,,,,,,,,,,,0.923,0.02,0.915,0.024,0.945,0.013,0.923,0.018,0.927
segment.csv,EditedNearestNeighbours,RandomForestClassifier,0.75,,,,,,,,,,,0.93,0.023,0.915,0.024,0.938,0.019,0.926,0.021,0.927
Midwest_survey_clean_subset.csv,TomekLinks,BalancedBaggingClassifier,0.518,,,,,,,,,,,0.931,0.028,0.946,0.021,0.924,0.027,0.906,0.032,0.927
allhypo.csv,TomekLinks,GradientBoostingClassifier,5.945,,,,,,,,,,,0.927,0.038,0.898,0.043,0.984,0.005,0.891,0.036,0.927
jungle_chess_2pcs_endgame_rat_lion_clean_subset.csv,RandomUnderSampler,BalancedBaggingClassifier,0.273,,,,,,,,,,,0.872,0.043,0.948,0.035,0.958,0.02,0.921,0.037,0.926
optdigits.csv,TomekLinks,BaggingClassifier,0.57,,,,,,,,,,,0.933,0.018,0.921,0.021,0.931,0.017,0.92,0.02,0.926
splice.csv,ADASYN,BalancedRandomForestClassifier,5.863,,,,,,,,,,,0.948,0.016,0.91,0.023,0.947,0.012,0.896,0.024,0.926
jungle_chess_2pcs_endgame_panther_lion_subset.csv,EditedNearestNeighbours,GradientBoostingClassifier,2.487,,,,,,,,,,,0.837,0.056,0.943,0.038,0.971,0.012,0.938,0.026,0.926
texture.csv,SMOTE,BalancedBaggingClassifier,4.522,,,,,,,,,,,0.929,0.021,0.925,0.022,0.93,0.019,0.919,0.021,0.926
splice.csv,ADASYN,RandomForestClassifier,4.138,,,,,,,,,,,0.946,0.015,0.91,0.022,0.948,0.012,0.896,0.023,0.926
air-quality-and-pollution-assessment_subset.csv,TomekLinks,GradientBoostingClassifier,3.366,,,,,,,,,,,0.921,0.026,0.915,0.029,0.943,0.017,0.92,0.024,0.925
jungle_chess_2pcs_endgame_panther_elephant_subset.csv,RandomUnderSampler,BalancedBaggingClassifier,0.274,,,,,,,,,,,0.858,0.052,0.957,0.032,0.958,0.026,0.918,0.048,0.925
agriculture_dataset_karnataka_clean_subset.csv,SMOTE,BalancedBaggingClassifier,0.844,,,,,,,,,,,0.94,0.022,0.926,0.026,0.937,0.021,0.895,0.035,0.925
texture.csv,SMOTETomek,BalancedBaggingClassifier,4.954,,,,,,,,,,,0.928,0.021,0.925,0.022,0.929,0.019,0.919,0.022,0.925
texture.csv,TomekLinks,BalancedBaggingClassifier,1.113,,,,,,,,,,,0.923,0.021,0.928,0.022,0.927,0.019,0.916,0.022,0.924
texture.csv,SMOTETomek,BaggingClassifier,4.013,,,,,,,,,,,0.927,0.02,0.922,0.021,0.928,0.018,0.917,0.021,0.924
JapaneseVowels.csv,TomekLinks,GradientBoostingClassifier,34.669,,,,,,,,,,,0.93,0.017,0.913,0.018,0.933,0.014,0.92,0.017,0.924
air-quality-and-pollution-assessment_subset.csv,RandomOverSampler,RandomForestClassifier,1.219,,,,,,,,,,,0.92,0.029,0.912,0.029,0.943,0.019,0.919,0.026,0.924
jungle_chess_2pcs_endgame_panther_lion_subset.csv,RandomUnderSampler,BaggingClassifier,0.253,,,,,,,,,,,0.825,0.052,0.966,0.027,0.963,0.021,0.923,0.042,0.924
air-quality-and-pollution-assessment_subset.csv,RandomOverSampler,BalancedRandomForestClassifier,1.718,,,,,,,,,,,0.92,0.023,0.912,0.024,0.943,0.015,0.919,0.022,0.924
texture.csv,SMOTE,BaggingClassifier,3.707,,,,,,,,,,,0.928,0.02,0.922,0.021,0.928,0.018,0.917,0.021,0.924
Estimation_of_Obesity_Levels.csv,RandomUnderSampler,GradientBoostingClassifier,3.463,,,,,,,,,,,0.922,0.036,0.927,0.037,0.931,0.031,0.911,0.04,0.923
anneal.csv,EditedNearestNeighbours,BaggingClassifier,0.265,,,,,,,,,,,0.913,0.104,0.899,0.092,0.963,0.019,0.912,0.043,0.923
jungle_chess_2pcs_endgame_rat_lion_subset.csv,EditedNearestNeighbours,BalancedBaggingClassifier,0.352,,,,,,,,,,,0.856,0.047,0.949,0.03,0.959,0.02,0.921,0.038,0.923
splice.csv,SMOTETomek,RandomForestClassifier,4.505,,,,,,,,,,,0.944,0.014,0.906,0.025,0.945,0.013,0.892,0.025,0.923
optdigits.csv,RandomUnderSampler,BaggingClassifier,0.524,,,,,,,,,,,0.92,0.02,0.929,0.017,0.928,0.016,0.916,0.018,0.923
jungle_chess_2pcs_endgame_panther_lion_subset.csv,TomekLinks,BalancedRandomForestClassifier,0.922,,,,,,,,,,,0.816,0.034,0.964,0.024,0.966,0.012,0.927,0.027,0.923
splice.csv,SMOTETomek,BalancedRandomForestClassifier,6.347,,,,,,,,,,,0.946,0.016,0.905,0.025,0.945,0.013,0.891,0.025,0.923
splice.csv,SMOTE,RandomForestClassifier,3.213,,,,,,,,,,,0.944,0.014,0.906,0.026,0.945,0.013,0.891,0.025,0.922
penbased.csv,EditedNearestNeighbours,BalancedBaggingClassifier,0.386,,,,,,,,,,,0.929,0.023,0.923,0.025,0.922,0.025,0.914,0.027,0.922
texture.csv,RandomUnderSampler,BaggingClassifier,0.864,,,,,,,,,,,0.919,0.02,0.932,0.021,0.924,0.019,0.913,0.022,0.922
splice.csv,SMOTETomek,BalancedBaggingClassifier,6.147,,,,,,,,,,,0.915,0.022,0.934,0.017,0.945,0.013,0.892,0.025,0.922
splice.csv,SMOTE,BalancedRandomForestClassifier,9.218,,,,,,,,,,,0.945,0.015,0.904,0.023,0.944,0.012,0.89,0.023,0.922
splice.csv,SMOTE,BalancedBaggingClassifier,6.208,,,,,,,,,,,0.914,0.022,0.934,0.018,0.945,0.013,0.892,0.025,0.922
jungle_chess_2pcs_endgame_panther_lion_subset.csv,RandomUnderSampler,BalancedBaggingClassifier,0.271,,,,,,,,,,,0.827,0.061,0.957,0.033,0.962,0.019,0.92,0.041,0.921
texture.csv,RandomOverSampler,BaggingClassifier,2.752,,,,,,,,,,,0.925,0.021,0.92,0.021,0.925,0.019,0.914,0.022,0.921
car_subset.csv,RandomOverSampler,GradientBoostingClassifier,2.673,,,,,,,,,,,0.88,0.049,0.953,0.034,0.95,0.019,0.895,0.039,0.921
Success-Rates-2_clean_subset.csv,RandomOverSampler,GradientBoostingClassifier,881.158,,,,,,,,,,,0.848,0.088,0.85,0.087,0.985,0.009,0.978,0.014,0.921
Fetal_cardiotocography_dataset.csv,ADASYN,EasyEnsembleClassifier,10.366,,,,,,,,,,,0.907,0.034,0.946,0.02,0.952,0.016,0.873,0.042,0.921
jungle_chess_2pcs_endgame_rat_lion_clean_subset.csv,RandomUnderSampler,BalancedRandomForestClassifier,0.763,,,,,,,,,,,0.858,0.042,0.954,0.024,0.953,0.019,0.911,0.036,0.921
anneal.csv,EditedNearestNeighbours,RandomForestClassifier,0.721,,,,,,,,,,,0.952,0.079,0.881,0.091,0.953,0.022,0.892,0.047,0.921
thyroid-ann.csv,RandomUnderSampler,BalancedBaggingClassifier,0.315,,,,,,,,,,,0.852,0.066,0.989,0.006,0.973,0.012,0.843,0.062,0.921
segment.csv,EditedNearestNeighbours,GradientBoostingClassifier,5.675,,,,,,,,,,,0.923,0.026,0.909,0.025,0.933,0.02,0.92,0.024,0.921
analcatdata_authorship.csv,RandomUnderSampler,BaggingClassifier,0.253,,,,,,,,,,,0.923,0.037,0.931,0.033,0.928,0.028,0.897,0.04,0.92
optdigits.csv,TomekLinks,BalancedBaggingClassifier,0.663,,,,,,,,,,,0.92,0.024,0.921,0.024,0.925,0.021,0.913,0.025,0.92
jungle_chess_2pcs_endgame_panther_lion_subset.csv,RandomUnderSampler,GradientBoostingClassifier,0.672,,,,,,,,,,,0.813,0.044,0.965,0.02,0.962,0.017,0.918,0.037,0.92
splice.csv,ADASYN,BalancedBaggingClassifier,5.611,,,,,,,,,,,0.914,0.019,0.93,0.018,0.944,0.011,0.89,0.022,0.92
jungle_chess_2pcs_endgame_rat_lion_subset.csv,RandomUnderSampler,GradientBoostingClassifier,0.823,,,,,,,,,,,0.844,0.047,0.95,0.031,0.958,0.018,0.917,0.037,0.92
thyroid-ann.csv,ADASYN,AdaBoostClassifier,1.325,,,,,,,,,,,0.841,0.068,0.99,0.004,0.975,0.009,0.849,0.048,0.92
Fetal_cardiotocography_dataset.csv,ADASYN,RUSBoostClassifier,1.481,,,,,,,,,,,0.91,0.029,0.939,0.025,0.951,0.014,0.871,0.034,0.919
splice.csv,SMOTE,BaggingClassifier,3.23,,,,,,,,,,,0.91,0.025,0.932,0.021,0.943,0.015,0.887,0.029,0.919
ann_thyroid.csv,RandomUnderSampler,RandomForestClassifier,0.666,,,,,,,,,,,0.838,0.043,0.988,0.005,0.975,0.007,0.846,0.037,0.919
Estimation_of_Obesity_Levels.csv,SMOTE,RandomForestClassifier,1.535,,,,,,,,,,,0.924,0.03,0.91,0.038,0.93,0.028,0.912,0.036,0.919
splice.csv,RandomUnderSampler,GradientBoostingClassifier,5.442,,,,,,,,,,,0.899,0.023,0.949,0.017,0.94,0.015,0.885,0.027,0.919
penbased.csv,EditedNearestNeighbours,BaggingClassifier,0.316,,,,,,,,,,,0.925,0.02,0.919,0.021,0.919,0.021,0.911,0.023,0.919
Fetal_cardiotocography_dataset.csv,EditedNearestNeighbours,RandomForestClassifier,0.852,,,,,,,,,,,0.967,0.017,0.884,0.03,0.947,0.015,0.867,0.036,0.919
Fetal_cardiotocography_dataset.csv,SMOTETomek,RUSBoostClassifier,1.702,,,,,,,,,,,0.905,0.038,0.94,0.021,0.95,0.017,0.87,0.044,0.918
air-quality-and-pollution-assessment_subset.csv,TomekLinks,BalancedRandomForestClassifier,1.28,,,,,,,,,,,0.909,0.027,0.911,0.028,0.938,0.018,0.912,0.024,0.918
splice.csv,SMOTETomek,BaggingClassifier,5.059,,,,,,,,,,,0.91,0.024,0.93,0.02,0.942,0.014,0.886,0.028,0.918
car_subset.csv,ADASYN,GradientBoostingClassifier,4.026,,,,,,,,,,,0.884,0.049,0.938,0.036,0.951,0.017,0.894,0.036,0.918
jungle_chess_2pcs_endgame_rat_lion_clean_subset.csv,RandomUnderSampler,RandomForestClassifier,0.567,,,,,,,,,,,0.854,0.045,0.953,0.027,0.951,0.021,0.906,0.041,0.918
shuttle.csv,EditedNearestNeighbours,BaggingClassifier,0.466,,,,,,,,,,,0.828,0.121,0.829,0.118,0.993,0.005,0.985,0.011,0.918
air-quality-and-pollution-assessment_subset.csv,SMOTE,BalancedRandomForestClassifier,2.001,,,,,,,,,,,0.908,0.027,0.91,0.026,0.938,0.017,0.912,0.024,0.917
Fetal_cardiotocography_dataset.csv,ADASYN,AdaBoostClassifier,1.156,,,,,,,,,,,0.903,0.034,0.942,0.021,0.95,0.016,0.869,0.04,0.917
wall-robot-navigation.csv,TomekLinks,AdaBoostClassifier,1.869,,,,,,,,,,,0.924,0.072,0.889,0.07,0.939,0.029,0.914,0.033,0.917
Fetal_cardiotocography_dataset.csv,EditedNearestNeighbours,BalancedBaggingClassifier,0.395,,,,,,,,,,,0.946,0.029,0.906,0.033,0.948,0.019,0.862,0.051,0.917
car_subset.csv,SMOTE,GradientBoostingClassifier,4.002,,,,,,,,,,,0.884,0.051,0.935,0.042,0.951,0.016,0.895,0.035,0.917
texture.csv,RandomUnderSampler,BalancedBaggingClassifier,1.029,,,,,,,,,,,0.914,0.02,0.926,0.02,0.92,0.019,0.908,0.022,0.917
optdigits.csv,EditedNearestNeighbours,BalancedBaggingClassifier,0.595,,,,,,,,,,,0.916,0.021,0.919,0.022,0.923,0.017,0.911,0.019,0.917
Success-Rates-2_clean_subset.csv,TomekLinks,BaggingClassifier,1.471,,,,,,,,,,,0.856,0.101,0.825,0.098,0.983,0.008,0.975,0.013,0.917
Midwest_survey_clean_subset.csv,EditedNearestNeighbours,BalancedBaggingClassifier,0.587,,,,,,,,,,,0.92,0.031,0.937,0.023,0.915,0.031,0.895,0.037,0.917
optdigits.csv,RandomUnderSampler,BalancedBaggingClassifier,0.665,,,,,,,,,,,0.914,0.021,0.923,0.022,0.922,0.019,0.909,0.022,0.917
splice.csv,TomekLinks,BaggingClassifier,0.938,,,,,,,,,,,0.912,0.026,0.926,0.024,0.942,0.017,0.885,0.033,0.917
car_subset.csv,SMOTETomek,GradientBoostingClassifier,4.308,,,,,,,,,,,0.884,0.051,0.935,0.042,0.951,0.016,0.895,0.035,0.917
shuttle.csv,EditedNearestNeighbours,RandomForestClassifier,0.968,,,,,,,,,,,0.819,0.119,0.824,0.114,0.995,0.003,0.99,0.006,0.917
Fetal_cardiotocography_dataset.csv,EditedNearestNeighbours,EasyEnsembleClassifier,2.455,,,,,,,,,,,0.926,0.035,0.915,0.022,0.951,0.013,0.868,0.035,0.916
ann_thyroid.csv,RandomUnderSampler,BalancedRandomForestClassifier,0.877,,,,,,,,,,,0.828,0.043,0.989,0.004,0.974,0.007,0.841,0.038,0.916
analcatdata_authorship.csv,RandomUnderSampler,BalancedBaggingClassifier,0.298,,,,,,,,,,,0.918,0.037,0.928,0.034,0.925,0.028,0.894,0.04,0.916
texture.csv,RandomOverSampler,BalancedBaggingClassifier,2.886,,,,,,,,,,,0.922,0.018,0.914,0.02,0.92,0.017,0.909,0.019,0.916
Fetal_cardiotocography_dataset.csv,SMOTETomek,EasyEnsembleClassifier,10.477,,,,,,,,,,,0.902,0.04,0.94,0.021,0.949,0.018,0.866,0.045,0.916
optdigits.csv,EditedNearestNeighbours,BaggingClassifier,0.628,,,,,,,,,,,0.924,0.022,0.908,0.026,0.92,0.021,0.909,0.023,0.915
splice.csv,EditedNearestNeighbours,GradientBoostingClassifier,6.188,,,,,,,,,,,0.911,0.019,0.924,0.019,0.939,0.011,0.882,0.022,0.915
Estimation_of_Obesity_Levels.csv,SMOTETomek,RandomForestClassifier,1.718,,,,,,,,,,,0.921,0.031,0.904,0.031,0.926,0.023,0.907,0.03,0.915
Fetal_cardiotocography_dataset.csv,SMOTETomek,AdaBoostClassifier,1.351,,,,,,,,,,,0.902,0.041,0.94,0.02,0.948,0.018,0.865,0.045,0.915
Estimation_of_Obesity_Levels.csv,RandomOverSampler,RandomForestClassifier,1.406,,,,,,,,,,,0.921,0.032,0.904,0.037,0.926,0.028,0.907,0.036,0.915
air-quality-and-pollution-assessment_subset.csv,ADASYN,BalancedRandomForestClassifier,1.979,,,,,,,,,,,0.905,0.028,0.909,0.027,0.936,0.017,0.91,0.024,0.915
Fetal_cardiotocography_dataset.csv,SMOTE,EasyEnsembleClassifier,10.671,,,,,,,,,,,0.902,0.041,0.939,0.022,0.948,0.018,0.864,0.044,0.915
splice.csv,ADASYN,BaggingClassifier,3.895,,,,,,,,,,,0.907,0.02,0.927,0.018,0.941,0.012,0.883,0.023,0.915
Fetal_cardiotocography_dataset.csv,SMOTE,AdaBoostClassifier,1.151,,,,,,,,,,,0.902,0.041,0.939,0.022,0.948,0.018,0.864,0.044,0.915
Fetal_cardiotocography_dataset.csv,SMOTE,RUSBoostClassifier,1.476,,,,,,,,,,,0.902,0.041,0.939,0.022,0.948,0.018,0.864,0.044,0.915
air-quality-and-pollution-assessment_subset.csv,SMOTETomek,BalancedRandomForestClassifier,1.98,,,,,,,,,,,0.905,0.029,0.909,0.029,0.936,0.019,0.91,0.026,0.915
Midwest_survey_clean_subset.csv,RandomUnderSampler,GradientBoostingClassifier,4.216,,,,,,,,,,,0.916,0.035,0.939,0.025,0.912,0.039,0.893,0.045,0.915
jungle_chess_2pcs_endgame_panther_elephant_subset.csv,RandomUnderSampler,RandomForestClassifier,0.555,,,,,,,,,,,0.826,0.043,0.954,0.025,0.955,0.02,0.909,0.04,0.915
agriculture_dataset_karnataka_clean_subset.csv,SMOTETomek,BaggingClassifier,0.592,,,,,,,,,,,0.933,0.024,0.915,0.023,0.928,0.021,0.88,0.036,0.915
air-quality-and-pollution-assessment_subset.csv,SMOTE,RandomForestClassifier,1.385,,,,,,,,,,,0.905,0.03,0.907,0.027,0.936,0.019,0.909,0.026,0.914
soybean_clean.csv,EditedNearestNeighbours,RandomForestClassifier,0.589,,,,,,,,,,,0.93,0.029,0.923,0.024,0.899,0.032,0.902,0.031,0.914
optdigits.csv,SMOTETomek,BalancedBaggingClassifier,4.092,,,,,,,,,,,0.915,0.023,0.912,0.025,0.92,0.022,0.908,0.025,0.914
air-quality-and-pollution-assessment_subset.csv,SMOTETomek,GradientBoostingClassifier,6.246,,,,,,,,,,,0.907,0.03,0.907,0.03,0.934,0.019,0.907,0.027,0.914
splice.csv,RandomOverSampler,BaggingClassifier,1.571,,,,,,,,,,,0.905,0.028,0.928,0.027,0.939,0.018,0.881,0.036,0.914
air-quality-and-pollution-assessment_subset.csv,SMOTE,GradientBoostingClassifier,6.196,,,,,,,,,,,0.905,0.027,0.908,0.031,0.935,0.018,0.908,0.026,0.914
optdigits.csv,SMOTETomek,BaggingClassifier,3.108,,,,,,,,,,,0.917,0.023,0.911,0.023,0.92,0.02,0.908,0.023,0.914
thyroid-ann.csv,TomekLinks,EasyEnsembleClassifier,2.517,,,,,,,,,,,0.826,0.062,0.989,0.004,0.972,0.009,0.837,0.043,0.914
optdigits.csv,SMOTE,BalancedBaggingClassifier,3.636,,,,,,,,,,,0.915,0.023,0.912,0.025,0.92,0.022,0.908,0.025,0.914
optdigits.csv,SMOTE,BaggingClassifier,2.642,,,,,,,,,,,0.917,0.023,0.911,0.023,0.92,0.02,0.908,0.023,0.914
synthetic_control.csv,EditedNearestNeighbours,BalancedRandomForestClassifier,0.826,,,,,,,,,,,0.933,0.051,0.892,0.068,0.92,0.053,0.904,0.061,0.913
air-quality-and-pollution-assessment_subset.csv,ADASYN,GradientBoostingClassifier,6.222,,,,,,,,,,,0.904,0.029,0.908,0.028,0.934,0.019,0.907,0.026,0.913
Estimation_of_Obesity_Levels.csv,ADASYN,RandomForestClassifier,1.363,,,,,,,,,,,0.921,0.034,0.901,0.039,0.925,0.029,0.906,0.037,0.913
jungle_chess_2pcs_endgame_panther_elephant_subset.csv,RandomUnderSampler,BalancedRandomForestClassifier,0.755,,,,,,,,,,,0.823,0.038,0.953,0.024,0.954,0.018,0.908,0.037,0.913
optdigits.csv,RandomOverSampler,BalancedBaggingClassifier,1.761,,,,,,,,,,,0.916,0.023,0.91,0.022,0.919,0.019,0.906,0.023,0.913
Estimation_of_Obesity_Levels.csv,ADASYN,BalancedRandomForestClassifier,2.39,,,,,,,,,,,0.919,0.033,0.902,0.035,0.926,0.027,0.906,0.034,0.913
optdigits.csv,RandomOverSampler,BaggingClassifier,1.377,,,,,,,,,,,0.915,0.021,0.91,0.023,0.919,0.018,0.906,0.022,0.913
segment.csv,EditedNearestNeighbours,BaggingClassifier,0.294,,,,,,,,,,,0.913,0.031,0.9,0.029,0.927,0.022,0.912,0.026,0.913
splice.csv,RandomOverSampler,BalancedBaggingClassifier,2.85,,,,,,,,,,,0.903,0.02,0.926,0.022,0.938,0.014,0.877,0.026,0.912
dgf_96f4164d-956d-4c1c-b161-68724eb0ccdc_clean.csv,RandomOverSampler,BalancedBaggingClassifier,1.428,,,,,,,,,,,0.918,0.04,0.91,0.039,0.913,0.03,0.907,0.032,0.912
soybean_clean.csv,TomekLinks,BalancedBaggingClassifier,0.357,,,,,,,,,,,0.927,0.034,0.939,0.027,0.894,0.039,0.885,0.042,0.912
texture.csv,EditedNearestNeighbours,BaggingClassifier,0.981,,,,,,,,,,,0.922,0.021,0.906,0.023,0.916,0.02,0.905,0.022,0.912
Success-Rates-2_clean_subset.csv,TomekLinks,GradientBoostingClassifier,97.135,,,,,,,,,,,0.829,0.109,0.831,0.108,0.983,0.01,0.974,0.016,0.912
soybean_clean.csv,EditedNearestNeighbours,GradientBoostingClassifier,5.711,,,,,,,,,,,0.929,0.031,0.916,0.027,0.9,0.026,0.901,0.025,0.912
air-quality-and-pollution-assessment_subset.csv,ADASYN,RandomForestClassifier,1.401,,,,,,,,,,,0.902,0.03,0.904,0.029,0.934,0.018,0.907,0.025,0.912
air-quality-and-pollution-assessment_subset.csv,SMOTETomek,RandomForestClassifier,1.443,,,,,,,,,,,0.901,0.025,0.906,0.026,0.933,0.016,0.906,0.022,0.912
jungle_chess_2pcs_endgame_panther_lion_subset.csv,RandomUnderSampler,BalancedRandomForestClassifier,0.735,,,,,,,,,,,0.801,0.049,0.956,0.026,0.956,0.018,0.907,0.038,0.911
jungle_chess_2pcs_endgame_panther_elephant_subset.csv,EditedNearestNeighbours,BalancedBaggingClassifier,0.302,,,,,,,,,,,0.827,0.053,0.948,0.029,0.952,0.021,0.903,0.043,0.911
agriculture_dataset_karnataka_clean_subset.csv,SMOTETomek,BalancedBaggingClassifier,0.797,,,,,,,,,,,0.93,0.026,0.911,0.023,0.925,0.022,0.875,0.036,0.911
dgf_96f4164d-956d-4c1c-b161-68724eb0ccdc_clean.csv,RandomOverSampler,BaggingClassifier,1.027,,,,,,,,,,,0.915,0.047,0.905,0.046,0.914,0.035,0.909,0.038,0.911
thyroid-ann.csv,RandomUnderSampler,AdaBoostClassifier,0.245,,,,,,,,,,,0.821,0.052,0.988,0.004,0.971,0.009,0.828,0.043,0.911
splice.csv,TomekLinks,BalancedBaggingClassifier,0.917,,,,,,,,,,,0.891,0.024,0.938,0.019,0.935,0.015,0.875,0.027,0.911
thyroid-ann.csv,RandomUnderSampler,RUSBoostClassifier,0.336,,,,,,,,,,,0.821,0.052,0.988,0.004,0.971,0.009,0.828,0.043,0.911
thyroid-ann.csv,RandomUnderSampler,EasyEnsembleClassifier,2.38,,,,,,,,,,,0.821,0.052,0.988,0.004,0.971,0.009,0.828,0.043,0.911
Estimation_of_Obesity_Levels.csv,SMOTE,BalancedRandomForestClassifier,2.429,,,,,,,,,,,0.917,0.029,0.897,0.035,0.923,0.025,0.902,0.033,0.91
Estimation_of_Obesity_Levels.csv,SMOTETomek,BalancedRandomForestClassifier,2.064,,,,,,,,,,,0.917,0.03,0.899,0.034,0.923,0.026,0.902,0.034,0.91
jungle_chess_2pcs_endgame_rat_lion_clean_subset.csv,EditedNearestNeighbours,BalancedBaggingClassifier,0.3,,,,,,,,,,,0.854,0.034,0.925,0.04,0.949,0.017,0.905,0.031,0.91
splice.csv,RandomUnderSampler,RandomForestClassifier,1.103,,,,,,,,,,,0.888,0.019,0.941,0.014,0.933,0.013,0.872,0.023,0.91
JapaneseVowels.csv,SMOTETomek,BaggingClassifier,4.549,,,,,,,,,,,0.906,0.017,0.906,0.015,0.92,0.013,0.904,0.016,0.909
splice.csv,ADASYN,EasyEnsembleClassifier,40.781,,,,,,,,,,,0.897,0.024,0.926,0.024,0.935,0.015,0.873,0.029,0.909
thyroid-ann.csv,RandomUnderSampler,BalancedRandomForestClassifier,0.761,,,,,,,,,,,0.823,0.054,0.981,0.018,0.97,0.011,0.823,0.052,0.908
Estimation_of_Obesity_Levels.csv,RandomOverSampler,BaggingClassifier,0.369,,,,,,,,,,,0.912,0.035,0.899,0.038,0.92,0.028,0.9,0.035,0.908
air-quality-and-pollution-assessment_subset.csv,RandomUnderSampler,RandomForestClassifier,0.784,,,,,,,,,,,0.896,0.024,0.9,0.026,0.931,0.015,0.902,0.02,0.908
jungle_chess_2pcs_endgame_rat_lion_subset.csv,RandomUnderSampler,RandomForestClassifier,0.58,,,,,,,,,,,0.826,0.046,0.942,0.037,0.95,0.02,0.899,0.041,0.908
texture.csv,EditedNearestNeighbours,BalancedBaggingClassifier,0.941,,,,,,,,,,,0.908,0.028,0.911,0.028,0.913,0.025,0.901,0.028,0.908
thyroid-ann.csv,RandomUnderSampler,RandomForestClassifier,0.545,,,,,,,,,,,0.823,0.047,0.983,0.011,0.97,0.009,0.822,0.046,0.908
splice.csv,RandomUnderSampler,BalancedRandomForestClassifier,1.642,,,,,,,,,,,0.885,0.021,0.941,0.017,0.931,0.014,0.869,0.026,0.908
jungle_chess_2pcs_endgame_panther_lion_subset.csv,RandomUnderSampler,RandomForestClassifier,0.56,,,,,,,,,,,0.795,0.039,0.954,0.026,0.955,0.019,0.903,0.039,0.908
Success-Rates-2_clean_subset.csv,RandomOverSampler,BaggingClassifier,6.268,,,,,,,,,,,0.81,0.107,0.81,0.108,0.987,0.008,0.978,0.016,0.907
air-quality-and-pollution-assessment_subset.csv,RandomUnderSampler,BalancedRandomForestClassifier,1.218,,,,,,,,,,,0.894,0.027,0.902,0.028,0.93,0.016,0.901,0.023,0.907
dgf_96f4164d-956d-4c1c-b161-68724eb0ccdc_clean.csv,RandomOverSampler,GradientBoostingClassifier,179.46,,,,,,,,,,,0.915,0.052,0.905,0.046,0.906,0.039,0.903,0.039,0.907
jungle_chess_2pcs_endgame_panther_lion_subset.csv,EditedNearestNeighbours,BalancedRandomForestClassifier,1.14,,,,,,,,,,,0.789,0.027,0.954,0.024,0.955,0.013,0.902,0.029,0.907
JapaneseVowels.csv,SMOTE,BaggingClassifier,5.557,,,,,,,,,,,0.904,0.015,0.904,0.016,0.918,0.013,0.902,0.015,0.907
jungle_chess_2pcs_endgame_rat_lion_subset.csv,RandomUnderSampler,BalancedRandomForestClassifier,0.727,,,,,,,,,,,0.823,0.039,0.942,0.034,0.95,0.017,0.899,0.036,0.907
JapaneseVowels.csv,ADASYN,BalancedBaggingClassifier,5.625,,,,,,,,,,,0.903,0.013,0.904,0.016,0.918,0.012,0.902,0.014,0.907
air-quality-and-pollution-assessment_subset.csv,RandomUnderSampler,GradientBoostingClassifier,1.803,,,,,,,,,,,0.897,0.028,0.903,0.028,0.927,0.02,0.898,0.028,0.906
splice.csv,SMOTETomek,EasyEnsembleClassifier,44.163,,,,,,,,,,,0.893,0.026,0.926,0.022,0.933,0.017,0.87,0.033,0.906
splice.csv,SMOTETomek,RUSBoostClassifier,12.417,,,,,,,,,,,0.892,0.024,0.926,0.022,0.932,0.016,0.869,0.031,0.906
car_evaluation.csv,RandomUnderSampler,GradientBoostingClassifier,0.681,,,,,,,,,,,0.879,0.039,0.956,0.018,0.928,0.021,0.851,0.041,0.906
splice.csv,SMOTE,RUSBoostClassifier,5.091,,,,,,,,,,,0.892,0.024,0.926,0.022,0.933,0.016,0.869,0.031,0.906
splice.csv,SMOTE,EasyEnsembleClassifier,38.956,,,,,,,,,,,0.892,0.024,0.926,0.022,0.933,0.016,0.869,0.031,0.906
JapaneseVowels.csv,ADASYN,BaggingClassifier,5.281,,,,,,,,,,,0.902,0.015,0.903,0.016,0.917,0.012,0.901,0.014,0.906
soybean_clean.csv,RandomUnderSampler,RandomForestClassifier,0.576,,,,,,,,,,,0.931,0.033,0.937,0.028,0.88,0.039,0.871,0.041,0.906
JapaneseVowels.csv,SMOTETomek,BalancedBaggingClassifier,8.415,,,,,,,,,,,0.902,0.015,0.903,0.014,0.917,0.012,0.901,0.014,0.906
splice.csv,SMOTE,AdaBoostClassifier,4.405,,,,,,,,,,,0.892,0.024,0.926,0.022,0.933,0.016,0.869,0.031,0.906
Estimation_of_Obesity_Levels.csv,RandomOverSampler,BalancedRandomForestClassifier,2.005,,,,,,,,,,,0.915,0.032,0.895,0.038,0.918,0.029,0.897,0.038,0.906
splice.csv,SMOTETomek,AdaBoostClassifier,9.344,,,,,,,,,,,0.892,0.024,0.926,0.022,0.932,0.016,0.869,0.031,0.906
jungle_chess_2pcs_endgame_panther_elephant_subset.csv,EditedNearestNeighbours,BalancedRandomForestClassifier,0.918,,,,,,,,,,,0.807,0.032,0.946,0.027,0.95,0.016,0.897,0.034,0.905
Estimation_of_Obesity_Levels.csv,RandomOverSampler,BalancedBaggingClassifier,0.705,,,,,,,,,,,0.91,0.039,0.895,0.037,0.918,0.031,0.897,0.038,0.905
ann_thyroid.csv,RandomUnderSampler,RUSBoostClassifier,0.385,,,,,,,,,,,0.81,0.051,0.985,0.01,0.969,0.012,0.818,0.05,0.905
ann_thyroid.csv,RandomUnderSampler,AdaBoostClassifier,0.317,,,,,,,,,,,0.81,0.051,0.985,0.01,0.969,0.012,0.818,0.05,0.905
Fetal_cardiotocography_dataset.csv,EditedNearestNeighbours,AdaBoostClassifier,0.51,,,,,,,,,,,0.935,0.021,0.877,0.028,0.943,0.015,0.857,0.034,0.905
ann_thyroid.csv,RandomUnderSampler,EasyEnsembleClassifier,2.667,,,,,,,,,,,0.81,0.051,0.985,0.01,0.969,0.012,0.818,0.05,0.905
segment.csv,EditedNearestNeighbours,BalancedBaggingClassifier,0.359,,,,,,,,,,,0.906,0.033,0.889,0.036,0.919,0.026,0.902,0.031,0.904
jungle_chess_2pcs_endgame_panther_lion_subset.csv,EditedNearestNeighbours,BalancedBaggingClassifier,0.291,,,,,,,,,,,0.783,0.029,0.957,0.014,0.951,0.014,0.893,0.032,0.903
shuttle.csv,EditedNearestNeighbours,GradientBoostingClassifier,2.616,,,,,,,,,,,0.788,0.114,0.791,0.121,0.993,0.005,0.984,0.012,0.903
splice.csv,ADASYN,AdaBoostClassifier,4.793,,,,,,,,,,,0.89,0.024,0.923,0.022,0.931,0.015,0.865,0.03,0.903
soybean_clean.csv,RandomUnderSampler,BalancedRandomForestClassifier,0.902,,,,,,,,,,,0.928,0.025,0.933,0.028,0.877,0.039,0.868,0.041,0.903
air-quality-and-pollution-assessment_subset.csv,TomekLinks,BaggingClassifier,0.372,,,,,,,,,,,0.895,0.031,0.897,0.03,0.925,0.021,0.895,0.029,0.903
car_evaluation.csv,TomekLinks,BalancedRandomForestClassifier,1.011,,,,,,,,,,,0.857,0.042,0.952,0.022,0.932,0.017,0.86,0.033,0.903
wall-robot-navigation.csv,EditedNearestNeighbours,AdaBoostClassifier,1.579,,,,,,,,,,,0.922,0.045,0.867,0.085,0.924,0.03,0.895,0.035,0.903
satimage.csv,ADASYN,BalancedRandomForestClassifier,16.983,,,,,,,,,,,0.895,0.019,0.893,0.019,0.923,0.013,0.898,0.018,0.902
splice.csv,TomekLinks,AdaBoostClassifier,1.375,,,,,,,,,,,0.907,0.02,0.904,0.022,0.931,0.014,0.864,0.026,0.902
JapaneseVowels.csv,SMOTE,BalancedBaggingClassifier,6.431,,,,,,,,,,,0.898,0.015,0.898,0.017,0.914,0.013,0.897,0.016,0.902
jungle_chess_2pcs_endgame_rat_lion_subset.csv,EditedNearestNeighbours,BalancedRandomForestClassifier,0.947,,,,,,,,,,,0.817,0.037,0.937,0.033,0.947,0.015,0.894,0.032,0.902
air-quality-and-pollution-assessment_subset.csv,SMOTE,BalancedBaggingClassifier,0.635,,,,,,,,,,,0.888,0.03,0.897,0.028,0.924,0.02,0.894,0.027,0.901
satimage.csv,ADASYN,RandomForestClassifier,8.861,,,,,,,,,,,0.893,0.02,0.891,0.02,0.922,0.014,0.896,0.019,0.901
air-quality-and-pollution-assessment_subset.csv,RandomOverSampler,BalancedBaggingClassifier,0.501,,,,,,,,,,,0.892,0.03,0.895,0.031,0.924,0.022,0.894,0.029,0.901
Success-Rates-2_clean_subset.csv,RandomOverSampler,BalancedBaggingClassifier,10.889,,,,,,,,,,,0.796,0.094,0.796,0.096,0.986,0.008,0.975,0.016,0.901
jungle_chess_2pcs_endgame_lion_elephant.csv,EditedNearestNeighbours,AdaBoostClassifier,0.82,,,,,,,,,,,0.894,0.028,0.922,0.021,0.926,0.019,0.856,0.035,0.901
satimage.csv,SMOTE,BalancedRandomForestClassifier,11.671,,,,,,,,,,,0.893,0.021,0.889,0.023,0.921,0.015,0.895,0.02,0.9
ann_thyroid.csv,TomekLinks,EasyEnsembleClassifier,2.962,,,,,,,,,,,0.787,0.043,0.987,0.003,0.968,0.007,0.813,0.033,0.9
satimage.csv,SMOTE,RandomForestClassifier,7.639,,,,,,,,,,,0.893,0.022,0.89,0.022,0.921,0.015,0.895,0.02,0.9
air-quality-and-pollution-assessment_subset.csv,RandomOverSampler,BaggingClassifier,0.384,,,,,,,,,,,0.891,0.028,0.893,0.029,0.923,0.021,0.892,0.027,0.9
synthetic_control.csv,TomekLinks,BaggingClassifier,0.293,,,,,,,,,,,0.908,0.089,0.88,0.106,0.916,0.074,0.895,0.093,0.9
Estimation_of_Obesity_Levels.csv,ADASYN,BalancedBaggingClassifier,0.638,,,,,,,,,,,0.903,0.041,0.89,0.045,0.914,0.034,0.892,0.043,0.9
Success-Rates-2_clean_subset.csv,RandomOverSampler,RandomForestClassifier,8.417,,,,,,,,,,,0.843,0.095,0.782,0.092,0.975,0.011,0.962,0.018,0.9
synthetic_control.csv,RandomUnderSampler,BalancedBaggingClassifier,0.391,,,,,,,,,,,0.905,0.094,0.884,0.099,0.917,0.068,0.894,0.088,0.9
splice.csv,ADASYN,RUSBoostClassifier,5.233,,,,,,,,,,,0.888,0.029,0.917,0.027,0.928,0.019,0.86,0.037,0.899
satimage.csv,SMOTETomek,RandomForestClassifier,8.641,,,,,,,,,,,0.893,0.022,0.889,0.022,0.921,0.015,0.894,0.02,0.899
agriculture_dataset_karnataka_clean_subset.csv,RandomUnderSampler,RandomForestClassifier,0.777,,,,,,,,,,,0.896,0.028,0.926,0.023,0.913,0.025,0.859,0.039,0.899
satimage.csv,SMOTETomek,BalancedRandomForestClassifier,12.175,,,,,,,,,,,0.893,0.021,0.888,0.022,0.921,0.015,0.895,0.02,0.899
Midwest_survey_clean_subset.csv,RandomUnderSampler,BaggingClassifier,0.504,,,,,,,,,,,0.906,0.032,0.931,0.025,0.889,0.04,0.865,0.045,0.899
satimage.csv,RandomOverSampler,RandomForestClassifier,4.334,,,,,,,,,,,0.893,0.02,0.888,0.022,0.921,0.015,0.894,0.02,0.899
ann_thyroid.csv,EditedNearestNeighbours,EasyEnsembleClassifier,2.675,,,,,,,,,,,0.812,0.049,0.975,0.016,0.966,0.008,0.798,0.036,0.898
splice.csv,RandomUnderSampler,BalancedBaggingClassifier,0.774,,,,,,,,,,,0.875,0.027,0.931,0.019,0.924,0.017,0.856,0.031,0.898
agriculture_dataset_karnataka_clean_subset.csv,RandomUnderSampler,BalancedRandomForestClassifier,1.151,,,,,,,,,,,0.894,0.03,0.926,0.023,0.912,0.027,0.858,0.042,0.898
dgf_96f4164d-956d-4c1c-b161-68724eb0ccdc_clean.csv,ADASYN,BalancedBaggingClassifier,1.874,,,,,,,,,,,0.901,0.041,0.894,0.037,0.902,0.031,0.894,0.033,0.898
synthetic_control.csv,RandomUnderSampler,BaggingClassifier,0.26,,,,,,,,,,,0.907,0.084,0.877,0.095,0.912,0.065,0.893,0.077,0.898
air-quality-and-pollution-assessment_subset.csv,SMOTE,BaggingClassifier,0.484,,,,,,,,,,,0.885,0.029,0.893,0.024,0.921,0.019,0.89,0.026,0.898
splice.csv,TomekLinks,EasyEnsembleClassifier,6.614,,,,,,,,,,,0.872,0.024,0.934,0.018,0.923,0.015,0.855,0.028,0.898
dgf_96f4164d-956d-4c1c-b161-68724eb0ccdc_clean.csv,SMOTE,BaggingClassifier,1.206,,,,,,,,,,,0.902,0.039,0.894,0.041,0.902,0.033,0.895,0.035,0.898
dgf_96f4164d-956d-4c1c-b161-68724eb0ccdc_clean.csv,SMOTE,GradientBoostingClassifier,187.658,,,,,,,,,,,0.9,0.042,0.889,0.043,0.902,0.031,0.899,0.032,0.898
Success-Rates-2_clean_subset.csv,RandomOverSampler,BalancedRandomForestClassifier,8.301,,,,,,,,,,,0.839,0.101,0.785,0.104,0.973,0.012,0.96,0.017,0.898
shuttle.csv,EditedNearestNeighbours,AdaBoostClassifier,0.577,,,,,,,,,,,0.791,0.107,0.796,0.102,0.986,0.04,0.971,0.085,0.898
dgf_96f4164d-956d-4c1c-b161-68724eb0ccdc_clean.csv,ADASYN,BaggingClassifier,1.354,,,,,,,,,,,0.903,0.039,0.893,0.041,0.9,0.038,0.893,0.041,0.897
dgf_96f4164d-956d-4c1c-b161-68724eb0ccdc_clean.csv,SMOTETomek,GradientBoostingClassifier,178.306,,,,,,,,,,,0.897,0.04,0.889,0.036,0.902,0.034,0.899,0.035,0.897
JapaneseVowels.csv,RandomOverSampler,BalancedBaggingClassifier,5.522,,,,,,,,,,,0.896,0.016,0.891,0.018,0.909,0.013,0.892,0.016,0.897
satimage.csv,RandomOverSampler,BalancedRandomForestClassifier,6.157,,,,,,,,,,,0.891,0.017,0.886,0.019,0.919,0.013,0.892,0.017,0.897
splice.csv,RandomUnderSampler,BaggingClassifier,0.575,,,,,,,,,,,0.875,0.03,0.93,0.019,0.924,0.019,0.855,0.034,0.897
air-quality-and-pollution-assessment_subset.csv,ADASYN,BalancedBaggingClassifier,0.643,,,,,,,,,,,0.883,0.03,0.894,0.026,0.921,0.019,0.889,0.027,0.897
Estimation_of_Obesity_Levels.csv,TomekLinks,BalancedRandomForestClassifier,1.652,,,,,,,,,,,0.898,0.042,0.893,0.038,0.911,0.033,0.887,0.042,0.897
analcatdata_authorship.csv,TomekLinks,RUSBoostClassifier,0.284,,,,,,,,,,,0.918,0.092,0.879,0.088,0.909,0.072,0.875,0.09,0.896
air-quality-and-pollution-assessment_subset.csv,ADASYN,BaggingClassifier,0.46,,,,,,,,,,,0.881,0.025,0.892,0.023,0.92,0.017,0.888,0.024,0.896
page-blocks.csv,RandomOverSampler,RandomForestClassifier,4.589,,,,,,,,,,,0.87,0.053,0.863,0.046,0.974,0.005,0.863,0.027,0.896
page_blocks.csv,RandomOverSampler,RandomForestClassifier,4.715,,,,,,,,,,,0.87,0.053,0.863,0.046,0.974,0.005,0.863,0.027,0.896
dgf_96f4164d-956d-4c1c-b161-68724eb0ccdc_clean.csv,ADASYN,GradientBoostingClassifier,219.142,,,,,,,,,,,0.89,0.052,0.887,0.047,0.904,0.036,0.901,0.038,0.896
splice.csv,TomekLinks,RandomForestClassifier,1.491,,,,,,,,,,,0.945,0.015,0.856,0.03,0.921,0.016,0.848,0.029,0.895
analcatdata_authorship.csv,EditedNearestNeighbours,RUSBoostClassifier,0.265,,,,,,,,,,,0.914,0.097,0.884,0.101,0.908,0.081,0.872,0.113,0.895
Midwest_survey_clean_subset.csv,RandomUnderSampler,BalancedBaggingClassifier,0.454,,,,,,,,,,,0.904,0.031,0.928,0.022,0.885,0.037,0.86,0.042,0.895
ann_thyroid.csv,ADASYN,AdaBoostClassifier,2.502,,,,,,,,,,,0.778,0.047,0.984,0.009,0.966,0.007,0.804,0.033,0.895
JapaneseVowels.csv,RandomOverSampler,BaggingClassifier,2.615,,,,,,,,,,,0.893,0.017,0.889,0.018,0.907,0.015,0.889,0.017,0.895
splice.csv,RandomOverSampler,EasyEnsembleClassifier,27.332,,,,,,,,,,,0.871,0.025,0.926,0.021,0.921,0.016,0.851,0.03,0.894
satimage.csv,TomekLinks,RandomForestClassifier,2.239,,,,,,,,,,,0.891,0.019,0.88,0.021,0.916,0.014,0.888,0.019,0.894
splice.csv,RandomOverSampler,AdaBoostClassifier,2.723,,,,,,,,,,,0.871,0.025,0.926,0.021,0.921,0.016,0.851,0.03,0.894
air-quality-and-pollution-assessment_subset.csv,TomekLinks,BalancedBaggingClassifier,0.378,,,,,,,,,,,0.881,0.033,0.895,0.031,0.917,0.023,0.883,0.032,0.894
Estimation_of_Obesity_Levels.csv,SMOTE,BaggingClassifier,0.466,,,,,,,,,,,0.899,0.036,0.886,0.044,0.907,0.035,0.883,0.043,0.894
synthetic_control.csv,ADASYN,GradientBoostingClassifier,15.036,,,,,,,,,,,0.899,0.076,0.873,0.079,0.91,0.051,0.891,0.061,0.894
dgf_96f4164d-956d-4c1c-b161-68724eb0ccdc_clean.csv,SMOTE,BalancedBaggingClassifier,1.664,,,,,,,,,,,0.9,0.041,0.888,0.047,0.898,0.034,0.891,0.036,0.894
splice.csv,RandomOverSampler,RUSBoostClassifier,3.232,,,,,,,,,,,0.871,0.025,0.926,0.021,0.921,0.016,0.851,0.03,0.894
page-blocks.csv,RandomOverSampler,BalancedRandomForestClassifier,7.196,,,,,,,,,,,0.862,0.05,0.864,0.044,0.973,0.004,0.861,0.023,0.893
Estimation_of_Obesity_Levels.csv,SMOTETomek,BalancedBaggingClassifier,0.686,,,,,,,,,,,0.9,0.042,0.885,0.048,0.906,0.038,0.881,0.048,0.893
page_blocks.csv,RandomOverSampler,BalancedRandomForestClassifier,7.198,,,,,,,,,,,0.862,0.05,0.864,0.044,0.973,0.004,0.861,0.023,0.893
satimage.csv,TomekLinks,BalancedRandomForestClassifier,2.544,,,,,,,,,,,0.885,0.02,0.885,0.021,0.916,0.014,0.887,0.019,0.893
splice.csv,EditedNearestNeighbours,BalancedRandomForestClassifier,1.503,,,,,,,,,,,0.883,0.024,0.913,0.019,0.921,0.016,0.849,0.028,0.893
air-quality-and-pollution-assessment_subset.csv,SMOTETomek,BalancedBaggingClassifier,0.672,,,,,,,,,,,0.878,0.032,0.89,0.03,0.917,0.022,0.884,0.03,0.893
allhypo.csv,SMOTETomek,GradientBoostingClassifier,28.331,,,,,,,,,,,0.818,0.055,0.933,0.031,0.972,0.008,0.824,0.046,0.893
satimage.csv,RandomUnderSampler,RandomForestClassifier,1.569,,,,,,,,,,,0.883,0.021,0.887,0.021,0.915,0.015,0.886,0.02,0.893
Fetal_cardiotocography_dataset.csv,RandomOverSampler,RUSBoostClassifier,1.219,,,,,,,,,,,0.861,0.152,0.918,0.1,0.934,0.051,0.845,0.093,0.892
Estimation_of_Obesity_Levels.csv,ADASYN,BaggingClassifier,0.471,,,,,,,,,,,0.894,0.048,0.882,0.054,0.907,0.04,0.883,0.05,0.892
allhypo.csv,SMOTE,GradientBoostingClassifier,10.103,,,,,,,,,,,0.817,0.057,0.933,0.03,0.971,0.008,0.822,0.048,0.892
page_blocks.csv,TomekLinks,RandomForestClassifier,2.328,,,,,,,,,,,0.897,0.048,0.833,0.046,0.971,0.005,0.851,0.028,0.892
page-blocks.csv,TomekLinks,RandomForestClassifier,2.067,,,,,,,,,,,0.897,0.048,0.833,0.046,0.971,0.005,0.851,0.028,0.892
Estimation_of_Obesity_Levels.csv,TomekLinks,RandomForestClassifier,0.796,,,,,,,,,,,0.914,0.033,0.871,0.036,0.902,0.028,0.879,0.034,0.892
soybean_clean.csv,EditedNearestNeighbours,BaggingClassifier,0.323,,,,,,,,,,,0.911,0.039,0.901,0.033,0.874,0.04,0.875,0.043,0.891
satimage.csv,RandomUnderSampler,BalancedRandomForestClassifier,2.411,,,,,,,,,,,0.881,0.021,0.884,0.022,0.913,0.015,0.884,0.02,0.891
air-quality-and-pollution-assessment_subset.csv,SMOTETomek,BaggingClassifier,0.499,,,,,,,,,,,0.877,0.032,0.889,0.032,0.916,0.023,0.882,0.032,0.891
Estimation_of_Obesity_Levels.csv,SMOTETomek,BaggingClassifier,0.573,,,,,,,,,,,0.896,0.044,0.882,0.05,0.902,0.043,0.878,0.051,0.89
synthetic_control.csv,TomekLinks,BalancedBaggingClassifier,0.309,,,,,,,,,,,0.912,0.075,0.862,0.079,0.903,0.055,0.881,0.068,0.89
air-quality-and-pollution-assessment_subset.csv,EditedNearestNeighbours,BalancedRandomForestClassifier,1.133,,,,,,,,,,,0.878,0.028,0.885,0.028,0.913,0.021,0.884,0.026,0.89
Estimation_of_Obesity_Levels.csv,TomekLinks,BaggingClassifier,0.297,,,,,,,,,,,0.904,0.039,0.872,0.04,0.904,0.029,0.88,0.036,0.89
Estimation_of_Obesity_Levels.csv,SMOTE,BalancedBaggingClassifier,0.607,,,,,,,,,,,0.897,0.035,0.881,0.041,0.901,0.033,0.876,0.04,0.889
JapaneseVowels.csv,RandomUnderSampler,BaggingClassifier,0.867,,,,,,,,,,,0.881,0.013,0.897,0.014,0.899,0.011,0.88,0.013,0.889
page-blocks.csv,TomekLinks,GradientBoostingClassifier,14.031,,,,,,,,,,,0.882,0.046,0.837,0.046,0.971,0.005,0.85,0.029,0.889
dgf_96f4164d-956d-4c1c-b161-68724eb0ccdc_clean.csv,TomekLinks,BaggingClassifier,0.598,,,,,,,,,,,0.893,0.052,0.883,0.05,0.893,0.038,0.887,0.04,0.889
jungle_chess_2pcs_endgame_rat_lion_clean_subset.csv,EditedNearestNeighbours,BalancedRandomForestClassifier,0.939,,,,,,,,,,,0.818,0.037,0.928,0.034,0.93,0.023,0.866,0.042,0.889
page_blocks.csv,TomekLinks,GradientBoostingClassifier,16.17,,,,,,,,,,,0.882,0.046,0.837,0.046,0.971,0.005,0.85,0.029,0.889
satimage.csv,SMOTE,GradientBoostingClassifier,120.603,,,,,,,,,,,0.878,0.02,0.878,0.021,0.912,0.014,0.881,0.019,0.888
satimage.csv,TomekLinks,GradientBoostingClassifier,22.951,,,,,,,,,,,0.881,0.022,0.873,0.023,0.911,0.016,0.881,0.021,0.887
car_evaluation.csv,RandomUnderSampler,BaggingClassifier,0.227,,,,,,,,,,,0.847,0.055,0.942,0.025,0.918,0.025,0.83,0.05,0.887
Fetal_cardiotocography_dataset.csv,RandomOverSampler,EasyEnsembleClassifier,8.439,,,,,,,,,,,0.862,0.152,0.9,0.145,0.937,0.045,0.841,0.103,0.887
dgf_96f4164d-956d-4c1c-b161-68724eb0ccdc_clean.csv,RandomOverSampler,BalancedRandomForestClassifier,2.9,,,,,,,,,,,0.889,0.045,0.876,0.045,0.893,0.033,0.889,0.034,0.887
Estimation_of_Obesity_Levels.csv,RandomUnderSampler,RandomForestClassifier,0.862,,,,,,,,,,,0.878,0.04,0.897,0.036,0.899,0.033,0.872,0.042,0.887
shuttle.csv,RandomOverSampler,AdaBoostClassifier,0.646,,,,,,,,,,,0.847,0.116,0.905,0.115,0.937,0.025,0.845,0.052,0.886
shuttle.csv,RandomOverSampler,RUSBoostClassifier,0.852,,,,,,,,,,,0.847,0.116,0.905,0.115,0.937,0.025,0.845,0.052,0.886
jungle_chess_2pcs_endgame_lion_elephant.csv,TomekLinks,AdaBoostClassifier,0.82,,,,,,,,,,,0.871,0.02,0.918,0.015,0.914,0.014,0.836,0.025,0.886
car_evaluation.csv,RandomUnderSampler,BalancedBaggingClassifier,0.294,,,,,,,,,,,0.849,0.055,0.938,0.028,0.917,0.029,0.828,0.057,0.886
JapaneseVowels.csv,RandomUnderSampler,BalancedBaggingClassifier,1.278,,,,,,,,,,,0.878,0.015,0.892,0.016,0.897,0.013,0.877,0.016,0.886
Fetal_cardiotocography_dataset.csv,RandomUnderSampler,EasyEnsembleClassifier,2.918,,,,,,,,,,,0.861,0.156,0.899,0.149,0.936,0.049,0.839,0.115,0.886
satimage.csv,SMOTETomek,GradientBoostingClassifier,117.937,,,,,,,,,,,0.877,0.019,0.876,0.02,0.911,0.014,0.88,0.018,0.886
shuttle.csv,RandomOverSampler,EasyEnsembleClassifier,6.108,,,,,,,,,,,0.847,0.116,0.905,0.115,0.937,0.025,0.845,0.052,0.886
satimage.csv,RandomOverSampler,GradientBoostingClassifier,56.171,,,,,,,,,,,0.875,0.021,0.876,0.022,0.909,0.015,0.878,0.021,0.885
synthetic_control.csv,SMOTE,BalancedBaggingClassifier,0.575,,,,,,,,,,,0.901,0.085,0.859,0.092,0.902,0.061,0.878,0.077,0.885
satimage.csv,ADASYN,GradientBoostingClassifier,128.285,,,,,,,,,,,0.873,0.022,0.877,0.022,0.909,0.017,0.878,0.022,0.885
synthetic_control.csv,SMOTETomek,BalancedBaggingClassifier,0.575,,,,,,,,,,,0.901,0.085,0.859,0.092,0.902,0.061,0.878,0.077,0.885
page-blocks.csv,TomekLinks,BaggingClassifier,0.922,,,,,,,,,,,0.878,0.052,0.836,0.052,0.969,0.006,0.84,0.031,0.885
page_blocks.csv,TomekLinks,BaggingClassifier,1.175,,,,,,,,,,,0.878,0.052,0.836,0.052,0.969,0.006,0.84,0.031,0.885
page_blocks.csv,RandomOverSampler,GradientBoostingClassifier,36.919,,,,,,,,,,,0.808,0.044,0.902,0.048,0.968,0.005,0.836,0.025,0.884
page-blocks.csv,SMOTE,BalancedRandomForestClassifier,13.493,,,,,,,,,,,0.82,0.044,0.891,0.039,0.968,0.005,0.836,0.023,0.884
page_blocks.csv,SMOTE,BalancedRandomForestClassifier,24.034,,,,,,,,,,,0.824,0.043,0.888,0.039,0.969,0.005,0.838,0.026,0.884
dgf_96f4164d-956d-4c1c-b161-68724eb0ccdc_clean.csv,SMOTETomek,BalancedBaggingClassifier,2.077,,,,,,,,,,,0.889,0.039,0.877,0.042,0.889,0.031,0.881,0.033,0.884
page_blocks.csv,SMOTE,RandomForestClassifier,11.297,,,,,,,,,,,0.822,0.045,0.89,0.036,0.968,0.005,0.836,0.025,0.884
page-blocks.csv,RandomOverSampler,GradientBoostingClassifier,244.04,,,,,,,,,,,0.808,0.044,0.902,0.048,0.968,0.005,0.836,0.025,0.884
page_blocks.csv,SMOTE,GradientBoostingClassifier,85.477,,,,,,,,,,,0.801,0.043,0.911,0.037,0.967,0.006,0.832,0.028,0.884
page-blocks.csv,SMOTETomek,BalancedRandomForestClassifier,13.773,,,,,,,,,,,0.817,0.042,0.895,0.04,0.968,0.005,0.836,0.026,0.884
website_phishing.csv,RandomOverSampler,GradientBoostingClassifier,1.321,,,,,,,,,,,0.859,0.044,0.922,0.026,0.907,0.029,0.836,0.049,0.883
page-blocks.csv,SMOTE,RandomForestClassifier,11.392,,,,,,,,,,,0.818,0.04,0.89,0.039,0.968,0.005,0.835,0.023,0.883
page_blocks.csv,SMOTETomek,BalancedRandomForestClassifier,16.714,,,,,,,,,,,0.819,0.044,0.887,0.041,0.968,0.005,0.837,0.027,0.883
page_blocks.csv,SMOTETomek,GradientBoostingClassifier,86.712,,,,,,,,,,,0.797,0.044,0.91,0.043,0.967,0.006,0.831,0.029,0.883
page-blocks.csv,SMOTE,GradientBoostingClassifier,193.204,,,,,,,,,,,0.789,0.045,0.921,0.039,0.965,0.005,0.824,0.027,0.882
synthetic_control.csv,SMOTE,GradientBoostingClassifier,14.791,,,,,,,,,,,0.891,0.091,0.859,0.099,0.898,0.073,0.877,0.085,0.882
page-blocks.csv,SMOTETomek,GradientBoostingClassifier,69.358,,,,,,,,,,,0.789,0.042,0.921,0.039,0.965,0.005,0.824,0.023,0.882
page_blocks.csv,SMOTETomek,RandomForestClassifier,12.98,,,,,,,,,,,0.817,0.041,0.886,0.047,0.968,0.005,0.836,0.025,0.882
synthetic_control.csv,SMOTETomek,GradientBoostingClassifier,13.765,,,,,,,,,,,0.891,0.091,0.859,0.099,0.898,0.073,0.877,0.085,0.882
Estimation_of_Obesity_Levels.csv,RandomUnderSampler,BalancedRandomForestClassifier,1.338,,,,,,,,,,,0.873,0.037,0.891,0.034,0.894,0.032,0.865,0.041,0.881
page-blocks.csv,SMOTETomek,RandomForestClassifier,9.62,,,,,,,,,,,0.813,0.045,0.888,0.045,0.967,0.005,0.833,0.028,0.88
dgf_96f4164d-956d-4c1c-b161-68724eb0ccdc_clean.csv,SMOTETomek,BaggingClassifier,1.538,,,,,,,,,,,0.886,0.04,0.875,0.039,0.882,0.03,0.872,0.032,0.879
page_blocks.csv,ADASYN,RandomForestClassifier,11.923,,,,,,,,,,,0.81,0.045,0.886,0.039,0.967,0.006,0.83,0.027,0.879
synthetic_control.csv,ADASYN,BaggingClassifier,0.438,,,,,,,,,,,0.888,0.092,0.857,0.098,0.895,0.072,0.875,0.08,0.879
dgf_96f4164d-956d-4c1c-b161-68724eb0ccdc_clean.csv,ADASYN,RandomForestClassifier,1.695,,,,,,,,,,,0.88,0.048,0.868,0.045,0.885,0.039,0.881,0.04,0.879
splice.csv,EditedNearestNeighbours,BaggingClassifier,0.746,,,,,,,,,,,0.873,0.025,0.892,0.027,0.914,0.018,0.832,0.034,0.879
allhypo.csv,ADASYN,GradientBoostingClassifier,10.981,,,,,,,,,,,0.8,0.051,0.922,0.036,0.967,0.008,0.796,0.042,0.879
dgf_96f4164d-956d-4c1c-b161-68724eb0ccdc_clean.csv,ADASYN,BalancedRandomForestClassifier,2.906,,,,,,,,,,,0.882,0.052,0.869,0.043,0.884,0.032,0.88,0.032,0.879
satimage.csv,RandomUnderSampler,GradientBoostingClassifier,16.426,,,,,,,,,,,0.866,0.022,0.875,0.02,0.904,0.015,0.87,0.02,0.879
synthetic_control.csv,RandomOverSampler,BaggingClassifier,0.62,,,,,,,,,,,0.896,0.08,0.852,0.097,0.895,0.068,0.871,0.083,0.879
Estimation_of_Obesity_Levels.csv,TomekLinks,BalancedBaggingClassifier,0.768,,,,,,,,,,,0.883,0.049,0.874,0.052,0.894,0.043,0.866,0.053,0.879
soybean_clean.csv,RandomUnderSampler,BaggingClassifier,0.266,,,,,,,,,,,0.904,0.036,0.914,0.034,0.849,0.046,0.839,0.049,0.878
dgf_96f4164d-956d-4c1c-b161-68724eb0ccdc_clean.csv,SMOTE,BalancedRandomForestClassifier,2.924,,,,,,,,,,,0.88,0.055,0.865,0.05,0.885,0.037,0.88,0.039,0.878
page-blocks.csv,ADASYN,RandomForestClassifier,9.583,,,,,,,,,,,0.804,0.045,0.892,0.039,0.966,0.006,0.828,0.028,0.878
page-blocks.csv,ADASYN,BalancedRandomForestClassifier,14.651,,,,,,,,,,,0.803,0.042,0.893,0.039,0.966,0.005,0.825,0.028,0.878
dgf_96f4164d-956d-4c1c-b161-68724eb0ccdc_clean.csv,RandomOverSampler,RandomForestClassifier,1.46,,,,,,,,,,,0.877,0.048,0.87,0.043,0.885,0.037,0.881,0.038,0.878
synthetic_control.csv,SMOTE,BaggingClassifier,0.431,,,,,,,,,,,0.887,0.109,0.854,0.108,0.894,0.077,0.873,0.091,0.877
jungle_chess_2pcs_endgame_panther_lion_subset.csv,TomekLinks,AdaBoostClassifier,0.424,,,,,,,,,,,0.815,0.107,0.782,0.072,0.957,0.014,0.922,0.027,0.877
website_phishing.csv,ADASYN,GradientBoostingClassifier,1.513,,,,,,,,,,,0.868,0.049,0.893,0.05,0.907,0.031,0.837,0.055,0.877
car_evaluation.csv,RandomUnderSampler,RandomForestClassifier,0.595,,,,,,,,,,,0.827,0.045,0.936,0.026,0.911,0.02,0.817,0.04,0.877
air-quality-and-pollution-assessment_subset.csv,RandomUnderSampler,BalancedBaggingClassifier,0.305,,,,,,,,,,,0.862,0.03,0.878,0.028,0.902,0.019,0.863,0.025,0.877
synthetic_control.csv,SMOTETomek,BaggingClassifier,0.457,,,,,,,,,,,0.887,0.109,0.854,0.108,0.894,0.077,0.873,0.091,0.877
car_evaluation.csv,RandomUnderSampler,BalancedRandomForestClassifier,0.833,,,,,,,,,,,0.824,0.047,0.934,0.029,0.912,0.023,0.819,0.044,0.876
JapaneseVowels.csv,TomekLinks,BaggingClassifier,1.102,,,,,,,,,,,0.881,0.021,0.863,0.02,0.89,0.017,0.871,0.019,0.876
splice.csv,EditedNearestNeighbours,BalancedBaggingClassifier,0.694,,,,,,,,,,,0.852,0.027,0.913,0.021,0.907,0.018,0.825,0.032,0.876
satimage.csv,SMOTETomek,BalancedBaggingClassifier,6.646,,,,,,,,,,,0.868,0.023,0.865,0.024,0.901,0.016,0.868,0.021,0.876
page_blocks.csv,ADASYN,BalancedRandomForestClassifier,19.998,,,,,,,,,,,0.803,0.047,0.887,0.035,0.966,0.006,0.825,0.029,0.876
splice.csv,RandomUnderSampler,EasyEnsembleClassifier,6.652,,,,,,,,,,,0.85,0.035,0.915,0.022,0.906,0.025,0.824,0.041,0.876
allhypo.csv,TomekLinks,BaggingClassifier,1.103,,,,,,,,,,,0.852,0.067,0.825,0.06,0.975,0.008,0.828,0.059,0.876
air-quality-and-pollution-assessment_subset.csv,RandomUnderSampler,BaggingClassifier,0.302,,,,,,,,,,,0.861,0.029,0.877,0.028,0.902,0.018,0.863,0.025,0.876
splice.csv,RandomUnderSampler,AdaBoostClassifier,0.804,,,,,,,,,,,0.85,0.034,0.915,0.022,0.906,0.024,0.824,0.041,0.876
splice.csv,RandomUnderSampler,RUSBoostClassifier,0.904,,,,,,,,,,,0.85,0.035,0.915,0.022,0.906,0.025,0.824,0.041,0.876
Estimation_of_Obesity_Levels.csv,RandomUnderSampler,BalancedBaggingClassifier,0.311,,,,,,,,,,,0.874,0.043,0.881,0.04,0.888,0.037,0.858,0.046,0.875
Estimation_of_Obesity_Levels.csv,RandomUnderSampler,BaggingClassifier,0.439,,,,,,,,,,,0.872,0.047,0.884,0.047,0.887,0.042,0.857,0.052,0.875
page_blocks.csv,ADASYN,GradientBoostingClassifier,92.003,,,,,,,,,,,0.781,0.049,0.902,0.045,0.964,0.006,0.817,0.027,0.874
dgf_96f4164d-956d-4c1c-b161-68724eb0ccdc_clean.csv,SMOTE,RandomForestClassifier,1.524,,,,,,,,,,,0.875,0.051,0.861,0.043,0.882,0.032,0.877,0.033,0.874
satimage.csv,EditedNearestNeighbours,RandomForestClassifier,2.181,,,,,,,,,,,0.876,0.02,0.855,0.024,0.899,0.017,0.866,0.021,0.874
soybean_clean.csv,RandomUnderSampler,GradientBoostingClassifier,3.275,,,,,,,,,,,0.908,0.05,0.907,0.042,0.84,0.051,0.835,0.052,0.874
website_phishing.csv,SMOTE,GradientBoostingClassifier,1.503,,,,,,,,,,,0.864,0.05,0.892,0.047,0.905,0.029,0.832,0.051,0.874
soybean_clean.csv,EditedNearestNeighbours,BalancedRandomForestClassifier,0.849,,,,,,,,,,,0.895,0.034,0.903,0.03,0.851,0.032,0.843,0.032,0.874
website_phishing.csv,ADASYN,BalancedBaggingClassifier,0.386,,,,,,,,,,,0.877,0.039,0.902,0.031,0.894,0.024,0.814,0.042,0.874
satimage.csv,EditedNearestNeighbours,BalancedRandomForestClassifier,1.79,,,,,,,,,,,0.868,0.021,0.86,0.023,0.899,0.015,0.864,0.02,0.873
TESTFORDESCRIPTION-anneal.csv,SMOTETomek,EasyEnsembleClassifier,5.952,,,,,,,,,,,0.83,0.088,0.887,0.096,0.927,0.033,0.837,0.067,0.873
satimage.csv,SMOTE,BalancedBaggingClassifier,6.062,,,,,,,,,,,0.864,0.024,0.862,0.024,0.899,0.016,0.865,0.022,0.873
synthetic_control.csv,RandomOverSampler,GradientBoostingClassifier,11.164,,,,,,,,,,,0.889,0.08,0.846,0.087,0.89,0.064,0.867,0.075,0.873
synthetic_control.csv,EditedNearestNeighbours,RandomForestClassifier,0.825,,,,,,,,,,,0.873,0.106,0.857,0.076,0.887,0.071,0.875,0.072,0.873
dgf_96f4164d-956d-4c1c-b161-68724eb0ccdc_clean.csv,SMOTETomek,RandomForestClassifier,1.96,,,,,,,,,,,0.876,0.051,0.862,0.043,0.879,0.034,0.874,0.036,0.873
Fetal_cardiotocography_dataset.csv,RandomUnderSampler,AdaBoostClassifier,0.309,,,,,,,,,,,0.847,0.202,0.907,0.139,0.908,0.17,0.823,0.179,0.873
page-blocks.csv,ADASYN,GradientBoostingClassifier,73.255,,,,,,,,,,,0.769,0.05,0.914,0.041,0.961,0.006,0.808,0.026,0.872
page_blocks.csv,RandomOverSampler,BaggingClassifier,1.421,,,,,,,,,,,0.834,0.049,0.839,0.044,0.967,0.005,0.828,0.028,0.872
synthetic_control.csv,RandomOverSampler,BalancedBaggingClassifier,0.422,,,,,,,,,,,0.893,0.093,0.843,0.095,0.888,0.07,0.863,0.084,0.872
website_phishing.csv,ADASYN,BaggingClassifier,0.291,,,,,,,,,,,0.876,0.041,0.899,0.035,0.893,0.026,0.811,0.045,0.872
website_phishing.csv,RandomOverSampler,BalancedBaggingClassifier,0.32,,,,,,,,,,,0.87,0.037,0.909,0.027,0.891,0.025,0.81,0.043,0.872
satimage.csv,SMOTETomek,BaggingClassifier,5.158,,,,,,,,,,,0.864,0.027,0.861,0.027,0.898,0.019,0.864,0.025,0.872
satimage.csv,RandomOverSampler,BaggingClassifier,2.086,,,,,,,,,,,0.865,0.018,0.861,0.02,0.898,0.015,0.864,0.02,0.872
page-blocks.csv,RandomOverSampler,BaggingClassifier,2.11,,,,,,,,,,,0.834,0.049,0.839,0.044,0.967,0.005,0.828,0.028,0.872
website_phishing.csv,SMOTETomek,BalancedBaggingClassifier,0.368,,,,,,,,,,,0.878,0.038,0.895,0.032,0.894,0.023,0.813,0.04,0.872
page_blocks.csv,RandomOverSampler,BalancedBaggingClassifier,2.02,,,,,,,,,,,0.827,0.049,0.845,0.05,0.966,0.005,0.825,0.026,0.871
page-blocks.csv,RandomOverSampler,BalancedBaggingClassifier,2.062,,,,,,,,,,,0.827,0.049,0.845,0.05,0.966,0.005,0.825,0.026,0.871
website_phishing.csv,SMOTE,BaggingClassifier,0.293,,,,,,,,,,,0.872,0.042,0.899,0.034,0.893,0.026,0.812,0.046,0.871
segment.csv,TomekLinks,EasyEnsembleClassifier,5.34,,,,,,,,,,,0.868,0.035,0.863,0.036,0.888,0.032,0.866,0.034,0.871
allhypo.csv,RandomOverSampler,BaggingClassifier,0.664,,,,,,,,,,,0.847,0.072,0.849,0.059,0.97,0.01,0.795,0.069,0.871
satimage.csv,ADASYN,BaggingClassifier,5.257,,,,,,,,,,,0.861,0.023,0.861,0.024,0.898,0.016,0.864,0.022,0.871
website_phishing.csv,SMOTETomek,GradientBoostingClassifier,1.518,,,,,,,,,,,0.858,0.049,0.89,0.049,0.903,0.03,0.829,0.053,0.871
satimage.csv,SMOTE,BaggingClassifier,4.431,,,,,,,,,,,0.861,0.023,0.859,0.022,0.897,0.016,0.862,0.021,0.87
website_phishing.csv,RandomOverSampler,BaggingClassifier,0.313,,,,,,,,,,,0.869,0.04,0.907,0.026,0.89,0.025,0.807,0.044,0.87
synthetic_control.csv,TomekLinks,GradientBoostingClassifier,6.112,,,,,,,,,,,0.889,0.084,0.842,0.085,0.883,0.069,0.863,0.076,0.87
satimage.csv,TomekLinks,BalancedBaggingClassifier,1.077,,,,,,,,,,,0.859,0.022,0.861,0.024,0.897,0.017,0.862,0.023,0.87
satimage.csv,ADASYN,BalancedBaggingClassifier,12.857,,,,,,,,,,,0.859,0.021,0.861,0.021,0.897,0.015,0.863,0.021,0.87
satimage.csv,RandomOverSampler,BalancedBaggingClassifier,2.842,,,,,,,,,,,0.862,0.023,0.858,0.024,0.896,0.017,0.862,0.023,0.87
satimage.csv,RandomUnderSampler,BalancedBaggingClassifier,0.977,,,,,,,,,,,0.858,0.025,0.863,0.025,0.896,0.018,0.86,0.024,0.87
jungle_chess_2pcs_endgame_lion_elephant.csv,SMOTETomek,EasyEnsembleClassifier,15.643,,,,,,,,,,,0.844,0.022,0.915,0.014,0.896,0.017,0.81,0.026,0.869
jungle_chess_2pcs_endgame_lion_elephant.csv,SMOTETomek,AdaBoostClassifier,2.23,,,,,,,,,,,0.844,0.023,0.915,0.014,0.896,0.017,0.809,0.026,0.869
website_phishing.csv,SMOTETomek,BaggingClassifier,0.313,,,,,,,,,,,0.874,0.04,0.894,0.033,0.891,0.025,0.808,0.043,0.869
website_phishing.csv,TomekLinks,RandomForestClassifier,0.667,,,,,,,,,,,0.878,0.047,0.879,0.047,0.894,0.029,0.814,0.051,0.868
jungle_chess_2pcs_endgame_lion_elephant.csv,SMOTETomek,RUSBoostClassifier,2.47,,,,,,,,,,,0.843,0.023,0.914,0.014,0.896,0.017,0.808,0.026,0.868
page-blocks.csv,SMOTETomek,BalancedBaggingClassifier,4.718,,,,,,,,,,,0.796,0.056,0.87,0.052,0.964,0.006,0.815,0.032,0.868
website_phishing.csv,RandomOverSampler,RandomForestClassifier,2.995,,,,,,,,,,,0.87,0.046,0.891,0.039,0.893,0.029,0.812,0.05,0.868
website_phishing.csv,RandomOverSampler,BalancedRandomForestClassifier,1.166,,,,,,,,,,,0.872,0.044,0.89,0.036,0.892,0.026,0.811,0.045,0.868
jungle_chess_2pcs_endgame_lion_elephant.csv,RandomOverSampler,AdaBoostClassifier,1.184,,,,,,,,,,,0.841,0.021,0.918,0.015,0.894,0.016,0.807,0.026,0.868
jungle_chess_2pcs_endgame_lion_elephant.csv,RandomOverSampler,RUSBoostClassifier,1.512,,,,,,,,,,,0.841,0.021,0.918,0.015,0.894,0.016,0.807,0.026,0.868
jungle_chess_2pcs_endgame_lion_elephant.csv,RandomOverSampler,EasyEnsembleClassifier,9.885,,,,,,,,,,,0.841,0.021,0.918,0.015,0.894,0.016,0.807,0.026,0.868
website_phishing.csv,ADASYN,BalancedRandomForestClassifier,1.127,,,,,,,,,,,0.881,0.042,0.875,0.044,0.896,0.027,0.816,0.047,0.868
page-blocks.csv,SMOTETomek,BaggingClassifier,3.416,,,,,,,,,,,0.797,0.056,0.866,0.05,0.964,0.006,0.819,0.029,0.868
satimage.csv,TomekLinks,BaggingClassifier,1.184,,,,,,,,,,,0.863,0.022,0.85,0.023,0.894,0.016,0.858,0.021,0.867
website_phishing.csv,SMOTETomek,BalancedRandomForestClassifier,1.408,,,,,,,,,,,0.878,0.048,0.874,0.047,0.895,0.025,0.815,0.044,0.867
website_phishing.csv,TomekLinks,BaggingClassifier,0.278,,,,,,,,,,,0.871,0.041,0.887,0.041,0.892,0.03,0.81,0.052,0.867
satimage.csv,EditedNearestNeighbours,GradientBoostingClassifier,23.54,,,,,,,,,,,0.865,0.022,0.849,0.024,0.894,0.016,0.859,0.021,0.867
satimage.csv,RandomUnderSampler,BaggingClassifier,0.71,,,,,,,,,,,0.855,0.021,0.861,0.02,0.893,0.016,0.857,0.021,0.867
jungle_chess_2pcs_endgame_lion_elephant.csv,SMOTE,EasyEnsembleClassifier,14.82,,,,,,,,,,,0.842,0.023,0.914,0.014,0.894,0.017,0.806,0.027,0.867
website_phishing.csv,SMOTE,BalancedBaggingClassifier,0.354,,,,,,,,,,,0.87,0.042,0.894,0.036,0.89,0.026,0.807,0.045,0.867
jungle_chess_2pcs_endgame_lion_elephant.csv,SMOTE,AdaBoostClassifier,1.657,,,,,,,,,,,0.842,0.023,0.914,0.014,0.894,0.017,0.806,0.027,0.867
page_blocks.csv,SMOTE,BalancedBaggingClassifier,5.384,,,,,,,,,,,0.796,0.053,0.866,0.043,0.964,0.005,0.815,0.027,0.867
website_phishing.csv,TomekLinks,BalancedRandomForestClassifier,0.882,,,,,,,,,,,0.842,0.046,0.905,0.028,0.895,0.029,0.817,0.05,0.867
page_blocks.csv,SMOTETomek,BalancedBaggingClassifier,5.836,,,,,,,,,,,0.8,0.049,0.863,0.041,0.964,0.005,0.815,0.028,0.867
page_blocks.csv,SMOTE,BaggingClassifier,3.84,,,,,,,,,,,0.796,0.054,0.867,0.044,0.964,0.005,0.816,0.028,0.867
jungle_chess_2pcs_endgame_lion_elephant.csv,SMOTE,RUSBoostClassifier,2.108,,,,,,,,,,,0.842,0.023,0.914,0.014,0.894,0.017,0.806,0.027,0.867
allhypo.csv,RandomOverSampler,BalancedBaggingClassifier,0.971,,,,,,,,,,,0.843,0.068,0.842,0.057,0.969,0.01,0.787,0.067,0.867
website_phishing.csv,SMOTETomek,RandomForestClassifier,0.796,,,,,,,,,,,0.877,0.047,0.875,0.05,0.894,0.03,0.813,0.053,0.866
JapaneseVowels.csv,TomekLinks,BalancedBaggingClassifier,0.838,,,,,,,,,,,0.857,0.016,0.869,0.016,0.88,0.013,0.857,0.016,0.866
page_blocks.csv,SMOTETomek,BaggingClassifier,4.326,,,,,,,,,,,0.797,0.049,0.863,0.043,0.964,0.004,0.815,0.023,0.866
website_phishing.csv,TomekLinks,BalancedBaggingClassifier,0.281,,,,,,,,,,,0.838,0.034,0.915,0.02,0.891,0.024,0.811,0.04,0.866
website_phishing.csv,ADASYN,RandomForestClassifier,0.785,,,,,,,,,,,0.877,0.046,0.873,0.047,0.894,0.026,0.813,0.047,0.866
page-blocks.csv,SMOTE,BalancedBaggingClassifier,4.398,,,,,,,,,,,0.791,0.054,0.865,0.047,0.964,0.005,0.818,0.026,0.866
synthetic_control.csv,ADASYN,BalancedBaggingClassifier,1.007,,,,,,,,,,,0.872,0.095,0.841,0.088,0.884,0.063,0.861,0.07,0.865
website_phishing.csv,TomekLinks,GradientBoostingClassifier,1.006,,,,,,,,,,,0.865,0.042,0.864,0.039,0.901,0.026,0.824,0.045,0.865
website_phishing.csv,EditedNearestNeighbours,GradientBoostingClassifier,0.867,,,,,,,,,,,0.826,0.043,0.913,0.029,0.894,0.031,0.815,0.053,0.865
page_blocks.csv,EditedNearestNeighbours,BaggingClassifier,0.979,,,,,,,,,,,0.871,0.067,0.798,0.052,0.962,0.008,0.803,0.044,0.865
page-blocks.csv,EditedNearestNeighbours,BaggingClassifier,0.826,,,,,,,,,,,0.871,0.067,0.798,0.052,0.962,0.008,0.803,0.044,0.865
jungle_chess_2pcs_endgame_lion_elephant.csv,RandomUnderSampler,AdaBoostClassifier,0.548,,,,,,,,,,,0.836,0.018,0.916,0.014,0.89,0.015,0.801,0.024,0.864
page-blocks.csv,SMOTE,BaggingClassifier,24.231,,,,,,,,,,,0.789,0.053,0.862,0.049,0.964,0.005,0.814,0.029,0.864
jungle_chess_2pcs_endgame_lion_elephant.csv,RandomUnderSampler,RUSBoostClassifier,0.786,,,,,,,,,,,0.836,0.018,0.916,0.014,0.89,0.015,0.801,0.024,0.864
agriculture_dataset_karnataka_clean_subset.csv,RandomUnderSampler,BalancedBaggingClassifier,0.408,,,,,,,,,,,0.861,0.04,0.897,0.033,0.882,0.037,0.81,0.057,0.864
jungle_chess_2pcs_endgame_lion_elephant.csv,RandomUnderSampler,EasyEnsembleClassifier,4.359,,,,,,,,,,,0.836,0.018,0.916,0.014,0.89,0.015,0.801,0.024,0.864
website_phishing.csv,SMOTE,BalancedRandomForestClassifier,1.142,,,,,,,,,,,0.873,0.048,0.875,0.046,0.893,0.029,0.811,0.052,0.864
jungle_chess_2pcs_endgame_lion_elephant.csv,EditedNearestNeighbours,EasyEnsembleClassifier,4.244,,,,,,,,,,,0.838,0.021,0.913,0.017,0.891,0.016,0.802,0.028,0.864
website_phishing.csv,SMOTE,RandomForestClassifier,0.903,,,,,,,,,,,0.871,0.047,0.872,0.048,0.892,0.027,0.81,0.047,0.863
dgf_96f4164d-956d-4c1c-b161-68724eb0ccdc_clean.csv,SMOTETomek,BalancedRandomForestClassifier,3.088,,,,,,,,,,,0.865,0.051,0.853,0.045,0.869,0.038,0.864,0.04,0.863
allrep.csv,RandomOverSampler,GradientBoostingClassifier,14.631,,,,,,,,,,,0.793,0.106,0.836,0.102,0.986,0.007,0.795,0.101,0.862
splice.csv,EditedNearestNeighbours,AdaBoostClassifier,0.952,,,,,,,,,,,0.856,0.028,0.878,0.023,0.9,0.016,0.807,0.03,0.862
TESTFORDESCRIPTION-anneal.csv,SMOTETomek,RUSBoostClassifier,0.93,,,,,,,,,,,0.825,0.122,0.881,0.103,0.917,0.05,0.815,0.1,0.862
page-blocks.csv,ADASYN,BalancedBaggingClassifier,4.367,,,,,,,,,,,0.78,0.051,0.866,0.044,0.962,0.005,0.805,0.026,0.861
Mobile_Price.csv,SMOTE,GradientBoostingClassifier,12.73,,,,,,,,,,,0.856,0.036,0.848,0.041,0.898,0.026,0.836,0.042,0.86
page_blocks.csv,EditedNearestNeighbours,RandomForestClassifier,2.288,,,,,,,,,,,0.887,0.065,0.764,0.041,0.958,0.007,0.792,0.04,0.859
shuttle.csv,TomekLinks,BalancedRandomForestClassifier,0.962,,,,,,,,,,,0.761,0.11,0.785,0.111,0.962,0.029,0.887,0.077,0.859
agriculture_dataset_karnataka_clean_subset.csv,RandomUnderSampler,BaggingClassifier,0.302,,,,,,,,,,,0.856,0.038,0.892,0.037,0.878,0.036,0.803,0.057,0.859
synthetic_control.csv,EditedNearestNeighbours,BaggingClassifier,0.292,,,,,,,,,,,0.871,0.101,0.833,0.074,0.877,0.064,0.854,0.072,0.859
page-blocks.csv,EditedNearestNeighbours,RandomForestClassifier,1.775,,,,,,,,,,,0.887,0.065,0.764,0.041,0.958,0.007,0.792,0.04,0.859
dgf_96f4164d-956d-4c1c-b161-68724eb0ccdc_clean.csv,TomekLinks,GradientBoostingClassifier,30.521,,,,,,,,,,,0.838,0.041,0.833,0.037,0.881,0.035,0.881,0.036,0.859
soybean_clean.csv,EditedNearestNeighbours,BalancedBaggingClassifier,0.341,,,,,,,,,,,0.879,0.043,0.892,0.036,0.832,0.046,0.823,0.048,0.858
page_blocks.csv,ADASYN,BaggingClassifier,3.976,,,,,,,,,,,0.784,0.049,0.855,0.046,0.962,0.005,0.804,0.027,0.858
jungle_chess_2pcs_endgame_lion_elephant.csv,TomekLinks,EasyEnsembleClassifier,4.277,,,,,,,,,,,0.83,0.016,0.91,0.015,0.885,0.012,0.793,0.021,0.858
jungle_chess_2pcs_endgame_lion_elephant.csv,ADASYN,RUSBoostClassifier,2.058,,,,,,,,,,,0.831,0.024,0.91,0.018,0.885,0.019,0.792,0.032,0.858
Mobile_Price.csv,SMOTETomek,GradientBoostingClassifier,11.736,,,,,,,,,,,0.853,0.035,0.847,0.04,0.896,0.025,0.833,0.039,0.858
jungle_chess_2pcs_endgame_lion_elephant.csv,ADASYN,EasyEnsembleClassifier,15.169,,,,,,,,,,,0.83,0.021,0.911,0.015,0.885,0.017,0.792,0.027,0.858
page-blocks.csv,ADASYN,BaggingClassifier,3.102,,,,,,,,,,,0.779,0.046,0.86,0.042,0.961,0.004,0.802,0.021,0.858
page_blocks.csv,ADASYN,BalancedBaggingClassifier,6.655,,,,,,,,,,,0.781,0.053,0.856,0.045,0.962,0.005,0.804,0.027,0.858
air-quality-and-pollution-assessment_subset.csv,EditedNearestNeighbours,GradientBoostingClassifier,2.397,,,,,,,,,,,0.849,0.024,0.854,0.028,0.879,0.026,0.847,0.027,0.857
jungle_chess_2pcs_endgame_panther_lion_subset.csv,ADASYN,EasyEnsembleClassifier,5.592,,,,,,,,,,,0.753,0.038,0.84,0.066,0.938,0.016,0.872,0.033,0.857
synthetic_control.csv,RandomUnderSampler,GradientBoostingClassifier,3.759,,,,,,,,,,,0.86,0.096,0.845,0.089,0.875,0.073,0.849,0.089,0.857
ann_thyroid.csv,EditedNearestNeighbours,BalancedBaggingClassifier,0.811,,,,,,,,,,,0.744,0.025,0.929,0.052,0.957,0.007,0.733,0.057,0.857
jungle_chess_2pcs_endgame_lion_elephant.csv,ADASYN,AdaBoostClassifier,2.01,,,,,,,,,,,0.829,0.02,0.91,0.014,0.884,0.016,0.791,0.025,0.857
jungle_chess_2pcs_endgame_panther_lion_subset.csv,ADASYN,RUSBoostClassifier,0.761,,,,,,,,,,,0.752,0.039,0.847,0.066,0.934,0.019,0.864,0.039,0.856
dgf_96f4164d-956d-4c1c-b161-68724eb0ccdc_clean.csv,TomekLinks,RandomForestClassifier,1.06,,,,,,,,,,,0.864,0.055,0.841,0.049,0.862,0.037,0.858,0.038,0.856
optdigits.csv,EditedNearestNeighbours,EasyEnsembleClassifier,4.711,,,,,,,,,,,0.855,0.026,0.864,0.025,0.864,0.024,0.841,0.028,0.856
allhypo.csv,SMOTETomek,BaggingClassifier,28.806,,,,,,,,,,,0.799,0.061,0.863,0.056,0.963,0.011,0.761,0.064,0.855
satimage.csv,EditedNearestNeighbours,BalancedBaggingClassifier,0.786,,,,,,,,,,,0.85,0.022,0.84,0.024,0.884,0.016,0.844,0.022,0.855
splice.csv,EditedNearestNeighbours,RandomForestClassifier,1.223,,,,,,,,,,,0.912,0.021,0.814,0.055,0.883,0.035,0.795,0.053,0.854
air-quality-and-pollution-assessment_subset.csv,EditedNearestNeighbours,BalancedBaggingClassifier,0.466,,,,,,,,,,,0.839,0.03,0.853,0.03,0.88,0.027,0.838,0.034,0.853
allhypo.csv,SMOTE,BalancedBaggingClassifier,1.377,,,,,,,,,,,0.796,0.059,0.861,0.051,0.963,0.011,0.757,0.063,0.853
website_phishing.csv,EditedNearestNeighbours,RandomForestClassifier,0.688,,,,,,,,,,,0.822,0.052,0.887,0.041,0.889,0.029,0.805,0.051,0.853
jungle_chess_2pcs_endgame_panther_lion_subset.csv,TomekLinks,EasyEnsembleClassifier,2.195,,,,,,,,,,,0.735,0.019,0.907,0.033,0.917,0.02,0.821,0.038,0.853
TESTFORDESCRIPTION-anneal.csv,SMOTE,AdaBoostClassifier,0.648,,,,,,,,,,,0.794,0.111,0.875,0.102,0.914,0.036,0.811,0.07,0.852
allhypo.csv,RandomOverSampler,RandomForestClassifier,1.82,,,,,,,,,,,0.911,0.049,0.755,0.049,0.96,0.007,0.719,0.054,0.852
TESTFORDESCRIPTION-anneal.csv,SMOTE,EasyEnsembleClassifier,5.895,,,,,,,,,,,0.794,0.111,0.875,0.102,0.914,0.036,0.811,0.07,0.852
TESTFORDESCRIPTION-anneal.csv,SMOTE,RUSBoostClassifier,0.819,,,,,,,,,,,0.794,0.111,0.875,0.102,0.914,0.036,0.811,0.07,0.852
allhypo.csv,SMOTETomek,BalancedBaggingClassifier,23.649,,,,,,,,,,,0.792,0.051,0.855,0.05,0.963,0.009,0.755,0.056,0.851
soybean_clean.csv,RandomUnderSampler,BalancedBaggingClassifier,0.314,,,,,,,,,,,0.881,0.035,0.895,0.029,0.816,0.043,0.803,0.047,0.851
jungle_chess_2pcs_endgame_rat_lion_subset.csv,EditedNearestNeighbours,AdaBoostClassifier,0.35,,,,,,,,,,,0.777,0.037,0.834,0.057,0.925,0.021,0.853,0.041,0.851
optdigits.csv,TomekLinks,EasyEnsembleClassifier,5.155,,,,,,,,,,,0.85,0.023,0.863,0.021,0.857,0.021,0.833,0.024,0.851
jungle_chess_2pcs_endgame_panther_lion_subset.csv,SMOTETomek,EasyEnsembleClassifier,5.724,,,,,,,,,,,0.749,0.039,0.839,0.061,0.932,0.021,0.859,0.041,0.851
jungle_chess_2pcs_endgame_rat_lion_subset.csv,TomekLinks,AdaBoostClassifier,0.405,,,,,,,,,,,0.808,0.072,0.796,0.064,0.924,0.028,0.861,0.053,0.851
Mobile_Price.csv,RandomOverSampler,GradientBoostingClassifier,5.057,,,,,,,,,,,0.845,0.045,0.834,0.051,0.891,0.032,0.826,0.05,0.85
jungle_chess_2pcs_endgame_panther_lion_subset.csv,SMOTETomek,AdaBoostClassifier,0.648,,,,,,,,,,,0.748,0.039,0.837,0.062,0.931,0.022,0.858,0.041,0.85
jungle_chess_2pcs_endgame_panther_lion_subset.csv,ADASYN,AdaBoostClassifier,0.577,,,,,,,,,,,0.745,0.041,0.836,0.07,0.932,0.018,0.86,0.038,0.85
jungle_chess_2pcs_endgame_panther_lion_subset.csv,SMOTETomek,RUSBoostClassifier,0.809,,,,,,,,,,,0.749,0.054,0.842,0.076,0.929,0.024,0.855,0.048,0.85
allhypo.csv,SMOTE,BaggingClassifier,0.842,,,,,,,,,,,0.787,0.053,0.861,0.053,0.962,0.01,0.753,0.056,0.85
allhypo.csv,RandomOverSampler,BalancedRandomForestClassifier,2.919,,,,,,,,,,,0.906,0.055,0.755,0.052,0.959,0.007,0.713,0.052,0.849
website_phishing.csv,EditedNearestNeighbours,BaggingClassifier,0.254,,,,,,,,,,,0.818,0.042,0.892,0.032,0.882,0.026,0.793,0.046,0.849
jungle_chess_2pcs_endgame_panther_lion_subset.csv,SMOTE,AdaBoostClassifier,0.593,,,,,,,,,,,0.744,0.039,0.838,0.07,0.929,0.024,0.853,0.045,0.848
jungle_chess_2pcs_endgame_panther_lion_subset.csv,SMOTE,EasyEnsembleClassifier,5.747,,,,,,,,,,,0.744,0.039,0.838,0.07,0.929,0.024,0.853,0.045,0.848
jungle_chess_2pcs_endgame_panther_lion_subset.csv,SMOTE,RUSBoostClassifier,0.781,,,,,,,,,,,0.744,0.039,0.838,0.07,0.929,0.024,0.853,0.045,0.848
splice.csv,EditedNearestNeighbours,EasyEnsembleClassifier,4.34,,,,,,,,,,,0.812,0.018,0.907,0.016,0.877,0.014,0.782,0.022,0.848
TESTFORDESCRIPTION-anneal.csv,EditedNearestNeighbours,AdaBoostClassifier,0.257,,,,,,,,,,,0.818,0.116,0.805,0.146,0.922,0.052,0.825,0.104,0.846
allrep.csv,TomekLinks,GradientBoostingClassifier,5.659,,,,,,,,,,,0.834,0.098,0.749,0.074,0.984,0.005,0.765,0.076,0.846
page-blocks.csv,EditedNearestNeighbours,GradientBoostingClassifier,13.701,,,,,,,,,,,0.835,0.074,0.766,0.049,0.958,0.007,0.784,0.04,0.844
Mobile_Price.csv,TomekLinks,GradientBoostingClassifier,2.932,,,,,,,,,,,0.845,0.055,0.822,0.058,0.887,0.038,0.819,0.061,0.844
page_blocks.csv,EditedNearestNeighbours,GradientBoostingClassifier,14.815,,,,,,,,,,,0.835,0.074,0.766,0.049,0.958,0.007,0.784,0.04,0.844
satimage.csv,EditedNearestNeighbours,BaggingClassifier,3.237,,,,,,,,,,,0.846,0.024,0.821,0.026,0.874,0.019,0.832,0.025,0.844
ann_thyroid.csv,EditedNearestNeighbours,GradientBoostingClassifier,6.191,,,,,,,,,,,0.936,0.04,0.739,0.046,0.946,0.012,0.649,0.065,0.843
jungle_chess_2pcs_endgame_panther_lion_subset.csv,EditedNearestNeighbours,EasyEnsembleClassifier,2.207,,,,,,,,,,,0.729,0.018,0.897,0.034,0.908,0.016,0.803,0.034,0.842
Mobile_Price.csv,SMOTE,BaggingClassifier,0.507,,,,,,,,,,,0.837,0.045,0.825,0.045,0.883,0.03,0.813,0.049,0.841
allhypo.csv,SMOTE,BalancedRandomForestClassifier,3.683,,,,,,,,,,,0.813,0.058,0.826,0.051,0.959,0.008,0.721,0.053,0.841
allhypo.csv,SMOTETomek,BalancedRandomForestClassifier,26.109,,,,,,,,,,,0.813,0.056,0.829,0.045,0.959,0.008,0.72,0.054,0.841
allhypo.csv,ADASYN,BaggingClassifier,0.853,,,,,,,,,,,0.779,0.057,0.849,0.051,0.959,0.01,0.734,0.057,0.841
allhypo.csv,ADASYN,BalancedBaggingClassifier,1.28,,,,,,,,,,,0.777,0.053,0.847,0.046,0.96,0.008,0.736,0.048,0.841
Mobile_Price.csv,ADASYN,GradientBoostingClassifier,10.626,,,,,,,,,,,0.831,0.052,0.829,0.052,0.883,0.034,0.813,0.054,0.84
shuttle.csv,EditedNearestNeighbours,BalancedRandomForestClassifier,1.202,,,,,,,,,,,0.714,0.101,0.761,0.129,0.954,0.017,0.875,0.05,0.84
website_phishing.csv,EditedNearestNeighbours,BalancedRandomForestClassifier,0.804,,,,,,,,,,,0.792,0.036,0.89,0.035,0.878,0.028,0.786,0.048,0.84
Mobile_Price.csv,SMOTETomek,BalancedBaggingClassifier,1.285,,,,,,,,,,,0.834,0.048,0.823,0.055,0.882,0.035,0.811,0.056,0.839
TESTFORDESCRIPTION-anneal.csv,ADASYN,EasyEnsembleClassifier,5.877,,,,,,,,,,,0.79,0.108,0.881,0.103,0.894,0.046,0.773,0.088,0.839
jungle_chess_2pcs_endgame_rat_lion_clean_subset.csv,SMOTETomek,EasyEnsembleClassifier,5.811,,,,,,,,,,,0.778,0.043,0.837,0.059,0.905,0.023,0.822,0.042,0.839
Mobile_Price.csv,SMOTE,BalancedBaggingClassifier,0.782,,,,,,,,,,,0.834,0.05,0.823,0.052,0.881,0.033,0.808,0.055,0.838
jungle_chess_2pcs_endgame_panther_lion_subset.csv,EditedNearestNeighbours,AdaBoostClassifier,0.392,,,,,,,,,,,0.735,0.056,0.795,0.085,0.931,0.019,0.859,0.041,0.838
ann_thyroid.csv,EditedNearestNeighbours,BalancedRandomForestClassifier,1.455,,,,,,,,,,,0.786,0.029,0.859,0.032,0.956,0.006,0.697,0.045,0.838
Fetal_cardiotocography_dataset.csv,RandomOverSampler,AdaBoostClassifier,0.915,,,,,,,,,,,0.818,0.27,0.884,0.191,0.857,0.276,0.782,0.267,0.838
Mobile_Price.csv,SMOTETomek,BaggingClassifier,0.601,,,,,,,,,,,0.835,0.046,0.823,0.046,0.881,0.031,0.81,0.051,0.838
jungle_chess_2pcs_endgame_panther_lion_subset.csv,RandomOverSampler,RUSBoostClassifier,0.72,,,,,,,,,,,0.726,0.023,0.839,0.059,0.922,0.015,0.833,0.03,0.837
jungle_chess_2pcs_endgame_panther_lion_subset.csv,RandomOverSampler,EasyEnsembleClassifier,5.113,,,,,,,,,,,0.726,0.023,0.839,0.059,0.922,0.015,0.833,0.03,0.837
jungle_chess_2pcs_endgame_rat_lion_clean_subset.csv,SMOTE,AdaBoostClassifier,0.633,,,,,,,,,,,0.778,0.045,0.834,0.056,0.903,0.023,0.82,0.043,0.837
website_phishing.csv,RandomUnderSampler,GradientBoostingClassifier,0.573,,,,,,,,,,,0.802,0.044,0.892,0.028,0.869,0.032,0.772,0.053,0.837
air-quality-and-pollution-assessment_subset.csv,EditedNearestNeighbours,RandomForestClassifier,0.892,,,,,,,,,,,0.839,0.023,0.831,0.025,0.854,0.027,0.825,0.024,0.837
jungle_chess_2pcs_endgame_panther_lion_subset.csv,RandomOverSampler,AdaBoostClassifier,0.502,,,,,,,,,,,0.726,0.023,0.839,0.059,0.922,0.015,0.833,0.03,0.837
jungle_chess_2pcs_endgame_rat_lion_clean_subset.csv,SMOTE,EasyEnsembleClassifier,5.768,,,,,,,,,,,0.778,0.045,0.834,0.056,0.903,0.023,0.82,0.043,0.837
car_subset.csv,TomekLinks,BaggingClassifier,0.364,,,,,,,,,,,0.827,0.067,0.768,0.061,0.916,0.018,0.82,0.04,0.837
jungle_chess_2pcs_endgame_rat_lion_clean_subset.csv,SMOTE,RUSBoostClassifier,0.801,,,,,,,,,,,0.778,0.045,0.834,0.056,0.903,0.023,0.82,0.043,0.837
synthetic_control.csv,EditedNearestNeighbours,BalancedBaggingClassifier,0.362,,,,,,,,,,,0.835,0.13,0.811,0.107,0.863,0.082,0.836,0.096,0.837
Mobile_Price.csv,RandomUnderSampler,GradientBoostingClassifier,1.88,,,,,,,,,,,0.824,0.042,0.839,0.044,0.876,0.032,0.799,0.05,0.836
shuttle.csv,EditedNearestNeighbours,BalancedBaggingClassifier,0.539,,,,,,,,,,,0.724,0.149,0.75,0.161,0.948,0.04,0.87,0.096,0.836
Fetal_cardiotocography_dataset.csv,RandomUnderSampler,RUSBoostClassifier,0.443,,,,,,,,,,,0.818,0.272,0.88,0.2,0.856,0.276,0.78,0.271,0.836
dermatology.csv,EditedNearestNeighbours,RUSBoostClassifier,0.326,,,,,,,,,,,0.839,0.187,0.842,0.174,0.836,0.182,0.827,0.167,0.836
car_subset.csv,ADASYN,BalancedRandomForestClassifier,1.674,,,,,,,,,,,0.827,0.076,0.768,0.083,0.913,0.022,0.814,0.047,0.835
car_subset.csv,SMOTETomek,BalancedRandomForestClassifier,1.862,,,,,,,,,,,0.826,0.078,0.763,0.089,0.913,0.024,0.815,0.05,0.834
car_subset.csv,RandomOverSampler,RandomForestClassifier,0.909,,,,,,,,,,,0.821,0.073,0.756,0.068,0.916,0.022,0.823,0.046,0.834
car_subset.csv,ADASYN,RandomForestClassifier,1.106,,,,,,,,,,,0.829,0.086,0.759,0.073,0.913,0.019,0.816,0.04,0.834
allhypo.csv,SMOTETomek,RandomForestClassifier,24.497,,,,,,,,,,,0.806,0.053,0.818,0.043,0.957,0.008,0.707,0.046,0.834
car_subset.csv,RandomOverSampler,BalancedRandomForestClassifier,1.535,,,,,,,,,,,0.82,0.087,0.761,0.072,0.916,0.02,0.822,0.043,0.834
air-quality-and-pollution-assessment_subset.csv,EditedNearestNeighbours,BaggingClassifier,0.405,,,,,,,,,,,0.821,0.025,0.83,0.026,0.859,0.023,0.82,0.026,0.833
jungle_chess_2pcs_endgame_rat_lion_clean_subset.csv,ADASYN,EasyEnsembleClassifier,5.427,,,,,,,,,,,0.774,0.04,0.835,0.057,0.899,0.022,0.813,0.04,0.833
website_phishing.csv,EditedNearestNeighbours,BalancedBaggingClassifier,0.297,,,,,,,,,,,0.784,0.035,0.891,0.028,0.869,0.029,0.771,0.05,0.833
allhypo.csv,SMOTE,RandomForestClassifier,2.259,,,,,,,,,,,0.804,0.054,0.817,0.049,0.957,0.008,0.705,0.055,0.833
jungle_chess_2pcs_endgame_rat_lion_clean_subset.csv,SMOTETomek,AdaBoostClassifier,0.628,,,,,,,,,,,0.771,0.042,0.832,0.06,0.899,0.024,0.811,0.045,0.832
car_subset.csv,SMOTE,BalancedRandomForestClassifier,1.544,,,,,,,,,,,0.824,0.076,0.759,0.082,0.912,0.023,0.813,0.048,0.832
Mobile_Price.csv,RandomOverSampler,BalancedBaggingClassifier,0.688,,,,,,,,,,,0.828,0.052,0.813,0.054,0.878,0.032,0.805,0.052,0.832
page-blocks.csv,TomekLinks,BalancedRandomForestClassifier,1.165,,,,,,,,,,,0.619,0.041,0.944,0.022,0.93,0.008,0.703,0.025,0.831
jungle_chess_2pcs_endgame_rat_lion_clean_subset.csv,SMOTETomek,RUSBoostClassifier,0.818,,,,,,,,,,,0.77,0.044,0.83,0.06,0.899,0.024,0.811,0.045,0.831
page_blocks.csv,TomekLinks,BalancedRandomForestClassifier,1.321,,,,,,,,,,,0.619,0.041,0.944,0.022,0.93,0.008,0.703,0.025,0.831
allhypo.csv,ADASYN,BalancedRandomForestClassifier,3.639,,,,,,,,,,,0.793,0.054,0.824,0.04,0.956,0.007,0.701,0.043,0.831
Mobile_Price.csv,TomekLinks,BalancedRandomForestClassifier,0.949,,,,,,,,,,,0.829,0.052,0.811,0.054,0.876,0.035,0.803,0.056,0.831
dermatology.csv,TomekLinks,RUSBoostClassifier,0.338,,,,,,,,,,,0.83,0.151,0.835,0.127,0.833,0.135,0.82,0.137,0.83
ann_thyroid.csv,EditedNearestNeighbours,BaggingClassifier,0.785,,,,,,,,,,,0.931,0.049,0.711,0.027,0.939,0.007,0.608,0.044,0.83
car_subset.csv,SMOTETomek,RandomForestClassifier,1.352,,,,,,,,,,,0.824,0.096,0.753,0.095,0.912,0.027,0.812,0.056,0.83
allhyper.csv,ADASYN,GradientBoostingClassifier,18.064,,,,,,,,,,,0.698,0.137,0.795,0.169,0.987,0.004,0.77,0.072,0.83
jungle_chess_2pcs_endgame_rat_lion_subset.csv,TomekLinks,EasyEnsembleClassifier,2.307,,,,,,,,,,,0.746,0.023,0.873,0.044,0.894,0.02,0.786,0.039,0.83
car_subset.csv,RandomOverSampler,BaggingClassifier,0.369,,,,,,,,,,,0.813,0.064,0.794,0.063,0.904,0.021,0.79,0.045,0.829
jungle_chess_2pcs_endgame_rat_lion_clean_subset.csv,ADASYN,RUSBoostClassifier,0.76,,,,,,,,,,,0.768,0.035,0.831,0.052,0.896,0.024,0.807,0.044,0.829
Mobile_Price.csv,ADASYN,BaggingClassifier,0.547,,,,,,,,,,,0.822,0.052,0.818,0.051,0.874,0.033,0.797,0.055,0.829
car_subset.csv,RandomOverSampler,BalancedBaggingClassifier,0.379,,,,,,,,,,,0.812,0.066,0.791,0.06,0.906,0.021,0.795,0.046,0.829
car_subset.csv,SMOTE,RandomForestClassifier,1.171,,,,,,,,,,,0.823,0.095,0.75,0.092,0.911,0.027,0.811,0.056,0.829
Mobile_Price.csv,RandomOverSampler,BaggingClassifier,0.402,,,,,,,,,,,0.823,0.037,0.81,0.041,0.875,0.025,0.8,0.04,0.828
website_phishing.csv,RandomUnderSampler,RandomForestClassifier,0.545,,,,,,,,,,,0.785,0.038,0.882,0.028,0.863,0.03,0.761,0.049,0.827
page_blocks.csv,TomekLinks,EasyEnsembleClassifier,2.702,,,,,,,,,,,0.674,0.053,0.909,0.034,0.935,0.014,0.7,0.051,0.827
page-blocks.csv,TomekLinks,EasyEnsembleClassifier,2.404,,,,,,,,,,,0.674,0.053,0.909,0.034,0.935,0.014,0.7,0.051,0.827
TESTFORDESCRIPTION-anneal.csv,ADASYN,AdaBoostClassifier,0.595,,,,,,,,,,,0.766,0.136,0.853,0.13,0.896,0.054,0.776,0.11,0.827
allhyper.csv,SMOTETomek,GradientBoostingClassifier,57.91,,,,,,,,,,,0.685,0.14,0.786,0.167,0.987,0.004,0.769,0.077,0.826
TESTFORDESCRIPTION-anneal.csv,SMOTETomek,AdaBoostClassifier,0.744,,,,,,,,,,,0.764,0.113,0.846,0.105,0.896,0.052,0.782,0.083,0.826
football-player-position_subset.csv,SMOTE,GradientBoostingClassifier,6.522,,,,,,,,,,,0.85,0.031,0.854,0.031,0.833,0.035,0.756,0.05,0.826
car_subset.csv,SMOTE,BaggingClassifier,0.351,,,,,,,,,,,0.824,0.066,0.778,0.07,0.902,0.024,0.787,0.051,0.826
allhyper.csv,SMOTE,GradientBoostingClassifier,18.549,,,,,,,,,,,0.685,0.14,0.786,0.167,0.987,0.004,0.771,0.077,0.826
website_phishing.csv,RandomUnderSampler,BalancedRandomForestClassifier,0.742,,,,,,,,,,,0.783,0.041,0.881,0.028,0.862,0.03,0.76,0.049,0.826
car_subset.csv,SMOTETomek,BaggingClassifier,0.606,,,,,,,,,,,0.823,0.066,0.777,0.069,0.901,0.024,0.785,0.051,0.825
allhypo.csv,ADASYN,RandomForestClassifier,2.697,,,,,,,,,,,0.792,0.058,0.811,0.051,0.954,0.008,0.689,0.055,0.825
jungle_chess_2pcs_endgame_rat_lion_clean_subset.csv,TomekLinks,AdaBoostClassifier,0.41,,,,,,,,,,,0.783,0.068,0.762,0.06,0.905,0.026,0.832,0.046,0.825
football-player-position_subset.csv,SMOTETomek,RandomForestClassifier,1.337,,,,,,,,,,,0.848,0.027,0.854,0.024,0.831,0.027,0.754,0.04,0.824
segment.csv,SMOTETomek,EasyEnsembleClassifier,16.764,,,,,,,,,,,0.806,0.095,0.812,0.069,0.846,0.066,0.831,0.061,0.824
football-player-position_subset.csv,ADASYN,BalancedRandomForestClassifier,1.843,,,,,,,,,,,0.846,0.025,0.856,0.027,0.83,0.026,0.754,0.038,0.824
football-player-position_subset.csv,ADASYN,RandomForestClassifier,1.349,,,,,,,,,,,0.846,0.027,0.855,0.026,0.83,0.027,0.754,0.039,0.824
football-player-position_subset.csv,SMOTE,BalancedRandomForestClassifier,1.854,,,,,,,,,,,0.849,0.025,0.852,0.026,0.831,0.027,0.753,0.039,0.824
Mobile_Price.csv,ADASYN,BalancedBaggingClassifier,0.707,,,,,,,,,,,0.813,0.052,0.814,0.052,0.87,0.032,0.791,0.054,0.823
jungle_chess_2pcs_endgame_rat_lion_subset.csv,EditedNearestNeighbours,EasyEnsembleClassifier,2.362,,,,,,,,,,,0.74,0.017,0.866,0.039,0.888,0.02,0.775,0.036,0.823
agriculture_dataset_karnataka_clean_subset.csv,ADASYN,GradientBoostingClassifier,5.712,,,,,,,,,,,0.857,0.038,0.819,0.047,0.853,0.036,0.753,0.06,0.823
Mobile_Price.csv,RandomUnderSampler,RandomForestClassifier,0.674,,,,,,,,,,,0.809,0.049,0.82,0.048,0.868,0.035,0.788,0.056,0.823
Mobile_Price.csv,RandomUnderSampler,BaggingClassifier,0.277,,,,,,,,,,,0.813,0.051,0.823,0.053,0.867,0.034,0.785,0.055,0.823
Mobile_Price.csv,RandomUnderSampler,BalancedBaggingClassifier,0.329,,,,,,,,,,,0.81,0.049,0.825,0.053,0.867,0.034,0.786,0.055,0.823
football-player-position_subset.csv,SMOTETomek,BalancedRandomForestClassifier,1.863,,,,,,,,,,,0.848,0.026,0.852,0.026,0.83,0.028,0.752,0.04,0.823
agriculture_dataset_karnataka_clean_subset.csv,SMOTE,GradientBoostingClassifier,5.534,,,,,,,,,,,0.859,0.037,0.817,0.047,0.85,0.037,0.749,0.062,0.822
Success-Rates-2_clean_subset.csv,TomekLinks,AdaBoostClassifier,5.003,,,,,,,,,,,0.763,0.162,0.738,0.173,0.908,0.048,0.85,0.077,0.822
football-player-position_subset.csv,SMOTE,RandomForestClassifier,1.311,,,,,,,,,,,0.848,0.026,0.851,0.028,0.829,0.028,0.751,0.04,0.822
car_subset.csv,RandomUnderSampler,GradientBoostingClassifier,0.646,,,,,,,,,,,0.746,0.067,0.897,0.042,0.872,0.032,0.744,0.057,0.822
Mobile_Price.csv,TomekLinks,BaggingClassifier,0.307,,,,,,,,,,,0.826,0.048,0.798,0.045,0.869,0.031,0.791,0.05,0.822
allhyper.csv,RandomOverSampler,GradientBoostingClassifier,13.454,,,,,,,,,,,0.679,0.145,0.749,0.172,0.988,0.004,0.786,0.077,0.821
TESTFORDESCRIPTION-anneal.csv,ADASYN,RUSBoostClassifier,0.824,,,,,,,,,,,0.77,0.128,0.843,0.124,0.892,0.041,0.761,0.083,0.821
football-player-position_subset.csv,ADASYN,GradientBoostingClassifier,6.448,,,,,,,,,,,0.842,0.033,0.851,0.028,0.828,0.032,0.751,0.045,0.82
football-player-position_subset.csv,RandomOverSampler,BalancedRandomForestClassifier,1.705,,,,,,,,,,,0.849,0.026,0.845,0.031,0.828,0.029,0.748,0.042,0.82
allrep.csv,SMOTETomek,GradientBoostingClassifier,21.631,,,,,,,,,,,0.693,0.085,0.827,0.083,0.977,0.007,0.7,0.081,0.82
website_phishing.csv,RandomUnderSampler,BaggingClassifier,0.234,,,,,,,,,,,0.782,0.047,0.88,0.032,0.853,0.035,0.746,0.059,0.82
Mobile_Price.csv,EditedNearestNeighbours,GradientBoostingClassifier,2.587,,,,,,,,,,,0.826,0.048,0.792,0.048,0.866,0.028,0.791,0.044,0.82
jungle_chess_2pcs_endgame_rat_lion_clean_subset.csv,EditedNearestNeighbours,EasyEnsembleClassifier,2.296,,,,,,,,,,,0.754,0.025,0.861,0.043,0.876,0.024,0.764,0.044,0.819
car_subset.csv,ADASYN,BaggingClassifier,0.423,,,,,,,,,,,0.808,0.074,0.777,0.066,0.898,0.025,0.78,0.054,0.819
jungle_chess_2pcs_endgame_rat_lion_clean_subset.csv,ADASYN,AdaBoostClassifier,0.567,,,,,,,,,,,0.758,0.042,0.813,0.062,0.891,0.025,0.798,0.044,0.819
allhypo.csv,RandomUnderSampler,GradientBoostingClassifier,0.807,,,,,,,,,,,0.672,0.051,0.917,0.033,0.929,0.02,0.648,0.066,0.819
agriculture_dataset_karnataka_clean_subset.csv,SMOTETomek,GradientBoostingClassifier,4.886,,,,,,,,,,,0.854,0.04,0.816,0.044,0.848,0.036,0.746,0.061,0.819
page_blocks.csv,TomekLinks,BalancedBaggingClassifier,0.487,,,,,,,,,,,0.61,0.051,0.922,0.031,0.927,0.01,0.684,0.038,0.818
football-player-position_subset.csv,RandomOverSampler,RandomForestClassifier,1.221,,,,,,,,,,,0.847,0.025,0.843,0.03,0.827,0.027,0.746,0.039,0.818
TESTFORDESCRIPTION-anneal.csv,TomekLinks,BalancedBaggingClassifier,0.287,,,,,,,,,,,0.711,0.072,0.875,0.096,0.893,0.043,0.753,0.071,0.818
football-player-position_subset.csv,SMOTETomek,GradientBoostingClassifier,6.341,,,,,,,,,,,0.842,0.027,0.85,0.025,0.825,0.031,0.746,0.043,0.818
page-blocks.csv,TomekLinks,BalancedBaggingClassifier,0.458,,,,,,,,,,,0.61,0.051,0.922,0.031,0.927,0.01,0.684,0.038,0.818
Success-Rates-2_clean_subset.csv,TomekLinks,RandomForestClassifier,1.783,,,,,,,,,,,0.685,0.104,0.607,0.077,0.938,0.016,0.912,0.023,0.818
football-player-position_subset.csv,RandomOverSampler,GradientBoostingClassifier,5.135,,,,,,,,,,,0.842,0.026,0.845,0.029,0.827,0.028,0.748,0.042,0.818
allrep.csv,SMOTE,GradientBoostingClassifier,21.284,,,,,,,,,,,0.69,0.088,0.824,0.081,0.977,0.006,0.694,0.077,0.818
Mobile_Price.csv,TomekLinks,BalancedBaggingClassifier,0.357,,,,,,,,,,,0.808,0.047,0.804,0.051,0.866,0.033,0.784,0.052,0.817
website_phishing.csv,RandomUnderSampler,BalancedBaggingClassifier,0.262,,,,,,,,,,,0.777,0.046,0.876,0.032,0.852,0.037,0.745,0.061,0.817
car_subset.csv,ADASYN,BalancedBaggingClassifier,0.489,,,,,,,,,,,0.803,0.076,0.778,0.07,0.897,0.025,0.776,0.053,0.817
jungle_chess_2pcs_endgame_rat_lion_clean_subset.csv,TomekLinks,EasyEnsembleClassifier,2.31,,,,,,,,,,,0.75,0.028,0.854,0.049,0.877,0.023,0.768,0.043,0.817
football-player-position_subset.csv,TomekLinks,RandomForestClassifier,0.923,,,,,,,,,,,0.86,0.025,0.826,0.027,0.824,0.025,0.744,0.037,0.816
page-blocks.csv,EditedNearestNeighbours,BalancedRandomForestClassifier,1.393,,,,,,,,,,,0.637,0.049,0.878,0.044,0.939,0.011,0.715,0.045,0.816
page_blocks.csv,EditedNearestNeighbours,BalancedRandomForestClassifier,1.385,,,,,,,,,,,0.637,0.049,0.878,0.044,0.939,0.011,0.715,0.045,0.816
pageblocks.csv,TomekLinks,BaggingClassifier,0.291,,,,,,,,,,,0.728,0.135,0.74,0.153,0.955,0.021,0.79,0.104,0.816
page_blocks.csv,RandomOverSampler,EasyEnsembleClassifier,18.1,,,,,,,,,,,0.652,0.042,0.872,0.035,0.939,0.01,0.709,0.033,0.815
football-player-position_subset.csv,TomekLinks,GradientBoostingClassifier,3.064,,,,,,,,,,,0.851,0.025,0.831,0.029,0.824,0.027,0.742,0.04,0.815
car_subset.csv,SMOTETomek,BalancedBaggingClassifier,0.745,,,,,,,,,,,0.806,0.068,0.766,0.079,0.896,0.025,0.775,0.054,0.815
Mobile_Price.csv,RandomUnderSampler,BalancedRandomForestClassifier,0.92,,,,,,,,,,,0.802,0.054,0.809,0.05,0.863,0.037,0.779,0.06,0.815
page-blocks.csv,RandomOverSampler,EasyEnsembleClassifier,18.054,,,,,,,,,,,0.652,0.042,0.872,0.035,0.939,0.01,0.709,0.033,0.815
page_blocks.csv,RandomOverSampler,AdaBoostClassifier,1.91,,,,,,,,,,,0.652,0.042,0.872,0.035,0.939,0.01,0.709,0.033,0.815
page-blocks.csv,SMOTETomek,EasyEnsembleClassifier,30.977,,,,,,,,,,,0.649,0.054,0.887,0.038,0.933,0.014,0.694,0.052,0.815
page-blocks.csv,RandomOverSampler,RUSBoostClassifier,2.586,,,,,,,,,,,0.652,0.042,0.872,0.035,0.939,0.01,0.709,0.033,0.815
page_blocks.csv,RandomOverSampler,RUSBoostClassifier,2.572,,,,,,,,,,,0.652,0.042,0.872,0.035,0.939,0.01,0.709,0.033,0.815
car_subset.csv,SMOTE,BalancedBaggingClassifier,0.473,,,,,,,,,,,0.807,0.068,0.767,0.079,0.896,0.025,0.775,0.054,0.815
page-blocks.csv,RandomOverSampler,AdaBoostClassifier,1.896,,,,,,,,,,,0.652,0.042,0.872,0.035,0.939,0.01,0.709,0.033,0.815
football-player-position_subset.csv,TomekLinks,BalancedRandomForestClassifier,1.067,,,,,,,,,,,0.835,0.022,0.851,0.028,0.82,0.026,0.739,0.039,0.814
segment.csv,SMOTE,EasyEnsembleClassifier,7.898,,,,,,,,,,,0.796,0.092,0.8,0.07,0.835,0.068,0.821,0.062,0.813
allrep.csv,RandomOverSampler,BaggingClassifier,0.7,,,,,,,,,,,0.758,0.112,0.716,0.094,0.981,0.007,0.718,0.103,0.812
vowel.csv,ADASYN,RandomForestClassifier,1.071,,,,,,,,,,,0.815,0.1,0.793,0.088,0.825,0.077,0.815,0.079,0.812
jungle_chess_2pcs_endgame_rat_lion_clean_subset.csv,RandomOverSampler,EasyEnsembleClassifier,4.836,,,,,,,,,,,0.747,0.03,0.827,0.048,0.881,0.023,0.776,0.042,0.812
jungle_chess_2pcs_endgame_rat_lion_clean_subset.csv,RandomOverSampler,RUSBoostClassifier,0.642,,,,,,,,,,,0.747,0.03,0.827,0.048,0.881,0.023,0.776,0.042,0.812
allrep.csv,ADASYN,GradientBoostingClassifier,19.962,,,,,,,,,,,0.679,0.092,0.81,0.091,0.977,0.006,0.687,0.076,0.812
page-blocks.csv,SMOTETomek,AdaBoostClassifier,3.619,,,,,,,,,,,0.646,0.055,0.889,0.041,0.93,0.016,0.685,0.055,0.812
jungle_chess_2pcs_endgame_rat_lion_clean_subset.csv,RandomOverSampler,AdaBoostClassifier,0.436,,,,,,,,,,,0.747,0.03,0.827,0.048,0.881,0.023,0.776,0.042,0.812
shuttle.csv,TomekLinks,BalancedBaggingClassifier,0.374,,,,,,,,,,,0.727,0.133,0.775,0.144,0.92,0.041,0.794,0.097,0.812
allhypo.csv,TomekLinks,RandomForestClassifier,3.213,,,,,,,,,,,0.932,0.056,0.625,0.051,0.935,0.011,0.562,0.074,0.812
allbp.csv,RandomOverSampler,GradientBoostingClassifier,8.287,,,,,,,,,,,0.692,0.145,0.819,0.155,0.969,0.008,0.684,0.081,0.812
Mobile_Price.csv,RandomOverSampler,RandomForestClassifier,1.035,,,,,,,,,,,0.824,0.055,0.774,0.049,0.858,0.033,0.781,0.049,0.811
Success-Rates-2_clean_subset.csv,EditedNearestNeighbours,GradientBoostingClassifier,28.833,,,,,,,,,,,0.606,0.091,0.619,0.088,0.938,0.017,0.916,0.023,0.811
allrep.csv,TomekLinks,BaggingClassifier,0.44,,,,,,,,,,,0.803,0.097,0.681,0.072,0.979,0.004,0.688,0.061,0.811
Mobile_Price.csv,RandomOverSampler,BalancedRandomForestClassifier,3.009,,,,,,,,,,,0.824,0.056,0.772,0.055,0.857,0.036,0.78,0.055,0.81
page_blocks.csv,SMOTE,EasyEnsembleClassifier,38.602,,,,,,,,,,,0.631,0.051,0.886,0.035,0.929,0.021,0.686,0.059,0.809
page_blocks.csv,ADASYN,EasyEnsembleClassifier,42.595,,,,,,,,,,,0.604,0.043,0.885,0.033,0.932,0.011,0.695,0.036,0.809
segment.csv,RandomUnderSampler,EasyEnsembleClassifier,3.489,,,,,,,,,,,0.791,0.098,0.8,0.09,0.833,0.078,0.811,0.085,0.809
page_blocks.csv,EditedNearestNeighbours,AdaBoostClassifier,1.201,,,,,,,,,,,0.833,0.1,0.665,0.095,0.945,0.015,0.716,0.077,0.809
page_blocks.csv,SMOTE,AdaBoostClassifier,4.082,,,,,,,,,,,0.631,0.051,0.886,0.035,0.929,0.021,0.686,0.059,0.809
page_blocks.csv,SMOTETomek,EasyEnsembleClassifier,38.205,,,,,,,,,,,0.638,0.051,0.877,0.043,0.933,0.014,0.691,0.051,0.809
allhyper.csv,RandomOverSampler,BaggingClassifier,0.677,,,,,,,,,,,0.66,0.134,0.728,0.16,0.987,0.004,0.766,0.078,0.809
page_blocks.csv,SMOTE,RUSBoostClassifier,4.786,,,,,,,,,,,0.631,0.051,0.886,0.035,0.929,0.021,0.686,0.059,0.809
page_blocks.csv,SMOTETomek,RUSBoostClassifier,5.173,,,,,,,,,,,0.636,0.061,0.881,0.04,0.93,0.022,0.686,0.066,0.809
page-blocks.csv,EditedNearestNeighbours,AdaBoostClassifier,1.007,,,,,,,,,,,0.833,0.1,0.665,0.095,0.945,0.015,0.716,0.077,0.809
page-blocks.csv,ADASYN,EasyEnsembleClassifier,32.471,,,,,,,,,,,0.602,0.043,0.887,0.034,0.931,0.009,0.691,0.035,0.808
page_blocks.csv,SMOTETomek,AdaBoostClassifier,4.636,,,,,,,,,,,0.636,0.052,0.878,0.039,0.931,0.013,0.686,0.049,0.808
allhyper.csv,SMOTETomek,BalancedRandomForestClassifier,60.358,,,,,,,,,,,0.673,0.167,0.695,0.204,0.988,0.004,0.778,0.075,0.808
TESTFORDESCRIPTION-anneal.csv,TomekLinks,BalancedRandomForestClassifier,0.92,,,,,,,,,,,0.68,0.048,0.893,0.088,0.875,0.027,0.729,0.046,0.808
allhyper.csv,SMOTE,BalancedRandomForestClassifier,4.191,,,,,,,,,,,0.67,0.167,0.696,0.204,0.988,0.004,0.779,0.074,0.808
football-player-position_subset.csv,RandomUnderSampler,BalancedRandomForestClassifier,1.068,,,,,,,,,,,0.824,0.031,0.853,0.034,0.811,0.034,0.733,0.05,0.808
page-blocks.csv,SMOTETomek,RUSBoostClassifier,4.325,,,,,,,,,,,0.639,0.059,0.883,0.043,0.928,0.021,0.679,0.067,0.808
page-blocks.csv,SMOTE,RUSBoostClassifier,4.012,,,,,,,,,,,0.637,0.052,0.882,0.045,0.928,0.018,0.676,0.068,0.807
waveform.csv,SMOTETomek,RandomForestClassifier,0.878,,,,,,,,,,,0.829,0.066,0.801,0.062,0.859,0.043,0.724,0.085,0.807
waveform.csv,SMOTE,RandomForestClassifier,0.881,,,,,,,,,,,0.827,0.07,0.801,0.062,0.859,0.046,0.724,0.091,0.807
page-blocks.csv,SMOTE,EasyEnsembleClassifier,30.91,,,,,,,,,,,0.637,0.052,0.882,0.045,0.928,0.018,0.676,0.068,0.807
page-blocks.csv,SMOTE,AdaBoostClassifier,3.246,,,,,,,,,,,0.637,0.052,0.882,0.045,0.928,0.018,0.676,0.068,0.807
jungle_chess_2pcs_endgame_rat_lion_subset.csv,ADASYN,EasyEnsembleClassifier,5.481,,,,,,,,,,,0.733,0.038,0.804,0.051,0.888,0.023,0.785,0.044,0.807
page-blocks.csv,RandomUnderSampler,RandomForestClassifier,0.578,,,,,,,,,,,0.578,0.045,0.929,0.024,0.911,0.014,0.647,0.039,0.807
allrep.csv,RandomOverSampler,BalancedBaggingClassifier,0.997,,,,,,,,,,,0.749,0.123,0.705,0.096,0.981,0.007,0.711,0.102,0.807
page_blocks.csv,RandomUnderSampler,RandomForestClassifier,0.7,,,,,,,,,,,0.578,0.045,0.929,0.024,0.911,0.014,0.647,0.039,0.807
page_blocks.csv,RandomUnderSampler,BalancedRandomForestClassifier,0.874,,,,,,,,,,,0.582,0.043,0.925,0.026,0.912,0.014,0.645,0.038,0.806
jungle_chess_2pcs_endgame_rat_lion_subset.csv,SMOTETomek,EasyEnsembleClassifier,5.869,,,,,,,,,,,0.73,0.033,0.794,0.052,0.89,0.023,0.787,0.044,0.806
Mobile_Price.csv,SMOTE,BalancedRandomForestClassifier,1.975,,,,,,,,,,,0.819,0.062,0.77,0.062,0.854,0.039,0.775,0.061,0.806
page-blocks.csv,RandomUnderSampler,BalancedRandomForestClassifier,0.801,,,,,,,,,,,0.582,0.043,0.925,0.026,0.912,0.014,0.645,0.038,0.806
jungle_chess_2pcs_endgame_rat_lion_subset.csv,SMOTE,EasyEnsembleClassifier,5.687,,,,,,,,,,,0.73,0.038,0.796,0.053,0.889,0.028,0.785,0.052,0.805
jungle_chess_2pcs_endgame_rat_lion_subset.csv,SMOTE,AdaBoostClassifier,0.575,,,,,,,,,,,0.73,0.038,0.796,0.053,0.889,0.028,0.785,0.052,0.805
jungle_chess_2pcs_endgame_rat_lion_subset.csv,SMOTE,RUSBoostClassifier,0.768,,,,,,,,,,,0.73,0.038,0.796,0.053,0.889,0.028,0.785,0.052,0.805
jungle_chess_2pcs_endgame_rat_lion_subset.csv,SMOTETomek,AdaBoostClassifier,0.647,,,,,,,,,,,0.729,0.033,0.799,0.048,0.888,0.028,0.783,0.05,0.805
jungle_chess_2pcs_endgame_rat_lion_subset.csv,ADASYN,AdaBoostClassifier,0.578,,,,,,,,,,,0.729,0.04,0.802,0.054,0.886,0.028,0.781,0.053,0.805
waveform.csv,TomekLinks,RandomForestClassifier,0.665,,,,,,,,,,,0.872,0.077,0.75,0.089,0.853,0.058,0.718,0.115,0.805
waveform.csv,RandomOverSampler,RandomForestClassifier,0.936,,,,,,,,,,,0.844,0.096,0.777,0.098,0.856,0.067,0.718,0.134,0.804
football-player-position_subset.csv,RandomUnderSampler,RandomForestClassifier,0.671,,,,,,,,,,,0.822,0.029,0.85,0.031,0.806,0.032,0.726,0.045,0.804
ecoli.csv,TomekLinks,RandomForestClassifier,0.61,,,,,,,,,,,0.785,0.128,0.762,0.12,0.849,0.068,0.812,0.084,0.804
football-player-position_subset.csv,SMOTETomek,BaggingClassifier,0.517,,,,,,,,,,,0.826,0.033,0.841,0.035,0.809,0.037,0.725,0.053,0.803
football-player-position_subset.csv,SMOTETomek,BalancedBaggingClassifier,0.639,,,,,,,,,,,0.828,0.029,0.839,0.031,0.809,0.031,0.725,0.045,0.803
Toronto-Apartment-Rental-Price.csv,SMOTETomek,BalancedRandomForestClassifier,4.498,,,,,,,,,,,0.8,0.166,0.686,0.074,0.896,0.03,0.793,0.061,0.803
vowel.csv,SMOTETomek,BalancedRandomForestClassifier,1.557,,,,,,,,,,,0.806,0.098,0.784,0.084,0.814,0.072,0.806,0.075,0.803
vowel.csv,SMOTE,BalancedRandomForestClassifier,1.612,,,,,,,,,,,0.806,0.098,0.784,0.084,0.814,0.072,0.806,0.075,0.803
waveform.csv,RandomOverSampler,GradientBoostingClassifier,3.067,,,,,,,,,,,0.827,0.08,0.797,0.089,0.855,0.057,0.718,0.112,0.803
allhyper.csv,RandomOverSampler,BalancedBaggingClassifier,1.121,,,,,,,,,,,0.641,0.137,0.713,0.175,0.987,0.005,0.763,0.088,0.803
page_blocks.csv,ADASYN,RUSBoostClassifier,5.704,,,,,,,,,,,0.597,0.047,0.889,0.021,0.925,0.012,0.67,0.037,0.803
waveform.csv,SMOTE,BalancedRandomForestClassifier,1.248,,,,,,,,,,,0.822,0.077,0.799,0.076,0.855,0.053,0.717,0.105,0.802
jungle_chess_2pcs_endgame_rat_lion_subset.csv,RandomOverSampler,AdaBoostClassifier,0.466,,,,,,,,,,,0.721,0.028,0.811,0.056,0.884,0.023,0.77,0.042,0.802
allhyper.csv,ADASYN,BalancedRandomForestClassifier,4.052,,,,,,,,,,,0.666,0.157,0.684,0.188,0.987,0.004,0.767,0.071,0.802
jungle_chess_2pcs_endgame_rat_lion_subset.csv,RandomOverSampler,RUSBoostClassifier,0.808,,,,,,,,,,,0.721,0.028,0.811,0.056,0.884,0.023,0.77,0.042,0.802
football-player-position_subset.csv,RandomOverSampler,BalancedBaggingClassifier,0.546,,,,,,,,,,,0.826,0.028,0.835,0.029,0.81,0.029,0.724,0.042,0.802
jungle_chess_2pcs_endgame_rat_lion_subset.csv,RandomOverSampler,EasyEnsembleClassifier,4.992,,,,,,,,,,,0.721,0.028,0.811,0.056,0.884,0.023,0.77,0.042,0.802
Mobile_Price.csv,SMOTETomek,RandomForestClassifier,1.627,,,,,,,,,,,0.816,0.044,0.763,0.045,0.848,0.03,0.767,0.044,0.801
waveform.csv,SMOTETomek,BalancedRandomForestClassifier,1.307,,,,,,,,,,,0.819,0.08,0.797,0.073,0.854,0.051,0.716,0.102,0.801
Toronto-Apartment-Rental-Price.csv,SMOTETomek,RandomForestClassifier,2.631,,,,,,,,,,,0.799,0.165,0.683,0.074,0.895,0.032,0.789,0.067,0.801
waveform.csv,RandomOverSampler,BalancedRandomForestClassifier,1.184,,,,,,,,,,,0.835,0.084,0.78,0.082,0.854,0.052,0.716,0.103,0.801
TESTFORDESCRIPTION-anneal.csv,TomekLinks,EasyEnsembleClassifier,1.974,,,,,,,,,,,0.707,0.065,0.864,0.099,0.877,0.043,0.716,0.066,0.801
page_blocks.csv,ADASYN,AdaBoostClassifier,4.369,,,,,,,,,,,0.593,0.048,0.878,0.039,0.928,0.014,0.678,0.042,0.801
ecoli.csv,EditedNearestNeighbours,RandomForestClassifier,0.991,,,,,,,,,,,0.786,0.144,0.752,0.117,0.846,0.064,0.813,0.074,0.801
car_subset.csv,TomekLinks,RandomForestClassifier,0.851,,,,,,,,,,,0.809,0.096,0.698,0.081,0.892,0.024,0.773,0.051,0.801
allhyper.csv,SMOTETomek,BaggingClassifier,50.154,,,,,,,,,,,0.626,0.152,0.736,0.188,0.985,0.005,0.743,0.1,0.801
page-blocks.csv,ADASYN,RUSBoostClassifier,4.357,,,,,,,,,,,0.597,0.05,0.879,0.034,0.927,0.013,0.678,0.042,0.801
TESTFORDESCRIPTION-anneal.csv,EditedNearestNeighbours,BalancedBaggingClassifier,0.292,,,,,,,,,,,0.687,0.097,0.874,0.099,0.872,0.058,0.727,0.086,0.801
jungle_chess_2pcs_endgame_rat_lion_subset.csv,SMOTETomek,RUSBoostClassifier,0.817,,,,,,,,,,,0.727,0.034,0.794,0.046,0.885,0.027,0.777,0.048,0.801
dgf_96f4164d-956d-4c1c-b161-68724eb0ccdc_clean.csv,TomekLinks,BalancedBaggingClassifier,0.54,,,,,,,,,,,0.807,0.056,0.818,0.054,0.796,0.053,0.782,0.056,0.801
Success-Rates-2_clean_subset.csv,EditedNearestNeighbours,BaggingClassifier,1.407,,,,,,,,,,,0.631,0.112,0.569,0.109,0.927,0.02,0.903,0.026,0.8
Mobile_Price.csv,EditedNearestNeighbours,BaggingClassifier,0.345,,,,,,,,,,,0.804,0.055,0.77,0.061,0.851,0.035,0.767,0.056,0.8
allhyper.csv,SMOTE,BaggingClassifier,0.95,,,,,,,,,,,0.628,0.153,0.735,0.189,0.985,0.006,0.74,0.104,0.8
TESTFORDESCRIPTION-anneal.csv,EditedNearestNeighbours,BalancedRandomForestClassifier,0.959,,,,,,,,,,,0.674,0.047,0.878,0.099,0.875,0.025,0.721,0.045,0.8
Toronto-Apartment-Rental-Price.csv,ADASYN,BalancedRandomForestClassifier,4.176,,,,,,,,,,,0.799,0.166,0.682,0.074,0.894,0.031,0.789,0.064,0.8
Mobile_Price.csv,ADASYN,RandomForestClassifier,1.458,,,,,,,,,,,0.813,0.057,0.763,0.054,0.849,0.034,0.767,0.052,0.8
football-player-position_subset.csv,RandomOverSampler,BaggingClassifier,0.39,,,,,,,,,,,0.825,0.025,0.83,0.026,0.808,0.027,0.721,0.039,0.799
page-blocks.csv,RandomUnderSampler,BaggingClassifier,0.254,,,,,,,,,,,0.578,0.056,0.917,0.033,0.907,0.019,0.635,0.052,0.799
Toronto-Apartment-Rental-Price.csv,SMOTE,BalancedRandomForestClassifier,4.253,,,,,,,,,,,0.798,0.165,0.679,0.072,0.893,0.031,0.787,0.063,0.799
allhyper.csv,ADASYN,BaggingClassifier,0.967,,,,,,,,,,,0.638,0.143,0.735,0.18,0.985,0.005,0.732,0.095,0.799
allhyper.csv,ADASYN,RandomForestClassifier,2.529,,,,,,,,,,,0.651,0.165,0.678,0.201,0.987,0.003,0.766,0.067,0.799
Toronto-Apartment-Rental-Price.csv,ADASYN,RandomForestClassifier,2.343,,,,,,,,,,,0.796,0.164,0.683,0.073,0.894,0.031,0.789,0.063,0.799
page_blocks.csv,RandomUnderSampler,BaggingClassifier,0.283,,,,,,,,,,,0.578,0.056,0.917,0.033,0.907,0.019,0.635,0.052,0.799
allhyper.csv,SMOTETomek,RandomForestClassifier,56.747,,,,,,,,,,,0.653,0.146,0.675,0.193,0.987,0.004,0.762,0.074,0.798
ann_thyroid.csv,EditedNearestNeighbours,RandomForestClassifier,1.435,,,,,,,,,,,0.883,0.129,0.671,0.017,0.927,0.004,0.55,0.025,0.798
allhyper.csv,SMOTE,BalancedBaggingClassifier,1.384,,,,,,,,,,,0.626,0.156,0.729,0.198,0.985,0.005,0.739,0.097,0.798
football-player-position_subset.csv,TomekLinks,BaggingClassifier,0.377,,,,,,,,,,,0.832,0.028,0.823,0.033,0.807,0.031,0.717,0.045,0.798
allhyper.csv,SMOTETomek,BalancedBaggingClassifier,59.642,,,,,,,,,,,0.626,0.155,0.729,0.198,0.985,0.005,0.74,0.095,0.798
vowel.csv,ADASYN,BalancedRandomForestClassifier,1.729,,,,,,,,,,,0.795,0.099,0.781,0.087,0.812,0.074,0.804,0.077,0.798
car_evaluation.csv,EditedNearestNeighbours,BaggingClassifier,0.44,,,,,,,,,,,0.816,0.088,0.752,0.057,0.872,0.028,0.735,0.058,0.798
allhyper.csv,SMOTE,RandomForestClassifier,2.345,,,,,,,,,,,0.655,0.147,0.675,0.193,0.987,0.004,0.763,0.076,0.798
Mobile_Price.csv,SMOTE,RandomForestClassifier,2.901,,,,,,,,,,,0.811,0.051,0.761,0.054,0.847,0.035,0.765,0.05,0.798
waveform.csv,ADASYN,RandomForestClassifier,0.934,,,,,,,,,,,0.808,0.085,0.801,0.078,0.852,0.056,0.712,0.108,0.797
waveform.csv,TomekLinks,BalancedRandomForestClassifier,0.824,,,,,,,,,,,0.792,0.075,0.822,0.064,0.846,0.047,0.709,0.086,0.797
Toronto-Apartment-Rental-Price.csv,SMOTE,RandomForestClassifier,2.315,,,,,,,,,,,0.792,0.17,0.678,0.075,0.893,0.031,0.786,0.064,0.797
football-player-position_subset.csv,SMOTE,BalancedBaggingClassifier,0.619,,,,,,,,,,,0.822,0.029,0.834,0.029,0.804,0.031,0.716,0.044,0.797
Mobile_Price.csv,SMOTETomek,BalancedRandomForestClassifier,2.197,,,,,,,,,,,0.807,0.06,0.763,0.062,0.848,0.037,0.764,0.059,0.797
Mobile_Price.csv,ADASYN,BalancedRandomForestClassifier,2.003,,,,,,,,,,,0.808,0.05,0.759,0.049,0.847,0.031,0.765,0.044,0.797
allbp.csv,RandomOverSampler,BalancedRandomForestClassifier,2.946,,,,,,,,,,,0.742,0.176,0.675,0.151,0.975,0.008,0.701,0.096,0.796
allbp.csv,RandomOverSampler,BalancedBaggingClassifier,1.113,,,,,,,,,,,0.725,0.154,0.739,0.154,0.971,0.01,0.66,0.118,0.796
Toronto-Apartment-Rental-Price.csv,RandomOverSampler,BalancedRandomForestClassifier,4.185,,,,,,,,,,,0.793,0.162,0.677,0.069,0.892,0.029,0.785,0.06,0.796
page-blocks.csv,ADASYN,AdaBoostClassifier,3.407,,,,,,,,,,,0.588,0.05,0.879,0.035,0.922,0.016,0.662,0.046,0.796
Toronto-Apartment-Rental-Price.csv,RandomOverSampler,RandomForestClassifier,4.124,,,,,,,,,,,0.793,0.163,0.679,0.071,0.892,0.03,0.784,0.062,0.796
allrep.csv,SMOTE,BalancedRandomForestClassifier,4.886,,,,,,,,,,,0.728,0.11,0.708,0.094,0.979,0.006,0.675,0.083,0.796
thyroid-ann.csv,EditedNearestNeighbours,BalancedRandomForestClassifier,0.979,,,,,,,,,,,0.755,0.067,0.783,0.077,0.943,0.016,0.609,0.11,0.796
page-blocks.csv,RandomUnderSampler,BalancedBaggingClassifier,0.345,,,,,,,,,,,0.571,0.054,0.916,0.027,0.903,0.02,0.624,0.048,0.795
vowel.csv,SMOTE,RandomForestClassifier,3.764,,,,,,,,,,,0.796,0.097,0.776,0.085,0.808,0.073,0.799,0.077,0.795
jungle_chess_2pcs_endgame_rat_lion_clean_subset.csv,RandomUnderSampler,AdaBoostClassifier,0.208,,,,,,,,,,,0.735,0.027,0.83,0.05,0.859,0.03,0.737,0.05,0.795
jungle_chess_2pcs_endgame_rat_lion_clean_subset.csv,RandomUnderSampler,EasyEnsembleClassifier,2.323,,,,,,,,,,,0.735,0.027,0.83,0.05,0.859,0.03,0.737,0.05,0.795
page_blocks.csv,RandomUnderSampler,BalancedBaggingClassifier,0.394,,,,,,,,,,,0.571,0.054,0.916,0.027,0.903,0.02,0.624,0.048,0.795
jungle_chess_2pcs_endgame_rat_lion_clean_subset.csv,RandomUnderSampler,RUSBoostClassifier,0.325,,,,,,,,,,,0.735,0.027,0.83,0.05,0.859,0.03,0.737,0.05,0.795
Mobile_Price.csv,EditedNearestNeighbours,BalancedRandomForestClassifier,1.013,,,,,,,,,,,0.789,0.055,0.773,0.052,0.849,0.033,0.762,0.053,0.795
allbp.csv,RandomOverSampler,BaggingClassifier,0.66,,,,,,,,,,,0.72,0.148,0.74,0.154,0.971,0.01,0.654,0.112,0.795
football-player-position_subset.csv,SMOTE,BaggingClassifier,0.463,,,,,,,,,,,0.82,0.028,0.832,0.03,0.802,0.029,0.714,0.042,0.795
waveform.csv,SMOTE,GradientBoostingClassifier,3.921,,,,,,,,,,,0.802,0.078,0.804,0.07,0.847,0.051,0.704,0.098,0.794
football-player-position_subset.csv,RandomUnderSampler,GradientBoostingClassifier,1.576,,,,,,,,,,,0.81,0.031,0.839,0.034,0.799,0.032,0.715,0.046,0.794
satimage.csv,EditedNearestNeighbours,EasyEnsembleClassifier,6.482,,,,,,,,,,,0.789,0.031,0.792,0.031,0.827,0.027,0.764,0.036,0.794
jungle_chess_2pcs_endgame_rat_lion_subset.csv,ADASYN,RUSBoostClassifier,0.745,,,,,,,,,,,0.72,0.039,0.791,0.057,0.879,0.03,0.766,0.057,0.794
ecoli.csv,TomekLinks,GradientBoostingClassifier,1.575,,,,,,,,,,,0.763,0.139,0.749,0.125,0.848,0.059,0.806,0.074,0.794
football-player-position_subset.csv,ADASYN,BaggingClassifier,0.483,,,,,,,,,,,0.815,0.025,0.834,0.03,0.801,0.028,0.714,0.041,0.794
vowel.csv,RandomOverSampler,BalancedRandomForestClassifier,2.0,,,,,,,,,,,0.801,0.078,0.767,0.075,0.808,0.062,0.793,0.067,0.793
page_blocks.csv,EditedNearestNeighbours,BalancedBaggingClassifier,0.627,,,,,,,,,,,0.607,0.055,0.856,0.039,0.927,0.014,0.667,0.05,0.793
allhypo.csv,TomekLinks,BalancedBaggingClassifier,0.934,,,,,,,,,,,0.635,0.044,0.901,0.028,0.906,0.016,0.577,0.045,0.793
Mobile_Price.csv,EditedNearestNeighbours,BalancedBaggingClassifier,0.321,,,,,,,,,,,0.787,0.055,0.776,0.059,0.848,0.037,0.755,0.062,0.793
allrep.csv,ADASYN,BalancedRandomForestClassifier,4.797,,,,,,,,,,,0.721,0.113,0.703,0.087,0.978,0.006,0.671,0.085,0.793
page-blocks.csv,EditedNearestNeighbours,BalancedBaggingClassifier,0.597,,,,,,,,,,,0.607,0.055,0.856,0.039,0.927,0.014,0.667,0.05,0.793
segment.csv,SMOTETomek,RUSBoostClassifier,1.938,,,,,,,,,,,0.772,0.109,0.779,0.084,0.814,0.077,0.804,0.076,0.793
jungle_chess_2pcs_endgame_panther_lion_subset.csv,RandomUnderSampler,EasyEnsembleClassifier,2.088,,,,,,,,,,,0.696,0.019,0.849,0.047,0.864,0.026,0.725,0.044,0.792
Toronto-Apartment-Rental-Price.csv,TomekLinks,RandomForestClassifier,1.556,,,,,,,,,,,0.792,0.171,0.665,0.072,0.889,0.033,0.779,0.068,0.792
waveform.csv,ADASYN,GradientBoostingClassifier,3.92,,,,,,,,,,,0.794,0.075,0.808,0.072,0.845,0.051,0.703,0.095,0.792
page_blocks.csv,RandomUnderSampler,GradientBoostingClassifier,1.037,,,,,,,,,,,0.58,0.061,0.91,0.035,0.901,0.022,0.618,0.058,0.792
page-blocks.csv,RandomUnderSampler,GradientBoostingClassifier,1.009,,,,,,,,,,,0.58,0.061,0.91,0.035,0.901,0.022,0.618,0.058,0.792
jungle_chess_2pcs_endgame_panther_lion_subset.csv,RandomUnderSampler,RUSBoostClassifier,0.307,,,,,,,,,,,0.696,0.019,0.849,0.047,0.864,0.026,0.725,0.044,0.792
vowel.csv,SMOTETomek,RandomForestClassifier,1.061,,,,,,,,,,,0.793,0.093,0.773,0.081,0.806,0.07,0.797,0.074,0.792
jungle_chess_2pcs_endgame_panther_lion_subset.csv,RandomUnderSampler,AdaBoostClassifier,0.214,,,,,,,,,,,0.696,0.019,0.849,0.047,0.864,0.026,0.725,0.044,0.792
ecoli.csv,RandomOverSampler,BalancedRandomForestClassifier,1.275,,,,,,,,,,,0.763,0.116,0.759,0.118,0.842,0.053,0.798,0.067,0.792
allhypo.csv,RandomOverSampler,RUSBoostClassifier,1.446,,,,,,,,,,,0.644,0.054,0.892,0.043,0.906,0.026,0.582,0.067,0.791
segment.csv,SMOTETomek,AdaBoostClassifier,0.912,,,,,,,,,,,0.768,0.114,0.776,0.081,0.813,0.076,0.803,0.072,0.791
page-blocks.csv,TomekLinks,AdaBoostClassifier,0.898,,,,,,,,,,,0.783,0.103,0.616,0.069,0.946,0.009,0.726,0.048,0.791
ecoli.csv,RandomOverSampler,RandomForestClassifier,0.825,,,,,,,,,,,0.757,0.112,0.755,0.116,0.843,0.053,0.8,0.067,0.791
allhypo.csv,RandomOverSampler,EasyEnsembleClassifier,9.972,,,,,,,,,,,0.644,0.054,0.892,0.043,0.906,0.026,0.582,0.067,0.791
football-player-position_subset.csv,ADASYN,BalancedBaggingClassifier,0.649,,,,,,,,,,,0.813,0.03,0.832,0.028,0.796,0.032,0.708,0.044,0.791
allhypo.csv,RandomOverSampler,AdaBoostClassifier,0.951,,,,,,,,,,,0.644,0.054,0.892,0.043,0.906,0.026,0.582,0.067,0.791
page_blocks.csv,TomekLinks,AdaBoostClassifier,1.015,,,,,,,,,,,0.783,0.103,0.616,0.069,0.946,0.009,0.726,0.048,0.791
jungle_chess_2pcs_endgame_rat_lion_subset.csv,RandomUnderSampler,AdaBoostClassifier,0.219,,,,,,,,,,,0.721,0.027,0.831,0.049,0.86,0.035,0.726,0.062,0.791
jungle_chess_2pcs_endgame_rat_lion_subset.csv,RandomUnderSampler,EasyEnsembleClassifier,2.202,,,,,,,,,,,0.721,0.027,0.831,0.049,0.86,0.035,0.726,0.062,0.791
jungle_chess_2pcs_endgame_rat_lion_clean_subset.csv,EditedNearestNeighbours,AdaBoostClassifier,0.386,,,,,,,,,,,0.737,0.048,0.768,0.062,0.874,0.029,0.767,0.052,0.791
jungle_chess_2pcs_endgame_rat_lion_subset.csv,RandomUnderSampler,RUSBoostClassifier,0.304,,,,,,,,,,,0.721,0.027,0.831,0.049,0.86,0.035,0.726,0.062,0.791
Toronto-Apartment-Rental-Price.csv,TomekLinks,GradientBoostingClassifier,8.888,,,,,,,,,,,0.805,0.163,0.669,0.072,0.884,0.031,0.766,0.064,0.791
allrep.csv,SMOTETomek,RandomForestClassifier,4.819,,,,,,,,,,,0.721,0.11,0.693,0.094,0.978,0.006,0.663,0.096,0.79
allhyper.csv,ADASYN,BalancedBaggingClassifier,1.428,,,,,,,,,,,0.612,0.147,0.718,0.196,0.984,0.005,0.723,0.101,0.79
waveform.csv,SMOTETomek,GradientBoostingClassifier,4.748,,,,,,,,,,,0.799,0.081,0.801,0.073,0.844,0.054,0.699,0.106,0.79
allbp.csv,SMOTETomek,GradientBoostingClassifier,12.34,,,,,,,,,,,0.637,0.106,0.798,0.141,0.965,0.007,0.639,0.065,0.79
vowel.csv,RandomOverSampler,RandomForestClassifier,1.309,,,,,,,,,,,0.79,0.102,0.767,0.089,0.805,0.077,0.793,0.081,0.789
allbp.csv,SMOTE,GradientBoostingClassifier,11.848,,,,,,,,,,,0.636,0.103,0.796,0.139,0.965,0.007,0.636,0.068,0.789
allhypo.csv,SMOTETomek,AdaBoostClassifier,24.471,,,,,,,,,,,0.628,0.048,0.882,0.051,0.911,0.021,0.59,0.06,0.788
dgf_96f4164d-956d-4c1c-b161-68724eb0ccdc_clean.csv,TomekLinks,BalancedRandomForestClassifier,1.316,,,,,,,,,,,0.789,0.05,0.794,0.043,0.791,0.04,0.776,0.043,0.788
allhypo.csv,SMOTETomek,EasyEnsembleClassifier,31.798,,,,,,,,,,,0.632,0.043,0.883,0.047,0.911,0.017,0.583,0.051,0.788
allhypo.csv,SMOTETomek,RUSBoostClassifier,21.518,,,,,,,,,,,0.634,0.044,0.879,0.044,0.912,0.019,0.586,0.058,0.788
segment.csv,SMOTE,RUSBoostClassifier,0.989,,,,,,,,,,,0.763,0.106,0.775,0.08,0.811,0.073,0.801,0.07,0.788
steel-plates-fault_subset.csv,SMOTE,GradientBoostingClassifier,40.61,,,,,,,,,,,0.811,0.036,0.82,0.028,0.785,0.031,0.727,0.04,0.788
segment.csv,SMOTE,AdaBoostClassifier,0.86,,,,,,,,,,,0.763,0.106,0.775,0.08,0.811,0.073,0.801,0.07,0.788
allhypo.csv,TomekLinks,AdaBoostClassifier,1.643,,,,,,,,,,,0.852,0.072,0.625,0.077,0.941,0.015,0.581,0.109,0.788
splice.csv,EditedNearestNeighbours,RUSBoostClassifier,0.537,,,,,,,,,,,0.767,0.055,0.834,0.045,0.829,0.058,0.697,0.076,0.787
allhypo.csv,EditedNearestNeighbours,GradientBoostingClassifier,4.505,,,,,,,,,,,0.83,0.055,0.676,0.055,0.937,0.01,0.573,0.068,0.787
waveform.csv,TomekLinks,GradientBoostingClassifier,1.999,,,,,,,,,,,0.828,0.093,0.76,0.096,0.844,0.062,0.695,0.125,0.787
thyroid-ann.csv,EditedNearestNeighbours,EasyEnsembleClassifier,2.189,,,,,,,,,,,0.703,0.082,0.864,0.073,0.902,0.036,0.539,0.102,0.787
thyroid-ann.csv,EditedNearestNeighbours,BalancedBaggingClassifier,0.426,,,,,,,,,,,0.698,0.097,0.81,0.088,0.934,0.023,0.592,0.135,0.786
allrep.csv,SMOTETomek,BalancedRandomForestClassifier,6.385,,,,,,,,,,,0.714,0.115,0.69,0.094,0.977,0.006,0.658,0.093,0.786
steel-plates-fault_subset.csv,RandomOverSampler,GradientBoostingClassifier,26.434,,,,,,,,,,,0.814,0.033,0.81,0.043,0.784,0.031,0.726,0.04,0.786
pageblocks.csv,RandomOverSampler,BaggingClassifier,0.277,,,,,,,,,,,0.667,0.169,0.687,0.189,0.95,0.025,0.758,0.115,0.786
waveform.csv,ADASYN,BalancedRandomForestClassifier,1.382,,,,,,,,,,,0.798,0.078,0.79,0.073,0.843,0.051,0.694,0.099,0.786
satimage.csv,TomekLinks,AdaBoostClassifier,1.098,,,,,,,,,,,0.778,0.035,0.771,0.045,0.824,0.039,0.765,0.046,0.785
segment.csv,RandomOverSampler,EasyEnsembleClassifier,6.1,,,,,,,,,,,0.77,0.105,0.772,0.091,0.807,0.082,0.79,0.088,0.785
TESTFORDESCRIPTION-anneal.csv,RandomUnderSampler,BaggingClassifier,0.248,,,,,,,,,,,0.679,0.078,0.858,0.104,0.857,0.071,0.698,0.105,0.785
football-player-position_subset.csv,TomekLinks,BalancedBaggingClassifier,0.411,,,,,,,,,,,0.805,0.026,0.827,0.03,0.792,0.028,0.703,0.041,0.785
allhyper.csv,SMOTETomek,EasyEnsembleClassifier,68.995,,,,,,,,,,,0.437,0.051,0.874,0.133,0.954,0.013,0.486,0.073,0.784
segment.csv,EditedNearestNeighbours,EasyEnsembleClassifier,2.558,,,,,,,,,,,0.766,0.134,0.776,0.094,0.805,0.123,0.789,0.101,0.784
shuttle.csv,TomekLinks,EasyEnsembleClassifier,2.075,,,,,,,,,,,0.733,0.135,0.796,0.134,0.879,0.051,0.694,0.119,0.784
allhyper.csv,SMOTETomek,RUSBoostClassifier,56.05,,,,,,,,,,,0.437,0.051,0.874,0.133,0.954,0.013,0.486,0.073,0.784
allhyper.csv,SMOTE,AdaBoostClassifier,1.321,,,,,,,,,,,0.437,0.051,0.874,0.133,0.954,0.013,0.486,0.074,0.784
allbp.csv,ADASYN,GradientBoostingClassifier,11.33,,,,,,,,,,,0.617,0.093,0.796,0.142,0.963,0.008,0.626,0.072,0.784
allrep.csv,ADASYN,RandomForestClassifier,2.837,,,,,,,,,,,0.707,0.114,0.691,0.101,0.977,0.006,0.651,0.094,0.784
allhyper.csv,SMOTE,EasyEnsembleClassifier,13.142,,,,,,,,,,,0.437,0.051,0.874,0.133,0.954,0.013,0.486,0.074,0.784
maternal_health_risk.csv,ADASYN,BalancedRandomForestClassifier,1.191,,,,,,,,,,,0.792,0.068,0.781,0.066,0.845,0.042,0.702,0.082,0.784
allhyper.csv,SMOTE,RUSBoostClassifier,1.978,,,,,,,,,,,0.437,0.051,0.874,0.133,0.954,0.013,0.486,0.074,0.784
allhyper.csv,SMOTETomek,AdaBoostClassifier,50.658,,,,,,,,,,,0.437,0.051,0.874,0.133,0.954,0.013,0.486,0.073,0.784
football-player-position_subset.csv,RandomUnderSampler,BalancedBaggingClassifier,0.302,,,,,,,,,,,0.803,0.032,0.831,0.035,0.784,0.034,0.699,0.049,0.783
waveform.csv,EditedNearestNeighbours,BalancedRandomForestClassifier,0.75,,,,,,,,,,,0.804,0.069,0.802,0.067,0.825,0.057,0.679,0.097,0.783
synthetic_control.csv,EditedNearestNeighbours,GradientBoostingClassifier,4.848,,,,,,,,,,,0.814,0.102,0.741,0.083,0.8,0.075,0.772,0.082,0.783
steel-plates-fault_subset.csv,ADASYN,GradientBoostingClassifier,42.443,,,,,,,,,,,0.802,0.035,0.82,0.038,0.779,0.029,0.721,0.037,0.783
pageblocks.csv,TomekLinks,AdaBoostClassifier,0.318,,,,,,,,,,,0.661,0.147,0.66,0.151,0.949,0.024,0.77,0.109,0.783
ecoli.csv,RandomOverSampler,GradientBoostingClassifier,2.581,,,,,,,,,,,0.749,0.131,0.76,0.094,0.831,0.052,0.787,0.061,0.783
allrep.csv,RandomOverSampler,RandomForestClassifier,1.856,,,,,,,,,,,0.766,0.148,0.612,0.106,0.976,0.007,0.633,0.11,0.782
allhypo.csv,SMOTE,EasyEnsembleClassifier,292.625,,,,,,,,,,,0.624,0.043,0.874,0.043,0.908,0.02,0.576,0.056,0.782
allhypo.csv,SMOTE,RUSBoostClassifier,2.468,,,,,,,,,,,0.624,0.043,0.874,0.043,0.908,0.02,0.576,0.056,0.782
maternal_health_risk.csv,SMOTE,BalancedRandomForestClassifier,1.143,,,,,,,,,,,0.789,0.073,0.776,0.067,0.845,0.046,0.699,0.09,0.782
allhypo.csv,SMOTE,AdaBoostClassifier,1.01,,,,,,,,,,,0.624,0.043,0.874,0.043,0.908,0.02,0.576,0.056,0.782
TESTFORDESCRIPTION-anneal.csv,EditedNearestNeighbours,EasyEnsembleClassifier,1.972,,,,,,,,,,,0.686,0.073,0.854,0.106,0.853,0.056,0.682,0.077,0.781
optdigits.csv,SMOTE,EasyEnsembleClassifier,30.017,,,,,,,,,,,0.79,0.036,0.783,0.035,0.791,0.035,0.758,0.039,0.781
allrep.csv,SMOTE,RandomForestClassifier,2.777,,,,,,,,,,,0.706,0.103,0.681,0.098,0.977,0.006,0.646,0.092,0.781
maternal_health_risk.csv,ADASYN,RandomForestClassifier,0.758,,,,,,,,,,,0.788,0.067,0.779,0.061,0.844,0.038,0.696,0.076,0.781
pageblocks.csv,RandomOverSampler,GradientBoostingClassifier,3.864,,,,,,,,,,,0.66,0.134,0.662,0.151,0.95,0.021,0.761,0.097,0.781
optdigits.csv,SMOTE,AdaBoostClassifier,3.266,,,,,,,,,,,0.79,0.036,0.783,0.035,0.791,0.035,0.758,0.039,0.781
optdigits.csv,SMOTETomek,AdaBoostClassifier,3.67,,,,,,,,,,,0.79,0.036,0.783,0.035,0.791,0.035,0.758,0.039,0.781
allbp.csv,RandomOverSampler,RandomForestClassifier,1.701,,,,,,,,,,,0.713,0.165,0.638,0.143,0.974,0.009,0.687,0.111,0.781
optdigits.csv,SMOTETomek,EasyEnsembleClassifier,30.503,,,,,,,,,,,0.79,0.036,0.783,0.035,0.791,0.035,0.758,0.039,0.781
optdigits.csv,SMOTETomek,RUSBoostClassifier,3.992,,,,,,,,,,,0.79,0.036,0.783,0.035,0.791,0.035,0.758,0.039,0.781
optdigits.csv,EditedNearestNeighbours,AdaBoostClassifier,0.631,,,,,,,,,,,0.813,0.037,0.756,0.042,0.79,0.037,0.763,0.04,0.781
optdigits.csv,SMOTE,RUSBoostClassifier,3.634,,,,,,,,,,,0.79,0.036,0.783,0.035,0.791,0.035,0.758,0.039,0.781
allbp.csv,SMOTETomek,BalancedRandomForestClassifier,4.724,,,,,,,,,,,0.654,0.124,0.709,0.151,0.972,0.007,0.676,0.089,0.78
allhypo.csv,TomekLinks,EasyEnsembleClassifier,2.97,,,,,,,,,,,0.601,0.043,0.903,0.039,0.887,0.015,0.544,0.035,0.78
maternal_health_risk.csv,SMOTE,RandomForestClassifier,0.83,,,,,,,,,,,0.785,0.066,0.776,0.062,0.844,0.041,0.695,0.081,0.78
allrep.csv,RandomOverSampler,BalancedRandomForestClassifier,3.373,,,,,,,,,,,0.764,0.135,0.602,0.101,0.976,0.005,0.629,0.082,0.78
allbp.csv,SMOTETomek,RandomForestClassifier,3.252,,,,,,,,,,,0.645,0.119,0.71,0.151,0.972,0.007,0.676,0.088,0.779
football-player-position_subset.csv,TomekLinks,EasyEnsembleClassifier,2.843,,,,,,,,,,,0.805,0.023,0.814,0.025,0.787,0.026,0.693,0.037,0.779
balance.csv,TomekLinks,AdaBoostClassifier,0.257,,,,,,,,,,,0.676,0.125,0.671,0.035,0.877,0.025,0.834,0.039,0.779
allbp.csv,SMOTE,BalancedRandomForestClassifier,3.7,,,,,,,,,,,0.655,0.123,0.702,0.145,0.972,0.006,0.676,0.072,0.779
steel-plates-fault_subset.csv,RandomOverSampler,BalancedRandomForestClassifier,2.84,,,,,,,,,,,0.817,0.028,0.797,0.039,0.776,0.026,0.713,0.035,0.778
Toronto-Apartment-Rental-Price.csv,TomekLinks,BaggingClassifier,1.074,,,,,,,,,,,0.76,0.158,0.656,0.064,0.883,0.03,0.765,0.062,0.777
Mobile_Price.csv,TomekLinks,RandomForestClassifier,0.79,,,,,,,,,,,0.815,0.068,0.724,0.054,0.817,0.036,0.739,0.054,0.777
steel-plates-fault_subset.csv,SMOTETomek,GradientBoostingClassifier,33.493,,,,,,,,,,,0.792,0.036,0.819,0.026,0.773,0.026,0.715,0.034,0.777
pageblocks.csv,RandomOverSampler,BalancedBaggingClassifier,0.419,,,,,,,,,,,0.649,0.154,0.67,0.172,0.948,0.025,0.746,0.114,0.777
agriculture_dataset_karnataka_clean_subset.csv,RandomOverSampler,GradientBoostingClassifier,3.459,,,,,,,,,,,0.792,0.036,0.799,0.031,0.813,0.028,0.69,0.046,0.777
steel-plates-fault_subset.csv,SMOTE,BalancedRandomForestClassifier,4.273,,,,,,,,,,,0.803,0.038,0.808,0.036,0.774,0.034,0.712,0.045,0.777
allhyper.csv,ADASYN,EasyEnsembleClassifier,13.752,,,,,,,,,,,0.426,0.057,0.861,0.122,0.95,0.012,0.477,0.07,0.777
car_subset.csv,TomekLinks,BalancedRandomForestClassifier,1.045,,,,,,,,,,,0.653,0.04,0.859,0.049,0.843,0.023,0.694,0.039,0.776
allhyper.csv,RandomOverSampler,BalancedRandomForestClassifier,3.245,,,,,,,,,,,0.601,0.169,0.583,0.188,0.986,0.005,0.755,0.092,0.776
maternal_health_risk.csv,RandomOverSampler,RandomForestClassifier,0.861,,,,,,,,,,,0.778,0.066,0.78,0.072,0.839,0.045,0.686,0.092,0.776
optdigits.csv,TomekLinks,AdaBoostClassifier,0.713,,,,,,,,,,,0.812,0.029,0.75,0.044,0.784,0.038,0.754,0.04,0.776
steel-plates-fault_subset.csv,ADASYN,RandomForestClassifier,4.55,,,,,,,,,,,0.799,0.03,0.809,0.034,0.772,0.031,0.713,0.039,0.776
allhypo.csv,TomekLinks,BalancedRandomForestClassifier,1.732,,,,,,,,,,,0.619,0.034,0.897,0.029,0.882,0.01,0.516,0.026,0.776
Success-Rates-2_clean_subset.csv,EditedNearestNeighbours,AdaBoostClassifier,3.899,,,,,,,,,,,0.574,0.126,0.577,0.124,0.909,0.044,0.87,0.068,0.776
pageblocks.csv,TomekLinks,RandomForestClassifier,0.671,,,,,,,,,,,0.651,0.124,0.646,0.135,0.947,0.019,0.756,0.083,0.775
TESTFORDESCRIPTION-anneal.csv,RandomUnderSampler,BalancedRandomForestClassifier,0.736,,,,,,,,,,,0.656,0.06,0.871,0.098,0.84,0.035,0.671,0.051,0.775
steel-plates-fault_subset.csv,RandomOverSampler,RandomForestClassifier,2.11,,,,,,,,,,,0.813,0.028,0.793,0.042,0.773,0.025,0.71,0.034,0.775
Toronto-Apartment-Rental-Price.csv,SMOTE,GradientBoostingClassifier,39.545,,,,,,,,,,,0.777,0.142,0.661,0.071,0.876,0.034,0.746,0.074,0.775
steel-plates-fault_subset.csv,SMOTE,RandomForestClassifier,2.954,,,,,,,,,,,0.798,0.033,0.807,0.034,0.773,0.028,0.712,0.036,0.775
waveform.csv,TomekLinks,BaggingClassifier,0.309,,,,,,,,,,,0.813,0.08,0.756,0.082,0.831,0.056,0.671,0.11,0.774
allhypo.csv,ADASYN,RUSBoostClassifier,1.56,,,,,,,,,,,0.583,0.04,0.884,0.039,0.895,0.018,0.552,0.047,0.774
allbp.csv,SMOTE,RandomForestClassifier,2.365,,,,,,,,,,,0.647,0.124,0.701,0.148,0.971,0.007,0.661,0.086,0.774
allbp.csv,SMOTE,BalancedBaggingClassifier,1.474,,,,,,,,,,,0.631,0.129,0.739,0.159,0.966,0.008,0.637,0.087,0.774
anneal.csv,SMOTETomek,AdaBoostClassifier,0.679,,,,,,,,,,,0.767,0.1,0.784,0.103,0.848,0.04,0.664,0.073,0.773
segment.csv,RandomOverSampler,RUSBoostClassifier,0.858,,,,,,,,,,,0.749,0.108,0.762,0.089,0.796,0.079,0.783,0.084,0.773
segment.csv,RandomOverSampler,AdaBoostClassifier,0.592,,,,,,,,,,,0.749,0.108,0.762,0.089,0.796,0.079,0.783,0.084,0.773
allrep.csv,ADASYN,BalancedBaggingClassifier,1.794,,,,,,,,,,,0.651,0.112,0.705,0.092,0.975,0.007,0.63,0.091,0.773
allhyper.csv,ADASYN,RUSBoostClassifier,2.011,,,,,,,,,,,0.415,0.054,0.858,0.133,0.946,0.012,0.463,0.069,0.773
Toronto-Apartment-Rental-Price.csv,ADASYN,GradientBoostingClassifier,37.929,,,,,,,,,,,0.774,0.155,0.665,0.072,0.874,0.036,0.742,0.078,0.773
allhypo.csv,ADASYN,EasyEnsembleClassifier,10.176,,,,,,,,,,,0.586,0.045,0.88,0.043,0.896,0.015,0.553,0.039,0.773
Toronto-Apartment-Rental-Price.csv,SMOTETomek,GradientBoostingClassifier,36.988,,,,,,,,,,,0.776,0.143,0.657,0.07,0.874,0.035,0.743,0.075,0.773
steel-plates-fault_subset.csv,ADASYN,BalancedRandomForestClassifier,4.429,,,,,,,,,,,0.794,0.033,0.807,0.039,0.772,0.032,0.711,0.042,0.773
football-player-position_subset.csv,RandomUnderSampler,BaggingClassifier,0.326,,,,,,,,,,,0.793,0.03,0.82,0.034,0.774,0.031,0.684,0.044,0.772
vowel.csv,RandomUnderSampler,RandomForestClassifier,0.63,,,,,,,,,,,0.772,0.092,0.77,0.089,0.78,0.082,0.765,0.091,0.772
allhyper.csv,RandomOverSampler,RandomForestClassifier,1.846,,,,,,,,,,,0.6,0.159,0.574,0.173,0.985,0.004,0.745,0.082,0.772
allbp.csv,ADASYN,RandomForestClassifier,2.378,,,,,,,,,,,0.646,0.125,0.7,0.15,0.97,0.007,0.654,0.077,0.772
maternal_health_risk.csv,RandomOverSampler,BalancedRandomForestClassifier,1.206,,,,,,,,,,,0.773,0.07,0.776,0.07,0.837,0.045,0.682,0.091,0.772
pageblocks.csv,TomekLinks,BalancedRandomForestClassifier,0.734,,,,,,,,,,,0.624,0.125,0.76,0.159,0.932,0.027,0.683,0.102,0.772
allrep.csv,SMOTETomek,BaggingClassifier,3.062,,,,,,,,,,,0.648,0.111,0.697,0.087,0.975,0.006,0.632,0.083,0.771
allbp.csv,SMOTE,BaggingClassifier,1.188,,,,,,,,,,,0.622,0.128,0.733,0.156,0.965,0.008,0.633,0.084,0.771
allhypo.csv,EditedNearestNeighbours,BaggingClassifier,1.205,,,,,,,,,,,0.753,0.056,0.679,0.064,0.942,0.012,0.599,0.076,0.771
Toronto-Apartment-Rental-Price.csv,RandomOverSampler,GradientBoostingClassifier,35.768,,,,,,,,,,,0.749,0.121,0.697,0.084,0.874,0.039,0.733,0.083,0.771
allbp.csv,ADASYN,BalancedRandomForestClassifier,3.766,,,,,,,,,,,0.643,0.12,0.699,0.147,0.97,0.006,0.651,0.079,0.771
satimage.csv,EditedNearestNeighbours,AdaBoostClassifier,2.307,,,,,,,,,,,0.775,0.041,0.746,0.037,0.809,0.033,0.746,0.041,0.77
allhyper.csv,ADASYN,AdaBoostClassifier,1.36,,,,,,,,,,,0.417,0.059,0.846,0.119,0.948,0.014,0.466,0.071,0.77
allrep.csv,SMOTETomek,BalancedBaggingClassifier,3.576,,,,,,,,,,,0.645,0.111,0.698,0.095,0.975,0.006,0.631,0.089,0.77
allrep.csv,SMOTE,BaggingClassifier,1.228,,,,,,,,,,,0.641,0.102,0.704,0.095,0.974,0.006,0.628,0.091,0.77
anneal.csv,TomekLinks,BalancedBaggingClassifier,0.27,,,,,,,,,,,0.66,0.052,0.855,0.086,0.838,0.047,0.667,0.061,0.769
jungle_chess_2pcs_endgame_panther_elephant_subset.csv,EditedNearestNeighbours,AdaBoostClassifier,0.39,,,,,,,,,,,0.69,0.083,0.692,0.065,0.878,0.027,0.777,0.054,0.769
waveform.csv,SMOTE,BaggingClassifier,0.434,,,,,,,,,,,0.773,0.076,0.788,0.079,0.823,0.054,0.664,0.102,0.768
football-player-position_subset.csv,SMOTETomek,EasyEnsembleClassifier,5.104,,,,,,,,,,,0.801,0.026,0.801,0.027,0.776,0.029,0.675,0.041,0.768
thyroid-ann.csv,EditedNearestNeighbours,GradientBoostingClassifier,3.209,,,,,,,,,,,0.78,0.16,0.676,0.023,0.928,0.006,0.564,0.035,0.768
allrep.csv,RandomUnderSampler,GradientBoostingClassifier,0.775,,,,,,,,,,,0.473,0.044,0.848,0.074,0.94,0.01,0.486,0.044,0.768
waveform.csv,RandomUnderSampler,GradientBoostingClassifier,1.168,,,,,,,,,,,0.753,0.069,0.819,0.061,0.81,0.057,0.666,0.088,0.768
allbp.csv,SMOTETomek,BaggingClassifier,2.039,,,,,,,,,,,0.608,0.116,0.72,0.151,0.966,0.007,0.638,0.07,0.767
vowel.csv,TomekLinks,BalancedRandomForestClassifier,0.92,,,,,,,,,,,0.772,0.091,0.74,0.068,0.784,0.058,0.771,0.06,0.767
allbp.csv,ADASYN,BaggingClassifier,1.075,,,,,,,,,,,0.616,0.128,0.729,0.156,0.964,0.008,0.621,0.073,0.767
allrep.csv,SMOTE,BalancedBaggingClassifier,2.175,,,,,,,,,,,0.645,0.106,0.69,0.083,0.974,0.006,0.624,0.079,0.767
segment.csv,RandomUnderSampler,AdaBoostClassifier,0.31,,,,,,,,,,,0.751,0.088,0.754,0.083,0.791,0.072,0.772,0.081,0.767
segment.csv,RandomUnderSampler,RUSBoostClassifier,0.495,,,,,,,,,,,0.751,0.088,0.754,0.083,0.791,0.072,0.772,0.081,0.767
allbp.csv,SMOTETomek,BalancedBaggingClassifier,2.442,,,,,,,,,,,0.611,0.113,0.718,0.151,0.966,0.007,0.636,0.071,0.766
Toronto-Apartment-Rental-Price.csv,ADASYN,BaggingClassifier,1.608,,,,,,,,,,,0.723,0.129,0.678,0.071,0.878,0.035,0.747,0.074,0.766
TESTFORDESCRIPTION-anneal.csv,TomekLinks,AdaBoostClassifier,0.278,,,,,,,,,,,0.71,0.157,0.632,0.107,0.892,0.051,0.768,0.116,0.766
Toronto-Apartment-Rental-Price.csv,SMOTETomek,BalancedBaggingClassifier,3.151,,,,,,,,,,,0.718,0.109,0.681,0.072,0.879,0.031,0.747,0.066,0.766
anneal.csv,RandomOverSampler,EasyEnsembleClassifier,4.37,,,,,,,,,,,0.742,0.098,0.809,0.119,0.832,0.048,0.638,0.085,0.765
satimage.csv,TomekLinks,EasyEnsembleClassifier,6.78,,,,,,,,,,,0.748,0.036,0.772,0.036,0.801,0.035,0.733,0.046,0.765
allrep.csv,TomekLinks,BalancedRandomForestClassifier,1.124,,,,,,,,,,,0.481,0.057,0.838,0.074,0.942,0.01,0.493,0.047,0.765
HCV_data_clean.csv,SMOTE,RandomForestClassifier,1.558,,,,,,,,,,,0.668,0.13,0.653,0.126,0.929,0.025,0.726,0.103,0.765
page-blocks.csv,RandomUnderSampler,EasyEnsembleClassifier,2.376,,,,,,,,,,,0.588,0.073,0.875,0.036,0.875,0.054,0.564,0.098,0.765
allrep.csv,ADASYN,BaggingClassifier,1.245,,,,,,,,,,,0.642,0.109,0.687,0.088,0.974,0.006,0.614,0.087,0.765
anneal.csv,RandomOverSampler,RUSBoostClassifier,0.687,,,,,,,,,,,0.742,0.098,0.809,0.119,0.832,0.048,0.638,0.085,0.765
page_blocks.csv,RandomUnderSampler,EasyEnsembleClassifier,2.482,,,,,,,,,,,0.588,0.073,0.875,0.036,0.875,0.054,0.564,0.098,0.765
allbp.csv,ADASYN,BalancedBaggingClassifier,1.502,,,,,,,,,,,0.607,0.115,0.728,0.156,0.964,0.008,0.621,0.072,0.765
Toronto-Apartment-Rental-Price.csv,SMOTE,BaggingClassifier,1.586,,,,,,,,,,,0.715,0.114,0.674,0.073,0.881,0.034,0.751,0.071,0.765
maternal_health_risk.csv,ADASYN,BalancedBaggingClassifier,0.401,,,,,,,,,,,0.771,0.062,0.763,0.057,0.833,0.035,0.673,0.071,0.765
steel-plates-fault_subset.csv,SMOTETomek,RandomForestClassifier,2.567,,,,,,,,,,,0.781,0.038,0.808,0.037,0.76,0.03,0.698,0.038,0.765
anneal.csv,RandomOverSampler,AdaBoostClassifier,0.419,,,,,,,,,,,0.742,0.098,0.809,0.119,0.832,0.048,0.638,0.085,0.765
maternal_health_risk.csv,SMOTETomek,BalancedRandomForestClassifier,1.11,,,,,,,,,,,0.768,0.064,0.766,0.063,0.831,0.041,0.672,0.08,0.765
anneal.csv,SMOTETomek,RUSBoostClassifier,0.885,,,,,,,,,,,0.761,0.138,0.772,0.139,0.84,0.041,0.651,0.084,0.764
waveform.csv,SMOTE,BalancedBaggingClassifier,0.515,,,,,,,,,,,0.769,0.078,0.783,0.068,0.82,0.052,0.66,0.095,0.764
maternal_health_risk.csv,SMOTE,BalancedBaggingClassifier,0.32,,,,,,,,,,,0.772,0.073,0.76,0.069,0.831,0.043,0.67,0.087,0.764
page_blocks.csv,RandomUnderSampler,AdaBoostClassifier,0.242,,,,,,,,,,,0.589,0.073,0.873,0.034,0.875,0.055,0.564,0.099,0.764
page-blocks.csv,RandomUnderSampler,RUSBoostClassifier,0.324,,,,,,,,,,,0.589,0.073,0.873,0.034,0.875,0.055,0.564,0.099,0.764
page_blocks.csv,RandomUnderSampler,RUSBoostClassifier,0.346,,,,,,,,,,,0.589,0.073,0.873,0.034,0.875,0.055,0.564,0.099,0.764
page-blocks.csv,RandomUnderSampler,AdaBoostClassifier,0.252,,,,,,,,,,,0.589,0.073,0.873,0.034,0.875,0.055,0.564,0.099,0.764
football-player-position_subset.csv,EditedNearestNeighbours,RandomForestClassifier,0.872,,,,,,,,,,,0.822,0.035,0.769,0.031,0.768,0.028,0.677,0.037,0.764
maternal_health_risk.csv,SMOTETomek,RandomForestClassifier,0.774,,,,,,,,,,,0.772,0.065,0.763,0.061,0.83,0.04,0.671,0.078,0.764
thyroid-ann.csv,EditedNearestNeighbours,BaggingClassifier,0.434,,,,,,,,,,,0.774,0.171,0.669,0.031,0.927,0.007,0.557,0.049,0.764
anneal.csv,SMOTETomek,EasyEnsembleClassifier,5.651,,,,,,,,,,,0.759,0.133,0.767,0.145,0.845,0.041,0.647,0.095,0.763
waveform.csv,SMOTETomek,BalancedBaggingClassifier,0.484,,,,,,,,,,,0.77,0.077,0.779,0.071,0.82,0.05,0.659,0.094,0.763
maternal_health_risk.csv,SMOTE,BaggingClassifier,0.3,,,,,,,,,,,0.77,0.073,0.761,0.07,0.831,0.046,0.669,0.092,0.763
allrep.csv,RandomUnderSampler,RandomForestClassifier,0.604,,,,,,,,,,,0.474,0.053,0.841,0.075,0.937,0.01,0.473,0.044,0.763
car_subset.csv,TomekLinks,BalancedBaggingClassifier,0.371,,,,,,,,,,,0.66,0.044,0.862,0.048,0.816,0.033,0.658,0.054,0.763
allrep.csv,RandomUnderSampler,BalancedRandomForestClassifier,0.774,,,,,,,,,,,0.461,0.068,0.84,0.091,0.937,0.01,0.478,0.047,0.763
allhypo.csv,ADASYN,AdaBoostClassifier,1.102,,,,,,,,,,,0.566,0.036,0.868,0.047,0.89,0.015,0.532,0.032,0.763
TESTFORDESCRIPTION-anneal.csv,RandomUnderSampler,RandomForestClassifier,0.48,,,,,,,,,,,0.643,0.057,0.866,0.094,0.823,0.048,0.652,0.062,0.763
maternal_health_risk.csv,ADASYN,BaggingClassifier,0.306,,,,,,,,,,,0.773,0.065,0.757,0.057,0.83,0.036,0.667,0.073,0.763
balance-scale.csv,EditedNearestNeighbours,GradientBoostingClassifier,0.606,,,,,,,,,,,0.71,0.059,0.741,0.081,0.852,0.035,0.73,0.064,0.763
football-player-position_subset.csv,EditedNearestNeighbours,BalancedRandomForestClassifier,0.927,,,,,,,,,,,0.79,0.035,0.792,0.03,0.774,0.031,0.677,0.043,0.762
waveform.csv,TomekLinks,AdaBoostClassifier,0.309,,,,,,,,,,,0.771,0.085,0.765,0.086,0.826,0.058,0.66,0.116,0.762
anneal.csv,TomekLinks,BalancedRandomForestClassifier,0.969,,,,,,,,,,,0.621,0.045,0.872,0.082,0.818,0.051,0.663,0.067,0.762
Toronto-Apartment-Rental-Price.csv,SMOTE,BalancedBaggingClassifier,2.662,,,,,,,,,,,0.714,0.12,0.668,0.068,0.878,0.033,0.745,0.071,0.762
anneal.csv,SMOTE,AdaBoostClassifier,0.628,,,,,,,,,,,0.764,0.146,0.77,0.144,0.839,0.048,0.641,0.105,0.762
allbp.csv,RandomOverSampler,EasyEnsembleClassifier,633.398,,,,,,,,,,,0.499,0.049,0.862,0.096,0.915,0.022,0.422,0.075,0.762
Toronto-Apartment-Rental-Price.csv,SMOTETomek,BaggingClassifier,1.936,,,,,,,,,,,0.716,0.119,0.672,0.07,0.877,0.033,0.744,0.069,0.762
allbp.csv,RandomOverSampler,AdaBoostClassifier,0.898,,,,,,,,,,,0.499,0.049,0.862,0.096,0.915,0.022,0.422,0.075,0.762
allhypo.csv,RandomUnderSampler,RUSBoostClassifier,0.501,,,,,,,,,,,0.579,0.032,0.875,0.034,0.88,0.024,0.517,0.049,0.762
allhypo.csv,RandomUnderSampler,EasyEnsembleClassifier,2.48,,,,,,,,,,,0.579,0.032,0.875,0.034,0.88,0.024,0.517,0.049,0.762
allrep.csv,TomekLinks,BalancedBaggingClassifier,0.492,,,,,,,,,,,0.471,0.055,0.829,0.082,0.942,0.013,0.49,0.059,0.762
allhypo.csv,RandomUnderSampler,AdaBoostClassifier,0.245,,,,,,,,,,,0.579,0.032,0.875,0.034,0.88,0.024,0.517,0.049,0.762
car_evaluation.csv,EditedNearestNeighbours,GradientBoostingClassifier,1.229,,,,,,,,,,,0.731,0.121,0.697,0.043,0.864,0.027,0.726,0.055,0.762
anneal.csv,SMOTE,RUSBoostClassifier,0.806,,,,,,,,,,,0.764,0.146,0.77,0.144,0.839,0.048,0.641,0.105,0.762
allbp.csv,RandomOverSampler,RUSBoostClassifier,1.622,,,,,,,,,,,0.499,0.049,0.862,0.096,0.915,0.022,0.422,0.075,0.762
anneal.csv,SMOTE,EasyEnsembleClassifier,5.61,,,,,,,,,,,0.764,0.146,0.77,0.144,0.839,0.048,0.641,0.105,0.762
total_score.csv,RandomOverSampler,BalancedRandomForestClassifier,1.703,,,,,,,,,,,0.807,0.045,0.795,0.058,0.78,0.041,0.635,0.066,0.762
waveform.csv,ADASYN,EasyEnsembleClassifier,4.428,,,,,,,,,,,0.75,0.076,0.794,0.072,0.817,0.054,0.66,0.094,0.761
HCV_data_clean.csv,SMOTE,BalancedRandomForestClassifier,2.15,,,,,,,,,,,0.666,0.148,0.647,0.125,0.927,0.027,0.719,0.105,0.761
jungle_chess_2pcs_endgame_panther_elephant_subset.csv,TomekLinks,AdaBoostClassifier,0.415,,,,,,,,,,,0.646,0.106,0.638,0.04,0.881,0.024,0.806,0.045,0.761
allrep.csv,RandomUnderSampler,BalancedBaggingClassifier,0.34,,,,,,,,,,,0.476,0.051,0.827,0.08,0.942,0.011,0.49,0.06,0.761
total_score.csv,RandomOverSampler,RandomForestClassifier,1.171,,,,,,,,,,,0.805,0.05,0.793,0.057,0.777,0.039,0.63,0.065,0.76
Midwest_survey_clean_subset.csv,TomekLinks,EasyEnsembleClassifier,3.846,,,,,,,,,,,0.765,0.105,0.821,0.072,0.709,0.137,0.731,0.096,0.76
segment.csv,TomekLinks,AdaBoostClassifier,0.378,,,,,,,,,,,0.744,0.114,0.748,0.09,0.778,0.103,0.767,0.093,0.76
maternal_health_risk.csv,SMOTETomek,BaggingClassifier,0.325,,,,,,,,,,,0.762,0.069,0.762,0.07,0.828,0.049,0.666,0.096,0.76
steel-plates-fault_subset.csv,SMOTETomek,BalancedRandomForestClassifier,4.308,,,,,,,,,,,0.777,0.037,0.804,0.036,0.756,0.027,0.691,0.034,0.76
pageblocks.csv,RandomOverSampler,BalancedRandomForestClassifier,1.304,,,,,,,,,,,0.61,0.139,0.63,0.165,0.944,0.021,0.732,0.097,0.759
ecoli.csv,TomekLinks,BaggingClassifier,0.284,,,,,,,,,,,0.726,0.148,0.696,0.129,0.823,0.066,0.774,0.08,0.759
optdigits.csv,RandomOverSampler,EasyEnsembleClassifier,14.335,,,,,,,,,,,0.778,0.035,0.765,0.039,0.764,0.044,0.728,0.047,0.759
HCV_data_clean.csv,SMOTETomek,BalancedRandomForestClassifier,2.17,,,,,,,,,,,0.662,0.151,0.647,0.131,0.926,0.028,0.716,0.112,0.759
Toronto-Apartment-Rental-Price.csv,ADASYN,BalancedBaggingClassifier,2.661,,,,,,,,,,,0.716,0.126,0.674,0.072,0.873,0.036,0.735,0.076,0.759
optdigits.csv,RandomOverSampler,AdaBoostClassifier,1.479,,,,,,,,,,,0.778,0.035,0.765,0.039,0.764,0.044,0.728,0.047,0.759
optdigits.csv,RandomOverSampler,RUSBoostClassifier,1.975,,,,,,,,,,,0.778,0.035,0.765,0.039,0.764,0.044,0.728,0.047,0.759
balance.csv,RandomOverSampler,GradientBoostingClassifier,0.705,,,,,,,,,,,0.705,0.051,0.734,0.08,0.85,0.034,0.725,0.062,0.759
optdigits.csv,RandomUnderSampler,RUSBoostClassifier,0.697,,,,,,,,,,,0.775,0.028,0.769,0.034,0.761,0.043,0.726,0.046,0.758
football-player-position_subset.csv,EditedNearestNeighbours,GradientBoostingClassifier,1.864,,,,,,,,,,,0.799,0.038,0.776,0.032,0.77,0.032,0.673,0.045,0.758
maternal_health_risk.csv,SMOTETomek,BalancedBaggingClassifier,0.399,,,,,,,,,,,0.76,0.064,0.761,0.068,0.826,0.044,0.662,0.086,0.758
waveform.csv,SMOTETomek,BaggingClassifier,0.413,,,,,,,,,,,0.762,0.082,0.777,0.081,0.816,0.058,0.65,0.11,0.758
vowel.csv,RandomUnderSampler,BalancedRandomForestClassifier,0.844,,,,,,,,,,,0.757,0.096,0.751,0.087,0.77,0.077,0.752,0.083,0.758
optdigits.csv,TomekLinks,RUSBoostClassifier,0.755,,,,,,,,,,,0.78,0.035,0.747,0.052,0.769,0.04,0.735,0.045,0.758
optdigits.csv,RandomUnderSampler,AdaBoostClassifier,0.524,,,,,,,,,,,0.775,0.028,0.769,0.034,0.761,0.043,0.726,0.046,0.758
optdigits.csv,RandomUnderSampler,EasyEnsembleClassifier,5.432,,,,,,,,,,,0.775,0.028,0.769,0.034,0.761,0.043,0.726,0.046,0.758
HCV_data_clean.csv,SMOTETomek,RandomForestClassifier,1.58,,,,,,,,,,,0.657,0.14,0.645,0.12,0.926,0.024,0.717,0.1,0.758
balance.csv,SMOTETomek,EasyEnsembleClassifier,2.48,,,,,,,,,,,0.718,0.049,0.755,0.094,0.838,0.041,0.7,0.075,0.758
HCV_data_clean.csv,SMOTE,GradientBoostingClassifier,11.446,,,,,,,,,,,0.637,0.126,0.669,0.109,0.926,0.024,0.714,0.093,0.758
pageblocks.csv,TomekLinks,GradientBoostingClassifier,2.188,,,,,,,,,,,0.628,0.157,0.639,0.171,0.942,0.029,0.713,0.181,0.758
HCV_data_clean.csv,ADASYN,GradientBoostingClassifier,11.363,,,,,,,,,,,0.627,0.126,0.665,0.11,0.927,0.022,0.722,0.087,0.758
TESTFORDESCRIPTION-anneal.csv,RandomOverSampler,RUSBoostClassifier,0.704,,,,,,,,,,,0.674,0.103,0.832,0.126,0.818,0.137,0.663,0.157,0.757
vehicle.csv,ADASYN,BalancedRandomForestClassifier,2.351,,,,,,,,,,,0.736,0.093,0.722,0.072,0.826,0.05,0.73,0.075,0.757
maternal_health_risk.csv,RandomOverSampler,BaggingClassifier,0.301,,,,,,,,,,,0.755,0.056,0.765,0.064,0.824,0.04,0.658,0.083,0.757
HCV_data_clean.csv,RandomOverSampler,RandomForestClassifier,0.972,,,,,,,,,,,0.694,0.201,0.612,0.153,0.922,0.029,0.708,0.107,0.757
allbp.csv,SMOTETomek,RUSBoostClassifier,2.582,,,,,,,,,,,0.494,0.075,0.865,0.096,0.9,0.033,0.399,0.053,0.757
pageblocks.csv,RandomOverSampler,RandomForestClassifier,0.94,,,,,,,,,,,0.6,0.125,0.618,0.161,0.945,0.022,0.732,0.104,0.757
allrep.csv,RandomUnderSampler,BaggingClassifier,0.256,,,,,,,,,,,0.46,0.049,0.821,0.087,0.939,0.013,0.477,0.059,0.757
TESTFORDESCRIPTION-anneal.csv,RandomOverSampler,EasyEnsembleClassifier,4.481,,,,,,,,,,,0.674,0.103,0.832,0.126,0.818,0.137,0.663,0.157,0.757
allhypo.csv,EditedNearestNeighbours,RandomForestClassifier,1.881,,,,,,,,,,,0.82,0.155,0.577,0.048,0.921,0.009,0.478,0.072,0.757
TESTFORDESCRIPTION-anneal.csv,RandomOverSampler,AdaBoostClassifier,0.558,,,,,,,,,,,0.674,0.103,0.832,0.126,0.818,0.137,0.663,0.157,0.757
pageblocks.csv,TomekLinks,EasyEnsembleClassifier,1.891,,,,,,,,,,,0.615,0.11,0.749,0.162,0.923,0.03,0.642,0.117,0.757
Toronto-Apartment-Rental-Price.csv,EditedNearestNeighbours,RandomForestClassifier,1.241,,,,,,,,,,,0.78,0.164,0.631,0.067,0.856,0.029,0.712,0.059,0.757
waveform.csv,RandomUnderSampler,RandomForestClassifier,0.598,,,,,,,,,,,0.736,0.083,0.821,0.065,0.789,0.071,0.649,0.102,0.756
waveform.csv,RandomUnderSampler,BalancedRandomForestClassifier,0.809,,,,,,,,,,,0.734,0.075,0.822,0.067,0.79,0.063,0.648,0.091,0.756
waveform.csv,TomekLinks,EasyEnsembleClassifier,2.514,,,,,,,,,,,0.736,0.062,0.805,0.055,0.804,0.054,0.653,0.078,0.756
vehicle.csv,ADASYN,GradientBoostingClassifier,4.526,,,,,,,,,,,0.737,0.098,0.72,0.075,0.827,0.05,0.729,0.077,0.756
allbp.csv,SMOTETomek,AdaBoostClassifier,2.213,,,,,,,,,,,0.492,0.074,0.865,0.096,0.897,0.036,0.394,0.053,0.756
allbp.csv,SMOTETomek,EasyEnsembleClassifier,11.492,,,,,,,,,,,0.492,0.074,0.865,0.096,0.897,0.036,0.394,0.053,0.756
allhyper.csv,RandomOverSampler,AdaBoostClassifier,1.096,,,,,,,,,,,0.421,0.035,0.807,0.132,0.948,0.025,0.462,0.075,0.755
anneal.csv,EditedNearestNeighbours,BalancedBaggingClassifier,0.286,,,,,,,,,,,0.657,0.066,0.841,0.088,0.821,0.074,0.643,0.093,0.755
waveform.csv,TomekLinks,BalancedBaggingClassifier,0.292,,,,,,,,,,,0.74,0.078,0.808,0.077,0.799,0.064,0.645,0.103,0.755
allhyper.csv,RandomOverSampler,RUSBoostClassifier,1.974,,,,,,,,,,,0.421,0.035,0.807,0.132,0.948,0.025,0.462,0.075,0.755
vehicle.csv,SMOTETomek,GradientBoostingClassifier,4.327,,,,,,,,,,,0.731,0.09,0.722,0.075,0.825,0.051,0.729,0.079,0.755
balance.csv,SMOTE,RUSBoostClassifier,0.33,,,,,,,,,,,0.712,0.053,0.742,0.097,0.839,0.046,0.706,0.08,0.755
allhyper.csv,RandomOverSampler,EasyEnsembleClassifier,110.719,,,,,,,,,,,0.421,0.035,0.807,0.132,0.948,0.025,0.462,0.075,0.755
balance.csv,SMOTE,AdaBoostClassifier,0.214,,,,,,,,,,,0.712,0.053,0.742,0.097,0.839,0.046,0.706,0.08,0.755
balance-scale.csv,TomekLinks,AdaBoostClassifier,0.249,,,,,,,,,,,0.614,0.064,0.65,0.021,0.864,0.023,0.815,0.043,0.755
maternal_health_risk.csv,RandomOverSampler,BalancedBaggingClassifier,0.347,,,,,,,,,,,0.752,0.046,0.766,0.059,0.822,0.034,0.654,0.069,0.755
balance.csv,SMOTE,EasyEnsembleClassifier,2.551,,,,,,,,,,,0.712,0.053,0.742,0.097,0.839,0.046,0.706,0.08,0.755
football-player-position_subset.csv,TomekLinks,AdaBoostClassifier,0.377,,,,,,,,,,,0.814,0.037,0.756,0.033,0.767,0.035,0.659,0.052,0.754
jungle_chess_2pcs_endgame_panther_lion_subset.csv,EditedNearestNeighbours,RUSBoostClassifier,0.117,,,,,,,,,,,0.6,0.012,0.619,0.011,0.886,0.017,0.807,0.033,0.754
dgf_96f4164d-956d-4c1c-b161-68724eb0ccdc_clean.csv,RandomUnderSampler,BaggingClassifier,0.402,,,,,,,,,,,0.775,0.072,0.774,0.061,0.742,0.063,0.723,0.065,0.754
football-player-position_subset.csv,SMOTETomek,AdaBoostClassifier,0.627,,,,,,,,,,,0.79,0.029,0.787,0.031,0.763,0.031,0.657,0.044,0.754
jungle_chess_2pcs_endgame_panther_lion_subset.csv,TomekLinks,RUSBoostClassifier,0.099,,,,,,,,,,,0.6,0.012,0.619,0.011,0.886,0.017,0.807,0.033,0.754
HCV_data_clean.csv,SMOTETomek,GradientBoostingClassifier,11.435,,,,,,,,,,,0.628,0.128,0.66,0.114,0.925,0.025,0.711,0.092,0.754
vowel.csv,TomekLinks,RandomForestClassifier,0.715,,,,,,,,,,,0.76,0.073,0.729,0.067,0.768,0.053,0.757,0.06,0.754
football-player-position_subset.csv,SMOTE,EasyEnsembleClassifier,5.149,,,,,,,,,,,0.788,0.028,0.788,0.028,0.761,0.034,0.655,0.045,0.753
football-player-position_subset.csv,RandomOverSampler,RUSBoostClassifier,0.8,,,,,,,,,,,0.786,0.027,0.788,0.031,0.762,0.031,0.657,0.044,0.753
football-player-position_subset.csv,RandomOverSampler,EasyEnsembleClassifier,4.678,,,,,,,,,,,0.786,0.027,0.788,0.031,0.762,0.031,0.657,0.044,0.753
Toronto-Apartment-Rental-Price.csv,EditedNearestNeighbours,GradientBoostingClassifier,5.864,,,,,,,,,,,0.752,0.142,0.651,0.074,0.859,0.03,0.71,0.064,0.753
allbp.csv,SMOTE,AdaBoostClassifier,1.11,,,,,,,,,,,0.483,0.058,0.863,0.095,0.893,0.038,0.387,0.056,0.753
football-player-position_subset.csv,SMOTE,AdaBoostClassifier,0.535,,,,,,,,,,,0.788,0.028,0.788,0.028,0.761,0.034,0.655,0.045,0.753
football-player-position_subset.csv,RandomOverSampler,AdaBoostClassifier,0.489,,,,,,,,,,,0.786,0.027,0.788,0.031,0.762,0.031,0.657,0.044,0.753
allbp.csv,SMOTE,RUSBoostClassifier,1.655,,,,,,,,,,,0.483,0.058,0.863,0.095,0.893,0.038,0.387,0.056,0.753
allbp.csv,SMOTE,EasyEnsembleClassifier,11.94,,,,,,,,,,,0.483,0.058,0.863,0.095,0.893,0.038,0.387,0.056,0.753
football-player-position_subset.csv,ADASYN,EasyEnsembleClassifier,4.997,,,,,,,,,,,0.785,0.027,0.785,0.036,0.762,0.031,0.66,0.043,0.753
thyroid-ann.csv,TomekLinks,AdaBoostClassifier,0.549,,,,,,,,,,,0.721,0.155,0.69,0.034,0.927,0.013,0.536,0.082,0.753
football-player-position_subset.csv,SMOTE,RUSBoostClassifier,0.752,,,,,,,,,,,0.788,0.028,0.788,0.028,0.761,0.034,0.655,0.045,0.753
TESTFORDESCRIPTION-anneal.csv,RandomUnderSampler,BalancedBaggingClassifier,0.272,,,,,,,,,,,0.642,0.072,0.842,0.107,0.818,0.086,0.647,0.098,0.752
allhypo.csv,EditedNearestNeighbours,AdaBoostClassifier,1.576,,,,,,,,,,,0.768,0.096,0.62,0.059,0.93,0.01,0.515,0.072,0.752
allbp.csv,ADASYN,RUSBoostClassifier,1.596,,,,,,,,,,,0.488,0.063,0.853,0.096,0.901,0.046,0.395,0.092,0.752
balance.csv,SMOTETomek,RUSBoostClassifier,0.383,,,,,,,,,,,0.709,0.054,0.738,0.103,0.838,0.042,0.701,0.077,0.752
allbp.csv,ADASYN,EasyEnsembleClassifier,10.42,,,,,,,,,,,0.486,0.065,0.853,0.097,0.9,0.045,0.393,0.091,0.752
vehicle.csv,RandomOverSampler,GradientBoostingClassifier,3.677,,,,,,,,,,,0.726,0.098,0.719,0.083,0.824,0.055,0.727,0.084,0.752
waveform.csv,EditedNearestNeighbours,AdaBoostClassifier,0.279,,,,,,,,,,,0.797,0.079,0.736,0.078,0.809,0.06,0.631,0.12,0.752
vehicle.csv,TomekLinks,BaggingClassifier,0.284,,,,,,,,,,,0.742,0.091,0.717,0.072,0.819,0.052,0.72,0.076,0.752
allbp.csv,RandomUnderSampler,BalancedRandomForestClassifier,0.72,,,,,,,,,,,0.443,0.029,0.878,0.055,0.874,0.041,0.356,0.08,0.751
page_blocks.csv,EditedNearestNeighbours,EasyEnsembleClassifier,2.588,,,,,,,,,,,0.575,0.028,0.848,0.044,0.874,0.031,0.54,0.058,0.751
waveform.csv,ADASYN,AdaBoostClassifier,0.523,,,,,,,,,,,0.739,0.07,0.789,0.073,0.807,0.054,0.642,0.098,0.751
HCV_data_clean.csv,ADASYN,RandomForestClassifier,1.506,,,,,,,,,,,0.64,0.138,0.636,0.131,0.924,0.026,0.71,0.104,0.751
allbp.csv,ADASYN,AdaBoostClassifier,1.12,,,,,,,,,,,0.485,0.066,0.854,0.092,0.897,0.047,0.391,0.093,0.751
balance-scale.csv,SMOTE,AdaBoostClassifier,0.229,,,,,,,,,,,0.708,0.046,0.738,0.092,0.837,0.032,0.699,0.06,0.751
balance-scale.csv,SMOTE,EasyEnsembleClassifier,2.325,,,,,,,,,,,0.708,0.046,0.738,0.092,0.837,0.032,0.699,0.06,0.751
page-blocks.csv,EditedNearestNeighbours,EasyEnsembleClassifier,2.567,,,,,,,,,,,0.575,0.028,0.848,0.044,0.874,0.031,0.54,0.058,0.751
dgf_96f4164d-956d-4c1c-b161-68724eb0ccdc_clean.csv,EditedNearestNeighbours,BaggingClassifier,0.558,,,,,,,,,,,0.765,0.079,0.731,0.071,0.759,0.053,0.749,0.055,0.751
balance-scale.csv,SMOTE,RUSBoostClassifier,0.333,,,,,,,,,,,0.708,0.046,0.738,0.092,0.837,0.032,0.699,0.06,0.751
waveform.csv,EditedNearestNeighbours,RandomForestClassifier,0.672,,,,,,,,,,,0.837,0.098,0.68,0.066,0.798,0.049,0.639,0.09,0.75
allbp.csv,RandomUnderSampler,RandomForestClassifier,0.62,,,,,,,,,,,0.45,0.04,0.866,0.058,0.882,0.044,0.357,0.1,0.75
analcatdata_halloffame_clean.csv,RandomOverSampler,RandomForestClassifier,1.209,,,,,,,,,,,0.729,0.137,0.643,0.073,0.927,0.017,0.585,0.098,0.75
anneal.csv,ADASYN,EasyEnsembleClassifier,5.685,,,,,,,,,,,0.731,0.166,0.74,0.161,0.847,0.051,0.647,0.118,0.75
vehicle.csv,RandomOverSampler,BalancedRandomForestClassifier,2.677,,,,,,,,,,,0.728,0.1,0.715,0.071,0.819,0.052,0.724,0.074,0.75
allbp.csv,RandomUnderSampler,BaggingClassifier,0.238,,,,,,,,,,,0.437,0.034,0.876,0.045,0.873,0.039,0.349,0.071,0.75
football-player-position_subset.csv,SMOTETomek,RUSBoostClassifier,0.703,,,,,,,,,,,0.787,0.022,0.784,0.027,0.758,0.026,0.649,0.037,0.75
baseball_clean.csv,RandomOverSampler,RandomForestClassifier,1.603,,,,,,,,,,,0.729,0.137,0.643,0.073,0.927,0.017,0.585,0.098,0.75
maternal_health_risk.csv,TomekLinks,GradientBoostingClassifier,0.758,,,,,,,,,,,0.785,0.086,0.714,0.073,0.816,0.047,0.652,0.092,0.749
car_evaluation.csv,ADASYN,EasyEnsembleClassifier,3.392,,,,,,,,,,,0.627,0.036,0.852,0.038,0.808,0.023,0.639,0.038,0.749
balance.csv,SMOTETomek,AdaBoostClassifier,0.253,,,,,,,,,,,0.713,0.047,0.745,0.094,0.83,0.037,0.689,0.067,0.749
steel-plates-fault_subset.csv,TomekLinks,GradientBoostingClassifier,9.502,,,,,,,,,,,0.804,0.04,0.746,0.044,0.75,0.032,0.68,0.04,0.748
maternal_health_risk.csv,TomekLinks,RandomForestClassifier,0.649,,,,,,,,,,,0.755,0.058,0.744,0.065,0.82,0.038,0.647,0.079,0.748
total_score.csv,RandomOverSampler,BaggingClassifier,0.347,,,,,,,,,,,0.785,0.068,0.8,0.067,0.76,0.056,0.603,0.091,0.748
Toronto-Apartment-Rental-Price.csv,RandomOverSampler,BaggingClassifier,1.282,,,,,,,,,,,0.681,0.073,0.675,0.071,0.869,0.033,0.725,0.07,0.748
allrep.csv,TomekLinks,EasyEnsembleClassifier,2.423,,,,,,,,,,,0.437,0.042,0.816,0.077,0.926,0.028,0.444,0.06,0.748
allhypo.csv,RandomUnderSampler,BalancedBaggingClassifier,0.469,,,,,,,,,,,0.565,0.046,0.872,0.045,0.855,0.028,0.47,0.056,0.748
vehicle.csv,TomekLinks,BalancedRandomForestClassifier,0.881,,,,,,,,,,,0.728,0.099,0.717,0.068,0.816,0.051,0.72,0.075,0.748
vehicle.csv,SMOTE,GradientBoostingClassifier,5.85,,,,,,,,,,,0.725,0.104,0.714,0.087,0.82,0.059,0.721,0.089,0.748
vehicle.csv,ADASYN,RandomForestClassifier,1.068,,,,,,,,,,,0.728,0.09,0.712,0.078,0.82,0.053,0.719,0.08,0.748
Toronto-Apartment-Rental-Price.csv,RandomOverSampler,BalancedBaggingClassifier,2.838,,,,,,,,,,,0.683,0.08,0.677,0.072,0.869,0.031,0.722,0.068,0.748
anneal.csv,EditedNearestNeighbours,AdaBoostClassifier,0.265,,,,,,,,,,,0.713,0.121,0.69,0.125,0.855,0.044,0.697,0.085,0.747
allhypo.csv,RandomUnderSampler,RandomForestClassifier,0.694,,,,,,,,,,,0.574,0.047,0.868,0.044,0.855,0.022,0.462,0.044,0.747
allbp.csv,RandomUnderSampler,RUSBoostClassifier,0.362,,,,,,,,,,,0.435,0.035,0.864,0.055,0.872,0.039,0.334,0.082,0.746
baseball_clean.csv,SMOTETomek,RandomForestClassifier,2.251,,,,,,,,,,,0.658,0.106,0.708,0.105,0.923,0.021,0.579,0.114,0.746
analcatdata_halloffame_clean.csv,SMOTETomek,RandomForestClassifier,2.123,,,,,,,,,,,0.658,0.106,0.708,0.105,0.923,0.021,0.579,0.114,0.746
satimage.csv,SMOTETomek,RUSBoostClassifier,5.83,,,,,,,,,,,0.732,0.036,0.748,0.036,0.784,0.034,0.711,0.045,0.745
balance-scale.csv,SMOTETomek,EasyEnsembleClassifier,2.402,,,,,,,,,,,0.705,0.055,0.726,0.101,0.835,0.041,0.693,0.079,0.745
allbp.csv,RandomUnderSampler,EasyEnsembleClassifier,2.134,,,,,,,,,,,0.434,0.035,0.864,0.051,0.87,0.04,0.332,0.079,0.745
allhypo.csv,RandomUnderSampler,BaggingClassifier,0.255,,,,,,,,,,,0.563,0.039,0.869,0.042,0.852,0.03,0.464,0.057,0.745
vehicle.csv,RandomOverSampler,RandomForestClassifier,0.992,,,,,,,,,,,0.728,0.103,0.709,0.077,0.815,0.055,0.717,0.079,0.745
vowel.csv,ADASYN,GradientBoostingClassifier,10.251,,,,,,,,,,,0.747,0.085,0.722,0.076,0.765,0.061,0.744,0.069,0.745
agriculture_dataset_karnataka_clean_subset.csv,RandomUnderSampler,GradientBoostingClassifier,1.511,,,,,,,,,,,0.748,0.039,0.787,0.038,0.777,0.037,0.645,0.057,0.745
vehicle.csv,SMOTE,RandomForestClassifier,3.219,,,,,,,,,,,0.725,0.1,0.709,0.071,0.817,0.049,0.717,0.074,0.745
vehicle.csv,SMOTE,BalancedRandomForestClassifier,1.658,,,,,,,,,,,0.723,0.107,0.71,0.077,0.817,0.055,0.719,0.081,0.745
vehicle.csv,TomekLinks,GradientBoostingClassifier,1.681,,,,,,,,,,,0.719,0.109,0.709,0.08,0.818,0.059,0.72,0.083,0.745
satimage.csv,SMOTETomek,AdaBoostClassifier,5.441,,,,,,,,,,,0.731,0.033,0.749,0.033,0.784,0.033,0.71,0.044,0.745
maternal_health_risk.csv,SMOTE,GradientBoostingClassifier,1.489,,,,,,,,,,,0.749,0.066,0.741,0.07,0.817,0.039,0.64,0.079,0.744
vehicle.csv,TomekLinks,RandomForestClassifier,0.86,,,,,,,,,,,0.723,0.091,0.705,0.058,0.814,0.042,0.722,0.058,0.744
waveform.csv,RandomOverSampler,BaggingClassifier,0.383,,,,,,,,,,,0.753,0.094,0.753,0.096,0.809,0.068,0.629,0.131,0.744
baseball_clean.csv,SMOTETomek,BalancedRandomForestClassifier,3.138,,,,,,,,,,,0.662,0.092,0.699,0.09,0.923,0.017,0.576,0.092,0.744
allhypo.csv,RandomUnderSampler,BalancedRandomForestClassifier,1.069,,,,,,,,,,,0.571,0.039,0.864,0.038,0.853,0.022,0.457,0.04,0.744
car_evaluation.csv,SMOTETomek,EasyEnsembleClassifier,3.805,,,,,,,,,,,0.63,0.048,0.835,0.057,0.808,0.034,0.641,0.052,0.744
allbp.csv,RandomUnderSampler,AdaBoostClassifier,0.227,,,,,,,,,,,0.433,0.035,0.863,0.051,0.869,0.042,0.33,0.08,0.744
steel-plates-fault_subset.csv,RandomOverSampler,BalancedBaggingClassifier,1.163,,,,,,,,,,,0.767,0.038,0.778,0.047,0.743,0.036,0.676,0.046,0.744
analcatdata_halloffame_clean.csv,SMOTETomek,BalancedRandomForestClassifier,3.031,,,,,,,,,,,0.662,0.092,0.699,0.09,0.923,0.017,0.576,0.092,0.744
balance-scale.csv,RandomOverSampler,GradientBoostingClassifier,0.673,,,,,,,,,,,0.696,0.055,0.717,0.085,0.838,0.038,0.703,0.073,0.744
vehicle.csv,SMOTETomek,BalancedRandomForestClassifier,1.396,,,,,,,,,,,0.723,0.1,0.706,0.077,0.817,0.052,0.716,0.078,0.744
football-player-position_subset.csv,ADASYN,RUSBoostClassifier,0.697,,,,,,,,,,,0.776,0.031,0.779,0.039,0.751,0.037,0.646,0.049,0.743
segment.csv,TomekLinks,RUSBoostClassifier,0.584,,,,,,,,,,,0.721,0.128,0.742,0.09,0.755,0.123,0.752,0.098,0.743
jungle_chess_2pcs_endgame_rat_lion_subset.csv,TomekLinks,RUSBoostClassifier,0.104,,,,,,,,,,,0.593,0.012,0.624,0.013,0.868,0.018,0.793,0.035,0.743
Mobile_Price.csv,EditedNearestNeighbours,RandomForestClassifier,0.787,,,,,,,,,,,0.764,0.098,0.694,0.045,0.792,0.035,0.712,0.046,0.743
balance.csv,TomekLinks,GradientBoostingClassifier,0.596,,,,,,,,,,,0.624,0.051,0.646,0.029,0.856,0.028,0.783,0.059,0.743
Toronto-Apartment-Rental-Price.csv,TomekLinks,BalancedRandomForestClassifier,1.195,,,,,,,,,,,0.705,0.132,0.668,0.082,0.859,0.036,0.704,0.077,0.743
allhyper.csv,RandomUnderSampler,BalancedRandomForestClassifier,0.754,,,,,,,,,,,0.331,0.025,0.856,0.123,0.856,0.044,0.286,0.065,0.743
maternal_health_risk.csv,RandomOverSampler,GradientBoostingClassifier,0.976,,,,,,,,,,,0.74,0.059,0.763,0.065,0.807,0.039,0.631,0.079,0.743
waveform.csv,ADASYN,BaggingClassifier,0.505,,,,,,,,,,,0.74,0.072,0.769,0.085,0.803,0.057,0.628,0.111,0.743
baseball_clean.csv,SMOTE,RandomForestClassifier,2.062,,,,,,,,,,,0.66,0.101,0.7,0.088,0.922,0.018,0.573,0.098,0.743
balance.csv,SMOTETomek,GradientBoostingClassifier,0.829,,,,,,,,,,,0.622,0.039,0.644,0.026,0.858,0.02,0.783,0.044,0.743
jungle_chess_2pcs_endgame_rat_lion_subset.csv,EditedNearestNeighbours,RUSBoostClassifier,0.1,,,,,,,,,,,0.593,0.012,0.624,0.013,0.868,0.018,0.793,0.035,0.743
HCV_data_clean.csv,ADASYN,BalancedRandomForestClassifier,2.224,,,,,,,,,,,0.625,0.133,0.614,0.114,0.923,0.023,0.702,0.094,0.743
satimage.csv,SMOTETomek,EasyEnsembleClassifier,42.953,,,,,,,,,,,0.73,0.032,0.746,0.034,0.782,0.032,0.708,0.043,0.743
analcatdata_halloffame_clean.csv,SMOTE,RandomForestClassifier,2.045,,,,,,,,,,,0.66,0.101,0.7,0.088,0.922,0.018,0.573,0.098,0.743
waveform.csv,EditedNearestNeighbours,EasyEnsembleClassifier,2.197,,,,,,,,,,,0.731,0.076,0.785,0.072,0.792,0.062,0.628,0.102,0.742
allbp.csv,RandomUnderSampler,BalancedBaggingClassifier,0.307,,,,,,,,,,,0.424,0.031,0.87,0.05,0.856,0.041,0.324,0.075,0.742
satimage.csv,SMOTE,RUSBoostClassifier,5.044,,,,,,,,,,,0.729,0.033,0.746,0.035,0.781,0.033,0.706,0.044,0.742
satimage.csv,SMOTE,AdaBoostClassifier,4.745,,,,,,,,,,,0.729,0.033,0.746,0.035,0.781,0.033,0.706,0.044,0.742
Success-Rates-2_clean_subset.csv,EditedNearestNeighbours,RandomForestClassifier,1.653,,,,,,,,,,,0.411,0.076,0.427,0.047,0.883,0.01,0.853,0.015,0.742
analcatdata_halloffame_clean.csv,SMOTE,BalancedRandomForestClassifier,2.929,,,,,,,,,,,0.657,0.096,0.699,0.089,0.922,0.015,0.574,0.083,0.742
baseball_clean.csv,SMOTE,BalancedRandomForestClassifier,3.302,,,,,,,,,,,0.657,0.096,0.699,0.089,0.922,0.015,0.574,0.083,0.742
satimage.csv,SMOTE,EasyEnsembleClassifier,42.619,,,,,,,,,,,0.729,0.033,0.746,0.035,0.781,0.033,0.706,0.044,0.742
football-player-position_subset.csv,EditedNearestNeighbours,AdaBoostClassifier,0.392,,,,,,,,,,,0.773,0.038,0.769,0.033,0.757,0.033,0.654,0.047,0.742
balance-scale.csv,SMOTETomek,RUSBoostClassifier,0.366,,,,,,,,,,,0.701,0.042,0.716,0.078,0.835,0.038,0.694,0.068,0.742
waveform.csv,ADASYN,RUSBoostClassifier,0.633,,,,,,,,,,,0.733,0.094,0.773,0.092,0.802,0.068,0.631,0.123,0.742
waveform.csv,EditedNearestNeighbours,GradientBoostingClassifier,1.593,,,,,,,,,,,0.81,0.068,0.692,0.07,0.797,0.049,0.621,0.091,0.741
analcatdata_halloffame_clean.csv,SMOTETomek,EasyEnsembleClassifier,9.987,,,,,,,,,,,0.635,0.07,0.753,0.092,0.903,0.021,0.542,0.092,0.741
analcatdata_halloffame_clean.csv,RandomOverSampler,BalancedRandomForestClassifier,1.665,,,,,,,,,,,0.697,0.131,0.645,0.089,0.925,0.019,0.574,0.107,0.741
vehicle.csv,RandomUnderSampler,RandomForestClassifier,0.567,,,,,,,,,,,0.713,0.099,0.713,0.078,0.813,0.053,0.711,0.079,0.741
pageblocks.csv,RandomOverSampler,EasyEnsembleClassifier,3.854,,,,,,,,,,,0.648,0.172,0.717,0.171,0.903,0.052,0.605,0.162,0.741
balance.csv,SMOTE,GradientBoostingClassifier,0.819,,,,,,,,,,,0.619,0.039,0.643,0.026,0.856,0.019,0.779,0.041,0.741
anneal.csv,EditedNearestNeighbours,BalancedRandomForestClassifier,0.958,,,,,,,,,,,0.615,0.049,0.849,0.085,0.802,0.048,0.622,0.066,0.741
pageblocks.csv,RandomOverSampler,AdaBoostClassifier,0.326,,,,,,,,,,,0.648,0.172,0.717,0.171,0.903,0.052,0.605,0.159,0.741
baseball_clean.csv,SMOTETomek,EasyEnsembleClassifier,10.595,,,,,,,,,,,0.635,0.07,0.753,0.092,0.903,0.021,0.542,0.092,0.741
pageblocks.csv,RandomOverSampler,RUSBoostClassifier,0.652,,,,,,,,,,,0.648,0.172,0.717,0.171,0.903,0.052,0.606,0.159,0.741
baseball_clean.csv,RandomOverSampler,BalancedRandomForestClassifier,1.735,,,,,,,,,,,0.697,0.131,0.645,0.089,0.925,0.019,0.574,0.107,0.741
jungle_chess_2pcs_raw_endgame_complete_seed_0_nrows_2000_nclasses_10_ncols_100_stratify_True_subset.csv,RandomOverSampler,BalancedRandomForestClassifier,1.409,,,,,,,,,,,0.749,0.04,0.745,0.04,0.799,0.029,0.653,0.049,0.741
Estimation_of_Obesity_Levels.csv,EditedNearestNeighbours,GradientBoostingClassifier,3.689,,,,,,,,,,,0.762,0.107,0.704,0.067,0.761,0.058,0.732,0.063,0.741
balance-scale.csv,SMOTETomek,GradientBoostingClassifier,0.88,,,,,,,,,,,0.624,0.048,0.643,0.029,0.855,0.023,0.777,0.05,0.741
vowel.csv,SMOTE,GradientBoostingClassifier,11.266,,,,,,,,,,,0.74,0.097,0.718,0.078,0.758,0.068,0.742,0.069,0.74
analcatdata_halloffame_clean.csv,ADASYN,AdaBoostClassifier,1.128,,,,,,,,,,,0.629,0.068,0.762,0.092,0.899,0.022,0.531,0.093,0.74
vowel.csv,SMOTETomek,GradientBoostingClassifier,10.111,,,,,,,,,,,0.74,0.097,0.718,0.078,0.758,0.068,0.742,0.069,0.74
baseball_clean.csv,ADASYN,BalancedRandomForestClassifier,3.081,,,,,,,,,,,0.653,0.089,0.701,0.083,0.92,0.018,0.566,0.094,0.74
waveform.csv,RandomOverSampler,BalancedBaggingClassifier,0.392,,,,,,,,,,,0.745,0.097,0.751,0.1,0.807,0.069,0.625,0.133,0.74
allhyper.csv,RandomUnderSampler,RandomForestClassifier,0.594,,,,,,,,,,,0.327,0.023,0.849,0.124,0.855,0.048,0.281,0.059,0.74
satimage.csv,RandomOverSampler,RUSBoostClassifier,2.642,,,,,,,,,,,0.726,0.026,0.751,0.027,0.776,0.029,0.703,0.037,0.74
allbp.csv,RandomUnderSampler,GradientBoostingClassifier,0.466,,,,,,,,,,,0.437,0.044,0.853,0.083,0.87,0.056,0.339,0.096,0.74
satimage.csv,RandomOverSampler,EasyEnsembleClassifier,20.369,,,,,,,,,,,0.726,0.026,0.751,0.027,0.776,0.029,0.703,0.037,0.74
jungle_chess_2pcs_raw_endgame_complete_seed_0_nrows_2000_nclasses_10_ncols_100_stratify_True_subset.csv,RandomOverSampler,RandomForestClassifier,0.964,,,,,,,,,,,0.749,0.046,0.74,0.044,0.799,0.03,0.653,0.052,0.74
Multiclass_Classification_for_Corporate_Credit_Ratings.csv,RandomOverSampler,RandomForestClassifier,2.488,,,,,,,,,,,0.763,0.032,0.734,0.029,0.749,0.028,0.71,0.034,0.74
balance.csv,EditedNearestNeighbours,GradientBoostingClassifier,0.628,,,,,,,,,,,0.685,0.047,0.702,0.074,0.839,0.029,0.706,0.056,0.74
baseball_clean.csv,ADASYN,AdaBoostClassifier,1.193,,,,,,,,,,,0.629,0.068,0.762,0.092,0.899,0.022,0.531,0.093,0.74
Multiclass_Classification_for_Corporate_Credit_Ratings.csv,RandomOverSampler,BalancedRandomForestClassifier,3.09,,,,,,,,,,,0.764,0.038,0.734,0.034,0.749,0.033,0.71,0.038,0.74
satimage.csv,RandomOverSampler,AdaBoostClassifier,2.289,,,,,,,,,,,0.726,0.026,0.751,0.027,0.776,0.029,0.703,0.037,0.74
analcatdata_halloffame_clean.csv,ADASYN,BalancedRandomForestClassifier,2.953,,,,,,,,,,,0.653,0.089,0.701,0.083,0.92,0.018,0.566,0.094,0.74
total_score.csv,RandomOverSampler,BalancedBaggingClassifier,0.484,,,,,,,,,,,0.776,0.063,0.795,0.065,0.75,0.05,0.59,0.082,0.739
eucalyptus_subset.csv,RandomOverSampler,RandomForestClassifier,1.062,,,,,,,,,,,0.771,0.045,0.722,0.045,0.787,0.037,0.661,0.06,0.739
vehicle.csv,RandomUnderSampler,BalancedRandomForestClassifier,1.101,,,,,,,,,,,0.716,0.1,0.712,0.065,0.808,0.046,0.707,0.07,0.739
baseball_clean.csv,SMOTE,GradientBoostingClassifier,12.819,,,,,,,,,,,0.657,0.096,0.7,0.108,0.919,0.02,0.554,0.11,0.739
HCV_data_clean.csv,TomekLinks,BalancedRandomForestClassifier,0.935,,,,,,,,,,,0.626,0.106,0.7,0.075,0.904,0.031,0.639,0.097,0.739
balance-scale.csv,SMOTE,GradientBoostingClassifier,0.763,,,,,,,,,,,0.621,0.045,0.641,0.026,0.854,0.02,0.776,0.047,0.739
Multiclass_Classification_for_Corporate_Credit_Ratings.csv,RandomOverSampler,GradientBoostingClassifier,21.834,,,,,,,,,,,0.755,0.032,0.752,0.034,0.744,0.031,0.702,0.036,0.739
analcatdata_halloffame_clean.csv,SMOTE,GradientBoostingClassifier,12.498,,,,,,,,,,,0.657,0.096,0.7,0.108,0.919,0.02,0.554,0.11,0.739
car_evaluation.csv,SMOTETomek,RUSBoostClassifier,0.702,,,,,,,,,,,0.625,0.048,0.83,0.064,0.804,0.032,0.636,0.049,0.739
waveform.csv,SMOTETomek,EasyEnsembleClassifier,4.493,,,,,,,,,,,0.729,0.082,0.767,0.09,0.801,0.061,0.626,0.117,0.738
baseball_clean.csv,ADASYN,GradientBoostingClassifier,13.144,,,,,,,,,,,0.657,0.097,0.699,0.109,0.918,0.02,0.55,0.107,0.738
car_evaluation.csv,TomekLinks,EasyEnsembleClassifier,2.273,,,,,,,,,,,0.613,0.043,0.838,0.042,0.803,0.032,0.624,0.051,0.738
jungle_chess_2pcs_raw_endgame_complete_seed_0_nrows_2000_nclasses_10_ncols_100_stratify_True_subset.csv,ADASYN,BalancedRandomForestClassifier,1.413,,,,,,,,,,,0.755,0.042,0.732,0.041,0.796,0.032,0.648,0.057,0.738
jungle_chess_2pcs_raw_endgame_complete_seed_0_nrows_2000_nclasses_10_ncols_100_stratify_True_subset.csv,SMOTE,RandomForestClassifier,0.984,,,,,,,,,,,0.754,0.049,0.733,0.044,0.796,0.033,0.648,0.057,0.738
eucalyptus_subset.csv,RandomOverSampler,BalancedRandomForestClassifier,1.643,,,,,,,,,,,0.769,0.048,0.719,0.045,0.787,0.034,0.66,0.054,0.738
car_evaluation.csv,SMOTE,EasyEnsembleClassifier,3.484,,,,,,,,,,,0.623,0.051,0.825,0.064,0.805,0.033,0.636,0.052,0.738
analcatdata_halloffame_clean.csv,ADASYN,GradientBoostingClassifier,12.601,,,,,,,,,,,0.657,0.097,0.699,0.109,0.918,0.02,0.55,0.107,0.738
jungle_chess_2pcs_raw_endgame_complete_seed_0_nrows_2000_nclasses_10_ncols_100_stratify_True_subset.csv,SMOTE,BalancedRandomForestClassifier,1.414,,,,,,,,,,,0.755,0.05,0.732,0.048,0.796,0.034,0.648,0.059,0.738
mfeat-morphological.csv,TomekLinks,BalancedRandomForestClassifier,0.887,,,,,,,,,,,0.728,0.064,0.71,0.048,0.769,0.042,0.737,0.047,0.737
dgf_96f4164d-956d-4c1c-b161-68724eb0ccdc_clean.csv,EditedNearestNeighbours,GradientBoostingClassifier,14.429,,,,,,,,,,,0.729,0.069,0.712,0.066,0.752,0.058,0.754,0.057,0.737
waveform.csv,SMOTETomek,AdaBoostClassifier,0.504,,,,,,,,,,,0.728,0.082,0.765,0.088,0.801,0.061,0.625,0.116,0.737
football-player-position_subset.csv,EditedNearestNeighbours,BaggingClassifier,0.407,,,,,,,,,,,0.783,0.03,0.755,0.028,0.748,0.028,0.639,0.041,0.737
car_evaluation.csv,SMOTE,RUSBoostClassifier,0.587,,,,,,,,,,,0.622,0.05,0.825,0.065,0.804,0.033,0.635,0.051,0.737
steel-plates-fault_subset.csv,ADASYN,BaggingClassifier,1.633,,,,,,,,,,,0.739,0.042,0.785,0.041,0.739,0.036,0.676,0.045,0.737
balance-scale.csv,SMOTETomek,AdaBoostClassifier,0.252,,,,,,,,,,,0.702,0.051,0.718,0.092,0.826,0.042,0.68,0.077,0.737
car_evaluation.csv,SMOTE,AdaBoostClassifier,0.394,,,,,,,,,,,0.622,0.05,0.825,0.065,0.804,0.033,0.635,0.051,0.737
Toronto-Apartment-Rental-Price.csv,EditedNearestNeighbours,BaggingClassifier,0.716,,,,,,,,,,,0.711,0.123,0.639,0.073,0.855,0.029,0.7,0.06,0.737
jungle_chess_2pcs_raw_endgame_complete_seed_0_nrows_2000_nclasses_10_ncols_100_stratify_True_subset.csv,ADASYN,RandomForestClassifier,0.996,,,,,,,,,,,0.753,0.043,0.731,0.043,0.797,0.032,0.648,0.056,0.737
steel-plates-fault_subset.csv,ADASYN,BalancedBaggingClassifier,2.161,,,,,,,,,,,0.743,0.043,0.787,0.038,0.736,0.026,0.67,0.035,0.737
eucalyptus_subset.csv,ADASYN,BalancedRandomForestClassifier,1.777,,,,,,,,,,,0.763,0.047,0.723,0.044,0.786,0.038,0.66,0.059,0.737
eucalyptus_subset.csv,SMOTE,RandomForestClassifier,1.202,,,,,,,,,,,0.765,0.047,0.721,0.046,0.786,0.035,0.659,0.057,0.737
analcatdata_halloffame_clean.csv,SMOTETomek,AdaBoostClassifier,1.188,,,,,,,,,,,0.631,0.07,0.744,0.095,0.902,0.021,0.536,0.094,0.737
baseball_clean.csv,SMOTETomek,AdaBoostClassifier,1.233,,,,,,,,,,,0.631,0.07,0.744,0.095,0.902,0.021,0.536,0.094,0.737
baseball_clean.csv,SMOTETomek,GradientBoostingClassifier,13.243,,,,,,,,,,,0.656,0.091,0.696,0.107,0.919,0.02,0.549,0.109,0.737
steel-plates-fault_subset.csv,TomekLinks,RandomForestClassifier,1.135,,,,,,,,,,,0.813,0.046,0.722,0.046,0.731,0.039,0.66,0.047,0.737
analcatdata_halloffame_clean.csv,SMOTETomek,GradientBoostingClassifier,12.656,,,,,,,,,,,0.656,0.091,0.696,0.107,0.919,0.02,0.549,0.109,0.737
ann_thyroid.csv,TomekLinks,AdaBoostClassifier,1.136,,,,,,,,,,,0.666,0.084,0.674,0.031,0.925,0.006,0.535,0.032,0.736
analcatdata_halloffame_clean.csv,ADASYN,EasyEnsembleClassifier,9.952,,,,,,,,,,,0.629,0.071,0.75,0.097,0.899,0.021,0.525,0.091,0.736
analcatdata_halloffame_clean.csv,ADASYN,RandomForestClassifier,2.054,,,,,,,,,,,0.642,0.102,0.696,0.099,0.919,0.021,0.563,0.113,0.736
baseball_clean.csv,ADASYN,EasyEnsembleClassifier,10.51,,,,,,,,,,,0.629,0.071,0.75,0.097,0.899,0.021,0.525,0.091,0.736
baseball_clean.csv,ADASYN,RandomForestClassifier,2.236,,,,,,,,,,,0.642,0.102,0.696,0.099,0.919,0.021,0.563,0.113,0.736
HCV_data_clean.csv,RandomOverSampler,GradientBoostingClassifier,5.417,,,,,,,,,,,0.62,0.134,0.599,0.122,0.92,0.022,0.691,0.086,0.736
analcatdata_halloffame_clean.csv,SMOTETomek,RUSBoostClassifier,1.415,,,,,,,,,,,0.633,0.071,0.743,0.094,0.901,0.021,0.531,0.09,0.736
anneal.csv,ADASYN,RUSBoostClassifier,0.823,,,,,,,,,,,0.719,0.15,0.741,0.144,0.826,0.07,0.623,0.127,0.736
maternal_health_risk.csv,SMOTETomek,GradientBoostingClassifier,1.256,,,,,,,,,,,0.74,0.072,0.735,0.076,0.811,0.044,0.627,0.092,0.736
baseball_clean.csv,SMOTETomek,RUSBoostClassifier,1.5,,,,,,,,,,,0.633,0.071,0.743,0.094,0.901,0.021,0.531,0.09,0.736
maternal_health_risk.csv,ADASYN,GradientBoostingClassifier,1.37,,,,,,,,,,,0.737,0.059,0.74,0.062,0.808,0.038,0.625,0.078,0.735
jungle_chess_2pcs_raw_endgame_complete_seed_0_nrows_2000_nclasses_10_ncols_100_stratify_True_subset.csv,SMOTETomek,BalancedRandomForestClassifier,1.366,,,,,,,,,,,0.752,0.053,0.727,0.045,0.795,0.035,0.645,0.061,0.735
balance-scale.csv,TomekLinks,GradientBoostingClassifier,0.589,,,,,,,,,,,0.618,0.047,0.639,0.025,0.849,0.022,0.77,0.046,0.735
car_evaluation.csv,ADASYN,AdaBoostClassifier,0.36,,,,,,,,,,,0.612,0.052,0.827,0.071,0.803,0.034,0.628,0.056,0.735
steel-plates-fault_subset.csv,SMOTE,BaggingClassifier,1.452,,,,,,,,,,,0.743,0.048,0.779,0.045,0.737,0.036,0.668,0.046,0.735
waveform.csv,SMOTE,RUSBoostClassifier,0.74,,,,,,,,,,,0.724,0.082,0.763,0.087,0.798,0.062,0.62,0.117,0.734
waveform.csv,SMOTE,EasyEnsembleClassifier,5.263,,,,,,,,,,,0.724,0.082,0.763,0.087,0.798,0.062,0.62,0.117,0.734
waveform.csv,SMOTE,AdaBoostClassifier,0.438,,,,,,,,,,,0.724,0.082,0.763,0.087,0.798,0.062,0.62,0.117,0.734
HCV_data_clean.csv,TomekLinks,GradientBoostingClassifier,2.587,,,,,,,,,,,0.656,0.141,0.585,0.118,0.916,0.024,0.67,0.102,0.734
vehicle.csv,SMOTETomek,RandomForestClassifier,1.047,,,,,,,,,,,0.708,0.098,0.696,0.074,0.81,0.048,0.704,0.076,0.733
optdigits.csv,EditedNearestNeighbours,RUSBoostClassifier,0.741,,,,,,,,,,,0.765,0.057,0.711,0.08,0.744,0.066,0.709,0.069,0.733
Estimation_of_Obesity_Levels.csv,EditedNearestNeighbours,BaggingClassifier,0.295,,,,,,,,,,,0.76,0.103,0.697,0.073,0.747,0.064,0.722,0.068,0.733
jungle_chess_2pcs_raw_endgame_complete_seed_0_nrows_2000_nclasses_10_ncols_100_stratify_True_subset.csv,RandomOverSampler,GradientBoostingClassifier,1.426,,,,,,,,,,,0.71,0.033,0.778,0.039,0.783,0.034,0.634,0.056,0.733
website_phishing.csv,EditedNearestNeighbours,AdaBoostClassifier,0.263,,,,,,,,,,,0.689,0.039,0.724,0.059,0.822,0.032,0.674,0.058,0.733
vehicle.csv,ADASYN,BalancedBaggingClassifier,1.17,,,,,,,,,,,0.723,0.109,0.7,0.095,0.804,0.067,0.692,0.107,0.733
vehicle.csv,SMOTETomek,BalancedBaggingClassifier,0.435,,,,,,,,,,,0.719,0.093,0.699,0.081,0.806,0.053,0.693,0.085,0.733
waveform.csv,SMOTETomek,RUSBoostClassifier,0.66,,,,,,,,,,,0.723,0.086,0.759,0.089,0.798,0.064,0.617,0.121,0.732
steel-plates-fault_subset.csv,RandomOverSampler,BaggingClassifier,1.035,,,,,,,,,,,0.751,0.04,0.769,0.05,0.733,0.033,0.663,0.043,0.732
car_evaluation.csv,ADASYN,RUSBoostClassifier,0.589,,,,,,,,,,,0.615,0.045,0.818,0.042,0.803,0.025,0.628,0.038,0.732
steel-plates-fault_subset.csv,SMOTE,BalancedBaggingClassifier,1.853,,,,,,,,,,,0.737,0.045,0.78,0.047,0.735,0.038,0.665,0.049,0.732
HCV_data_clean.csv,RandomOverSampler,BalancedRandomForestClassifier,1.491,,,,,,,,,,,0.644,0.211,0.575,0.165,0.915,0.036,0.677,0.134,0.732
jungle_chess_2pcs_raw_endgame_complete_seed_0_nrows_2000_nclasses_10_ncols_100_stratify_True_subset.csv,TomekLinks,RandomForestClassifier,0.759,,,,,,,,,,,0.749,0.046,0.721,0.05,0.792,0.035,0.641,0.061,0.731
jungle_chess_2pcs_raw_endgame_complete_seed_0_nrows_2000_nclasses_10_ncols_100_stratify_True_subset.csv,SMOTETomek,RandomForestClassifier,0.959,,,,,,,,,,,0.746,0.047,0.729,0.048,0.79,0.035,0.637,0.061,0.731
vehicle.csv,SMOTETomek,BaggingClassifier,0.353,,,,,,,,,,,0.713,0.09,0.696,0.071,0.806,0.049,0.695,0.078,0.731
waveform.csv,RandomOverSampler,EasyEnsembleClassifier,3.817,,,,,,,,,,,0.726,0.086,0.754,0.085,0.797,0.064,0.612,0.119,0.731
waveform.csv,RandomUnderSampler,AdaBoostClassifier,0.286,,,,,,,,,,,0.71,0.065,0.779,0.075,0.786,0.052,0.613,0.092,0.731
waveform.csv,RandomUnderSampler,EasyEnsembleClassifier,2.535,,,,,,,,,,,0.71,0.065,0.779,0.075,0.786,0.052,0.613,0.092,0.731
waveform.csv,RandomUnderSampler,RUSBoostClassifier,0.365,,,,,,,,,,,0.71,0.065,0.779,0.075,0.786,0.052,0.613,0.092,0.731
waveform.csv,RandomOverSampler,RUSBoostClassifier,0.541,,,,,,,,,,,0.726,0.086,0.754,0.085,0.797,0.064,0.612,0.119,0.731
waveform.csv,RandomOverSampler,AdaBoostClassifier,0.412,,,,,,,,,,,0.726,0.086,0.754,0.085,0.797,0.064,0.612,0.119,0.731
analcatdata_halloffame_clean.csv,SMOTE,EasyEnsembleClassifier,10.011,,,,,,,,,,,0.623,0.049,0.735,0.084,0.899,0.017,0.523,0.071,0.73
jungle_chess_2pcs_raw_endgame_complete_seed_0_nrows_2000_nclasses_10_ncols_100_stratify_True_subset.csv,SMOTETomek,GradientBoostingClassifier,1.863,,,,,,,,,,,0.732,0.039,0.737,0.04,0.79,0.035,0.639,0.059,0.73
ecoli.csv,EditedNearestNeighbours,BaggingClassifier,0.666,,,,,,,,,,,0.689,0.142,0.632,0.111,0.813,0.057,0.754,0.071,0.73
analcatdata_halloffame_clean.csv,SMOTE,RUSBoostClassifier,1.348,,,,,,,,,,,0.623,0.049,0.735,0.084,0.899,0.017,0.523,0.071,0.73
baseball_clean.csv,SMOTE,AdaBoostClassifier,1.149,,,,,,,,,,,0.623,0.049,0.735,0.084,0.899,0.017,0.523,0.071,0.73
baseball_clean.csv,SMOTE,EasyEnsembleClassifier,10.452,,,,,,,,,,,0.623,0.049,0.735,0.084,0.899,0.017,0.523,0.071,0.73
analcatdata_halloffame_clean.csv,SMOTE,AdaBoostClassifier,1.107,,,,,,,,,,,0.623,0.049,0.735,0.084,0.899,0.017,0.523,0.071,0.73
allrep.csv,ADASYN,EasyEnsembleClassifier,13.853,,,,,,,,,,,0.413,0.056,0.758,0.096,0.932,0.027,0.451,0.075,0.73
baseball_clean.csv,SMOTE,RUSBoostClassifier,1.344,,,,,,,,,,,0.623,0.049,0.735,0.084,0.899,0.017,0.523,0.071,0.73
car_evaluation.csv,SMOTETomek,AdaBoostClassifier,0.502,,,,,,,,,,,0.611,0.051,0.816,0.079,0.8,0.032,0.628,0.054,0.73
vehicle.csv,RandomOverSampler,BaggingClassifier,0.332,,,,,,,,,,,0.71,0.097,0.696,0.081,0.804,0.054,0.697,0.082,0.73
car_evaluation.csv,RandomOverSampler,AdaBoostClassifier,0.421,,,,,,,,,,,0.603,0.054,0.81,0.068,0.806,0.033,0.628,0.054,0.729
baseball_clean.csv,RandomOverSampler,GradientBoostingClassifier,7.173,,,,,,,,,,,0.65,0.08,0.673,0.086,0.917,0.016,0.539,0.089,0.729
maternal_health_risk.csv,TomekLinks,BaggingClassifier,0.271,,,,,,,,,,,0.738,0.067,0.723,0.069,0.805,0.043,0.621,0.086,0.729
eucalyptus_subset.csv,ADASYN,RandomForestClassifier,1.243,,,,,,,,,,,0.754,0.048,0.714,0.047,0.78,0.037,0.65,0.058,0.729
ecoli.csv,RandomOverSampler,BalancedBaggingClassifier,0.321,,,,,,,,,,,0.683,0.144,0.684,0.133,0.798,0.069,0.737,0.092,0.729
analcatdata_halloffame_clean.csv,RandomOverSampler,GradientBoostingClassifier,6.597,,,,,,,,,,,0.65,0.08,0.673,0.086,0.917,0.016,0.539,0.089,0.729
analcatdata_halloffame_clean.csv,TomekLinks,GradientBoostingClassifier,3.834,,,,,,,,,,,0.692,0.14,0.61,0.095,0.921,0.021,0.552,0.125,0.729
segment.csv,EditedNearestNeighbours,AdaBoostClassifier,0.424,,,,,,,,,,,0.703,0.17,0.705,0.143,0.758,0.126,0.744,0.124,0.729
dgf_96f4164d-956d-4c1c-b161-68724eb0ccdc_clean.csv,EditedNearestNeighbours,RandomForestClassifier,0.921,,,,,,,,,,,0.751,0.062,0.711,0.051,0.729,0.04,0.723,0.04,0.729
car_evaluation.csv,RandomOverSampler,RUSBoostClassifier,0.569,,,,,,,,,,,0.603,0.054,0.81,0.068,0.806,0.033,0.628,0.054,0.729
baseball_clean.csv,TomekLinks,GradientBoostingClassifier,3.755,,,,,,,,,,,0.692,0.14,0.61,0.095,0.921,0.021,0.552,0.125,0.729
jungle_chess_2pcs_raw_endgame_complete_seed_0_nrows_2000_nclasses_10_ncols_100_stratify_True_subset.csv,SMOTE,GradientBoostingClassifier,2.111,,,,,,,,,,,0.732,0.043,0.731,0.039,0.79,0.033,0.638,0.056,0.728
car_evaluation.csv,RandomOverSampler,EasyEnsembleClassifier,3.523,,,,,,,,,,,0.603,0.053,0.809,0.068,0.806,0.033,0.627,0.054,0.728
football-player-position_subset.csv,ADASYN,AdaBoostClassifier,0.571,,,,,,,,,,,0.765,0.027,0.762,0.046,0.736,0.033,0.624,0.049,0.728
led7.csv,SMOTETomek,GradientBoostingClassifier,4.327,,,,,,,,,,,0.729,0.035,0.737,0.041,0.742,0.036,0.701,0.042,0.728
allrep.csv,SMOTE,EasyEnsembleClassifier,14.289,,,,,,,,,,,0.427,0.068,0.758,0.086,0.928,0.027,0.434,0.075,0.727
allrep.csv,SMOTE,RUSBoostClassifier,2.664,,,,,,,,,,,0.427,0.068,0.758,0.086,0.928,0.027,0.434,0.075,0.727
allrep.csv,ADASYN,AdaBoostClassifier,1.423,,,,,,,,,,,0.434,0.065,0.751,0.098,0.931,0.028,0.442,0.079,0.727
led7.csv,RandomUnderSampler,RandomForestClassifier,0.684,,,,,,,,,,,0.727,0.034,0.741,0.036,0.739,0.029,0.7,0.035,0.727
baseball_clean.csv,ADASYN,RUSBoostClassifier,1.355,,,,,,,,,,,0.611,0.058,0.738,0.094,0.896,0.018,0.511,0.083,0.727
allrep.csv,SMOTE,AdaBoostClassifier,1.402,,,,,,,,,,,0.427,0.068,0.758,0.086,0.928,0.027,0.434,0.075,0.727
baseball_clean.csv,ADASYN,BaggingClassifier,1.024,,,,,,,,,,,0.639,0.093,0.677,0.104,0.916,0.019,0.539,0.105,0.727
analcatdata_halloffame_clean.csv,ADASYN,BaggingClassifier,0.941,,,,,,,,,,,0.639,0.093,0.677,0.104,0.916,0.019,0.539,0.105,0.727
analcatdata_halloffame_clean.csv,ADASYN,RUSBoostClassifier,1.26,,,,,,,,,,,0.611,0.058,0.738,0.094,0.896,0.018,0.511,0.083,0.727
balance.csv,EditedNearestNeighbours,AdaBoostClassifier,0.281,,,,,,,,,,,0.707,0.034,0.731,0.075,0.802,0.038,0.647,0.064,0.727
led7.csv,TomekLinks,RandomForestClassifier,0.74,,,,,,,,,,,0.726,0.034,0.74,0.036,0.739,0.03,0.7,0.035,0.727
led7.csv,SMOTETomek,BaggingClassifier,0.421,,,,,,,,,,,0.732,0.039,0.736,0.043,0.74,0.036,0.699,0.043,0.727
led7.csv,RandomOverSampler,BalancedBaggingClassifier,0.438,,,,,,,,,,,0.727,0.037,0.739,0.037,0.74,0.036,0.701,0.041,0.727
eucalyptus_subset.csv,SMOTE,BalancedRandomForestClassifier,1.697,,,,,,,,,,,0.757,0.046,0.71,0.051,0.778,0.04,0.647,0.064,0.727
led7.csv,SMOTETomek,BalancedBaggingClassifier,0.479,,,,,,,,,,,0.731,0.039,0.734,0.043,0.739,0.038,0.698,0.045,0.726
waveform.csv,EditedNearestNeighbours,BaggingClassifier,0.265,,,,,,,,,,,0.777,0.088,0.699,0.063,0.788,0.059,0.599,0.111,0.726
led7.csv,SMOTE,GradientBoostingClassifier,4.839,,,,,,,,,,,0.727,0.036,0.736,0.04,0.741,0.036,0.7,0.042,0.726
led7.csv,SMOTETomek,BalancedRandomForestClassifier,1.768,,,,,,,,,,,0.731,0.035,0.734,0.039,0.739,0.034,0.697,0.04,0.726
maternal_health_risk.csv,TomekLinks,BalancedRandomForestClassifier,0.947,,,,,,,,,,,0.723,0.059,0.744,0.058,0.796,0.034,0.609,0.068,0.726
pageblocks.csv,TomekLinks,BalancedBaggingClassifier,0.313,,,,,,,,,,,0.562,0.133,0.767,0.18,0.88,0.053,0.555,0.13,0.726
mfeat-morphological.csv,SMOTE,BalancedRandomForestClassifier,1.58,,,,,,,,,,,0.714,0.056,0.7,0.048,0.759,0.04,0.728,0.044,0.726
led7.csv,TomekLinks,BalancedBaggingClassifier,0.418,,,,,,,,,,,0.726,0.035,0.739,0.037,0.738,0.033,0.699,0.038,0.726
mfeat-morphological.csv,SMOTETomek,RandomForestClassifier,0.93,,,,,,,,,,,0.716,0.051,0.699,0.044,0.759,0.036,0.727,0.041,0.726
jungle_chess_2pcs_raw_endgame_complete_seed_0_nrows_2000_nclasses_10_ncols_100_stratify_True_subset.csv,ADASYN,GradientBoostingClassifier,1.997,,,,,,,,,,,0.728,0.038,0.73,0.041,0.788,0.034,0.635,0.058,0.726
vehicle.csv,RandomUnderSampler,GradientBoostingClassifier,1.823,,,,,,,,,,,0.689,0.099,0.712,0.08,0.8,0.064,0.687,0.097,0.726
waveform.csv,ADASYN,BalancedBaggingClassifier,0.491,,,,,,,,,,,0.727,0.075,0.746,0.074,0.792,0.055,0.605,0.103,0.726
led7.csv,RandomOverSampler,GradientBoostingClassifier,4.269,,,,,,,,,,,0.723,0.039,0.739,0.039,0.738,0.034,0.699,0.039,0.725
led7.csv,RandomUnderSampler,BalancedRandomForestClassifier,1.162,,,,,,,,,,,0.723,0.035,0.739,0.037,0.738,0.033,0.698,0.038,0.725
waveform.csv,EditedNearestNeighbours,BalancedBaggingClassifier,0.315,,,,,,,,,,,0.735,0.085,0.745,0.074,0.782,0.064,0.604,0.108,0.725
allrep.csv,SMOTETomek,EasyEnsembleClassifier,15.472,,,,,,,,,,,0.426,0.066,0.75,0.085,0.928,0.029,0.434,0.075,0.725
led7.csv,SMOTE,RandomForestClassifier,1.048,,,,,,,,,,,0.731,0.036,0.733,0.042,0.738,0.036,0.697,0.043,0.725
allrep.csv,SMOTETomek,RUSBoostClassifier,3.827,,,,,,,,,,,0.426,0.066,0.75,0.085,0.929,0.027,0.434,0.072,0.725
mfeat-morphological.csv,RandomUnderSampler,RandomForestClassifier,0.644,,,,,,,,,,,0.712,0.06,0.698,0.053,0.759,0.046,0.726,0.05,0.725
baseball_clean.csv,TomekLinks,BaggingClassifier,0.392,,,,,,,,,,,0.655,0.123,0.625,0.077,0.921,0.018,0.567,0.108,0.725
ann_thyroid.csv,EditedNearestNeighbours,AdaBoostClassifier,1.051,,,,,,,,,,,0.675,0.113,0.633,0.028,0.921,0.003,0.509,0.027,0.725
led7.csv,SMOTETomek,RandomForestClassifier,1.064,,,,,,,,,,,0.73,0.034,0.733,0.038,0.738,0.033,0.696,0.04,0.725
led7.csv,TomekLinks,GradientBoostingClassifier,2.238,,,,,,,,,,,0.732,0.039,0.727,0.04,0.741,0.035,0.7,0.041,0.725
led7.csv,RandomOverSampler,BaggingClassifier,0.321,,,,,,,,,,,0.725,0.039,0.737,0.038,0.737,0.035,0.698,0.04,0.725
mfeat-morphological.csv,SMOTE,RandomForestClassifier,1.122,,,,,,,,,,,0.708,0.06,0.701,0.049,0.759,0.044,0.729,0.046,0.725
analcatdata_halloffame_clean.csv,TomekLinks,BaggingClassifier,0.388,,,,,,,,,,,0.655,0.123,0.625,0.077,0.921,0.018,0.567,0.108,0.725
satimage.csv,RandomUnderSampler,AdaBoostClassifier,0.788,,,,,,,,,,,0.716,0.029,0.732,0.035,0.761,0.034,0.682,0.045,0.724
led7.csv,ADASYN,GradientBoostingClassifier,4.868,,,,,,,,,,,0.721,0.038,0.736,0.041,0.737,0.037,0.699,0.042,0.724
allrep.csv,ADASYN,RUSBoostClassifier,2.086,,,,,,,,,,,0.405,0.059,0.749,0.102,0.928,0.028,0.437,0.078,0.724
satimage.csv,RandomUnderSampler,RUSBoostClassifier,0.942,,,,,,,,,,,0.716,0.029,0.732,0.035,0.761,0.034,0.682,0.045,0.724
vehicle.csv,SMOTE,BaggingClassifier,1.525,,,,,,,,,,,0.703,0.097,0.686,0.083,0.802,0.051,0.688,0.083,0.724
allrep.csv,SMOTETomek,AdaBoostClassifier,3.274,,,,,,,,,,,0.425,0.069,0.749,0.085,0.928,0.028,0.433,0.075,0.724
mfeat-morphological.csv,RandomUnderSampler,BalancedRandomForestClassifier,0.946,,,,,,,,,,,0.71,0.061,0.697,0.051,0.758,0.044,0.726,0.048,0.724
thyroid-ann.csv,EditedNearestNeighbours,RandomForestClassifier,0.9,,,,,,,,,,,0.629,0.022,0.653,0.024,0.923,0.003,0.541,0.029,0.724
led7.csv,SMOTE,BalancedBaggingClassifier,0.512,,,,,,,,,,,0.728,0.037,0.733,0.042,0.738,0.035,0.697,0.042,0.724
penbased.csv,EditedNearestNeighbours,EasyEnsembleClassifier,3.216,,,,,,,,,,,0.764,0.04,0.719,0.034,0.713,0.034,0.694,0.038,0.724
led7.csv,TomekLinks,BaggingClassifier,0.31,,,,,,,,,,,0.735,0.041,0.727,0.04,0.738,0.035,0.696,0.042,0.724
vowel.csv,RandomOverSampler,GradientBoostingClassifier,8.562,,,,,,,,,,,0.722,0.115,0.7,0.102,0.748,0.084,0.725,0.092,0.724
jungle_chess_2pcs_raw_endgame_complete_seed_0_nrows_2000_nclasses_10_ncols_100_stratify_True_subset.csv,TomekLinks,GradientBoostingClassifier,1.146,,,,,,,,,,,0.735,0.043,0.71,0.038,0.791,0.032,0.637,0.055,0.724
led7.csv,SMOTE,BaggingClassifier,0.328,,,,,,,,,,,0.729,0.038,0.733,0.043,0.738,0.036,0.696,0.044,0.724
website_phishing.csv,SMOTETomek,EasyEnsembleClassifier,3.006,,,,,,,,,,,0.683,0.03,0.725,0.045,0.81,0.032,0.655,0.056,0.724
satimage.csv,RandomUnderSampler,EasyEnsembleClassifier,7.036,,,,,,,,,,,0.716,0.029,0.732,0.035,0.761,0.034,0.682,0.045,0.724
website_phishing.csv,SMOTE,RUSBoostClassifier,0.47,,,,,,,,,,,0.682,0.031,0.722,0.044,0.809,0.035,0.656,0.059,0.723
analcatdata_halloffame_clean.csv,RandomOverSampler,RUSBoostClassifier,0.819,,,,,,,,,,,0.628,0.061,0.728,0.08,0.889,0.021,0.488,0.077,0.723
website_phishing.csv,SMOTE,EasyEnsembleClassifier,2.927,,,,,,,,,,,0.682,0.031,0.722,0.044,0.809,0.035,0.656,0.059,0.723
analcatdata_halloffame_clean.csv,RandomOverSampler,EasyEnsembleClassifier,6.094,,,,,,,,,,,0.628,0.061,0.728,0.08,0.889,0.021,0.488,0.077,0.723
allrep.csv,TomekLinks,AdaBoostClassifier,0.63,,,,,,,,,,,0.582,0.122,0.556,0.1,0.969,0.005,0.559,0.089,0.723
led7.csv,RandomUnderSampler,BaggingClassifier,0.253,,,,,,,,,,,0.723,0.038,0.737,0.04,0.735,0.033,0.696,0.038,0.723
website_phishing.csv,SMOTETomek,AdaBoostClassifier,0.328,,,,,,,,,,,0.682,0.034,0.725,0.05,0.808,0.034,0.653,0.059,0.723
baseball_clean.csv,RandomOverSampler,AdaBoostClassifier,0.81,,,,,,,,,,,0.628,0.061,0.728,0.08,0.889,0.021,0.488,0.077,0.723
baseball_clean.csv,RandomOverSampler,EasyEnsembleClassifier,6.212,,,,,,,,,,,0.628,0.061,0.728,0.08,0.889,0.021,0.488,0.077,0.723
maternal_health_risk.csv,TomekLinks,BalancedBaggingClassifier,0.313,,,,,,,,,,,0.714,0.058,0.751,0.064,0.789,0.041,0.604,0.077,0.723
analcatdata_halloffame_clean.csv,RandomOverSampler,AdaBoostClassifier,0.724,,,,,,,,,,,0.628,0.061,0.728,0.08,0.889,0.021,0.488,0.077,0.723
baseball_clean.csv,RandomOverSampler,RUSBoostClassifier,0.874,,,,,,,,,,,0.628,0.061,0.728,0.08,0.889,0.021,0.488,0.077,0.723
website_phishing.csv,SMOTE,AdaBoostClassifier,0.292,,,,,,,,,,,0.682,0.031,0.722,0.044,0.809,0.035,0.656,0.059,0.723
mfeat-morphological.csv,ADASYN,BalancedRandomForestClassifier,1.499,,,,,,,,,,,0.71,0.051,0.697,0.04,0.756,0.035,0.726,0.037,0.723
led7.csv,TomekLinks,BalancedRandomForestClassifier,1.38,,,,,,,,,,,0.719,0.034,0.737,0.035,0.735,0.032,0.696,0.035,0.722
football-player-position_subset.csv,RandomUnderSampler,AdaBoostClassifier,0.242,,,,,,,,,,,0.76,0.034,0.761,0.047,0.728,0.041,0.615,0.056,0.722
allrep.csv,RandomUnderSampler,EasyEnsembleClassifier,2.34,,,,,,,,,,,0.415,0.081,0.764,0.12,0.914,0.034,0.406,0.092,0.722
allrep.csv,RandomUnderSampler,AdaBoostClassifier,0.227,,,,,,,,,,,0.415,0.08,0.764,0.12,0.914,0.034,0.406,0.092,0.722
football-player-position_subset.csv,RandomUnderSampler,EasyEnsembleClassifier,3.248,,,,,,,,,,,0.76,0.034,0.761,0.047,0.728,0.041,0.615,0.056,0.722
eucalyptus_subset.csv,SMOTETomek,BalancedRandomForestClassifier,1.729,,,,,,,,,,,0.75,0.054,0.707,0.05,0.773,0.035,0.639,0.055,0.722
football-player-position_subset.csv,RandomUnderSampler,RUSBoostClassifier,0.418,,,,,,,,,,,0.76,0.034,0.761,0.047,0.728,0.041,0.615,0.056,0.722
football-player-position_subset.csv,EditedNearestNeighbours,EasyEnsembleClassifier,2.408,,,,,,,,,,,0.734,0.044,0.769,0.035,0.738,0.036,0.627,0.05,0.722
led7.csv,SMOTE,BalancedRandomForestClassifier,1.663,,,,,,,,,,,0.727,0.035,0.731,0.039,0.736,0.034,0.694,0.041,0.722
allrep.csv,RandomUnderSampler,RUSBoostClassifier,0.343,,,,,,,,,,,0.415,0.08,0.764,0.12,0.914,0.034,0.406,0.092,0.722
led7.csv,RandomUnderSampler,BalancedBaggingClassifier,0.316,,,,,,,,,,,0.72,0.036,0.737,0.038,0.735,0.032,0.696,0.036,0.722
allrep.csv,RandomOverSampler,EasyEnsembleClassifier,11.513,,,,,,,,,,,0.401,0.049,0.751,0.091,0.92,0.043,0.424,0.082,0.721
vehicle.csv,RandomOverSampler,BalancedBaggingClassifier,0.416,,,,,,,,,,,0.696,0.09,0.685,0.068,0.799,0.049,0.686,0.075,0.721
jungle_chess_2pcs_endgame_rat_lion_clean_subset.csv,TomekLinks,RUSBoostClassifier,0.106,,,,,,,,,,,0.58,0.017,0.62,0.019,0.843,0.026,0.761,0.051,0.721
allrep.csv,RandomOverSampler,RUSBoostClassifier,1.784,,,,,,,,,,,0.401,0.049,0.751,0.091,0.92,0.043,0.424,0.082,0.721
vehicle.csv,SMOTE,BalancedBaggingClassifier,0.55,,,,,,,,,,,0.699,0.105,0.684,0.086,0.801,0.057,0.685,0.093,0.721
allrep.csv,RandomOverSampler,AdaBoostClassifier,1.099,,,,,,,,,,,0.401,0.049,0.751,0.091,0.92,0.043,0.424,0.082,0.721
jungle_chess_2pcs_endgame_rat_lion_clean_subset.csv,EditedNearestNeighbours,RUSBoostClassifier,0.109,,,,,,,,,,,0.58,0.017,0.62,0.019,0.843,0.026,0.761,0.051,0.721
analcatdata_halloffame_clean.csv,TomekLinks,AdaBoostClassifier,0.437,,,,,,,,,,,0.661,0.119,0.619,0.088,0.918,0.019,0.534,0.112,0.721
vehicle.csv,ADASYN,BaggingClassifier,0.383,,,,,,,,,,,0.7,0.091,0.684,0.077,0.799,0.051,0.683,0.081,0.721
eucalyptus_subset.csv,SMOTE,BalancedBaggingClassifier,0.649,,,,,,,,,,,0.736,0.054,0.719,0.048,0.773,0.034,0.638,0.053,0.721
baseball_clean.csv,TomekLinks,AdaBoostClassifier,0.457,,,,,,,,,,,0.661,0.119,0.619,0.088,0.918,0.019,0.534,0.112,0.721
website_phishing.csv,SMOTETomek,RUSBoostClassifier,0.483,,,,,,,,,,,0.682,0.032,0.721,0.046,0.807,0.036,0.651,0.062,0.721
penbased.csv,TomekLinks,EasyEnsembleClassifier,3.468,,,,,,,,,,,0.742,0.047,0.722,0.047,0.722,0.049,0.694,0.053,0.721
TESTFORDESCRIPTION-anneal.csv,RandomUnderSampler,GradientBoostingClassifier,0.604,,,,,,,,,,,0.615,0.11,0.812,0.117,0.785,0.104,0.607,0.117,0.721
led7.csv,RandomOverSampler,RandomForestClassifier,1.089,,,,,,,,,,,0.721,0.04,0.733,0.04,0.735,0.036,0.695,0.041,0.721
eucalyptus_subset.csv,SMOTE,BaggingClassifier,0.508,,,,,,,,,,,0.735,0.054,0.716,0.046,0.773,0.035,0.639,0.055,0.72
students_dropout_and_academic_success.csv,SMOTE,BalancedRandomForestClassifier,6.05,,,,,,,,,,,0.756,0.029,0.676,0.03,0.802,0.019,0.606,0.038,0.72
satimage.csv,TomekLinks,RUSBoostClassifier,0.94,,,,,,,,,,,0.721,0.053,0.733,0.053,0.746,0.098,0.675,0.088,0.72
mfeat-morphological.csv,RandomUnderSampler,BalancedBaggingClassifier,0.294,,,,,,,,,,,0.706,0.045,0.693,0.045,0.756,0.035,0.721,0.043,0.72
steel-plates-fault_subset.csv,SMOTETomek,BalancedBaggingClassifier,1.596,,,,,,,,,,,0.719,0.04,0.778,0.039,0.719,0.034,0.649,0.042,0.72
analcatdata_halloffame_clean.csv,SMOTETomek,BalancedBaggingClassifier,1.446,,,,,,,,,,,0.616,0.08,0.671,0.091,0.914,0.017,0.531,0.089,0.72
website_phishing.csv,ADASYN,AdaBoostClassifier,0.295,,,,,,,,,,,0.68,0.03,0.721,0.048,0.806,0.031,0.649,0.053,0.72
anneal.csv,RandomUnderSampler,GradientBoostingClassifier,0.604,,,,,,,,,,,0.642,0.061,0.817,0.086,0.774,0.085,0.581,0.099,0.72
mfeat-morphological.csv,ADASYN,RandomForestClassifier,1.108,,,,,,,,,,,0.703,0.055,0.694,0.049,0.755,0.041,0.723,0.044,0.72
baseball_clean.csv,SMOTETomek,BalancedBaggingClassifier,1.502,,,,,,,,,,,0.616,0.08,0.671,0.091,0.914,0.017,0.531,0.089,0.72
vehicle.csv,TomekLinks,BalancedBaggingClassifier,0.291,,,,,,,,,,,0.698,0.084,0.688,0.064,0.795,0.042,0.684,0.061,0.72
students_dropout_and_academic_success.csv,RandomOverSampler,BalancedRandomForestClassifier,4.674,,,,,,,,,,,0.753,0.028,0.679,0.03,0.802,0.018,0.607,0.035,0.72
website_phishing.csv,TomekLinks,EasyEnsembleClassifier,2.125,,,,,,,,,,,0.686,0.025,0.742,0.037,0.791,0.035,0.629,0.055,0.719
mfeat-morphological.csv,RandomOverSampler,RandomForestClassifier,0.987,,,,,,,,,,,0.707,0.068,0.692,0.058,0.754,0.05,0.721,0.055,0.719
led7.csv,RandomOverSampler,BalancedRandomForestClassifier,1.688,,,,,,,,,,,0.719,0.039,0.731,0.038,0.733,0.036,0.693,0.041,0.719
eucalyptus_subset.csv,SMOTETomek,RandomForestClassifier,1.205,,,,,,,,,,,0.744,0.051,0.706,0.05,0.772,0.035,0.637,0.056,0.719
ecoli.csv,RandomOverSampler,BaggingClassifier,0.236,,,,,,,,,,,0.674,0.133,0.667,0.119,0.791,0.055,0.728,0.075,0.719
website_phishing.csv,TomekLinks,AdaBoostClassifier,0.265,,,,,,,,,,,0.66,0.082,0.633,0.033,0.825,0.026,0.721,0.046,0.719
students_dropout_and_academic_success.csv,RandomOverSampler,RandomForestClassifier,2.948,,,,,,,,,,,0.751,0.03,0.678,0.031,0.801,0.02,0.604,0.04,0.719
eucalyptus_subset.csv,RandomOverSampler,BaggingClassifier,0.367,,,,,,,,,,,0.726,0.05,0.718,0.049,0.773,0.035,0.639,0.057,0.718
led7.csv,ADASYN,BalancedRandomForestClassifier,1.464,,,,,,,,,,,0.717,0.04,0.73,0.04,0.731,0.036,0.691,0.04,0.718
football-player-position_subset.csv,EditedNearestNeighbours,BalancedBaggingClassifier,0.468,,,,,,,,,,,0.734,0.038,0.762,0.03,0.734,0.03,0.621,0.041,0.718
texture.csv,TomekLinks,EasyEnsembleClassifier,9.475,,,,,,,,,,,0.712,0.041,0.729,0.037,0.725,0.037,0.704,0.041,0.718
led7.csv,RandomUnderSampler,GradientBoostingClassifier,1.94,,,,,,,,,,,0.715,0.035,0.732,0.037,0.731,0.034,0.691,0.039,0.718
analcatdata_halloffame_clean.csv,SMOTE,BaggingClassifier,1.02,,,,,,,,,,,0.622,0.097,0.659,0.089,0.914,0.02,0.527,0.104,0.718
eucalyptus_subset.csv,ADASYN,BaggingClassifier,0.485,,,,,,,,,,,0.733,0.046,0.71,0.047,0.773,0.037,0.637,0.059,0.718
led7.csv,ADASYN,BalancedBaggingClassifier,0.41,,,,,,,,,,,0.717,0.035,0.73,0.039,0.731,0.033,0.692,0.038,0.718
anneal.csv,ADASYN,AdaBoostClassifier,0.579,,,,,,,,,,,0.685,0.144,0.729,0.14,0.817,0.062,0.596,0.112,0.718
steel-plates-fault_subset.csv,SMOTETomek,BaggingClassifier,1.347,,,,,,,,,,,0.714,0.039,0.78,0.029,0.715,0.034,0.649,0.042,0.718
baseball_clean.csv,SMOTE,BaggingClassifier,1.109,,,,,,,,,,,0.622,0.097,0.659,0.089,0.914,0.02,0.527,0.104,0.718
mfeat-morphological.csv,ADASYN,GradientBoostingClassifier,7.106,,,,,,,,,,,0.703,0.065,0.693,0.054,0.753,0.046,0.721,0.05,0.718
Toronto-Apartment-Rental-Price.csv,EditedNearestNeighbours,BalancedRandomForestClassifier,1.198,,,,,,,,,,,0.665,0.075,0.648,0.078,0.843,0.029,0.665,0.062,0.717
students_dropout_and_academic_success.csv,TomekLinks,GradientBoostingClassifier,11.769,,,,,,,,,,,0.751,0.027,0.672,0.027,0.799,0.018,0.608,0.036,0.717
students_dropout_and_academic_success.csv,SMOTETomek,BalancedRandomForestClassifier,6.992,,,,,,,,,,,0.751,0.028,0.674,0.03,0.8,0.019,0.602,0.037,0.717
eucalyptus_subset.csv,RandomOverSampler,BalancedBaggingClassifier,0.54,,,,,,,,,,,0.725,0.043,0.716,0.042,0.772,0.033,0.637,0.053,0.717
jungle_chess_2pcs_raw_endgame_complete_seed_0_nrows_2000_nclasses_10_ncols_100_stratify_True_subset.csv,TomekLinks,BalancedRandomForestClassifier,1.02,,,,,,,,,,,0.696,0.036,0.767,0.044,0.766,0.036,0.609,0.057,0.717
Estimation_of_Obesity_Levels.csv,EditedNearestNeighbours,BalancedRandomForestClassifier,1.023,,,,,,,,,,,0.718,0.095,0.72,0.072,0.738,0.076,0.689,0.091,0.717
led7.csv,ADASYN,RandomForestClassifier,0.95,,,,,,,,,,,0.715,0.041,0.729,0.042,0.731,0.036,0.692,0.041,0.717
Multiclass_Classification_for_Corporate_Credit_Ratings.csv,RandomUnderSampler,RandomForestClassifier,1.282,,,,,,,,,,,0.723,0.027,0.753,0.03,0.713,0.029,0.674,0.032,0.717
led7.csv,ADASYN,BaggingClassifier,0.343,,,,,,,,,,,0.716,0.035,0.729,0.038,0.73,0.032,0.691,0.037,0.717
mfeat-morphological.csv,RandomOverSampler,BalancedRandomForestClassifier,1.686,,,,,,,,,,,0.704,0.067,0.688,0.061,0.751,0.051,0.717,0.057,0.716
steel-plates-fault_subset.csv,TomekLinks,BaggingClassifier,0.491,,,,,,,,,,,0.767,0.042,0.729,0.046,0.717,0.035,0.636,0.046,0.716
students_dropout_and_academic_success.csv,SMOTE,RandomForestClassifier,3.708,,,,,,,,,,,0.75,0.032,0.67,0.031,0.798,0.02,0.598,0.04,0.715
website_phishing.csv,ADASYN,EasyEnsembleClassifier,2.971,,,,,,,,,,,0.676,0.029,0.718,0.048,0.801,0.03,0.641,0.051,0.715
students_dropout_and_academic_success.csv,SMOTE,GradientBoostingClassifier,46.113,,,,,,,,,,,0.732,0.033,0.69,0.034,0.8,0.021,0.599,0.042,0.715
mfeat-morphological.csv,ADASYN,BaggingClassifier,0.367,,,,,,,,,,,0.701,0.059,0.688,0.054,0.751,0.044,0.717,0.05,0.715
students_dropout_and_academic_success.csv,SMOTETomek,RandomForestClassifier,4.618,,,,,,,,,,,0.747,0.029,0.672,0.027,0.799,0.018,0.599,0.037,0.715
jungle_chess_2pcs_raw_endgame_complete_seed_0_nrows_2000_nclasses_10_ncols_100_stratify_True_subset.csv,SMOTE,BalancedBaggingClassifier,0.397,,,,,,,,,,,0.733,0.05,0.712,0.045,0.776,0.034,0.613,0.058,0.715
students_dropout_and_academic_success.csv,ADASYN,BalancedRandomForestClassifier,6.346,,,,,,,,,,,0.745,0.031,0.674,0.033,0.799,0.022,0.6,0.043,0.715
allhyper.csv,RandomUnderSampler,BaggingClassifier,0.251,,,,,,,,,,,0.336,0.03,0.829,0.108,0.81,0.068,0.231,0.066,0.715
mfeat-morphological.csv,RandomUnderSampler,BaggingClassifier,0.258,,,,,,,,,,,0.703,0.058,0.687,0.054,0.751,0.042,0.716,0.05,0.715
vowel.csv,ADASYN,BaggingClassifier,0.362,,,,,,,,,,,0.711,0.103,0.688,0.1,0.739,0.081,0.717,0.09,0.714
analcatdata_halloffame_clean.csv,RandomOverSampler,BalancedBaggingClassifier,0.658,,,,,,,,,,,0.643,0.12,0.621,0.092,0.915,0.018,0.512,0.104,0.714
analcatdata_halloffame_clean.csv,RandomOverSampler,BaggingClassifier,0.473,,,,,,,,,,,0.642,0.122,0.621,0.093,0.915,0.018,0.515,0.107,0.714
analcatdata_halloffame_clean.csv,TomekLinks,BalancedRandomForestClassifier,0.894,,,,,,,,,,,0.572,0.05,0.742,0.069,0.88,0.018,0.486,0.061,0.714
mfeat-morphological.csv,TomekLinks,GradientBoostingClassifier,2.418,,,,,,,,,,,0.701,0.075,0.686,0.06,0.75,0.051,0.716,0.056,0.714
baseball_clean.csv,SMOTETomek,BaggingClassifier,1.174,,,,,,,,,,,0.607,0.088,0.661,0.104,0.911,0.019,0.516,0.106,0.714
baseball_clean.csv,RandomOverSampler,BaggingClassifier,0.583,,,,,,,,,,,0.642,0.122,0.621,0.093,0.915,0.018,0.515,0.107,0.714
balance.csv,TomekLinks,RandomForestClassifier,0.645,,,,,,,,,,,0.599,0.011,0.615,0.024,0.838,0.024,0.736,0.056,0.714
baseball_clean.csv,RandomOverSampler,BalancedBaggingClassifier,0.677,,,,,,,,,,,0.643,0.12,0.621,0.092,0.915,0.018,0.512,0.104,0.714
baseball_clean.csv,TomekLinks,BalancedRandomForestClassifier,0.949,,,,,,,,,,,0.572,0.05,0.742,0.069,0.88,0.018,0.486,0.061,0.714
Multiclass_Classification_for_Corporate_Credit_Ratings.csv,RandomUnderSampler,GradientBoostingClassifier,8.756,,,,,,,,,,,0.725,0.035,0.746,0.039,0.71,0.037,0.667,0.041,0.714
analcatdata_halloffame_clean.csv,SMOTETomek,BaggingClassifier,1.111,,,,,,,,,,,0.607,0.088,0.661,0.104,0.911,0.019,0.516,0.106,0.714
ecoli.csv,EditedNearestNeighbours,GradientBoostingClassifier,1.495,,,,,,,,,,,0.682,0.122,0.631,0.115,0.786,0.062,0.731,0.079,0.713
analcatdata_halloffame_clean.csv,ADASYN,BalancedBaggingClassifier,1.305,,,,,,,,,,,0.614,0.094,0.654,0.101,0.911,0.019,0.514,0.103,0.713
anneal.csv,TomekLinks,AdaBoostClassifier,0.29,,,,,,,,,,,0.67,0.106,0.633,0.086,0.833,0.028,0.671,0.072,0.713
baseball_clean.csv,SMOTE,BalancedBaggingClassifier,1.391,,,,,,,,,,,0.609,0.081,0.652,0.084,0.912,0.016,0.518,0.087,0.713
website_phishing.csv,ADASYN,RUSBoostClassifier,0.414,,,,,,,,,,,0.673,0.029,0.715,0.047,0.8,0.029,0.639,0.05,0.713
mfeat-morphological.csv,TomekLinks,BaggingClassifier,0.32,,,,,,,,,,,0.702,0.08,0.685,0.063,0.748,0.055,0.714,0.06,0.713
analcatdata_halloffame_clean.csv,SMOTE,BalancedBaggingClassifier,1.321,,,,,,,,,,,0.609,0.081,0.652,0.084,0.912,0.016,0.518,0.087,0.713
balance-scale.csv,TomekLinks,RandomForestClassifier,0.659,,,,,,,,,,,0.6,0.011,0.614,0.021,0.838,0.021,0.733,0.051,0.713
dgf_96f4164d-956d-4c1c-b161-68724eb0ccdc_clean.csv,RandomUnderSampler,GradientBoostingClassifier,6.29,,,,,,,,,,,0.768,0.06,0.722,0.052,0.687,0.059,0.662,0.065,0.713
baseball_clean.csv,ADASYN,BalancedBaggingClassifier,1.34,,,,,,,,,,,0.614,0.094,0.654,0.101,0.911,0.019,0.514,0.103,0.713
students_dropout_and_academic_success.csv,ADASYN,GradientBoostingClassifier,45.502,,,,,,,,,,,0.728,0.03,0.686,0.03,0.799,0.019,0.598,0.04,0.712
HCV_data_clean.csv,ADASYN,EasyEnsembleClassifier,6.495,,,,,,,,,,,0.587,0.147,0.62,0.144,0.902,0.033,0.622,0.124,0.712
students_dropout_and_academic_success.csv,SMOTETomek,GradientBoostingClassifier,46.77,,,,,,,,,,,0.729,0.032,0.687,0.032,0.798,0.02,0.595,0.04,0.712
air-quality-and-pollution-assessment_subset.csv,EditedNearestNeighbours,RUSBoostClassifier,0.28,,,,,,,,,,,0.714,0.102,0.727,0.085,0.735,0.135,0.666,0.131,0.712
thyroid-ann.csv,EditedNearestNeighbours,AdaBoostClassifier,0.545,,,,,,,,,,,0.623,0.044,0.627,0.037,0.92,0.005,0.504,0.055,0.712
jungle_chess_2pcs_raw_endgame_complete_seed_0_nrows_2000_nclasses_10_ncols_100_stratify_True_subset.csv,RandomOverSampler,BalancedBaggingClassifier,0.415,,,,,,,,,,,0.715,0.036,0.722,0.044,0.773,0.03,0.61,0.052,0.711
mfeat-morphological.csv,TomekLinks,RandomForestClassifier,0.62,,,,,,,,,,,0.697,0.067,0.683,0.05,0.747,0.044,0.713,0.048,0.711
mfeat-morphological.csv,SMOTE,GradientBoostingClassifier,7.25,,,,,,,,,,,0.696,0.058,0.684,0.052,0.747,0.043,0.713,0.047,0.711
mfeat-morphological.csv,SMOTETomek,BalancedRandomForestClassifier,1.532,,,,,,,,,,,0.699,0.055,0.683,0.045,0.746,0.037,0.713,0.043,0.711
students_dropout_and_academic_success.csv,ADASYN,RandomForestClassifier,3.885,,,,,,,,,,,0.741,0.03,0.669,0.03,0.796,0.019,0.595,0.038,0.711
Multiclass_Classification_for_Corporate_Credit_Ratings.csv,RandomUnderSampler,BalancedRandomForestClassifier,1.528,,,,,,,,,,,0.719,0.029,0.745,0.032,0.707,0.033,0.666,0.036,0.711
Estimation_of_Obesity_Levels.csv,EditedNearestNeighbours,RandomForestClassifier,0.797,,,,,,,,,,,0.756,0.097,0.666,0.061,0.708,0.055,0.706,0.052,0.711
allhypo.csv,EditedNearestNeighbours,BalancedRandomForestClassifier,1.75,,,,,,,,,,,0.525,0.034,0.748,0.06,0.886,0.013,0.416,0.051,0.71
vowel.csv,ADASYN,BalancedBaggingClassifier,0.435,,,,,,,,,,,0.699,0.119,0.683,0.1,0.737,0.085,0.717,0.09,0.71
mfeat-morphological.csv,ADASYN,BalancedBaggingClassifier,0.399,,,,,,,,,,,0.695,0.062,0.683,0.048,0.745,0.041,0.713,0.045,0.71
eucalyptus_subset.csv,ADASYN,GradientBoostingClassifier,5.797,,,,,,,,,,,0.704,0.046,0.715,0.047,0.768,0.03,0.632,0.047,0.709
balance-scale.csv,EditedNearestNeighbours,AdaBoostClassifier,0.291,,,,,,,,,,,0.703,0.033,0.717,0.076,0.777,0.038,0.613,0.063,0.709
jungle_chess_2pcs_raw_endgame_complete_seed_0_nrows_2000_nclasses_10_ncols_100_stratify_True_subset.csv,SMOTE,BaggingClassifier,91.578,,,,,,,,,,,0.724,0.045,0.71,0.044,0.771,0.031,0.606,0.054,0.709
jungle_chess_2pcs_raw_endgame_complete_seed_0_nrows_2000_nclasses_10_ncols_100_stratify_True_subset.csv,ADASYN,BalancedBaggingClassifier,0.426,,,,,,,,,,,0.722,0.041,0.711,0.046,0.77,0.034,0.605,0.059,0.709
penbased.csv,SMOTETomek,EasyEnsembleClassifier,3.798,,,,,,,,,,,0.729,0.049,0.71,0.047,0.709,0.047,0.682,0.053,0.708
jungle_chess_2pcs_raw_endgame_complete_seed_0_nrows_2000_nclasses_10_ncols_100_stratify_True_subset.csv,RandomOverSampler,BaggingClassifier,0.339,,,,,,,,,,,0.714,0.04,0.718,0.05,0.77,0.032,0.605,0.056,0.708
jungle_chess_2pcs_raw_endgame_complete_seed_0_nrows_2000_nclasses_10_ncols_100_stratify_True_subset.csv,SMOTETomek,BaggingClassifier,0.402,,,,,,,,,,,0.721,0.036,0.713,0.042,0.769,0.031,0.602,0.052,0.708
car_subset.csv,RandomUnderSampler,BaggingClassifier,0.213,,,,,,,,,,,0.61,0.047,0.815,0.053,0.766,0.041,0.56,0.059,0.708
allhyper.csv,RandomUnderSampler,BalancedBaggingClassifier,0.311,,,,,,,,,,,0.329,0.025,0.827,0.115,0.794,0.076,0.226,0.056,0.708
mfeat-morphological.csv,SMOTETomek,BaggingClassifier,0.373,,,,,,,,,,,0.695,0.054,0.678,0.049,0.745,0.04,0.708,0.046,0.708
mfeat-morphological.csv,SMOTE,BaggingClassifier,0.437,,,,,,,,,,,0.695,0.061,0.68,0.049,0.744,0.044,0.71,0.046,0.708
analcatdata_halloffame_clean.csv,TomekLinks,RandomForestClassifier,0.845,,,,,,,,,,,0.649,0.16,0.572,0.066,0.913,0.016,0.524,0.112,0.707
jungle_chess_2pcs_raw_endgame_complete_seed_0_nrows_2000_nclasses_10_ncols_100_stratify_True_subset.csv,EditedNearestNeighbours,GradientBoostingClassifier,0.868,,,,,,,,,,,0.687,0.029,0.755,0.034,0.759,0.03,0.594,0.046,0.707
jungle_chess_2pcs_raw_endgame_complete_seed_0_nrows_2000_nclasses_10_ncols_100_stratify_True_subset.csv,ADASYN,BaggingClassifier,0.359,,,,,,,,,,,0.723,0.048,0.706,0.045,0.769,0.033,0.603,0.059,0.707
baseball_clean.csv,TomekLinks,RandomForestClassifier,0.875,,,,,,,,,,,0.649,0.16,0.572,0.066,0.913,0.016,0.524,0.112,0.707
Estimation_of_Obesity_Levels.csv,EditedNearestNeighbours,BalancedBaggingClassifier,0.294,,,,,,,,,,,0.706,0.088,0.712,0.065,0.732,0.069,0.676,0.082,0.707
eucalyptus_subset.csv,SMOTETomek,BalancedBaggingClassifier,0.633,,,,,,,,,,,0.719,0.049,0.707,0.049,0.762,0.035,0.62,0.057,0.707
jungle_chess_2pcs_raw_endgame_complete_seed_0_nrows_2000_nclasses_10_ncols_100_stratify_True_subset.csv,SMOTETomek,BalancedBaggingClassifier,0.452,,,,,,,,,,,0.723,0.04,0.71,0.039,0.768,0.03,0.601,0.052,0.707
eucalyptus_subset.csv,SMOTE,GradientBoostingClassifier,6.04,,,,,,,,,,,0.715,0.044,0.703,0.042,0.765,0.03,0.628,0.047,0.707
Multiclass_Classification_for_Corporate_Credit_Ratings.csv,SMOTE,GradientBoostingClassifier,31.715,,,,,,,,,,,0.713,0.033,0.73,0.033,0.713,0.035,0.667,0.039,0.707
dgf_96f4164d-956d-4c1c-b161-68724eb0ccdc_clean.csv,RandomUnderSampler,BalancedBaggingClassifier,0.44,,,,,,,,,,,0.725,0.068,0.737,0.063,0.691,0.058,0.67,0.062,0.707
car_subset.csv,RandomUnderSampler,RandomForestClassifier,0.546,,,,,,,,,,,0.584,0.033,0.806,0.042,0.778,0.029,0.574,0.04,0.707
car_subset.csv,RandomUnderSampler,BalancedRandomForestClassifier,0.755,,,,,,,,,,,0.584,0.028,0.807,0.045,0.775,0.026,0.57,0.037,0.706
mfeat-morphological.csv,SMOTETomek,GradientBoostingClassifier,5.914,,,,,,,,,,,0.688,0.056,0.68,0.046,0.743,0.038,0.707,0.04,0.706
Multiclass_Classification_for_Corporate_Credit_Ratings.csv,ADASYN,GradientBoostingClassifier,31.157,,,,,,,,,,,0.713,0.03,0.728,0.034,0.71,0.033,0.663,0.038,0.705
HCV_data_clean.csv,SMOTETomek,EasyEnsembleClassifier,6.586,,,,,,,,,,,0.583,0.146,0.613,0.14,0.896,0.038,0.605,0.129,0.705
car_subset.csv,TomekLinks,AdaBoostClassifier,0.374,,,,,,,,,,,0.675,0.129,0.592,0.086,0.83,0.021,0.668,0.041,0.705
eucalyptus_subset.csv,SMOTETomek,BaggingClassifier,0.522,,,,,,,,,,,0.716,0.051,0.707,0.047,0.761,0.033,0.618,0.053,0.705
total_score.csv,ADASYN,RandomForestClassifier,1.31,,,,,,,,,,,0.757,0.043,0.728,0.062,0.729,0.033,0.556,0.057,0.704
Success-Rates-2_clean_subset.csv,RandomOverSampler,EasyEnsembleClassifier,170.534,,,,,,,,,,,0.623,0.107,0.604,0.106,0.805,0.256,0.735,0.208,0.704
eucalyptus_subset.csv,ADASYN,BalancedBaggingClassifier,0.643,,,,,,,,,,,0.716,0.038,0.695,0.037,0.764,0.031,0.623,0.05,0.704
analcatdata_halloffame_clean.csv,RandomUnderSampler,RandomForestClassifier,0.547,,,,,,,,,,,0.562,0.052,0.756,0.071,0.853,0.023,0.451,0.059,0.704
eucalyptus_subset.csv,TomekLinks,RandomForestClassifier,0.769,,,,,,,,,,,0.751,0.049,0.671,0.042,0.753,0.035,0.619,0.052,0.704
baseball_clean.csv,RandomUnderSampler,RandomForestClassifier,0.572,,,,,,,,,,,0.562,0.052,0.756,0.071,0.853,0.023,0.451,0.059,0.704
mfeat-morphological.csv,SMOTE,BalancedBaggingClassifier,0.415,,,,,,,,,,,0.688,0.061,0.677,0.051,0.741,0.043,0.707,0.046,0.704
mfeat-morphological.csv,SMOTETomek,BalancedBaggingClassifier,0.472,,,,,,,,,,,0.688,0.051,0.675,0.046,0.742,0.038,0.705,0.042,0.704
mfeat-morphological.csv,TomekLinks,BalancedBaggingClassifier,0.351,,,,,,,,,,,0.692,0.072,0.674,0.057,0.741,0.05,0.705,0.053,0.704
football-player-position_subset.csv,EditedNearestNeighbours,RUSBoostClassifier,0.326,,,,,,,,,,,0.727,0.085,0.748,0.064,0.716,0.098,0.603,0.094,0.704
dgf_96f4164d-956d-4c1c-b161-68724eb0ccdc_clean.csv,RandomUnderSampler,RandomForestClassifier,0.705,,,,,,,,,,,0.717,0.066,0.721,0.054,0.696,0.052,0.675,0.057,0.703
HCV_data_clean.csv,TomekLinks,AdaBoostClassifier,0.301,,,,,,,,,,,0.584,0.199,0.522,0.146,0.906,0.028,0.638,0.103,0.703
total_score.csv,ADASYN,BalancedRandomForestClassifier,1.834,,,,,,,,,,,0.754,0.042,0.724,0.067,0.728,0.037,0.555,0.059,0.702
website_phishing.csv,RandomUnderSampler,EasyEnsembleClassifier,2.106,,,,,,,,,,,0.674,0.026,0.718,0.048,0.78,0.029,0.608,0.048,0.702
website_phishing.csv,RandomUnderSampler,AdaBoostClassifier,0.2,,,,,,,,,,,0.674,0.026,0.718,0.048,0.78,0.029,0.608,0.048,0.702
mfeat-morphological.csv,RandomOverSampler,GradientBoostingClassifier,5.498,,,,,,,,,,,0.685,0.073,0.674,0.069,0.74,0.057,0.704,0.064,0.702
anneal.csv,TomekLinks,EasyEnsembleClassifier,1.932,,,,,,,,,,,0.662,0.042,0.784,0.084,0.761,0.065,0.524,0.09,0.702
analcatdata_halloffame_clean.csv,RandomUnderSampler,BalancedRandomForestClassifier,0.77,,,,,,,,,,,0.562,0.044,0.751,0.073,0.853,0.028,0.451,0.071,0.702
website_phishing.csv,RandomUnderSampler,RUSBoostClassifier,0.304,,,,,,,,,,,0.674,0.026,0.718,0.048,0.78,0.029,0.608,0.048,0.702
baseball_clean.csv,RandomUnderSampler,BalancedRandomForestClassifier,0.77,,,,,,,,,,,0.562,0.044,0.751,0.073,0.853,0.028,0.451,0.071,0.702
total_score.csv,SMOTE,BalancedRandomForestClassifier,2.079,,,,,,,,,,,0.76,0.041,0.721,0.069,0.727,0.037,0.553,0.065,0.702
jungle_chess_2pcs_raw_endgame_complete_seed_0_nrows_2000_nclasses_10_ncols_100_stratify_True_subset.csv,TomekLinks,BaggingClassifier,0.319,,,,,,,,,,,0.71,0.049,0.7,0.05,0.767,0.032,0.598,0.055,0.701
vowel.csv,SMOTETomek,BalancedBaggingClassifier,0.476,,,,,,,,,,,0.689,0.121,0.674,0.106,0.727,0.083,0.71,0.091,0.701
analcatdata_halloffame_clean.csv,EditedNearestNeighbours,GradientBoostingClassifier,2.787,,,,,,,,,,,0.579,0.155,0.605,0.055,0.912,0.012,0.549,0.077,0.701
product_sentiment_machine_hack_subset.csv,ADASYN,GradientBoostingClassifier,204.128,,,,,,,,,,,0.547,0.072,0.501,0.031,0.848,0.021,0.751,0.038,0.701
car_subset.csv,RandomUnderSampler,BalancedBaggingClassifier,0.272,,,,,,,,,,,0.599,0.047,0.804,0.053,0.763,0.039,0.553,0.061,0.701
vehicle.csv,RandomUnderSampler,BaggingClassifier,0.29,,,,,,,,,,,0.673,0.109,0.677,0.086,0.779,0.06,0.659,0.096,0.701
allhyper.csv,EditedNearestNeighbours,BalancedRandomForestClassifier,1.814,,,,,,,,,,,0.34,0.021,0.664,0.107,0.933,0.013,0.391,0.062,0.701
baseball_clean.csv,EditedNearestNeighbours,GradientBoostingClassifier,2.959,,,,,,,,,,,0.579,0.155,0.605,0.055,0.912,0.012,0.549,0.077,0.701
students_dropout_and_academic_success.csv,TomekLinks,BalancedRandomForestClassifier,3.955,,,,,,,,,,,0.695,0.026,0.706,0.032,0.786,0.018,0.575,0.036,0.701
dermatology.csv,TomekLinks,EasyEnsembleClassifier,2.048,,,,,,,,,,,0.691,0.076,0.707,0.087,0.713,0.071,0.691,0.088,0.701
vowel.csv,SMOTE,BalancedBaggingClassifier,0.565,,,,,,,,,,,0.689,0.121,0.673,0.104,0.726,0.082,0.709,0.09,0.7
allhypo.csv,EditedNearestNeighbours,BalancedBaggingClassifier,1.174,,,,,,,,,,,0.509,0.037,0.754,0.057,0.864,0.027,0.395,0.061,0.7
Multiclass_Classification_for_Corporate_Credit_Ratings.csv,SMOTE,RandomForestClassifier,3.263,,,,,,,,,,,0.703,0.031,0.722,0.034,0.709,0.031,0.663,0.036,0.7
car_evaluation.csv,TomekLinks,AdaBoostClassifier,0.328,,,,,,,,,,,0.604,0.141,0.59,0.085,0.84,0.026,0.691,0.049,0.7
website_phishing.csv,RandomOverSampler,EasyEnsembleClassifier,2.891,,,,,,,,,,,0.671,0.028,0.713,0.046,0.78,0.038,0.609,0.056,0.7
vowel.csv,SMOTE,BaggingClassifier,0.47,,,,,,,,,,,0.682,0.143,0.677,0.11,0.726,0.096,0.711,0.097,0.7
website_phishing.csv,RandomOverSampler,AdaBoostClassifier,0.253,,,,,,,,,,,0.671,0.028,0.713,0.046,0.78,0.038,0.609,0.056,0.7
eucalyptus_subset.csv,RandomOverSampler,GradientBoostingClassifier,3.909,,,,,,,,,,,0.694,0.046,0.713,0.036,0.758,0.034,0.616,0.053,0.7
website_phishing.csv,RandomOverSampler,RUSBoostClassifier,0.421,,,,,,,,,,,0.671,0.028,0.713,0.046,0.78,0.038,0.609,0.056,0.7
analcatdata_halloffame_clean.csv,TomekLinks,EasyEnsembleClassifier,2.13,,,,,,,,,,,0.562,0.059,0.751,0.078,0.849,0.023,0.443,0.067,0.7
baseball_clean.csv,TomekLinks,EasyEnsembleClassifier,2.4,,,,,,,,,,,0.562,0.059,0.751,0.078,0.849,0.023,0.443,0.067,0.7
pageblocks.csv,EditedNearestNeighbours,EasyEnsembleClassifier,1.948,,,,,,,,,,,0.416,0.116,0.491,0.14,0.925,0.019,0.664,0.09,0.7
Multiclass_Classification_for_Corporate_Credit_Ratings.csv,ADASYN,RandomForestClassifier,2.94,,,,,,,,,,,0.704,0.03,0.72,0.034,0.708,0.031,0.661,0.036,0.699
vowel.csv,TomekLinks,GradientBoostingClassifier,3.429,,,,,,,,,,,0.687,0.094,0.675,0.093,0.725,0.07,0.707,0.082,0.699
analcatdata_halloffame_clean.csv,TomekLinks,BalancedBaggingClassifier,0.288,,,,,,,,,,,0.547,0.041,0.717,0.067,0.875,0.021,0.461,0.063,0.699
baseball_clean.csv,TomekLinks,BalancedBaggingClassifier,0.312,,,,,,,,,,,0.547,0.041,0.717,0.067,0.875,0.021,0.461,0.063,0.699
HCV_data_clean.csv,RandomOverSampler,BaggingClassifier,0.361,,,,,,,,,,,0.57,0.154,0.56,0.141,0.902,0.027,0.614,0.111,0.699
ecoli.csv,EditedNearestNeighbours,AdaBoostClassifier,0.56,,,,,,,,,,,0.636,0.146,0.631,0.104,0.774,0.083,0.726,0.094,0.699
vowel.csv,SMOTETomek,BaggingClassifier,0.437,,,,,,,,,,,0.681,0.142,0.676,0.108,0.726,0.095,0.71,0.096,0.699
waveform.csv,RandomUnderSampler,BalancedBaggingClassifier,0.297,,,,,,,,,,,0.677,0.073,0.774,0.07,0.73,0.067,0.567,0.095,0.698
pageblocks.csv,EditedNearestNeighbours,RandomForestClassifier,0.735,,,,,,,,,,,0.489,0.117,0.465,0.133,0.925,0.018,0.649,0.115,0.698
Multiclass_Classification_for_Corporate_Credit_Ratings.csv,ADASYN,BalancedRandomForestClassifier,9.098,,,,,,,,,,,0.702,0.033,0.719,0.035,0.707,0.034,0.66,0.04,0.698
total_score.csv,SMOTE,RandomForestClassifier,1.385,,,,,,,,,,,0.755,0.045,0.714,0.065,0.726,0.039,0.551,0.066,0.698
product_sentiment_machine_hack_subset.csv,SMOTETomek,GradientBoostingClassifier,129.958,,,,,,,,,,,0.539,0.075,0.496,0.029,0.846,0.022,0.749,0.04,0.698
steel-plates-fault_subset.csv,TomekLinks,BalancedRandomForestClassifier,1.049,,,,,,,,,,,0.7,0.038,0.773,0.033,0.68,0.035,0.618,0.042,0.698
car_evaluation.csv,EditedNearestNeighbours,RandomForestClassifier,0.857,,,,,,,,,,,0.713,0.126,0.623,0.029,0.801,0.025,0.613,0.043,0.698
dgf_96f4164d-956d-4c1c-b161-68724eb0ccdc_clean.csv,RandomUnderSampler,BalancedRandomForestClassifier,1.06,,,,,,,,,,,0.711,0.062,0.717,0.059,0.693,0.055,0.67,0.061,0.698
jungle_chess_2pcs_raw_endgame_complete_seed_0_nrows_2000_nclasses_10_ncols_100_stratify_True_subset.csv,EditedNearestNeighbours,RandomForestClassifier,0.788,,,,,,,,,,,0.679,0.031,0.747,0.042,0.751,0.031,0.58,0.051,0.698
HCV_data_clean.csv,SMOTE,RUSBoostClassifier,0.88,,,,,,,,,,,0.564,0.125,0.612,0.135,0.891,0.035,0.593,0.117,0.697
product_sentiment_machine_hack_subset.csv,RandomOverSampler,GradientBoostingClassifier,202.828,,,,,,,,,,,0.533,0.056,0.502,0.033,0.847,0.02,0.746,0.036,0.697
pageblocks.csv,EditedNearestNeighbours,BaggingClassifier,0.422,,,,,,,,,,,0.478,0.111,0.469,0.123,0.924,0.018,0.649,0.117,0.697
HCV_data_clean.csv,RandomOverSampler,EasyEnsembleClassifier,4.086,,,,,,,,,,,0.543,0.148,0.595,0.155,0.896,0.032,0.609,0.116,0.697
waveform.csv,RandomUnderSampler,BaggingClassifier,0.257,,,,,,,,,,,0.672,0.061,0.777,0.078,0.728,0.067,0.562,0.1,0.697
HCV_data_clean.csv,SMOTE,EasyEnsembleClassifier,6.495,,,,,,,,,,,0.564,0.125,0.612,0.135,0.891,0.035,0.593,0.117,0.697
HCV_data_clean.csv,RandomOverSampler,AdaBoostClassifier,0.45,,,,,,,,,,,0.543,0.148,0.595,0.155,0.896,0.032,0.609,0.116,0.697
eucalyptus_subset.csv,TomekLinks,BaggingClassifier,0.305,,,,,,,,,,,0.718,0.041,0.677,0.03,0.756,0.023,0.615,0.036,0.697
students_dropout_and_academic_success.csv,RandomOverSampler,GradientBoostingClassifier,31.478,,,,,,,,,,,0.69,0.031,0.709,0.031,0.779,0.021,0.568,0.04,0.697
HCV_data_clean.csv,SMOTE,AdaBoostClassifier,0.912,,,,,,,,,,,0.564,0.125,0.612,0.135,0.891,0.035,0.593,0.117,0.697
eucalyptus_subset.csv,SMOTETomek,GradientBoostingClassifier,5.248,,,,,,,,,,,0.699,0.044,0.7,0.039,0.756,0.03,0.613,0.048,0.697
HCV_data_clean.csv,RandomOverSampler,RUSBoostClassifier,0.694,,,,,,,,,,,0.543,0.148,0.595,0.155,0.896,0.032,0.609,0.116,0.697
product_sentiment_machine_hack_subset.csv,SMOTE,GradientBoostingClassifier,202.736,,,,,,,,,,,0.537,0.07,0.494,0.027,0.845,0.021,0.748,0.038,0.697
mfeat-morphological.csv,RandomOverSampler,BaggingClassifier,0.336,,,,,,,,,,,0.681,0.071,0.665,0.068,0.735,0.054,0.697,0.063,0.696
analcatdata_halloffame_clean.csv,RandomUnderSampler,EasyEnsembleClassifier,2.258,,,,,,,,,,,0.557,0.066,0.745,0.078,0.846,0.029,0.433,0.065,0.696
jungle_chess_2pcs_raw_endgame_complete_seed_0_nrows_2000_nclasses_10_ncols_100_stratify_True_subset.csv,TomekLinks,BalancedBaggingClassifier,0.336,,,,,,,,,,,0.681,0.036,0.745,0.045,0.746,0.035,0.577,0.053,0.696
baseball_clean.csv,RandomUnderSampler,EasyEnsembleClassifier,2.375,,,,,,,,,,,0.557,0.066,0.745,0.078,0.846,0.029,0.433,0.065,0.696
Multiclass_Classification_for_Corporate_Credit_Ratings.csv,SMOTE,BalancedRandomForestClassifier,4.267,,,,,,,,,,,0.701,0.031,0.717,0.033,0.705,0.034,0.657,0.039,0.696
baseball_clean.csv,RandomUnderSampler,AdaBoostClassifier,0.232,,,,,,,,,,,0.556,0.067,0.745,0.078,0.845,0.029,0.432,0.065,0.695
baseball_clean.csv,RandomUnderSampler,RUSBoostClassifier,0.325,,,,,,,,,,,0.556,0.067,0.745,0.078,0.845,0.029,0.432,0.065,0.695
baseball_clean.csv,RandomUnderSampler,BaggingClassifier,0.253,,,,,,,,,,,0.538,0.047,0.741,0.089,0.852,0.023,0.441,0.064,0.695
analcatdata_halloffame_clean.csv,RandomUnderSampler,RUSBoostClassifier,0.315,,,,,,,,,,,0.556,0.067,0.745,0.078,0.845,0.029,0.432,0.065,0.695
ecoli.csv,TomekLinks,AdaBoostClassifier,0.226,,,,,,,,,,,0.639,0.157,0.636,0.125,0.763,0.073,0.721,0.079,0.695
ecoli.csv,EditedNearestNeighbours,BalancedRandomForestClassifier,1.034,,,,,,,,,,,0.661,0.1,0.635,0.092,0.773,0.084,0.691,0.091,0.695
analcatdata_halloffame_clean.csv,RandomUnderSampler,BaggingClassifier,0.243,,,,,,,,,,,0.538,0.047,0.741,0.089,0.852,0.023,0.441,0.064,0.695
analcatdata_halloffame_clean.csv,RandomUnderSampler,AdaBoostClassifier,0.21,,,,,,,,,,,0.556,0.067,0.745,0.078,0.845,0.029,0.432,0.065,0.695
mfeat-morphological.csv,RandomUnderSampler,GradientBoostingClassifier,2.524,,,,,,,,,,,0.678,0.065,0.666,0.061,0.733,0.05,0.693,0.057,0.694
vowel.csv,RandomOverSampler,BaggingClassifier,0.522,,,,,,,,,,,0.687,0.129,0.67,0.093,0.718,0.085,0.7,0.085,0.694
HCV_data_clean.csv,RandomOverSampler,BalancedBaggingClassifier,0.496,,,,,,,,,,,0.556,0.173,0.552,0.152,0.901,0.031,0.607,0.121,0.694
pageblocks.csv,EditedNearestNeighbours,AdaBoostClassifier,0.469,,,,,,,,,,,0.485,0.117,0.478,0.127,0.922,0.02,0.637,0.128,0.694
allhyper.csv,RandomUnderSampler,GradientBoostingClassifier,0.598,,,,,,,,,,,0.323,0.029,0.777,0.14,0.814,0.076,0.229,0.057,0.694
students_dropout_and_academic_success.csv,TomekLinks,RandomForestClassifier,1.851,,,,,,,,,,,0.755,0.038,0.625,0.03,0.771,0.021,0.569,0.041,0.694
pageblocks.csv,EditedNearestNeighbours,GradientBoostingClassifier,0.997,,,,,,,,,,,0.482,0.121,0.472,0.13,0.922,0.02,0.637,0.127,0.693
mfeat-morphological.csv,RandomOverSampler,BalancedBaggingClassifier,0.362,,,,,,,,,,,0.678,0.066,0.663,0.059,0.732,0.048,0.695,0.055,0.693
eucalyptus_subset.csv,TomekLinks,GradientBoostingClassifier,2.019,,,,,,,,,,,0.717,0.042,0.664,0.037,0.754,0.028,0.617,0.047,0.693
jungle_chess_2pcs_endgame_panther_elephant_subset.csv,SMOTETomek,AdaBoostClassifier,0.629,,,,,,,,,,,0.648,0.02,0.73,0.054,0.772,0.032,0.579,0.046,0.693
anneal.csv,RandomUnderSampler,BaggingClassifier,0.253,,,,,,,,,,,0.61,0.067,0.808,0.095,0.734,0.073,0.538,0.078,0.693
jungle_chess_2pcs_endgame_panther_elephant_subset.csv,SMOTETomek,RUSBoostClassifier,1.02,,,,,,,,,,,0.649,0.019,0.734,0.057,0.77,0.033,0.576,0.046,0.693
balance-scale.csv,EditedNearestNeighbours,RandomForestClassifier,0.666,,,,,,,,,,,0.627,0.049,0.615,0.06,0.816,0.039,0.666,0.078,0.693
balance.csv,RandomOverSampler,RUSBoostClassifier,0.317,,,,,,,,,,,0.714,0.024,0.717,0.066,0.732,0.056,0.575,0.067,0.692
analcatdata_halloffame_clean.csv,RandomUnderSampler,GradientBoostingClassifier,0.831,,,,,,,,,,,0.546,0.051,0.744,0.1,0.842,0.028,0.429,0.078,0.692
balance.csv,RandomOverSampler,AdaBoostClassifier,0.21,,,,,,,,,,,0.714,0.024,0.717,0.066,0.732,0.056,0.575,0.067,0.692
balance-scale.csv,RandomOverSampler,RUSBoostClassifier,0.337,,,,,,,,,,,0.715,0.02,0.718,0.051,0.731,0.048,0.573,0.053,0.692
balance.csv,RandomOverSampler,EasyEnsembleClassifier,2.448,,,,,,,,,,,0.714,0.024,0.717,0.066,0.732,0.056,0.575,0.067,0.692
balance-scale.csv,RandomOverSampler,AdaBoostClassifier,0.22,,,,,,,,,,,0.715,0.02,0.718,0.051,0.731,0.048,0.573,0.053,0.692
balance-scale.csv,RandomOverSampler,EasyEnsembleClassifier,2.224,,,,,,,,,,,0.715,0.02,0.718,0.051,0.731,0.048,0.573,0.053,0.692
baseball_clean.csv,RandomUnderSampler,GradientBoostingClassifier,0.833,,,,,,,,,,,0.546,0.051,0.744,0.1,0.842,0.028,0.429,0.078,0.692
led7.csv,TomekLinks,EasyEnsembleClassifier,2.647,,,,,,,,,,,0.693,0.05,0.696,0.042,0.707,0.043,0.671,0.045,0.692
anneal.csv,EditedNearestNeighbours,EasyEnsembleClassifier,1.965,,,,,,,,,,,0.643,0.05,0.784,0.088,0.74,0.098,0.515,0.093,0.691
jungle_chess_2pcs_endgame_panther_elephant_subset.csv,SMOTE,RUSBoostClassifier,0.782,,,,,,,,,,,0.649,0.026,0.738,0.06,0.763,0.044,0.568,0.064,0.691
jungle_chess_2pcs_endgame_panther_elephant_subset.csv,SMOTE,AdaBoostClassifier,0.706,,,,,,,,,,,0.649,0.026,0.738,0.06,0.763,0.044,0.568,0.064,0.691
HCV_data_clean.csv,ADASYN,AdaBoostClassifier,0.703,,,,,,,,,,,0.544,0.118,0.608,0.14,0.888,0.039,0.585,0.125,0.691
jungle_chess_2pcs_endgame_panther_elephant_subset.csv,SMOTE,EasyEnsembleClassifier,5.889,,,,,,,,,,,0.649,0.026,0.738,0.06,0.763,0.044,0.568,0.064,0.691
HCV_data_clean.csv,ADASYN,RUSBoostClassifier,0.87,,,,,,,,,,,0.556,0.121,0.617,0.12,0.884,0.036,0.576,0.113,0.691
HCV_data_clean.csv,SMOTETomek,RUSBoostClassifier,0.915,,,,,,,,,,,0.557,0.139,0.601,0.133,0.887,0.036,0.576,0.115,0.69
HCV_data_clean.csv,SMOTETomek,AdaBoostClassifier,0.79,,,,,,,,,,,0.558,0.13,0.599,0.126,0.887,0.036,0.576,0.118,0.69
balance.csv,EditedNearestNeighbours,RandomForestClassifier,0.67,,,,,,,,,,,0.617,0.037,0.607,0.045,0.815,0.03,0.669,0.062,0.69
maternal_health_risk.csv,EditedNearestNeighbours,BalancedRandomForestClassifier,0.787,,,,,,,,,,,0.725,0.154,0.645,0.056,0.758,0.035,0.601,0.069,0.69
allrep.csv,TomekLinks,RandomForestClassifier,1.038,,,,,,,,,,,0.534,0.131,0.439,0.063,0.963,0.004,0.454,0.087,0.69
pageblocks.csv,EditedNearestNeighbours,BalancedBaggingClassifier,0.457,,,,,,,,,,,0.426,0.122,0.49,0.138,0.917,0.028,0.637,0.116,0.689
Success-Rates-2_clean_subset.csv,RandomOverSampler,RUSBoostClassifier,19.583,,,,,,,,,,,0.602,0.15,0.581,0.146,0.795,0.265,0.719,0.227,0.689
vehicle.csv,RandomUnderSampler,BalancedBaggingClassifier,0.33,,,,,,,,,,,0.657,0.092,0.668,0.087,0.769,0.06,0.643,0.101,0.689
HCV_data_clean.csv,SMOTETomek,BaggingClassifier,0.623,,,,,,,,,,,0.535,0.151,0.55,0.119,0.898,0.026,0.606,0.094,0.689
product_sentiment_machine_hack_subset.csv,ADASYN,BalancedBaggingClassifier,11.642,,,,,,,,,,,0.519,0.067,0.489,0.025,0.841,0.02,0.738,0.039,0.689
students_dropout_and_academic_success.csv,TomekLinks,BaggingClassifier,1.48,,,,,,,,,,,0.703,0.036,0.657,0.034,0.782,0.023,0.569,0.046,0.689
maternal_health_risk.csv,EditedNearestNeighbours,RandomForestClassifier,0.653,,,,,,,,,,,0.72,0.173,0.659,0.055,0.755,0.045,0.596,0.081,0.689
students_dropout_and_academic_success.csv,SMOTETomek,BalancedBaggingClassifier,6.703,,,,,,,,,,,0.69,0.025,0.675,0.026,0.781,0.016,0.562,0.033,0.688
baseball_clean.csv,EditedNearestNeighbours,AdaBoostClassifier,0.456,,,,,,,,,,,0.524,0.127,0.603,0.065,0.907,0.015,0.53,0.095,0.688
analcatdata_halloffame_clean.csv,EditedNearestNeighbours,AdaBoostClassifier,0.453,,,,,,,,,,,0.524,0.127,0.603,0.065,0.907,0.015,0.53,0.095,0.688
pageblocks.csv,RandomUnderSampler,BalancedRandomForestClassifier,0.648,,,,,,,,,,,0.514,0.12,0.686,0.138,0.869,0.051,0.521,0.129,0.688
product_sentiment_machine_hack_subset.csv,SMOTETomek,BalancedBaggingClassifier,8.655,,,,,,,,,,,0.521,0.078,0.49,0.027,0.84,0.022,0.734,0.045,0.688
product_sentiment_machine_hack_subset.csv,ADASYN,BaggingClassifier,5.051,,,,,,,,,,,0.516,0.064,0.487,0.024,0.84,0.02,0.737,0.04,0.688
HCV_data_clean.csv,TomekLinks,BaggingClassifier,0.34,,,,,,,,,,,0.528,0.125,0.515,0.108,0.901,0.019,0.619,0.087,0.688
Fetal_cardiotocography_dataset.csv,TomekLinks,RUSBoostClassifier,0.163,,,,,,,,,,,0.643,0.149,0.716,0.055,0.775,0.035,0.574,0.053,0.688
jungle_chess_2pcs_raw_endgame_complete_seed_0_nrows_2000_nclasses_10_ncols_100_stratify_True_subset.csv,RandomUnderSampler,GradientBoostingClassifier,0.662,,,,,,,,,,,0.669,0.029,0.742,0.033,0.738,0.033,0.567,0.048,0.688
HCV_data_clean.csv,EditedNearestNeighbours,BalancedRandomForestClassifier,0.895,,,,,,,,,,,0.584,0.105,0.633,0.135,0.868,0.04,0.547,0.129,0.688
jungle_chess_2pcs_raw_endgame_complete_seed_0_nrows_2000_nclasses_10_ncols_100_stratify_True_subset.csv,EditedNearestNeighbours,BalancedRandomForestClassifier,459.047,,,,,,,,,,,0.667,0.029,0.749,0.034,0.73,0.035,0.558,0.051,0.687
Success-Rates-2_clean_subset.csv,RandomOverSampler,AdaBoostClassifier,33.022,,,,,,,,,,,0.601,0.15,0.58,0.146,0.794,0.265,0.717,0.227,0.687
students_dropout_and_academic_success.csv,ADASYN,BaggingClassifier,3.789,,,,,,,,,,,0.687,0.032,0.674,0.033,0.781,0.021,0.562,0.043,0.687
Multiclass_Classification_for_Corporate_Credit_Ratings.csv,TomekLinks,RandomForestClassifier,0.934,,,,,,,,,,,0.751,0.053,0.648,0.033,0.675,0.03,0.662,0.033,0.687
maternal_health_risk.csv,RandomUnderSampler,RandomForestClassifier,0.544,,,,,,,,,,,0.681,0.053,0.738,0.067,0.739,0.047,0.541,0.087,0.687
balance-scale.csv,EditedNearestNeighbours,BalancedRandomForestClassifier,0.83,,,,,,,,,,,0.692,0.031,0.703,0.075,0.747,0.044,0.575,0.062,0.687
HCV_data_clean.csv,SMOTE,BalancedBaggingClassifier,0.762,,,,,,,,,,,0.536,0.122,0.552,0.107,0.897,0.022,0.599,0.085,0.687
students_dropout_and_academic_success.csv,RandomUnderSampler,GradientBoostingClassifier,5.946,,,,,,,,,,,0.677,0.029,0.713,0.03,0.763,0.021,0.55,0.038,0.687
students_dropout_and_academic_success.csv,SMOTE,BalancedBaggingClassifier,5.714,,,,,,,,,,,0.688,0.029,0.673,0.031,0.781,0.018,0.561,0.038,0.687
analcatdata_halloffame_clean.csv,EditedNearestNeighbours,BalancedRandomForestClassifier,0.846,,,,,,,,,,,0.508,0.069,0.686,0.085,0.876,0.021,0.459,0.071,0.686
maternal_health_risk.csv,RandomUnderSampler,GradientBoostingClassifier,0.587,,,,,,,,,,,0.68,0.053,0.738,0.062,0.735,0.059,0.54,0.089,0.686
analcatdata_halloffame_clean.csv,RandomUnderSampler,BalancedBaggingClassifier,0.309,,,,,,,,,,,0.533,0.056,0.729,0.088,0.843,0.023,0.424,0.068,0.686
baseball_clean.csv,RandomUnderSampler,BalancedBaggingClassifier,0.29,,,,,,,,,,,0.533,0.056,0.729,0.088,0.843,0.023,0.424,0.068,0.686
product_sentiment_machine_hack_subset.csv,SMOTE,BaggingClassifier,4.792,,,,,,,,,,,0.524,0.083,0.487,0.03,0.838,0.023,0.731,0.048,0.686
balance.csv,SMOTE,RandomForestClassifier,0.695,,,,,,,,,,,0.597,0.014,0.588,0.028,0.818,0.027,0.677,0.058,0.686
students_dropout_and_academic_success.csv,ADASYN,BalancedBaggingClassifier,5.715,,,,,,,,,,,0.686,0.029,0.673,0.026,0.78,0.017,0.559,0.035,0.686
students_dropout_and_academic_success.csv,SMOTETomek,BaggingClassifier,4.802,,,,,,,,,,,0.689,0.031,0.672,0.031,0.779,0.02,0.557,0.04,0.686
balance.csv,SMOTETomek,RandomForestClassifier,0.734,,,,,,,,,,,0.596,0.015,0.588,0.031,0.817,0.031,0.678,0.067,0.686
baseball_clean.csv,EditedNearestNeighbours,BalancedRandomForestClassifier,0.877,,,,,,,,,,,0.508,0.069,0.686,0.085,0.876,0.021,0.459,0.071,0.686
jungle_chess_2pcs_endgame_panther_elephant_subset.csv,SMOTETomek,EasyEnsembleClassifier,5.576,,,,,,,,,,,0.646,0.022,0.726,0.062,0.762,0.037,0.565,0.054,0.686
Midwest_survey_clean_subset.csv,SMOTETomek,AdaBoostClassifier,3.675,,,,,,,,,,,0.65,0.167,0.702,0.114,0.695,0.131,0.695,0.117,0.686
Toronto-Apartment-Rental-Price.csv,EditedNearestNeighbours,BalancedBaggingClassifier,0.636,,,,,,,,,,,0.624,0.058,0.643,0.078,0.817,0.032,0.606,0.068,0.686
vowel.csv,RandomOverSampler,BalancedBaggingClassifier,0.731,,,,,,,,,,,0.682,0.102,0.659,0.082,0.712,0.075,0.69,0.078,0.686
product_sentiment_machine_hack_subset.csv,TomekLinks,GradientBoostingClassifier,22.776,,,,,,,,,,,0.44,0.048,0.469,0.012,0.835,0.016,0.753,0.032,0.685
balance-scale.csv,SMOTETomek,BalancedRandomForestClassifier,1.173,,,,,,,,,,,0.598,0.013,0.586,0.031,0.818,0.03,0.675,0.067,0.685
Multiclass_Classification_for_Corporate_Credit_Ratings.csv,RandomOverSampler,BaggingClassifier,0.679,,,,,,,,,,,0.702,0.034,0.692,0.031,0.697,0.033,0.646,0.04,0.685
students_dropout_and_academic_success.csv,RandomUnderSampler,RandomForestClassifier,1.252,,,,,,,,,,,0.675,0.033,0.711,0.034,0.761,0.023,0.547,0.043,0.685
JapaneseVowels.csv,ADASYN,EasyEnsembleClassifier,45.513,,,,,,,,,,,0.681,0.028,0.675,0.029,0.721,0.023,0.66,0.027,0.685
students_dropout_and_academic_success.csv,SMOTE,BaggingClassifier,3.88,,,,,,,,,,,0.687,0.027,0.671,0.028,0.779,0.017,0.557,0.036,0.685
balance-scale.csv,SMOTETomek,RandomForestClassifier,0.782,,,,,,,,,,,0.599,0.017,0.588,0.033,0.817,0.032,0.673,0.069,0.685
jungle_chess_2pcs_endgame_panther_elephant_subset.csv,EditedNearestNeighbours,EasyEnsembleClassifier,2.208,,,,,,,,,,,0.652,0.026,0.761,0.041,0.732,0.048,0.535,0.064,0.685
product_sentiment_machine_hack_subset.csv,SMOTE,BalancedBaggingClassifier,11.478,,,,,,,,,,,0.515,0.078,0.484,0.03,0.838,0.023,0.732,0.046,0.685
product_sentiment_machine_hack_subset.csv,SMOTE,BalancedRandomForestClassifier,17.376,,,,,,,,,,,0.429,0.009,0.468,0.011,0.835,0.017,0.754,0.033,0.684
product_sentiment_machine_hack_subset.csv,SMOTE,RandomForestClassifier,7.186,,,,,,,,,,,0.429,0.009,0.468,0.011,0.835,0.017,0.754,0.033,0.684
jungle_chess_2pcs_endgame_panther_elephant_subset.csv,ADASYN,EasyEnsembleClassifier,5.408,,,,,,,,,,,0.647,0.026,0.728,0.06,0.757,0.038,0.559,0.055,0.684
product_sentiment_machine_hack_subset.csv,TomekLinks,AdaBoostClassifier,2.805,,,,,,,,,,,0.429,0.009,0.468,0.011,0.835,0.017,0.754,0.033,0.684
product_sentiment_machine_hack_subset.csv,SMOTETomek,RandomForestClassifier,6.621,,,,,,,,,,,0.429,0.009,0.468,0.011,0.835,0.017,0.754,0.033,0.684
product_sentiment_machine_hack_subset.csv,TomekLinks,RandomForestClassifier,2.189,,,,,,,,,,,0.429,0.009,0.468,0.011,0.835,0.017,0.754,0.033,0.684
balance.csv,EditedNearestNeighbours,BaggingClassifier,0.307,,,,,,,,,,,0.651,0.047,0.644,0.08,0.79,0.037,0.616,0.066,0.684
HCV_data_clean.csv,ADASYN,BaggingClassifier,0.598,,,,,,,,,,,0.505,0.121,0.535,0.112,0.899,0.028,0.607,0.105,0.684
pageblocks.csv,RandomUnderSampler,RandomForestClassifier,0.424,,,,,,,,,,,0.509,0.123,0.724,0.149,0.842,0.057,0.488,0.103,0.684
HCV_data_clean.csv,SMOTE,BaggingClassifier,0.608,,,,,,,,,,,0.535,0.145,0.541,0.13,0.896,0.026,0.591,0.099,0.684
product_sentiment_machine_hack_subset.csv,ADASYN,RandomForestClassifier,7.651,,,,,,,,,,,0.429,0.009,0.468,0.011,0.835,0.017,0.754,0.033,0.684
balance.csv,SMOTE,BalancedRandomForestClassifier,0.989,,,,,,,,,,,0.595,0.013,0.587,0.029,0.816,0.028,0.675,0.062,0.684
product_sentiment_machine_hack_subset.csv,SMOTETomek,BalancedRandomForestClassifier,12.26,,,,,,,,,,,0.429,0.009,0.468,0.011,0.835,0.017,0.754,0.033,0.684
product_sentiment_machine_hack_subset.csv,ADASYN,BalancedRandomForestClassifier,17.674,,,,,,,,,,,0.429,0.009,0.468,0.011,0.835,0.017,0.754,0.033,0.684
product_sentiment_machine_hack_subset.csv,TomekLinks,BaggingClassifier,1.624,,,,,,,,,,,0.444,0.054,0.47,0.014,0.835,0.017,0.751,0.033,0.684
product_sentiment_machine_hack_subset.csv,RandomOverSampler,RandomForestClassifier,7.705,,,,,,,,,,,0.432,0.02,0.468,0.013,0.835,0.017,0.752,0.034,0.684
balance-scale.csv,SMOTE,RandomForestClassifier,0.635,,,,,,,,,,,0.597,0.012,0.585,0.028,0.816,0.027,0.672,0.059,0.684
Fetal_cardiotocography_dataset.csv,EditedNearestNeighbours,RUSBoostClassifier,0.167,,,,,,,,,,,0.509,0.12,0.68,0.052,0.816,0.041,0.635,0.071,0.683
pageblocks.csv,RandomUnderSampler,GradientBoostingClassifier,0.425,,,,,,,,,,,0.489,0.114,0.717,0.166,0.848,0.057,0.488,0.115,0.683
balance.csv,SMOTETomek,BalancedRandomForestClassifier,1.069,,,,,,,,,,,0.596,0.019,0.585,0.031,0.815,0.033,0.672,0.068,0.683
website_phishing.csv,EditedNearestNeighbours,EasyEnsembleClassifier,2.128,,,,,,,,,,,0.683,0.024,0.722,0.045,0.731,0.035,0.559,0.047,0.683
analcatdata_halloffame_clean.csv,EditedNearestNeighbours,BaggingClassifier,0.327,,,,,,,,,,,0.48,0.027,0.603,0.047,0.905,0.011,0.528,0.065,0.683
students_dropout_and_academic_success.csv,RandomOverSampler,BaggingClassifier,2.019,,,,,,,,,,,0.68,0.022,0.674,0.022,0.777,0.015,0.553,0.029,0.683
students_dropout_and_academic_success.csv,RandomUnderSampler,BalancedRandomForestClassifier,1.864,,,,,,,,,,,0.673,0.028,0.708,0.031,0.759,0.023,0.544,0.041,0.683
allrep.csv,EditedNearestNeighbours,BaggingClassifier,0.423,,,,,,,,,,,0.405,0.051,0.469,0.041,0.963,0.002,0.486,0.054,0.683
baseball_clean.csv,EditedNearestNeighbours,BaggingClassifier,0.353,,,,,,,,,,,0.48,0.027,0.603,0.047,0.905,0.011,0.528,0.065,0.683
product_sentiment_machine_hack_subset.csv,RandomOverSampler,BalancedRandomForestClassifier,18.736,,,,,,,,,,,0.433,0.027,0.467,0.014,0.834,0.018,0.75,0.035,0.683
JapaneseVowels.csv,TomekLinks,EasyEnsembleClassifier,6.334,,,,,,,,,,,0.684,0.028,0.681,0.029,0.713,0.023,0.651,0.029,0.683
maternal_health_risk.csv,RandomUnderSampler,BalancedRandomForestClassifier,0.83,,,,,,,,,,,0.677,0.059,0.733,0.069,0.736,0.051,0.537,0.093,0.683
allrep.csv,EditedNearestNeighbours,GradientBoostingClassifier,3.563,,,,,,,,,,,0.397,0.059,0.478,0.047,0.963,0.003,0.471,0.069,0.683
balance-scale.csv,RandomUnderSampler,GradientBoostingClassifier,0.438,,,,,,,,,,,0.674,0.034,0.682,0.074,0.76,0.04,0.58,0.064,0.682
led7.csv,SMOTETomek,EasyEnsembleClassifier,3.304,,,,,,,,,,,0.68,0.064,0.685,0.047,0.698,0.045,0.662,0.05,0.682
HCV_data_clean.csv,TomekLinks,BalancedBaggingClassifier,0.308,,,,,,,,,,,0.537,0.132,0.64,0.139,0.867,0.051,0.546,0.124,0.682
HCV_data_clean.csv,SMOTETomek,BalancedBaggingClassifier,0.825,,,,,,,,,,,0.531,0.131,0.547,0.116,0.894,0.026,0.586,0.099,0.682
vowel.csv,RandomUnderSampler,GradientBoostingClassifier,2.92,,,,,,,,,,,0.677,0.107,0.674,0.093,0.702,0.083,0.672,0.094,0.682
product_sentiment_machine_hack_subset.csv,SMOTETomek,BaggingClassifier,5.114,,,,,,,,,,,0.508,0.071,0.485,0.026,0.836,0.022,0.722,0.05,0.681
eucalyptus_subset.csv,TomekLinks,BalancedRandomForestClassifier,0.96,,,,,,,,,,,0.673,0.049,0.696,0.044,0.742,0.039,0.592,0.061,0.681
students_dropout_and_academic_success.csv,RandomOverSampler,BalancedBaggingClassifier,3.257,,,,,,,,,,,0.679,0.032,0.67,0.029,0.775,0.02,0.55,0.039,0.681
balance-scale.csv,SMOTE,BalancedRandomForestClassifier,0.97,,,,,,,,,,,0.597,0.012,0.582,0.031,0.814,0.028,0.666,0.062,0.681
HCV_data_clean.csv,ADASYN,BalancedBaggingClassifier,0.813,,,,,,,,,,,0.517,0.128,0.54,0.126,0.896,0.028,0.592,0.111,0.681
balance.csv,RandomOverSampler,BalancedRandomForestClassifier,0.932,,,,,,,,,,,0.6,0.013,0.58,0.033,0.814,0.031,0.665,0.069,0.681
led7.csv,ADASYN,EasyEnsembleClassifier,3.521,,,,,,,,,,,0.672,0.062,0.689,0.052,0.699,0.047,0.66,0.049,0.68
total_score.csv,SMOTE,BaggingClassifier,0.475,,,,,,,,,,,0.729,0.064,0.711,0.078,0.702,0.039,0.53,0.062,0.68
pageblocks.csv,RandomUnderSampler,EasyEnsembleClassifier,1.84,,,,,,,,,,,0.547,0.166,0.661,0.196,0.864,0.075,0.475,0.166,0.679
jungle_chess_2pcs_endgame_panther_elephant_subset.csv,RandomOverSampler,EasyEnsembleClassifier,4.533,,,,,,,,,,,0.647,0.028,0.737,0.06,0.739,0.06,0.541,0.079,0.679
ecoli.csv,EditedNearestNeighbours,BalancedBaggingClassifier,0.638,,,,,,,,,,,0.642,0.093,0.616,0.093,0.76,0.07,0.677,0.084,0.679
JapaneseVowels.csv,SMOTETomek,EasyEnsembleClassifier,51.666,,,,,,,,,,,0.675,0.022,0.669,0.02,0.715,0.017,0.654,0.022,0.679
jungle_chess_2pcs_endgame_panther_elephant_subset.csv,RandomOverSampler,RUSBoostClassifier,0.74,,,,,,,,,,,0.647,0.028,0.737,0.06,0.739,0.06,0.541,0.079,0.679
jungle_chess_2pcs_endgame_panther_elephant_subset.csv,RandomOverSampler,AdaBoostClassifier,0.433,,,,,,,,,,,0.647,0.028,0.737,0.06,0.739,0.06,0.541,0.079,0.679
balance.csv,RandomOverSampler,RandomForestClassifier,2.567,,,,,,,,,,,0.599,0.013,0.579,0.03,0.812,0.029,0.66,0.061,0.678
jungle_chess_2pcs_endgame_panther_elephant_subset.csv,ADASYN,RUSBoostClassifier,0.754,,,,,,,,,,,0.642,0.029,0.724,0.057,0.75,0.054,0.552,0.075,0.678
car_evaluation.csv,RandomUnderSampler,RUSBoostClassifier,0.326,,,,,,,,,,,0.546,0.057,0.733,0.083,0.78,0.042,0.579,0.064,0.678
maternal_health_risk.csv,RandomUnderSampler,BalancedBaggingClassifier,0.269,,,,,,,,,,,0.673,0.063,0.727,0.069,0.731,0.061,0.528,0.096,0.678
car_evaluation.csv,RandomUnderSampler,EasyEnsembleClassifier,2.218,,,,,,,,,,,0.546,0.057,0.733,0.083,0.78,0.042,0.579,0.064,0.678
Flare.csv,ADASYN,EasyEnsembleClassifier,3.119,,,,,,,,,,,0.645,0.047,0.663,0.06,0.727,0.029,0.671,0.038,0.678
car_evaluation.csv,RandomUnderSampler,AdaBoostClassifier,0.214,,,,,,,,,,,0.546,0.057,0.733,0.083,0.78,0.042,0.579,0.064,0.678
balance-scale.csv,EditedNearestNeighbours,BaggingClassifier,0.321,,,,,,,,,,,0.653,0.046,0.641,0.085,0.781,0.047,0.6,0.08,0.677
allhyper.csv,EditedNearestNeighbours,BaggingClassifier,1.3,,,,,,,,,,,0.449,0.083,0.37,0.1,0.969,0.004,0.376,0.12,0.677
allhyper.csv,EditedNearestNeighbours,BalancedBaggingClassifier,1.261,,,,,,,,,,,0.318,0.021,0.641,0.112,0.897,0.026,0.308,0.066,0.677
satimage.csv,ADASYN,EasyEnsembleClassifier,64.481,,,,,,,,,,,0.658,0.039,0.683,0.04,0.723,0.031,0.635,0.041,0.677
balance.csv,EditedNearestNeighbours,BalancedBaggingClassifier,0.363,,,,,,,,,,,0.684,0.032,0.685,0.07,0.742,0.041,0.565,0.059,0.677
maternal_health_risk.csv,EditedNearestNeighbours,BaggingClassifier,0.317,,,,,,,,,,,0.703,0.175,0.657,0.058,0.744,0.051,0.574,0.093,0.677
allhyper.csv,EditedNearestNeighbours,RandomForestClassifier,1.784,,,,,,,,,,,0.448,0.138,0.316,0.089,0.967,0.005,0.294,0.18,0.677
balance-scale.csv,RandomOverSampler,BalancedRandomForestClassifier,1.005,,,,,,,,,,,0.599,0.012,0.577,0.029,0.811,0.028,0.657,0.062,0.677
total_score.csv,SMOTE,BalancedBaggingClassifier,0.551,,,,,,,,,,,0.735,0.061,0.704,0.068,0.696,0.055,0.517,0.09,0.677
analcatdata_halloffame_clean.csv,EditedNearestNeighbours,RandomForestClassifier,0.771,,,,,,,,,,,0.496,0.033,0.577,0.046,0.905,0.01,0.515,0.07,0.677
Multiclass_Classification_for_Corporate_Credit_Ratings.csv,RandomOverSampler,BalancedBaggingClassifier,0.855,,,,,,,,,,,0.69,0.031,0.686,0.035,0.691,0.031,0.638,0.039,0.677
baseball_clean.csv,EditedNearestNeighbours,RandomForestClassifier,0.822,,,,,,,,,,,0.496,0.033,0.577,0.046,0.905,0.01,0.515,0.07,0.677
jungle_chess_2pcs_raw_endgame_complete_seed_0_nrows_2000_nclasses_10_ncols_100_stratify_True_subset.csv,EditedNearestNeighbours,BaggingClassifier,0.349,,,,,,,,,,,0.661,0.038,0.725,0.054,0.732,0.037,0.55,0.061,0.677
Multiclass_Classification_for_Corporate_Credit_Ratings.csv,SMOTETomek,GradientBoostingClassifier,14.69,,,,,,,,,,,0.685,0.032,0.706,0.03,0.677,0.038,0.63,0.04,0.676
allrep.csv,EditedNearestNeighbours,RandomForestClassifier,0.939,,,,,,,,,,,0.43,0.065,0.432,0.069,0.962,0.003,0.436,0.109,0.676
analcatdata_halloffame_clean.csv,EditedNearestNeighbours,EasyEnsembleClassifier,1.922,,,,,,,,,,,0.506,0.077,0.643,0.086,0.882,0.022,0.451,0.083,0.676
baseball_clean.csv,EditedNearestNeighbours,EasyEnsembleClassifier,2.099,,,,,,,,,,,0.506,0.077,0.643,0.086,0.882,0.022,0.451,0.083,0.676
Toronto-Apartment-Rental-Price.csv,RandomOverSampler,RUSBoostClassifier,4.46,,,,,,,,,,,0.632,0.09,0.611,0.078,0.809,0.032,0.594,0.068,0.676
maternal_health_risk.csv,EditedNearestNeighbours,GradientBoostingClassifier,0.714,,,,,,,,,,,0.701,0.168,0.654,0.053,0.745,0.047,0.572,0.083,0.676
maternal_health_risk.csv,RandomUnderSampler,BaggingClassifier,0.257,,,,,,,,,,,0.67,0.064,0.728,0.076,0.727,0.06,0.524,0.101,0.676
total_score.csv,SMOTETomek,BalancedRandomForestClassifier,1.587,,,,,,,,,,,0.726,0.043,0.711,0.063,0.697,0.044,0.515,0.072,0.676
led7.csv,SMOTETomek,RUSBoostClassifier,0.674,,,,,,,,,,,0.68,0.063,0.682,0.067,0.688,0.074,0.653,0.07,0.676
balance-scale.csv,RandomOverSampler,BaggingClassifier,0.23,,,,,,,,,,,0.606,0.026,0.579,0.045,0.809,0.032,0.649,0.066,0.676
jungle_chess_2pcs_endgame_panther_elephant_subset.csv,ADASYN,AdaBoostClassifier,0.638,,,,,,,,,,,0.641,0.032,0.724,0.067,0.747,0.051,0.546,0.072,0.676
vehicle.csv,EditedNearestNeighbours,BaggingClassifier,0.322,,,,,,,,,,,0.628,0.14,0.634,0.083,0.754,0.056,0.668,0.078,0.676
anneal.csv,RandomUnderSampler,BalancedRandomForestClassifier,0.706,,,,,,,,,,,0.56,0.067,0.815,0.079,0.695,0.095,0.526,0.079,0.675
jungle_chess_2pcs_endgame_panther_elephant_subset.csv,TomekLinks,EasyEnsembleClassifier,2.299,,,,,,,,,,,0.649,0.024,0.749,0.039,0.722,0.042,0.522,0.057,0.675
balance.csv,TomekLinks,BaggingClassifier,0.287,,,,,,,,,,,0.598,0.015,0.58,0.03,0.807,0.027,0.654,0.059,0.675
Toronto-Apartment-Rental-Price.csv,RandomOverSampler,AdaBoostClassifier,3.504,,,,,,,,,,,0.632,0.09,0.61,0.079,0.808,0.033,0.592,0.07,0.675
total_score.csv,RandomOverSampler,GradientBoostingClassifier,4.138,,,,,,,,,,,0.696,0.063,0.734,0.059,0.7,0.039,0.506,0.067,0.675
balance-scale.csv,RandomOverSampler,RandomForestClassifier,0.739,,,,,,,,,,,0.599,0.011,0.575,0.031,0.81,0.028,0.652,0.063,0.675
allhyper.csv,EditedNearestNeighbours,GradientBoostingClassifier,4.778,,,,,,,,,,,0.418,0.104,0.379,0.115,0.97,0.007,0.382,0.171,0.675
Multiclass_Classification_for_Corporate_Credit_Ratings.csv,TomekLinks,BalancedRandomForestClassifier,1.531,,,,,,,,,,,0.681,0.039,0.698,0.042,0.682,0.038,0.637,0.044,0.675
balance-scale.csv,SMOTE,BalancedBaggingClassifier,0.301,,,,,,,,,,,0.605,0.028,0.585,0.041,0.806,0.029,0.646,0.062,0.675
Toronto-Apartment-Rental-Price.csv,RandomOverSampler,EasyEnsembleClassifier,34.691,,,,,,,,,,,0.632,0.09,0.611,0.078,0.809,0.032,0.593,0.068,0.675
solar-flare.csv,TomekLinks,EasyEnsembleClassifier,2.181,,,,,,,,,,,0.64,0.043,0.666,0.053,0.722,0.032,0.662,0.041,0.674
maternal_health_risk.csv,EditedNearestNeighbours,AdaBoostClassifier,0.32,,,,,,,,,,,0.694,0.163,0.641,0.068,0.747,0.068,0.587,0.114,0.674
balance.csv,TomekLinks,BalancedBaggingClassifier,0.312,,,,,,,,,,,0.656,0.035,0.636,0.069,0.776,0.04,0.59,0.065,0.674
pageblocks.csv,EditedNearestNeighbours,BalancedRandomForestClassifier,0.872,,,,,,,,,,,0.396,0.099,0.504,0.127,0.905,0.026,0.596,0.102,0.674
allhyper.csv,EditedNearestNeighbours,AdaBoostClassifier,1.431,,,,,,,,,,,0.415,0.111,0.336,0.084,0.968,0.006,0.327,0.168,0.673
jungle_chess_2pcs_raw_endgame_complete_seed_0_nrows_2000_nclasses_10_ncols_100_stratify_True_subset.csv,RandomUnderSampler,BalancedRandomForestClassifier,0.981,,,,,,,,,,,0.655,0.033,0.733,0.045,0.719,0.036,0.541,0.054,0.673
balance.csv,SMOTETomek,BalancedBaggingClassifier,0.349,,,,,,,,,,,0.603,0.03,0.581,0.042,0.805,0.032,0.644,0.063,0.673
balance-scale.csv,RandomOverSampler,BalancedBaggingClassifier,0.275,,,,,,,,,,,0.604,0.023,0.578,0.039,0.806,0.032,0.644,0.066,0.673
Multiclass_Classification_for_Corporate_Credit_Ratings.csv,SMOTETomek,BalancedRandomForestClassifier,2.146,,,,,,,,,,,0.677,0.034,0.703,0.033,0.678,0.038,0.63,0.041,0.673
Toronto-Apartment-Rental-Price.csv,EditedNearestNeighbours,AdaBoostClassifier,1.159,,,,,,,,,,,0.619,0.128,0.549,0.034,0.816,0.025,0.633,0.052,0.673
balance-scale.csv,SMOTE,BaggingClassifier,0.248,,,,,,,,,,,0.601,0.024,0.581,0.041,0.805,0.029,0.644,0.061,0.673
Multiclass_Classification_for_Corporate_Credit_Ratings.csv,TomekLinks,GradientBoostingClassifier,5.636,,,,,,,,,,,0.72,0.048,0.639,0.032,0.676,0.032,0.65,0.035,0.673
Flare.csv,SMOTETomek,EasyEnsembleClassifier,3.303,,,,,,,,,,,0.631,0.048,0.656,0.061,0.725,0.039,0.665,0.047,0.672
Flare.csv,TomekLinks,GradientBoostingClassifier,1.546,,,,,,,,,,,0.645,0.074,0.617,0.044,0.735,0.033,0.676,0.041,0.672
maternal_health_risk.csv,EditedNearestNeighbours,BalancedBaggingClassifier,0.365,,,,,,,,,,,0.687,0.147,0.643,0.058,0.75,0.04,0.577,0.085,0.672
vowel.csv,RandomUnderSampler,BaggingClassifier,0.238,,,,,,,,,,,0.655,0.097,0.661,0.078,0.695,0.071,0.672,0.079,0.671
led7.csv,SMOTE,RUSBoostClassifier,0.693,,,,,,,,,,,0.67,0.07,0.678,0.06,0.685,0.058,0.649,0.062,0.671
balance-scale.csv,TomekLinks,BalancedBaggingClassifier,0.322,,,,,,,,,,,0.657,0.044,0.643,0.088,0.768,0.046,0.58,0.079,0.671
balance.csv,EditedNearestNeighbours,BalancedRandomForestClassifier,0.826,,,,,,,,,,,0.679,0.022,0.675,0.054,0.74,0.036,0.558,0.047,0.671
led7.csv,SMOTE,EasyEnsembleClassifier,3.534,,,,,,,,,,,0.67,0.07,0.678,0.06,0.685,0.058,0.649,0.062,0.671
led7.csv,SMOTE,AdaBoostClassifier,0.401,,,,,,,,,,,0.67,0.07,0.678,0.06,0.685,0.058,0.649,0.062,0.671
jungle_chess_2pcs_raw_endgame_complete_seed_0_nrows_2000_nclasses_10_ncols_100_stratify_True_subset.csv,RandomUnderSampler,RandomForestClassifier,1.159,,,,,,,,,,,0.653,0.039,0.731,0.052,0.716,0.04,0.537,0.061,0.671
car_subset.csv,TomekLinks,EasyEnsembleClassifier,2.277,,,,,,,,,,,0.532,0.035,0.791,0.044,0.728,0.035,0.521,0.052,0.671
solar-flare.csv,SMOTETomek,EasyEnsembleClassifier,2.951,,,,,,,,,,,0.636,0.048,0.651,0.054,0.725,0.035,0.665,0.042,0.671
baseball_clean.csv,EditedNearestNeighbours,BalancedBaggingClassifier,0.348,,,,,,,,,,,0.504,0.115,0.63,0.072,0.878,0.021,0.444,0.07,0.67
jungle_chess_2pcs_raw_endgame_complete_seed_0_nrows_2000_nclasses_10_ncols_100_stratify_True_subset.csv,EditedNearestNeighbours,BalancedBaggingClassifier,0.425,,,,,,,,,,,0.652,0.028,0.729,0.033,0.718,0.035,0.537,0.048,0.67
total_score.csv,SMOTETomek,RandomForestClassifier,1.181,,,,,,,,,,,0.716,0.058,0.702,0.063,0.695,0.045,0.514,0.075,0.67
analcatdata_halloffame_clean.csv,EditedNearestNeighbours,BalancedBaggingClassifier,0.328,,,,,,,,,,,0.504,0.115,0.63,0.072,0.878,0.021,0.444,0.07,0.67
balance-scale.csv,TomekLinks,BalancedRandomForestClassifier,0.959,,,,,,,,,,,0.648,0.035,0.622,0.07,0.779,0.034,0.59,0.059,0.67
Midwest_survey_clean_subset.csv,EditedNearestNeighbours,EasyEnsembleClassifier,3.649,,,,,,,,,,,0.659,0.12,0.74,0.086,0.607,0.185,0.656,0.139,0.67
Toronto-Apartment-Rental-Price.csv,TomekLinks,BalancedBaggingClassifier,0.815,,,,,,,,,,,0.599,0.056,0.641,0.085,0.802,0.037,0.579,0.073,0.67
Mobile_Price.csv,EditedNearestNeighbours,RUSBoostClassifier,0.18,,,,,,,,,,,0.641,0.15,0.659,0.104,0.738,0.125,0.626,0.111,0.67
steel-plates-fault_subset.csv,RandomUnderSampler,GradientBoostingClassifier,3.285,,,,,,,,,,,0.661,0.045,0.748,0.042,0.658,0.037,0.586,0.042,0.67
balance.csv,RandomOverSampler,BaggingClassifier,0.226,,,,,,,,,,,0.598,0.012,0.571,0.027,0.804,0.026,0.641,0.054,0.669
students_dropout_and_academic_success.csv,SMOTETomek,RUSBoostClassifier,6.278,,,,,,,,,,,0.666,0.026,0.667,0.027,0.761,0.016,0.525,0.032,0.669
students_dropout_and_academic_success.csv,ADASYN,EasyEnsembleClassifier,38.839,,,,,,,,,,,0.664,0.038,0.663,0.039,0.764,0.024,0.531,0.047,0.669
balance-scale.csv,SMOTETomek,BalancedBaggingClassifier,0.339,,,,,,,,,,,0.599,0.03,0.58,0.047,0.8,0.038,0.639,0.076,0.669
solar-flare.csv,SMOTETomek,RUSBoostClassifier,0.524,,,,,,,,,,,0.632,0.048,0.657,0.056,0.718,0.033,0.66,0.039,0.669
balance.csv,SMOTETomek,BaggingClassifier,0.281,,,,,,,,,,,0.6,0.03,0.575,0.044,0.801,0.037,0.636,0.073,0.668
Multiclass_Classification_for_Corporate_Credit_Ratings.csv,SMOTETomek,RandomForestClassifier,1.621,,,,,,,,,,,0.671,0.037,0.703,0.036,0.669,0.045,0.625,0.046,0.668
Midwest_survey_clean_subset.csv,SMOTETomek,EasyEnsembleClassifier,30.991,,,,,,,,,,,0.636,0.139,0.686,0.117,0.674,0.106,0.675,0.105,0.668
students_dropout_and_academic_success.csv,TomekLinks,AdaBoostClassifier,1.608,,,,,,,,,,,0.684,0.035,0.63,0.026,0.763,0.017,0.545,0.034,0.668
students_dropout_and_academic_success.csv,SMOTETomek,EasyEnsembleClassifier,40.529,,,,,,,,,,,0.663,0.025,0.666,0.027,0.759,0.016,0.523,0.033,0.667
allhypo.csv,EditedNearestNeighbours,EasyEnsembleClassifier,3.019,,,,,,,,,,,0.454,0.03,0.731,0.072,0.815,0.031,0.331,0.062,0.667
solar-flare.csv,SMOTE,AdaBoostClassifier,0.277,,,,,,,,,,,0.636,0.05,0.648,0.047,0.718,0.033,0.659,0.039,0.667
balance-scale.csv,TomekLinks,BaggingClassifier,0.323,,,,,,,,,,,0.594,0.028,0.577,0.046,0.799,0.037,0.64,0.075,0.667
steel-plates-fault_subset.csv,RandomUnderSampler,BalancedRandomForestClassifier,0.921,,,,,,,,,,,0.652,0.037,0.756,0.033,0.644,0.042,0.587,0.042,0.667
solar-flare.csv,SMOTE,RUSBoostClassifier,0.432,,,,,,,,,,,0.636,0.05,0.648,0.047,0.718,0.033,0.659,0.039,0.667
balance.csv,TomekLinks,BalancedRandomForestClassifier,0.939,,,,,,,,,,,0.646,0.033,0.616,0.068,0.777,0.036,0.588,0.063,0.667
solar-flare.csv,SMOTE,EasyEnsembleClassifier,2.971,,,,,,,,,,,0.636,0.05,0.648,0.047,0.718,0.033,0.659,0.039,0.667
Toronto-Apartment-Rental-Price.csv,SMOTE,AdaBoostClassifier,3.761,,,,,,,,,,,0.644,0.118,0.591,0.088,0.795,0.034,0.574,0.074,0.666
solar-flare.csv,RandomOverSampler,EasyEnsembleClassifier,2.848,,,,,,,,,,,0.634,0.053,0.665,0.05,0.707,0.034,0.652,0.042,0.666
Toronto-Apartment-Rental-Price.csv,SMOTE,EasyEnsembleClassifier,35.853,,,,,,,,,,,0.644,0.118,0.591,0.088,0.795,0.034,0.574,0.074,0.666
HCV_data_clean.csv,TomekLinks,RandomForestClassifier,0.701,,,,,,,,,,,0.54,0.198,0.463,0.136,0.884,0.032,0.571,0.125,0.666
allrep.csv,EditedNearestNeighbours,AdaBoostClassifier,0.627,,,,,,,,,,,0.385,0.117,0.388,0.11,0.959,0.006,0.318,0.218,0.666
Flare.csv,SMOTETomek,GradientBoostingClassifier,2.667,,,,,,,,,,,0.628,0.044,0.632,0.041,0.727,0.032,0.664,0.039,0.666
solar-flare.csv,RandomOverSampler,AdaBoostClassifier,0.244,,,,,,,,,,,0.634,0.053,0.665,0.05,0.707,0.034,0.652,0.042,0.666
solar-flare.csv,RandomOverSampler,RUSBoostClassifier,0.443,,,,,,,,,,,0.634,0.053,0.665,0.05,0.707,0.034,0.652,0.042,0.666
Flare.csv,ADASYN,GradientBoostingClassifier,3.157,,,,,,,,,,,0.633,0.052,0.635,0.051,0.724,0.035,0.661,0.044,0.666
balance.csv,RandomOverSampler,BalancedBaggingClassifier,0.324,,,,,,,,,,,0.598,0.018,0.572,0.03,0.8,0.027,0.633,0.054,0.666
texture.csv,EditedNearestNeighbours,EasyEnsembleClassifier,7.794,,,,,,,,,,,0.692,0.053,0.694,0.048,0.644,0.066,0.627,0.062,0.666
students_dropout_and_academic_success.csv,SMOTETomek,AdaBoostClassifier,5.551,,,,,,,,,,,0.664,0.025,0.664,0.028,0.758,0.016,0.521,0.034,0.666
Toronto-Apartment-Rental-Price.csv,SMOTE,RUSBoostClassifier,4.603,,,,,,,,,,,0.644,0.118,0.591,0.088,0.795,0.034,0.574,0.074,0.666
Flare.csv,SMOTE,GradientBoostingClassifier,2.735,,,,,,,,,,,0.631,0.044,0.63,0.04,0.728,0.032,0.664,0.04,0.666
jungle_chess_2pcs_endgame_panther_elephant_subset.csv,RandomUnderSampler,EasyEnsembleClassifier,2.152,,,,,,,,,,,0.642,0.024,0.719,0.062,0.726,0.055,0.524,0.07,0.666
jungle_chess_2pcs_endgame_panther_elephant_subset.csv,RandomUnderSampler,AdaBoostClassifier,0.202,,,,,,,,,,,0.642,0.024,0.719,0.062,0.726,0.055,0.524,0.07,0.666
jungle_chess_2pcs_endgame_panther_elephant_subset.csv,RandomUnderSampler,RUSBoostClassifier,0.338,,,,,,,,,,,0.642,0.024,0.719,0.062,0.726,0.055,0.524,0.07,0.666
segment.csv,EditedNearestNeighbours,RUSBoostClassifier,0.443,,,,,,,,,,,0.665,0.155,0.696,0.116,0.639,0.206,0.658,0.165,0.665
balance.csv,TomekLinks,EasyEnsembleClassifier,2.063,,,,,,,,,,,0.72,0.009,0.699,0.041,0.672,0.047,0.525,0.047,0.665
balance-scale.csv,SMOTETomek,BaggingClassifier,0.298,,,,,,,,,,,0.595,0.023,0.575,0.035,0.798,0.03,0.634,0.061,0.665
Multiclass_Classification_for_Corporate_Credit_Ratings.csv,RandomUnderSampler,BaggingClassifier,0.392,,,,,,,,,,,0.675,0.028,0.701,0.034,0.66,0.035,0.615,0.038,0.665
students_dropout_and_academic_success.csv,SMOTE,AdaBoostClassifier,4.452,,,,,,,,,,,0.661,0.026,0.664,0.026,0.758,0.017,0.52,0.034,0.665
students_dropout_and_academic_success.csv,SMOTE,RUSBoostClassifier,5.32,,,,,,,,,,,0.661,0.026,0.664,0.026,0.758,0.017,0.52,0.034,0.665
students_dropout_and_academic_success.csv,TomekLinks,BalancedBaggingClassifier,1.217,,,,,,,,,,,0.648,0.024,0.681,0.028,0.753,0.017,0.523,0.035,0.665
students_dropout_and_academic_success.csv,SMOTE,EasyEnsembleClassifier,40.202,,,,,,,,,,,0.661,0.026,0.664,0.026,0.758,0.017,0.52,0.034,0.665
Flare.csv,ADASYN,RUSBoostClassifier,0.469,,,,,,,,,,,0.634,0.054,0.649,0.057,0.712,0.031,0.659,0.032,0.665
balance-scale.csv,EditedNearestNeighbours,BalancedBaggingClassifier,0.369,,,,,,,,,,,0.677,0.042,0.666,0.085,0.734,0.042,0.55,0.066,0.665
vowel.csv,TomekLinks,BaggingClassifier,0.339,,,,,,,,,,,0.648,0.104,0.642,0.081,0.691,0.072,0.671,0.072,0.664
students_dropout_and_academic_success.csv,TomekLinks,EasyEnsembleClassifier,7.264,,,,,,,,,,,0.655,0.029,0.681,0.031,0.748,0.02,0.518,0.038,0.664
car_evaluation.csv,EditedNearestNeighbours,AdaBoostClassifier,0.396,,,,,,,,,,,0.576,0.087,0.613,0.06,0.806,0.031,0.597,0.07,0.664
solar-flare.csv,ADASYN,EasyEnsembleClassifier,2.826,,,,,,,,,,,0.626,0.055,0.65,0.058,0.716,0.042,0.656,0.048,0.664
Multiclass_Classification_for_Corporate_Credit_Ratings.csv,RandomUnderSampler,BalancedBaggingClassifier,0.399,,,,,,,,,,,0.675,0.036,0.701,0.041,0.658,0.039,0.613,0.043,0.664
Flare.csv,SMOTETomek,AdaBoostClassifier,0.348,,,,,,,,,,,0.628,0.049,0.645,0.062,0.716,0.036,0.656,0.048,0.663
pageblocks.csv,RandomUnderSampler,BaggingClassifier,0.25,,,,,,,,,,,0.471,0.114,0.7,0.181,0.825,0.056,0.457,0.11,0.663
TESTFORDESCRIPTION-anneal.csv,RandomUnderSampler,EasyEnsembleClassifier,1.979,,,,,,,,,,,0.581,0.113,0.777,0.119,0.693,0.197,0.527,0.152,0.663
TESTFORDESCRIPTION-anneal.csv,RandomUnderSampler,RUSBoostClassifier,0.321,,,,,,,,,,,0.578,0.114,0.777,0.118,0.694,0.19,0.525,0.148,0.663
TESTFORDESCRIPTION-anneal.csv,RandomUnderSampler,AdaBoostClassifier,0.185,,,,,,,,,,,0.579,0.116,0.777,0.119,0.692,0.197,0.526,0.152,0.662
Flare.csv,RandomUnderSampler,EasyEnsembleClassifier,2.211,,,,,,,,,,,0.619,0.049,0.659,0.049,0.709,0.041,0.653,0.042,0.662
pageblocks.csv,RandomUnderSampler,AdaBoostClassifier,0.188,,,,,,,,,,,0.531,0.171,0.672,0.192,0.83,0.093,0.427,0.15,0.662
total_score.csv,ADASYN,BaggingClassifier,0.469,,,,,,,,,,,0.717,0.054,0.686,0.071,0.688,0.043,0.493,0.072,0.662
Flare.csv,TomekLinks,EasyEnsembleClassifier,2.256,,,,,,,,,,,0.624,0.047,0.654,0.058,0.708,0.037,0.649,0.045,0.661
Flare.csv,RandomOverSampler,GradientBoostingClassifier,2.413,,,,,,,,,,,0.623,0.04,0.636,0.047,0.719,0.03,0.656,0.036,0.661
anneal.csv,RandomUnderSampler,RandomForestClassifier,0.469,,,,,,,,,,,0.532,0.056,0.811,0.074,0.673,0.087,0.51,0.073,0.661
balance-scale.csv,TomekLinks,EasyEnsembleClassifier,2.021,,,,,,,,,,,0.719,0.006,0.695,0.04,0.665,0.05,0.519,0.046,0.661
steel-plates-fault_subset.csv,RandomUnderSampler,RandomForestClassifier,0.672,,,,,,,,,,,0.647,0.037,0.748,0.038,0.639,0.039,0.58,0.042,0.661
Flare.csv,TomekLinks,AdaBoostClassifier,0.247,,,,,,,,,,,0.62,0.07,0.617,0.056,0.724,0.032,0.67,0.041,0.661
JapaneseVowels.csv,TomekLinks,AdaBoostClassifier,1.379,,,,,,,,,,,0.662,0.03,0.635,0.028,0.699,0.024,0.644,0.028,0.661
car_subset.csv,RandomOverSampler,AdaBoostClassifier,0.343,,,,,,,,,,,0.526,0.043,0.767,0.058,0.728,0.045,0.514,0.066,0.66
balance.csv,SMOTE,BaggingClassifier,0.238,,,,,,,,,,,0.597,0.037,0.571,0.055,0.793,0.04,0.621,0.075,0.66
Flare.csv,SMOTETomek,RUSBoostClassifier,0.538,,,,,,,,,,,0.628,0.061,0.641,0.063,0.712,0.037,0.65,0.046,0.66
Toronto-Apartment-Rental-Price.csv,SMOTETomek,RUSBoostClassifier,4.937,,,,,,,,,,,0.622,0.104,0.586,0.088,0.795,0.034,0.578,0.072,0.66
car_subset.csv,RandomOverSampler,EasyEnsembleClassifier,3.673,,,,,,,,,,,0.526,0.043,0.767,0.058,0.728,0.045,0.514,0.066,0.66
Toronto-Apartment-Rental-Price.csv,SMOTETomek,AdaBoostClassifier,4.094,,,,,,,,,,,0.619,0.087,0.577,0.066,0.798,0.033,0.58,0.07,0.66
maternal_health_risk.csv,TomekLinks,AdaBoostClassifier,0.298,,,,,,,,,,,0.654,0.135,0.625,0.068,0.753,0.044,0.574,0.091,0.66
total_score.csv,ADASYN,BalancedBaggingClassifier,0.518,,,,,,,,,,,0.71,0.064,0.685,0.077,0.688,0.039,0.5,0.068,0.66
car_subset.csv,RandomOverSampler,RUSBoostClassifier,0.519,,,,,,,,,,,0.526,0.043,0.767,0.058,0.728,0.045,0.514,0.066,0.66
Flare.csv,SMOTE,RUSBoostClassifier,0.483,,,,,,,,,,,0.625,0.055,0.641,0.071,0.712,0.038,0.651,0.048,0.659
led7.csv,RandomOverSampler,RUSBoostClassifier,0.799,,,,,,,,,,,0.658,0.059,0.664,0.046,0.675,0.042,0.638,0.047,0.659
total_score.csv,SMOTE,GradientBoostingClassifier,6.013,,,,,,,,,,,0.693,0.059,0.696,0.059,0.691,0.041,0.497,0.072,0.659
led7.csv,ADASYN,RUSBoostClassifier,0.579,,,,,,,,,,,0.66,0.056,0.668,0.051,0.671,0.053,0.634,0.054,0.659
Flare.csv,SMOTE,AdaBoostClassifier,0.295,,,,,,,,,,,0.625,0.055,0.641,0.071,0.712,0.038,0.651,0.048,0.659
pageblocks.csv,RandomUnderSampler,BalancedBaggingClassifier,0.251,,,,,,,,,,,0.479,0.144,0.685,0.145,0.825,0.068,0.454,0.133,0.659
dermatology.csv,EditedNearestNeighbours,EasyEnsembleClassifier,2.097,,,,,,,,,,,0.647,0.094,0.667,0.083,0.666,0.093,0.656,0.092,0.659
solar-flare.csv,TomekLinks,BalancedRandomForestClassifier,0.981,,,,,,,,,,,0.625,0.04,0.649,0.049,0.707,0.029,0.649,0.032,0.659
solar-flare.csv,SMOTETomek,AdaBoostClassifier,0.366,,,,,,,,,,,0.631,0.061,0.635,0.057,0.711,0.037,0.65,0.043,0.659
students_dropout_and_academic_success.csv,RandomOverSampler,RUSBoostClassifier,4.166,,,,,,,,,,,0.65,0.029,0.675,0.032,0.745,0.022,0.51,0.04,0.659
dgf_96f4164d-956d-4c1c-b161-68724eb0ccdc_clean.csv,EditedNearestNeighbours,BalancedRandomForestClassifier,1.084,,,,,,,,,,,0.675,0.059,0.66,0.058,0.661,0.052,0.64,0.054,0.659
HCV_data_clean.csv,RandomUnderSampler,BalancedRandomForestClassifier,0.715,,,,,,,,,,,0.523,0.118,0.667,0.147,0.822,0.064,0.478,0.125,0.659
led7.csv,RandomOverSampler,AdaBoostClassifier,0.408,,,,,,,,,,,0.658,0.059,0.664,0.046,0.675,0.042,0.638,0.047,0.659
led7.csv,RandomOverSampler,EasyEnsembleClassifier,3.137,,,,,,,,,,,0.658,0.059,0.664,0.046,0.675,0.042,0.638,0.047,0.659
Flare.csv,SMOTE,EasyEnsembleClassifier,3.258,,,,,,,,,,,0.625,0.055,0.641,0.071,0.712,0.038,0.651,0.048,0.659
solar-flare.csv,TomekLinks,GradientBoostingClassifier,1.419,,,,,,,,,,,0.62,0.058,0.605,0.042,0.727,0.025,0.665,0.03,0.659
Toronto-Apartment-Rental-Price.csv,RandomUnderSampler,BalancedRandomForestClassifier,1.031,,,,,,,,,,,0.598,0.055,0.632,0.09,0.791,0.038,0.551,0.076,0.659
students_dropout_and_academic_success.csv,RandomOverSampler,EasyEnsembleClassifier,30.825,,,,,,,,,,,0.649,0.029,0.675,0.032,0.745,0.022,0.51,0.04,0.659
students_dropout_and_academic_success.csv,RandomOverSampler,AdaBoostClassifier,3.316,,,,,,,,,,,0.65,0.029,0.675,0.032,0.745,0.022,0.51,0.04,0.659
allrep.csv,EditedNearestNeighbours,BalancedBaggingClassifier,0.5,,,,,,,,,,,0.294,0.049,0.491,0.046,0.927,0.03,0.308,0.076,0.658
synthetic_control.csv,EditedNearestNeighbours,RUSBoostClassifier,0.243,,,,,,,,,,,0.648,0.163,0.645,0.14,0.687,0.169,0.649,0.178,0.658
students_dropout_and_academic_success.csv,ADASYN,RUSBoostClassifier,5.259,,,,,,,,,,,0.65,0.027,0.652,0.03,0.757,0.018,0.517,0.037,0.658
Flare.csv,RandomOverSampler,AdaBoostClassifier,0.299,,,,,,,,,,,0.619,0.05,0.646,0.06,0.711,0.032,0.648,0.042,0.658
Flare.csv,RandomOverSampler,RUSBoostClassifier,0.443,,,,,,,,,,,0.619,0.05,0.646,0.06,0.711,0.032,0.648,0.042,0.658
Toronto-Apartment-Rental-Price.csv,RandomUnderSampler,RandomForestClassifier,0.694,,,,,,,,,,,0.599,0.054,0.634,0.077,0.788,0.035,0.548,0.071,0.658
Flare.csv,RandomOverSampler,EasyEnsembleClassifier,3.03,,,,,,,,,,,0.619,0.05,0.646,0.06,0.711,0.032,0.648,0.042,0.658
led7.csv,ADASYN,AdaBoostClassifier,0.386,,,,,,,,,,,0.652,0.07,0.667,0.059,0.675,0.061,0.636,0.063,0.658
students_dropout_and_academic_success.csv,ADASYN,AdaBoostClassifier,4.386,,,,,,,,,,,0.65,0.039,0.651,0.038,0.755,0.024,0.514,0.047,0.657
Flare.csv,TomekLinks,BaggingClassifier,0.248,,,,,,,,,,,0.618,0.048,0.612,0.045,0.724,0.033,0.66,0.043,0.657
balance.csv,SMOTE,BalancedBaggingClassifier,0.3,,,,,,,,,,,0.593,0.029,0.565,0.041,0.789,0.039,0.616,0.075,0.656
Toronto-Apartment-Rental-Price.csv,SMOTETomek,EasyEnsembleClassifier,35.82,,,,,,,,,,,0.613,0.089,0.571,0.069,0.797,0.031,0.576,0.066,0.656
jungle_chess_2pcs_raw_endgame_complete_seed_0_nrows_2000_nclasses_10_ncols_100_stratify_True_subset.csv,RandomUnderSampler,BaggingClassifier,0.321,,,,,,,,,,,0.643,0.041,0.716,0.053,0.7,0.043,0.515,0.063,0.656
Multiclass_Classification_for_Corporate_Credit_Ratings.csv,ADASYN,BalancedBaggingClassifier,2.835,,,,,,,,,,,0.665,0.025,0.68,0.029,0.664,0.025,0.609,0.029,0.656
anneal.csv,RandomUnderSampler,BalancedBaggingClassifier,0.266,,,,,,,,,,,0.575,0.052,0.792,0.088,0.667,0.097,0.493,0.066,0.656
solar-flare.csv,SMOTETomek,GradientBoostingClassifier,1.994,,,,,,,,,,,0.623,0.042,0.629,0.04,0.713,0.031,0.646,0.036,0.655
total_score.csv,ADASYN,GradientBoostingClassifier,5.574,,,,,,,,,,,0.693,0.055,0.696,0.065,0.681,0.045,0.485,0.071,0.655
ecoli.csv,RandomOverSampler,EasyEnsembleClassifier,2.466,,,,,,,,,,,0.596,0.112,0.58,0.118,0.742,0.113,0.671,0.119,0.655
students_dropout_and_academic_success.csv,RandomUnderSampler,EasyEnsembleClassifier,7.434,,,,,,,,,,,0.646,0.031,0.675,0.031,0.735,0.025,0.501,0.042,0.654
students_dropout_and_academic_success.csv,RandomUnderSampler,AdaBoostClassifier,0.921,,,,,,,,,,,0.646,0.031,0.675,0.031,0.735,0.025,0.501,0.042,0.654
students_dropout_and_academic_success.csv,RandomUnderSampler,RUSBoostClassifier,1.161,,,,,,,,,,,0.646,0.031,0.675,0.031,0.735,0.025,0.5,0.042,0.654
Multiclass_Classification_for_Corporate_Credit_Ratings.csv,SMOTE,BaggingClassifier,1.01,,,,,,,,,,,0.664,0.035,0.675,0.038,0.663,0.034,0.608,0.038,0.654
satimage.csv,ADASYN,RUSBoostClassifier,9.359,,,,,,,,,,,0.638,0.039,0.662,0.036,0.699,0.031,0.606,0.039,0.654
balance.csv,RandomUnderSampler,GradientBoostingClassifier,0.432,,,,,,,,,,,0.653,0.034,0.637,0.078,0.739,0.049,0.546,0.071,0.653
Flare.csv,SMOTETomek,RandomForestClassifier,0.952,,,,,,,,,,,0.616,0.058,0.613,0.045,0.717,0.032,0.652,0.041,0.653
led7.csv,RandomUnderSampler,EasyEnsembleClassifier,2.523,,,,,,,,,,,0.649,0.069,0.658,0.068,0.67,0.057,0.633,0.063,0.653
allrep.csv,TomekLinks,RUSBoostClassifier,0.238,,,,,,,,,,,0.268,0.004,0.477,0.004,0.921,0.008,0.311,0.026,0.653
solar-flare.csv,SMOTE,GradientBoostingClassifier,1.959,,,,,,,,,,,0.619,0.043,0.626,0.043,0.709,0.033,0.643,0.041,0.652
allhyper.csv,RandomUnderSampler,RUSBoostClassifier,0.329,,,,,,,,,,,0.309,0.032,0.674,0.223,0.81,0.107,0.208,0.061,0.652
Toronto-Apartment-Rental-Price.csv,TomekLinks,AdaBoostClassifier,1.471,,,,,,,,,,,0.553,0.021,0.529,0.024,0.809,0.026,0.622,0.056,0.652
ecoli.csv,RandomOverSampler,RUSBoostClassifier,0.631,,,,,,,,,,,0.592,0.111,0.575,0.116,0.74,0.112,0.667,0.118,0.652
ecoli.csv,RandomOverSampler,AdaBoostClassifier,0.241,,,,,,,,,,,0.592,0.111,0.575,0.116,0.74,0.112,0.667,0.118,0.652
allhyper.csv,RandomUnderSampler,AdaBoostClassifier,0.232,,,,,,,,,,,0.309,0.032,0.674,0.223,0.81,0.107,0.208,0.061,0.652
vehicle.csv,TomekLinks,AdaBoostClassifier,0.332,,,,,,,,,,,0.608,0.118,0.621,0.085,0.742,0.061,0.614,0.094,0.652
anneal.csv,RandomUnderSampler,EasyEnsembleClassifier,1.91,,,,,,,,,,,0.614,0.094,0.752,0.106,0.685,0.157,0.467,0.11,0.652
allhyper.csv,RandomUnderSampler,EasyEnsembleClassifier,2.184,,,,,,,,,,,0.309,0.032,0.674,0.223,0.81,0.107,0.208,0.061,0.652
Flare.csv,TomekLinks,BalancedRandomForestClassifier,1.205,,,,,,,,,,,0.615,0.032,0.639,0.035,0.699,0.029,0.642,0.032,0.651
solar-flare.csv,TomekLinks,BaggingClassifier,0.319,,,,,,,,,,,0.609,0.056,0.602,0.047,0.721,0.028,0.655,0.034,0.651
led7.csv,RandomUnderSampler,RUSBoostClassifier,0.431,,,,,,,,,,,0.648,0.067,0.656,0.065,0.668,0.053,0.631,0.06,0.651
led7.csv,RandomUnderSampler,AdaBoostClassifier,0.225,,,,,,,,,,,0.648,0.067,0.656,0.065,0.668,0.053,0.631,0.06,0.651
Multiclass_Classification_for_Corporate_Credit_Ratings.csv,ADASYN,BaggingClassifier,0.975,,,,,,,,,,,0.659,0.033,0.672,0.036,0.661,0.035,0.605,0.04,0.651
solar-flare.csv,TomekLinks,AdaBoostClassifier,0.292,,,,,,,,,,,0.615,0.051,0.613,0.055,0.71,0.033,0.655,0.044,0.651
solar-flare.csv,RandomOverSampler,GradientBoostingClassifier,1.938,,,,,,,,,,,0.615,0.046,0.631,0.05,0.704,0.03,0.64,0.034,0.65
Flare.csv,SMOTETomek,BaggingClassifier,0.38,,,,,,,,,,,0.61,0.054,0.606,0.043,0.717,0.03,0.651,0.037,0.65
Multiclass_Classification_for_Corporate_Credit_Ratings.csv,SMOTE,BalancedBaggingClassifier,1.21,,,,,,,,,,,0.66,0.031,0.671,0.041,0.659,0.033,0.603,0.04,0.65
led7.csv,SMOTETomek,AdaBoostClassifier,0.445,,,,,,,,,,,0.643,0.073,0.653,0.061,0.667,0.058,0.633,0.06,0.649
penbased.csv,TomekLinks,RUSBoostClassifier,0.494,,,,,,,,,,,0.685,0.063,0.648,0.065,0.642,0.069,0.617,0.071,0.649
students_dropout_and_academic_success.csv,RandomUnderSampler,BaggingClassifier,0.783,,,,,,,,,,,0.635,0.025,0.681,0.034,0.726,0.02,0.494,0.038,0.649
product_sentiment_machine_hack_subset.csv,RandomOverSampler,BaggingClassifier,3.161,,,,,,,,,,,0.506,0.059,0.497,0.05,0.813,0.023,0.646,0.046,0.649
shuttle.csv,EditedNearestNeighbours,EasyEnsembleClassifier,2.154,,,,,,,,,,,0.633,0.107,0.693,0.122,0.702,0.147,0.528,0.11,0.649
Flare.csv,ADASYN,RandomForestClassifier,0.885,,,,,,,,,,,0.61,0.048,0.61,0.044,0.714,0.03,0.647,0.04,0.649
car_subset.csv,SMOTE,AdaBoostClassifier,0.429,,,,,,,,,,,0.524,0.041,0.739,0.059,0.726,0.035,0.507,0.053,0.648
car_subset.csv,ADASYN,AdaBoostClassifier,0.481,,,,,,,,,,,0.521,0.041,0.743,0.061,0.723,0.037,0.504,0.055,0.648
car_subset.csv,SMOTE,EasyEnsembleClassifier,4.319,,,,,,,,,,,0.524,0.041,0.739,0.059,0.726,0.035,0.507,0.053,0.648
total_score.csv,SMOTETomek,BaggingClassifier,0.377,,,,,,,,,,,0.694,0.073,0.686,0.071,0.668,0.056,0.48,0.088,0.648
car_subset.csv,ADASYN,RUSBoostClassifier,0.662,,,,,,,,,,,0.523,0.038,0.745,0.058,0.722,0.036,0.499,0.052,0.648
total_score.csv,RandomUnderSampler,RandomForestClassifier,0.562,,,,,,,,,,,0.652,0.064,0.74,0.06,0.649,0.057,0.48,0.077,0.648
solar-flare.csv,EditedNearestNeighbours,BalancedBaggingClassifier,0.595,,,,,,,,,,,0.628,0.055,0.632,0.041,0.689,0.037,0.637,0.041,0.648
jungle_chess_2pcs_raw_endgame_complete_seed_0_nrows_2000_nclasses_10_ncols_100_stratify_True_subset.csv,RandomUnderSampler,BalancedBaggingClassifier,0.281,,,,,,,,,,,0.635,0.034,0.707,0.044,0.695,0.039,0.504,0.056,0.648
car_subset.csv,SMOTETomek,AdaBoostClassifier,0.668,,,,,,,,,,,0.523,0.039,0.74,0.06,0.726,0.035,0.507,0.053,0.648
solar-flare.csv,ADASYN,AdaBoostClassifier,0.291,,,,,,,,,,,0.613,0.056,0.634,0.06,0.699,0.046,0.638,0.051,0.648
car_subset.csv,SMOTE,RUSBoostClassifier,0.654,,,,,,,,,,,0.524,0.041,0.739,0.059,0.726,0.035,0.507,0.053,0.648
students_dropout_and_academic_success.csv,RandomUnderSampler,BalancedBaggingClassifier,0.937,,,,,,,,,,,0.634,0.026,0.677,0.026,0.724,0.024,0.49,0.036,0.647
anneal.csv,RandomUnderSampler,RUSBoostClassifier,0.296,,,,,,,,,,,0.614,0.089,0.742,0.105,0.681,0.155,0.465,0.104,0.647
total_score.csv,TomekLinks,BalancedRandomForestClassifier,0.818,,,,,,,,,,,0.639,0.078,0.714,0.076,0.683,0.057,0.495,0.086,0.647
solar-flare.csv,TomekLinks,RandomForestClassifier,0.803,,,,,,,,,,,0.609,0.053,0.608,0.042,0.712,0.029,0.644,0.034,0.647
Flare.csv,SMOTE,RandomForestClassifier,0.866,,,,,,,,,,,0.603,0.049,0.606,0.042,0.714,0.03,0.648,0.04,0.647
Flare.csv,SMOTE,BalancedRandomForestClassifier,1.269,,,,,,,,,,,0.603,0.051,0.605,0.04,0.714,0.03,0.648,0.039,0.647
satimage.csv,ADASYN,AdaBoostClassifier,5.162,,,,,,,,,,,0.633,0.047,0.653,0.044,0.694,0.038,0.599,0.048,0.647
Flare.csv,ADASYN,BalancedRandomForestClassifier,1.375,,,,,,,,,,,0.608,0.059,0.606,0.051,0.711,0.037,0.643,0.049,0.646
car_subset.csv,SMOTETomek,RUSBoostClassifier,0.917,,,,,,,,,,,0.522,0.039,0.737,0.059,0.724,0.036,0.504,0.054,0.646
car_subset.csv,SMOTETomek,EasyEnsembleClassifier,4.497,,,,,,,,,,,0.522,0.039,0.737,0.059,0.724,0.036,0.504,0.054,0.646
Flare.csv,RandomUnderSampler,RUSBoostClassifier,0.352,,,,,,,,,,,0.604,0.055,0.636,0.062,0.697,0.045,0.638,0.049,0.646
Flare.csv,RandomUnderSampler,AdaBoostClassifier,0.199,,,,,,,,,,,0.604,0.055,0.636,0.062,0.697,0.045,0.638,0.049,0.646
HCV_data_clean.csv,RandomUnderSampler,RandomForestClassifier,0.47,,,,,,,,,,,0.503,0.13,0.641,0.147,0.818,0.057,0.463,0.112,0.646
solar-flare.csv,TomekLinks,BalancedBaggingClassifier,0.356,,,,,,,,,,,0.611,0.042,0.63,0.045,0.699,0.03,0.637,0.036,0.646
total_score.csv,SMOTETomek,BalancedBaggingClassifier,0.491,,,,,,,,,,,0.697,0.053,0.683,0.067,0.664,0.047,0.47,0.083,0.646
Flare.csv,ADASYN,BaggingClassifier,0.358,,,,,,,,,,,0.607,0.05,0.608,0.05,0.71,0.032,0.643,0.046,0.645
Toronto-Apartment-Rental-Price.csv,TomekLinks,EasyEnsembleClassifier,3.414,,,,,,,,,,,0.594,0.056,0.611,0.096,0.779,0.038,0.528,0.077,0.645
HCV_data_clean.csv,EditedNearestNeighbours,BalancedBaggingClassifier,0.471,,,,,,,,,,,0.485,0.128,0.5,0.118,0.869,0.031,0.509,0.115,0.645
Flare.csv,SMOTE,BalancedBaggingClassifier,0.346,,,,,,,,,,,0.599,0.045,0.601,0.042,0.714,0.028,0.648,0.037,0.645
balance-scale.csv,RandomUnderSampler,BalancedBaggingClassifier,0.257,,,,,,,,,,,0.658,0.042,0.63,0.084,0.724,0.051,0.526,0.078,0.645
car_evaluation.csv,EditedNearestNeighbours,BalancedRandomForestClassifier,1.027,,,,,,,,,,,0.531,0.039,0.701,0.052,0.754,0.031,0.499,0.058,0.645
Midwest_survey_clean_subset.csv,SMOTETomek,RUSBoostClassifier,4.396,,,,,,,,,,,0.602,0.126,0.66,0.114,0.657,0.1,0.653,0.104,0.644
total_score.csv,SMOTETomek,GradientBoostingClassifier,3.68,,,,,,,,,,,0.679,0.054,0.685,0.064,0.674,0.044,0.471,0.079,0.644
Toronto-Apartment-Rental-Price.csv,ADASYN,AdaBoostClassifier,3.731,,,,,,,,,,,0.6,0.076,0.569,0.062,0.785,0.04,0.555,0.077,0.644
balance.csv,RandomUnderSampler,BalancedBaggingClassifier,0.266,,,,,,,,,,,0.655,0.037,0.626,0.084,0.727,0.046,0.528,0.067,0.644
Flare.csv,SMOTETomek,BalancedRandomForestClassifier,1.307,,,,,,,,,,,0.602,0.051,0.602,0.043,0.711,0.029,0.644,0.038,0.644
Flare.csv,ADASYN,BalancedBaggingClassifier,0.347,,,,,,,,,,,0.601,0.05,0.604,0.047,0.711,0.031,0.643,0.041,0.644
Flare.csv,SMOTETomek,BalancedBaggingClassifier,0.451,,,,,,,,,,,0.598,0.048,0.6,0.042,0.714,0.031,0.648,0.04,0.644
Flare.csv,TomekLinks,BalancedBaggingClassifier,0.299,,,,,,,,,,,0.609,0.054,0.623,0.059,0.7,0.037,0.636,0.042,0.644
solar-flare.csv,RandomOverSampler,BaggingClassifier,0.269,,,,,,,,,,,0.608,0.039,0.622,0.046,0.702,0.03,0.632,0.035,0.644
product_sentiment_machine_hack_subset.csv,RandomOverSampler,BalancedBaggingClassifier,8.112,,,,,,,,,,,0.498,0.041,0.496,0.053,0.809,0.023,0.637,0.045,0.644
anneal.csv,RandomUnderSampler,AdaBoostClassifier,0.207,,,,,,,,,,,0.608,0.098,0.744,0.099,0.67,0.176,0.463,0.101,0.643
Flare.csv,RandomOverSampler,RandomForestClassifier,2.836,,,,,,,,,,,0.603,0.038,0.612,0.047,0.705,0.031,0.638,0.039,0.643
solar-flare.csv,SMOTETomek,BalancedBaggingClassifier,0.428,,,,,,,,,,,0.605,0.039,0.615,0.042,0.704,0.026,0.635,0.032,0.643
solar-flare.csv,SMOTETomek,BaggingClassifier,0.367,,,,,,,,,,,0.606,0.041,0.615,0.042,0.705,0.028,0.635,0.035,0.643
Flare.csv,RandomOverSampler,BaggingClassifier,0.396,,,,,,,,,,,0.608,0.045,0.618,0.049,0.701,0.031,0.635,0.04,0.643
solar-flare.csv,RandomOverSampler,BalancedBaggingClassifier,0.336,,,,,,,,,,,0.606,0.039,0.618,0.042,0.703,0.03,0.634,0.036,0.643
solar-flare.csv,RandomUnderSampler,EasyEnsembleClassifier,2.132,,,,,,,,,,,0.606,0.052,0.628,0.06,0.695,0.041,0.635,0.048,0.643
car_subset.csv,ADASYN,EasyEnsembleClassifier,4.26,,,,,,,,,,,0.516,0.043,0.737,0.071,0.718,0.032,0.493,0.054,0.642
vehicle.csv,EditedNearestNeighbours,GradientBoostingClassifier,1.971,,,,,,,,,,,0.613,0.159,0.583,0.063,0.722,0.054,0.629,0.069,0.642
solar-flare.csv,RandomUnderSampler,RUSBoostClassifier,0.33,,,,,,,,,,,0.604,0.053,0.626,0.059,0.694,0.042,0.633,0.048,0.641
solar-flare.csv,ADASYN,GradientBoostingClassifier,1.882,,,,,,,,,,,0.603,0.041,0.632,0.048,0.69,0.029,0.632,0.039,0.641
penbased.csv,SMOTETomek,RUSBoostClassifier,0.561,,,,,,,,,,,0.681,0.058,0.638,0.062,0.633,0.063,0.607,0.065,0.641
Multiclass_Classification_for_Corporate_Credit_Ratings.csv,TomekLinks,BaggingClassifier,0.388,,,,,,,,,,,0.665,0.052,0.619,0.037,0.656,0.036,0.619,0.041,0.641
balance.csv,RandomUnderSampler,RandomForestClassifier,0.498,,,,,,,,,,,0.651,0.039,0.611,0.093,0.73,0.042,0.528,0.068,0.641
balance-scale.csv,RandomUnderSampler,BaggingClassifier,0.263,,,,,,,,,,,0.653,0.043,0.625,0.086,0.723,0.05,0.522,0.078,0.641
eucalyptus_subset.csv,TomekLinks,BalancedBaggingClassifier,0.317,,,,,,,,,,,0.623,0.038,0.665,0.042,0.707,0.028,0.539,0.045,0.641
solar-flare.csv,RandomUnderSampler,AdaBoostClassifier,0.204,,,,,,,,,,,0.604,0.053,0.626,0.059,0.694,0.042,0.633,0.048,0.641
Flare.csv,RandomOverSampler,BalancedBaggingClassifier,0.327,,,,,,,,,,,0.606,0.045,0.613,0.047,0.7,0.031,0.633,0.039,0.641
solar-flare.csv,SMOTE,RandomForestClassifier,0.795,,,,,,,,,,,0.603,0.043,0.613,0.045,0.703,0.027,0.634,0.034,0.641
solar-flare.csv,RandomUnderSampler,BaggingClassifier,0.274,,,,,,,,,,,0.607,0.057,0.626,0.059,0.693,0.04,0.628,0.051,0.641
Flare.csv,TomekLinks,RandomForestClassifier,0.737,,,,,,,,,,,0.601,0.045,0.609,0.045,0.704,0.034,0.638,0.044,0.641
solar-flare.csv,RandomUnderSampler,RandomForestClassifier,0.555,,,,,,,,,,,0.604,0.05,0.636,0.055,0.689,0.04,0.624,0.048,0.64
Midwest_survey_clean_subset.csv,SMOTE,RUSBoostClassifier,4.116,,,,,,,,,,,0.585,0.185,0.66,0.145,0.654,0.135,0.652,0.129,0.64
Midwest_survey_clean_subset.csv,SMOTE,EasyEnsembleClassifier,31.402,,,,,,,,,,,0.585,0.185,0.66,0.145,0.654,0.135,0.652,0.129,0.64
solar-flare.csv,SMOTETomek,BalancedRandomForestClassifier,1.364,,,,,,,,,,,0.601,0.043,0.611,0.044,0.703,0.029,0.633,0.036,0.64
Flare.csv,EditedNearestNeighbours,BalancedBaggingClassifier,0.275,,,,,,,,,,,0.602,0.073,0.623,0.055,0.692,0.041,0.633,0.05,0.64
Flare.csv,RandomOverSampler,BalancedRandomForestClassifier,1.362,,,,,,,,,,,0.599,0.04,0.61,0.047,0.702,0.031,0.636,0.039,0.64
steel-plates-fault_subset.csv,TomekLinks,BalancedBaggingClassifier,0.345,,,,,,,,,,,0.625,0.034,0.736,0.033,0.612,0.033,0.552,0.042,0.64
Midwest_survey_clean_subset.csv,SMOTE,AdaBoostClassifier,3.33,,,,,,,,,,,0.585,0.185,0.66,0.145,0.654,0.135,0.652,0.129,0.64
solar-flare.csv,SMOTE,BalancedRandomForestClassifier,1.234,,,,,,,,,,,0.602,0.043,0.612,0.046,0.702,0.025,0.632,0.032,0.64
solar-flare.csv,SMOTE,BaggingClassifier,0.32,,,,,,,,,,,0.603,0.049,0.614,0.05,0.701,0.032,0.632,0.039,0.64
penbased.csv,TomekLinks,AdaBoostClassifier,0.319,,,,,,,,,,,0.68,0.063,0.634,0.072,0.632,0.072,0.604,0.077,0.639
balance-scale.csv,RandomUnderSampler,RandomForestClassifier,0.494,,,,,,,,,,,0.647,0.038,0.61,0.083,0.729,0.045,0.525,0.07,0.639
Flare.csv,SMOTE,BaggingClassifier,0.347,,,,,,,,,,,0.591,0.041,0.595,0.039,0.71,0.027,0.642,0.036,0.639
solar-flare.csv,RandomOverSampler,RandomForestClassifier,0.833,,,,,,,,,,,0.6,0.046,0.613,0.052,0.7,0.03,0.63,0.038,0.639
vowel.csv,TomekLinks,BalancedBaggingClassifier,0.346,,,,,,,,,,,0.629,0.121,0.615,0.109,0.67,0.085,0.64,0.098,0.639
solar-flare.csv,SMOTETomek,RandomForestClassifier,0.777,,,,,,,,,,,0.6,0.038,0.61,0.04,0.702,0.025,0.632,0.031,0.639
JapaneseVowels.csv,ADASYN,RUSBoostClassifier,4.97,,,,,,,,,,,0.641,0.032,0.625,0.03,0.676,0.026,0.608,0.032,0.639
solar-flare.csv,RandomUnderSampler,GradientBoostingClassifier,0.897,,,,,,,,,,,0.605,0.046,0.626,0.056,0.691,0.034,0.626,0.044,0.639
solar-flare.csv,RandomOverSampler,BalancedRandomForestClassifier,1.261,,,,,,,,,,,0.602,0.043,0.613,0.05,0.701,0.029,0.63,0.036,0.639
JapaneseVowels.csv,RandomOverSampler,EasyEnsembleClassifier,34.377,,,,,,,,,,,0.647,0.038,0.623,0.04,0.674,0.035,0.603,0.042,0.638
solar-flare.csv,ADASYN,RUSBoostClassifier,0.444,,,,,,,,,,,0.598,0.047,0.628,0.052,0.688,0.034,0.629,0.041,0.638
JapaneseVowels.csv,RandomOverSampler,AdaBoostClassifier,2.746,,,,,,,,,,,0.647,0.038,0.623,0.04,0.674,0.035,0.603,0.042,0.638
JapaneseVowels.csv,SMOTE,EasyEnsembleClassifier,43.652,,,,,,,,,,,0.641,0.025,0.624,0.027,0.674,0.022,0.606,0.027,0.638
JapaneseVowels.csv,RandomOverSampler,RUSBoostClassifier,5.277,,,,,,,,,,,0.647,0.038,0.623,0.04,0.674,0.035,0.603,0.042,0.638
dgf_96f4164d-956d-4c1c-b161-68724eb0ccdc_clean.csv,EditedNearestNeighbours,BalancedBaggingClassifier,0.597,,,,,,,,,,,0.653,0.075,0.649,0.067,0.635,0.065,0.614,0.066,0.638
JapaneseVowels.csv,SMOTE,RUSBoostClassifier,5.452,,,,,,,,,,,0.641,0.025,0.624,0.027,0.674,0.022,0.606,0.027,0.638
JapaneseVowels.csv,SMOTE,AdaBoostClassifier,5.751,,,,,,,,,,,0.641,0.025,0.624,0.027,0.674,0.022,0.606,0.027,0.638
Flare.csv,ADASYN,AdaBoostClassifier,0.291,,,,,,,,,,,0.598,0.062,0.624,0.072,0.692,0.042,0.627,0.055,0.638
vehicle.csv,EditedNearestNeighbours,RandomForestClassifier,1.051,,,,,,,,,,,0.586,0.137,0.591,0.066,0.719,0.055,0.628,0.08,0.637
solar-flare.csv,RandomUnderSampler,BalancedBaggingClassifier,0.318,,,,,,,,,,,0.6,0.053,0.624,0.054,0.689,0.037,0.625,0.044,0.637
car_subset.csv,RandomUnderSampler,AdaBoostClassifier,0.215,,,,,,,,,,,0.513,0.04,0.748,0.062,0.698,0.046,0.476,0.056,0.637
car_subset.csv,RandomUnderSampler,RUSBoostClassifier,0.346,,,,,,,,,,,0.513,0.04,0.748,0.062,0.698,0.046,0.476,0.056,0.637
penbased.csv,RandomOverSampler,EasyEnsembleClassifier,3.439,,,,,,,,,,,0.675,0.062,0.635,0.06,0.628,0.062,0.605,0.063,0.637
car_subset.csv,RandomUnderSampler,EasyEnsembleClassifier,2.173,,,,,,,,,,,0.513,0.04,0.748,0.062,0.698,0.046,0.476,0.056,0.637
allhyper.csv,EditedNearestNeighbours,EasyEnsembleClassifier,3.083,,,,,,,,,,,0.289,0.013,0.595,0.103,0.837,0.035,0.223,0.04,0.637
solar-flare.csv,SMOTE,BalancedBaggingClassifier,0.366,,,,,,,,,,,0.598,0.046,0.608,0.048,0.699,0.031,0.63,0.039,0.637
penbased.csv,RandomOverSampler,RUSBoostClassifier,0.468,,,,,,,,,,,0.675,0.062,0.635,0.06,0.628,0.062,0.605,0.063,0.637
penbased.csv,RandomOverSampler,AdaBoostClassifier,0.343,,,,,,,,,,,0.675,0.062,0.635,0.06,0.628,0.062,0.605,0.063,0.637
Flare.csv,EditedNearestNeighbours,BalancedRandomForestClassifier,1.082,,,,,,,,,,,0.598,0.065,0.63,0.044,0.682,0.043,0.629,0.048,0.637
balance.csv,RandomUnderSampler,BaggingClassifier,0.213,,,,,,,,,,,0.648,0.037,0.615,0.073,0.72,0.048,0.518,0.067,0.636
balance-scale.csv,RandomUnderSampler,BalancedRandomForestClassifier,0.721,,,,,,,,,,,0.648,0.041,0.607,0.083,0.725,0.049,0.519,0.077,0.636
Toronto-Apartment-Rental-Price.csv,EditedNearestNeighbours,RUSBoostClassifier,0.355,,,,,,,,,,,0.537,0.032,0.529,0.034,0.797,0.025,0.585,0.053,0.636
penbased.csv,SMOTETomek,AdaBoostClassifier,0.384,,,,,,,,,,,0.681,0.052,0.631,0.066,0.625,0.064,0.6,0.07,0.636
solar-flare.csv,RandomUnderSampler,BalancedRandomForestClassifier,0.725,,,,,,,,,,,0.6,0.057,0.63,0.062,0.684,0.047,0.621,0.055,0.636
students_dropout_and_academic_success.csv,EditedNearestNeighbours,BalancedRandomForestClassifier,1.328,,,,,,,,,,,0.63,0.038,0.637,0.03,0.728,0.019,0.48,0.034,0.635
balance.csv,RandomUnderSampler,RUSBoostClassifier,0.328,,,,,,,,,,,0.688,0.028,0.644,0.071,0.667,0.062,0.494,0.069,0.635
maternal_health_risk.csv,SMOTETomek,EasyEnsembleClassifier,2.698,,,,,,,,,,,0.635,0.049,0.643,0.065,0.725,0.041,0.465,0.085,0.635
Toronto-Apartment-Rental-Price.csv,RandomUnderSampler,GradientBoostingClassifier,0.91,,,,,,,,,,,0.577,0.048,0.619,0.072,0.766,0.036,0.506,0.066,0.635
balance.csv,RandomUnderSampler,AdaBoostClassifier,0.202,,,,,,,,,,,0.688,0.028,0.644,0.071,0.667,0.062,0.494,0.069,0.635
steel-plates-fault_subset.csv,RandomUnderSampler,BaggingClassifier,0.279,,,,,,,,,,,0.613,0.049,0.733,0.037,0.606,0.047,0.55,0.048,0.635
balance.csv,RandomUnderSampler,EasyEnsembleClassifier,1.904,,,,,,,,,,,0.688,0.028,0.644,0.071,0.667,0.062,0.494,0.069,0.635
Toronto-Apartment-Rental-Price.csv,ADASYN,EasyEnsembleClassifier,34.883,,,,,,,,,,,0.579,0.072,0.547,0.047,0.783,0.038,0.549,0.073,0.634
maternal_health_risk.csv,SMOTETomek,AdaBoostClassifier,0.297,,,,,,,,,,,0.636,0.044,0.645,0.068,0.72,0.044,0.46,0.093,0.634
balance.csv,RandomUnderSampler,BalancedRandomForestClassifier,0.714,,,,,,,,,,,0.642,0.029,0.598,0.071,0.728,0.037,0.52,0.057,0.634
total_score.csv,RandomUnderSampler,BalancedRandomForestClassifier,0.772,,,,,,,,,,,0.64,0.071,0.72,0.066,0.64,0.061,0.463,0.082,0.634
car_evaluation.csv,EditedNearestNeighbours,BalancedBaggingClassifier,0.455,,,,,,,,,,,0.524,0.061,0.697,0.08,0.734,0.049,0.48,0.08,0.633
HCV_data_clean.csv,EditedNearestNeighbours,BaggingClassifier,0.44,,,,,,,,,,,0.442,0.125,0.421,0.116,0.872,0.024,0.507,0.123,0.633
solar-flare.csv,EditedNearestNeighbours,BalancedRandomForestClassifier,1.039,,,,,,,,,,,0.601,0.058,0.622,0.051,0.68,0.04,0.618,0.05,0.632
abalone.csv,SMOTETomek,BalancedRandomForestClassifier,3.786,,,,,,,,,,,0.623,0.033,0.636,0.035,0.728,0.022,0.465,0.043,0.632
abalone.csv,SMOTETomek,RandomForestClassifier,2.326,,,,,,,,,,,0.623,0.031,0.636,0.033,0.728,0.02,0.464,0.041,0.632
JapaneseVowels.csv,ADASYN,AdaBoostClassifier,5.435,,,,,,,,,,,0.635,0.026,0.617,0.028,0.67,0.025,0.6,0.029,0.632
vowel.csv,RandomUnderSampler,BalancedBaggingClassifier,0.356,,,,,,,,,,,0.611,0.101,0.621,0.076,0.659,0.068,0.636,0.068,0.632
vehicle.csv,ADASYN,EasyEnsembleClassifier,4.339,,,,,,,,,,,0.607,0.088,0.617,0.091,0.718,0.067,0.551,0.106,0.631
abalone.csv,RandomOverSampler,GradientBoostingClassifier,5.047,,,,,,,,,,,0.623,0.033,0.656,0.037,0.712,0.028,0.456,0.049,0.631
allhypo.csv,TomekLinks,RUSBoostClassifier,0.716,,,,,,,,,,,0.367,0.017,0.508,0.049,0.859,0.023,0.177,0.049,0.631
abalone.csv,SMOTE,GradientBoostingClassifier,8.27,,,,,,,,,,,0.62,0.03,0.649,0.039,0.719,0.025,0.459,0.049,0.631
eucalyptus_subset.csv,RandomUnderSampler,RandomForestClassifier,0.547,,,,,,,,,,,0.611,0.042,0.672,0.051,0.688,0.036,0.513,0.058,0.631
led7.csv,TomekLinks,RUSBoostClassifier,0.469,,,,,,,,,,,0.629,0.07,0.625,0.061,0.647,0.056,0.617,0.056,0.63
abalone.csv,SMOTETomek,GradientBoostingClassifier,7.25,,,,,,,,,,,0.621,0.032,0.65,0.04,0.717,0.027,0.458,0.051,0.63
abalone.csv,TomekLinks,GradientBoostingClassifier,2.941,,,,,,,,,,,0.637,0.059,0.602,0.03,0.726,0.021,0.504,0.047,0.63
balance-scale.csv,RandomUnderSampler,EasyEnsembleClassifier,1.844,,,,,,,,,,,0.684,0.032,0.634,0.079,0.664,0.065,0.488,0.072,0.63
balance-scale.csv,RandomUnderSampler,AdaBoostClassifier,0.189,,,,,,,,,,,0.684,0.032,0.634,0.079,0.664,0.065,0.488,0.072,0.63
JapaneseVowels.csv,EditedNearestNeighbours,BalancedRandomForestClassifier,1.372,,,,,,,,,,,0.628,0.071,0.625,0.066,0.659,0.077,0.607,0.086,0.63
balance-scale.csv,RandomUnderSampler,RUSBoostClassifier,0.34,,,,,,,,,,,0.684,0.032,0.634,0.079,0.664,0.065,0.488,0.072,0.63
maternal_health_risk.csv,EditedNearestNeighbours,EasyEnsembleClassifier,1.911,,,,,,,,,,,0.644,0.154,0.597,0.077,0.723,0.067,0.508,0.133,0.63
abalone.csv,SMOTE,RandomForestClassifier,2.659,,,,,,,,,,,0.621,0.034,0.632,0.036,0.727,0.021,0.462,0.041,0.629
pageblocks.csv,RandomUnderSampler,RUSBoostClassifier,0.281,,,,,,,,,,,0.49,0.135,0.629,0.2,0.8,0.102,0.379,0.136,0.629
abalone.csv,RandomOverSampler,RandomForestClassifier,1.737,,,,,,,,,,,0.626,0.036,0.614,0.037,0.732,0.022,0.472,0.045,0.629
abalone.csv,RandomOverSampler,BalancedRandomForestClassifier,2.458,,,,,,,,,,,0.627,0.039,0.614,0.038,0.732,0.023,0.474,0.049,0.629
JapaneseVowels.csv,RandomUnderSampler,AdaBoostClassifier,1.051,,,,,,,,,,,0.636,0.035,0.619,0.035,0.662,0.028,0.591,0.032,0.628
JapaneseVowels.csv,SMOTETomek,RUSBoostClassifier,7.032,,,,,,,,,,,0.633,0.029,0.612,0.037,0.666,0.028,0.597,0.034,0.628
JapaneseVowels.csv,RandomUnderSampler,RUSBoostClassifier,1.34,,,,,,,,,,,0.636,0.035,0.619,0.035,0.662,0.028,0.591,0.032,0.628
JapaneseVowels.csv,RandomUnderSampler,EasyEnsembleClassifier,10.18,,,,,,,,,,,0.636,0.035,0.619,0.035,0.662,0.028,0.591,0.032,0.628
JapaneseVowels.csv,SMOTETomek,AdaBoostClassifier,4.945,,,,,,,,,,,0.631,0.02,0.612,0.028,0.664,0.02,0.595,0.024,0.627
abalone.csv,TomekLinks,BalancedRandomForestClassifier,1.601,,,,,,,,,,,0.616,0.032,0.647,0.036,0.714,0.026,0.453,0.045,0.627
Flare.csv,EditedNearestNeighbours,BaggingClassifier,0.243,,,,,,,,,,,0.59,0.067,0.624,0.036,0.672,0.034,0.615,0.033,0.627
steel-plates-fault_subset.csv,SMOTETomek,EasyEnsembleClassifier,9.8,,,,,,,,,,,0.645,0.055,0.671,0.058,0.636,0.039,0.535,0.054,0.627
abalone.csv,SMOTE,BalancedRandomForestClassifier,3.592,,,,,,,,,,,0.618,0.035,0.63,0.036,0.725,0.019,0.458,0.039,0.627
students_dropout_and_academic_success.csv,EditedNearestNeighbours,BalancedBaggingClassifier,0.713,,,,,,,,,,,0.621,0.052,0.633,0.033,0.715,0.03,0.466,0.045,0.626
product_sentiment_machine_hack_subset.csv,TomekLinks,BalancedRandomForestClassifier,1.62,,,,,,,,,,,0.486,0.038,0.479,0.047,0.793,0.029,0.609,0.057,0.626
Toronto-Apartment-Rental-Price.csv,ADASYN,RUSBoostClassifier,4.535,,,,,,,,,,,0.575,0.061,0.565,0.056,0.766,0.05,0.527,0.082,0.626
air-quality-and-pollution-assessment_subset.csv,TomekLinks,RUSBoostClassifier,0.423,,,,,,,,,,,0.691,0.128,0.661,0.1,0.584,0.163,0.539,0.139,0.626
Mobile_Price.csv,EditedNearestNeighbours,EasyEnsembleClassifier,2.536,,,,,,,,,,,0.629,0.081,0.624,0.076,0.687,0.106,0.543,0.11,0.626
solar-flare.csv,ADASYN,BalancedBaggingClassifier,0.34,,,,,,,,,,,0.585,0.048,0.613,0.045,0.68,0.036,0.614,0.044,0.625
vehicle.csv,ADASYN,RUSBoostClassifier,0.8,,,,,,,,,,,0.598,0.102,0.614,0.097,0.712,0.071,0.545,0.111,0.625
eucalyptus_subset.csv,RandomUnderSampler,BalancedRandomForestClassifier,0.826,,,,,,,,,,,0.607,0.044,0.66,0.049,0.685,0.033,0.507,0.052,0.624
maternal_health_risk.csv,SMOTETomek,RUSBoostClassifier,0.435,,,,,,,,,,,0.628,0.055,0.636,0.077,0.707,0.07,0.449,0.111,0.624
Multiclass_Classification_for_Corporate_Credit_Ratings.csv,SMOTETomek,BalancedBaggingClassifier,0.718,,,,,,,,,,,0.634,0.043,0.653,0.049,0.627,0.045,0.573,0.051,0.624
led7.csv,TomekLinks,AdaBoostClassifier,0.287,,,,,,,,,,,0.628,0.065,0.609,0.045,0.64,0.043,0.613,0.043,0.623
GesturePhaseSegmentationProcessed.csv,ADASYN,RandomForestClassifier,20.337,,,,,,,,,,,0.613,0.02,0.635,0.02,0.679,0.017,0.541,0.025,0.622
maternal_health_risk.csv,SMOTE,AdaBoostClassifier,0.342,,,,,,,,,,,0.637,0.065,0.634,0.082,0.699,0.085,0.438,0.114,0.622
maternal_health_risk.csv,SMOTE,RUSBoostClassifier,0.456,,,,,,,,,,,0.637,0.065,0.634,0.082,0.699,0.085,0.438,0.114,0.622
maternal_health_risk.csv,SMOTE,EasyEnsembleClassifier,3.059,,,,,,,,,,,0.637,0.065,0.634,0.082,0.699,0.085,0.438,0.114,0.622
Toronto-Apartment-Rental-Price.csv,RandomUnderSampler,BalancedBaggingClassifier,0.453,,,,,,,,,,,0.558,0.052,0.603,0.087,0.757,0.043,0.487,0.079,0.622
QSAR_Bioconcentration_classification.csv,ADASYN,RandomForestClassifier,2.036,,,,,,,,,,,0.72,0.101,0.557,0.063,0.679,0.053,0.397,0.102,0.622
steel-plates-fault_subset.csv,TomekLinks,EasyEnsembleClassifier,2.775,,,,,,,,,,,0.622,0.042,0.688,0.044,0.62,0.037,0.528,0.05,0.621
Flare.csv,RandomUnderSampler,BalancedBaggingClassifier,0.266,,,,,,,,,,,0.585,0.04,0.61,0.041,0.676,0.034,0.605,0.042,0.621
Toronto-Apartment-Rental-Price.csv,RandomUnderSampler,BaggingClassifier,0.447,,,,,,,,,,,0.562,0.051,0.615,0.087,0.748,0.039,0.476,0.073,0.621
Flare.csv,RandomUnderSampler,BalancedRandomForestClassifier,0.864,,,,,,,,,,,0.584,0.045,0.611,0.046,0.675,0.035,0.602,0.046,0.62
vehicle.csv,SMOTETomek,EasyEnsembleClassifier,4.846,,,,,,,,,,,0.585,0.077,0.609,0.073,0.709,0.071,0.546,0.101,0.62
GesturePhaseSegmentationProcessed.csv,RandomOverSampler,BalancedRandomForestClassifier,19.006,,,,,,,,,,,0.67,0.029,0.573,0.023,0.672,0.018,0.533,0.025,0.62
total_score.csv,TomekLinks,RandomForestClassifier,0.677,,,,,,,,,,,0.74,0.112,0.583,0.07,0.618,0.052,0.436,0.089,0.619
GesturePhaseSegmentationProcessed.csv,RandomOverSampler,RandomForestClassifier,13.792,,,,,,,,,,,0.666,0.02,0.575,0.02,0.673,0.015,0.533,0.021,0.619
total_score.csv,RandomUnderSampler,BaggingClassifier,0.223,,,,,,,,,,,0.629,0.062,0.709,0.058,0.618,0.062,0.431,0.085,0.619
penbased.csv,EditedNearestNeighbours,AdaBoostClassifier,0.351,,,,,,,,,,,0.676,0.072,0.61,0.075,0.601,0.081,0.577,0.082,0.619
jungle_chess_2pcs_raw_endgame_complete_seed_0_nrows_2000_nclasses_10_ncols_100_stratify_True_subset.csv,ADASYN,RUSBoostClassifier,0.465,,,,,,,,,,,0.609,0.029,0.658,0.039,0.681,0.035,0.471,0.051,0.619
solar-flare.csv,ADASYN,RandomForestClassifier,0.758,,,,,,,,,,,0.577,0.046,0.605,0.043,0.675,0.035,0.609,0.041,0.619
abalone.csv,TomekLinks,RandomForestClassifier,1.214,,,,,,,,,,,0.617,0.05,0.592,0.023,0.719,0.014,0.498,0.036,0.619
QSAR_Bioconcentration_classification.csv,SMOTE,RandomForestClassifier,1.941,,,,,,,,,,,0.714,0.101,0.555,0.058,0.677,0.046,0.393,0.09,0.619
QSAR_Bioconcentration_classification.csv,ADASYN,BalancedRandomForestClassifier,3.814,,,,,,,,,,,0.719,0.105,0.554,0.057,0.674,0.049,0.387,0.096,0.619
solar-flare.csv,ADASYN,BaggingClassifier,0.285,,,,,,,,,,,0.575,0.042,0.607,0.043,0.673,0.032,0.61,0.039,0.619
GesturePhaseSegmentationProcessed.csv,SMOTETomek,BalancedRandomForestClassifier,30.229,,,,,,,,,,,0.614,0.015,0.624,0.02,0.677,0.013,0.536,0.019,0.618
Midwest_survey_clean_subset.csv,TomekLinks,BalancedRandomForestClassifier,1.193,,,,,,,,,,,0.604,0.068,0.6,0.056,0.669,0.045,0.592,0.054,0.618
GesturePhaseSegmentationProcessed.csv,SMOTE,RandomForestClassifier,19.925,,,,,,,,,,,0.614,0.018,0.622,0.021,0.677,0.015,0.536,0.022,0.618
penbased.csv,SMOTE,AdaBoostClassifier,0.352,,,,,,,,,,,0.657,0.063,0.615,0.057,0.61,0.058,0.582,0.061,0.617
abalone.csv,TomekLinks,BaggingClassifier,0.477,,,,,,,,,,,0.606,0.043,0.605,0.036,0.722,0.023,0.468,0.049,0.617
solar-flare.csv,ADASYN,BalancedRandomForestClassifier,1.236,,,,,,,,,,,0.573,0.044,0.604,0.044,0.673,0.032,0.606,0.037,0.617
Flare.csv,RandomUnderSampler,RandomForestClassifier,0.543,,,,,,,,,,,0.579,0.046,0.609,0.049,0.672,0.036,0.6,0.044,0.617
analcatdata_halloffame_clean.csv,TomekLinks,RUSBoostClassifier,0.095,,,,,,,,,,,0.407,0.039,0.563,0.069,0.831,0.038,0.351,0.077,0.617
penbased.csv,SMOTE,EasyEnsembleClassifier,3.585,,,,,,,,,,,0.657,0.063,0.615,0.057,0.61,0.058,0.582,0.061,0.617
abalone.csv,ADASYN,RandomForestClassifier,2.962,,,,,,,,,,,0.597,0.029,0.627,0.031,0.715,0.02,0.451,0.038,0.617
baseball_clean.csv,TomekLinks,RUSBoostClassifier,0.102,,,,,,,,,,,0.407,0.039,0.563,0.069,0.831,0.038,0.351,0.077,0.617
penbased.csv,SMOTE,RUSBoostClassifier,0.51,,,,,,,,,,,0.657,0.063,0.615,0.057,0.61,0.058,0.582,0.061,0.617
HCV_data_clean.csv,TomekLinks,EasyEnsembleClassifier,1.993,,,,,,,,,,,0.486,0.084,0.567,0.11,0.805,0.047,0.428,0.092,0.616
GesturePhaseSegmentationProcessed.csv,SMOTETomek,RandomForestClassifier,28.193,,,,,,,,,,,0.611,0.019,0.624,0.021,0.675,0.015,0.534,0.021,0.616
GesturePhaseSegmentationProcessed.csv,ADASYN,BalancedRandomForestClassifier,28.202,,,,,,,,,,,0.607,0.019,0.628,0.021,0.674,0.015,0.534,0.021,0.616
QSAR_Bioconcentration_classification.csv,SMOTETomek,BalancedRandomForestClassifier,4.022,,,,,,,,,,,0.712,0.099,0.552,0.056,0.672,0.045,0.383,0.091,0.616
jungle_chess_2pcs_raw_endgame_complete_seed_0_nrows_2000_nclasses_10_ncols_100_stratify_True_subset.csv,ADASYN,EasyEnsembleClassifier,3.503,,,,,,,,,,,0.607,0.032,0.653,0.042,0.678,0.037,0.468,0.054,0.616
Multiclass_Classification_for_Corporate_Credit_Ratings.csv,SMOTETomek,BaggingClassifier,0.592,,,,,,,,,,,0.628,0.037,0.647,0.043,0.617,0.039,0.563,0.043,0.616
students_dropout_and_academic_success.csv,EditedNearestNeighbours,EasyEnsembleClassifier,3.436,,,,,,,,,,,0.609,0.039,0.627,0.035,0.706,0.033,0.449,0.048,0.616
QSAR_Bioconcentration_classification.csv,TomekLinks,GradientBoostingClassifier,8.698,,,,,,,,,,,0.724,0.095,0.539,0.056,0.667,0.047,0.393,0.09,0.616
Flare.csv,EditedNearestNeighbours,GradientBoostingClassifier,1.142,,,,,,,,,,,0.6,0.079,0.611,0.038,0.655,0.036,0.59,0.04,0.615
QSAR_Bioconcentration_classification.csv,SMOTE,BalancedRandomForestClassifier,3.753,,,,,,,,,,,0.712,0.104,0.55,0.059,0.671,0.046,0.38,0.089,0.615
abalone.csv,RandomUnderSampler,RandomForestClassifier,0.97,,,,,,,,,,,0.617,0.029,0.653,0.038,0.679,0.026,0.43,0.043,0.615
QSAR_Bioconcentration_classification.csv,SMOTETomek,RandomForestClassifier,2.313,,,,,,,,,,,0.713,0.109,0.549,0.063,0.671,0.049,0.382,0.096,0.615
students_dropout_and_academic_success.csv,EditedNearestNeighbours,GradientBoostingClassifier,7.132,,,,,,,,,,,0.582,0.135,0.599,0.033,0.715,0.026,0.516,0.031,0.614
jungle_chess_2pcs_raw_endgame_complete_seed_0_nrows_2000_nclasses_10_ncols_100_stratify_True_subset.csv,TomekLinks,EasyEnsembleClassifier,2.241,,,,,,,,,,,0.611,0.027,0.66,0.04,0.665,0.032,0.458,0.046,0.614
students_dropout_and_academic_success.csv,EditedNearestNeighbours,BaggingClassifier,1.128,,,,,,,,,,,0.617,0.147,0.593,0.029,0.703,0.023,0.495,0.031,0.614
penbased.csv,RandomUnderSampler,EasyEnsembleClassifier,3.311,,,,,,,,,,,0.65,0.06,0.612,0.055,0.607,0.06,0.581,0.057,0.614
penbased.csv,RandomUnderSampler,RUSBoostClassifier,0.475,,,,,,,,,,,0.65,0.06,0.612,0.055,0.607,0.06,0.581,0.057,0.614
penbased.csv,RandomUnderSampler,AdaBoostClassifier,0.331,,,,,,,,,,,0.65,0.06,0.612,0.055,0.607,0.06,0.581,0.057,0.614
GesturePhaseSegmentationProcessed.csv,SMOTE,BalancedRandomForestClassifier,32.402,,,,,,,,,,,0.609,0.018,0.619,0.018,0.674,0.013,0.531,0.018,0.614
Flare.csv,EditedNearestNeighbours,RandomForestClassifier,0.712,,,,,,,,,,,0.58,0.063,0.613,0.039,0.659,0.038,0.598,0.039,0.614
abalone.csv,ADASYN,GradientBoostingClassifier,7.084,,,,,,,,,,,0.587,0.036,0.639,0.034,0.704,0.028,0.447,0.048,0.613
QSAR_Bioconcentration_classification.csv,RandomOverSampler,RandomForestClassifier,4.034,,,,,,,,,,,0.708,0.11,0.552,0.056,0.67,0.046,0.378,0.089,0.613
HCV_data_clean.csv,EditedNearestNeighbours,GradientBoostingClassifier,1.836,,,,,,,,,,,0.437,0.152,0.388,0.114,0.859,0.026,0.439,0.146,0.613
abalone.csv,SMOTE,BalancedBaggingClassifier,1.76,,,,,,,,,,,0.602,0.025,0.63,0.034,0.703,0.022,0.428,0.044,0.613
abalone.csv,RandomUnderSampler,BalancedRandomForestClassifier,1.441,,,,,,,,,,,0.616,0.028,0.649,0.036,0.678,0.023,0.427,0.04,0.613
Mobile_Price.csv,EditedNearestNeighbours,AdaBoostClassifier,0.318,,,,,,,,,,,0.59,0.08,0.599,0.046,0.693,0.053,0.548,0.072,0.613
maternal_health_risk.csv,RandomUnderSampler,RUSBoostClassifier,0.356,,,,,,,,,,,0.626,0.055,0.645,0.073,0.671,0.078,0.425,0.105,0.612
jungle_chess_2pcs_raw_endgame_complete_seed_0_nrows_2000_nclasses_10_ncols_100_stratify_True_subset.csv,SMOTETomek,AdaBoostClassifier,0.374,,,,,,,,,,,0.604,0.031,0.653,0.045,0.673,0.037,0.461,0.053,0.612
jungle_chess_2pcs_raw_endgame_complete_seed_0_nrows_2000_nclasses_10_ncols_100_stratify_True_subset.csv,EditedNearestNeighbours,AdaBoostClassifier,0.302,,,,,,,,,,,0.603,0.032,0.656,0.042,0.672,0.037,0.457,0.054,0.612
abalone.csv,RandomOverSampler,BaggingClassifier,0.478,,,,,,,,,,,0.603,0.036,0.615,0.033,0.712,0.024,0.433,0.045,0.612
Flare.csv,RandomUnderSampler,GradientBoostingClassifier,0.965,,,,,,,,,,,0.575,0.037,0.594,0.04,0.672,0.036,0.595,0.047,0.612
maternal_health_risk.csv,RandomUnderSampler,AdaBoostClassifier,0.189,,,,,,,,,,,0.626,0.055,0.645,0.073,0.671,0.078,0.425,0.105,0.612
maternal_health_risk.csv,RandomUnderSampler,EasyEnsembleClassifier,2.009,,,,,,,,,,,0.626,0.055,0.645,0.073,0.671,0.078,0.425,0.105,0.612
abalone.csv,ADASYN,BalancedRandomForestClassifier,3.423,,,,,,,,,,,0.592,0.029,0.622,0.028,0.711,0.021,0.442,0.038,0.612
total_score.csv,RandomUnderSampler,BalancedBaggingClassifier,0.303,,,,,,,,,,,0.62,0.061,0.701,0.058,0.612,0.056,0.422,0.081,0.611
Cervical_Cancer_Risk_Factors_clean.csv,TomekLinks,AdaBoostClassifier,0.301,,,,,,,,,,,0.176,0.001,0.199,0.001,0.825,0.007,0.008,0.04,0.611
jungle_chess_2pcs_raw_endgame_complete_seed_0_nrows_2000_nclasses_10_ncols_100_stratify_True_subset.csv,RandomOverSampler,AdaBoostClassifier,0.248,,,,,,,,,,,0.607,0.031,0.652,0.041,0.667,0.036,0.457,0.054,0.611
jungle_chess_2pcs_raw_endgame_complete_seed_0_nrows_2000_nclasses_10_ncols_100_stratify_True_subset.csv,RandomOverSampler,RUSBoostClassifier,0.472,,,,,,,,,,,0.607,0.031,0.652,0.041,0.667,0.036,0.457,0.054,0.611
jungle_chess_2pcs_raw_endgame_complete_seed_0_nrows_2000_nclasses_10_ncols_100_stratify_True_subset.csv,RandomOverSampler,EasyEnsembleClassifier,3.025,,,,,,,,,,,0.607,0.031,0.652,0.041,0.667,0.036,0.457,0.054,0.611
abalone.csv,RandomOverSampler,BalancedBaggingClassifier,0.661,,,,,,,,,,,0.603,0.026,0.611,0.027,0.711,0.019,0.427,0.038,0.611
Cervical_Cancer_Risk_Factors_clean.csv,EditedNearestNeighbours,RandomForestClassifier,0.709,,,,,,,,,,,0.176,0.001,0.2,0.001,0.824,0.007,-0.004,0.008,0.611
Cervical_Cancer_Risk_Factors_clean.csv,EditedNearestNeighbours,GradientBoostingClassifier,0.324,,,,,,,,,,,0.176,0.001,0.199,0.001,0.824,0.008,-0.005,0.01,0.611
QSAR_Bioconcentration_classification.csv,TomekLinks,RandomForestClassifier,1.297,,,,,,,,,,,0.72,0.102,0.533,0.06,0.657,0.047,0.366,0.089,0.61
maternal_health_risk.csv,RandomOverSampler,AdaBoostClassifier,0.265,,,,,,,,,,,0.611,0.054,0.632,0.074,0.689,0.059,0.425,0.093,0.61
Cervical_Cancer_Risk_Factors_clean.csv,EditedNearestNeighbours,AdaBoostClassifier,0.26,,,,,,,,,,,0.176,0.001,0.2,0.0,0.825,0.006,-0.001,0.004,0.61
maternal_health_risk.csv,RandomOverSampler,RUSBoostClassifier,0.378,,,,,,,,,,,0.611,0.054,0.632,0.074,0.689,0.059,0.425,0.093,0.61
HCV_data_clean.csv,RandomUnderSampler,BalancedBaggingClassifier,0.258,,,,,,,,,,,0.461,0.089,0.599,0.133,0.784,0.07,0.407,0.112,0.61
maternal_health_risk.csv,RandomOverSampler,EasyEnsembleClassifier,2.577,,,,,,,,,,,0.611,0.054,0.632,0.074,0.689,0.059,0.425,0.093,0.61
Flare.csv,RandomUnderSampler,BaggingClassifier,0.256,,,,,,,,,,,0.57,0.049,0.599,0.05,0.666,0.041,0.595,0.05,0.61
vehicle.csv,SMOTETomek,RUSBoostClassifier,0.694,,,,,,,,,,,0.581,0.078,0.595,0.08,0.701,0.07,0.531,0.103,0.61
QSAR_Bioconcentration_classification.csv,TomekLinks,BaggingClassifier,0.858,,,,,,,,,,,0.706,0.113,0.539,0.064,0.666,0.048,0.378,0.093,0.609
HCV_data_clean.csv,EditedNearestNeighbours,AdaBoostClassifier,0.461,,,,,,,,,,,0.405,0.137,0.372,0.125,0.858,0.027,0.436,0.176,0.609
jungle_chess_2pcs_raw_endgame_complete_seed_0_nrows_2000_nclasses_10_ncols_100_stratify_True_subset.csv,SMOTETomek,EasyEnsembleClassifier,3.179,,,,,,,,,,,0.6,0.034,0.647,0.046,0.672,0.042,0.457,0.06,0.609
jungle_chess_2pcs_raw_endgame_complete_seed_0_nrows_2000_nclasses_10_ncols_100_stratify_True_subset.csv,SMOTE,RUSBoostClassifier,0.525,,,,,,,,,,,0.601,0.032,0.645,0.044,0.673,0.037,0.458,0.055,0.609
solar-flare.csv,EditedNearestNeighbours,GradientBoostingClassifier,1.25,,,,,,,,,,,0.593,0.071,0.605,0.045,0.647,0.04,0.587,0.046,0.609
jungle_chess_2pcs_raw_endgame_complete_seed_0_nrows_2000_nclasses_10_ncols_100_stratify_True_subset.csv,SMOTE,AdaBoostClassifier,0.336,,,,,,,,,,,0.601,0.032,0.645,0.044,0.673,0.037,0.458,0.055,0.609
jungle_chess_2pcs_raw_endgame_complete_seed_0_nrows_2000_nclasses_10_ncols_100_stratify_True_subset.csv,ADASYN,AdaBoostClassifier,0.311,,,,,,,,,,,0.602,0.03,0.646,0.041,0.672,0.036,0.458,0.051,0.609
jungle_chess_2pcs_raw_endgame_complete_seed_0_nrows_2000_nclasses_10_ncols_100_stratify_True_subset.csv,SMOTE,EasyEnsembleClassifier,3.165,,,,,,,,,,,0.601,0.032,0.645,0.044,0.673,0.037,0.458,0.055,0.609
jungle_chess_2pcs_raw_endgame_complete_seed_0_nrows_2000_nclasses_10_ncols_100_stratify_True_subset.csv,SMOTETomek,RUSBoostClassifier,0.533,,,,,,,,,,,0.601,0.029,0.646,0.036,0.673,0.037,0.458,0.052,0.609
Toronto-Apartment-Rental-Price.csv,RandomUnderSampler,EasyEnsembleClassifier,3.138,,,,,,,,,,,0.57,0.087,0.56,0.103,0.746,0.044,0.47,0.079,0.608
maternal_health_risk.csv,ADASYN,RUSBoostClassifier,0.486,,,,,,,,,,,0.607,0.061,0.626,0.071,0.692,0.048,0.419,0.09,0.608
Cervical_Cancer_Risk_Factors_clean.csv,EditedNearestNeighbours,BaggingClassifier,0.291,,,,,,,,,,,0.176,0.001,0.199,0.002,0.823,0.008,-0.001,0.034,0.608
Toronto-Apartment-Rental-Price.csv,RandomUnderSampler,RUSBoostClassifier,0.598,,,,,,,,,,,0.569,0.081,0.562,0.107,0.746,0.044,0.47,0.079,0.608
abalone.csv,RandomUnderSampler,GradientBoostingClassifier,1.837,,,,,,,,,,,0.615,0.031,0.647,0.042,0.667,0.031,0.419,0.05,0.608
maternal_health_risk.csv,TomekLinks,EasyEnsembleClassifier,2.063,,,,,,,,,,,0.61,0.06,0.63,0.081,0.683,0.053,0.413,0.099,0.607
abalone.csv,SMOTETomek,BaggingClassifier,0.889,,,,,,,,,,,0.597,0.029,0.622,0.035,0.699,0.024,0.421,0.047,0.607
jungle_chess_2pcs_raw_endgame_complete_seed_0_nrows_2000_nclasses_10_ncols_100_stratify_True_subset.csv,EditedNearestNeighbours,EasyEnsembleClassifier,2.279,,,,,,,,,,,0.606,0.031,0.67,0.037,0.642,0.041,0.442,0.054,0.607
steel-plates-fault_subset.csv,RandomUnderSampler,BalancedBaggingClassifier,0.333,,,,,,,,,,,0.581,0.033,0.712,0.037,0.575,0.034,0.519,0.038,0.607
QSAR_Bioconcentration_classification.csv,RandomOverSampler,BalancedRandomForestClassifier,3.907,,,,,,,,,,,0.697,0.11,0.549,0.055,0.665,0.048,0.369,0.093,0.607
abalone.csv,SMOTE,BaggingClassifier,1.746,,,,,,,,,,,0.596,0.027,0.62,0.032,0.701,0.021,0.422,0.04,0.607
Midwest_survey_clean_subset.csv,RandomOverSampler,BalancedRandomForestClassifier,3.213,,,,,,,,,,,0.622,0.082,0.529,0.044,0.657,0.041,0.6,0.048,0.607
balance.csv,EditedNearestNeighbours,EasyEnsembleClassifier,2.094,,,,,,,,,,,0.71,0.009,0.622,0.047,0.571,0.064,0.439,0.05,0.606
Cervical_Cancer_Risk_Factors_clean.csv,TomekLinks,RandomForestClassifier,0.684,,,,,,,,,,,0.189,0.051,0.2,0.009,0.822,0.011,-0.001,0.082,0.606
Toronto-Apartment-Rental-Price.csv,RandomUnderSampler,AdaBoostClassifier,0.474,,,,,,,,,,,0.566,0.085,0.559,0.106,0.744,0.045,0.466,0.08,0.606
Multiclass_Classification_for_Corporate_Credit_Ratings.csv,TomekLinks,BalancedBaggingClassifier,0.387,,,,,,,,,,,0.613,0.046,0.634,0.047,0.612,0.042,0.557,0.048,0.606
penbased.csv,EditedNearestNeighbours,RUSBoostClassifier,0.48,,,,,,,,,,,0.66,0.073,0.598,0.069,0.587,0.073,0.566,0.073,0.605
vehicle.csv,SMOTETomek,AdaBoostClassifier,0.438,,,,,,,,,,,0.569,0.076,0.592,0.082,0.698,0.072,0.528,0.107,0.605
Flare.csv,TomekLinks,RUSBoostClassifier,0.153,,,,,,,,,,,0.514,0.075,0.588,0.063,0.648,0.057,0.64,0.04,0.604
Cervical_Cancer_Risk_Factors_clean.csv,TomekLinks,GradientBoostingClassifier,1.661,,,,,,,,,,,0.205,0.053,0.205,0.017,0.823,0.017,0.051,0.107,0.604
steel-plates-fault_subset.csv,ADASYN,EasyEnsembleClassifier,14.781,,,,,,,,,,,0.593,0.047,0.666,0.042,0.613,0.044,0.522,0.054,0.604
solar-flare.csv,EditedNearestNeighbours,RandomForestClassifier,0.889,,,,,,,,,,,0.567,0.062,0.604,0.041,0.648,0.04,0.59,0.045,0.604
abalone.csv,TomekLinks,BalancedBaggingClassifier,0.412,,,,,,,,,,,0.594,0.03,0.637,0.034,0.68,0.027,0.417,0.042,0.604
Midwest_survey_clean_subset.csv,RandomOverSampler,EasyEnsembleClassifier,26.761,,,,,,,,,,,0.538,0.177,0.63,0.141,0.615,0.127,0.616,0.133,0.603
balance-scale.csv,EditedNearestNeighbours,EasyEnsembleClassifier,1.953,,,,,,,,,,,0.71,0.005,0.617,0.044,0.563,0.064,0.432,0.048,0.603
Midwest_survey_clean_subset.csv,RandomOverSampler,RUSBoostClassifier,3.416,,,,,,,,,,,0.538,0.177,0.63,0.141,0.615,0.127,0.616,0.133,0.603
product_sentiment_machine_hack_subset.csv,SMOTETomek,EasyEnsembleClassifier,87.364,,,,,,,,,,,0.467,0.038,0.482,0.071,0.764,0.064,0.578,0.122,0.603
Midwest_survey_clean_subset.csv,RandomOverSampler,AdaBoostClassifier,2.992,,,,,,,,,,,0.538,0.177,0.63,0.141,0.615,0.127,0.616,0.133,0.603
abalone.csv,SMOTETomek,BalancedBaggingClassifier,1.067,,,,,,,,,,,0.593,0.023,0.615,0.03,0.696,0.018,0.412,0.037,0.603
Cervical_Cancer_Risk_Factors_clean.csv,TomekLinks,BaggingClassifier,0.31,,,,,,,,,,,0.206,0.057,0.205,0.02,0.82,0.015,0.029,0.101,0.603
vehicle.csv,TomekLinks,EasyEnsembleClassifier,2.674,,,,,,,,,,,0.56,0.084,0.608,0.082,0.684,0.07,0.53,0.103,0.603
Midwest_survey_clean_subset.csv,EditedNearestNeighbours,BalancedRandomForestClassifier,1.507,,,,,,,,,,,0.593,0.066,0.585,0.052,0.652,0.039,0.571,0.048,0.602
JapaneseVowels.csv,TomekLinks,RUSBoostClassifier,0.908,,,,,,,,,,,0.607,0.037,0.583,0.04,0.64,0.034,0.57,0.04,0.602
eucalyptus_subset.csv,RandomUnderSampler,GradientBoostingClassifier,0.929,,,,,,,,,,,0.579,0.046,0.64,0.05,0.665,0.044,0.479,0.064,0.602
pageblocks.csv,EditedNearestNeighbours,RUSBoostClassifier,0.302,,,,,,,,,,,0.315,0.133,0.344,0.135,0.867,0.049,0.281,0.242,0.601
abalone.csv,ADASYN,BaggingClassifier,0.694,,,,,,,,,,,0.58,0.032,0.621,0.034,0.693,0.025,0.421,0.044,0.601
Midwest_survey_clean_subset.csv,SMOTETomek,BalancedRandomForestClassifier,4.029,,,,,,,,,,,0.616,0.079,0.517,0.045,0.652,0.027,0.592,0.033,0.6
page_blocks.csv,EditedNearestNeighbours,RUSBoostClassifier,0.408,,,,,,,,,,,0.318,0.044,0.373,0.023,0.864,0.006,0.303,0.051,0.6
page-blocks.csv,EditedNearestNeighbours,RUSBoostClassifier,0.364,,,,,,,,,,,0.318,0.044,0.373,0.023,0.864,0.006,0.303,0.051,0.6
vehicle.csv,ADASYN,AdaBoostClassifier,0.451,,,,,,,,,,,0.577,0.075,0.585,0.086,0.691,0.059,0.511,0.097,0.6
HCV_data_clean.csv,EditedNearestNeighbours,RandomForestClassifier,0.758,,,,,,,,,,,0.426,0.113,0.356,0.096,0.848,0.022,0.397,0.16,0.6
Midwest_survey_clean_subset.csv,RandomOverSampler,RandomForestClassifier,3.565,,,,,,,,,,,0.611,0.071,0.527,0.042,0.652,0.038,0.592,0.048,0.6
maternal_health_risk.csv,ADASYN,EasyEnsembleClassifier,2.702,,,,,,,,,,,0.592,0.049,0.613,0.061,0.69,0.036,0.406,0.072,0.599
Midwest_survey_clean_subset.csv,SMOTE,RandomForestClassifier,2.154,,,,,,,,,,,0.614,0.062,0.514,0.039,0.65,0.031,0.591,0.041,0.598
Cervical_Cancer_Risk_Factors_clean.csv,RandomOverSampler,RandomForestClassifier,2.882,,,,,,,,,,,0.226,0.072,0.212,0.028,0.821,0.017,0.064,0.101,0.598
HCV_data_clean.csv,EditedNearestNeighbours,EasyEnsembleClassifier,2.005,,,,,,,,,,,0.507,0.108,0.53,0.12,0.783,0.103,0.369,0.139,0.598
students_dropout_and_academic_success.csv,EditedNearestNeighbours,RandomForestClassifier,1.421,,,,,,,,,,,0.513,0.106,0.592,0.034,0.714,0.029,0.517,0.036,0.598
Cervical_Cancer_Risk_Factors_clean.csv,RandomOverSampler,BalancedRandomForestClassifier,1.638,,,,,,,,,,,0.223,0.066,0.21,0.023,0.823,0.018,0.073,0.099,0.598
jungle_chess_2pcs_raw_endgame_complete_seed_0_nrows_2000_nclasses_10_ncols_100_stratify_True_subset.csv,RandomUnderSampler,EasyEnsembleClassifier,2.246,,,,,,,,,,,0.595,0.029,0.641,0.041,0.65,0.036,0.437,0.05,0.597
jungle_chess_2pcs_raw_endgame_complete_seed_0_nrows_2000_nclasses_10_ncols_100_stratify_True_subset.csv,RandomUnderSampler,RUSBoostClassifier,0.311,,,,,,,,,,,0.595,0.029,0.641,0.041,0.65,0.036,0.437,0.05,0.597
ecoli.csv,TomekLinks,BalancedRandomForestClassifier,0.704,,,,,,,,,,,0.579,0.105,0.513,0.109,0.688,0.088,0.574,0.096,0.597
jungle_chess_2pcs_raw_endgame_complete_seed_0_nrows_2000_nclasses_10_ncols_100_stratify_True_subset.csv,RandomUnderSampler,AdaBoostClassifier,0.243,,,,,,,,,,,0.595,0.029,0.641,0.041,0.65,0.036,0.437,0.05,0.597
vehicle.csv,SMOTE,AdaBoostClassifier,1.911,,,,,,,,,,,0.571,0.098,0.582,0.087,0.687,0.078,0.515,0.113,0.597
vehicle.csv,SMOTE,EasyEnsembleClassifier,5.444,,,,,,,,,,,0.571,0.098,0.582,0.087,0.687,0.078,0.515,0.113,0.597
vehicle.csv,SMOTE,RUSBoostClassifier,0.819,,,,,,,,,,,0.571,0.098,0.582,0.087,0.687,0.078,0.515,0.113,0.597
total_score.csv,TomekLinks,BaggingClassifier,0.283,,,,,,,,,,,0.653,0.094,0.609,0.068,0.631,0.057,0.389,0.099,0.596
Midwest_survey_clean_subset.csv,SMOTETomek,RandomForestClassifier,2.607,,,,,,,,,,,0.614,0.076,0.51,0.041,0.65,0.035,0.588,0.045,0.596
total_score.csv,RandomUnderSampler,GradientBoostingClassifier,0.953,,,,,,,,,,,0.588,0.069,0.68,0.075,0.613,0.059,0.41,0.087,0.595
Cervical_Cancer_Risk_Factors_clean.csv,SMOTE,GradientBoostingClassifier,12.73,,,,,,,,,,,0.219,0.092,0.21,0.039,0.813,0.019,0.038,0.104,0.595
solar-flare.csv,EditedNearestNeighbours,EasyEnsembleClassifier,2.361,,,,,,,,,,,0.571,0.062,0.578,0.073,0.635,0.08,0.592,0.089,0.595
Midwest_survey_clean_subset.csv,SMOTE,BalancedRandomForestClassifier,3.766,,,,,,,,,,,0.615,0.081,0.507,0.048,0.647,0.038,0.588,0.047,0.595
jungle_chess_2pcs_raw_endgame_complete_seed_0_nrows_2000_nclasses_10_ncols_100_stratify_True_subset.csv,TomekLinks,AdaBoostClassifier,0.263,,,,,,,,,,,0.6,0.068,0.566,0.034,0.69,0.031,0.467,0.056,0.595
solar-flare.csv,EditedNearestNeighbours,BaggingClassifier,0.494,,,,,,,,,,,0.556,0.075,0.591,0.042,0.642,0.04,0.58,0.046,0.594
Cervical_Cancer_Risk_Factors_clean.csv,SMOTETomek,GradientBoostingClassifier,11.594,,,,,,,,,,,0.217,0.075,0.209,0.036,0.812,0.018,0.04,0.098,0.594
total_score.csv,TomekLinks,BalancedBaggingClassifier,0.317,,,,,,,,,,,0.582,0.078,0.666,0.079,0.625,0.062,0.423,0.091,0.593
CPMP-2015-classification.csv,SMOTETomek,RUSBoostClassifier,1.039,,,,,,,,,,,0.629,0.1,0.561,0.089,0.667,0.065,0.461,0.1,0.593
maternal_health_risk.csv,ADASYN,AdaBoostClassifier,0.345,,,,,,,,,,,0.595,0.062,0.606,0.071,0.677,0.07,0.393,0.11,0.593
QSAR_Bioconcentration_classification.csv,SMOTE,GradientBoostingClassifier,42.839,,,,,,,,,,,0.646,0.102,0.56,0.051,0.667,0.038,0.376,0.074,0.592
CPMP-2015-classification.csv,SMOTETomek,EasyEnsembleClassifier,7.197,,,,,,,,,,,0.626,0.095,0.559,0.095,0.668,0.064,0.459,0.109,0.592
CPMP-2015-classification.csv,ADASYN,EasyEnsembleClassifier,8.05,,,,,,,,,,,0.611,0.106,0.572,0.09,0.669,0.071,0.468,0.109,0.592
shuttle.csv,RandomUnderSampler,EasyEnsembleClassifier,1.937,,,,,,,,,,,0.589,0.172,0.623,0.184,0.664,0.194,0.399,0.205,0.592
ecoli.csv,TomekLinks,BalancedBaggingClassifier,0.321,,,,,,,,,,,0.555,0.099,0.522,0.11,0.683,0.075,0.575,0.098,0.592
product_sentiment_machine_hack_subset.csv,EditedNearestNeighbours,BaggingClassifier,0.956,,,,,,,,,,,0.416,0.058,0.428,0.073,0.762,0.092,0.58,0.167,0.591
product_sentiment_machine_hack_subset.csv,TomekLinks,RUSBoostClassifier,0.722,,,,,,,,,,,0.382,0.085,0.472,0.026,0.722,0.142,0.628,0.136,0.591
abalone.csv,EditedNearestNeighbours,GradientBoostingClassifier,2.142,,,,,,,,,,,0.563,0.12,0.597,0.024,0.684,0.019,0.469,0.047,0.591
Cervical_Cancer_Risk_Factors_clean.csv,ADASYN,GradientBoostingClassifier,11.685,,,,,,,,,,,0.251,0.103,0.219,0.044,0.815,0.024,0.065,0.123,0.591
QSAR_Bioconcentration_classification.csv,SMOTETomek,GradientBoostingClassifier,40.369,,,,,,,,,,,0.645,0.104,0.559,0.054,0.666,0.044,0.374,0.086,0.591
abalone.csv,EditedNearestNeighbours,RandomForestClassifier,1.549,,,,,,,,,,,0.544,0.14,0.599,0.025,0.687,0.02,0.48,0.046,0.59
CPMP-2015-classification.csv,SMOTE,RUSBoostClassifier,1.158,,,,,,,,,,,0.619,0.091,0.563,0.079,0.666,0.057,0.459,0.091,0.59
synthetic_control.csv,TomekLinks,RUSBoostClassifier,0.516,,,,,,,,,,,0.545,0.164,0.606,0.12,0.61,0.199,0.595,0.185,0.59
CPMP-2015-classification.csv,SMOTE,EasyEnsembleClassifier,7.103,,,,,,,,,,,0.619,0.091,0.563,0.079,0.666,0.057,0.459,0.091,0.59
Cervical_Cancer_Risk_Factors_clean.csv,ADASYN,BalancedRandomForestClassifier,2.225,,,,,,,,,,,0.244,0.087,0.233,0.057,0.823,0.018,0.1,0.101,0.59
abalone.csv,TomekLinks,AdaBoostClassifier,0.457,,,,,,,,,,,0.587,0.134,0.571,0.03,0.687,0.02,0.453,0.052,0.59
CPMP-2015-classification.csv,SMOTE,AdaBoostClassifier,0.89,,,,,,,,,,,0.617,0.092,0.563,0.079,0.665,0.057,0.458,0.091,0.589
QSAR_Bioconcentration_classification.csv,ADASYN,GradientBoostingClassifier,42.189,,,,,,,,,,,0.648,0.108,0.554,0.062,0.662,0.049,0.367,0.096,0.589
abalone.csv,ADASYN,BalancedBaggingClassifier,0.993,,,,,,,,,,,0.568,0.034,0.61,0.038,0.681,0.027,0.4,0.048,0.589
Cervical_Cancer_Risk_Factors_clean.csv,SMOTE,RandomForestClassifier,1.71,,,,,,,,,,,0.247,0.073,0.232,0.043,0.826,0.018,0.12,0.103,0.589
Cervical_Cancer_Risk_Factors_clean.csv,SMOTE,BalancedRandomForestClassifier,2.167,,,,,,,,,,,0.244,0.071,0.236,0.059,0.824,0.019,0.109,0.109,0.589
Cervical_Cancer_Risk_Factors_clean.csv,SMOTETomek,BalancedRandomForestClassifier,2.243,,,,,,,,,,,0.231,0.047,0.226,0.037,0.821,0.017,0.104,0.091,0.589
CPMP-2015-classification.csv,RandomOverSampler,GradientBoostingClassifier,6.249,,,,,,,,,,,0.608,0.096,0.554,0.081,0.673,0.06,0.47,0.096,0.589
CPMP-2015-classification.csv,SMOTE,BalancedBaggingClassifier,1.172,,,,,,,,,,,0.594,0.093,0.567,0.068,0.671,0.059,0.48,0.091,0.588
CPMP-2015-classification.csv,RandomOverSampler,EasyEnsembleClassifier,7.359,,,,,,,,,,,0.596,0.108,0.571,0.104,0.67,0.073,0.471,0.117,0.588
Cervical_Cancer_Risk_Factors_clean.csv,SMOTETomek,RandomForestClassifier,1.6,,,,,,,,,,,0.249,0.094,0.231,0.044,0.823,0.018,0.111,0.097,0.588
abalone.csv,RandomUnderSampler,BaggingClassifier,0.308,,,,,,,,,,,0.594,0.03,0.631,0.043,0.64,0.031,0.39,0.049,0.587
CPMP-2015-classification.csv,RandomOverSampler,AdaBoostClassifier,1.201,,,,,,,,,,,0.595,0.109,0.569,0.106,0.669,0.074,0.469,0.119,0.587
vehicle.csv,RandomOverSampler,EasyEnsembleClassifier,3.546,,,,,,,,,,,0.546,0.077,0.58,0.071,0.679,0.064,0.506,0.095,0.587
vehicle.csv,RandomOverSampler,AdaBoostClassifier,0.336,,,,,,,,,,,0.546,0.077,0.58,0.071,0.679,0.064,0.506,0.095,0.587
CPMP-2015-classification.csv,ADASYN,GradientBoostingClassifier,8.009,,,,,,,,,,,0.614,0.089,0.541,0.064,0.672,0.051,0.468,0.084,0.587
CPMP-2015-classification.csv,RandomOverSampler,RUSBoostClassifier,1.003,,,,,,,,,,,0.593,0.112,0.57,0.105,0.669,0.074,0.47,0.118,0.587
CPMP-2015-classification.csv,ADASYN,RUSBoostClassifier,1.039,,,,,,,,,,,0.609,0.1,0.563,0.089,0.666,0.064,0.458,0.1,0.587
product_sentiment_machine_hack_subset.csv,ADASYN,EasyEnsembleClassifier,129.841,,,,,,,,,,,0.466,0.028,0.484,0.05,0.742,0.077,0.547,0.125,0.587
Cervical_Cancer_Risk_Factors_clean.csv,ADASYN,RandomForestClassifier,1.482,,,,,,,,,,,0.252,0.089,0.23,0.041,0.823,0.019,0.118,0.091,0.587
vehicle.csv,RandomOverSampler,RUSBoostClassifier,0.834,,,,,,,,,,,0.546,0.077,0.58,0.071,0.679,0.064,0.506,0.095,0.587
dermatology.csv,SMOTE,AdaBoostClassifier,0.354,,,,,,,,,,,0.56,0.254,0.606,0.198,0.573,0.244,0.602,0.214,0.586
JapaneseVowels.csv,EditedNearestNeighbours,RandomForestClassifier,1.403,,,,,,,,,,,0.677,0.069,0.499,0.037,0.569,0.027,0.561,0.028,0.586
GesturePhaseSegmentationProcessed.csv,TomekLinks,RandomForestClassifier,6.985,,,,,,,,,,,0.702,0.026,0.482,0.018,0.609,0.016,0.469,0.023,0.586
dermatology.csv,SMOTETomek,RUSBoostClassifier,0.455,,,,,,,,,,,0.56,0.254,0.606,0.198,0.573,0.244,0.602,0.214,0.586
dermatology.csv,SMOTETomek,AdaBoostClassifier,0.324,,,,,,,,,,,0.56,0.254,0.606,0.198,0.573,0.244,0.602,0.214,0.586
dermatology.csv,SMOTE,RUSBoostClassifier,0.698,,,,,,,,,,,0.56,0.254,0.606,0.198,0.573,0.244,0.602,0.214,0.586
product_sentiment_machine_hack_subset.csv,EditedNearestNeighbours,GradientBoostingClassifier,1.943,,,,,,,,,,,0.405,0.072,0.428,0.075,0.753,0.103,0.574,0.178,0.585
maternal_health_risk.csv,TomekLinks,RUSBoostClassifier,0.147,,,,,,,,,,,0.507,0.041,0.568,0.055,0.699,0.036,0.506,0.088,0.584
Cervical_Cancer_Risk_Factors_clean.csv,RandomOverSampler,BalancedBaggingClassifier,0.546,,,,,,,,,,,0.23,0.067,0.223,0.043,0.806,0.021,0.066,0.089,0.584
Cervical_Cancer_Risk_Factors_clean.csv,RandomOverSampler,BaggingClassifier,0.408,,,,,,,,,,,0.219,0.057,0.217,0.04,0.802,0.015,0.053,0.075,0.584
QSAR_Bioconcentration_classification.csv,SMOTETomek,BalancedBaggingClassifier,2.599,,,,,,,,,,,0.622,0.091,0.56,0.06,0.665,0.049,0.373,0.093,0.584
mfeat-morphological.csv,SMOTETomek,EasyEnsembleClassifier,3.338,,,,,,,,,,,0.539,0.094,0.58,0.07,0.609,0.111,0.599,0.095,0.583
QSAR_Bioconcentration_classification.csv,ADASYN,BaggingClassifier,1.332,,,,,,,,,,,0.618,0.102,0.565,0.068,0.663,0.053,0.371,0.101,0.583
CPMP-2015-classification.csv,ADASYN,BalancedBaggingClassifier,0.772,,,,,,,,,,,0.593,0.102,0.557,0.074,0.667,0.056,0.467,0.088,0.583
abalone.csv,SMOTETomek,EasyEnsembleClassifier,6.907,,,,,,,,,,,0.587,0.034,0.622,0.042,0.642,0.031,0.387,0.048,0.583
shuttle.csv,RandomUnderSampler,BalancedRandomForestClassifier,0.661,,,,,,,,,,,0.503,0.081,0.498,0.103,0.749,0.167,0.463,0.168,0.583
CPMP-2015-classification.csv,SMOTE,GradientBoostingClassifier,8.043,,,,,,,,,,,0.608,0.094,0.54,0.068,0.669,0.055,0.465,0.088,0.583
Success-Rates-2_clean_subset.csv,EditedNearestNeighbours,BalancedRandomForestClassifier,1.596,,,,,,,,,,,0.409,0.034,0.463,0.053,0.729,0.058,0.589,0.065,0.583
Midwest_survey_clean_subset.csv,EditedNearestNeighbours,AdaBoostClassifier,0.934,,,,,,,,,,,0.492,0.109,0.558,0.1,0.612,0.067,0.637,0.078,0.582
QSAR_Bioconcentration_classification.csv,SMOTETomek,BaggingClassifier,1.609,,,,,,,,,,,0.62,0.095,0.559,0.054,0.664,0.047,0.372,0.09,0.582
CPMP-2015-classification.csv,SMOTETomek,GradientBoostingClassifier,7.33,,,,,,,,,,,0.601,0.097,0.541,0.079,0.67,0.059,0.467,0.096,0.582
product_sentiment_machine_hack_subset.csv,EditedNearestNeighbours,AdaBoostClassifier,1.109,,,,,,,,,,,0.4,0.079,0.408,0.088,0.744,0.117,0.583,0.199,0.581
CPMP-2015-classification.csv,ADASYN,AdaBoostClassifier,1.144,,,,,,,,,,,0.595,0.091,0.566,0.09,0.66,0.064,0.456,0.104,0.581
QSAR_Bioconcentration_classification.csv,SMOTE,BalancedBaggingClassifier,2.288,,,,,,,,,,,0.624,0.092,0.555,0.055,0.659,0.049,0.36,0.096,0.58
students_dropout_and_academic_success.csv,EditedNearestNeighbours,AdaBoostClassifier,1.196,,,,,,,,,,,0.551,0.135,0.57,0.031,0.682,0.024,0.462,0.057,0.58
Cervical_Cancer_Risk_Factors_clean.csv,SMOTETomek,BaggingClassifier,0.837,,,,,,,,,,,0.22,0.038,0.232,0.059,0.801,0.017,0.07,0.073,0.58
abalone.csv,RandomUnderSampler,BalancedBaggingClassifier,0.371,,,,,,,,,,,0.585,0.026,0.621,0.035,0.636,0.028,0.378,0.041,0.58
abalone.csv,EditedNearestNeighbours,BalancedRandomForestClassifier,1.089,,,,,,,,,,,0.558,0.045,0.614,0.026,0.659,0.027,0.399,0.034,0.58
eucalyptus_subset.csv,RandomUnderSampler,BaggingClassifier,0.225,,,,,,,,,,,0.567,0.044,0.626,0.049,0.633,0.04,0.433,0.059,0.579
abalone.csv,SMOTE,EasyEnsembleClassifier,7.545,,,,,,,,,,,0.58,0.041,0.617,0.049,0.64,0.032,0.381,0.055,0.579
eucalyptus_subset.csv,EditedNearestNeighbours,BaggingClassifier,0.28,,,,,,,,,,,0.577,0.084,0.587,0.039,0.645,0.034,0.473,0.05,0.579
dermatology.csv,SMOTE,EasyEnsembleClassifier,3.29,,,,,,,,,,,0.547,0.234,0.602,0.189,0.568,0.23,0.593,0.211,0.579
abalone.csv,SMOTE,AdaBoostClassifier,0.713,,,,,,,,,,,0.58,0.041,0.617,0.049,0.64,0.032,0.381,0.055,0.579
Success-Rates-2_clean_subset.csv,TomekLinks,BalancedBaggingClassifier,1.156,,,,,,,,,,,0.503,0.077,0.523,0.088,0.693,0.091,0.546,0.095,0.579
dermatology.csv,SMOTETomek,EasyEnsembleClassifier,3.63,,,,,,,,,,,0.547,0.234,0.602,0.189,0.568,0.23,0.593,0.211,0.579
mfeat-morphological.csv,TomekLinks,EasyEnsembleClassifier,2.222,,,,,,,,,,,0.539,0.091,0.569,0.074,0.612,0.091,0.589,0.085,0.579
abalone.csv,SMOTE,RUSBoostClassifier,1.536,,,,,,,,,,,0.58,0.041,0.617,0.049,0.64,0.032,0.381,0.055,0.579
abalone.csv,TomekLinks,EasyEnsembleClassifier,3.551,,,,,,,,,,,0.582,0.028,0.618,0.04,0.637,0.032,0.382,0.048,0.579
Cervical_Cancer_Risk_Factors_clean.csv,SMOTETomek,BalancedBaggingClassifier,1.05,,,,,,,,,,,0.233,0.052,0.239,0.061,0.804,0.021,0.085,0.081,0.579
steel-plates-fault_subset.csv,SMOTETomek,RUSBoostClassifier,1.406,,,,,,,,,,,0.598,0.051,0.627,0.055,0.584,0.05,0.481,0.058,0.579
eucalyptus_subset.csv,RandomUnderSampler,BalancedBaggingClassifier,0.282,,,,,,,,,,,0.568,0.044,0.62,0.053,0.636,0.036,0.436,0.053,0.579
QSAR_Bioconcentration_classification.csv,TomekLinks,BalancedRandomForestClassifier,1.232,,,,,,,,,,,0.617,0.087,0.563,0.058,0.653,0.04,0.354,0.078,0.578
Cervical_Cancer_Risk_Factors_clean.csv,SMOTE,BalancedBaggingClassifier,0.945,,,,,,,,,,,0.242,0.095,0.233,0.063,0.804,0.021,0.087,0.087,0.578
eucalyptus.csv,ADASYN,BalancedRandomForestClassifier,2.107,,,,,,,,,,,0.61,0.121,0.536,0.088,0.638,0.062,0.499,0.102,0.578
abalone.csv,SMOTETomek,AdaBoostClassifier,0.848,,,,,,,,,,,0.581,0.034,0.617,0.044,0.637,0.035,0.381,0.051,0.578
Cervical_Cancer_Risk_Factors_clean.csv,SMOTE,BaggingClassifier,0.782,,,,,,,,,,,0.242,0.079,0.23,0.058,0.802,0.021,0.082,0.089,0.578
Cervical_Cancer_Risk_Factors_clean.csv,ADASYN,BaggingClassifier,0.681,,,,,,,,,,,0.229,0.067,0.225,0.057,0.801,0.023,0.084,0.085,0.577
CPMP-2015-classification.csv,ADASYN,BaggingClassifier,0.662,,,,,,,,,,,0.583,0.101,0.552,0.081,0.664,0.065,0.461,0.102,0.577
product_sentiment_machine_hack_subset.csv,ADASYN,RUSBoostClassifier,15.357,,,,,,,,,,,0.46,0.05,0.484,0.064,0.726,0.117,0.538,0.135,0.577
JapaneseVowels.csv,EditedNearestNeighbours,BaggingClassifier,0.804,,,,,,,,,,,0.612,0.061,0.528,0.027,0.587,0.028,0.573,0.028,0.577
QSAR_Bioconcentration_classification.csv,SMOTE,BaggingClassifier,1.393,,,,,,,,,,,0.616,0.091,0.553,0.058,0.658,0.046,0.359,0.087,0.577
product_sentiment_machine_hack_subset.csv,TomekLinks,BalancedBaggingClassifier,0.972,,,,,,,,,,,0.485,0.031,0.486,0.074,0.734,0.031,0.495,0.048,0.576
CPMP-2015-classification.csv,TomekLinks,GradientBoostingClassifier,2.729,,,,,,,,,,,0.588,0.081,0.537,0.067,0.663,0.048,0.474,0.092,0.576
abalone.csv,RandomOverSampler,RUSBoostClassifier,0.763,,,,,,,,,,,0.587,0.036,0.617,0.044,0.623,0.032,0.375,0.047,0.575
Cervical_Cancer_Risk_Factors_clean.csv,ADASYN,BalancedBaggingClassifier,0.95,,,,,,,,,,,0.228,0.059,0.224,0.055,0.795,0.023,0.07,0.083,0.575
abalone.csv,SMOTETomek,RUSBoostClassifier,1.426,,,,,,,,,,,0.578,0.032,0.611,0.045,0.637,0.036,0.375,0.05,0.575
abalone.csv,RandomOverSampler,AdaBoostClassifier,0.52,,,,,,,,,,,0.587,0.036,0.617,0.044,0.623,0.032,0.375,0.047,0.575
abalone.csv,RandomOverSampler,EasyEnsembleClassifier,5.648,,,,,,,,,,,0.587,0.036,0.617,0.044,0.623,0.032,0.375,0.047,0.575
wine_quality_white.csv,RandomOverSampler,BalancedRandomForestClassifier,7.105,,,,,,,,,,,0.552,0.056,0.443,0.039,0.69,0.018,0.54,0.027,0.574
shuttle.csv,EditedNearestNeighbours,RUSBoostClassifier,0.31,,,,,,,,,,,0.452,0.103,0.501,0.102,0.757,0.037,0.426,0.157,0.574
QSAR_Bioconcentration_classification.csv,ADASYN,BalancedBaggingClassifier,2.374,,,,,,,,,,,0.607,0.1,0.556,0.058,0.653,0.048,0.351,0.093,0.573
QSAR_Bioconcentration_classification.csv,RandomOverSampler,BalancedBaggingClassifier,2.04,,,,,,,,,,,0.603,0.097,0.558,0.066,0.656,0.049,0.357,0.094,0.573
eucalyptus.csv,RandomOverSampler,BalancedRandomForestClassifier,1.483,,,,,,,,,,,0.608,0.121,0.532,0.084,0.633,0.061,0.482,0.095,0.572
CPMP-2015-classification.csv,SMOTETomek,AdaBoostClassifier,1.294,,,,,,,,,,,0.598,0.086,0.541,0.092,0.653,0.06,0.436,0.099,0.572
Toronto-Apartment-Rental-Price.csv,EditedNearestNeighbours,EasyEnsembleClassifier,3.281,,,,,,,,,,,0.551,0.069,0.53,0.093,0.699,0.047,0.412,0.066,0.572
wine_quality_white.csv,RandomOverSampler,RandomForestClassifier,4.982,,,,,,,,,,,0.545,0.048,0.439,0.037,0.691,0.017,0.541,0.026,0.572
eucalyptus.csv,SMOTE,BalancedRandomForestClassifier,1.596,,,,,,,,,,,0.62,0.115,0.52,0.08,0.629,0.06,0.479,0.097,0.571
CPMP-2015-classification.csv,SMOTETomek,BaggingClassifier,0.731,,,,,,,,,,,0.564,0.102,0.55,0.084,0.66,0.065,0.458,0.101,0.57
CPMP-2015-classification.csv,TomekLinks,AdaBoostClassifier,0.555,,,,,,,,,,,0.591,0.095,0.523,0.091,0.657,0.074,0.457,0.123,0.57
QSAR_Bioconcentration_classification.csv,RandomOverSampler,BaggingClassifier,1.225,,,,,,,,,,,0.594,0.091,0.558,0.07,0.654,0.054,0.353,0.104,0.57
steel-plates-fault_subset.csv,ADASYN,AdaBoostClassifier,1.701,,,,,,,,,,,0.572,0.042,0.633,0.044,0.569,0.042,0.472,0.049,0.569
CPMP-2015-classification.csv,SMOTETomek,BalancedBaggingClassifier,0.843,,,,,,,,,,,0.574,0.097,0.544,0.074,0.657,0.063,0.451,0.097,0.569
eucalyptus.csv,RandomOverSampler,RandomForestClassifier,0.974,,,,,,,,,,,0.597,0.115,0.533,0.082,0.633,0.057,0.483,0.093,0.569
product_sentiment_machine_hack_subset.csv,ADASYN,AdaBoostClassifier,13.301,,,,,,,,,,,0.458,0.07,0.484,0.054,0.714,0.122,0.529,0.133,0.569
dermatology.csv,RandomOverSampler,RUSBoostClassifier,0.457,,,,,,,,,,,0.54,0.247,0.599,0.206,0.554,0.249,0.575,0.23,0.568
CPMP-2015-classification.csv,RandomOverSampler,BaggingClassifier,0.735,,,,,,,,,,,0.564,0.096,0.544,0.076,0.66,0.06,0.458,0.092,0.568
dermatology.csv,RandomOverSampler,AdaBoostClassifier,0.244,,,,,,,,,,,0.54,0.247,0.599,0.206,0.554,0.249,0.575,0.23,0.568
yeast.csv,TomekLinks,RandomForestClassifier,0.918,,,,,,,,,,,0.584,0.078,0.558,0.075,0.609,0.046,0.508,0.061,0.568
CPMP-2015-classification.csv,SMOTE,BaggingClassifier,0.571,,,,,,,,,,,0.573,0.104,0.546,0.075,0.654,0.062,0.452,0.096,0.568
solar-flare.csv,EditedNearestNeighbours,AdaBoostClassifier,0.461,,,,,,,,,,,0.489,0.065,0.572,0.066,0.609,0.049,0.581,0.05,0.567
eucalyptus.csv,ADASYN,RandomForestClassifier,1.144,,,,,,,,,,,0.613,0.106,0.517,0.075,0.623,0.054,0.474,0.086,0.566
CPMP-2015-classification.csv,RandomOverSampler,BalancedBaggingClassifier,1.051,,,,,,,,,,,0.567,0.098,0.539,0.083,0.657,0.063,0.448,0.1,0.566
football-player-position_subset.csv,TomekLinks,RUSBoostClassifier,0.156,,,,,,,,,,,0.585,0.231,0.619,0.139,0.567,0.191,0.453,0.152,0.565
yeast.csv,RandomOverSampler,BalancedRandomForestClassifier,1.945,,,,,,,,,,,0.569,0.077,0.556,0.08,0.61,0.044,0.512,0.057,0.565
GesturePhaseSegmentationProcessed.csv,TomekLinks,BalancedRandomForestClassifier,6.495,,,,,,,,,,,0.548,0.017,0.597,0.022,0.617,0.014,0.47,0.022,0.565
okcupid-stem_seed_3_nrows_2000_nclasses_10_ncols_100_stratify_True_clean_subset.csv,ADASYN,BalancedRandomForestClassifier,4.544,,,,,,,,,,,0.642,0.125,0.409,0.033,0.648,0.021,0.195,0.082,0.565
eucalyptus.csv,SMOTETomek,RandomForestClassifier,1.063,,,,,,,,,,,0.611,0.11,0.517,0.073,0.624,0.055,0.471,0.092,0.565
okcupid-stem_seed_3_nrows_2000_nclasses_10_ncols_100_stratify_True_clean_subset.csv,RandomOverSampler,RandomForestClassifier,2.304,,,,,,,,,,,0.602,0.071,0.466,0.051,0.676,0.031,0.236,0.087,0.565
abalone.csv,EditedNearestNeighbours,BaggingClassifier,0.424,,,,,,,,,,,0.477,0.07,0.59,0.02,0.67,0.017,0.453,0.049,0.565
okcupid-stem_seed_3_nrows_2000_nclasses_10_ncols_100_stratify_True_clean_subset.csv,SMOTETomek,RandomForestClassifier,3.116,,,,,,,,,,,0.641,0.12,0.406,0.036,0.647,0.021,0.186,0.076,0.565
Flare.csv,EditedNearestNeighbours,EasyEnsembleClassifier,2.072,,,,,,,,,,,0.512,0.105,0.533,0.072,0.605,0.087,0.595,0.084,0.565
steel-plates-fault_subset.csv,RandomOverSampler,RUSBoostClassifier,1.206,,,,,,,,,,,0.585,0.052,0.617,0.057,0.566,0.053,0.454,0.065,0.564
steel-plates-fault_subset.csv,RandomOverSampler,EasyEnsembleClassifier,8.984,,,,,,,,,,,0.585,0.052,0.617,0.058,0.566,0.053,0.454,0.065,0.564
QSAR_Bioconcentration_classification.csv,TomekLinks,AdaBoostClassifier,1.465,,,,,,,,,,,0.631,0.145,0.507,0.061,0.639,0.05,0.324,0.097,0.564
steel-plates-fault_subset.csv,SMOTE,EasyEnsembleClassifier,14.047,,,,,,,,,,,0.577,0.037,0.609,0.043,0.576,0.037,0.468,0.042,0.564
steel-plates-fault_subset.csv,RandomOverSampler,AdaBoostClassifier,0.965,,,,,,,,,,,0.585,0.052,0.617,0.057,0.566,0.053,0.454,0.065,0.564
okcupid-stem_seed_3_nrows_2000_nclasses_10_ncols_100_stratify_True_clean_subset.csv,SMOTE,RandomForestClassifier,2.192,,,,,,,,,,,0.642,0.139,0.405,0.042,0.646,0.027,0.19,0.091,0.564
steel-plates-fault_subset.csv,SMOTE,AdaBoostClassifier,1.574,,,,,,,,,,,0.577,0.037,0.609,0.043,0.576,0.037,0.468,0.042,0.564
steel-plates-fault_subset.csv,SMOTE,RUSBoostClassifier,1.753,,,,,,,,,,,0.577,0.037,0.609,0.043,0.576,0.037,0.468,0.042,0.564
eucalyptus_subset.csv,EditedNearestNeighbours,RandomForestClassifier,0.629,,,,,,,,,,,0.573,0.12,0.577,0.036,0.616,0.033,0.455,0.051,0.564
abalone.csv,ADASYN,EasyEnsembleClassifier,7.175,,,,,,,,,,,0.548,0.033,0.612,0.037,0.626,0.03,0.373,0.043,0.564
Mobile_Price.csv,TomekLinks,RUSBoostClassifier,0.217,,,,,,,,,,,0.578,0.106,0.574,0.105,0.611,0.174,0.463,0.177,0.564
okcupid-stem_seed_3_nrows_2000_nclasses_10_ncols_100_stratify_True_clean_subset.csv,SMOTETomek,GradientBoostingClassifier,51.548,,,,,,,,,,,0.568,0.063,0.506,0.059,0.682,0.031,0.259,0.08,0.563
thyroid-dis.csv,TomekLinks,GradientBoostingClassifier,3.9,,,,,,,,,,,0.592,0.061,0.445,0.042,0.681,0.023,0.436,0.042,0.563
HCV_data_clean.csv,RandomUnderSampler,GradientBoostingClassifier,0.764,,,,,,,,,,,0.423,0.102,0.576,0.111,0.712,0.111,0.338,0.093,0.563
agriculture_dataset_karnataka_clean_subset.csv,EditedNearestNeighbours,BaggingClassifier,0.285,,,,,,,,,,,0.672,0.103,0.569,0.031,0.529,0.038,0.377,0.05,0.563
connect-4_seed_4_nrows_2000_nclasses_10_ncols_100_stratify_True.csv,ADASYN,GradientBoostingClassifier,3.46,,,,,,,,,,,0.534,0.032,0.543,0.043,0.686,0.025,0.376,0.051,0.563
Midwest_survey_clean_subset.csv,TomekLinks,RandomForestClassifier,1.315,,,,,,,,,,,0.588,0.08,0.468,0.05,0.611,0.041,0.555,0.047,0.562
QSAR_Bioconcentration_classification.csv,RandomOverSampler,GradientBoostingClassifier,42.846,,,,,,,,,,,0.592,0.092,0.549,0.056,0.641,0.047,0.335,0.09,0.562
okcupid-stem_seed_3_nrows_2000_nclasses_10_ncols_100_stratify_True_clean_subset.csv,ADASYN,GradientBoostingClassifier,52.088,,,,,,,,,,,0.57,0.06,0.502,0.051,0.68,0.026,0.256,0.07,0.562
steel-plates-fault_subset.csv,SMOTETomek,AdaBoostClassifier,1.591,,,,,,,,,,,0.578,0.06,0.616,0.045,0.564,0.049,0.457,0.053,0.562
okcupid-stem_seed_3_nrows_2000_nclasses_10_ncols_100_stratify_True_clean_subset.csv,RandomOverSampler,BalancedRandomForestClassifier,4.351,,,,,,,,,,,0.59,0.082,0.464,0.054,0.676,0.033,0.233,0.093,0.561
eucalyptus.csv,SMOTETomek,BalancedRandomForestClassifier,2.368,,,,,,,,,,,0.602,0.125,0.512,0.088,0.621,0.067,0.472,0.106,0.561
okcupid-stem_seed_3_nrows_2000_nclasses_10_ncols_100_stratify_True_clean_subset.csv,SMOTE,GradientBoostingClassifier,50.902,,,,,,,,,,,0.565,0.059,0.504,0.052,0.681,0.027,0.256,0.069,0.561
steel-plates-fault_subset.csv,ADASYN,RUSBoostClassifier,2.368,,,,,,,,,,,0.557,0.045,0.621,0.049,0.568,0.041,0.471,0.048,0.561
eucalyptus_subset.csv,EditedNearestNeighbours,GradientBoostingClassifier,1.215,,,,,,,,,,,0.546,0.096,0.577,0.035,0.628,0.033,0.458,0.048,0.561
vehicle.csv,EditedNearestNeighbours,BalancedBaggingClassifier,0.281,,,,,,,,,,,0.523,0.107,0.55,0.085,0.654,0.069,0.478,0.117,0.561
QSAR_Bioconcentration_classification.csv,SMOTETomek,EasyEnsembleClassifier,38.641,,,,,,,,,,,0.57,0.096,0.565,0.075,0.64,0.054,0.355,0.1,0.56
okcupid-stem_seed_3_nrows_2000_nclasses_10_ncols_100_stratify_True_clean_subset.csv,ADASYN,RandomForestClassifier,2.381,,,,,,,,,,,0.633,0.136,0.401,0.033,0.644,0.022,0.184,0.079,0.56
eucalyptus.csv,SMOTETomek,GradientBoostingClassifier,10.06,,,,,,,,,,,0.59,0.107,0.523,0.077,0.624,0.057,0.467,0.085,0.56
yeast.csv,RandomOverSampler,RandomForestClassifier,3.124,,,,,,,,,,,0.563,0.072,0.555,0.075,0.604,0.046,0.503,0.06,0.559
CPMP-2015-classification.csv,TomekLinks,BalancedBaggingClassifier,0.492,,,,,,,,,,,0.57,0.078,0.542,0.082,0.641,0.061,0.424,0.096,0.559
abalone.csv,RandomUnderSampler,AdaBoostClassifier,0.314,,,,,,,,,,,0.569,0.041,0.604,0.052,0.606,0.039,0.355,0.057,0.559
abalone.csv,RandomUnderSampler,RUSBoostClassifier,0.488,,,,,,,,,,,0.569,0.041,0.604,0.052,0.606,0.039,0.355,0.057,0.559
CPMP-2015-classification.csv,RandomUnderSampler,GradientBoostingClassifier,1.778,,,,,,,,,,,0.58,0.081,0.549,0.067,0.631,0.055,0.419,0.076,0.559
abalone.csv,RandomUnderSampler,EasyEnsembleClassifier,3.282,,,,,,,,,,,0.569,0.041,0.604,0.052,0.606,0.039,0.355,0.057,0.559
Success-Rates-2_clean_subset.csv,EditedNearestNeighbours,BalancedBaggingClassifier,1.138,,,,,,,,,,,0.408,0.048,0.441,0.066,0.705,0.079,0.553,0.097,0.559
agriculture_dataset_karnataka_clean_subset.csv,EditedNearestNeighbours,GradientBoostingClassifier,1.079,,,,,,,,,,,0.647,0.096,0.577,0.031,0.537,0.041,0.373,0.053,0.558
CPMP-2015-classification.csv,TomekLinks,EasyEnsembleClassifier,3.121,,,,,,,,,,,0.567,0.111,0.546,0.09,0.638,0.078,0.43,0.113,0.558
okcupid-stem_seed_3_nrows_2000_nclasses_10_ncols_100_stratify_True_clean_subset.csv,RandomOverSampler,GradientBoostingClassifier,49.252,,,,,,,,,,,0.522,0.031,0.604,0.046,0.637,0.034,0.297,0.058,0.558
eucalyptus.csv,SMOTE,RandomForestClassifier,1.061,,,,,,,,,,,0.598,0.103,0.509,0.077,0.62,0.057,0.472,0.089,0.558
mfeat-morphological.csv,ADASYN,EasyEnsembleClassifier,3.577,,,,,,,,,,,0.511,0.087,0.57,0.062,0.563,0.145,0.576,0.121,0.557
dermatology.csv,RandomOverSampler,EasyEnsembleClassifier,2.793,,,,,,,,,,,0.528,0.251,0.59,0.21,0.544,0.245,0.562,0.238,0.557
solar-flare.csv,TomekLinks,RUSBoostClassifier,0.199,,,,,,,,,,,0.483,0.096,0.556,0.083,0.586,0.094,0.586,0.057,0.557
connect-4_seed_4_nrows_2000_nclasses_10_ncols_100_stratify_True.csv,RandomOverSampler,BalancedRandomForestClassifier,5.589,,,,,,,,,,,0.552,0.062,0.489,0.032,0.687,0.027,0.368,0.06,0.556
thyroid-dis.csv,TomekLinks,RandomForestClassifier,1.148,,,,,,,,,,,0.585,0.053,0.419,0.031,0.676,0.02,0.431,0.039,0.556
HCV_data_clean.csv,TomekLinks,RUSBoostClassifier,0.134,,,,,,,,,,,0.231,0.065,0.291,0.091,0.795,0.053,0.188,0.13,0.556
air-quality-and-pollution-assessment_subset.csv,ADASYN,AdaBoostClassifier,0.546,,,,,,,,,,,0.638,0.123,0.608,0.065,0.463,0.132,0.447,0.104,0.556
thyroid-dis.csv,RandomOverSampler,RandomForestClassifier,2.118,,,,,,,,,,,0.527,0.047,0.471,0.036,0.689,0.028,0.454,0.049,0.555
abalone.csv,TomekLinks,RUSBoostClassifier,0.203,,,,,,,,,,,0.456,0.018,0.567,0.026,0.673,0.017,0.442,0.046,0.555
jungle_chess_2pcs_raw_endgame_complete_seed_0_nrows_2000_nclasses_10_ncols_100_stratify_True_subset.csv,EditedNearestNeighbours,RUSBoostClassifier,0.215,,,,,,,,,,,0.56,0.035,0.598,0.05,0.604,0.044,0.373,0.059,0.555
okcupid-stem_seed_3_nrows_2000_nclasses_10_ncols_100_stratify_True_clean_subset.csv,TomekLinks,BalancedRandomForestClassifier,1.449,,,,,,,,,,,0.514,0.028,0.601,0.04,0.635,0.029,0.289,0.051,0.555
connect-4_seed_4_nrows_2000_nclasses_10_ncols_100_stratify_True.csv,ADASYN,RandomForestClassifier,1.411,,,,,,,,,,,0.531,0.042,0.521,0.038,0.683,0.028,0.361,0.058,0.555
students_dropout_and_academic_success.csv,TomekLinks,RUSBoostClassifier,0.58,,,,,,,,,,,0.435,0.027,0.563,0.018,0.675,0.012,0.457,0.03,0.554
connect-4_seed_4_nrows_2000_nclasses_10_ncols_100_stratify_True.csv,RandomOverSampler,GradientBoostingClassifier,3.459,,,,,,,,,,,0.529,0.025,0.565,0.04,0.654,0.025,0.362,0.04,0.554
connect-4_seed_4_nrows_2000_nclasses_10_ncols_100_stratify_True.csv,SMOTE,GradientBoostingClassifier,3.624,,,,,,,,,,,0.523,0.03,0.536,0.036,0.675,0.027,0.36,0.051,0.554
connect-4_seed_4_nrows_2000_nclasses_10_ncols_100_stratify_True.csv,RandomOverSampler,RandomForestClassifier,1.253,,,,,,,,,,,0.562,0.085,0.484,0.037,0.681,0.031,0.352,0.069,0.554
Midwest_survey_clean_subset.csv,EditedNearestNeighbours,RandomForestClassifier,1.181,,,,,,,,,,,0.585,0.071,0.459,0.039,0.599,0.032,0.545,0.037,0.554
vehicle.csv,EditedNearestNeighbours,AdaBoostClassifier,0.249,,,,,,,,,,,0.526,0.137,0.522,0.08,0.645,0.066,0.492,0.11,0.554
okcupid-stem_seed_3_nrows_2000_nclasses_10_ncols_100_stratify_True_clean_subset.csv,SMOTE,BalancedRandomForestClassifier,4.441,,,,,,,,,,,0.616,0.124,0.401,0.036,0.644,0.024,0.173,0.074,0.554
CPMP-2015-classification.csv,TomekLinks,BaggingClassifier,0.533,,,,,,,,,,,0.557,0.068,0.509,0.064,0.649,0.045,0.447,0.093,0.553
product_sentiment_machine_hack_subset.csv,SMOTETomek,RUSBoostClassifier,12.013,,,,,,,,,,,0.437,0.099,0.492,0.062,0.692,0.158,0.502,0.142,0.553
okcupid-stem_seed_3_nrows_2000_nclasses_10_ncols_100_stratify_True_clean_subset.csv,SMOTETomek,BalancedRandomForestClassifier,4.951,,,,,,,,,,,0.613,0.104,0.402,0.028,0.642,0.019,0.169,0.068,0.553
connect-4_seed_4_nrows_2000_nclasses_10_ncols_100_stratify_True.csv,ADASYN,BalancedRandomForestClassifier,1.923,,,,,,,,,,,0.527,0.05,0.521,0.044,0.68,0.029,0.358,0.059,0.553
air-quality-and-pollution-assessment_subset.csv,RandomOverSampler,EasyEnsembleClassifier,4.459,,,,,,,,,,,0.625,0.136,0.607,0.076,0.466,0.134,0.452,0.104,0.552
CPMP-2015-classification.csv,RandomOverSampler,BalancedRandomForestClassifier,2.891,,,,,,,,,,,0.553,0.093,0.516,0.066,0.647,0.055,0.438,0.092,0.552
vehicle.csv,EditedNearestNeighbours,BalancedRandomForestClassifier,0.806,,,,,,,,,,,0.522,0.121,0.556,0.106,0.637,0.105,0.454,0.147,0.552
air-quality-and-pollution-assessment_subset.csv,RandomOverSampler,AdaBoostClassifier,0.463,,,,,,,,,,,0.625,0.136,0.607,0.076,0.466,0.134,0.452,0.104,0.552
air-quality-and-pollution-assessment_subset.csv,RandomOverSampler,RUSBoostClassifier,0.594,,,,,,,,,,,0.625,0.136,0.607,0.076,0.466,0.134,0.452,0.104,0.552
splice.csv,TomekLinks,RUSBoostClassifier,0.513,,,,,,,,,,,0.46,0.117,0.599,0.052,0.645,0.071,0.422,0.091,0.552
satimage.csv,EditedNearestNeighbours,RUSBoostClassifier,0.456,,,,,,,,,,,0.579,0.151,0.588,0.114,0.534,0.207,0.494,0.151,0.552
connect-4_seed_4_nrows_2000_nclasses_10_ncols_100_stratify_True.csv,SMOTE,RandomForestClassifier,1.423,,,,,,,,,,,0.526,0.053,0.519,0.05,0.679,0.031,0.353,0.066,0.552
eucalyptus.csv,SMOTE,GradientBoostingClassifier,10.92,,,,,,,,,,,0.577,0.088,0.522,0.074,0.618,0.048,0.457,0.079,0.552
abalone.csv,EditedNearestNeighbours,AdaBoostClassifier,0.514,,,,,,,,,,,0.452,0.052,0.572,0.027,0.665,0.02,0.431,0.054,0.551
Midwest_survey_clean_subset.csv,ADASYN,BalancedRandomForestClassifier,3.754,,,,,,,,,,,0.535,0.08,0.459,0.044,0.617,0.039,0.562,0.048,0.551
connect-4_seed_4_nrows_2000_nclasses_10_ncols_100_stratify_True.csv,SMOTE,BalancedRandomForestClassifier,1.949,,,,,,,,,,,0.526,0.047,0.517,0.043,0.679,0.03,0.352,0.062,0.551
okcupid-stem_seed_3_nrows_2000_nclasses_10_ncols_100_stratify_True_clean_subset.csv,TomekLinks,GradientBoostingClassifier,9.427,,,,,,,,,,,0.595,0.136,0.448,0.047,0.651,0.024,0.214,0.081,0.551
okcupid-stem_seed_3_nrows_2000_nclasses_10_ncols_100_stratify_True_clean_subset.csv,SMOTE,BaggingClassifier,2.292,,,,,,,,,,,0.553,0.076,0.481,0.052,0.673,0.032,0.236,0.087,0.551
Success-Rates-2_clean_subset.csv,TomekLinks,BalancedRandomForestClassifier,1.519,,,,,,,,,,,0.436,0.054,0.512,0.083,0.658,0.062,0.534,0.059,0.55
thyroid-dis.csv,RandomOverSampler,GradientBoostingClassifier,12.19,,,,,,,,,,,0.455,0.028,0.583,0.053,0.649,0.022,0.441,0.037,0.55
CPMP-2015-classification.csv,RandomOverSampler,RandomForestClassifier,1.32,,,,,,,,,,,0.552,0.09,0.515,0.06,0.646,0.053,0.434,0.09,0.55
QSAR_Bioconcentration_classification.csv,SMOTE,AdaBoostClassifier,4.392,,,,,,,,,,,0.566,0.089,0.553,0.064,0.623,0.056,0.33,0.097,0.549
dermatology.csv,EditedNearestNeighbours,AdaBoostClassifier,0.218,,,,,,,,,,,0.487,0.24,0.536,0.232,0.577,0.194,0.583,0.205,0.549
QSAR_Bioconcentration_classification.csv,SMOTE,RUSBoostClassifier,4.924,,,,,,,,,,,0.566,0.089,0.553,0.064,0.623,0.056,0.33,0.097,0.549
CPMP-2015-classification.csv,SMOTETomek,BalancedRandomForestClassifier,1.456,,,,,,,,,,,0.535,0.089,0.52,0.069,0.648,0.057,0.44,0.091,0.549
abalone.csv,ADASYN,AdaBoostClassifier,0.773,,,,,,,,,,,0.528,0.03,0.596,0.035,0.614,0.033,0.357,0.044,0.549
QSAR_Bioconcentration_classification.csv,SMOTE,EasyEnsembleClassifier,39.913,,,,,,,,,,,0.566,0.089,0.553,0.064,0.623,0.056,0.33,0.097,0.549
connect-4_seed_4_nrows_2000_nclasses_10_ncols_100_stratify_True.csv,SMOTETomek,GradientBoostingClassifier,4.024,,,,,,,,,,,0.519,0.029,0.533,0.035,0.67,0.03,0.351,0.054,0.549
CPMP-2015-classification.csv,SMOTE,RandomForestClassifier,1.364,,,,,,,,,,,0.54,0.093,0.52,0.057,0.645,0.056,0.441,0.084,0.549
QSAR_Bioconcentration_classification.csv,EditedNearestNeighbours,RandomForestClassifier,0.945,,,,,,,,,,,0.624,0.11,0.507,0.074,0.602,0.061,0.314,0.124,0.549
energy-efficiency.csv,RandomOverSampler,RandomForestClassifier,1.058,,,,,,,,,,,0.484,0.075,0.5,0.068,0.598,0.05,0.588,0.05,0.549
shuttle.csv,RandomUnderSampler,GradientBoostingClassifier,0.462,,,,,,,,,,,0.552,0.174,0.536,0.169,0.643,0.176,0.273,0.159,0.549
soybean_clean.csv,TomekLinks,EasyEnsembleClassifier,2.261,,,,,,,,,,,0.561,0.094,0.607,0.071,0.46,0.058,0.539,0.051,0.548
product_sentiment_machine_hack_subset.csv,SMOTE,AdaBoostClassifier,13.123,,,,,,,,,,,0.435,0.1,0.499,0.063,0.676,0.186,0.508,0.15,0.548
first-order-theorem-proving .csv,SMOTE,RandomForestClassifier,17.837,,,,,,,,,,,0.526,0.022,0.532,0.022,0.62,0.017,0.496,0.023,0.548
Midwest_survey_clean_subset.csv,ADASYN,EasyEnsembleClassifier,458.099,,,,,,,,,,,0.457,0.123,0.534,0.095,0.599,0.085,0.576,0.088,0.548
thyroid-dis.csv,RandomOverSampler,BalancedRandomForestClassifier,3.208,,,,,,,,,,,0.514,0.046,0.461,0.036,0.685,0.022,0.448,0.039,0.548
product_sentiment_machine_hack_subset.csv,SMOTE,RUSBoostClassifier,15.172,,,,,,,,,,,0.435,0.1,0.499,0.063,0.676,0.186,0.508,0.15,0.548
wine_quality_white.csv,TomekLinks,RandomForestClassifier,2.43,,,,,,,,,,,0.571,0.058,0.377,0.033,0.653,0.017,0.489,0.026,0.548
abalone.csv,ADASYN,RUSBoostClassifier,0.772,,,,,,,,,,,0.528,0.023,0.592,0.031,0.615,0.031,0.355,0.039,0.548
anneal.csv,TomekLinks,RUSBoostClassifier,0.102,,,,,,,,,,,0.379,0.058,0.42,0.045,0.736,0.063,0.464,0.138,0.548
product_sentiment_machine_hack_subset.csv,SMOTE,EasyEnsembleClassifier,129.977,,,,,,,,,,,0.435,0.1,0.499,0.063,0.676,0.186,0.508,0.15,0.548
air-quality-and-pollution-assessment_subset.csv,SMOTETomek,RUSBoostClassifier,0.752,,,,,,,,,,,0.644,0.134,0.593,0.076,0.437,0.116,0.434,0.1,0.548
connect-4_seed_4_nrows_2000_nclasses_10_ncols_100_stratify_True.csv,SMOTETomek,BalancedRandomForestClassifier,2.856,,,,,,,,,,,0.519,0.047,0.514,0.047,0.675,0.028,0.344,0.06,0.547
energy-efficiency.csv,TomekLinks,RandomForestClassifier,0.817,,,,,,,,,,,0.465,0.072,0.483,0.067,0.602,0.049,0.599,0.051,0.547
first-order-theorem-proving .csv,ADASYN,RandomForestClassifier,18.444,,,,,,,,,,,0.524,0.024,0.532,0.026,0.619,0.02,0.494,0.026,0.547
total_score.csv,TomekLinks,GradientBoostingClassifier,1.725,,,,,,,,,,,0.61,0.105,0.547,0.06,0.582,0.043,0.324,0.078,0.547
QSAR_Bioconcentration_classification.csv,ADASYN,EasyEnsembleClassifier,39.463,,,,,,,,,,,0.544,0.067,0.561,0.069,0.628,0.053,0.343,0.088,0.547
abalone.csv,EditedNearestNeighbours,BalancedBaggingClassifier,0.407,,,,,,,,,,,0.535,0.05,0.596,0.039,0.605,0.052,0.349,0.055,0.547
Midwest_survey_clean_subset.csv,ADASYN,RandomForestClassifier,1.962,,,,,,,,,,,0.542,0.081,0.454,0.037,0.611,0.03,0.552,0.039,0.547
abalone.csv,EditedNearestNeighbours,EasyEnsembleClassifier,2.793,,,,,,,,,,,0.545,0.037,0.597,0.038,0.596,0.051,0.347,0.041,0.547
first-order-theorem-proving .csv,RandomOverSampler,BalancedRandomForestClassifier,14.285,,,,,,,,,,,0.53,0.024,0.527,0.023,0.617,0.019,0.492,0.025,0.546
car_subset.csv,EditedNearestNeighbours,BaggingClassifier,0.404,,,,,,,,,,,0.453,0.063,0.523,0.02,0.685,0.029,0.424,0.04,0.546
shuttle.csv,RandomUnderSampler,RandomForestClassifier,0.48,,,,,,,,,,,0.503,0.091,0.487,0.13,0.689,0.188,0.397,0.152,0.546
okcupid-stem_seed_3_nrows_2000_nclasses_10_ncols_100_stratify_True_clean_subset.csv,SMOTE,BalancedBaggingClassifier,4.029,,,,,,,,,,,0.541,0.068,0.483,0.056,0.669,0.031,0.23,0.079,0.546
connect-4_seed_4_nrows_2000_nclasses_10_ncols_100_stratify_True.csv,SMOTETomek,RandomForestClassifier,2.628,,,,,,,,,,,0.519,0.037,0.514,0.038,0.674,0.022,0.345,0.046,0.546
first-order-theorem-proving .csv,SMOTE,BalancedRandomForestClassifier,23.533,,,,,,,,,,,0.524,0.022,0.53,0.023,0.618,0.017,0.493,0.023,0.546
yeast.csv,TomekLinks,GradientBoostingClassifier,3.92,,,,,,,,,,,0.568,0.068,0.539,0.062,0.587,0.043,0.475,0.057,0.546
first-order-theorem-proving .csv,RandomOverSampler,RandomForestClassifier,10.527,,,,,,,,,,,0.529,0.026,0.526,0.026,0.615,0.02,0.49,0.026,0.545
energy-efficiency.csv,RandomOverSampler,BalancedRandomForestClassifier,2.262,,,,,,,,,,,0.484,0.078,0.498,0.075,0.592,0.045,0.582,0.045,0.545
CPMP-2015-classification.csv,ADASYN,BalancedRandomForestClassifier,1.669,,,,,,,,,,,0.535,0.087,0.517,0.063,0.642,0.056,0.437,0.093,0.545
okcupid-stem_seed_3_nrows_2000_nclasses_10_ncols_100_stratify_True_clean_subset.csv,ADASYN,BalancedBaggingClassifier,4.161,,,,,,,,,,,0.534,0.057,0.486,0.048,0.669,0.028,0.231,0.072,0.545
okcupid-stem_seed_3_nrows_2000_nclasses_10_ncols_100_stratify_True_clean_subset.csv,ADASYN,BaggingClassifier,4.433,,,,,,,,,,,0.537,0.073,0.482,0.053,0.667,0.027,0.224,0.074,0.545
okcupid-stem_seed_3_nrows_2000_nclasses_10_ncols_100_stratify_True_clean_subset.csv,TomekLinks,RandomForestClassifier,1.431,,,,,,,,,,,0.606,0.178,0.393,0.03,0.632,0.019,0.166,0.079,0.545
air-quality-and-pollution-assessment_subset.csv,SMOTE,RUSBoostClassifier,0.701,,,,,,,,,,,0.628,0.124,0.59,0.063,0.449,0.111,0.44,0.083,0.544
QSAR_Bioconcentration_classification.csv,SMOTETomek,AdaBoostClassifier,4.43,,,,,,,,,,,0.551,0.087,0.552,0.074,0.623,0.052,0.33,0.096,0.544
air-quality-and-pollution-assessment_subset.csv,SMOTE,AdaBoostClassifier,0.559,,,,,,,,,,,0.628,0.124,0.59,0.063,0.449,0.111,0.44,0.083,0.544
air-quality-and-pollution-assessment_subset.csv,SMOTE,EasyEnsembleClassifier,4.984,,,,,,,,,,,0.628,0.124,0.59,0.063,0.449,0.111,0.44,0.083,0.544
QSAR_Bioconcentration_classification.csv,RandomOverSampler,EasyEnsembleClassifier,40.413,,,,,,,,,,,0.551,0.085,0.555,0.079,0.62,0.059,0.317,0.107,0.544
QSAR_Bioconcentration_classification.csv,SMOTETomek,RUSBoostClassifier,4.997,,,,,,,,,,,0.554,0.091,0.549,0.069,0.622,0.053,0.326,0.091,0.544
QSAR_Bioconcentration_classification.csv,RandomOverSampler,RUSBoostClassifier,4.833,,,,,,,,,,,0.552,0.085,0.555,0.077,0.621,0.057,0.317,0.103,0.544
HCV_data_clean.csv,RandomUnderSampler,BaggingClassifier,0.317,,,,,,,,,,,0.415,0.104,0.548,0.166,0.693,0.107,0.321,0.119,0.544
eucalyptus_subset.csv,EditedNearestNeighbours,BalancedRandomForestClassifier,0.796,,,,,,,,,,,0.512,0.06,0.566,0.046,0.622,0.037,0.425,0.057,0.544
QSAR_Bioconcentration_classification.csv,RandomOverSampler,AdaBoostClassifier,4.319,,,,,,,,,,,0.549,0.083,0.554,0.078,0.62,0.056,0.316,0.103,0.543
first-order-theorem-proving .csv,SMOTETomek,BalancedRandomForestClassifier,24.611,,,,,,,,,,,0.521,0.025,0.527,0.025,0.614,0.02,0.488,0.026,0.543
car_subset.csv,EditedNearestNeighbours,GradientBoostingClassifier,1.008,,,,,,,,,,,0.46,0.066,0.522,0.012,0.68,0.022,0.414,0.035,0.543
first-order-theorem-proving .csv,SMOTETomek,RandomForestClassifier,18.908,,,,,,,,,,,0.52,0.027,0.527,0.026,0.615,0.021,0.49,0.029,0.543
product_sentiment_machine_hack_subset.csv,EditedNearestNeighbours,BalancedBaggingClassifier,0.98,,,,,,,,,,,0.421,0.056,0.454,0.099,0.696,0.087,0.488,0.13,0.543
product_sentiment_machine_hack_subset.csv,EditedNearestNeighbours,BalancedRandomForestClassifier,1.405,,,,,,,,,,,0.424,0.051,0.479,0.096,0.687,0.103,0.481,0.146,0.542
first-order-theorem-proving .csv,ADASYN,BalancedRandomForestClassifier,24.633,,,,,,,,,,,0.518,0.023,0.526,0.024,0.614,0.018,0.488,0.024,0.542
energy-efficiency.csv,RandomOverSampler,GradientBoostingClassifier,20.043,,,,,,,,,,,0.469,0.062,0.482,0.068,0.597,0.039,0.587,0.044,0.542
HCV_data_clean.csv,RandomUnderSampler,EasyEnsembleClassifier,2.282,,,,,,,,,,,0.416,0.108,0.546,0.156,0.687,0.193,0.351,0.141,0.542
texture.csv,TomekLinks,AdaBoostClassifier,1.271,,,,,,,,,,,0.558,0.116,0.516,0.082,0.554,0.082,0.538,0.08,0.542
okcupid-stem_seed_3_nrows_2000_nclasses_10_ncols_100_stratify_True_clean_subset.csv,SMOTETomek,BalancedBaggingClassifier,6.747,,,,,,,,,,,0.531,0.066,0.477,0.049,0.667,0.029,0.221,0.077,0.542
energy-efficiency.csv,TomekLinks,BaggingClassifier,0.311,,,,,,,,,,,0.462,0.067,0.484,0.063,0.594,0.047,0.592,0.049,0.542
energy-efficiency.csv,RandomOverSampler,BaggingClassifier,0.378,,,,,,,,,,,0.471,0.064,0.489,0.069,0.594,0.043,0.584,0.046,0.542
Success-Rates-2_clean_subset.csv,RandomUnderSampler,RandomForestClassifier,0.705,,,,,,,,,,,0.392,0.037,0.445,0.064,0.681,0.07,0.528,0.062,0.541
QSAR_Bioconcentration_classification.csv,TomekLinks,BalancedBaggingClassifier,0.587,,,,,,,,,,,0.535,0.071,0.558,0.083,0.623,0.059,0.32,0.106,0.541
Cervical_Cancer_Risk_Factors_clean.csv,RandomOverSampler,GradientBoostingClassifier,4.628,,,,,,,,,,,0.216,0.05,0.224,0.075,0.744,0.029,0.033,0.079,0.541
thyroid-dis.csv,TomekLinks,BaggingClassifier,0.526,,,,,,,,,,,0.564,0.064,0.421,0.041,0.661,0.027,0.399,0.05,0.54
eucalyptus.csv,ADASYN,GradientBoostingClassifier,10.396,,,,,,,,,,,0.56,0.086,0.51,0.079,0.61,0.048,0.442,0.078,0.54
CPMP-2015-classification.csv,RandomUnderSampler,RUSBoostClassifier,0.963,,,,,,,,,,,0.547,0.098,0.528,0.074,0.622,0.069,0.402,0.095,0.54
GesturePhaseSegmentationProcessed.csv,RandomUnderSampler,RandomForestClassifier,5.189,,,,,,,,,,,0.527,0.016,0.6,0.02,0.561,0.015,0.438,0.019,0.54
shuttle.csv,RandomUnderSampler,RUSBoostClassifier,0.309,,,,,,,,,,,0.552,0.166,0.574,0.217,0.593,0.235,0.332,0.211,0.54
CPMP-2015-classification.csv,TomekLinks,RandomForestClassifier,0.758,,,,,,,,,,,0.532,0.123,0.5,0.07,0.636,0.052,0.437,0.092,0.539
allrep.csv,EditedNearestNeighbours,BalancedRandomForestClassifier,0.996,,,,,,,,,,,0.271,0.016,0.435,0.101,0.736,0.163,0.161,0.091,0.539
Success-Rates-2_clean_subset.csv,RandomUnderSampler,BalancedRandomForestClassifier,0.932,,,,,,,,,,,0.405,0.048,0.464,0.095,0.668,0.072,0.526,0.065,0.539
CPMP-2015-classification.csv,SMOTE,BalancedRandomForestClassifier,1.553,,,,,,,,,,,0.525,0.098,0.505,0.059,0.638,0.054,0.432,0.089,0.538
HCV_data_clean.csv,RandomUnderSampler,RUSBoostClassifier,0.34,,,,,,,,,,,0.416,0.105,0.547,0.155,0.679,0.205,0.35,0.143,0.538
eucalyptus.csv,RandomOverSampler,GradientBoostingClassifier,7.403,,,,,,,,,,,0.55,0.1,0.53,0.093,0.604,0.058,0.43,0.09,0.538
Midwest_survey_clean_subset.csv,RandomUnderSampler,RUSBoostClassifier,0.606,,,,,,,,,,,0.489,0.198,0.606,0.164,0.485,0.212,0.546,0.172,0.537
Midwest_survey_clean_subset.csv,RandomUnderSampler,AdaBoostClassifier,0.474,,,,,,,,,,,0.489,0.198,0.606,0.164,0.485,0.212,0.546,0.172,0.537
okcupid-stem_seed_3_nrows_2000_nclasses_10_ncols_100_stratify_True_clean_subset.csv,SMOTETomek,BaggingClassifier,2.878,,,,,,,,,,,0.523,0.056,0.473,0.046,0.659,0.024,0.204,0.067,0.537
GesturePhaseSegmentationProcessed.csv,RandomOverSampler,BalancedBaggingClassifier,10.5,,,,,,,,,,,0.53,0.026,0.539,0.028,0.607,0.022,0.434,0.032,0.537
texture.csv,RandomOverSampler,AdaBoostClassifier,2.448,,,,,,,,,,,0.582,0.082,0.54,0.066,0.517,0.084,0.501,0.079,0.537
CPMP-2015-classification.csv,RandomUnderSampler,AdaBoostClassifier,0.661,,,,,,,,,,,0.544,0.098,0.525,0.078,0.619,0.072,0.398,0.1,0.537
texture.csv,RandomOverSampler,RUSBoostClassifier,3.405,,,,,,,,,,,0.582,0.082,0.54,0.066,0.517,0.084,0.501,0.079,0.537
texture.csv,RandomOverSampler,EasyEnsembleClassifier,22.74,,,,,,,,,,,0.582,0.082,0.54,0.066,0.517,0.084,0.501,0.079,0.537
Midwest_survey_clean_subset.csv,RandomUnderSampler,EasyEnsembleClassifier,4.06,,,,,,,,,,,0.489,0.198,0.606,0.164,0.485,0.212,0.546,0.172,0.537
synthetic_control.csv,EditedNearestNeighbours,EasyEnsembleClassifier,2.743,,,,,,,,,,,0.537,0.156,0.539,0.137,0.556,0.213,0.509,0.221,0.536
GesturePhaseSegmentationProcessed.csv,SMOTE,BalancedBaggingClassifier,18.998,,,,,,,,,,,0.519,0.019,0.56,0.023,0.595,0.016,0.433,0.022,0.536
air-quality-and-pollution-assessment_subset.csv,ADASYN,EasyEnsembleClassifier,4.846,,,,,,,,,,,0.62,0.128,0.594,0.039,0.413,0.045,0.428,0.048,0.536
GesturePhaseSegmentationProcessed.csv,SMOTETomek,BaggingClassifier,15.145,,,,,,,,,,,0.52,0.017,0.562,0.02,0.595,0.015,0.433,0.022,0.536
energy-efficiency.csv,RandomOverSampler,BalancedBaggingClassifier,0.411,,,,,,,,,,,0.469,0.075,0.485,0.077,0.586,0.05,0.576,0.053,0.536
CPMP-2015-classification.csv,RandomUnderSampler,EasyEnsembleClassifier,4.457,,,,,,,,,,,0.541,0.094,0.524,0.077,0.617,0.071,0.396,0.099,0.535
GesturePhaseSegmentationProcessed.csv,RandomUnderSampler,BalancedRandomForestClassifier,6.502,,,,,,,,,,,0.522,0.016,0.596,0.02,0.555,0.018,0.432,0.021,0.535
JapaneseVowels.csv,EditedNearestNeighbours,GradientBoostingClassifier,12.214,,,,,,,,,,,0.61,0.082,0.456,0.029,0.531,0.027,0.513,0.028,0.535
wine_quality_red.csv,RandomOverSampler,BalancedRandomForestClassifier,2.133,,,,,,,,,,,0.401,0.072,0.381,0.045,0.687,0.028,0.523,0.045,0.535
wine-quality-red.csv,RandomOverSampler,BalancedRandomForestClassifier,2.19,,,,,,,,,,,0.401,0.072,0.381,0.045,0.687,0.028,0.523,0.045,0.535
eucalyptus_subset.csv,TomekLinks,EasyEnsembleClassifier,2.41,,,,,,,,,,,0.528,0.037,0.582,0.043,0.581,0.035,0.368,0.049,0.534
GesturePhaseSegmentationProcessed.csv,ADASYN,BaggingClassifier,12.299,,,,,,,,,,,0.516,0.019,0.564,0.021,0.59,0.019,0.432,0.025,0.534
ecoli.csv,RandomUnderSampler,RandomForestClassifier,0.481,,,,,,,,,,,0.46,0.14,0.458,0.112,0.639,0.079,0.525,0.088,0.534
CPMP-2015-classification.csv,RandomUnderSampler,BalancedBaggingClassifier,0.446,,,,,,,,,,,0.539,0.076,0.537,0.063,0.606,0.063,0.395,0.083,0.534
GesturePhaseSegmentationProcessed.csv,RandomOverSampler,BaggingClassifier,8.141,,,,,,,,,,,0.529,0.028,0.536,0.029,0.605,0.023,0.43,0.033,0.534
QSAR_Bioconcentration_classification.csv,ADASYN,RUSBoostClassifier,5.038,,,,,,,,,,,0.53,0.076,0.543,0.068,0.618,0.057,0.321,0.098,0.534
CPMP-2015-classification.csv,ADASYN,RandomForestClassifier,1.33,,,,,,,,,,,0.521,0.093,0.506,0.061,0.632,0.057,0.423,0.094,0.534
mfeat-morphological.csv,EditedNearestNeighbours,BalancedRandomForestClassifier,1.221,,,,,,,,,,,0.437,0.065,0.532,0.064,0.56,0.059,0.577,0.063,0.534
HCV_data_clean.csv,RandomUnderSampler,AdaBoostClassifier,0.486,,,,,,,,,,,0.409,0.1,0.538,0.142,0.678,0.204,0.347,0.139,0.534
Cervical_Cancer_Risk_Factors_clean.csv,EditedNearestNeighbours,BalancedRandomForestClassifier,0.735,,,,,,,,,,,0.176,0.006,0.171,0.062,0.713,0.038,-0.016,0.061,0.533
Flare.csv,EditedNearestNeighbours,AdaBoostClassifier,0.228,,,,,,,,,,,0.46,0.061,0.55,0.06,0.564,0.075,0.543,0.077,0.533
thyroid-dis.csv,ADASYN,GradientBoostingClassifier,19.673,,,,,,,,,,,0.434,0.02,0.545,0.052,0.647,0.023,0.425,0.033,0.533
GesturePhaseSegmentationProcessed.csv,SMOTE,BaggingClassifier,11.718,,,,,,,,,,,0.516,0.018,0.557,0.021,0.592,0.014,0.429,0.02,0.533
product_sentiment_machine_hack_subset.csv,RandomOverSampler,AdaBoostClassifier,13.001,,,,,,,,,,,0.468,0.043,0.492,0.071,0.662,0.12,0.437,0.105,0.533
thyroid-dis.csv,SMOTETomek,GradientBoostingClassifier,19.693,,,,,,,,,,,0.434,0.024,0.55,0.072,0.645,0.02,0.422,0.032,0.533
product_sentiment_machine_hack_subset.csv,RandomOverSampler,EasyEnsembleClassifier,129.413,,,,,,,,,,,0.467,0.043,0.493,0.069,0.661,0.12,0.435,0.104,0.533
vehicle.csv,RandomUnderSampler,EasyEnsembleClassifier,4.374,,,,,,,,,,,0.49,0.07,0.541,0.077,0.615,0.082,0.44,0.101,0.532
connect-4_seed_4_nrows_2000_nclasses_10_ncols_100_stratify_True.csv,TomekLinks,GradientBoostingClassifier,1.976,,,,,,,,,,,0.538,0.071,0.444,0.027,0.662,0.026,0.332,0.061,0.532
GesturePhaseSegmentationProcessed.csv,SMOTETomek,BalancedBaggingClassifier,18.71,,,,,,,,,,,0.515,0.023,0.556,0.028,0.591,0.021,0.428,0.03,0.532
okcupid-stem_seed_3_nrows_2000_nclasses_10_ncols_100_stratify_True_clean_subset.csv,SMOTETomek,EasyEnsembleClassifier,71.381,,,,,,,,,,,0.504,0.037,0.54,0.046,0.623,0.025,0.219,0.051,0.532
vehicle.csv,RandomUnderSampler,AdaBoostClassifier,0.262,,,,,,,,,,,0.49,0.07,0.541,0.077,0.615,0.082,0.44,0.101,0.532
thyroid-dis.csv,TomekLinks,BalancedRandomForestClassifier,1.039,,,,,,,,,,,0.42,0.022,0.631,0.074,0.584,0.025,0.382,0.037,0.532
vehicle.csv,RandomUnderSampler,RUSBoostClassifier,0.601,,,,,,,,,,,0.49,0.07,0.541,0.077,0.615,0.082,0.44,0.101,0.532
thyroid-dis.csv,SMOTE,GradientBoostingClassifier,19.792,,,,,,,,,,,0.433,0.02,0.549,0.059,0.644,0.021,0.42,0.032,0.532
okcupid-stem_seed_3_nrows_2000_nclasses_10_ncols_100_stratify_True_clean_subset.csv,RandomOverSampler,BaggingClassifier,1.899,,,,,,,,,,,0.489,0.046,0.515,0.051,0.647,0.032,0.22,0.072,0.531
texture.csv,SMOTETomek,EasyEnsembleClassifier,39.136,,,,,,,,,,,0.555,0.109,0.535,0.083,0.524,0.102,0.506,0.099,0.531
texture.csv,SMOTE,RUSBoostClassifier,4.49,,,,,,,,,,,0.555,0.109,0.534,0.083,0.524,0.102,0.506,0.099,0.531
texture.csv,SMOTE,EasyEnsembleClassifier,38.018,,,,,,,,,,,0.555,0.109,0.534,0.083,0.524,0.102,0.506,0.099,0.531
texture.csv,SMOTE,AdaBoostClassifier,5.179,,,,,,,,,,,0.555,0.109,0.534,0.083,0.524,0.102,0.506,0.099,0.531
texture.csv,SMOTETomek,RUSBoostClassifier,5.097,,,,,,,,,,,0.555,0.109,0.534,0.083,0.524,0.102,0.506,0.099,0.531
QSAR_Bioconcentration_classification.csv,ADASYN,AdaBoostClassifier,4.281,,,,,,,,,,,0.526,0.081,0.541,0.07,0.614,0.058,0.32,0.097,0.531
wine-quality-red.csv,RandomOverSampler,RandomForestClassifier,1.571,,,,,,,,,,,0.391,0.072,0.379,0.049,0.683,0.037,0.519,0.06,0.531
product_sentiment_machine_hack_subset.csv,RandomOverSampler,RUSBoostClassifier,14.873,,,,,,,,,,,0.469,0.043,0.496,0.07,0.655,0.121,0.431,0.104,0.531
wine_quality_red.csv,RandomOverSampler,RandomForestClassifier,1.533,,,,,,,,,,,0.391,0.072,0.379,0.049,0.683,0.037,0.519,0.06,0.531
Midwest_survey_clean_subset.csv,RandomUnderSampler,BalancedRandomForestClassifier,1.174,,,,,,,,,,,0.514,0.044,0.534,0.053,0.583,0.039,0.481,0.045,0.531
car_subset.csv,EditedNearestNeighbours,BalancedRandomForestClassifier,1.04,,,,,,,,,,,0.379,0.025,0.522,0.036,0.683,0.032,0.376,0.05,0.531
CPMP-2015-classification.csv,RandomUnderSampler,RandomForestClassifier,0.754,,,,,,,,,,,0.524,0.099,0.524,0.091,0.618,0.065,0.4,0.099,0.531
first-order-theorem-proving .csv,TomekLinks,RandomForestClassifier,5.025,,,,,,,,,,,0.528,0.023,0.5,0.022,0.599,0.018,0.473,0.024,0.53
GesturePhaseSegmentationProcessed.csv,ADASYN,BalancedBaggingClassifier,16.653,,,,,,,,,,,0.513,0.018,0.562,0.021,0.584,0.018,0.426,0.024,0.53
QSAR_Bioconcentration_classification.csv,TomekLinks,EasyEnsembleClassifier,4.783,,,,,,,,,,,0.515,0.049,0.553,0.069,0.611,0.044,0.312,0.078,0.53
thyroid-dis.csv,SMOTETomek,RandomForestClassifier,3.785,,,,,,,,,,,0.446,0.026,0.519,0.061,0.653,0.024,0.421,0.043,0.53
CPMP-2015-classification.csv,SMOTETomek,RandomForestClassifier,1.656,,,,,,,,,,,0.514,0.087,0.5,0.059,0.631,0.055,0.417,0.09,0.53
CPMP-2015-classification.csv,RandomUnderSampler,BalancedRandomForestClassifier,1.279,,,,,,,,,,,0.522,0.078,0.522,0.07,0.618,0.057,0.399,0.085,0.53
yeast.csv,RandomOverSampler,GradientBoostingClassifier,9.866,,,,,,,,,,,0.52,0.074,0.539,0.08,0.578,0.04,0.465,0.051,0.53
thyroid-dis.csv,SMOTE,BalancedRandomForestClassifier,5.02,,,,,,,,,,,0.45,0.036,0.516,0.067,0.654,0.024,0.419,0.043,0.53
okcupid-stem_seed_3_nrows_2000_nclasses_10_ncols_100_stratify_True_clean_subset.csv,TomekLinks,BaggingClassifier,1.272,,,,,,,,,,,0.522,0.077,0.449,0.044,0.65,0.024,0.189,0.071,0.529
energy-efficiency.csv,TomekLinks,GradientBoostingClassifier,8.188,,,,,,,,,,,0.447,0.075,0.461,0.078,0.586,0.052,0.58,0.059,0.529
mabbob_ela_as_5d_classify.csv,RandomOverSampler,RandomForestClassifier,8.748,,,,,,,,,,,0.564,0.155,0.463,0.133,0.625,0.033,0.247,0.073,0.529
eucalyptus.csv,TomekLinks,BalancedRandomForestClassifier,0.952,,,,,,,,,,,0.553,0.073,0.531,0.102,0.581,0.07,0.404,0.11,0.529
okcupid-stem_seed_3_nrows_2000_nclasses_10_ncols_100_stratify_True_clean_subset.csv,ADASYN,EasyEnsembleClassifier,47.132,,,,,,,,,,,0.5,0.035,0.531,0.054,0.621,0.028,0.21,0.064,0.529
thyroid-dis.csv,SMOTE,RandomForestClassifier,3.353,,,,,,,,,,,0.448,0.034,0.511,0.06,0.655,0.026,0.42,0.044,0.529
eucalyptus.csv,SMOTETomek,BalancedBaggingClassifier,0.968,,,,,,,,,,,0.56,0.089,0.503,0.089,0.592,0.067,0.407,0.108,0.528
okcupid-stem_seed_3_nrows_2000_nclasses_10_ncols_100_stratify_True_clean_subset.csv,SMOTE,AdaBoostClassifier,4.915,,,,,,,,,,,0.497,0.032,0.529,0.05,0.623,0.023,0.209,0.052,0.528
okcupid-stem_seed_3_nrows_2000_nclasses_10_ncols_100_stratify_True_clean_subset.csv,SMOTE,RUSBoostClassifier,6.014,,,,,,,,,,,0.497,0.032,0.529,0.05,0.623,0.023,0.209,0.052,0.528
car_subset.csv,EditedNearestNeighbours,AdaBoostClassifier,0.418,,,,,,,,,,,0.489,0.11,0.485,0.076,0.664,0.032,0.349,0.108,0.528
connect-4_seed_4_nrows_2000_nclasses_10_ncols_100_stratify_True.csv,RandomOverSampler,BaggingClassifier,0.439,,,,,,,,,,,0.494,0.044,0.496,0.045,0.658,0.032,0.316,0.067,0.528
okcupid-stem_seed_3_nrows_2000_nclasses_10_ncols_100_stratify_True_clean_subset.csv,RandomOverSampler,BalancedBaggingClassifier,3.199,,,,,,,,,,,0.487,0.043,0.511,0.052,0.642,0.029,0.21,0.062,0.528
connect-4_seed_4_nrows_2000_nclasses_10_ncols_100_stratify_True.csv,TomekLinks,BalancedRandomForestClassifier,1.366,,,,,,,,,,,0.498,0.032,0.526,0.043,0.637,0.032,0.314,0.058,0.528
thyroid-dis.csv,SMOTETomek,BalancedRandomForestClassifier,5.177,,,,,,,,,,,0.443,0.032,0.51,0.06,0.654,0.025,0.421,0.044,0.528
contraceptive.csv,SMOTETomek,GradientBoostingClassifier,1.565,,,,,,,,,,,0.555,0.028,0.556,0.03,0.568,0.025,0.338,0.04,0.528
okcupid-stem_seed_3_nrows_2000_nclasses_10_ncols_100_stratify_True_clean_subset.csv,SMOTE,EasyEnsembleClassifier,47.611,,,,,,,,,,,0.497,0.032,0.529,0.05,0.623,0.023,0.209,0.052,0.528
thyroid-dis.csv,ADASYN,RandomForestClassifier,3.905,,,,,,,,,,,0.443,0.032,0.513,0.062,0.652,0.025,0.418,0.045,0.527
CPMP-2015-classification.csv,TomekLinks,BalancedRandomForestClassifier,1.183,,,,,,,,,,,0.512,0.086,0.504,0.069,0.626,0.052,0.406,0.087,0.527
JapaneseVowels.csv,EditedNearestNeighbours,BalancedBaggingClassifier,0.777,,,,,,,,,,,0.538,0.052,0.522,0.058,0.555,0.058,0.488,0.07,0.527
texture.csv,TomekLinks,RUSBoostClassifier,1.329,,,,,,,,,,,0.53,0.104,0.519,0.082,0.528,0.074,0.525,0.077,0.526
mfeat-morphological.csv,EditedNearestNeighbours,BalancedBaggingClassifier,0.867,,,,,,,,,,,0.435,0.063,0.524,0.059,0.55,0.054,0.57,0.06,0.526
Midwest_survey_clean_subset.csv,RandomUnderSampler,RandomForestClassifier,0.847,,,,,,,,,,,0.506,0.056,0.528,0.06,0.578,0.046,0.478,0.053,0.526
texture.csv,SMOTETomek,AdaBoostClassifier,4.536,,,,,,,,,,,0.553,0.108,0.532,0.082,0.516,0.103,0.499,0.097,0.526
thyroid-dis.csv,ADASYN,BalancedRandomForestClassifier,4.858,,,,,,,,,,,0.441,0.028,0.515,0.057,0.65,0.024,0.417,0.04,0.526
contraceptive.csv,RandomOverSampler,GradientBoostingClassifier,1.285,,,,,,,,,,,0.554,0.03,0.556,0.032,0.561,0.029,0.335,0.045,0.525
wine-quality-red.csv,SMOTE,RandomForestClassifier,2.467,,,,,,,,,,,0.387,0.038,0.418,0.053,0.674,0.033,0.497,0.05,0.525
Cervical_Cancer_Risk_Factors_clean.csv,EditedNearestNeighbours,BalancedBaggingClassifier,0.304,,,,,,,,,,,0.173,0.007,0.165,0.07,0.674,0.062,-0.048,0.065,0.525
GesturePhaseSegmentationProcessed.csv,TomekLinks,BaggingClassifier,4.153,,,,,,,,,,,0.543,0.024,0.493,0.022,0.6,0.017,0.423,0.026,0.525
QSAR_Bioconcentration_classification.csv,RandomUnderSampler,RandomForestClassifier,0.803,,,,,,,,,,,0.517,0.057,0.557,0.071,0.593,0.05,0.295,0.09,0.525
eucalyptus.csv,SMOTE,BalancedBaggingClassifier,0.896,,,,,,,,,,,0.551,0.102,0.508,0.097,0.59,0.075,0.403,0.11,0.525
wine_quality_red.csv,SMOTE,RandomForestClassifier,2.468,,,,,,,,,,,0.387,0.038,0.418,0.053,0.674,0.033,0.497,0.05,0.525
connect-4_seed_4_nrows_2000_nclasses_10_ncols_100_stratify_True.csv,TomekLinks,RandomForestClassifier,1.16,,,,,,,,,,,0.566,0.108,0.42,0.028,0.634,0.026,0.282,0.058,0.524
okcupid-stem_seed_3_nrows_2000_nclasses_10_ncols_100_stratify_True_clean_subset.csv,SMOTETomek,RUSBoostClassifier,6.568,,,,,,,,,,,0.492,0.043,0.532,0.061,0.614,0.033,0.207,0.07,0.524
wine-quality-red.csv,SMOTE,BalancedRandomForestClassifier,3.409,,,,,,,,,,,0.384,0.04,0.42,0.057,0.67,0.031,0.493,0.047,0.523
air-quality-and-pollution-assessment_subset.csv,ADASYN,RUSBoostClassifier,0.697,,,,,,,,,,,0.608,0.135,0.574,0.054,0.419,0.068,0.411,0.063,0.523
okcupid-stem_seed_3_nrows_2000_nclasses_10_ncols_100_stratify_True_clean_subset.csv,ADASYN,RUSBoostClassifier,5.888,,,,,,,,,,,0.493,0.03,0.519,0.053,0.617,0.026,0.197,0.061,0.523
air-quality-and-pollution-assessment_subset.csv,SMOTETomek,AdaBoostClassifier,0.574,,,,,,,,,,,0.589,0.131,0.59,0.056,0.418,0.069,0.423,0.061,0.523
wine_quality_red.csv,SMOTE,BalancedRandomForestClassifier,3.463,,,,,,,,,,,0.384,0.04,0.42,0.057,0.67,0.031,0.493,0.047,0.523
okcupid-stem_seed_3_nrows_2000_nclasses_10_ncols_100_stratify_True_clean_subset.csv,SMOTETomek,AdaBoostClassifier,5.671,,,,,,,,,,,0.493,0.031,0.525,0.044,0.612,0.029,0.198,0.051,0.522
first-order-theorem-proving .csv,RandomOverSampler,BalancedBaggingClassifier,8.376,,,,,,,,,,,0.501,0.021,0.507,0.021,0.594,0.016,0.461,0.021,0.522
air-quality-and-pollution-assessment_subset.csv,EditedNearestNeighbours,AdaBoostClassifier,0.416,,,,,,,,,,,0.575,0.11,0.601,0.05,0.422,0.082,0.416,0.07,0.522
first-order-theorem-proving .csv,SMOTE,BaggingClassifier,13.197,,,,,,,,,,,0.498,0.023,0.509,0.023,0.594,0.018,0.462,0.024,0.522
QSAR_Bioconcentration_classification.csv,RandomUnderSampler,BalancedRandomForestClassifier,1.05,,,,,,,,,,,0.514,0.062,0.554,0.071,0.587,0.059,0.284,0.092,0.522
QSAR_Bioconcentration_classification.csv,EditedNearestNeighbours,BaggingClassifier,0.556,,,,,,,,,,,0.545,0.075,0.507,0.069,0.6,0.061,0.289,0.111,0.522
first-order-theorem-proving .csv,RandomOverSampler,BaggingClassifier,6.717,,,,,,,,,,,0.501,0.022,0.508,0.022,0.594,0.019,0.462,0.024,0.522
contraceptive.csv,SMOTE,GradientBoostingClassifier,1.944,,,,,,,,,,,0.55,0.035,0.548,0.038,0.563,0.032,0.328,0.051,0.522
eucalyptus.csv,SMOTE,BaggingClassifier,0.777,,,,,,,,,,,0.554,0.081,0.507,0.083,0.583,0.066,0.393,0.095,0.522
okcupid-stem_seed_3_nrows_2000_nclasses_10_ncols_100_stratify_True_clean_subset.csv,ADASYN,AdaBoostClassifier,613.941,,,,,,,,,,,0.493,0.04,0.524,0.063,0.613,0.035,0.198,0.074,0.522
okcupid-stem_seed_3_nrows_2000_nclasses_10_ncols_100_stratify_True_clean_subset.csv,TomekLinks,BalancedBaggingClassifier,0.81,,,,,,,,,,,0.477,0.032,0.568,0.052,0.591,0.033,0.238,0.062,0.521
mabbob_ela_as_5d_classify.csv,TomekLinks,RandomForestClassifier,1.185,,,,,,,,,,,0.601,0.143,0.388,0.122,0.6,0.033,0.245,0.075,0.521
mabbob_ela_as_5d_classify.csv,RandomOverSampler,BalancedRandomForestClassifier,12.119,,,,,,,,,,,0.547,0.148,0.456,0.126,0.622,0.031,0.241,0.072,0.521
synthetic_control.csv,TomekLinks,AdaBoostClassifier,0.43,,,,,,,,,,,0.393,0.059,0.536,0.098,0.56,0.077,0.55,0.102,0.521
dermatology.csv,RandomUnderSampler,EasyEnsembleClassifier,1.995,,,,,,,,,,,0.438,0.117,0.522,0.105,0.534,0.133,0.568,0.134,0.521
connect-4_seed_4_nrows_2000_nclasses_10_ncols_100_stratify_True.csv,ADASYN,BalancedBaggingClassifier,0.743,,,,,,,,,,,0.487,0.03,0.503,0.034,0.639,0.028,0.303,0.049,0.52
shuttle.csv,RandomUnderSampler,AdaBoostClassifier,0.193,,,,,,,,,,,0.502,0.167,0.561,0.194,0.587,0.204,0.296,0.185,0.52
first-order-theorem-proving .csv,SMOTE,BalancedBaggingClassifier,14.615,,,,,,,,,,,0.496,0.022,0.507,0.021,0.594,0.018,0.461,0.024,0.52
QSAR_Bioconcentration_classification.csv,EditedNearestNeighbours,BalancedRandomForestClassifier,1.126,,,,,,,,,,,0.516,0.059,0.522,0.07,0.607,0.053,0.288,0.093,0.52
first-order-theorem-proving .csv,ADASYN,BalancedBaggingClassifier,15.71,,,,,,,,,,,0.494,0.02,0.507,0.022,0.593,0.017,0.461,0.022,0.52
eucalyptus.csv,TomekLinks,GradientBoostingClassifier,3.039,,,,,,,,,,,0.552,0.122,0.473,0.086,0.59,0.065,0.419,0.092,0.52
first-order-theorem-proving .csv,SMOTETomek,BaggingClassifier,13.385,,,,,,,,,,,0.495,0.023,0.507,0.023,0.593,0.02,0.46,0.027,0.52
first-order-theorem-proving .csv,ADASYN,BaggingClassifier,12.103,,,,,,,,,,,0.496,0.021,0.509,0.023,0.593,0.017,0.46,0.023,0.52
eucalyptus_subset.csv,SMOTETomek,EasyEnsembleClassifier,4.603,,,,,,,,,,,0.553,0.047,0.56,0.048,0.539,0.043,0.332,0.058,0.519
Estimation_of_Obesity_Levels.csv,EditedNearestNeighbours,EasyEnsembleClassifier,2.233,,,,,,,,,,,0.534,0.106,0.541,0.07,0.54,0.066,0.447,0.065,0.519
eucalyptus.csv,ADASYN,BalancedBaggingClassifier,0.909,,,,,,,,,,,0.542,0.1,0.504,0.088,0.584,0.069,0.397,0.101,0.519
yeast.csv,EditedNearestNeighbours,RandomForestClassifier,1.068,,,,,,,,,,,0.497,0.066,0.517,0.063,0.574,0.041,0.475,0.056,0.519
eucalyptus_subset.csv,RandomOverSampler,AdaBoostClassifier,0.438,,,,,,,,,,,0.521,0.039,0.562,0.059,0.564,0.05,0.343,0.067,0.519
eucalyptus_subset.csv,RandomOverSampler,EasyEnsembleClassifier,4.577,,,,,,,,,,,0.521,0.039,0.562,0.059,0.564,0.05,0.343,0.067,0.519
eucalyptus_subset.csv,RandomOverSampler,RUSBoostClassifier,0.666,,,,,,,,,,,0.521,0.039,0.562,0.059,0.564,0.05,0.343,0.067,0.519
air-quality-and-pollution-assessment_subset.csv,SMOTETomek,EasyEnsembleClassifier,4.844,,,,,,,,,,,0.584,0.139,0.59,0.05,0.403,0.038,0.423,0.05,0.519
GesturePhaseSegmentationProcessed.csv,TomekLinks,GradientBoostingClassifier,81.27,,,,,,,,,,,0.579,0.028,0.457,0.019,0.578,0.015,0.405,0.023,0.519
steel-plates-fault_subset.csv,TomekLinks,AdaBoostClassifier,0.467,,,,,,,,,,,0.594,0.095,0.481,0.063,0.534,0.041,0.429,0.044,0.519
connect-4_seed_4_nrows_2000_nclasses_10_ncols_100_stratify_True.csv,ADASYN,BaggingClassifier,0.569,,,,,,,,,,,0.486,0.032,0.5,0.035,0.639,0.025,0.297,0.047,0.519
connect-4_seed_4_nrows_2000_nclasses_10_ncols_100_stratify_True.csv,RandomOverSampler,BalancedBaggingClassifier,0.671,,,,,,,,,,,0.483,0.039,0.485,0.04,0.648,0.027,0.295,0.057,0.519
QSAR_Bioconcentration_classification.csv,EditedNearestNeighbours,AdaBoostClassifier,0.829,,,,,,,,,,,0.535,0.072,0.516,0.076,0.594,0.056,0.291,0.092,0.519
wine_quality_white.csv,RandomOverSampler,BalancedBaggingClassifier,2.172,,,,,,,,,,,0.442,0.042,0.424,0.045,0.648,0.02,0.481,0.03,0.518
wine_quality_white.csv,RandomOverSampler,BaggingClassifier,1.575,,,,,,,,,,,0.44,0.033,0.419,0.04,0.649,0.024,0.482,0.035,0.518
connect-4_seed_4_nrows_2000_nclasses_10_ncols_100_stratify_True.csv,SMOTE,BaggingClassifier,0.528,,,,,,,,,,,0.483,0.044,0.497,0.05,0.64,0.036,0.299,0.068,0.518
air-quality-and-pollution-assessment_subset.csv,TomekLinks,AdaBoostClassifier,0.375,,,,,,,,,,,0.546,0.115,0.61,0.053,0.416,0.078,0.434,0.07,0.518
first-order-theorem-proving .csv,SMOTETomek,BalancedBaggingClassifier,16.385,,,,,,,,,,,0.493,0.023,0.504,0.023,0.59,0.019,0.456,0.025,0.517
mabbob_ela_as_5d_classify.csv,TomekLinks,BaggingClassifier,0.822,,,,,,,,,,,0.545,0.147,0.433,0.126,0.627,0.041,0.256,0.092,0.517
allrep.csv,EditedNearestNeighbours,EasyEnsembleClassifier,2.182,,,,,,,,,,,0.271,0.012,0.459,0.093,0.682,0.159,0.134,0.092,0.517
CPMP-2015-classification.csv,EditedNearestNeighbours,GradientBoostingClassifier,1.341,,,,,,,,,,,0.455,0.129,0.497,0.1,0.616,0.077,0.455,0.123,0.517
first-order-theorem-proving .csv,TomekLinks,BalancedRandomForestClassifier,4.302,,,,,,,,,,,0.491,0.019,0.517,0.023,0.584,0.016,0.452,0.021,0.517
mfeat-morphological.csv,EditedNearestNeighbours,RandomForestClassifier,1.003,,,,,,,,,,,0.448,0.067,0.511,0.049,0.535,0.052,0.557,0.049,0.517
led7.csv,EditedNearestNeighbours,EasyEnsembleClassifier,2.626,,,,,,,,,,,0.472,0.067,0.531,0.065,0.538,0.064,0.521,0.068,0.517
steel-plates-fault_subset.csv,RandomUnderSampler,RUSBoostClassifier,0.409,,,,,,,,,,,0.532,0.067,0.577,0.081,0.513,0.073,0.397,0.092,0.516
connect-4_seed_4_nrows_2000_nclasses_10_ncols_100_stratify_True.csv,SMOTE,BalancedBaggingClassifier,0.699,,,,,,,,,,,0.48,0.034,0.496,0.043,0.637,0.027,0.293,0.051,0.516
contraceptive.csv,TomekLinks,GradientBoostingClassifier,1.162,,,,,,,,,,,0.542,0.032,0.542,0.033,0.558,0.028,0.32,0.044,0.516
okcupid-stem_seed_3_nrows_2000_nclasses_10_ncols_100_stratify_True_clean_subset.csv,EditedNearestNeighbours,BalancedRandomForestClassifier,1.204,,,,,,,,,,,0.468,0.042,0.552,0.051,0.596,0.041,0.222,0.063,0.516
mabbob_ela_as_5d_classify.csv,TomekLinks,GradientBoostingClassifier,10.028,,,,,,,,,,,0.551,0.149,0.43,0.125,0.621,0.036,0.264,0.087,0.516
texture.csv,RandomUnderSampler,EasyEnsembleClassifier,9.476,,,,,,,,,,,0.543,0.092,0.53,0.087,0.501,0.095,0.487,0.088,0.516
texture.csv,RandomUnderSampler,RUSBoostClassifier,1.234,,,,,,,,,,,0.543,0.092,0.53,0.087,0.501,0.095,0.487,0.088,0.516
texture.csv,RandomUnderSampler,AdaBoostClassifier,1.074,,,,,,,,,,,0.543,0.092,0.53,0.087,0.501,0.095,0.487,0.088,0.516
CPMP-2015-classification.csv,RandomUnderSampler,BaggingClassifier,0.414,,,,,,,,,,,0.516,0.077,0.521,0.08,0.59,0.065,0.373,0.089,0.516
yeast.csv,TomekLinks,BalancedRandomForestClassifier,1.128,,,,,,,,,,,0.492,0.068,0.548,0.07,0.558,0.043,0.447,0.052,0.516
first-order-theorem-proving .csv,TomekLinks,BaggingClassifier,3.3,,,,,,,,,,,0.504,0.022,0.488,0.022,0.589,0.018,0.457,0.024,0.515
steel-plates-fault_subset.csv,RandomUnderSampler,AdaBoostClassifier,0.301,,,,,,,,,,,0.532,0.068,0.576,0.081,0.512,0.074,0.396,0.092,0.515
steel-plates-fault_subset.csv,RandomUnderSampler,EasyEnsembleClassifier,2.864,,,,,,,,,,,0.532,0.068,0.576,0.081,0.512,0.074,0.397,0.092,0.515
eucalyptus.csv,TomekLinks,BaggingClassifier,0.561,,,,,,,,,,,0.548,0.112,0.477,0.088,0.584,0.072,0.402,0.106,0.515
eucalyptus.csv,SMOTETomek,EasyEnsembleClassifier,7.972,,,,,,,,,,,0.553,0.095,0.499,0.105,0.571,0.073,0.383,0.112,0.515
contraceptive.csv,SMOTETomek,EasyEnsembleClassifier,3.398,,,,,,,,,,,0.544,0.033,0.542,0.037,0.552,0.033,0.316,0.052,0.514
eucalyptus.csv,TomekLinks,RandomForestClassifier,1.177,,,,,,,,,,,0.575,0.116,0.437,0.073,0.573,0.06,0.412,0.09,0.514
eucalyptus.csv,SMOTETomek,BaggingClassifier,0.728,,,,,,,,,,,0.545,0.093,0.491,0.085,0.58,0.069,0.386,0.108,0.514
okcupid-stem_seed_3_nrows_2000_nclasses_10_ncols_100_stratify_True_clean_subset.csv,TomekLinks,EasyEnsembleClassifier,5.095,,,,,,,,,,,0.483,0.039,0.589,0.06,0.55,0.042,0.251,0.072,0.514
QSAR_Bioconcentration_classification.csv,EditedNearestNeighbours,BalancedBaggingClassifier,0.575,,,,,,,,,,,0.503,0.058,0.534,0.083,0.591,0.068,0.286,0.101,0.514
car_evaluation.csv,EditedNearestNeighbours,EasyEnsembleClassifier,2.238,,,,,,,,,,,0.431,0.041,0.609,0.08,0.557,0.058,0.324,0.072,0.513
GesturePhaseSegmentationProcessed.csv,SMOTETomek,GradientBoostingClassifier,237.896,,,,,,,,,,,0.497,0.015,0.558,0.019,0.554,0.017,0.404,0.022,0.513
product_sentiment_machine_hack_subset.csv,SMOTETomek,AdaBoostClassifier,11.987,,,,,,,,,,,0.431,0.095,0.489,0.071,0.626,0.165,0.449,0.136,0.513
eucalyptus_subset.csv,TomekLinks,AdaBoostClassifier,0.312,,,,,,,,,,,0.546,0.084,0.475,0.045,0.589,0.031,0.355,0.058,0.512
contraceptive.csv,RandomUnderSampler,GradientBoostingClassifier,0.9,,,,,,,,,,,0.542,0.034,0.544,0.037,0.546,0.035,0.316,0.053,0.512
car_subset.csv,EditedNearestNeighbours,BalancedBaggingClassifier,0.45,,,,,,,,,,,0.371,0.039,0.504,0.066,0.66,0.052,0.343,0.085,0.512
contraceptive.csv,SMOTETomek,RUSBoostClassifier,0.471,,,,,,,,,,,0.54,0.038,0.538,0.04,0.548,0.037,0.309,0.057,0.511
contraceptive.csv,TomekLinks,AdaBoostClassifier,0.303,,,,,,,,,,,0.539,0.043,0.536,0.045,0.553,0.038,0.312,0.061,0.511
agriculture_dataset_karnataka_clean_subset.csv,ADASYN,EasyEnsembleClassifier,5.671,,,,,,,,,,,0.541,0.055,0.519,0.049,0.565,0.047,0.274,0.074,0.511
mabbob_ela_as_5d_classify.csv,RandomOverSampler,GradientBoostingClassifier,78.671,,,,,,,,,,,0.494,0.134,0.489,0.129,0.622,0.036,0.275,0.069,0.511
GesturePhaseSegmentationProcessed.csv,SMOTE,GradientBoostingClassifier,247.447,,,,,,,,,,,0.494,0.016,0.554,0.02,0.552,0.017,0.401,0.022,0.51
okcupid-stem_seed_3_nrows_2000_nclasses_10_ncols_100_stratify_True_clean_subset.csv,RandomOverSampler,AdaBoostClassifier,4.579,,,,,,,,,,,0.477,0.036,0.572,0.06,0.557,0.033,0.231,0.067,0.51
contraceptive.csv,SMOTE,AdaBoostClassifier,0.374,,,,,,,,,,,0.539,0.036,0.537,0.04,0.547,0.033,0.309,0.053,0.51
Student_Performance_on_an_Entrance_Examination.csv,SMOTETomek,GradientBoostingClassifier,1.799,,,,,,,,,,,0.54,0.118,0.486,0.055,0.587,0.05,0.329,0.085,0.51
okcupid-stem_seed_3_nrows_2000_nclasses_10_ncols_100_stratify_True_clean_subset.csv,RandomUnderSampler,GradientBoostingClassifier,2.615,,,,,,,,,,,0.482,0.027,0.586,0.044,0.539,0.033,0.244,0.051,0.51
okcupid-stem_seed_3_nrows_2000_nclasses_10_ncols_100_stratify_True_clean_subset.csv,RandomOverSampler,RUSBoostClassifier,5.551,,,,,,,,,,,0.477,0.036,0.572,0.06,0.557,0.033,0.231,0.067,0.51
Midwest_survey_clean_subset.csv,TomekLinks,AdaBoostClassifier,1.07,,,,,,,,,,,0.396,0.144,0.466,0.125,0.568,0.09,0.559,0.103,0.51
contraceptive.csv,SMOTE,RUSBoostClassifier,0.634,,,,,,,,,,,0.539,0.036,0.537,0.04,0.547,0.033,0.309,0.053,0.51
GesturePhaseSegmentationProcessed.csv,ADASYN,GradientBoostingClassifier,220.511,,,,,,,,,,,0.494,0.016,0.557,0.02,0.549,0.018,0.403,0.023,0.51
okcupid-stem_seed_3_nrows_2000_nclasses_10_ncols_100_stratify_True_clean_subset.csv,RandomOverSampler,EasyEnsembleClassifier,44.823,,,,,,,,,,,0.477,0.036,0.572,0.06,0.557,0.033,0.231,0.067,0.51
contraceptive.csv,SMOTE,EasyEnsembleClassifier,3.637,,,,,,,,,,,0.539,0.036,0.537,0.04,0.547,0.033,0.309,0.053,0.51
QSAR_Bioconcentration_classification.csv,EditedNearestNeighbours,GradientBoostingClassifier,2.918,,,,,,,,,,,0.539,0.065,0.498,0.069,0.577,0.052,0.27,0.089,0.509
QSAR_Bioconcentration_classification.csv,RandomUnderSampler,BaggingClassifier,0.485,,,,,,,,,,,0.494,0.06,0.548,0.077,0.57,0.067,0.266,0.102,0.509
air-quality-and-pollution-assessment_subset.csv,EditedNearestNeighbours,EasyEnsembleClassifier,2.42,,,,,,,,,,,0.524,0.098,0.611,0.038,0.4,0.025,0.428,0.045,0.509
eucalyptus_subset.csv,SMOTETomek,AdaBoostClassifier,0.599,,,,,,,,,,,0.526,0.052,0.552,0.056,0.542,0.062,0.32,0.076,0.509
contraceptive.csv,RandomOverSampler,AdaBoostClassifier,0.256,,,,,,,,,,,0.541,0.041,0.537,0.046,0.54,0.042,0.305,0.065,0.508
contraceptive.csv,RandomOverSampler,RUSBoostClassifier,0.401,,,,,,,,,,,0.541,0.041,0.537,0.046,0.54,0.042,0.305,0.065,0.508
contraceptive.csv,SMOTETomek,AdaBoostClassifier,0.463,,,,,,,,,,,0.537,0.03,0.536,0.033,0.545,0.029,0.307,0.045,0.508
wine-quality-red.csv,TomekLinks,RandomForestClassifier,1.091,,,,,,,,,,,0.346,0.025,0.332,0.025,0.665,0.038,0.492,0.063,0.508
wine_quality_red.csv,TomekLinks,RandomForestClassifier,1.106,,,,,,,,,,,0.346,0.025,0.332,0.025,0.665,0.038,0.492,0.063,0.508
contraceptive.csv,RandomOverSampler,EasyEnsembleClassifier,2.776,,,,,,,,,,,0.541,0.041,0.537,0.046,0.54,0.042,0.305,0.065,0.508
eucalyptus_subset.csv,SMOTETomek,RUSBoostClassifier,0.742,,,,,,,,,,,0.534,0.048,0.546,0.051,0.537,0.056,0.316,0.07,0.508
wine-quality-red.csv,RandomOverSampler,BaggingClassifier,0.502,,,,,,,,,,,0.394,0.057,0.396,0.055,0.654,0.035,0.466,0.057,0.507
eucalyptus.csv,ADASYN,BaggingClassifier,0.747,,,,,,,,,,,0.535,0.089,0.49,0.085,0.571,0.068,0.376,0.094,0.507
wine_quality_red.csv,RandomOverSampler,BaggingClassifier,0.497,,,,,,,,,,,0.394,0.057,0.396,0.055,0.654,0.035,0.466,0.057,0.507
wine_quality_red.csv,SMOTETomek,BalancedRandomForestClassifier,3.302,,,,,,,,,,,0.373,0.038,0.408,0.059,0.654,0.032,0.469,0.048,0.507
contraceptive.csv,TomekLinks,EasyEnsembleClassifier,2.579,,,,,,,,,,,0.541,0.031,0.535,0.035,0.54,0.027,0.304,0.046,0.507
wine-quality-red.csv,SMOTETomek,BalancedRandomForestClassifier,5.495,,,,,,,,,,,0.373,0.038,0.408,0.059,0.654,0.032,0.469,0.048,0.507
GesturePhaseSegmentationProcessed.csv,RandomOverSampler,GradientBoostingClassifier,154.139,,,,,,,,,,,0.49,0.016,0.551,0.018,0.549,0.018,0.398,0.022,0.507
connect-4_seed_4_nrows_2000_nclasses_10_ncols_100_stratify_True.csv,SMOTETomek,BaggingClassifier,1.283,,,,,,,,,,,0.47,0.039,0.482,0.045,0.627,0.032,0.275,0.061,0.506
eucalyptus_subset.csv,ADASYN,EasyEnsembleClassifier,4.859,,,,,,,,,,,0.527,0.061,0.54,0.059,0.544,0.041,0.318,0.058,0.506
wine_quality_white.csv,TomekLinks,BaggingClassifier,0.83,,,,,,,,,,,0.491,0.052,0.376,0.037,0.626,0.021,0.443,0.031,0.506
cmc.csv,SMOTE,GradientBoostingClassifier,1.872,,,,,,,,,,,0.477,0.058,0.468,0.051,0.63,0.04,0.259,0.076,0.506
eucalyptus_subset.csv,EditedNearestNeighbours,BalancedBaggingClassifier,0.289,,,,,,,,,,,0.475,0.047,0.532,0.048,0.582,0.04,0.358,0.062,0.505
cmc.csv,ADASYN,AdaBoostClassifier,0.344,,,,,,,,,,,0.477,0.049,0.507,0.058,0.605,0.043,0.272,0.075,0.505
eucalyptus.csv,RandomUnderSampler,RandomForestClassifier,0.732,,,,,,,,,,,0.527,0.066,0.555,0.076,0.512,0.077,0.376,0.084,0.505
thyroid-dis.csv,RandomOverSampler,BaggingClassifier,0.846,,,,,,,,,,,0.462,0.048,0.452,0.044,0.636,0.025,0.364,0.042,0.504
mfeat-morphological.csv,TomekLinks,AdaBoostClassifier,0.271,,,,,,,,,,,0.424,0.102,0.494,0.078,0.532,0.068,0.543,0.069,0.504
wine_quality_red.csv,SMOTETomek,RandomForestClassifier,75.081,,,,,,,,,,,0.375,0.042,0.417,0.062,0.648,0.033,0.463,0.047,0.504
contraceptive.csv,RandomUnderSampler,EasyEnsembleClassifier,2.815,,,,,,,,,,,0.536,0.034,0.532,0.037,0.537,0.033,0.301,0.051,0.504
wine-quality-red.csv,SMOTETomek,RandomForestClassifier,2.466,,,,,,,,,,,0.375,0.042,0.417,0.062,0.648,0.033,0.463,0.047,0.504
okcupid-stem_seed_3_nrows_2000_nclasses_10_ncols_100_stratify_True_clean_subset.csv,EditedNearestNeighbours,GradientBoostingClassifier,3.788,,,,,,,,,,,0.433,0.107,0.491,0.038,0.625,0.015,0.199,0.05,0.504
contraceptive.csv,RandomUnderSampler,RUSBoostClassifier,0.351,,,,,,,,,,,0.536,0.034,0.532,0.037,0.537,0.033,0.301,0.051,0.504
contraceptive.csv,RandomUnderSampler,AdaBoostClassifier,0.226,,,,,,,,,,,0.536,0.034,0.532,0.037,0.537,0.033,0.301,0.051,0.504
product_sentiment_machine_hack_subset.csv,RandomUnderSampler,BalancedRandomForestClassifier,1.116,,,,,,,,,,,0.478,0.033,0.474,0.101,0.615,0.051,0.364,0.057,0.503
thyroid-dis.csv,TomekLinks,AdaBoostClassifier,0.422,,,,,,,,,,,0.525,0.072,0.404,0.063,0.619,0.036,0.331,0.066,0.503
cmc.csv,SMOTE,EasyEnsembleClassifier,3.636,,,,,,,,,,,0.477,0.047,0.505,0.061,0.602,0.046,0.27,0.079,0.503
product_sentiment_machine_hack_subset.csv,RandomUnderSampler,BaggingClassifier,0.568,,,,,,,,,,,0.48,0.034,0.485,0.102,0.607,0.055,0.364,0.065,0.503
yeast.csv,TomekLinks,BaggingClassifier,0.39,,,,,,,,,,,0.485,0.074,0.469,0.073,0.575,0.046,0.462,0.06,0.503
cmc.csv,SMOTE,AdaBoostClassifier,0.359,,,,,,,,,,,0.477,0.047,0.505,0.061,0.602,0.046,0.27,0.079,0.503
cmc.csv,SMOTE,RUSBoostClassifier,0.594,,,,,,,,,,,0.477,0.047,0.505,0.061,0.602,0.046,0.27,0.079,0.503
Student_Performance_on_an_Entrance_Examination.csv,ADASYN,GradientBoostingClassifier,1.807,,,,,,,,,,,0.527,0.11,0.479,0.068,0.584,0.056,0.322,0.1,0.503
anneal.csv,EditedNearestNeighbours,RUSBoostClassifier,0.094,,,,,,,,,,,0.332,0.097,0.409,0.075,0.691,0.093,0.34,0.183,0.502
contraceptive.csv,EditedNearestNeighbours,BalancedRandomForestClassifier,0.827,,,,,,,,,,,0.547,0.037,0.536,0.035,0.516,0.027,0.309,0.049,0.502
cmc.csv,ADASYN,RUSBoostClassifier,0.629,,,,,,,,,,,0.474,0.045,0.498,0.054,0.605,0.039,0.267,0.071,0.502
eucalyptus_subset.csv,SMOTE,AdaBoostClassifier,0.509,,,,,,,,,,,0.529,0.046,0.539,0.055,0.532,0.055,0.311,0.068,0.502
eucalyptus_subset.csv,SMOTE,EasyEnsembleClassifier,5.181,,,,,,,,,,,0.529,0.046,0.539,0.055,0.532,0.055,0.311,0.068,0.502
eucalyptus_subset.csv,SMOTE,RUSBoostClassifier,0.691,,,,,,,,,,,0.529,0.046,0.539,0.055,0.532,0.055,0.311,0.068,0.502
eucalyptus.csv,RandomUnderSampler,BalancedRandomForestClassifier,1.187,,,,,,,,,,,0.531,0.057,0.548,0.069,0.509,0.064,0.367,0.078,0.502
cmc.csv,TomekLinks,GradientBoostingClassifier,0.932,,,,,,,,,,,0.487,0.105,0.447,0.054,0.624,0.044,0.241,0.099,0.502
thyroid-dis.csv,RandomOverSampler,BalancedBaggingClassifier,1.057,,,,,,,,,,,0.461,0.058,0.45,0.051,0.634,0.026,0.36,0.045,0.502
QSAR_Bioconcentration_classification.csv,RandomUnderSampler,AdaBoostClassifier,0.556,,,,,,,,,,,0.489,0.044,0.53,0.056,0.571,0.051,0.262,0.081,0.502
eucalyptus.csv,SMOTETomek,AdaBoostClassifier,0.9,,,,,,,,,,,0.545,0.1,0.49,0.103,0.549,0.061,0.365,0.102,0.502
cmc.csv,ADASYN,EasyEnsembleClassifier,3.322,,,,,,,,,,,0.474,0.044,0.5,0.057,0.603,0.038,0.268,0.068,0.502
texture.csv,EditedNearestNeighbours,RUSBoostClassifier,1.2,,,,,,,,,,,0.5,0.117,0.505,0.095,0.506,0.092,0.495,0.08,0.502
cmc.csv,SMOTETomek,RUSBoostClassifier,0.571,,,,,,,,,,,0.474,0.052,0.5,0.063,0.602,0.046,0.265,0.08,0.501
QSAR_Bioconcentration_classification.csv,RandomUnderSampler,RUSBoostClassifier,0.79,,,,,,,,,,,0.487,0.044,0.53,0.057,0.57,0.053,0.261,0.082,0.501
okcupid-stem_seed_3_nrows_2000_nclasses_10_ncols_100_stratify_True_clean_subset.csv,RandomUnderSampler,RandomForestClassifier,0.944,,,,,,,,,,,0.473,0.035,0.586,0.058,0.516,0.035,0.235,0.067,0.501
QSAR_Bioconcentration_classification.csv,RandomUnderSampler,GradientBoostingClassifier,1.706,,,,,,,,,,,0.488,0.052,0.538,0.069,0.561,0.058,0.26,0.086,0.501
Student_Performance_on_an_Entrance_Examination.csv,SMOTE,GradientBoostingClassifier,1.738,,,,,,,,,,,0.52,0.104,0.482,0.069,0.583,0.057,0.319,0.101,0.501
wine_quality_red.csv,RandomOverSampler,BalancedBaggingClassifier,0.72,,,,,,,,,,,0.388,0.067,0.393,0.054,0.648,0.036,0.459,0.056,0.501
wine-quality-red.csv,RandomOverSampler,BalancedBaggingClassifier,0.684,,,,,,,,,,,0.388,0.067,0.393,0.054,0.648,0.036,0.459,0.056,0.501
okcupid-stem_seed_3_nrows_2000_nclasses_10_ncols_100_stratify_True_clean_subset.csv,EditedNearestNeighbours,RandomForestClassifier,1.1,,,,,,,,,,,0.433,0.073,0.46,0.041,0.641,0.016,0.219,0.062,0.501
QSAR_Bioconcentration_classification.csv,RandomUnderSampler,EasyEnsembleClassifier,4.711,,,,,,,,,,,0.488,0.044,0.53,0.057,0.57,0.052,0.261,0.081,0.501
eucalyptus.csv,RandomOverSampler,BalancedBaggingClassifier,0.781,,,,,,,,,,,0.519,0.109,0.496,0.096,0.564,0.079,0.371,0.111,0.501
cmc.csv,SMOTETomek,EasyEnsembleClassifier,3.275,,,,,,,,,,,0.473,0.043,0.498,0.055,0.602,0.042,0.264,0.071,0.5
yeast.csv,RandomOverSampler,BaggingClassifier,0.389,,,,,,,,,,,0.489,0.072,0.496,0.075,0.556,0.036,0.436,0.045,0.499
wine_quality_red.csv,SMOTE,BalancedBaggingClassifier,1.143,,,,,,,,,,,0.374,0.043,0.413,0.074,0.644,0.032,0.449,0.047,0.499
connect-4_seed_4_nrows_2000_nclasses_10_ncols_100_stratify_True.csv,TomekLinks,BaggingClassifier,0.475,,,,,,,,,,,0.472,0.06,0.438,0.034,0.63,0.031,0.239,0.066,0.499
okcupid-stem_seed_3_nrows_2000_nclasses_10_ncols_100_stratify_True_clean_subset.csv,RandomUnderSampler,BalancedRandomForestClassifier,1.214,,,,,,,,,,,0.474,0.035,0.585,0.059,0.513,0.041,0.237,0.064,0.499
yeast.csv,RandomOverSampler,BalancedBaggingClassifier,0.543,,,,,,,,,,,0.494,0.08,0.497,0.078,0.554,0.041,0.432,0.052,0.499
wine-quality-red.csv,SMOTE,BalancedBaggingClassifier,1.117,,,,,,,,,,,0.374,0.043,0.413,0.074,0.644,0.032,0.449,0.047,0.499
air-quality-and-pollution-assessment_subset.csv,TomekLinks,EasyEnsembleClassifier,3.059,,,,,,,,,,,0.482,0.069,0.616,0.036,0.393,0.022,0.425,0.044,0.498
cmc.csv,SMOTETomek,GradientBoostingClassifier,1.975,,,,,,,,,,,0.465,0.06,0.46,0.055,0.623,0.042,0.245,0.08,0.498
okcupid-stem_seed_3_nrows_2000_nclasses_10_ncols_100_stratify_True_clean_subset.csv,RandomUnderSampler,BalancedBaggingClassifier,0.591,,,,,,,,,,,0.464,0.033,0.568,0.054,0.534,0.042,0.222,0.065,0.498
connect-4_seed_4_nrows_2000_nclasses_10_ncols_100_stratify_True.csv,SMOTETomek,BalancedBaggingClassifier,1.427,,,,,,,,,,,0.459,0.034,0.473,0.041,0.62,0.03,0.263,0.057,0.498
cmc.csv,ADASYN,GradientBoostingClassifier,1.911,,,,,,,,,,,0.465,0.065,0.458,0.056,0.623,0.041,0.243,0.08,0.498
product_sentiment_machine_hack_subset.csv,RandomUnderSampler,BalancedBaggingClassifier,0.49,,,,,,,,,,,0.474,0.032,0.483,0.09,0.6,0.042,0.351,0.043,0.498
product_sentiment_machine_hack_subset.csv,EditedNearestNeighbours,RandomForestClassifier,1.373,,,,,,,,,,,0.373,0.078,0.357,0.068,0.662,0.124,0.44,0.221,0.498
product_sentiment_machine_hack_subset.csv,RandomUnderSampler,GradientBoostingClassifier,1.354,,,,,,,,,,,0.483,0.026,0.499,0.085,0.582,0.061,0.349,0.052,0.497
thyroid-dis.csv,RandomOverSampler,RUSBoostClassifier,1.149,,,,,,,,,,,0.405,0.032,0.584,0.069,0.551,0.041,0.327,0.043,0.497
agriculture_dataset_karnataka_clean_subset.csv,SMOTE,RUSBoostClassifier,0.744,,,,,,,,,,,0.526,0.061,0.508,0.051,0.544,0.054,0.246,0.077,0.497
thyroid-dis.csv,RandomOverSampler,EasyEnsembleClassifier,7.366,,,,,,,,,,,0.405,0.032,0.584,0.069,0.551,0.041,0.327,0.043,0.497
cmc.csv,SMOTETomek,AdaBoostClassifier,0.393,,,,,,,,,,,0.469,0.049,0.497,0.062,0.596,0.043,0.259,0.077,0.497
agriculture_dataset_karnataka_clean_subset.csv,SMOTE,AdaBoostClassifier,0.58,,,,,,,,,,,0.526,0.061,0.508,0.051,0.544,0.054,0.246,0.077,0.497
agriculture_dataset_karnataka_clean_subset.csv,SMOTE,EasyEnsembleClassifier,5.575,,,,,,,,,,,0.526,0.061,0.508,0.051,0.544,0.054,0.246,0.077,0.497
thyroid-dis.csv,RandomOverSampler,AdaBoostClassifier,0.75,,,,,,,,,,,0.405,0.032,0.584,0.069,0.551,0.041,0.327,0.043,0.497
CPMP-2015-classification.csv,EditedNearestNeighbours,AdaBoostClassifier,0.554,,,,,,,,,,,0.452,0.121,0.483,0.1,0.59,0.081,0.417,0.126,0.496
contraceptive.csv,EditedNearestNeighbours,EasyEnsembleClassifier,2.627,,,,,,,,,,,0.55,0.04,0.524,0.035,0.503,0.036,0.295,0.051,0.496
agriculture_dataset_karnataka_clean_subset.csv,ADASYN,AdaBoostClassifier,0.647,,,,,,,,,,,0.527,0.056,0.511,0.049,0.537,0.052,0.249,0.072,0.496
QSAR_Bioconcentration_classification.csv,RandomUnderSampler,BalancedBaggingClassifier,0.452,,,,,,,,,,,0.479,0.05,0.529,0.07,0.56,0.048,0.243,0.075,0.496
cmc.csv,TomekLinks,BalancedRandomForestClassifier,0.96,,,,,,,,,,,0.471,0.04,0.493,0.053,0.596,0.037,0.257,0.07,0.496
QSAR_Bioconcentration_classification.csv,EditedNearestNeighbours,EasyEnsembleClassifier,3.977,,,,,,,,,,,0.507,0.053,0.52,0.072,0.546,0.057,0.266,0.077,0.495
Student_Performance_on_an_Entrance_Examination.csv,RandomOverSampler,BalancedRandomForestClassifier,1.673,,,,,,,,,,,0.514,0.076,0.48,0.063,0.573,0.049,0.3,0.087,0.495
led7.csv,EditedNearestNeighbours,RUSBoostClassifier,0.766,,,,,,,,,,,0.448,0.079,0.522,0.073,0.505,0.089,0.496,0.086,0.495
yeast.csv,EditedNearestNeighbours,GradientBoostingClassifier,2.241,,,,,,,,,,,0.484,0.083,0.472,0.067,0.559,0.037,0.448,0.051,0.495
eucalyptus.csv,RandomOverSampler,BaggingClassifier,0.593,,,,,,,,,,,0.512,0.098,0.487,0.089,0.561,0.077,0.366,0.107,0.495
agriculture_dataset_karnataka_clean_subset.csv,ADASYN,RUSBoostClassifier,0.763,,,,,,,,,,,0.525,0.058,0.509,0.05,0.538,0.059,0.25,0.076,0.495
cmc.csv,TomekLinks,EasyEnsembleClassifier,2.19,,,,,,,,,,,0.485,0.038,0.517,0.056,0.565,0.041,0.274,0.066,0.494
cmc.csv,SMOTE,BalancedBaggingClassifier,0.535,,,,,,,,,,,0.464,0.065,0.453,0.06,0.613,0.044,0.219,0.09,0.494
Midwest_survey_clean_subset.csv,ADASYN,RUSBoostClassifier,4.216,,,,,,,,,,,0.403,0.136,0.486,0.126,0.539,0.128,0.519,0.132,0.494
cmc.csv,RandomOverSampler,GradientBoostingClassifier,1.298,,,,,,,,,,,0.472,0.044,0.497,0.056,0.587,0.048,0.26,0.074,0.494
eucalyptus.csv,SMOTE,RUSBoostClassifier,1.083,,,,,,,,,,,0.532,0.097,0.482,0.096,0.546,0.082,0.361,0.112,0.494
eucalyptus.csv,SMOTETomek,RUSBoostClassifier,1.193,,,,,,,,,,,0.533,0.086,0.479,0.094,0.547,0.08,0.355,0.114,0.494
thyroid-dis.csv,ADASYN,BaggingClassifier,1.402,,,,,,,,,,,0.413,0.026,0.492,0.05,0.614,0.022,0.352,0.038,0.494
product_sentiment_machine_hack_subset.csv,RandomUnderSampler,RandomForestClassifier,0.848,,,,,,,,,,,0.483,0.026,0.488,0.076,0.581,0.056,0.345,0.052,0.493
cmc.csv,SMOTE,BaggingClassifier,0.428,,,,,,,,,,,0.46,0.064,0.456,0.064,0.612,0.046,0.221,0.095,0.493
okcupid-stem_seed_3_nrows_2000_nclasses_10_ncols_100_stratify_True_clean_subset.csv,TomekLinks,AdaBoostClassifier,1.539,,,,,,,,,,,0.448,0.093,0.407,0.039,0.628,0.017,0.161,0.062,0.493
thyroid-dis.csv,TomekLinks,BalancedBaggingClassifier,0.393,,,,,,,,,,,0.394,0.022,0.577,0.069,0.553,0.027,0.318,0.037,0.493
okcupid-stem_seed_3_nrows_2000_nclasses_10_ncols_100_stratify_True_clean_subset.csv,EditedNearestNeighbours,AdaBoostClassifier,0.926,,,,,,,,,,,0.416,0.112,0.476,0.048,0.615,0.024,0.179,0.06,0.493
thyroid-dis.csv,TomekLinks,EasyEnsembleClassifier,2.395,,,,,,,,,,,0.395,0.025,0.586,0.065,0.544,0.041,0.321,0.04,0.493
Student_Performance_on_an_Entrance_Examination.csv,SMOTETomek,BalancedRandomForestClassifier,1.212,,,,,,,,,,,0.513,0.102,0.46,0.054,0.578,0.049,0.306,0.088,0.492
air-quality-and-pollution-assessment_subset.csv,RandomUnderSampler,EasyEnsembleClassifier,2.931,,,,,,,,,,,0.505,0.128,0.592,0.065,0.403,0.104,0.4,0.096,0.492
cmc.csv,ADASYN,BaggingClassifier,0.349,,,,,,,,,,,0.463,0.065,0.451,0.064,0.61,0.049,0.212,0.101,0.492
air-quality-and-pollution-assessment_subset.csv,RandomUnderSampler,AdaBoostClassifier,0.29,,,,,,,,,,,0.505,0.128,0.592,0.065,0.403,0.104,0.4,0.096,0.492
cmc.csv,RandomUnderSampler,EasyEnsembleClassifier,2.173,,,,,,,,,,,0.485,0.04,0.519,0.064,0.556,0.044,0.27,0.07,0.492
cmc.csv,SMOTETomek,RandomForestClassifier,1.156,,,,,,,,,,,0.461,0.069,0.446,0.061,0.613,0.045,0.214,0.094,0.492
air-quality-and-pollution-assessment_subset.csv,RandomUnderSampler,RUSBoostClassifier,0.408,,,,,,,,,,,0.505,0.128,0.592,0.065,0.403,0.104,0.4,0.096,0.492
eucalyptus.csv,ADASYN,AdaBoostClassifier,0.949,,,,,,,,,,,0.548,0.092,0.461,0.09,0.54,0.069,0.346,0.097,0.492
cmc.csv,RandomUnderSampler,RUSBoostClassifier,0.324,,,,,,,,,,,0.485,0.04,0.519,0.064,0.556,0.044,0.27,0.07,0.492
cmc.csv,RandomUnderSampler,AdaBoostClassifier,0.22,,,,,,,,,,,0.485,0.04,0.519,0.064,0.556,0.044,0.27,0.07,0.492
mabbob_ela_as_5d_classify.csv,RandomOverSampler,BalancedBaggingClassifier,6.42,,,,,,,,,,,0.459,0.098,0.452,0.11,0.612,0.035,0.235,0.068,0.491
eucalyptus_subset.csv,RandomUnderSampler,EasyEnsembleClassifier,2.428,,,,,,,,,,,0.488,0.048,0.537,0.06,0.536,0.053,0.311,0.069,0.491
thyroid-dis.csv,SMOTETomek,EasyEnsembleClassifier,10.561,,,,,,,,,,,0.395,0.017,0.598,0.065,0.521,0.033,0.325,0.033,0.491
eucalyptus_subset.csv,RandomUnderSampler,RUSBoostClassifier,0.348,,,,,,,,,,,0.488,0.048,0.537,0.06,0.536,0.053,0.311,0.069,0.491
eucalyptus_subset.csv,RandomUnderSampler,AdaBoostClassifier,0.241,,,,,,,,,,,0.488,0.048,0.537,0.06,0.536,0.053,0.311,0.069,0.491
Mobile_Price.csv,TomekLinks,AdaBoostClassifier,0.352,,,,,,,,,,,0.512,0.122,0.509,0.1,0.53,0.163,0.365,0.173,0.491
okcupid-stem_seed_3_nrows_2000_nclasses_10_ncols_100_stratify_True_clean_subset.csv,EditedNearestNeighbours,BalancedBaggingClassifier,0.612,,,,,,,,,,,0.447,0.04,0.53,0.049,0.558,0.042,0.198,0.063,0.491
cmc.csv,RandomOverSampler,AdaBoostClassifier,0.246,,,,,,,,,,,0.477,0.04,0.509,0.054,0.567,0.046,0.269,0.068,0.491
cmc.csv,RandomOverSampler,RUSBoostClassifier,0.459,,,,,,,,,,,0.477,0.04,0.509,0.054,0.567,0.046,0.269,0.068,0.491
contraceptive.csv,EditedNearestNeighbours,BalancedBaggingClassifier,0.4,,,,,,,,,,,0.539,0.038,0.523,0.036,0.502,0.033,0.294,0.05,0.491
cmc.csv,RandomOverSampler,EasyEnsembleClassifier,2.862,,,,,,,,,,,0.477,0.04,0.509,0.054,0.567,0.046,0.269,0.068,0.491
agriculture_dataset_karnataka_clean_subset.csv,SMOTETomek,EasyEnsembleClassifier,4.956,,,,,,,,,,,0.516,0.051,0.504,0.044,0.539,0.048,0.245,0.065,0.491
car_subset.csv,EditedNearestNeighbours,RandomForestClassifier,0.859,,,,,,,,,,,0.397,0.071,0.48,0.03,0.626,0.007,0.326,0.027,0.491
connect-4_seed_4_nrows_2000_nclasses_10_ncols_100_stratify_True.csv,RandomUnderSampler,GradientBoostingClassifier,0.95,,,,,,,,,,,0.482,0.024,0.51,0.046,0.563,0.025,0.26,0.044,0.491
eucalyptus.csv,SMOTE,EasyEnsembleClassifier,7.571,,,,,,,,,,,0.526,0.088,0.479,0.094,0.543,0.081,0.357,0.11,0.49
wine_quality_red.csv,SMOTE,BaggingClassifier,0.839,,,,,,,,,,,0.369,0.05,0.397,0.058,0.636,0.036,0.438,0.055,0.49
eucalyptus.csv,ADASYN,EasyEnsembleClassifier,7.319,,,,,,,,,,,0.539,0.108,0.462,0.09,0.544,0.068,0.342,0.103,0.49
Student_Performance_on_an_Entrance_Examination.csv,RandomOverSampler,RandomForestClassifier,0.818,,,,,,,,,,,0.506,0.084,0.475,0.059,0.57,0.049,0.294,0.079,0.49
eucalyptus.csv,SMOTE,AdaBoostClassifier,0.938,,,,,,,,,,,0.526,0.088,0.479,0.094,0.543,0.081,0.357,0.11,0.49
mabbob_ela_as_5d_classify.csv,ADASYN,RandomForestClassifier,11.693,,,,,,,,,,,0.44,0.092,0.484,0.118,0.605,0.025,0.257,0.043,0.49
wine-quality-red.csv,SMOTE,BaggingClassifier,0.909,,,,,,,,,,,0.369,0.05,0.397,0.058,0.636,0.036,0.438,0.055,0.49
Multiclass_Classification_for_Corporate_Credit_Ratings.csv,TomekLinks,EasyEnsembleClassifier,2.871,,,,,,,,,,,0.544,0.048,0.487,0.043,0.488,0.039,0.413,0.041,0.489
ecoli.csv,EditedNearestNeighbours,EasyEnsembleClassifier,2.054,,,,,,,,,,,0.559,0.114,0.385,0.114,0.528,0.097,0.43,0.104,0.489
TESTFORDESCRIPTION-anneal.csv,EditedNearestNeighbours,RUSBoostClassifier,0.092,,,,,,,,,,,0.311,0.1,0.404,0.074,0.677,0.057,0.272,0.14,0.489
thyroid-dis.csv,SMOTE,BalancedBaggingClassifier,1.781,,,,,,,,,,,0.409,0.025,0.476,0.048,0.615,0.026,0.351,0.041,0.489
okcupid-stem_seed_3_nrows_2000_nclasses_10_ncols_100_stratify_True_clean_subset.csv,RandomUnderSampler,AdaBoostClassifier,0.715,,,,,,,,,,,0.46,0.035,0.558,0.052,0.514,0.049,0.201,0.062,0.488
okcupid-stem_seed_3_nrows_2000_nclasses_10_ncols_100_stratify_True_clean_subset.csv,RandomUnderSampler,EasyEnsembleClassifier,5.046,,,,,,,,,,,0.46,0.035,0.558,0.052,0.514,0.049,0.201,0.062,0.488
thyroid-dis.csv,ADASYN,EasyEnsembleClassifier,10.43,,,,,,,,,,,0.395,0.018,0.594,0.066,0.518,0.029,0.326,0.03,0.488
thyroid-dis.csv,ADASYN,BalancedBaggingClassifier,1.817,,,,,,,,,,,0.408,0.028,0.477,0.056,0.612,0.022,0.349,0.038,0.488
cmc.csv,RandomUnderSampler,GradientBoostingClassifier,0.621,,,,,,,,,,,0.476,0.035,0.507,0.05,0.562,0.04,0.261,0.06,0.488
cmc.csv,SMOTETomek,BaggingClassifier,0.383,,,,,,,,,,,0.455,0.066,0.447,0.055,0.607,0.045,0.209,0.092,0.488
cmc.csv,ADASYN,RandomForestClassifier,1.058,,,,,,,,,,,0.458,0.078,0.439,0.062,0.607,0.047,0.197,0.101,0.488
Student_Performance_on_an_Entrance_Examination.csv,SMOTE,RandomForestClassifier,0.746,,,,,,,,,,,0.507,0.079,0.46,0.062,0.572,0.047,0.298,0.098,0.488
okcupid-stem_seed_3_nrows_2000_nclasses_10_ncols_100_stratify_True_clean_subset.csv,RandomUnderSampler,RUSBoostClassifier,0.841,,,,,,,,,,,0.46,0.035,0.558,0.052,0.514,0.049,0.201,0.062,0.488
GesturePhaseSegmentationProcessed.csv,RandomUnderSampler,GradientBoostingClassifier,53.544,,,,,,,,,,,0.479,0.015,0.548,0.019,0.507,0.015,0.375,0.02,0.488
cmc.csv,RandomOverSampler,BalancedRandomForestClassifier,1.538,,,,,,,,,,,0.453,0.05,0.451,0.054,0.604,0.038,0.207,0.081,0.487
cmc.csv,ADASYN,BalancedRandomForestClassifier,1.471,,,,,,,,,,,0.456,0.074,0.436,0.063,0.607,0.048,0.197,0.101,0.487
cmc.csv,SMOTETomek,BalancedRandomForestClassifier,1.56,,,,,,,,,,,0.451,0.068,0.439,0.06,0.61,0.042,0.205,0.091,0.487
mabbob_ela_as_5d_classify.csv,SMOTE,GradientBoostingClassifier,113.183,,,,,,,,,,,0.425,0.077,0.485,0.121,0.603,0.037,0.255,0.065,0.487
okcupid-stem_seed_3_nrows_2000_nclasses_10_ncols_100_stratify_True_clean_subset.csv,RandomUnderSampler,BaggingClassifier,0.493,,,,,,,,,,,0.455,0.03,0.556,0.051,0.517,0.041,0.21,0.058,0.486
thyroid-dis.csv,SMOTE,BaggingClassifier,1.356,,,,,,,,,,,0.407,0.027,0.463,0.051,0.617,0.026,0.35,0.043,0.486
cmc.csv,TomekLinks,AdaBoostClassifier,0.351,,,,,,,,,,,0.468,0.14,0.424,0.043,0.611,0.032,0.244,0.082,0.486
cmc.csv,SMOTE,BalancedRandomForestClassifier,1.628,,,,,,,,,,,0.453,0.066,0.436,0.055,0.608,0.042,0.2,0.088,0.486
first-order-theorem-proving .csv,RandomUnderSampler,RandomForestClassifier,3.058,,,,,,,,,,,0.463,0.023,0.5,0.027,0.544,0.023,0.409,0.028,0.486
cmc.csv,RandomUnderSampler,BalancedBaggingClassifier,0.325,,,,,,,,,,,0.468,0.035,0.496,0.046,0.568,0.046,0.25,0.065,0.485
cmc.csv,TomekLinks,RandomForestClassifier,0.775,,,,,,,,,,,0.457,0.071,0.428,0.053,0.605,0.046,0.192,0.1,0.485
GesturePhaseSegmentationProcessed.csv,TomekLinks,BalancedBaggingClassifier,3.87,,,,,,,,,,,0.47,0.018,0.528,0.023,0.526,0.018,0.371,0.023,0.485
mabbob_ela_as_5d_classify.csv,SMOTETomek,GradientBoostingClassifier,108.269,,,,,,,,,,,0.422,0.076,0.487,0.12,0.599,0.039,0.253,0.075,0.485
cmc.csv,ADASYN,BalancedBaggingClassifier,0.451,,,,,,,,,,,0.449,0.056,0.443,0.055,0.605,0.043,0.205,0.088,0.485
thyroid-dis.csv,SMOTETomek,BaggingClassifier,1.843,,,,,,,,,,,0.403,0.03,0.463,0.06,0.616,0.024,0.354,0.039,0.485
led7.csv,EditedNearestNeighbours,AdaBoostClassifier,0.682,,,,,,,,,,,0.447,0.067,0.512,0.049,0.49,0.078,0.484,0.071,0.485
cmc.csv,SMOTETomek,BalancedBaggingClassifier,0.471,,,,,,,,,,,0.45,0.062,0.444,0.056,0.604,0.047,0.204,0.091,0.485
contraceptive.csv,TomekLinks,BalancedRandomForestClassifier,1.098,,,,,,,,,,,0.509,0.032,0.51,0.033,0.525,0.028,0.272,0.045,0.485
cmc.csv,SMOTE,RandomForestClassifier,1.048,,,,,,,,,,,0.45,0.082,0.433,0.068,0.605,0.052,0.195,0.106,0.484
cmc.csv,RandomOverSampler,RandomForestClassifier,0.868,,,,,,,,,,,0.448,0.058,0.446,0.059,0.602,0.042,0.202,0.087,0.484
Student_Performance_on_an_Entrance_Examination.csv,TomekLinks,GradientBoostingClassifier,0.87,,,,,,,,,,,0.502,0.118,0.445,0.074,0.575,0.063,0.316,0.125,0.484
mabbob_ela_as_5d_classify.csv,SMOTE,BalancedRandomForestClassifier,16.168,,,,,,,,,,,0.44,0.095,0.469,0.117,0.6,0.028,0.246,0.05,0.484
cmc.csv,RandomUnderSampler,BaggingClassifier,0.26,,,,,,,,,,,0.468,0.047,0.496,0.063,0.565,0.048,0.248,0.081,0.484
first-order-theorem-proving .csv,TomekLinks,GradientBoostingClassifier,62.65,,,,,,,,,,,0.504,0.023,0.437,0.022,0.55,0.018,0.412,0.024,0.484
first-order-theorem-proving .csv,RandomUnderSampler,BalancedRandomForestClassifier,4.094,,,,,,,,,,,0.462,0.02,0.5,0.024,0.542,0.02,0.407,0.025,0.484
dermatology.csv,TomekLinks,AdaBoostClassifier,0.234,,,,,,,,,,,0.375,0.011,0.474,0.014,0.492,0.02,0.552,0.025,0.484
Success-Rates-2_clean_subset.csv,TomekLinks,EasyEnsembleClassifier,4.265,,,,,,,,,,,0.523,0.121,0.441,0.096,0.551,0.15,0.354,0.15,0.483
agriculture_dataset_karnataka_clean_subset.csv,SMOTETomek,AdaBoostClassifier,0.63,,,,,,,,,,,0.51,0.068,0.498,0.059,0.526,0.062,0.233,0.088,0.483
Student_Performance_on_an_Entrance_Examination.csv,ADASYN,RandomForestClassifier,0.766,,,,,,,,,,,0.499,0.09,0.456,0.052,0.569,0.04,0.291,0.071,0.483
wine_quality_red.csv,TomekLinks,BaggingClassifier,0.429,,,,,,,,,,,0.339,0.038,0.325,0.024,0.639,0.035,0.449,0.059,0.483
wine-quality-red.csv,TomekLinks,BaggingClassifier,0.422,,,,,,,,,,,0.339,0.038,0.325,0.024,0.639,0.035,0.449,0.059,0.483
thyroid-dis.csv,SMOTETomek,BalancedBaggingClassifier,2.257,,,,,,,,,,,0.405,0.03,0.459,0.048,0.613,0.022,0.345,0.036,0.483
okcupid-stem_seed_3_nrows_2000_nclasses_10_ncols_100_stratify_True_clean_subset.csv,EditedNearestNeighbours,EasyEnsembleClassifier,2.771,,,,,,,,,,,0.45,0.038,0.535,0.062,0.533,0.041,0.209,0.065,0.483
mabbob_ela_as_5d_classify.csv,ADASYN,BalancedRandomForestClassifier,16.208,,,,,,,,,,,0.431,0.09,0.475,0.119,0.597,0.034,0.247,0.055,0.483
yeast.csv,EditedNearestNeighbours,BaggingClassifier,0.73,,,,,,,,,,,0.441,0.081,0.457,0.061,0.559,0.041,0.447,0.052,0.482
first-order-theorem-proving .csv,SMOTETomek,GradientBoostingClassifier,231.601,,,,,,,,,,,0.461,0.017,0.481,0.021,0.55,0.016,0.409,0.021,0.482
Student_Performance_on_an_Entrance_Examination.csv,ADASYN,BalancedRandomForestClassifier,1.1,,,,,,,,,,,0.497,0.091,0.456,0.057,0.568,0.045,0.288,0.08,0.482
connect-4_seed_4_nrows_2000_nclasses_10_ncols_100_stratify_True.csv,TomekLinks,BalancedBaggingClassifier,0.513,,,,,,,,,,,0.462,0.03,0.489,0.044,0.567,0.031,0.238,0.053,0.482
okcupid-stem_seed_3_nrows_2000_nclasses_10_ncols_100_stratify_True_clean_subset.csv,EditedNearestNeighbours,BaggingClassifier,0.699,,,,,,,,,,,0.352,0.018,0.486,0.037,0.607,0.015,0.182,0.045,0.482
first-order-theorem-proving .csv,SMOTE,GradientBoostingClassifier,492.632,,,,,,,,,,,0.46,0.021,0.48,0.024,0.55,0.018,0.408,0.023,0.481
cmc.csv,RandomUnderSampler,BalancedRandomForestClassifier,0.891,,,,,,,,,,,0.465,0.04,0.494,0.058,0.56,0.042,0.243,0.067,0.481
Student_Performance_on_an_Entrance_Examination.csv,TomekLinks,RandomForestClassifier,0.594,,,,,,,,,,,0.5,0.092,0.441,0.049,0.572,0.04,0.303,0.065,0.481
mabbob_ela_as_5d_classify.csv,RandomOverSampler,BaggingClassifier,6.239,,,,,,,,,,,0.442,0.102,0.442,0.107,0.604,0.034,0.217,0.07,0.481
CPMP-2015-classification.csv,EditedNearestNeighbours,BaggingClassifier,0.717,,,,,,,,,,,0.403,0.124,0.46,0.084,0.585,0.064,0.42,0.098,0.481
mabbob_ela_as_5d_classify.csv,SMOTE,RandomForestClassifier,11.526,,,,,,,,,,,0.429,0.093,0.465,0.117,0.599,0.031,0.242,0.054,0.481
first-order-theorem-proving .csv,ADASYN,GradientBoostingClassifier,248.987,,,,,,,,,,,0.46,0.022,0.483,0.025,0.545,0.021,0.405,0.027,0.48
Student_Performance_on_an_Entrance_Examination.csv,SMOTETomek,RandomForestClassifier,0.693,,,,,,,,,,,0.489,0.074,0.456,0.051,0.569,0.035,0.295,0.076,0.48
contraceptive.csv,TomekLinks,RandomForestClassifier,0.812,,,,,,,,,,,0.503,0.037,0.504,0.038,0.522,0.034,0.263,0.055,0.48
first-order-theorem-proving .csv,TomekLinks,BalancedBaggingClassifier,2.723,,,,,,,,,,,0.459,0.021,0.486,0.025,0.544,0.02,0.403,0.026,0.48
wine-quality-red.csv,SMOTETomek,BalancedBaggingClassifier,1.101,,,,,,,,,,,0.358,0.036,0.396,0.064,0.624,0.034,0.421,0.051,0.479
cmc.csv,RandomUnderSampler,RandomForestClassifier,0.6,,,,,,,,,,,0.464,0.042,0.493,0.063,0.557,0.043,0.241,0.072,0.479
connect-4_seed_4_nrows_2000_nclasses_10_ncols_100_stratify_True.csv,ADASYN,EasyEnsembleClassifier,4.72,,,,,,,,,,,0.455,0.034,0.471,0.048,0.576,0.033,0.222,0.061,0.479
wine_quality_red.csv,SMOTETomek,BalancedBaggingClassifier,1.13,,,,,,,,,,,0.358,0.036,0.396,0.064,0.624,0.034,0.421,0.051,0.479
eucalyptus.csv,RandomOverSampler,EasyEnsembleClassifier,6.794,,,,,,,,,,,0.527,0.088,0.481,0.096,0.51,0.095,0.331,0.117,0.479
mabbob_ela_as_5d_classify.csv,ADASYN,GradientBoostingClassifier,113.895,,,,,,,,,,,0.423,0.086,0.472,0.121,0.595,0.035,0.242,0.063,0.479
Student_Performance_on_an_Entrance_Examination.csv,SMOTE,BalancedRandomForestClassifier,1.141,,,,,,,,,,,0.495,0.096,0.451,0.061,0.566,0.052,0.286,0.098,0.479
eucalyptus.csv,RandomUnderSampler,GradientBoostingClassifier,2.238,,,,,,,,,,,0.504,0.064,0.513,0.074,0.501,0.057,0.337,0.082,0.479
eucalyptus_subset.csv,ADASYN,RUSBoostClassifier,0.74,,,,,,,,,,,0.49,0.066,0.508,0.076,0.523,0.064,0.282,0.075,0.478
cmc.csv,RandomOverSampler,BaggingClassifier,0.332,,,,,,,,,,,0.441,0.052,0.446,0.056,0.593,0.04,0.199,0.08,0.478
thyroid-dis.csv,SMOTE,AdaBoostClassifier,1.19,,,,,,,,,,,0.389,0.02,0.578,0.054,0.512,0.052,0.312,0.04,0.478
thyroid-dis.csv,SMOTE,EasyEnsembleClassifier,10.734,,,,,,,,,,,0.389,0.02,0.578,0.054,0.512,0.052,0.312,0.04,0.478
contraceptive.csv,SMOTETomek,RandomForestClassifier,1.199,,,,,,,,,,,0.502,0.034,0.499,0.034,0.521,0.03,0.259,0.047,0.478
thyroid-dis.csv,SMOTE,RUSBoostClassifier,1.579,,,,,,,,,,,0.389,0.02,0.578,0.054,0.512,0.052,0.312,0.04,0.478
eucalyptus_subset.csv,ADASYN,AdaBoostClassifier,0.51,,,,,,,,,,,0.493,0.058,0.51,0.057,0.518,0.056,0.281,0.069,0.478
eucalyptus.csv,RandomOverSampler,AdaBoostClassifier,0.776,,,,,,,,,,,0.527,0.088,0.479,0.098,0.51,0.095,0.33,0.118,0.478
thyroid-dis.csv,EditedNearestNeighbours,GradientBoostingClassifier,1.702,,,,,,,,,,,0.512,0.09,0.372,0.044,0.586,0.032,0.282,0.056,0.478
eucalyptus.csv,RandomOverSampler,RUSBoostClassifier,0.951,,,,,,,,,,,0.527,0.088,0.479,0.098,0.51,0.095,0.33,0.118,0.478
dionis_seed_0_nrows_2000_nclasses_10_ncols_100_stratify_True.csv,RandomOverSampler,RandomForestClassifier,119.877,,,,,,,,,,,0.403,0.027,0.452,0.029,0.496,0.027,0.535,0.028,0.478
mfeat-morphological.csv,SMOTE,AdaBoostClassifier,0.477,,,,,,,,,,,0.441,0.128,0.519,0.107,0.456,0.186,0.483,0.167,0.477
cmc.csv,TomekLinks,BalancedBaggingClassifier,0.346,,,,,,,,,,,0.451,0.042,0.468,0.055,0.574,0.038,0.223,0.071,0.477
mfeat-morphological.csv,SMOTE,RUSBoostClassifier,0.595,,,,,,,,,,,0.441,0.128,0.519,0.107,0.456,0.186,0.483,0.167,0.477
contraceptive.csv,RandomUnderSampler,BalancedRandomForestClassifier,1.115,,,,,,,,,,,0.501,0.033,0.505,0.036,0.512,0.03,0.258,0.048,0.477
mfeat-morphological.csv,SMOTE,EasyEnsembleClassifier,3.914,,,,,,,,,,,0.441,0.128,0.519,0.107,0.456,0.186,0.483,0.167,0.477
eucalyptus.csv,TomekLinks,EasyEnsembleClassifier,2.792,,,,,,,,,,,0.522,0.085,0.471,0.093,0.515,0.078,0.328,0.105,0.476
contraceptive.csv,RandomUnderSampler,RandomForestClassifier,0.792,,,,,,,,,,,0.5,0.028,0.504,0.03,0.511,0.025,0.257,0.04,0.476
mfeat-morphological.csv,SMOTETomek,RUSBoostClassifier,0.587,,,,,,,,,,,0.433,0.109,0.502,0.097,0.474,0.164,0.488,0.145,0.476
cmc.csv,RandomOverSampler,BalancedBaggingClassifier,0.484,,,,,,,,,,,0.437,0.06,0.441,0.063,0.592,0.047,0.193,0.093,0.476
connect-4_seed_4_nrows_2000_nclasses_10_ncols_100_stratify_True.csv,RandomOverSampler,RUSBoostClassifier,0.713,,,,,,,,,,,0.472,0.03,0.493,0.045,0.542,0.043,0.238,0.053,0.476
mabbob_ela_as_5d_classify.csv,SMOTETomek,RandomForestClassifier,12.868,,,,,,,,,,,0.421,0.086,0.457,0.12,0.598,0.028,0.244,0.057,0.476
connect-4_seed_4_nrows_2000_nclasses_10_ncols_100_stratify_True.csv,RandomOverSampler,AdaBoostClassifier,0.547,,,,,,,,,,,0.472,0.03,0.493,0.045,0.542,0.043,0.238,0.053,0.476
mfeat-morphological.csv,TomekLinks,RUSBoostClassifier,0.378,,,,,,,,,,,0.414,0.117,0.487,0.092,0.493,0.144,0.499,0.133,0.476
connect-4_seed_4_nrows_2000_nclasses_10_ncols_100_stratify_True.csv,RandomOverSampler,EasyEnsembleClassifier,4.895,,,,,,,,,,,0.472,0.03,0.493,0.045,0.542,0.043,0.238,0.053,0.476
first-order-theorem-proving .csv,RandomOverSampler,GradientBoostingClassifier,148.256,,,,,,,,,,,0.453,0.02,0.479,0.023,0.54,0.021,0.399,0.026,0.475
agriculture_dataset_karnataka_clean_subset.csv,SMOTETomek,RUSBoostClassifier,0.762,,,,,,,,,,,0.505,0.066,0.485,0.051,0.514,0.056,0.218,0.073,0.475
mabbob_ela_as_5d_classify.csv,SMOTETomek,BalancedRandomForestClassifier,15.526,,,,,,,,,,,0.423,0.089,0.452,0.108,0.597,0.027,0.243,0.048,0.475
balance.csv,TomekLinks,RUSBoostClassifier,0.112,,,,,,,,,,,0.438,0.04,0.45,0.04,0.588,0.058,0.329,0.1,0.475
cmc.csv,TomekLinks,BaggingClassifier,0.3,,,,,,,,,,,0.435,0.062,0.421,0.047,0.598,0.036,0.184,0.083,0.475
dionis_seed_0_nrows_2000_nclasses_10_ncols_100_stratify_True.csv,RandomOverSampler,BalancedRandomForestClassifier,43.093,,,,,,,,,,,0.397,0.029,0.449,0.032,0.493,0.03,0.534,0.031,0.475
GesturePhaseSegmentationProcessed.csv,RandomUnderSampler,BaggingClassifier,3.653,,,,,,,,,,,0.467,0.018,0.532,0.025,0.494,0.02,0.359,0.026,0.474
GesturePhaseSegmentationProcessed.csv,RandomUnderSampler,BalancedBaggingClassifier,3.709,,,,,,,,,,,0.467,0.013,0.534,0.017,0.491,0.016,0.358,0.018,0.474
wine_quality_red.csv,SMOTETomek,BaggingClassifier,0.893,,,,,,,,,,,0.358,0.057,0.393,0.072,0.617,0.034,0.412,0.05,0.474
wine-quality-red.csv,SMOTETomek,BaggingClassifier,0.922,,,,,,,,,,,0.358,0.057,0.393,0.072,0.617,0.034,0.412,0.05,0.474
thyroid-dis.csv,SMOTETomek,RUSBoostClassifier,2.014,,,,,,,,,,,0.388,0.02,0.568,0.061,0.514,0.048,0.309,0.036,0.474
shuttle.csv,TomekLinks,RUSBoostClassifier,0.156,,,,,,,,,,,0.341,0.143,0.386,0.115,0.652,0.212,0.282,0.218,0.474
thyroid-dis.csv,ADASYN,AdaBoostClassifier,1.217,,,,,,,,,,,0.39,0.019,0.571,0.063,0.506,0.033,0.306,0.031,0.473
thyroid-dis.csv,RandomUnderSampler,BalancedRandomForestClassifier,0.787,,,,,,,,,,,0.375,0.029,0.588,0.069,0.492,0.05,0.282,0.052,0.473
connect-4_seed_4_nrows_2000_nclasses_10_ncols_100_stratify_True.csv,SMOTETomek,EasyEnsembleClassifier,6.089,,,,,,,,,,,0.446,0.029,0.461,0.039,0.572,0.03,0.212,0.054,0.473
contraceptive.csv,SMOTE,RandomForestClassifier,1.342,,,,,,,,,,,0.497,0.034,0.493,0.034,0.515,0.031,0.25,0.05,0.473
mabbob_ela_as_5d_classify.csv,ADASYN,BaggingClassifier,11.555,,,,,,,,,,,0.419,0.099,0.463,0.12,0.588,0.033,0.249,0.055,0.473
wine-quality-red.csv,TomekLinks,GradientBoostingClassifier,4.288,,,,,,,,,,,0.326,0.044,0.313,0.025,0.63,0.038,0.431,0.062,0.472
wine_quality_red.csv,TomekLinks,GradientBoostingClassifier,4.332,,,,,,,,,,,0.326,0.044,0.313,0.025,0.63,0.038,0.431,0.062,0.472
thyroid-dis.csv,RandomUnderSampler,RandomForestClassifier,0.572,,,,,,,,,,,0.377,0.03,0.586,0.068,0.491,0.047,0.283,0.052,0.472
mfeat-morphological.csv,EditedNearestNeighbours,GradientBoostingClassifier,1.551,,,,,,,,,,,0.388,0.07,0.454,0.045,0.503,0.051,0.516,0.041,0.472
eucalyptus_subset.csv,EditedNearestNeighbours,AdaBoostClassifier,0.273,,,,,,,,,,,0.447,0.105,0.489,0.062,0.548,0.045,0.324,0.075,0.471
thyroid-dis.csv,ADASYN,RUSBoostClassifier,1.567,,,,,,,,,,,0.387,0.021,0.576,0.066,0.496,0.05,0.303,0.046,0.471
connect-4_seed_4_nrows_2000_nclasses_10_ncols_100_stratify_True.csv,RandomUnderSampler,RandomForestClassifier,0.753,,,,,,,,,,,0.46,0.023,0.489,0.037,0.538,0.024,0.225,0.041,0.471
contraceptive.csv,SMOTETomek,BalancedRandomForestClassifier,2.028,,,,,,,,,,,0.494,0.04,0.492,0.04,0.513,0.036,0.248,0.056,0.471
connect-4_seed_4_nrows_2000_nclasses_10_ncols_100_stratify_True.csv,RandomUnderSampler,BalancedRandomForestClassifier,1.264,,,,,,,,,,,0.46,0.025,0.492,0.039,0.535,0.027,0.225,0.047,0.47
agriculture_dataset_karnataka_clean_subset.csv,EditedNearestNeighbours,RandomForestClassifier,0.668,,,,,,,,,,,0.48,0.157,0.534,0.022,0.474,0.031,0.327,0.04,0.47
texture.csv,EditedNearestNeighbours,AdaBoostClassifier,1.221,,,,,,,,,,,0.466,0.116,0.45,0.091,0.481,0.084,0.483,0.087,0.47
Success-Rates-2_clean_subset.csv,RandomUnderSampler,GradientBoostingClassifier,0.968,,,,,,,,,,,0.487,0.072,0.481,0.061,0.524,0.15,0.312,0.183,0.47
Student_Performance_on_an_Entrance_Examination.csv,RandomOverSampler,GradientBoostingClassifier,1.235,,,,,,,,,,,0.478,0.068,0.486,0.078,0.526,0.055,0.27,0.09,0.469
Student_Performance_on_an_Entrance_Examination.csv,SMOTE,BalancedBaggingClassifier,0.344,,,,,,,,,,,0.484,0.088,0.448,0.071,0.55,0.053,0.261,0.091,0.469
contraceptive.csv,RandomOverSampler,BalancedBaggingClassifier,0.33,,,,,,,,,,,0.49,0.035,0.492,0.037,0.509,0.032,0.245,0.052,0.469
contraceptive.csv,SMOTE,BalancedRandomForestClassifier,1.858,,,,,,,,,,,0.492,0.041,0.489,0.041,0.511,0.038,0.244,0.059,0.469
thyroid-dis.csv,SMOTETomek,AdaBoostClassifier,1.688,,,,,,,,,,,0.387,0.021,0.568,0.063,0.499,0.036,0.301,0.034,0.469
contraceptive.csv,RandomOverSampler,BalancedRandomForestClassifier,2.139,,,,,,,,,,,0.491,0.037,0.49,0.038,0.51,0.033,0.244,0.052,0.469
contraceptive.csv,SMOTETomek,BaggingClassifier,0.363,,,,,,,,,,,0.489,0.04,0.49,0.039,0.511,0.037,0.247,0.056,0.468
wine_quality_red.csv,RandomOverSampler,GradientBoostingClassifier,139.513,,,,,,,,,,,0.355,0.053,0.381,0.06,0.612,0.032,0.408,0.048,0.468
contraceptive.csv,RandomOverSampler,RandomForestClassifier,0.94,,,,,,,,,,,0.489,0.04,0.489,0.041,0.509,0.035,0.243,0.056,0.468
wine-quality-red.csv,RandomOverSampler,GradientBoostingClassifier,9.096,,,,,,,,,,,0.355,0.053,0.381,0.06,0.612,0.032,0.408,0.048,0.468
CPMP-2015-classification.csv,EditedNearestNeighbours,BalancedRandomForestClassifier,1.131,,,,,,,,,,,0.393,0.091,0.445,0.085,0.583,0.065,0.377,0.109,0.468
balance-scale.csv,EditedNearestNeighbours,RUSBoostClassifier,0.171,,,,,,,,,,,0.417,0.049,0.445,0.047,0.586,0.062,0.293,0.118,0.467
Midwest_survey_clean_subset.csv,ADASYN,AdaBoostClassifier,3.322,,,,,,,,,,,0.356,0.11,0.441,0.096,0.521,0.116,0.502,0.113,0.467
Toronto-Apartment-Rental-Price.csv,TomekLinks,RUSBoostClassifier,0.47,,,,,,,,,,,0.414,0.09,0.488,0.09,0.55,0.134,0.357,0.095,0.467
connect-4_seed_4_nrows_2000_nclasses_10_ncols_100_stratify_True.csv,ADASYN,AdaBoostClassifier,0.625,,,,,,,,,,,0.445,0.036,0.455,0.043,0.555,0.04,0.194,0.06,0.466
contraceptive.csv,SMOTE,BalancedBaggingClassifier,0.435,,,,,,,,,,,0.488,0.035,0.487,0.037,0.507,0.031,0.24,0.049,0.466
contraceptive.csv,TomekLinks,BalancedBaggingClassifier,0.378,,,,,,,,,,,0.488,0.043,0.49,0.043,0.505,0.039,0.242,0.061,0.466
contraceptive.csv,EditedNearestNeighbours,GradientBoostingClassifier,0.766,,,,,,,,,,,0.561,0.057,0.483,0.032,0.419,0.034,0.27,0.054,0.466
balance-scale.csv,TomekLinks,RUSBoostClassifier,0.112,,,,,,,,,,,0.422,0.046,0.444,0.048,0.583,0.066,0.301,0.122,0.466
contraceptive.csv,TomekLinks,BaggingClassifier,0.312,,,,,,,,,,,0.486,0.037,0.488,0.037,0.506,0.034,0.24,0.053,0.465
contraceptive.csv,RandomOverSampler,BaggingClassifier,0.336,,,,,,,,,,,0.485,0.034,0.487,0.036,0.506,0.031,0.239,0.051,0.465
contraceptive.csv,SMOTETomek,BalancedBaggingClassifier,0.662,,,,,,,,,,,0.485,0.038,0.486,0.036,0.507,0.033,0.24,0.051,0.465
connect-4_seed_4_nrows_2000_nclasses_10_ncols_100_stratify_True.csv,SMOTE,AdaBoostClassifier,0.655,,,,,,,,,,,0.443,0.022,0.457,0.028,0.552,0.028,0.198,0.042,0.464
connect-4_seed_4_nrows_2000_nclasses_10_ncols_100_stratify_True.csv,SMOTE,RUSBoostClassifier,0.785,,,,,,,,,,,0.443,0.022,0.457,0.028,0.552,0.028,0.198,0.042,0.464
thyroid-dis.csv,EditedNearestNeighbours,BalancedRandomForestClassifier,0.971,,,,,,,,,,,0.407,0.043,0.518,0.072,0.529,0.071,0.312,0.043,0.464
connect-4_seed_4_nrows_2000_nclasses_10_ncols_100_stratify_True.csv,SMOTE,EasyEnsembleClassifier,5.079,,,,,,,,,,,0.443,0.022,0.457,0.028,0.552,0.028,0.198,0.042,0.464
contraceptive.csv,SMOTE,BaggingClassifier,0.385,,,,,,,,,,,0.485,0.035,0.484,0.036,0.506,0.033,0.237,0.051,0.464
eucalyptus.csv,ADASYN,RUSBoostClassifier,1.125,,,,,,,,,,,0.495,0.112,0.448,0.095,0.524,0.067,0.324,0.1,0.464
shuttle.csv,RandomUnderSampler,BaggingClassifier,0.244,,,,,,,,,,,0.424,0.113,0.406,0.124,0.594,0.182,0.251,0.137,0.463
connect-4_seed_4_nrows_2000_nclasses_10_ncols_100_stratify_True.csv,SMOTETomek,RUSBoostClassifier,1.8,,,,,,,,,,,0.44,0.03,0.453,0.043,0.553,0.036,0.195,0.054,0.463
mabbob_ela_as_5d_classify.csv,SMOTE,BalancedBaggingClassifier,9.783,,,,,,,,,,,0.404,0.097,0.441,0.121,0.586,0.035,0.234,0.067,0.463
contraceptive.csv,RandomUnderSampler,BalancedBaggingClassifier,0.312,,,,,,,,,,,0.485,0.04,0.49,0.042,0.499,0.036,0.239,0.059,0.463
eucalyptus.csv,TomekLinks,BalancedBaggingClassifier,0.509,,,,,,,,,,,0.503,0.08,0.479,0.087,0.489,0.086,0.309,0.111,0.463
balance.csv,EditedNearestNeighbours,RUSBoostClassifier,0.185,,,,,,,,,,,0.412,0.043,0.441,0.047,0.582,0.064,0.287,0.122,0.463
cmc.csv,EditedNearestNeighbours,BaggingClassifier,0.368,,,,,,,,,,,0.424,0.12,0.462,0.034,0.564,0.028,0.25,0.055,0.463
contraceptive.csv,EditedNearestNeighbours,RandomForestClassifier,1.189,,,,,,,,,,,0.557,0.05,0.48,0.027,0.412,0.031,0.267,0.045,0.462
connect-4_seed_4_nrows_2000_nclasses_10_ncols_100_stratify_True.csv,EditedNearestNeighbours,GradientBoostingClassifier,1.263,,,,,,,,,,,0.467,0.121,0.43,0.027,0.544,0.022,0.184,0.042,0.462
Success-Rates-2_clean_subset.csv,RandomUnderSampler,EasyEnsembleClassifier,3.301,,,,,,,,,,,0.526,0.134,0.473,0.152,0.469,0.135,0.267,0.142,0.462
CPMP-2015-classification.csv,EditedNearestNeighbours,EasyEnsembleClassifier,2.71,,,,,,,,,,,0.406,0.096,0.446,0.071,0.566,0.063,0.364,0.086,0.462
cmc.csv,EditedNearestNeighbours,RandomForestClassifier,0.722,,,,,,,,,,,0.409,0.104,0.466,0.041,0.568,0.039,0.262,0.073,0.462
product_sentiment_machine_hack_subset.csv,TomekLinks,EasyEnsembleClassifier,4.337,,,,,,,,,,,0.462,0.077,0.5,0.072,0.498,0.16,0.332,0.096,0.461
connect-4_seed_4_nrows_2000_nclasses_10_ncols_100_stratify_True.csv,SMOTETomek,AdaBoostClassifier,1.274,,,,,,,,,,,0.44,0.027,0.451,0.041,0.55,0.029,0.191,0.047,0.461
cmc.csv,EditedNearestNeighbours,BalancedBaggingClassifier,0.396,,,,,,,,,,,0.447,0.071,0.471,0.066,0.536,0.064,0.225,0.087,0.461
cmc.csv,EditedNearestNeighbours,GradientBoostingClassifier,0.707,,,,,,,,,,,0.429,0.121,0.462,0.041,0.557,0.032,0.254,0.064,0.461
connect-4_seed_4_nrows_2000_nclasses_10_ncols_100_stratify_True.csv,TomekLinks,EasyEnsembleClassifier,2.909,,,,,,,,,,,0.463,0.028,0.471,0.041,0.524,0.029,0.215,0.048,0.461
Multiclass_Classification_for_Corporate_Credit_Ratings.csv,SMOTETomek,EasyEnsembleClassifier,4.763,,,,,,,,,,,0.502,0.045,0.468,0.037,0.464,0.049,0.393,0.047,0.461
yeast.csv,EditedNearestNeighbours,BalancedBaggingClassifier,0.763,,,,,,,,,,,0.427,0.068,0.474,0.068,0.518,0.039,0.404,0.049,0.461
Student_Performance_on_an_Entrance_Examination.csv,SMOTETomek,EasyEnsembleClassifier,2.813,,,,,,,,,,,0.471,0.087,0.445,0.08,0.541,0.066,0.258,0.122,0.461
eucalyptus.csv,RandomUnderSampler,EasyEnsembleClassifier,3.691,,,,,,,,,,,0.505,0.071,0.462,0.071,0.493,0.077,0.308,0.091,0.46
thyroid-dis.csv,EditedNearestNeighbours,BaggingClassifier,0.363,,,,,,,,,,,0.485,0.118,0.371,0.061,0.565,0.021,0.25,0.043,0.46
eucalyptus.csv,RandomUnderSampler,AdaBoostClassifier,0.47,,,,,,,,,,,0.505,0.071,0.462,0.071,0.493,0.077,0.308,0.091,0.46
Student_Performance_on_an_Entrance_Examination.csv,SMOTE,BaggingClassifier,0.274,,,,,,,,,,,0.468,0.087,0.439,0.062,0.543,0.048,0.251,0.085,0.46
eucalyptus.csv,RandomUnderSampler,RUSBoostClassifier,1.175,,,,,,,,,,,0.505,0.071,0.463,0.071,0.493,0.077,0.309,0.091,0.46
Success-Rates-2_clean_subset.csv,EditedNearestNeighbours,EasyEnsembleClassifier,3.643,,,,,,,,,,,0.467,0.075,0.418,0.101,0.549,0.144,0.341,0.172,0.46
Multiclass_Classification_for_Corporate_Credit_Ratings.csv,ADASYN,EasyEnsembleClassifier,13.023,,,,,,,,,,,0.495,0.034,0.469,0.038,0.465,0.041,0.394,0.04,0.46
mfeat-morphological.csv,ADASYN,RUSBoostClassifier,0.574,,,,,,,,,,,0.396,0.104,0.492,0.088,0.449,0.17,0.482,0.146,0.459
car_evaluation.csv,TomekLinks,RUSBoostClassifier,0.147,,,,,,,,,,,0.284,0.064,0.44,0.045,0.603,0.076,0.322,0.127,0.459
eucalyptus_subset.csv,EditedNearestNeighbours,EasyEnsembleClassifier,2.148,,,,,,,,,,,0.457,0.061,0.492,0.061,0.507,0.039,0.277,0.061,0.458
car_subset.csv,EditedNearestNeighbours,EasyEnsembleClassifier,2.002,,,,,,,,,,,0.357,0.026,0.473,0.055,0.572,0.061,0.301,0.069,0.458
mabbob_ela_as_5d_classify.csv,ADASYN,BalancedBaggingClassifier,9.317,,,,,,,,,,,0.402,0.091,0.444,0.125,0.572,0.027,0.221,0.051,0.458
mabbob_ela_as_5d_classify.csv,SMOTETomek,BaggingClassifier,7.78,,,,,,,,,,,0.393,0.07,0.435,0.106,0.582,0.039,0.234,0.071,0.458
led7.csv,EditedNearestNeighbours,BalancedRandomForestClassifier,1.302,,,,,,,,,,,0.436,0.054,0.523,0.036,0.41,0.061,0.433,0.05,0.456
contraceptive.csv,EditedNearestNeighbours,BaggingClassifier,0.377,,,,,,,,,,,0.536,0.042,0.481,0.026,0.419,0.032,0.258,0.043,0.456
Student_Performance_on_an_Entrance_Examination.csv,ADASYN,BalancedBaggingClassifier,0.336,,,,,,,,,,,0.453,0.069,0.447,0.05,0.539,0.05,0.255,0.081,0.456
contraceptive.csv,RandomUnderSampler,BaggingClassifier,0.254,,,,,,,,,,,0.477,0.038,0.482,0.039,0.49,0.034,0.225,0.055,0.456
first-order-theorem-proving .csv,RandomUnderSampler,GradientBoostingClassifier,36.469,,,,,,,,,,,0.436,0.017,0.466,0.02,0.517,0.016,0.374,0.02,0.456
led7.csv,EditedNearestNeighbours,BalancedBaggingClassifier,0.757,,,,,,,,,,,0.428,0.053,0.522,0.046,0.411,0.079,0.438,0.062,0.455
mfeat-morphological.csv,ADASYN,AdaBoostClassifier,0.361,,,,,,,,,,,0.408,0.096,0.498,0.078,0.435,0.167,0.468,0.139,0.455
first-order-theorem-proving_seed_2_nrows_2000_nclasses_10_ncols_100_stratify_True.csv,RandomOverSampler,RandomForestClassifier,3.585,,,,,,,,,,,0.441,0.039,0.433,0.036,0.532,0.026,0.381,0.035,0.455
eucalyptus.csv,RandomUnderSampler,BalancedBaggingClassifier,0.471,,,,,,,,,,,0.495,0.083,0.493,0.106,0.452,0.086,0.304,0.11,0.454
yeast.csv,TomekLinks,BalancedBaggingClassifier,0.349,,,,,,,,,,,0.425,0.061,0.506,0.065,0.482,0.043,0.369,0.043,0.454
Student_Performance_on_an_Entrance_Examination.csv,SMOTETomek,BalancedBaggingClassifier,0.443,,,,,,,,,,,0.464,0.076,0.433,0.053,0.535,0.05,0.242,0.086,0.454
first-order-theorem-proving_seed_2_nrows_2000_nclasses_10_ncols_100_stratify_True.csv,RandomOverSampler,BalancedRandomForestClassifier,4.786,,,,,,,,,,,0.438,0.041,0.429,0.035,0.531,0.024,0.38,0.033,0.453
Student_Performance_on_an_Entrance_Examination.csv,ADASYN,BaggingClassifier,0.287,,,,,,,,,,,0.452,0.054,0.44,0.066,0.538,0.055,0.249,0.096,0.453
mfeat-morphological.csv,EditedNearestNeighbours,BaggingClassifier,0.686,,,,,,,,,,,0.367,0.069,0.433,0.047,0.492,0.043,0.49,0.047,0.453
Student_Performance_on_an_Entrance_Examination.csv,TomekLinks,BaggingClassifier,0.259,,,,,,,,,,,0.457,0.102,0.427,0.067,0.541,0.065,0.252,0.113,0.453
first-order-theorem-proving_seed_2_nrows_2000_nclasses_10_ncols_100_stratify_True.csv,ADASYN,RandomForestClassifier,5.514,,,,,,,,,,,0.432,0.039,0.432,0.042,0.532,0.031,0.38,0.042,0.453
connect-4_seed_4_nrows_2000_nclasses_10_ncols_100_stratify_True.csv,TomekLinks,AdaBoostClassifier,0.513,,,,,,,,,,,0.443,0.068,0.359,0.015,0.566,0.022,0.148,0.067,0.453
mabbob_ela_as_5d_classify.csv,SMOTETomek,BalancedBaggingClassifier,9.38,,,,,,,,,,,0.396,0.106,0.431,0.129,0.569,0.047,0.21,0.086,0.452
ecoli.csv,RandomUnderSampler,BalancedRandomForestClassifier,0.645,,,,,,,,,,,0.426,0.147,0.389,0.1,0.542,0.138,0.412,0.131,0.452
first-order-theorem-proving .csv,RandomUnderSampler,BalancedBaggingClassifier,2.237,,,,,,,,,,,0.435,0.016,0.469,0.021,0.508,0.015,0.367,0.02,0.452
first-order-theorem-proving_seed_2_nrows_2000_nclasses_10_ncols_100_stratify_True.csv,SMOTE,BalancedRandomForestClassifier,7.725,,,,,,,,,,,0.431,0.043,0.432,0.042,0.531,0.028,0.38,0.038,0.452
Student_Performance_on_an_Entrance_Examination.csv,TomekLinks,AdaBoostClassifier,0.223,,,,,,,,,,,0.413,0.079,0.417,0.05,0.551,0.041,0.372,0.091,0.451
Multiclass_Classification_for_Corporate_Credit_Ratings.csv,RandomOverSampler,RUSBoostClassifier,0.935,,,,,,,,,,,0.499,0.054,0.45,0.043,0.445,0.064,0.392,0.054,0.451
CPMP-2015-classification.csv,EditedNearestNeighbours,BalancedBaggingClassifier,0.531,,,,,,,,,,,0.389,0.085,0.429,0.075,0.561,0.062,0.352,0.105,0.451
Multiclass_Classification_for_Corporate_Credit_Ratings.csv,RandomOverSampler,EasyEnsembleClassifier,6.92,,,,,,,,,,,0.499,0.054,0.45,0.043,0.445,0.064,0.392,0.054,0.451
eucalyptus.csv,RandomUnderSampler,BaggingClassifier,0.446,,,,,,,,,,,0.503,0.07,0.483,0.093,0.445,0.075,0.292,0.097,0.451
first-order-theorem-proving_seed_2_nrows_2000_nclasses_10_ncols_100_stratify_True.csv,SMOTE,RandomForestClassifier,5.429,,,,,,,,,,,0.43,0.041,0.431,0.038,0.53,0.029,0.377,0.038,0.451
first-order-theorem-proving .csv,RandomUnderSampler,BaggingClassifier,1.912,,,,,,,,,,,0.434,0.02,0.466,0.027,0.508,0.02,0.366,0.025,0.451
Multiclass_Classification_for_Corporate_Credit_Ratings.csv,RandomOverSampler,AdaBoostClassifier,0.888,,,,,,,,,,,0.499,0.054,0.45,0.043,0.445,0.064,0.392,0.054,0.451
thyroid-dis.csv,EditedNearestNeighbours,RandomForestClassifier,0.766,,,,,,,,,,,0.444,0.099,0.34,0.058,0.577,0.025,0.295,0.048,0.45
first-order-theorem-proving_seed_2_nrows_2000_nclasses_10_ncols_100_stratify_True.csv,SMOTETomek,RandomForestClassifier,5.324,,,,,,,,,,,0.43,0.041,0.431,0.041,0.528,0.028,0.375,0.038,0.45
eucalyptus.csv,TomekLinks,AdaBoostClassifier,0.478,,,,,,,,,,,0.488,0.102,0.393,0.075,0.521,0.058,0.326,0.091,0.45
first-order-theorem-proving_seed_2_nrows_2000_nclasses_10_ncols_100_stratify_True.csv,ADASYN,BalancedRandomForestClassifier,7.127,,,,,,,,,,,0.429,0.04,0.43,0.042,0.529,0.029,0.376,0.04,0.45
thyroid-dis.csv,RandomUnderSampler,GradientBoostingClassifier,0.948,,,,,,,,,,,0.353,0.026,0.556,0.058,0.472,0.045,0.241,0.047,0.45
connect-4_seed_4_nrows_2000_nclasses_10_ncols_100_stratify_True.csv,RandomUnderSampler,BaggingClassifier,0.286,,,,,,,,,,,0.447,0.027,0.469,0.044,0.504,0.025,0.198,0.046,0.45
mfeat-morphological.csv,SMOTETomek,AdaBoostClassifier,0.418,,,,,,,,,,,0.401,0.127,0.489,0.095,0.43,0.182,0.468,0.143,0.45
Diabetes130US_seed_2_nrows_2000_nclasses_10_ncols_100_stratify_True_clean.csv,SMOTE,GradientBoostingClassifier,76.947,,,,,,,,,,,0.452,0.063,0.416,0.028,0.536,0.029,0.193,0.055,0.449
Student_Performance_on_an_Entrance_Examination.csv,SMOTETomek,BaggingClassifier,0.316,,,,,,,,,,,0.451,0.072,0.433,0.052,0.533,0.045,0.24,0.077,0.449
Student_Performance_on_an_Entrance_Examination.csv,ADASYN,EasyEnsembleClassifier,3.048,,,,,,,,,,,0.458,0.097,0.442,0.072,0.522,0.061,0.239,0.099,0.449
Diabetes130US_seed_2_nrows_2000_nclasses_10_ncols_100_stratify_True_clean.csv,SMOTETomek,GradientBoostingClassifier,61.607,,,,,,,,,,,0.439,0.046,0.422,0.029,0.541,0.028,0.198,0.054,0.449
connect-4_seed_4_nrows_2000_nclasses_10_ncols_100_stratify_True.csv,EditedNearestNeighbours,RandomForestClassifier,1.019,,,,,,,,,,,0.433,0.168,0.406,0.034,0.541,0.015,0.141,0.045,0.449
agriculture_dataset_karnataka_clean_subset.csv,RandomOverSampler,AdaBoostClassifier,0.469,,,,,,,,,,,0.516,0.096,0.465,0.045,0.432,0.102,0.198,0.076,0.449
connect-4_seed_4_nrows_2000_nclasses_10_ncols_100_stratify_True.csv,ADASYN,RUSBoostClassifier,0.641,,,,,,,,,,,0.427,0.045,0.438,0.06,0.533,0.055,0.169,0.074,0.449
agriculture_dataset_karnataka_clean_subset.csv,RandomOverSampler,RUSBoostClassifier,0.631,,,,,,,,,,,0.516,0.096,0.465,0.045,0.433,0.101,0.198,0.077,0.449
Multiclass_Classification_for_Corporate_Credit_Ratings.csv,RandomUnderSampler,RUSBoostClassifier,0.566,,,,,,,,,,,0.495,0.059,0.448,0.051,0.446,0.049,0.383,0.051,0.448
wine_quality_white.csv,TomekLinks,GradientBoostingClassifier,12.666,,,,,,,,,,,0.431,0.061,0.316,0.039,0.572,0.015,0.362,0.026,0.448
Multiclass_Classification_for_Corporate_Credit_Ratings.csv,RandomUnderSampler,AdaBoostClassifier,0.468,,,,,,,,,,,0.495,0.059,0.448,0.051,0.446,0.049,0.383,0.051,0.448
agriculture_dataset_karnataka_clean_subset.csv,RandomOverSampler,EasyEnsembleClassifier,4.381,,,,,,,,,,,0.515,0.096,0.465,0.045,0.432,0.102,0.197,0.077,0.448
Multiclass_Classification_for_Corporate_Credit_Ratings.csv,RandomUnderSampler,EasyEnsembleClassifier,3.715,,,,,,,,,,,0.495,0.059,0.448,0.051,0.446,0.049,0.383,0.051,0.448
cmc.csv,EditedNearestNeighbours,AdaBoostClassifier,0.294,,,,,,,,,,,0.362,0.022,0.463,0.039,0.554,0.033,0.253,0.066,0.447
wine-quality-red.csv,SMOTE,GradientBoostingClassifier,17.467,,,,,,,,,,,0.331,0.035,0.36,0.058,0.593,0.035,0.376,0.052,0.447
agriculture_dataset_karnataka_clean_subset.csv,RandomUnderSampler,EasyEnsembleClassifier,2.876,,,,,,,,,,,0.503,0.076,0.479,0.048,0.427,0.103,0.2,0.088,0.447
first-order-theorem-proving_seed_2_nrows_2000_nclasses_10_ncols_100_stratify_True.csv,SMOTETomek,BalancedRandomForestClassifier,7.173,,,,,,,,,,,0.426,0.036,0.428,0.039,0.527,0.025,0.373,0.034,0.447
Student_Performance_on_an_Entrance_Examination.csv,SMOTETomek,RUSBoostClassifier,0.435,,,,,,,,,,,0.46,0.075,0.434,0.067,0.518,0.061,0.229,0.103,0.447
yeast.csv,EditedNearestNeighbours,BalancedRandomForestClassifier,1.192,,,,,,,,,,,0.421,0.083,0.47,0.083,0.498,0.066,0.375,0.082,0.447
Estimation_of_Obesity_Levels.csv,TomekLinks,EasyEnsembleClassifier,3.234,,,,,,,,,,,0.449,0.089,0.489,0.067,0.448,0.068,0.385,0.067,0.447
connect-4_seed_4_nrows_2000_nclasses_10_ncols_100_stratify_True.csv,RandomUnderSampler,BalancedBaggingClassifier,0.335,,,,,,,,,,,0.443,0.028,0.47,0.054,0.497,0.026,0.19,0.051,0.447
Apple_Stock_Price_Trends.csv,SMOTE,GradientBoostingClassifier,14.311,,,,,,,,,,,0.39,0.059,0.367,0.035,0.554,0.027,0.062,0.062,0.447
wine_quality_red.csv,SMOTE,GradientBoostingClassifier,19.549,,,,,,,,,,,0.331,0.035,0.36,0.058,0.593,0.035,0.376,0.052,0.447
Student_Performance_on_an_Entrance_Examination.csv,RandomOverSampler,BaggingClassifier,0.264,,,,,,,,,,,0.441,0.064,0.453,0.067,0.516,0.054,0.233,0.09,0.446
agriculture_dataset_karnataka_clean_subset.csv,RandomUnderSampler,AdaBoostClassifier,0.314,,,,,,,,,,,0.501,0.073,0.478,0.047,0.426,0.101,0.198,0.086,0.446
mabbob_ela_as_5d_classify.csv,SMOTE,BaggingClassifier,7.467,,,,,,,,,,,0.386,0.092,0.412,0.106,0.571,0.036,0.208,0.066,0.446
agriculture_dataset_karnataka_clean_subset.csv,RandomUnderSampler,RUSBoostClassifier,0.438,,,,,,,,,,,0.502,0.074,0.478,0.047,0.426,0.102,0.199,0.087,0.446
Student_Performance_on_an_Entrance_Examination.csv,TomekLinks,BalancedRandomForestClassifier,0.763,,,,,,,,,,,0.445,0.074,0.462,0.073,0.504,0.057,0.243,0.083,0.445
vowel.csv,TomekLinks,AdaBoostClassifier,0.278,,,,,,,,,,,0.402,0.091,0.451,0.079,0.474,0.079,0.445,0.091,0.445
contraceptive.csv,EditedNearestNeighbours,AdaBoostClassifier,0.318,,,,,,,,,,,0.539,0.082,0.47,0.023,0.373,0.031,0.264,0.04,0.444
Student_Performance_on_an_Entrance_Examination.csv,SMOTE,RUSBoostClassifier,0.404,,,,,,,,,,,0.458,0.077,0.43,0.07,0.516,0.059,0.226,0.099,0.444
Success-Rates-2_clean_subset.csv,RandomUnderSampler,BaggingClassifier,0.48,,,,,,,,,,,0.433,0.07,0.438,0.073,0.521,0.111,0.325,0.1,0.444
Student_Performance_on_an_Entrance_Examination.csv,SMOTE,AdaBoostClassifier,0.303,,,,,,,,,,,0.458,0.077,0.43,0.07,0.516,0.059,0.226,0.099,0.444
wine_quality_red.csv,SMOTETomek,GradientBoostingClassifier,16.7,,,,,,,,,,,0.331,0.039,0.362,0.057,0.587,0.034,0.37,0.05,0.444
Diabetes130US_seed_2_nrows_2000_nclasses_10_ncols_100_stratify_True_clean.csv,TomekLinks,BalancedRandomForestClassifier,2.104,,,,,,,,,,,0.43,0.036,0.426,0.034,0.529,0.029,0.18,0.05,0.444
wine-quality-red.csv,SMOTETomek,GradientBoostingClassifier,16.847,,,,,,,,,,,0.331,0.039,0.362,0.057,0.587,0.034,0.37,0.05,0.444
Student_Performance_on_an_Entrance_Examination.csv,SMOTE,EasyEnsembleClassifier,2.799,,,,,,,,,,,0.458,0.077,0.43,0.07,0.516,0.059,0.226,0.099,0.444
synthetic_control.csv,EditedNearestNeighbours,AdaBoostClassifier,0.388,,,,,,,,,,,0.341,0.127,0.43,0.094,0.495,0.097,0.467,0.111,0.443
Student_Performance_on_an_Entrance_Examination.csv,RandomOverSampler,BalancedBaggingClassifier,0.413,,,,,,,,,,,0.439,0.067,0.451,0.067,0.513,0.054,0.229,0.096,0.443
Diabetes130US_seed_2_nrows_2000_nclasses_10_ncols_100_stratify_True_clean.csv,ADASYN,GradientBoostingClassifier,80.423,,,,,,,,,,,0.435,0.061,0.413,0.029,0.534,0.031,0.192,0.058,0.443
product_sentiment_machine_hack_subset.csv,EditedNearestNeighbours,EasyEnsembleClassifier,3.594,,,,,,,,,,,0.387,0.086,0.439,0.101,0.526,0.15,0.378,0.144,0.443
Student_Performance_on_an_Entrance_Examination.csv,TomekLinks,EasyEnsembleClassifier,2.046,,,,,,,,,,,0.458,0.075,0.48,0.072,0.468,0.075,0.246,0.084,0.442
connect-4_seed_4_nrows_2000_nclasses_10_ncols_100_stratify_True.csv,RandomUnderSampler,AdaBoostClassifier,0.325,,,,,,,,,,,0.439,0.034,0.448,0.049,0.502,0.038,0.178,0.058,0.442
connect-4_seed_4_nrows_2000_nclasses_10_ncols_100_stratify_True.csv,RandomUnderSampler,RUSBoostClassifier,0.408,,,,,,,,,,,0.439,0.034,0.448,0.049,0.502,0.038,0.178,0.058,0.442
connect-4_seed_4_nrows_2000_nclasses_10_ncols_100_stratify_True.csv,RandomUnderSampler,EasyEnsembleClassifier,2.907,,,,,,,,,,,0.439,0.034,0.448,0.049,0.502,0.038,0.178,0.058,0.442
Apple_Stock_Price_Trends.csv,ADASYN,GradientBoostingClassifier,15.778,,,,,,,,,,,0.377,0.062,0.359,0.04,0.546,0.029,0.044,0.068,0.441
mabbob_ela_as_5d_classify.csv,TomekLinks,BalancedRandomForestClassifier,0.86,,,,,,,,,,,0.354,0.048,0.487,0.139,0.516,0.043,0.178,0.075,0.441
Success-Rates-2_clean_subset.csv,RandomUnderSampler,RUSBoostClassifier,0.58,,,,,,,,,,,0.489,0.137,0.467,0.14,0.443,0.131,0.291,0.122,0.441
Diabetes130US_seed_2_nrows_2000_nclasses_10_ncols_100_stratify_True_clean.csv,RandomOverSampler,GradientBoostingClassifier,75.464,,,,,,,,,,,0.428,0.032,0.431,0.037,0.521,0.032,0.183,0.053,0.441
Diabetes130US_seed_2_nrows_2000_nclasses_10_ncols_100_stratify_True_clean.csv,TomekLinks,GradientBoostingClassifier,16.501,,,,,,,,,,,0.442,0.062,0.408,0.026,0.528,0.03,0.189,0.057,0.441
Student_Performance_on_an_Entrance_Examination.csv,SMOTETomek,AdaBoostClassifier,0.295,,,,,,,,,,,0.453,0.077,0.429,0.071,0.509,0.06,0.22,0.094,0.44
cmc.csv,EditedNearestNeighbours,BalancedRandomForestClassifier,0.901,,,,,,,,,,,0.45,0.07,0.468,0.074,0.476,0.1,0.206,0.101,0.44
dgf_96f4164d-956d-4c1c-b161-68724eb0ccdc_clean.csv,TomekLinks,EasyEnsembleClassifier,3.6,,,,,,,,,,,0.457,0.069,0.472,0.051,0.415,0.067,0.404,0.066,0.439
Student_Performance_on_an_Entrance_Examination.csv,TomekLinks,BalancedBaggingClassifier,0.263,,,,,,,,,,,0.441,0.067,0.473,0.077,0.479,0.074,0.241,0.089,0.438
connect-4_seed_4_nrows_2000_nclasses_10_ncols_100_stratify_True.csv,EditedNearestNeighbours,BalancedRandomForestClassifier,1.171,,,,,,,,,,,0.433,0.029,0.433,0.041,0.502,0.031,0.152,0.049,0.438
thyroid-dis.csv,RandomUnderSampler,BaggingClassifier,0.271,,,,,,,,,,,0.348,0.031,0.543,0.066,0.454,0.053,0.224,0.05,0.438
first-order-theorem-proving_seed_2_nrows_2000_nclasses_10_ncols_100_stratify_True.csv,SMOTE,GradientBoostingClassifier,78.181,,,,,,,,,,,0.415,0.032,0.426,0.036,0.512,0.025,0.357,0.032,0.437
Apple_Stock_Price_Trends.csv,SMOTE,BalancedRandomForestClassifier,4.497,,,,,,,,,,,0.372,0.036,0.369,0.033,0.54,0.027,0.059,0.054,0.437
synthetic_control.csv,ADASYN,RUSBoostClassifier,1.008,,,,,,,,,,,0.405,0.173,0.486,0.142,0.44,0.228,0.404,0.213,0.437
Student_Performance_on_an_Entrance_Examination.csv,EditedNearestNeighbours,BalancedRandomForestClassifier,0.725,,,,,,,,,,,0.416,0.082,0.457,0.078,0.506,0.078,0.27,0.126,0.436
connect-4_seed_4_nrows_2000_nclasses_10_ncols_100_stratify_True.csv,EditedNearestNeighbours,BaggingClassifier,0.532,,,,,,,,,,,0.42,0.124,0.412,0.043,0.515,0.019,0.137,0.043,0.436
Student_Performance_on_an_Entrance_Examination.csv,EditedNearestNeighbours,BaggingClassifier,0.251,,,,,,,,,,,0.419,0.118,0.449,0.056,0.507,0.049,0.263,0.089,0.435
Apple_Stock_Price_Trends.csv,SMOTE,RandomForestClassifier,9.273,,,,,,,,,,,0.371,0.044,0.367,0.038,0.537,0.029,0.052,0.059,0.435
Student_Performance_on_an_Entrance_Examination.csv,EditedNearestNeighbours,EasyEnsembleClassifier,1.936,,,,,,,,,,,0.446,0.074,0.459,0.077,0.478,0.11,0.272,0.103,0.435
Diabetes130US_seed_2_nrows_2000_nclasses_10_ncols_100_stratify_True_clean.csv,SMOTE,BalancedRandomForestClassifier,6.327,,,,,,,,,,,0.44,0.134,0.396,0.017,0.518,0.023,0.182,0.043,0.434
thyroid-dis.csv,RandomUnderSampler,BalancedBaggingClassifier,0.312,,,,,,,,,,,0.341,0.028,0.541,0.068,0.446,0.048,0.21,0.049,0.434
Apple_Stock_Price_Trends.csv,TomekLinks,GradientBoostingClassifier,5.398,,,,,,,,,,,0.363,0.105,0.338,0.019,0.541,0.018,0.014,0.06,0.434
Apple_Stock_Price_Trends.csv,ADASYN,BalancedRandomForestClassifier,4.19,,,,,,,,,,,0.37,0.037,0.366,0.032,0.536,0.024,0.052,0.048,0.434
mabbob_ela_as_5d_classify.csv,TomekLinks,AdaBoostClassifier,0.757,,,,,,,,,,,0.368,0.127,0.353,0.106,0.562,0.026,0.125,0.066,0.433
Student_Performance_on_an_Entrance_Examination.csv,ADASYN,AdaBoostClassifier,0.263,,,,,,,,,,,0.437,0.075,0.438,0.071,0.498,0.072,0.225,0.099,0.433
led7.csv,EditedNearestNeighbours,GradientBoostingClassifier,1.709,,,,,,,,,,,0.43,0.064,0.491,0.042,0.385,0.059,0.405,0.052,0.432
Student_Performance_on_an_Entrance_Examination.csv,ADASYN,RUSBoostClassifier,0.438,,,,,,,,,,,0.437,0.066,0.439,0.073,0.491,0.059,0.215,0.108,0.432
Apple_Stock_Price_Trends.csv,ADASYN,RandomForestClassifier,2.813,,,,,,,,,,,0.367,0.04,0.367,0.038,0.532,0.024,0.051,0.053,0.432
first-order-theorem-proving_seed_2_nrows_2000_nclasses_10_ncols_100_stratify_True.csv,TomekLinks,RandomForestClassifier,1.745,,,,,,,,,,,0.436,0.044,0.395,0.034,0.506,0.027,0.353,0.035,0.432
Diabetes130US_seed_2_nrows_2000_nclasses_10_ncols_100_stratify_True_clean.csv,SMOTETomek,EasyEnsembleClassifier,47.326,,,,,,,,,,,0.414,0.037,0.408,0.029,0.518,0.03,0.158,0.054,0.432
autoUniv-au7-500.csv,SMOTE,BaggingClassifier,0.324,,,,,,,,,,,0.447,0.061,0.425,0.051,0.488,0.05,0.327,0.067,0.432
dionis_seed_0_nrows_2000_nclasses_10_ncols_100_stratify_True.csv,RandomUnderSampler,BalancedRandomForestClassifier,28.79,,,,,,,,,,,0.357,0.039,0.407,0.041,0.446,0.041,0.486,0.042,0.431
first-order-theorem-proving_seed_2_nrows_2000_nclasses_10_ncols_100_stratify_True.csv,SMOTETomek,GradientBoostingClassifier,74.729,,,,,,,,,,,0.407,0.03,0.42,0.034,0.508,0.029,0.352,0.038,0.431
vehicle.csv,EditedNearestNeighbours,EasyEnsembleClassifier,2.351,,,,,,,,,,,0.433,0.11,0.436,0.096,0.495,0.129,0.29,0.128,0.431
Diabetes130US_seed_2_nrows_2000_nclasses_10_ncols_100_stratify_True_clean.csv,SMOTE,BalancedBaggingClassifier,22.887,,,,,,,,,,,0.419,0.051,0.399,0.03,0.514,0.032,0.147,0.061,0.431
shuttle.csv,RandomUnderSampler,BalancedBaggingClassifier,0.254,,,,,,,,,,,0.385,0.069,0.42,0.115,0.535,0.177,0.259,0.131,0.43
Diabetes130US_seed_2_nrows_2000_nclasses_10_ncols_100_stratify_True_clean.csv,SMOTE,BaggingClassifier,3.091,,,,,,,,,,,0.419,0.051,0.398,0.02,0.514,0.019,0.148,0.038,0.43
Diabetes130US_seed_2_nrows_2000_nclasses_10_ncols_100_stratify_True_clean.csv,SMOTETomek,BalancedBaggingClassifier,4.917,,,,,,,,,,,0.414,0.049,0.4,0.03,0.515,0.027,0.151,0.051,0.429
synthetic_control.csv,ADASYN,EasyEnsembleClassifier,7.707,,,,,,,,,,,0.405,0.138,0.482,0.131,0.425,0.227,0.389,0.206,0.429
led7.csv,EditedNearestNeighbours,RandomForestClassifier,1.124,,,,,,,,,,,0.425,0.061,0.487,0.041,0.382,0.061,0.402,0.055,0.429
Diabetes130US_seed_2_nrows_2000_nclasses_10_ncols_100_stratify_True_clean.csv,ADASYN,BaggingClassifier,3.356,,,,,,,,,,,0.416,0.065,0.398,0.032,0.513,0.03,0.145,0.054,0.429
first-order-theorem-proving_seed_2_nrows_2000_nclasses_10_ncols_100_stratify_True.csv,ADASYN,GradientBoostingClassifier,77.898,,,,,,,,,,,0.404,0.038,0.415,0.04,0.506,0.031,0.348,0.041,0.428
Diabetes130US_seed_2_nrows_2000_nclasses_10_ncols_100_stratify_True_clean.csv,SMOTETomek,BaggingClassifier,3.365,,,,,,,,,,,0.411,0.048,0.399,0.031,0.514,0.031,0.148,0.059,0.428
led7.csv,EditedNearestNeighbours,BaggingClassifier,0.726,,,,,,,,,,,0.413,0.057,0.496,0.039,0.376,0.061,0.405,0.05,0.428
Diabetes130US_seed_2_nrows_2000_nclasses_10_ncols_100_stratify_True_clean.csv,TomekLinks,EasyEnsembleClassifier,8.675,,,,,,,,,,,0.425,0.031,0.434,0.042,0.483,0.032,0.158,0.05,0.428
first-order-theorem-proving_seed_2_nrows_2000_nclasses_10_ncols_100_stratify_True.csv,RandomOverSampler,GradientBoostingClassifier,48.766,,,,,,,,,,,0.405,0.032,0.418,0.037,0.504,0.028,0.347,0.037,0.428
Diabetes130US_seed_2_nrows_2000_nclasses_10_ncols_100_stratify_True_clean.csv,SMOTETomek,AdaBoostClassifier,7.884,,,,,,,,,,,0.411,0.036,0.409,0.035,0.505,0.031,0.143,0.054,0.428
Diabetes130US_seed_2_nrows_2000_nclasses_10_ncols_100_stratify_True_clean.csv,SMOTE,RandomForestClassifier,2.983,,,,,,,,,,,0.43,0.121,0.391,0.021,0.511,0.025,0.167,0.055,0.428
CPMP-2015-classification.csv,EditedNearestNeighbours,RandomForestClassifier,0.782,,,,,,,,,,,0.299,0.061,0.405,0.056,0.541,0.043,0.364,0.088,0.427
mabbob_ela_as_2d_classify.csv,RandomOverSampler,RandomForestClassifier,2.759,,,,,,,,,,,0.414,0.097,0.347,0.078,0.545,0.032,0.208,0.063,0.427
first-order-theorem-proving_seed_2_nrows_2000_nclasses_10_ncols_100_stratify_True.csv,RandomOverSampler,BaggingClassifier,2.298,,,,,,,,,,,0.408,0.035,0.41,0.038,0.506,0.028,0.346,0.038,0.427
Student_Performance_on_an_Entrance_Examination.csv,RandomUnderSampler,EasyEnsembleClassifier,2.106,,,,,,,,,,,0.448,0.087,0.442,0.071,0.467,0.072,0.215,0.085,0.427
Diabetes130US_seed_2_nrows_2000_nclasses_10_ncols_100_stratify_True_clean.csv,ADASYN,BalancedBaggingClassifier,5.791,,,,,,,,,,,0.415,0.056,0.395,0.031,0.51,0.027,0.141,0.051,0.427
Student_Performance_on_an_Entrance_Examination.csv,RandomUnderSampler,RUSBoostClassifier,0.339,,,,,,,,,,,0.448,0.087,0.442,0.071,0.467,0.072,0.215,0.085,0.427
Student_Performance_on_an_Entrance_Examination.csv,RandomUnderSampler,AdaBoostClassifier,0.197,,,,,,,,,,,0.448,0.087,0.442,0.071,0.467,0.072,0.215,0.085,0.427
thyroid-dis.csv,RandomUnderSampler,EasyEnsembleClassifier,2.273,,,,,,,,,,,0.369,0.038,0.505,0.059,0.461,0.078,0.232,0.051,0.427
Apple_Stock_Price_Trends.csv,TomekLinks,RandomForestClassifier,1.365,,,,,,,,,,,0.336,0.111,0.337,0.021,0.541,0.02,0.021,0.063,0.427
Success-Rates-2_clean_subset.csv,RandomUnderSampler,AdaBoostClassifier,0.421,,,,,,,,,,,0.469,0.11,0.45,0.131,0.438,0.129,0.273,0.127,0.427
first-order-theorem-proving_seed_2_nrows_2000_nclasses_10_ncols_100_stratify_True.csv,TomekLinks,BalancedRandomForestClassifier,1.705,,,,,,,,,,,0.406,0.033,0.419,0.038,0.5,0.027,0.343,0.035,0.427
first-order-theorem-proving_seed_2_nrows_2000_nclasses_10_ncols_100_stratify_True.csv,RandomOverSampler,BalancedBaggingClassifier,2.564,,,,,,,,,,,0.407,0.034,0.408,0.032,0.506,0.025,0.346,0.033,0.427
Apple_Stock_Price_Trends.csv,RandomOverSampler,BalancedBaggingClassifier,2.424,,,,,,,,,,,0.359,0.045,0.355,0.04,0.523,0.031,0.026,0.067,0.426
thyroid-dis.csv,RandomUnderSampler,AdaBoostClassifier,0.235,,,,,,,,,,,0.37,0.038,0.504,0.06,0.46,0.078,0.231,0.052,0.426
Diabetes130US_seed_2_nrows_2000_nclasses_10_ncols_100_stratify_True_clean.csv,ADASYN,EasyEnsembleClassifier,62.238,,,,,,,,,,,0.408,0.033,0.4,0.027,0.505,0.022,0.133,0.04,0.426
ecoli.csv,RandomUnderSampler,BaggingClassifier,0.24,,,,,,,,,,,0.405,0.141,0.353,0.119,0.521,0.116,0.372,0.13,0.426
product_sentiment_machine_hack_subset.csv,RandomUnderSampler,AdaBoostClassifier,0.585,,,,,,,,,,,0.378,0.16,0.468,0.074,0.463,0.284,0.37,0.214,0.426
thyroid-dis.csv,RandomUnderSampler,RUSBoostClassifier,0.336,,,,,,,,,,,0.37,0.038,0.504,0.06,0.46,0.078,0.231,0.052,0.426
total_score.csv,EditedNearestNeighbours,RandomForestClassifier,0.606,,,,,,,,,,,0.293,0.027,0.488,0.021,0.493,0.016,0.317,0.04,0.425
Apple_Stock_Price_Trends.csv,SMOTETomek,GradientBoostingClassifier,9.355,,,,,,,,,,,0.356,0.041,0.356,0.035,0.522,0.03,0.028,0.056,0.425
Apple_Stock_Price_Trends.csv,RandomOverSampler,BaggingClassifier,1.229,,,,,,,,,,,0.358,0.044,0.353,0.04,0.522,0.03,0.023,0.064,0.425
first-order-theorem-proving_seed_2_nrows_2000_nclasses_10_ncols_100_stratify_True.csv,ADASYN,BaggingClassifier,3.379,,,,,,,,,,,0.406,0.035,0.409,0.037,0.503,0.029,0.342,0.039,0.425
vowel.csv,TomekLinks,EasyEnsembleClassifier,2.314,,,,,,,,,,,0.453,0.111,0.473,0.09,0.376,0.099,0.372,0.091,0.425
product_sentiment_machine_hack_subset.csv,RandomUnderSampler,EasyEnsembleClassifier,4.068,,,,,,,,,,,0.378,0.16,0.464,0.073,0.463,0.284,0.37,0.214,0.425
Apple_Stock_Price_Trends.csv,SMOTETomek,BalancedRandomForestClassifier,2.877,,,,,,,,,,,0.366,0.044,0.368,0.047,0.515,0.037,0.046,0.067,0.424
mfeat-morphological.csv,RandomUnderSampler,AdaBoostClassifier,0.295,,,,,,,,,,,0.375,0.135,0.474,0.094,0.394,0.181,0.435,0.153,0.424
mfeat-morphological.csv,RandomUnderSampler,RUSBoostClassifier,0.415,,,,,,,,,,,0.375,0.135,0.474,0.094,0.394,0.181,0.435,0.153,0.424
Student_Performance_on_an_Entrance_Examination.csv,EditedNearestNeighbours,BalancedBaggingClassifier,0.323,,,,,,,,,,,0.405,0.079,0.45,0.07,0.486,0.075,0.252,0.103,0.424
first-order-theorem-proving_seed_2_nrows_2000_nclasses_10_ncols_100_stratify_True.csv,SMOTETomek,BalancedBaggingClassifier,4.324,,,,,,,,,,,0.402,0.036,0.408,0.04,0.503,0.031,0.342,0.041,0.424
first-order-theorem-proving_seed_2_nrows_2000_nclasses_10_ncols_100_stratify_True.csv,TomekLinks,GradientBoostingClassifier,20.128,,,,,,,,,,,0.43,0.048,0.384,0.035,0.498,0.031,0.343,0.041,0.424
Apple_Stock_Price_Trends.csv,RandomOverSampler,BalancedRandomForestClassifier,5.384,,,,,,,,,,,0.344,0.055,0.341,0.036,0.529,0.03,0.01,0.066,0.424
Diabetes130US_seed_2_nrows_2000_nclasses_10_ncols_100_stratify_True_clean.csv,TomekLinks,BaggingClassifier,1.53,,,,,,,,,,,0.406,0.045,0.392,0.022,0.51,0.026,0.144,0.051,0.424
Diabetes130US_seed_2_nrows_2000_nclasses_10_ncols_100_stratify_True_clean.csv,RandomOverSampler,RandomForestClassifier,4.798,,,,,,,,,,,0.403,0.086,0.394,0.019,0.517,0.026,0.167,0.055,0.424
first-order-theorem-proving_seed_2_nrows_2000_nclasses_10_ncols_100_stratify_True.csv,ADASYN,BalancedBaggingClassifier,4.344,,,,,,,,,,,0.406,0.034,0.411,0.035,0.5,0.028,0.338,0.037,0.424
mfeat-morphological.csv,RandomUnderSampler,EasyEnsembleClassifier,2.543,,,,,,,,,,,0.375,0.135,0.474,0.094,0.394,0.181,0.435,0.153,0.424
Diabetes130US_seed_2_nrows_2000_nclasses_10_ncols_100_stratify_True_clean.csv,RandomOverSampler,AdaBoostClassifier,6.541,,,,,,,,,,,0.416,0.026,0.425,0.03,0.479,0.031,0.142,0.042,0.423
Estimation_of_Obesity_Levels.csv,ADASYN,EasyEnsembleClassifier,6.075,,,,,,,,,,,0.419,0.083,0.473,0.062,0.417,0.069,0.363,0.063,0.423
Student_Performance_on_an_Entrance_Examination.csv,EditedNearestNeighbours,GradientBoostingClassifier,0.585,,,,,,,,,,,0.409,0.103,0.435,0.073,0.493,0.061,0.244,0.104,0.423
mabbob_ela_as_2d_classify.csv,RandomOverSampler,BalancedRandomForestClassifier,3.285,,,,,,,,,,,0.408,0.103,0.342,0.076,0.542,0.035,0.201,0.07,0.423
first-order-theorem-proving_seed_2_nrows_2000_nclasses_10_ncols_100_stratify_True.csv,SMOTE,BaggingClassifier,3.346,,,,,,,,,,,0.402,0.032,0.406,0.033,0.502,0.024,0.34,0.032,0.423
product_sentiment_machine_hack_subset.csv,RandomUnderSampler,RUSBoostClassifier,0.743,,,,,,,,,,,0.378,0.16,0.465,0.071,0.458,0.281,0.365,0.214,0.423
Diabetes130US_seed_2_nrows_2000_nclasses_10_ncols_100_stratify_True_clean.csv,TomekLinks,BalancedBaggingClassifier,1.265,,,,,,,,,,,0.408,0.026,0.408,0.032,0.497,0.026,0.142,0.046,0.423
first-order-theorem-proving_seed_2_nrows_2000_nclasses_10_ncols_100_stratify_True.csv,SMOTE,BalancedBaggingClassifier,4.284,,,,,,,,,,,0.401,0.033,0.408,0.037,0.502,0.025,0.341,0.033,0.423
Diabetes130US_seed_2_nrows_2000_nclasses_10_ncols_100_stratify_True_clean.csv,RandomOverSampler,EasyEnsembleClassifier,64.517,,,,,,,,,,,0.416,0.026,0.425,0.03,0.479,0.031,0.142,0.042,0.423
Diabetes130US_seed_2_nrows_2000_nclasses_10_ncols_100_stratify_True_clean.csv,RandomOverSampler,RUSBoostClassifier,7.804,,,,,,,,,,,0.416,0.026,0.425,0.03,0.479,0.031,0.142,0.042,0.423
Apple_Stock_Price_Trends.csv,RandomOverSampler,RandomForestClassifier,3.987,,,,,,,,,,,0.34,0.044,0.34,0.031,0.527,0.027,0.01,0.06,0.422
Multiclass_Classification_for_Corporate_Credit_Ratings.csv,ADASYN,AdaBoostClassifier,1.054,,,,,,,,,,,0.464,0.052,0.426,0.042,0.422,0.056,0.361,0.054,0.422
Apple_Stock_Price_Trends.csv,SMOTETomek,RandomForestClassifier,2.279,,,,,,,,,,,0.368,0.044,0.371,0.05,0.508,0.037,0.045,0.07,0.422
first-order-theorem-proving .csv,EditedNearestNeighbours,RandomForestClassifier,2.401,,,,,,,,,,,0.477,0.029,0.378,0.022,0.459,0.02,0.327,0.022,0.422
Diabetes130US_seed_2_nrows_2000_nclasses_10_ncols_100_stratify_True_clean.csv,ADASYN,AdaBoostClassifier,7.361,,,,,,,,,,,0.403,0.038,0.394,0.029,0.501,0.029,0.127,0.05,0.422
vowel.csv,ADASYN,EasyEnsembleClassifier,6.318,,,,,,,,,,,0.446,0.099,0.475,0.086,0.372,0.09,0.371,0.085,0.422
mfeat-morphological.csv,RandomOverSampler,EasyEnsembleClassifier,3.332,,,,,,,,,,,0.385,0.118,0.471,0.088,0.385,0.174,0.429,0.146,0.421
first-order-theorem-proving_seed_2_nrows_2000_nclasses_10_ncols_100_stratify_True.csv,SMOTETomek,BaggingClassifier,3.451,,,,,,,,,,,0.399,0.039,0.405,0.043,0.501,0.031,0.339,0.041,0.421
Diabetes130US_seed_2_nrows_2000_nclasses_10_ncols_100_stratify_True_clean.csv,RandomOverSampler,BalancedBaggingClassifier,4.701,,,,,,,,,,,0.396,0.042,0.394,0.031,0.508,0.028,0.137,0.052,0.421
Apple_Stock_Price_Trends.csv,ADASYN,BalancedBaggingClassifier,2.114,,,,,,,,,,,0.358,0.037,0.356,0.038,0.513,0.035,0.03,0.06,0.421
Diabetes130US_seed_2_nrows_2000_nclasses_10_ncols_100_stratify_True_clean.csv,SMOTETomek,RandomForestClassifier,3.781,,,,,,,,,,,0.409,0.075,0.388,0.023,0.507,0.027,0.151,0.056,0.421
mabbob_ela_as_2d_classify.csv,ADASYN,GradientBoostingClassifier,99.442,,,,,,,,,,,0.378,0.081,0.408,0.088,0.524,0.047,0.221,0.068,0.421
mfeat-morphological.csv,RandomOverSampler,RUSBoostClassifier,0.503,,,,,,,,,,,0.385,0.118,0.471,0.088,0.385,0.174,0.429,0.146,0.421
total_score.csv,EditedNearestNeighbours,BalancedRandomForestClassifier,0.815,,,,,,,,,,,0.295,0.029,0.485,0.033,0.489,0.035,0.297,0.055,0.421
connect-4_seed_4_nrows_2000_nclasses_10_ncols_100_stratify_True.csv,EditedNearestNeighbours,BalancedBaggingClassifier,0.6,,,,,,,,,,,0.423,0.04,0.424,0.055,0.468,0.046,0.138,0.064,0.421
mfeat-morphological.csv,RandomOverSampler,AdaBoostClassifier,0.388,,,,,,,,,,,0.385,0.118,0.471,0.088,0.385,0.174,0.429,0.146,0.421
Student_Performance_on_an_Entrance_Examination.csv,RandomUnderSampler,BalancedRandomForestClassifier,0.779,,,,,,,,,,,0.432,0.06,0.485,0.07,0.418,0.065,0.234,0.079,0.421
Diabetes130US_seed_2_nrows_2000_nclasses_10_ncols_100_stratify_True_clean.csv,SMOTE,EasyEnsembleClassifier,67.94,,,,,,,,,,,0.398,0.035,0.395,0.031,0.499,0.028,0.127,0.05,0.42
Student_Performance_on_an_Entrance_Examination.csv,RandomOverSampler,RUSBoostClassifier,0.411,,,,,,,,,,,0.419,0.066,0.432,0.063,0.479,0.051,0.204,0.085,0.42
Diabetes130US_seed_2_nrows_2000_nclasses_10_ncols_100_stratify_True_clean.csv,SMOTE,AdaBoostClassifier,7.02,,,,,,,,,,,0.398,0.035,0.395,0.031,0.499,0.028,0.127,0.05,0.42
Apple_Stock_Price_Trends.csv,SMOTE,BaggingClassifier,1.681,,,,,,,,,,,0.355,0.037,0.354,0.036,0.513,0.029,0.029,0.052,0.42
autoUniv-au7-500.csv,SMOTE,RandomForestClassifier,0.884,,,,,,,,,,,0.432,0.069,0.409,0.056,0.481,0.054,0.314,0.073,0.42
Student_Performance_on_an_Entrance_Examination.csv,RandomOverSampler,AdaBoostClassifier,0.227,,,,,,,,,,,0.419,0.066,0.432,0.063,0.479,0.051,0.204,0.085,0.42
dermatology.csv,RandomUnderSampler,AdaBoostClassifier,0.205,,,,,,,,,,,0.319,0.163,0.423,0.139,0.423,0.191,0.474,0.175,0.42
Student_Performance_on_an_Entrance_Examination.csv,RandomOverSampler,EasyEnsembleClassifier,2.622,,,,,,,,,,,0.419,0.066,0.432,0.063,0.479,0.051,0.204,0.085,0.42
Diabetes130US_seed_2_nrows_2000_nclasses_10_ncols_100_stratify_True_clean.csv,SMOTETomek,RUSBoostClassifier,5.529,,,,,,,,,,,0.402,0.035,0.401,0.033,0.492,0.035,0.121,0.054,0.42
Diabetes130US_seed_2_nrows_2000_nclasses_10_ncols_100_stratify_True_clean.csv,SMOTE,RUSBoostClassifier,8.069,,,,,,,,,,,0.398,0.035,0.395,0.031,0.499,0.028,0.127,0.05,0.42
Diabetes130US_seed_2_nrows_2000_nclasses_10_ncols_100_stratify_True_clean.csv,ADASYN,RUSBoostClassifier,6.324,,,,,,,,,,,0.4,0.03,0.394,0.021,0.495,0.023,0.119,0.038,0.419
total_score.csv,EditedNearestNeighbours,BalancedBaggingClassifier,0.454,,,,,,,,,,,0.27,0.032,0.486,0.016,0.488,0.028,0.284,0.065,0.419
thyroid-dis.csv,EditedNearestNeighbours,AdaBoostClassifier,0.383,,,,,,,,,,,0.405,0.119,0.335,0.066,0.539,0.032,0.21,0.054,0.419
dermatology.csv,RandomUnderSampler,RUSBoostClassifier,0.317,,,,,,,,,,,0.319,0.162,0.422,0.139,0.423,0.197,0.472,0.182,0.419
dionis_seed_0_nrows_2000_nclasses_10_ncols_100_stratify_True.csv,RandomUnderSampler,RandomForestClassifier,22.671,,,,,,,,,,,0.346,0.038,0.395,0.039,0.435,0.043,0.474,0.044,0.419
Diabetes130US_seed_2_nrows_2000_nclasses_10_ncols_100_stratify_True_clean.csv,RandomOverSampler,BalancedRandomForestClassifier,6.064,,,,,,,,,,,0.379,0.048,0.396,0.021,0.521,0.026,0.177,0.057,0.419
Apple_Stock_Price_Trends.csv,TomekLinks,BaggingClassifier,0.89,,,,,,,,,,,0.318,0.064,0.336,0.029,0.531,0.027,0.007,0.069,0.419
Diabetes130US_seed_2_nrows_2000_nclasses_10_ncols_100_stratify_True_clean.csv,SMOTETomek,BalancedRandomForestClassifier,5.114,,,,,,,,,,,0.406,0.098,0.386,0.017,0.506,0.02,0.155,0.041,0.419
Diabetes130US_seed_2_nrows_2000_nclasses_10_ncols_100_stratify_True_clean.csv,RandomOverSampler,BaggingClassifier,2.272,,,,,,,,,,,0.393,0.039,0.388,0.031,0.503,0.031,0.128,0.056,0.418
mabbob_ela_as_2d_classify.csv,TomekLinks,GradientBoostingClassifier,38.024,,,,,,,,,,,0.404,0.103,0.343,0.087,0.533,0.039,0.197,0.077,0.418
Apple_Stock_Price_Trends.csv,SMOTE,BalancedBaggingClassifier,1.665,,,,,,,,,,,0.351,0.041,0.351,0.041,0.512,0.033,0.027,0.062,0.418
mabbob_ela_as_2d_classify.csv,SMOTE,RandomForestClassifier,3.89,,,,,,,,,,,0.367,0.101,0.393,0.096,0.531,0.046,0.207,0.076,0.418
Apple_Stock_Price_Trends.csv,RandomOverSampler,GradientBoostingClassifier,13.031,,,,,,,,,,,0.371,0.034,0.378,0.04,0.497,0.032,0.056,0.058,0.418
mabbob_ela_as_2d_classify.csv,TomekLinks,RandomForestClassifier,5.115,,,,,,,,,,,0.459,0.133,0.304,0.082,0.499,0.033,0.174,0.077,0.417
Student_Performance_on_an_Entrance_Examination.csv,EditedNearestNeighbours,RandomForestClassifier,0.656,,,,,,,,,,,0.405,0.106,0.429,0.062,0.486,0.075,0.254,0.11,0.417
total_score.csv,EditedNearestNeighbours,GradientBoostingClassifier,0.378,,,,,,,,,,,0.285,0.063,0.481,0.03,0.486,0.021,0.287,0.056,0.417
Diabetes130US_seed_2_nrows_2000_nclasses_10_ncols_100_stratify_True_clean.csv,ADASYN,BalancedRandomForestClassifier,5.441,,,,,,,,,,,0.399,0.073,0.387,0.016,0.507,0.021,0.167,0.047,0.417
autoUniv-au7-500.csv,ADASYN,BalancedRandomForestClassifier,1.284,,,,,,,,,,,0.432,0.082,0.408,0.064,0.474,0.054,0.308,0.072,0.417
thyroid-dis.csv,EditedNearestNeighbours,BalancedBaggingClassifier,0.384,,,,,,,,,,,0.379,0.062,0.438,0.063,0.492,0.05,0.22,0.049,0.416
Student_Performance_on_an_Entrance_Examination.csv,RandomUnderSampler,BaggingClassifier,0.246,,,,,,,,,,,0.424,0.069,0.473,0.09,0.422,0.07,0.221,0.105,0.416
autoUniv-au7-500.csv,SMOTETomek,RandomForestClassifier,0.755,,,,,,,,,,,0.424,0.089,0.411,0.074,0.475,0.064,0.307,0.084,0.416
total_score.csv,EditedNearestNeighbours,BaggingClassifier,0.417,,,,,,,,,,,0.28,0.066,0.48,0.03,0.486,0.024,0.288,0.059,0.416
cmc.csv,EditedNearestNeighbours,EasyEnsembleClassifier,2.028,,,,,,,,,,,0.433,0.058,0.454,0.06,0.427,0.097,0.173,0.081,0.416
autoUniv-au7-500.csv,SMOTE,BalancedRandomForestClassifier,1.117,,,,,,,,,,,0.428,0.081,0.398,0.063,0.478,0.061,0.313,0.085,0.416
connect-4_seed_4_nrows_2000_nclasses_10_ncols_100_stratify_True.csv,EditedNearestNeighbours,AdaBoostClassifier,0.553,,,,,,,,,,,0.334,0.138,0.362,0.034,0.528,0.021,0.089,0.06,0.416
mabbob_ela_as_2d_classify.csv,ADASYN,BalancedRandomForestClassifier,18.497,,,,,,,,,,,0.367,0.087,0.389,0.091,0.527,0.046,0.206,0.076,0.416
Apple_Stock_Price_Trends.csv,ADASYN,EasyEnsembleClassifier,14.343,,,,,,,,,,,0.37,0.04,0.38,0.05,0.492,0.043,0.063,0.069,0.415
Apple_Stock_Price_Trends.csv,ADASYN,RUSBoostClassifier,1.588,,,,,,,,,,,0.37,0.041,0.38,0.052,0.493,0.043,0.064,0.068,0.415
Student_Performance_on_an_Entrance_Examination.csv,RandomUnderSampler,RandomForestClassifier,0.577,,,,,,,,,,,0.425,0.077,0.479,0.085,0.412,0.072,0.222,0.098,0.415
mabbob_ela_as_2d_classify.csv,SMOTE,BalancedRandomForestClassifier,5.292,,,,,,,,,,,0.369,0.09,0.385,0.09,0.527,0.042,0.2,0.068,0.415
Diabetes130US_seed_2_nrows_2000_nclasses_10_ncols_100_stratify_True_clean.csv,ADASYN,RandomForestClassifier,3.137,,,,,,,,,,,0.387,0.064,0.388,0.017,0.509,0.021,0.158,0.045,0.415
first-order-theorem-proving_seed_2_nrows_2000_nclasses_10_ncols_100_stratify_True.csv,TomekLinks,BaggingClassifier,1.078,,,,,,,,,,,0.406,0.035,0.384,0.031,0.495,0.023,0.331,0.031,0.415
Apple_Stock_Price_Trends.csv,SMOTETomek,BalancedBaggingClassifier,1.271,,,,,,,,,,,0.356,0.029,0.357,0.033,0.502,0.023,0.035,0.04,0.414
mabbob_ela_as_2d_classify.csv,SMOTE,GradientBoostingClassifier,60.231,,,,,,,,,,,0.371,0.089,0.396,0.093,0.516,0.046,0.198,0.068,0.414
first-order-theorem-proving .csv,EditedNearestNeighbours,GradientBoostingClassifier,26.013,,,,,,,,,,,0.472,0.036,0.367,0.02,0.449,0.019,0.317,0.022,0.414
autoUniv-au7-500.csv,SMOTE,BalancedBaggingClassifier,0.377,,,,,,,,,,,0.423,0.055,0.41,0.056,0.472,0.053,0.305,0.072,0.414
mabbob_ela_as_2d_classify.csv,RandomOverSampler,GradientBoostingClassifier,32.874,,,,,,,,,,,0.372,0.079,0.369,0.076,0.532,0.044,0.205,0.073,0.414
Apple_Stock_Price_Trends.csv,TomekLinks,AdaBoostClassifier,0.562,,,,,,,,,,,0.265,0.12,0.334,0.008,0.536,0.009,0.013,0.049,0.414
Estimation_of_Obesity_Levels.csv,SMOTETomek,EasyEnsembleClassifier,6.189,,,,,,,,,,,0.4,0.081,0.456,0.066,0.421,0.102,0.365,0.08,0.414
Diabetes130US_seed_2_nrows_2000_nclasses_10_ncols_100_stratify_True_clean.csv,TomekLinks,AdaBoostClassifier,2.476,,,,,,,,,,,0.405,0.099,0.379,0.02,0.492,0.026,0.136,0.053,0.413
mabbob_ela_as_2d_classify.csv,ADASYN,RandomForestClassifier,5.374,,,,,,,,,,,0.372,0.101,0.387,0.092,0.518,0.046,0.193,0.073,0.413
agriculture_dataset_karnataka_clean_subset.csv,EditedNearestNeighbours,BalancedRandomForestClassifier,0.726,,,,,,,,,,,0.442,0.073,0.428,0.033,0.424,0.039,0.143,0.05,0.413
Apple_Stock_Price_Trends.csv,SMOTETomek,BaggingClassifier,1.105,,,,,,,,,,,0.359,0.035,0.362,0.04,0.497,0.035,0.039,0.059,0.413
Apple_Stock_Price_Trends.csv,ADASYN,AdaBoostClassifier,1.404,,,,,,,,,,,0.373,0.044,0.388,0.059,0.482,0.043,0.069,0.075,0.412
Estimation_of_Obesity_Levels.csv,ADASYN,RUSBoostClassifier,0.776,,,,,,,,,,,0.4,0.11,0.456,0.072,0.419,0.1,0.36,0.09,0.412
first-order-theorem-proving .csv,EditedNearestNeighbours,BaggingClassifier,1.623,,,,,,,,,,,0.461,0.028,0.372,0.019,0.454,0.018,0.316,0.021,0.412
mabbob_ela_as_5d_classify.csv,EditedNearestNeighbours,GradientBoostingClassifier,3.948,,,,,,,,,,,0.289,0.172,0.374,0.125,0.54,0.025,0.129,0.085,0.412
Multiclass_Classification_for_Corporate_Credit_Ratings.csv,SMOTETomek,RUSBoostClassifier,0.77,,,,,,,,,,,0.46,0.066,0.422,0.044,0.403,0.052,0.342,0.043,0.412
dgf_96f4164d-956d-4c1c-b161-68724eb0ccdc_clean.csv,EditedNearestNeighbours,EasyEnsembleClassifier,3.051,,,,,,,,,,,0.486,0.121,0.393,0.091,0.381,0.093,0.354,0.096,0.411
Apple_Stock_Price_Trends.csv,SMOTE,AdaBoostClassifier,1.903,,,,,,,,,,,0.367,0.041,0.378,0.051,0.484,0.043,0.057,0.068,0.411
mabbob_ela_as_2d_classify.csv,SMOTETomek,RandomForestClassifier,3.779,,,,,,,,,,,0.363,0.082,0.386,0.084,0.519,0.042,0.191,0.068,0.411
total_score.csv,EditedNearestNeighbours,AdaBoostClassifier,0.338,,,,,,,,,,,0.266,0.025,0.47,0.028,0.485,0.017,0.284,0.049,0.411
Apple_Stock_Price_Trends.csv,ADASYN,BaggingClassifier,1.413,,,,,,,,,,,0.347,0.041,0.344,0.04,0.501,0.032,0.014,0.057,0.411
Apple_Stock_Price_Trends.csv,SMOTE,RUSBoostClassifier,1.545,,,,,,,,,,,0.367,0.041,0.378,0.051,0.484,0.043,0.057,0.068,0.411
Apple_Stock_Price_Trends.csv,SMOTE,EasyEnsembleClassifier,11.768,,,,,,,,,,,0.367,0.041,0.378,0.051,0.484,0.043,0.057,0.068,0.411
Diabetes130US_seed_2_nrows_2000_nclasses_10_ncols_100_stratify_True_clean.csv,RandomUnderSampler,EasyEnsembleClassifier,8.228,,,,,,,,,,,0.407,0.033,0.41,0.041,0.46,0.039,0.124,0.05,0.411
mabbob_ela_as_5d_classify.csv,EditedNearestNeighbours,BaggingClassifier,1.007,,,,,,,,,,,0.264,0.122,0.38,0.12,0.535,0.016,0.114,0.069,0.411
wine_quality_white.csv,RandomOverSampler,GradientBoostingClassifier,615.5,,,,,,,,,,,0.319,0.022,0.396,0.035,0.515,0.018,0.332,0.024,0.41
Diabetes130US_seed_2_nrows_2000_nclasses_10_ncols_100_stratify_True_clean.csv,RandomUnderSampler,RUSBoostClassifier,1.38,,,,,,,,,,,0.406,0.033,0.409,0.041,0.46,0.039,0.124,0.05,0.41
Diabetes130US_seed_2_nrows_2000_nclasses_10_ncols_100_stratify_True_clean.csv,RandomUnderSampler,AdaBoostClassifier,0.924,,,,,,,,,,,0.406,0.033,0.41,0.041,0.46,0.039,0.124,0.05,0.41
mabbob_ela_as_2d_classify.csv,SMOTETomek,BalancedRandomForestClassifier,22.344,,,,,,,,,,,0.356,0.097,0.38,0.092,0.521,0.044,0.192,0.068,0.409
vowel.csv,EditedNearestNeighbours,BaggingClassifier,1.114,,,,,,,,,,,0.331,0.1,0.377,0.08,0.45,0.067,0.447,0.077,0.409
autoUniv-au7-500.csv,SMOTETomek,BalancedRandomForestClassifier,1.181,,,,,,,,,,,0.417,0.073,0.398,0.064,0.471,0.054,0.303,0.073,0.409
Student_Performance_on_an_Entrance_Examination.csv,RandomUnderSampler,GradientBoostingClassifier,0.724,,,,,,,,,,,0.421,0.073,0.467,0.086,0.41,0.068,0.214,0.1,0.409
Diabetes130US_seed_2_nrows_2000_nclasses_10_ncols_100_stratify_True_clean.csv,RandomUnderSampler,RandomForestClassifier,1.038,,,,,,,,,,,0.405,0.04,0.413,0.046,0.454,0.045,0.122,0.065,0.409
JapaneseVowels.csv,EditedNearestNeighbours,AdaBoostClassifier,0.874,,,,,,,,,,,0.417,0.098,0.354,0.049,0.432,0.049,0.417,0.043,0.408
connect-4_seed_4_nrows_2000_nclasses_10_ncols_100_stratify_True.csv,EditedNearestNeighbours,EasyEnsembleClassifier,2.469,,,,,,,,,,,0.41,0.027,0.406,0.036,0.453,0.043,0.124,0.047,0.408
Student_Performance_on_an_Entrance_Examination.csv,RandomUnderSampler,BalancedBaggingClassifier,0.273,,,,,,,,,,,0.421,0.058,0.458,0.093,0.412,0.074,0.21,0.109,0.407
ecoli.csv,RandomUnderSampler,GradientBoostingClassifier,0.726,,,,,,,,,,,0.364,0.104,0.338,0.098,0.505,0.109,0.368,0.118,0.407
mabbob_ela_as_2d_classify.csv,SMOTETomek,GradientBoostingClassifier,142.687,,,,,,,,,,,0.358,0.081,0.39,0.1,0.511,0.041,0.197,0.064,0.407
mabbob_ela_as_2d_classify.csv,RandomOverSampler,BaggingClassifier,1.617,,,,,,,,,,,0.361,0.094,0.348,0.08,0.528,0.039,0.181,0.067,0.407
mabbob_ela_as_5d_classify.csv,EditedNearestNeighbours,AdaBoostClassifier,1.754,,,,,,,,,,,0.238,0.091,0.361,0.118,0.528,0.012,0.079,0.073,0.406
Diabetes130US_seed_2_nrows_2000_nclasses_10_ncols_100_stratify_True_clean.csv,RandomUnderSampler,GradientBoostingClassifier,5.191,,,,,,,,,,,0.399,0.03,0.406,0.038,0.452,0.034,0.113,0.049,0.406
Multiclass_Classification_for_Corporate_Credit_Ratings.csv,SMOTETomek,AdaBoostClassifier,0.62,,,,,,,,,,,0.453,0.052,0.422,0.05,0.388,0.052,0.335,0.049,0.406
energy-efficiency.csv,EditedNearestNeighbours,RandomForestClassifier,2.736,,,,,,,,,,,0.284,0.037,0.339,0.038,0.451,0.037,0.472,0.039,0.406
autoUniv-au7-500.csv,ADASYN,RandomForestClassifier,0.803,,,,,,,,,,,0.417,0.085,0.394,0.067,0.464,0.059,0.294,0.078,0.405
soybean_clean.csv,RandomOverSampler,EasyEnsembleClassifier,4.036,,,,,,,,,,,0.393,0.057,0.453,0.052,0.346,0.039,0.408,0.048,0.405
Student_Performance_on_an_Entrance_Examination.csv,EditedNearestNeighbours,AdaBoostClassifier,0.233,,,,,,,,,,,0.387,0.083,0.419,0.063,0.474,0.101,0.236,0.108,0.405
yeast.csv,RandomOverSampler,EasyEnsembleClassifier,4.244,,,,,,,,,,,0.381,0.065,0.424,0.08,0.452,0.063,0.342,0.059,0.405
yeast.csv,RandomOverSampler,RUSBoostClassifier,0.652,,,,,,,,,,,0.381,0.065,0.424,0.08,0.452,0.063,0.342,0.059,0.405
yeast.csv,RandomOverSampler,AdaBoostClassifier,0.462,,,,,,,,,,,0.381,0.065,0.424,0.08,0.452,0.063,0.342,0.059,0.405
Estimation_of_Obesity_Levels.csv,SMOTETomek,AdaBoostClassifier,0.689,,,,,,,,,,,0.383,0.082,0.45,0.066,0.412,0.093,0.356,0.075,0.404
autoUniv-au7-500.csv,RandomOverSampler,RandomForestClassifier,0.804,,,,,,,,,,,0.407,0.09,0.39,0.067,0.47,0.063,0.302,0.086,0.404
yeast.csv,TomekLinks,EasyEnsembleClassifier,2.138,,,,,,,,,,,0.467,0.075,0.417,0.072,0.392,0.064,0.27,0.066,0.404
Diabetes130US_seed_2_nrows_2000_nclasses_10_ncols_100_stratify_True_clean.csv,RandomUnderSampler,BalancedBaggingClassifier,0.812,,,,,,,,,,,0.391,0.029,0.395,0.036,0.454,0.035,0.1,0.05,0.403
Success-Rates-2_clean_subset.csv,RandomUnderSampler,BalancedBaggingClassifier,0.438,,,,,,,,,,,0.368,0.075,0.421,0.102,0.474,0.119,0.286,0.099,0.403
total_score.csv,EditedNearestNeighbours,EasyEnsembleClassifier,2.137,,,,,,,,,,,0.268,0.035,0.471,0.042,0.467,0.055,0.264,0.071,0.403
mabbob_ela_as_2d_classify.csv,TomekLinks,BaggingClassifier,2.837,,,,,,,,,,,0.387,0.094,0.316,0.07,0.513,0.03,0.156,0.067,0.402
wine_quality_red.csv,EditedNearestNeighbours,GradientBoostingClassifier,2.857,,,,,,,,,,,0.283,0.031,0.306,0.08,0.55,0.031,0.311,0.048,0.402
first-order-theorem-proving .csv,EditedNearestNeighbours,BalancedRandomForestClassifier,1.573,,,,,,,,,,,0.402,0.017,0.398,0.017,0.463,0.016,0.306,0.02,0.402
autoUniv-au7-500.csv,RandomOverSampler,BalancedRandomForestClassifier,1.321,,,,,,,,,,,0.408,0.083,0.389,0.067,0.465,0.06,0.295,0.085,0.402
wine-quality-red.csv,EditedNearestNeighbours,GradientBoostingClassifier,1.402,,,,,,,,,,,0.283,0.031,0.306,0.08,0.55,0.031,0.311,0.048,0.402
Multiclass_Classification_for_Corporate_Credit_Ratings.csv,SMOTE,RUSBoostClassifier,1.247,,,,,,,,,,,0.446,0.056,0.412,0.048,0.387,0.064,0.335,0.056,0.4
Cervical_Cancer_Risk_Factors_clean.csv,ADASYN,RUSBoostClassifier,1.013,,,,,,,,,,,0.212,0.039,0.241,0.148,0.547,0.117,0.022,0.068,0.4
mabbob_ela_as_2d_classify.csv,RandomOverSampler,BalancedBaggingClassifier,1.846,,,,,,,,,,,0.344,0.082,0.342,0.08,0.523,0.037,0.173,0.069,0.4
mabbob_ela_as_5d_classify.csv,RandomOverSampler,AdaBoostClassifier,7.348,,,,,,,,,,,0.351,0.06,0.422,0.108,0.461,0.063,0.13,0.063,0.4
Diabetes130US_seed_2_nrows_2000_nclasses_10_ncols_100_stratify_True_clean.csv,RandomUnderSampler,BaggingClassifier,0.609,,,,,,,,,,,0.391,0.035,0.392,0.043,0.45,0.041,0.1,0.059,0.4
mabbob_ela_as_5d_classify.csv,RandomOverSampler,RUSBoostClassifier,7.077,,,,,,,,,,,0.351,0.06,0.422,0.108,0.461,0.063,0.13,0.063,0.4
Multiclass_Classification_for_Corporate_Credit_Ratings.csv,SMOTE,EasyEnsembleClassifier,9.123,,,,,,,,,,,0.446,0.056,0.412,0.048,0.387,0.064,0.335,0.056,0.4
Multiclass_Classification_for_Corporate_Credit_Ratings.csv,SMOTE,AdaBoostClassifier,1.234,,,,,,,,,,,0.446,0.056,0.412,0.048,0.387,0.064,0.335,0.056,0.4
Diabetes130US_seed_2_nrows_2000_nclasses_10_ncols_100_stratify_True_clean.csv,RandomUnderSampler,BalancedRandomForestClassifier,1.628,,,,,,,,,,,0.394,0.045,0.398,0.055,0.446,0.049,0.105,0.074,0.4
Estimation_of_Obesity_Levels.csv,SMOTE,AdaBoostClassifier,0.657,,,,,,,,,,,0.387,0.073,0.443,0.06,0.405,0.088,0.347,0.069,0.399
Estimation_of_Obesity_Levels.csv,SMOTE,RUSBoostClassifier,0.762,,,,,,,,,,,0.387,0.073,0.443,0.06,0.405,0.088,0.347,0.069,0.399
autoUniv-au7-500.csv,ADASYN,BaggingClassifier,0.326,,,,,,,,,,,0.401,0.061,0.393,0.057,0.463,0.053,0.29,0.074,0.399
Estimation_of_Obesity_Levels.csv,SMOTE,EasyEnsembleClassifier,7.993,,,,,,,,,,,0.387,0.073,0.443,0.06,0.405,0.088,0.347,0.069,0.399
Apple_Stock_Price_Trends.csv,SMOTETomek,EasyEnsembleClassifier,8.163,,,,,,,,,,,0.36,0.035,0.373,0.046,0.462,0.035,0.046,0.059,0.399
mabbob_ela_as_5d_classify.csv,RandomOverSampler,EasyEnsembleClassifier,49.68,,,,,,,,,,,0.35,0.059,0.422,0.108,0.461,0.063,0.13,0.063,0.399
mabbob_ela_as_5d_classify.csv,EditedNearestNeighbours,RandomForestClassifier,2.748,,,,,,,,,,,0.265,0.15,0.31,0.097,0.529,0.013,0.063,0.082,0.398
first-order-theorem-proving_seed_2_nrows_2000_nclasses_10_ncols_100_stratify_True.csv,RandomUnderSampler,BalancedRandomForestClassifier,1.724,,,,,,,,,,,0.386,0.027,0.411,0.035,0.454,0.032,0.301,0.038,0.398
Multiclass_Classification_for_Corporate_Credit_Ratings.csv,ADASYN,RUSBoostClassifier,1.61,,,,,,,,,,,0.443,0.061,0.402,0.049,0.394,0.063,0.333,0.056,0.398
mabbob_ela_as_5d_classify.csv,ADASYN,EasyEnsembleClassifier,69.379,,,,,,,,,,,0.339,0.042,0.458,0.12,0.429,0.065,0.132,0.062,0.398
Apple_Stock_Price_Trends.csv,TomekLinks,BalancedRandomForestClassifier,1.228,,,,,,,,,,,0.362,0.036,0.373,0.045,0.457,0.038,0.047,0.058,0.398
thyroid-dis.csv,EditedNearestNeighbours,EasyEnsembleClassifier,2.057,,,,,,,,,,,0.432,0.083,0.407,0.07,0.425,0.061,0.2,0.044,0.398
Diabetes130US_seed_2_nrows_2000_nclasses_10_ncols_100_stratify_True_clean.csv,EditedNearestNeighbours,BalancedRandomForestClassifier,1.37,,,,,,,,,,,0.407,0.036,0.4,0.04,0.426,0.034,0.111,0.048,0.397
Diabetes130US_seed_2_nrows_2000_nclasses_10_ncols_100_stratify_True_clean.csv,EditedNearestNeighbours,EasyEnsembleClassifier,4.239,,,,,,,,,,,0.411,0.031,0.395,0.041,0.43,0.037,0.118,0.049,0.397
first-order-theorem-proving_seed_2_nrows_2000_nclasses_10_ncols_100_stratify_True.csv,RandomUnderSampler,RandomForestClassifier,1.27,,,,,,,,,,,0.385,0.026,0.407,0.036,0.454,0.032,0.3,0.037,0.397
mabbob_ela_as_5d_classify.csv,SMOTE,RUSBoostClassifier,9.39,,,,,,,,,,,0.331,0.049,0.45,0.127,0.433,0.058,0.112,0.067,0.397
mabbob_ela_as_5d_classify.csv,SMOTE,AdaBoostClassifier,8.541,,,,,,,,,,,0.331,0.049,0.45,0.127,0.433,0.058,0.112,0.067,0.397
mabbob_ela_as_5d_classify.csv,SMOTE,EasyEnsembleClassifier,71.421,,,,,,,,,,,0.331,0.049,0.45,0.127,0.433,0.058,0.112,0.067,0.397
Diabetes130US_seed_2_nrows_2000_nclasses_10_ncols_100_stratify_True_clean.csv,TomekLinks,RandomForestClassifier,1.954,,,,,,,,,,,0.398,0.106,0.364,0.017,0.461,0.025,0.122,0.058,0.396
Estimation_of_Obesity_Levels.csv,TomekLinks,AdaBoostClassifier,0.303,,,,,,,,,,,0.34,0.118,0.401,0.083,0.445,0.069,0.38,0.081,0.396
mabbob_ela_as_5d_classify.csv,SMOTETomek,EasyEnsembleClassifier,67.085,,,,,,,,,,,0.329,0.043,0.45,0.124,0.426,0.059,0.111,0.058,0.395
autoUniv-au7-500.csv,ADASYN,BalancedBaggingClassifier,0.422,,,,,,,,,,,0.402,0.073,0.389,0.062,0.455,0.055,0.283,0.077,0.395
energy-efficiency.csv,EditedNearestNeighbours,GradientBoostingClassifier,4.679,,,,,,,,,,,0.281,0.035,0.331,0.039,0.435,0.038,0.461,0.04,0.395
mabbob_ela_as_2d_classify.csv,SMOTETomek,BaggingClassifier,2.591,,,,,,,,,,,0.338,0.071,0.373,0.079,0.501,0.042,0.174,0.066,0.395
Apple_Stock_Price_Trends.csv,EditedNearestNeighbours,AdaBoostClassifier,0.601,,,,,,,,,,,0.287,0.021,0.35,0.03,0.491,0.032,0.022,0.055,0.395
yeast.csv,RandomUnderSampler,RandomForestClassifier,0.578,,,,,,,,,,,0.373,0.05,0.452,0.074,0.414,0.064,0.291,0.063,0.394
fabert_seed_0_nrows_2000_nclasses_10_ncols_100_stratify_True.csv,SMOTETomek,EasyEnsembleClassifier,5.388,,,,,,,,,,,0.566,0.096,0.203,0.019,0.173,0.03,0.152,0.04,0.394
steel-plates-fault_subset.csv,EditedNearestNeighbours,RandomForestClassifier,0.7,,,,,,,,,,,0.313,0.023,0.394,0.027,0.458,0.032,0.375,0.046,0.394
synthetic_control.csv,ADASYN,AdaBoostClassifier,0.926,,,,,,,,,,,0.348,0.103,0.446,0.119,0.399,0.145,0.358,0.155,0.393
first-order-theorem-proving_seed_2_nrows_2000_nclasses_10_ncols_100_stratify_True.csv,TomekLinks,BalancedBaggingClassifier,0.778,,,,,,,,,,,0.379,0.028,0.391,0.035,0.46,0.028,0.297,0.035,0.393
yeast.csv,RandomUnderSampler,BalancedRandomForestClassifier,0.776,,,,,,,,,,,0.364,0.051,0.45,0.073,0.416,0.063,0.295,0.063,0.393
vowel.csv,EditedNearestNeighbours,RandomForestClassifier,1.24,,,,,,,,,,,0.317,0.079,0.362,0.053,0.422,0.051,0.439,0.048,0.393
mabbob_ela_as_2d_classify.csv,SMOTE,BalancedBaggingClassifier,3.239,,,,,,,,,,,0.328,0.072,0.358,0.088,0.508,0.044,0.177,0.069,0.392
Apple_Stock_Price_Trends.csv,SMOTETomek,RUSBoostClassifier,0.76,,,,,,,,,,,0.369,0.037,0.385,0.047,0.437,0.06,0.062,0.061,0.392
Apple_Stock_Price_Trends.csv,SMOTETomek,AdaBoostClassifier,1.256,,,,,,,,,,,0.361,0.035,0.375,0.049,0.443,0.034,0.045,0.059,0.392
vowel.csv,TomekLinks,RUSBoostClassifier,0.399,,,,,,,,,,,0.362,0.121,0.406,0.1,0.412,0.106,0.38,0.102,0.391
energy-efficiency.csv,EditedNearestNeighbours,BaggingClassifier,2.389,,,,,,,,,,,0.262,0.036,0.332,0.041,0.426,0.036,0.461,0.043,0.391
wine_quality_red.csv,EditedNearestNeighbours,BaggingClassifier,1.087,,,,,,,,,,,0.273,0.033,0.302,0.08,0.536,0.033,0.295,0.051,0.391
mabbob_ela_as_5d_classify.csv,ADASYN,AdaBoostClassifier,9.91,,,,,,,,,,,0.33,0.045,0.444,0.131,0.421,0.039,0.107,0.057,0.391
Apple_Stock_Price_Trends.csv,EditedNearestNeighbours,RandomForestClassifier,0.924,,,,,,,,,,,0.288,0.018,0.352,0.028,0.482,0.03,0.024,0.054,0.391
mabbob_ela_as_2d_classify.csv,ADASYN,BalancedBaggingClassifier,11.399,,,,,,,,,,,0.329,0.061,0.363,0.077,0.501,0.038,0.171,0.06,0.391
wine-quality-red.csv,EditedNearestNeighbours,BaggingClassifier,0.536,,,,,,,,,,,0.273,0.033,0.302,0.08,0.536,0.033,0.295,0.051,0.391
autoUniv-au7-500.csv,SMOTE,GradientBoostingClassifier,3.198,,,,,,,,,,,0.392,0.063,0.38,0.054,0.456,0.049,0.28,0.069,0.39
Estimation_of_Obesity_Levels.csv,RandomOverSampler,EasyEnsembleClassifier,5.973,,,,,,,,,,,0.383,0.102,0.446,0.051,0.373,0.089,0.335,0.07,0.39
Estimation_of_Obesity_Levels.csv,RandomOverSampler,RUSBoostClassifier,0.803,,,,,,,,,,,0.383,0.102,0.446,0.051,0.373,0.089,0.335,0.07,0.39
first-order-theorem-proving_seed_2_nrows_2000_nclasses_10_ncols_100_stratify_True.csv,RandomUnderSampler,GradientBoostingClassifier,12.493,,,,,,,,,,,0.376,0.03,0.397,0.035,0.451,0.033,0.293,0.04,0.39
Estimation_of_Obesity_Levels.csv,RandomOverSampler,AdaBoostClassifier,0.442,,,,,,,,,,,0.383,0.102,0.446,0.051,0.373,0.089,0.335,0.07,0.39
steel-plates-fault_subset.csv,EditedNearestNeighbours,BalancedRandomForestClassifier,0.801,,,,,,,,,,,0.294,0.017,0.396,0.026,0.461,0.034,0.359,0.048,0.39
Cervical_Cancer_Risk_Factors_clean.csv,EditedNearestNeighbours,EasyEnsembleClassifier,1.994,,,,,,,,,,,0.175,0.006,0.168,0.09,0.512,0.075,-0.024,0.041,0.389
Mobile_Price.csv,SMOTETomek,RUSBoostClassifier,2.326,,,,,,,,,,,0.446,0.115,0.449,0.073,0.31,0.153,0.229,0.116,0.389
wine-quality-red.csv,EditedNearestNeighbours,RandomForestClassifier,0.877,,,,,,,,,,,0.281,0.048,0.277,0.069,0.534,0.034,0.296,0.05,0.388
mabbob_ela_as_5d_classify.csv,SMOTETomek,RUSBoostClassifier,9.775,,,,,,,,,,,0.327,0.05,0.439,0.137,0.421,0.064,0.108,0.063,0.388
wine_quality_red.csv,EditedNearestNeighbours,RandomForestClassifier,0.926,,,,,,,,,,,0.281,0.048,0.277,0.069,0.534,0.034,0.296,0.05,0.388
Apple_Stock_Price_Trends.csv,EditedNearestNeighbours,GradientBoostingClassifier,0.962,,,,,,,,,,,0.287,0.02,0.349,0.033,0.479,0.027,0.028,0.059,0.388
Diabetes130US_seed_2_nrows_2000_nclasses_10_ncols_100_stratify_True_clean.csv,EditedNearestNeighbours,BalancedBaggingClassifier,0.901,,,,,,,,,,,0.389,0.031,0.369,0.038,0.435,0.04,0.09,0.052,0.388
mabbob_ela_as_5d_classify.csv,ADASYN,RUSBoostClassifier,9.319,,,,,,,,,,,0.328,0.037,0.439,0.119,0.419,0.067,0.114,0.052,0.387
wine-quality-red.csv,TomekLinks,BalancedRandomForestClassifier,0.94,,,,,,,,,,,0.298,0.022,0.394,0.097,0.485,0.035,0.27,0.041,0.387
wine_quality_red.csv,TomekLinks,BalancedRandomForestClassifier,1.102,,,,,,,,,,,0.298,0.022,0.394,0.097,0.485,0.035,0.27,0.041,0.387
Estimation_of_Obesity_Levels.csv,SMOTETomek,RUSBoostClassifier,0.817,,,,,,,,,,,0.362,0.091,0.434,0.07,0.393,0.096,0.343,0.076,0.387
mabbob_ela_as_2d_classify.csv,SMOTETomek,BalancedBaggingClassifier,12.321,,,,,,,,,,,0.33,0.08,0.352,0.085,0.493,0.043,0.154,0.066,0.386
Cervical_Cancer_Risk_Factors_clean.csv,ADASYN,EasyEnsembleClassifier,6.838,,,,,,,,,,,0.203,0.029,0.2,0.109,0.53,0.097,0.008,0.082,0.386
mabbob_ela_as_5d_classify.csv,TomekLinks,EasyEnsembleClassifier,2.165,,,,,,,,,,,0.318,0.045,0.417,0.127,0.445,0.073,0.119,0.082,0.386
mabbob_ela_as_2d_classify.csv,SMOTE,BaggingClassifier,2.586,,,,,,,,,,,0.323,0.082,0.348,0.089,0.499,0.045,0.16,0.074,0.386
dionis_seed_0_nrows_2000_nclasses_10_ncols_100_stratify_True.csv,TomekLinks,RandomForestClassifier,26.079,,,,,,,,,,,0.311,0.027,0.361,0.028,0.4,0.029,0.441,0.03,0.386
mabbob_ela_as_2d_classify.csv,ADASYN,BaggingClassifier,2.748,,,,,,,,,,,0.323,0.063,0.353,0.072,0.497,0.032,0.168,0.052,0.385
energy-efficiency.csv,TomekLinks,BalancedRandomForestClassifier,1.85,,,,,,,,,,,0.345,0.058,0.373,0.061,0.412,0.058,0.4,0.058,0.385
Apple_Stock_Price_Trends.csv,RandomOverSampler,AdaBoostClassifier,0.85,,,,,,,,,,,0.371,0.037,0.394,0.054,0.409,0.053,0.065,0.063,0.385
Apple_Stock_Price_Trends.csv,RandomOverSampler,EasyEnsembleClassifier,9.688,,,,,,,,,,,0.371,0.037,0.394,0.054,0.409,0.053,0.065,0.063,0.385
Apple_Stock_Price_Trends.csv,TomekLinks,BalancedBaggingClassifier,0.379,,,,,,,,,,,0.352,0.032,0.357,0.043,0.439,0.039,0.029,0.054,0.385
autoUniv-au7-500.csv,RandomOverSampler,BalancedBaggingClassifier,0.352,,,,,,,,,,,0.387,0.069,0.386,0.065,0.443,0.064,0.266,0.081,0.385
fabert_seed_0_nrows_2000_nclasses_10_ncols_100_stratify_True.csv,TomekLinks,EasyEnsembleClassifier,3.141,,,,,,,,,,,0.555,0.105,0.214,0.028,0.198,0.042,0.157,0.048,0.385
Apple_Stock_Price_Trends.csv,RandomOverSampler,RUSBoostClassifier,1.167,,,,,,,,,,,0.371,0.037,0.394,0.054,0.409,0.053,0.065,0.063,0.385
total_score.csv,TomekLinks,AdaBoostClassifier,0.31,,,,,,,,,,,0.366,0.114,0.326,0.071,0.393,0.043,-0.021,0.078,0.385
GesturePhaseSegmentationProcessed.csv,ADASYN,EasyEnsembleClassifier,89.493,,,,,,,,,,,0.38,0.021,0.431,0.026,0.412,0.022,0.248,0.029,0.385
Mobile_Price.csv,RandomUnderSampler,AdaBoostClassifier,0.286,,,,,,,,,,,0.447,0.079,0.44,0.067,0.294,0.102,0.206,0.081,0.384
Mobile_Price.csv,RandomUnderSampler,RUSBoostClassifier,0.391,,,,,,,,,,,0.447,0.079,0.44,0.067,0.294,0.102,0.206,0.081,0.384
Multiclass_Classification_for_Corporate_Credit_Ratings.csv,TomekLinks,AdaBoostClassifier,0.368,,,,,,,,,,,0.433,0.077,0.335,0.046,0.396,0.044,0.351,0.051,0.384
Mobile_Price.csv,RandomUnderSampler,EasyEnsembleClassifier,2.74,,,,,,,,,,,0.447,0.079,0.44,0.067,0.294,0.102,0.206,0.081,0.384
autoUniv-au7-500.csv,ADASYN,GradientBoostingClassifier,3.334,,,,,,,,,,,0.383,0.08,0.375,0.067,0.448,0.063,0.27,0.085,0.383
mabbob_ela_as_5d_classify.csv,TomekLinks,BalancedBaggingClassifier,0.278,,,,,,,,,,,0.319,0.045,0.412,0.121,0.441,0.061,0.113,0.062,0.383
steel-plates-fault_subset.csv,EditedNearestNeighbours,EasyEnsembleClassifier,2.397,,,,,,,,,,,0.297,0.019,0.383,0.031,0.457,0.031,0.35,0.044,0.383
dgf_96f4164d-956d-4c1c-b161-68724eb0ccdc_clean.csv,ADASYN,EasyEnsembleClassifier,34.331,,,,,,,,,,,0.348,0.058,0.424,0.039,0.367,0.051,0.38,0.05,0.382
wine_quality_red.csv,EditedNearestNeighbours,BalancedRandomForestClassifier,0.978,,,,,,,,,,,0.268,0.023,0.351,0.092,0.506,0.036,0.268,0.051,0.382
wine-quality-red.csv,EditedNearestNeighbours,BalancedRandomForestClassifier,1.003,,,,,,,,,,,0.268,0.023,0.351,0.092,0.506,0.036,0.268,0.051,0.382
wine_quality_white.csv,EditedNearestNeighbours,RandomForestClassifier,1.203,,,,,,,,,,,0.392,0.083,0.231,0.022,0.485,0.021,0.263,0.032,0.381
soybean_clean.csv,EditedNearestNeighbours,EasyEnsembleClassifier,2.118,,,,,,,,,,,0.372,0.15,0.414,0.138,0.34,0.135,0.387,0.142,0.381
Estimation_of_Obesity_Levels.csv,RandomUnderSampler,AdaBoostClassifier,0.658,,,,,,,,,,,0.37,0.099,0.432,0.066,0.371,0.08,0.329,0.063,0.38
Estimation_of_Obesity_Levels.csv,RandomUnderSampler,RUSBoostClassifier,0.558,,,,,,,,,,,0.37,0.099,0.432,0.066,0.371,0.08,0.329,0.063,0.38
steel-plates-fault_subset.csv,EditedNearestNeighbours,GradientBoostingClassifier,1.984,,,,,,,,,,,0.299,0.03,0.384,0.026,0.442,0.032,0.357,0.048,0.38
yeast.csv,RandomUnderSampler,BaggingClassifier,0.23,,,,,,,,,,,0.36,0.057,0.427,0.077,0.408,0.066,0.279,0.067,0.38
Estimation_of_Obesity_Levels.csv,RandomUnderSampler,EasyEnsembleClassifier,3.963,,,,,,,,,,,0.37,0.099,0.432,0.066,0.371,0.08,0.329,0.063,0.38
Diabetes130US_seed_2_nrows_2000_nclasses_10_ncols_100_stratify_True_clean.csv,EditedNearestNeighbours,BaggingClassifier,0.931,,,,,,,,,,,0.424,0.069,0.387,0.038,0.364,0.028,0.1,0.045,0.38
mabbob_ela_as_5d_classify.csv,SMOTETomek,AdaBoostClassifier,8.621,,,,,,,,,,,0.328,0.049,0.432,0.124,0.405,0.067,0.104,0.062,0.38
Mobile_Price.csv,SMOTE,AdaBoostClassifier,0.845,,,,,,,,,,,0.431,0.115,0.438,0.075,0.307,0.151,0.215,0.119,0.379
Mobile_Price.csv,SMOTE,RUSBoostClassifier,0.837,,,,,,,,,,,0.431,0.115,0.438,0.075,0.307,0.151,0.215,0.119,0.379
autoUniv-au7-500.csv,SMOTETomek,BalancedBaggingClassifier,0.389,,,,,,,,,,,0.384,0.07,0.374,0.06,0.438,0.061,0.257,0.077,0.379
Mobile_Price.csv,SMOTE,EasyEnsembleClassifier,6.63,,,,,,,,,,,0.431,0.115,0.438,0.075,0.307,0.151,0.215,0.119,0.379
Apple_Stock_Price_Trends.csv,EditedNearestNeighbours,BaggingClassifier,0.366,,,,,,,,,,,0.289,0.023,0.354,0.038,0.458,0.041,0.032,0.069,0.379
mabbob_ela_as_2d_classify.csv,EditedNearestNeighbours,GradientBoostingClassifier,8.85,,,,,,,,,,,0.34,0.149,0.336,0.086,0.476,0.034,0.129,0.081,0.379
GesturePhaseSegmentationProcessed.csv,ADASYN,AdaBoostClassifier,9.735,,,,,,,,,,,0.373,0.019,0.421,0.022,0.406,0.029,0.237,0.027,0.378
fabert_seed_0_nrows_2000_nclasses_10_ncols_100_stratify_True.csv,RandomOverSampler,AdaBoostClassifier,0.595,,,,,,,,,,,0.544,0.1,0.197,0.02,0.154,0.029,0.152,0.045,0.378
fabert_seed_0_nrows_2000_nclasses_10_ncols_100_stratify_True.csv,RandomOverSampler,EasyEnsembleClassifier,5.764,,,,,,,,,,,0.544,0.1,0.197,0.02,0.154,0.029,0.152,0.045,0.378
fabert_seed_0_nrows_2000_nclasses_10_ncols_100_stratify_True.csv,RandomOverSampler,RUSBoostClassifier,0.93,,,,,,,,,,,0.544,0.1,0.197,0.02,0.154,0.029,0.152,0.045,0.378
wine_quality_red.csv,TomekLinks,AdaBoostClassifier,0.356,,,,,,,,,,,0.278,0.046,0.268,0.032,0.524,0.045,0.271,0.074,0.378
Apple_Stock_Price_Trends.csv,EditedNearestNeighbours,BalancedRandomForestClassifier,1.177,,,,,,,,,,,0.289,0.022,0.355,0.036,0.456,0.035,0.03,0.066,0.378
Flare.csv,EditedNearestNeighbours,RUSBoostClassifier,0.106,,,,,,,,,,,0.238,0.081,0.348,0.056,0.389,0.107,0.452,0.096,0.378
solar-flare.csv,EditedNearestNeighbours,RUSBoostClassifier,0.341,,,,,,,,,,,0.263,0.121,0.374,0.106,0.386,0.136,0.433,0.142,0.378
steel-plates-fault_subset.csv,EditedNearestNeighbours,BalancedBaggingClassifier,0.371,,,,,,,,,,,0.282,0.025,0.386,0.034,0.449,0.037,0.343,0.057,0.378
wine-quality-red.csv,TomekLinks,AdaBoostClassifier,0.369,,,,,,,,,,,0.278,0.046,0.268,0.032,0.524,0.045,0.271,0.074,0.378
GesturePhaseSegmentationProcessed.csv,SMOTETomek,EasyEnsembleClassifier,107.703,,,,,,,,,,,0.378,0.02,0.428,0.024,0.395,0.026,0.235,0.028,0.378
autoUniv-au7-500.csv,RandomOverSampler,BaggingClassifier,0.291,,,,,,,,,,,0.38,0.078,0.375,0.067,0.436,0.065,0.255,0.086,0.377
GesturePhaseSegmentationProcessed.csv,TomekLinks,EasyEnsembleClassifier,20.314,,,,,,,,,,,0.381,0.019,0.437,0.022,0.377,0.026,0.237,0.025,0.377
autoUniv-au7-500.csv,RandomOverSampler,GradientBoostingClassifier,2.286,,,,,,,,,,,0.377,0.052,0.375,0.046,0.439,0.044,0.26,0.064,0.377
mabbob_ela_as_2d_classify.csv,EditedNearestNeighbours,BaggingClassifier,1.126,,,,,,,,,,,0.347,0.121,0.32,0.075,0.469,0.03,0.106,0.079,0.376
eucalyptus.csv,EditedNearestNeighbours,GradientBoostingClassifier,1.357,,,,,,,,,,,0.371,0.069,0.358,0.062,0.448,0.04,0.269,0.073,0.376
Apple_Stock_Price_Trends.csv,RandomUnderSampler,EasyEnsembleClassifier,4.376,,,,,,,,,,,0.371,0.041,0.391,0.058,0.384,0.053,0.064,0.067,0.375
Apple_Stock_Price_Trends.csv,RandomUnderSampler,RUSBoostClassifier,0.614,,,,,,,,,,,0.371,0.041,0.391,0.058,0.384,0.053,0.064,0.067,0.375
Apple_Stock_Price_Trends.csv,RandomUnderSampler,AdaBoostClassifier,0.467,,,,,,,,,,,0.371,0.041,0.391,0.058,0.384,0.053,0.064,0.067,0.375
total_score.csv,RandomOverSampler,RUSBoostClassifier,0.612,,,,,,,,,,,0.37,0.08,0.438,0.058,0.37,0.061,0.159,0.102,0.375
total_score.csv,RandomOverSampler,EasyEnsembleClassifier,4.943,,,,,,,,,,,0.37,0.08,0.438,0.058,0.37,0.061,0.159,0.102,0.375
eucalyptus.csv,EditedNearestNeighbours,RandomForestClassifier,0.768,,,,,,,,,,,0.386,0.096,0.343,0.05,0.444,0.042,0.267,0.064,0.375
GesturePhaseSegmentationProcessed.csv,SMOTETomek,AdaBoostClassifier,16.27,,,,,,,,,,,0.376,0.017,0.424,0.022,0.391,0.026,0.231,0.025,0.375
total_score.csv,RandomOverSampler,AdaBoostClassifier,0.388,,,,,,,,,,,0.37,0.08,0.438,0.058,0.37,0.061,0.159,0.102,0.375
fabert_seed_0_nrows_2000_nclasses_10_ncols_100_stratify_True.csv,SMOTETomek,AdaBoostClassifier,0.728,,,,,,,,,,,0.536,0.114,0.2,0.018,0.145,0.027,0.15,0.035,0.374
steel-plates-fault_subset.csv,EditedNearestNeighbours,BaggingClassifier,0.281,,,,,,,,,,,0.286,0.021,0.382,0.031,0.443,0.028,0.338,0.045,0.374
Mobile_Price.csv,RandomOverSampler,RUSBoostClassifier,0.963,,,,,,,,,,,0.423,0.089,0.435,0.054,0.301,0.118,0.208,0.077,0.374
GesturePhaseSegmentationProcessed.csv,SMOTE,EasyEnsembleClassifier,108.369,,,,,,,,,,,0.374,0.021,0.421,0.025,0.392,0.029,0.228,0.029,0.374
GesturePhaseSegmentationProcessed.csv,SMOTE,RUSBoostClassifier,12.501,,,,,,,,,,,0.374,0.021,0.421,0.025,0.392,0.029,0.228,0.029,0.374
Mobile_Price.csv,RandomOverSampler,EasyEnsembleClassifier,4.543,,,,,,,,,,,0.423,0.089,0.435,0.054,0.301,0.118,0.208,0.077,0.374
Mobile_Price.csv,RandomOverSampler,AdaBoostClassifier,0.418,,,,,,,,,,,0.423,0.089,0.435,0.054,0.301,0.118,0.208,0.077,0.374
GesturePhaseSegmentationProcessed.csv,ADASYN,RUSBoostClassifier,10.11,,,,,,,,,,,0.369,0.023,0.417,0.026,0.4,0.033,0.234,0.032,0.374
first-order-theorem-proving .csv,EditedNearestNeighbours,BalancedBaggingClassifier,0.794,,,,,,,,,,,0.378,0.018,0.369,0.017,0.432,0.019,0.268,0.021,0.374
GesturePhaseSegmentationProcessed.csv,SMOTE,AdaBoostClassifier,9.669,,,,,,,,,,,0.374,0.021,0.421,0.025,0.392,0.029,0.228,0.029,0.374
Cervical_Cancer_Risk_Factors_clean.csv,RandomOverSampler,RUSBoostClassifier,0.763,,,,,,,,,,,0.211,0.024,0.239,0.112,0.507,0.137,0.03,0.057,0.373
autoUniv-au7-500.csv,SMOTETomek,GradientBoostingClassifier,2.632,,,,,,,,,,,0.377,0.057,0.365,0.055,0.436,0.053,0.254,0.074,0.373
Cervical_Cancer_Risk_Factors_clean.csv,RandomOverSampler,AdaBoostClassifier,0.429,,,,,,,,,,,0.211,0.024,0.239,0.112,0.507,0.137,0.03,0.057,0.373
Apple_Stock_Price_Trends.csv,RandomUnderSampler,BaggingClassifier,0.387,,,,,,,,,,,0.363,0.029,0.38,0.041,0.392,0.039,0.051,0.048,0.373
JapaneseVowels.csv,EditedNearestNeighbours,EasyEnsembleClassifier,2.781,,,,,,,,,,,0.494,0.073,0.313,0.059,0.316,0.08,0.251,0.062,0.373
Apple_Stock_Price_Trends.csv,TomekLinks,EasyEnsembleClassifier,3.427,,,,,,,,,,,0.374,0.033,0.395,0.05,0.374,0.045,0.07,0.056,0.373
Mobile_Price.csv,SMOTETomek,AdaBoostClassifier,0.694,,,,,,,,,,,0.417,0.107,0.441,0.067,0.285,0.149,0.217,0.11,0.372
Mobile_Price.csv,SMOTETomek,EasyEnsembleClassifier,7.735,,,,,,,,,,,0.419,0.122,0.44,0.073,0.282,0.151,0.216,0.117,0.372
first-order-theorem-proving_seed_2_nrows_2000_nclasses_10_ncols_100_stratify_True.csv,RandomUnderSampler,BaggingClassifier,0.699,,,,,,,,,,,0.366,0.028,0.386,0.036,0.422,0.034,0.267,0.04,0.372
Cervical_Cancer_Risk_Factors_clean.csv,SMOTETomek,AdaBoostClassifier,0.923,,,,,,,,,,,0.201,0.027,0.205,0.123,0.51,0.136,0.004,0.064,0.372
Apple_Stock_Price_Trends.csv,RandomUnderSampler,BalancedRandomForestClassifier,1.751,,,,,,,,,,,0.36,0.035,0.374,0.046,0.391,0.042,0.045,0.058,0.371
GesturePhaseSegmentationProcessed.csv,RandomUnderSampler,AdaBoostClassifier,2.887,,,,,,,,,,,0.371,0.022,0.42,0.025,0.386,0.029,0.225,0.029,0.371
GesturePhaseSegmentationProcessed.csv,RandomUnderSampler,RUSBoostClassifier,3.194,,,,,,,,,,,0.371,0.022,0.42,0.025,0.386,0.029,0.225,0.029,0.371
GesturePhaseSegmentationProcessed.csv,RandomUnderSampler,EasyEnsembleClassifier,22.427,,,,,,,,,,,0.371,0.022,0.42,0.025,0.386,0.029,0.225,0.029,0.371
yeast.csv,TomekLinks,AdaBoostClassifier,0.309,,,,,,,,,,,0.357,0.076,0.33,0.051,0.444,0.059,0.32,0.072,0.371
Apple_Stock_Price_Trends.csv,RandomUnderSampler,RandomForestClassifier,1.273,,,,,,,,,,,0.362,0.034,0.376,0.043,0.388,0.044,0.049,0.055,0.371
GesturePhaseSegmentationProcessed.csv,SMOTETomek,RUSBoostClassifier,12.323,,,,,,,,,,,0.371,0.022,0.418,0.026,0.389,0.036,0.226,0.031,0.371
Estimation_of_Obesity_Levels.csv,TomekLinks,RUSBoostClassifier,0.806,,,,,,,,,,,0.3,0.079,0.41,0.062,0.395,0.071,0.347,0.064,0.37
vowel.csv,EditedNearestNeighbours,GradientBoostingClassifier,3.132,,,,,,,,,,,0.298,0.097,0.331,0.066,0.409,0.068,0.408,0.073,0.37
GesturePhaseSegmentationProcessed.csv,RandomOverSampler,RUSBoostClassifier,7.772,,,,,,,,,,,0.37,0.02,0.42,0.024,0.385,0.031,0.224,0.029,0.37
dgf_96f4164d-956d-4c1c-b161-68724eb0ccdc_clean.csv,SMOTETomek,EasyEnsembleClassifier,34.926,,,,,,,,,,,0.344,0.077,0.423,0.056,0.345,0.072,0.351,0.069,0.37
GesturePhaseSegmentationProcessed.csv,RandomOverSampler,AdaBoostClassifier,6.941,,,,,,,,,,,0.37,0.02,0.42,0.024,0.385,0.031,0.224,0.029,0.37
GesturePhaseSegmentationProcessed.csv,RandomOverSampler,EasyEnsembleClassifier,66.895,,,,,,,,,,,0.37,0.02,0.42,0.024,0.385,0.031,0.224,0.029,0.37
fabert_seed_0_nrows_2000_nclasses_10_ncols_100_stratify_True.csv,SMOTE,EasyEnsembleClassifier,5.994,,,,,,,,,,,0.529,0.112,0.196,0.017,0.155,0.027,0.139,0.04,0.369
fabert_seed_0_nrows_2000_nclasses_10_ncols_100_stratify_True.csv,SMOTE,RUSBoostClassifier,1.023,,,,,,,,,,,0.529,0.111,0.197,0.017,0.155,0.027,0.14,0.039,0.369
vowel.csv,EditedNearestNeighbours,BalancedRandomForestClassifier,1.301,,,,,,,,,,,0.314,0.097,0.36,0.102,0.413,0.099,0.37,0.118,0.369
Apple_Stock_Price_Trends.csv,EditedNearestNeighbours,EasyEnsembleClassifier,3.427,,,,,,,,,,,0.286,0.021,0.353,0.036,0.437,0.044,0.022,0.061,0.369
Cervical_Cancer_Risk_Factors_clean.csv,SMOTETomek,EasyEnsembleClassifier,7.16,,,,,,,,,,,0.201,0.027,0.209,0.112,0.504,0.115,0.008,0.075,0.369
Diabetes130US_seed_2_nrows_2000_nclasses_10_ncols_100_stratify_True_clean.csv,EditedNearestNeighbours,GradientBoostingClassifier,3.912,,,,,,,,,,,0.413,0.089,0.385,0.034,0.341,0.034,0.101,0.048,0.369
fabert_seed_0_nrows_2000_nclasses_10_ncols_100_stratify_True.csv,SMOTE,AdaBoostClassifier,0.619,,,,,,,,,,,0.529,0.111,0.197,0.017,0.155,0.027,0.14,0.039,0.369
Cervical_Cancer_Risk_Factors_clean.csv,RandomOverSampler,EasyEnsembleClassifier,4.448,,,,,,,,,,,0.211,0.024,0.239,0.112,0.5,0.145,0.03,0.057,0.368
autoUniv-au7-500.csv,TomekLinks,BaggingClassifier,0.275,,,,,,,,,,,0.38,0.068,0.349,0.049,0.43,0.05,0.249,0.069,0.368
soybean_clean.csv,SMOTE,EasyEnsembleClassifier,4.502,,,,,,,,,,,0.319,0.103,0.399,0.099,0.324,0.085,0.403,0.096,0.367
wine-quality-red.csv,EditedNearestNeighbours,AdaBoostClassifier,0.545,,,,,,,,,,,0.256,0.047,0.26,0.063,0.513,0.03,0.25,0.051,0.367
Apple_Stock_Price_Trends.csv,RandomUnderSampler,BalancedBaggingClassifier,0.475,,,,,,,,,,,0.352,0.026,0.365,0.038,0.388,0.035,0.03,0.046,0.367
wine_quality_red.csv,EditedNearestNeighbours,AdaBoostClassifier,0.507,,,,,,,,,,,0.256,0.047,0.26,0.063,0.513,0.03,0.25,0.051,0.367
autoUniv-au7-500.csv,SMOTETomek,BaggingClassifier,0.341,,,,,,,,,,,0.375,0.071,0.366,0.055,0.422,0.06,0.24,0.074,0.367
Apple_Stock_Price_Trends.csv,RandomUnderSampler,GradientBoostingClassifier,3.121,,,,,,,,,,,0.356,0.037,0.363,0.05,0.39,0.052,0.039,0.064,0.367
Estimation_of_Obesity_Levels.csv,ADASYN,AdaBoostClassifier,0.629,,,,,,,,,,,0.335,0.087,0.417,0.07,0.376,0.064,0.313,0.064,0.366
Mobile_Price.csv,ADASYN,AdaBoostClassifier,0.78,,,,,,,,,,,0.403,0.117,0.427,0.101,0.315,0.169,0.206,0.152,0.366
ecoli.csv,TomekLinks,EasyEnsembleClassifier,1.732,,,,,,,,,,,0.416,0.127,0.283,0.117,0.411,0.128,0.302,0.107,0.366
first-order-theorem-proving_seed_2_nrows_2000_nclasses_10_ncols_100_stratify_True.csv,RandomUnderSampler,BalancedBaggingClassifier,0.852,,,,,,,,,,,0.362,0.031,0.377,0.04,0.416,0.035,0.258,0.041,0.366
eucalyptus.csv,EditedNearestNeighbours,BaggingClassifier,0.418,,,,,,,,,,,0.382,0.084,0.339,0.068,0.432,0.054,0.241,0.08,0.366
agriculture_dataset_karnataka_clean_subset.csv,EditedNearestNeighbours,BalancedBaggingClassifier,0.298,,,,,,,,,,,0.383,0.061,0.371,0.034,0.36,0.045,0.059,0.057,0.365
ecoli.csv,RandomUnderSampler,BalancedBaggingClassifier,0.261,,,,,,,,,,,0.334,0.126,0.309,0.1,0.455,0.139,0.311,0.134,0.365
autoUniv-au7-500.csv,TomekLinks,BalancedRandomForestClassifier,0.885,,,,,,,,,,,0.374,0.055,0.377,0.052,0.407,0.047,0.228,0.057,0.364
wine_quality_red.csv,EditedNearestNeighbours,EasyEnsembleClassifier,2.312,,,,,,,,,,,0.266,0.019,0.338,0.082,0.482,0.044,0.233,0.052,0.364
steel-plates-fault_subset.csv,EditedNearestNeighbours,AdaBoostClassifier,0.311,,,,,,,,,,,0.292,0.026,0.357,0.039,0.437,0.03,0.329,0.049,0.364
total_score.csv,ADASYN,EasyEnsembleClassifier,4.643,,,,,,,,,,,0.366,0.058,0.446,0.05,0.327,0.06,0.203,0.08,0.364
Cervical_Cancer_Risk_Factors_clean.csv,TomekLinks,BalancedRandomForestClassifier,0.917,,,,,,,,,,,0.222,0.026,0.259,0.126,0.495,0.066,0.059,0.063,0.364
wine-quality-red.csv,EditedNearestNeighbours,EasyEnsembleClassifier,2.396,,,,,,,,,,,0.266,0.019,0.338,0.082,0.482,0.044,0.233,0.052,0.364
total_score.csv,TomekLinks,EasyEnsembleClassifier,2.296,,,,,,,,,,,0.352,0.036,0.421,0.051,0.376,0.045,0.186,0.072,0.363
fabert_seed_0_nrows_2000_nclasses_10_ncols_100_stratify_True.csv,SMOTETomek,RUSBoostClassifier,0.996,,,,,,,,,,,0.521,0.087,0.197,0.018,0.139,0.028,0.152,0.037,0.363
agriculture_dataset_karnataka_clean_subset.csv,EditedNearestNeighbours,AdaBoostClassifier,0.248,,,,,,,,,,,0.382,0.123,0.368,0.036,0.361,0.054,0.065,0.065,0.363
Estimation_of_Obesity_Levels.csv,EditedNearestNeighbours,AdaBoostClassifier,0.328,,,,,,,,,,,0.247,0.135,0.351,0.106,0.414,0.092,0.378,0.105,0.362
Diabetes130US_seed_2_nrows_2000_nclasses_10_ncols_100_stratify_True_clean.csv,TomekLinks,RUSBoostClassifier,0.714,,,,,,,,,,,0.298,0.056,0.393,0.031,0.42,0.037,0.122,0.039,0.362
GesturePhaseSegmentationProcessed.csv,TomekLinks,AdaBoostClassifier,3.926,,,,,,,,,,,0.367,0.08,0.323,0.015,0.439,0.014,0.232,0.025,0.361
agriculture_dataset_karnataka_clean_subset.csv,EditedNearestNeighbours,EasyEnsembleClassifier,1.973,,,,,,,,,,,0.367,0.063,0.355,0.037,0.369,0.07,0.036,0.065,0.361
mabbob_ela_as_2d_classify.csv,TomekLinks,AdaBoostClassifier,3.388,,,,,,,,,,,0.295,0.092,0.26,0.062,0.48,0.033,0.092,0.072,0.361
soybean_clean.csv,SMOTETomek,EasyEnsembleClassifier,4.402,,,,,,,,,,,0.328,0.063,0.392,0.076,0.315,0.07,0.391,0.08,0.361
fabert_seed_0_nrows_2000_nclasses_10_ncols_100_stratify_True.csv,RandomUnderSampler,RUSBoostClassifier,0.538,,,,,,,,,,,0.517,0.099,0.202,0.022,0.159,0.038,0.146,0.044,0.36
Apple_Stock_Price_Trends.csv,EditedNearestNeighbours,BalancedBaggingClassifier,0.419,,,,,,,,,,,0.284,0.02,0.345,0.034,0.424,0.047,0.017,0.061,0.36
mabbob_ela_as_5d_classify.csv,RandomUnderSampler,BalancedRandomForestClassifier,0.729,,,,,,,,,,,0.293,0.041,0.393,0.122,0.396,0.062,0.07,0.067,0.359
wine_quality_white.csv,EditedNearestNeighbours,BaggingClassifier,0.662,,,,,,,,,,,0.333,0.069,0.232,0.021,0.479,0.017,0.233,0.025,0.359
mabbob_ela_as_5d_classify.csv,RandomUnderSampler,BaggingClassifier,0.22,,,,,,,,,,,0.292,0.039,0.398,0.128,0.391,0.07,0.068,0.069,0.359
Cervical_Cancer_Risk_Factors_clean.csv,SMOTETomek,RUSBoostClassifier,1.114,,,,,,,,,,,0.198,0.024,0.191,0.109,0.492,0.136,0.0,0.066,0.359
wine_quality_white.csv,EditedNearestNeighbours,GradientBoostingClassifier,3.321,,,,,,,,,,,0.31,0.063,0.222,0.018,0.489,0.022,0.246,0.035,0.359
wine_quality_red.csv,TomekLinks,EasyEnsembleClassifier,2.382,,,,,,,,,,,0.296,0.028,0.341,0.091,0.461,0.039,0.221,0.046,0.358
fabert_seed_0_nrows_2000_nclasses_10_ncols_100_stratify_True.csv,RandomUnderSampler,EasyEnsembleClassifier,3.234,,,,,,,,,,,0.515,0.106,0.202,0.022,0.161,0.039,0.145,0.045,0.358
wine-quality-red.csv,TomekLinks,EasyEnsembleClassifier,2.285,,,,,,,,,,,0.296,0.028,0.341,0.091,0.461,0.039,0.221,0.046,0.358
mabbob_ela_as_5d_classify.csv,EditedNearestNeighbours,BalancedBaggingClassifier,0.3,,,,,,,,,,,0.248,0.072,0.34,0.111,0.443,0.075,0.055,0.059,0.358
autoUniv-au7-500.csv,TomekLinks,GradientBoostingClassifier,1.273,,,,,,,,,,,0.387,0.082,0.336,0.059,0.409,0.055,0.217,0.077,0.358
vowel.csv,SMOTETomek,RUSBoostClassifier,0.637,,,,,,,,,,,0.353,0.11,0.396,0.086,0.344,0.102,0.325,0.092,0.357
Diabetes130US_seed_2_nrows_2000_nclasses_10_ncols_100_stratify_True_clean.csv,EditedNearestNeighbours,AdaBoostClassifier,1.135,,,,,,,,,,,0.404,0.127,0.372,0.04,0.317,0.034,0.087,0.048,0.357
fabert_seed_0_nrows_2000_nclasses_10_ncols_100_stratify_True.csv,RandomUnderSampler,AdaBoostClassifier,0.34,,,,,,,,,,,0.514,0.106,0.202,0.022,0.16,0.038,0.146,0.045,0.357
eucalyptus.csv,EditedNearestNeighbours,BalancedRandomForestClassifier,0.84,,,,,,,,,,,0.392,0.075,0.352,0.069,0.39,0.082,0.23,0.095,0.357
total_score.csv,SMOTETomek,AdaBoostClassifier,0.491,,,,,,,,,,,0.358,0.065,0.43,0.057,0.328,0.064,0.18,0.09,0.356
total_score.csv,ADASYN,RUSBoostClassifier,0.631,,,,,,,,,,,0.363,0.064,0.428,0.053,0.323,0.066,0.175,0.095,0.356
Mobile_Price.csv,ADASYN,RUSBoostClassifier,0.852,,,,,,,,,,,0.39,0.131,0.42,0.097,0.301,0.162,0.198,0.148,0.356
wine_quality_red.csv,EditedNearestNeighbours,BalancedBaggingClassifier,0.595,,,,,,,,,,,0.257,0.021,0.309,0.085,0.48,0.033,0.228,0.05,0.355
total_score.csv,RandomUnderSampler,RUSBoostClassifier,0.325,,,,,,,,,,,0.34,0.068,0.413,0.079,0.353,0.081,0.129,0.095,0.355
total_score.csv,RandomUnderSampler,EasyEnsembleClassifier,2.2,,,,,,,,,,,0.34,0.068,0.413,0.079,0.353,0.081,0.129,0.095,0.355
total_score.csv,RandomUnderSampler,AdaBoostClassifier,0.228,,,,,,,,,,,0.34,0.068,0.413,0.079,0.353,0.081,0.129,0.095,0.355
vowel.csv,RandomOverSampler,RUSBoostClassifier,0.963,,,,,,,,,,,0.357,0.098,0.399,0.093,0.33,0.098,0.322,0.098,0.355
vowel.csv,RandomOverSampler,EasyEnsembleClassifier,5.059,,,,,,,,,,,0.357,0.098,0.399,0.093,0.33,0.098,0.322,0.098,0.355
wine-quality-red.csv,EditedNearestNeighbours,BalancedBaggingClassifier,0.626,,,,,,,,,,,0.257,0.021,0.309,0.085,0.48,0.033,0.228,0.05,0.355
vowel.csv,RandomOverSampler,AdaBoostClassifier,0.699,,,,,,,,,,,0.357,0.098,0.399,0.093,0.33,0.098,0.322,0.098,0.355
vowel.csv,SMOTETomek,EasyEnsembleClassifier,3.774,,,,,,,,,,,0.349,0.106,0.394,0.086,0.34,0.102,0.323,0.092,0.354
mabbob_ela_as_2d_classify.csv,TomekLinks,BalancedRandomForestClassifier,4.612,,,,,,,,,,,0.275,0.028,0.416,0.084,0.385,0.039,0.123,0.045,0.354
mabbob_ela_as_5d_classify.csv,EditedNearestNeighbours,BalancedRandomForestClassifier,0.633,,,,,,,,,,,0.249,0.052,0.388,0.108,0.404,0.091,0.068,0.06,0.354
total_score.csv,SMOTETomek,RUSBoostClassifier,0.688,,,,,,,,,,,0.355,0.074,0.424,0.057,0.322,0.056,0.149,0.071,0.353
mabbob_ela_as_5d_classify.csv,RandomUnderSampler,BalancedBaggingClassifier,0.261,,,,,,,,,,,0.284,0.033,0.398,0.122,0.372,0.058,0.051,0.063,0.353
vowel.csv,SMOTETomek,AdaBoostClassifier,0.757,,,,,,,,,,,0.346,0.105,0.392,0.087,0.337,0.104,0.321,0.093,0.352
total_score.csv,SMOTETomek,EasyEnsembleClassifier,3.864,,,,,,,,,,,0.349,0.056,0.427,0.047,0.325,0.053,0.165,0.077,0.352
vowel.csv,SMOTE,RUSBoostClassifier,0.73,,,,,,,,,,,0.346,0.105,0.392,0.087,0.337,0.104,0.321,0.093,0.352
vowel.csv,SMOTE,AdaBoostClassifier,0.998,,,,,,,,,,,0.346,0.105,0.392,0.087,0.337,0.104,0.321,0.093,0.352
vowel.csv,SMOTE,EasyEnsembleClassifier,4.933,,,,,,,,,,,0.346,0.105,0.392,0.087,0.337,0.104,0.321,0.093,0.352
mabbob_ela_as_2d_classify.csv,EditedNearestNeighbours,AdaBoostClassifier,1.484,,,,,,,,,,,0.29,0.106,0.294,0.075,0.448,0.019,0.073,0.058,0.351
eucalyptus.csv,EditedNearestNeighbours,BalancedBaggingClassifier,0.517,,,,,,,,,,,0.387,0.08,0.344,0.062,0.381,0.096,0.209,0.099,0.35
total_score.csv,SMOTE,AdaBoostClassifier,0.607,,,,,,,,,,,0.351,0.053,0.426,0.046,0.308,0.047,0.165,0.075,0.349
total_score.csv,SMOTE,RUSBoostClassifier,0.728,,,,,,,,,,,0.351,0.053,0.426,0.046,0.308,0.047,0.165,0.075,0.349
total_score.csv,SMOTE,EasyEnsembleClassifier,5.401,,,,,,,,,,,0.351,0.053,0.426,0.046,0.308,0.047,0.165,0.075,0.349
mabbob_ela_as_2d_classify.csv,EditedNearestNeighbours,RandomForestClassifier,2.938,,,,,,,,,,,0.309,0.15,0.271,0.07,0.451,0.015,0.104,0.057,0.348
fabert_seed_0_nrows_2000_nclasses_10_ncols_100_stratify_True.csv,EditedNearestNeighbours,BalancedBaggingClassifier,0.391,,,,,,,,,,,0.497,0.102,0.196,0.012,0.12,0.025,0.143,0.031,0.348
total_score.csv,ADASYN,AdaBoostClassifier,0.47,,,,,,,,,,,0.352,0.076,0.424,0.063,0.309,0.059,0.162,0.096,0.348
vowel.csv,ADASYN,AdaBoostClassifier,0.46,,,,,,,,,,,0.349,0.093,0.391,0.068,0.32,0.097,0.312,0.078,0.347
first-order-theorem-proving .csv,TomekLinks,EasyEnsembleClassifier,13.392,,,,,,,,,,,0.349,0.017,0.36,0.021,0.39,0.02,0.234,0.022,0.347
mabbob_ela_as_5d_classify.csv,RandomUnderSampler,RandomForestClassifier,0.543,,,,,,,,,,,0.287,0.043,0.389,0.126,0.363,0.074,0.059,0.072,0.346
wine-quality-red.csv,SMOTETomek,EasyEnsembleClassifier,8.032,,,,,,,,,,,0.289,0.033,0.358,0.071,0.426,0.047,0.209,0.047,0.346
Cervical_Cancer_Risk_Factors_clean.csv,SMOTE,RUSBoostClassifier,0.987,,,,,,,,,,,0.199,0.029,0.206,0.142,0.471,0.14,-0.0,0.067,0.346
Mobile_Price.csv,ADASYN,EasyEnsembleClassifier,6.47,,,,,,,,,,,0.388,0.09,0.405,0.079,0.275,0.113,0.171,0.102,0.346
wine_quality_red.csv,SMOTETomek,EasyEnsembleClassifier,9.603,,,,,,,,,,,0.289,0.033,0.358,0.071,0.426,0.047,0.209,0.047,0.346
mabbob_ela_as_5d_classify.csv,RandomUnderSampler,EasyEnsembleClassifier,2.147,,,,,,,,,,,0.292,0.042,0.373,0.127,0.377,0.049,0.063,0.073,0.345
Cervical_Cancer_Risk_Factors_clean.csv,ADASYN,AdaBoostClassifier,0.786,,,,,,,,,,,0.205,0.026,0.222,0.135,0.468,0.112,0.022,0.073,0.345
mabbob_ela_as_2d_classify.csv,TomekLinks,BalancedBaggingClassifier,1.732,,,,,,,,,,,0.275,0.043,0.388,0.1,0.39,0.057,0.112,0.063,0.345
mabbob_ela_as_5d_classify.csv,RandomUnderSampler,RUSBoostClassifier,0.303,,,,,,,,,,,0.292,0.043,0.372,0.126,0.375,0.048,0.062,0.075,0.344
mabbob_ela_as_5d_classify.csv,RandomUnderSampler,AdaBoostClassifier,0.207,,,,,,,,,,,0.292,0.043,0.372,0.127,0.374,0.049,0.061,0.075,0.344
Cervical_Cancer_Risk_Factors_clean.csv,SMOTE,EasyEnsembleClassifier,7.112,,,,,,,,,,,0.198,0.028,0.206,0.142,0.466,0.132,-0.002,0.065,0.344
Mobile_Price.csv,TomekLinks,EasyEnsembleClassifier,2.744,,,,,,,,,,,0.387,0.107,0.414,0.05,0.209,0.057,0.167,0.062,0.344
mfeat-morphological.csv,EditedNearestNeighbours,EasyEnsembleClassifier,2.305,,,,,,,,,,,0.341,0.089,0.333,0.088,0.36,0.121,0.328,0.116,0.341
Cervical_Cancer_Risk_Factors_clean.csv,SMOTE,AdaBoostClassifier,0.889,,,,,,,,,,,0.198,0.028,0.208,0.142,0.46,0.13,-0.002,0.065,0.341
mabbob_ela_as_2d_classify.csv,EditedNearestNeighbours,BalancedRandomForestClassifier,3.703,,,,,,,,,,,0.233,0.037,0.33,0.059,0.414,0.041,0.042,0.049,0.34
soybean_clean.csv,RandomOverSampler,RUSBoostClassifier,0.578,,,,,,,,,,,0.302,0.053,0.371,0.054,0.293,0.051,0.37,0.061,0.339
fabert_seed_0_nrows_2000_nclasses_10_ncols_100_stratify_True.csv,EditedNearestNeighbours,BalancedRandomForestClassifier,0.869,,,,,,,,,,,0.482,0.089,0.194,0.016,0.116,0.032,0.137,0.038,0.338
eucalyptus.csv,EditedNearestNeighbours,EasyEnsembleClassifier,2.395,,,,,,,,,,,0.386,0.064,0.328,0.065,0.358,0.119,0.216,0.078,0.338
hepatitis_c_virus_hcv_for_egyptian_patients.csv,ADASYN,GradientBoostingClassifier,9.212,,,,,,,,,,,0.236,0.097,0.238,0.036,0.408,0.038,-0.022,0.074,0.337
first-order-theorem-proving .csv,EditedNearestNeighbours,EasyEnsembleClassifier,3.986,,,,,,,,,,,0.343,0.022,0.34,0.025,0.383,0.028,0.217,0.029,0.336
first-order-theorem-proving .csv,SMOTETomek,EasyEnsembleClassifier,85.079,,,,,,,,,,,0.333,0.02,0.344,0.017,0.386,0.022,0.224,0.021,0.336
wine_quality_red.csv,TomekLinks,BalancedBaggingClassifier,0.387,,,,,,,,,,,0.273,0.032,0.338,0.123,0.423,0.042,0.188,0.045,0.336
wine-quality-red.csv,TomekLinks,BalancedBaggingClassifier,0.405,,,,,,,,,,,0.273,0.032,0.338,0.123,0.423,0.042,0.188,0.045,0.336
hepatitis_c_virus_hcv_for_egyptian_patients.csv,TomekLinks,AdaBoostClassifier,0.335,,,,,,,,,,,0.197,0.08,0.246,0.023,0.413,0.024,-0.021,0.08,0.335
autoUniv-au7-500.csv,RandomUnderSampler,RandomForestClassifier,0.544,,,,,,,,,,,0.347,0.063,0.367,0.073,0.348,0.062,0.184,0.073,0.334
hepatitis_c_virus_hcv_for_egyptian_patients.csv,SMOTETomek,BalancedRandomForestClassifier,1.956,,,,,,,,,,,0.195,0.079,0.241,0.02,0.413,0.021,-0.021,0.057,0.334
hepatitis_c_virus_hcv_for_egyptian_patients.csv,SMOTETomek,GradientBoostingClassifier,9.046,,,,,,,,,,,0.227,0.083,0.24,0.046,0.408,0.044,-0.02,0.09,0.334
mabbob_ela_as_5d_classify.csv,RandomUnderSampler,GradientBoostingClassifier,0.867,,,,,,,,,,,0.28,0.039,0.344,0.127,0.375,0.058,0.051,0.071,0.333
mabbob_ela_as_2d_classify.csv,EditedNearestNeighbours,BalancedBaggingClassifier,1.195,,,,,,,,,,,0.22,0.027,0.317,0.065,0.41,0.03,0.037,0.05,0.333
first-order-theorem-proving_seed_2_nrows_2000_nclasses_10_ncols_100_stratify_True.csv,SMOTETomek,EasyEnsembleClassifier,27.431,,,,,,,,,,,0.322,0.028,0.334,0.033,0.393,0.029,0.217,0.034,0.333
autoUniv-au7-500.csv,RandomUnderSampler,BaggingClassifier,0.228,,,,,,,,,,,0.346,0.072,0.357,0.084,0.355,0.066,0.184,0.083,0.332
mabbob_ela_as_5d_classify.csv,EditedNearestNeighbours,EasyEnsembleClassifier,1.838,,,,,,,,,,,0.249,0.058,0.369,0.101,0.369,0.109,0.063,0.052,0.332
hepatitis_c_virus_hcv_for_egyptian_patients.csv,ADASYN,RandomForestClassifier,1.455,,,,,,,,,,,0.211,0.1,0.243,0.026,0.415,0.028,-0.016,0.075,0.332
autoUniv-au7-500.csv,RandomUnderSampler,BalancedRandomForestClassifier,0.785,,,,,,,,,,,0.347,0.07,0.365,0.075,0.344,0.068,0.185,0.083,0.332
hepatitis_c_virus_hcv_for_egyptian_patients.csv,SMOTE,GradientBoostingClassifier,9.272,,,,,,,,,,,0.215,0.068,0.238,0.038,0.407,0.041,-0.021,0.089,0.332
hepatitis_c_virus_hcv_for_egyptian_patients.csv,RandomOverSampler,RandomForestClassifier,4.106,,,,,,,,,,,0.193,0.096,0.248,0.017,0.418,0.018,-0.013,0.069,0.331
first-order-theorem-proving .csv,SMOTETomek,AdaBoostClassifier,10.95,,,,,,,,,,,0.329,0.019,0.34,0.018,0.38,0.023,0.219,0.021,0.331
first-order-theorem-proving .csv,RandomOverSampler,RUSBoostClassifier,6.651,,,,,,,,,,,0.326,0.019,0.342,0.022,0.376,0.023,0.216,0.023,0.33
autoUniv-au7-500.csv,TomekLinks,RandomForestClassifier,0.645,,,,,,,,,,,0.362,0.087,0.3,0.042,0.377,0.045,0.202,0.077,0.33
first-order-theorem-proving .csv,RandomOverSampler,AdaBoostClassifier,5.394,,,,,,,,,,,0.326,0.019,0.342,0.022,0.376,0.023,0.216,0.023,0.33
yeast.csv,RandomUnderSampler,BalancedBaggingClassifier,0.334,,,,,,,,,,,0.318,0.051,0.381,0.054,0.343,0.064,0.218,0.057,0.33
hepatitis_c_virus_hcv_for_egyptian_patients.csv,TomekLinks,GradientBoostingClassifier,2.593,,,,,,,,,,,0.238,0.077,0.256,0.028,0.425,0.03,0.012,0.081,0.33
first-order-theorem-proving .csv,RandomOverSampler,EasyEnsembleClassifier,52.789,,,,,,,,,,,0.326,0.019,0.342,0.022,0.376,0.023,0.216,0.023,0.33
Cervical_Cancer_Risk_Factors_clean.csv,TomekLinks,BalancedBaggingClassifier,0.315,,,,,,,,,,,0.203,0.021,0.202,0.102,0.445,0.076,0.012,0.052,0.329
mabbob_ela_as_2d_classify.csv,TomekLinks,EasyEnsembleClassifier,10.672,,,,,,,,,,,0.264,0.056,0.431,0.111,0.271,0.089,0.092,0.06,0.329
hepatitis_c_virus_hcv_for_egyptian_patients.csv,ADASYN,BalancedRandomForestClassifier,1.95,,,,,,,,,,,0.19,0.093,0.236,0.026,0.411,0.025,-0.019,0.063,0.329
vowel.csv,ADASYN,RUSBoostClassifier,0.867,,,,,,,,,,,0.331,0.129,0.374,0.112,0.299,0.119,0.295,0.117,0.329
hepatitis_c_virus_hcv_for_egyptian_patients.csv,RandomOverSampler,BalancedRandomForestClassifier,1.633,,,,,,,,,,,0.182,0.086,0.249,0.015,0.418,0.018,-0.011,0.072,0.329
mfeat-morphological.csv,EditedNearestNeighbours,AdaBoostClassifier,0.726,,,,,,,,,,,0.203,0.077,0.273,0.061,0.367,0.05,0.381,0.057,0.328
hepatitis_c_virus_hcv_for_egyptian_patients.csv,RandomOverSampler,GradientBoostingClassifier,5.65,,,,,,,,,,,0.263,0.063,0.262,0.049,0.411,0.045,0.012,0.082,0.328
first-order-theorem-proving .csv,SMOTETomek,RUSBoostClassifier,11.878,,,,,,,,,,,0.322,0.018,0.336,0.02,0.38,0.022,0.216,0.022,0.328
wine-quality-red.csv,SMOTETomek,RUSBoostClassifier,1.091,,,,,,,,,,,0.274,0.042,0.347,0.085,0.397,0.061,0.177,0.058,0.328
first-order-theorem-proving .csv,SMOTE,EasyEnsembleClassifier,86.887,,,,,,,,,,,0.323,0.02,0.337,0.019,0.378,0.026,0.215,0.025,0.328
wine_quality_red.csv,SMOTETomek,RUSBoostClassifier,1.033,,,,,,,,,,,0.274,0.042,0.347,0.085,0.397,0.061,0.177,0.058,0.328
first-order-theorem-proving .csv,SMOTE,RUSBoostClassifier,10.008,,,,,,,,,,,0.323,0.02,0.337,0.019,0.378,0.026,0.215,0.025,0.328
hepatitis_c_virus_hcv_for_egyptian_patients.csv,SMOTETomek,RandomForestClassifier,1.503,,,,,,,,,,,0.215,0.105,0.244,0.032,0.417,0.033,-0.009,0.081,0.328
hepatitis_c_virus_hcv_for_egyptian_patients.csv,SMOTE,RandomForestClassifier,1.493,,,,,,,,,,,0.215,0.108,0.243,0.029,0.416,0.029,-0.01,0.074,0.328
first-order-theorem-proving .csv,SMOTE,AdaBoostClassifier,9.067,,,,,,,,,,,0.323,0.02,0.337,0.019,0.378,0.026,0.215,0.025,0.328
hepatitis_c_virus_hcv_for_egyptian_patients.csv,SMOTETomek,BaggingClassifier,0.696,,,,,,,,,,,0.261,0.056,0.25,0.038,0.399,0.037,-0.009,0.065,0.328
wine-quality-red.csv,RandomOverSampler,AdaBoostClassifier,0.542,,,,,,,,,,,0.273,0.035,0.338,0.076,0.402,0.066,0.188,0.065,0.327
energy-efficiency.csv,EditedNearestNeighbours,BalancedRandomForestClassifier,3.036,,,,,,,,,,,0.253,0.043,0.302,0.038,0.357,0.054,0.365,0.053,0.327
wine_quality_red.csv,SMOTE,AdaBoostClassifier,0.864,,,,,,,,,,,0.268,0.031,0.328,0.083,0.412,0.049,0.188,0.047,0.327
wine-quality-red.csv,RandomOverSampler,EasyEnsembleClassifier,5.569,,,,,,,,,,,0.273,0.035,0.338,0.076,0.402,0.066,0.188,0.065,0.327
wine-quality-red.csv,SMOTE,AdaBoostClassifier,0.868,,,,,,,,,,,0.268,0.031,0.328,0.083,0.412,0.049,0.188,0.047,0.327
yeast.csv,RandomUnderSampler,GradientBoostingClassifier,1.292,,,,,,,,,,,0.318,0.064,0.382,0.075,0.334,0.062,0.199,0.062,0.327
wine-quality-red.csv,SMOTE,RUSBoostClassifier,1.044,,,,,,,,,,,0.268,0.031,0.328,0.083,0.412,0.049,0.188,0.047,0.327
wine_quality_red.csv,RandomOverSampler,RUSBoostClassifier,0.716,,,,,,,,,,,0.273,0.035,0.338,0.076,0.402,0.066,0.188,0.065,0.327
wine_quality_red.csv,SMOTE,EasyEnsembleClassifier,7.832,,,,,,,,,,,0.268,0.031,0.328,0.083,0.412,0.049,0.188,0.047,0.327
hepatitis_c_virus_hcv_for_egyptian_patients.csv,TomekLinks,BaggingClassifier,0.318,,,,,,,,,,,0.229,0.072,0.26,0.035,0.424,0.034,0.024,0.078,0.327
wine-quality-red.csv,SMOTE,EasyEnsembleClassifier,8.51,,,,,,,,,,,0.268,0.031,0.328,0.083,0.412,0.049,0.188,0.047,0.327
wine_quality_red.csv,RandomOverSampler,EasyEnsembleClassifier,5.064,,,,,,,,,,,0.273,0.035,0.338,0.076,0.402,0.066,0.188,0.065,0.327
wine_quality_red.csv,SMOTE,RUSBoostClassifier,1.025,,,,,,,,,,,0.268,0.031,0.328,0.083,0.412,0.049,0.188,0.047,0.327
mabbob_ela_as_2d_classify.csv,RandomUnderSampler,BalancedBaggingClassifier,1.106,,,,,,,,,,,0.249,0.036,0.383,0.099,0.338,0.055,0.06,0.052,0.327
Diabetes130US_seed_2_nrows_2000_nclasses_10_ncols_100_stratify_True_clean.csv,EditedNearestNeighbours,RandomForestClassifier,1.303,,,,,,,,,,,0.28,0.09,0.388,0.036,0.33,0.022,0.091,0.041,0.327
hepatitis_c_virus_hcv_for_egyptian_patients.csv,ADASYN,BaggingClassifier,0.665,,,,,,,,,,,0.267,0.077,0.256,0.051,0.411,0.046,0.017,0.078,0.327
wine-quality-red.csv,RandomOverSampler,RUSBoostClassifier,0.704,,,,,,,,,,,0.273,0.035,0.338,0.076,0.402,0.066,0.188,0.065,0.327
wine_quality_red.csv,RandomOverSampler,AdaBoostClassifier,0.523,,,,,,,,,,,0.273,0.035,0.338,0.076,0.402,0.066,0.188,0.065,0.327
energy-efficiency.csv,TomekLinks,BalancedBaggingClassifier,0.413,,,,,,,,,,,0.289,0.045,0.341,0.043,0.334,0.056,0.337,0.052,0.327
hepatitis_c_virus_hcv_for_egyptian_patients.csv,RandomOverSampler,BalancedBaggingClassifier,0.611,,,,,,,,,,,0.259,0.067,0.258,0.054,0.413,0.052,0.024,0.092,0.326
eucalyptus_subset.csv,TomekLinks,RUSBoostClassifier,0.113,,,,,,,,,,,0.223,0.058,0.381,0.048,0.378,0.052,0.18,0.052,0.326
dionis_seed_0_nrows_2000_nclasses_10_ncols_100_stratify_True.csv,RandomOverSampler,BaggingClassifier,44.622,,,,,,,,,,,0.258,0.028,0.302,0.027,0.337,0.032,0.374,0.031,0.325
fabert_seed_0_nrows_2000_nclasses_10_ncols_100_stratify_True.csv,EditedNearestNeighbours,GradientBoostingClassifier,1.191,,,,,,,,,,,0.467,0.094,0.209,0.014,0.153,0.027,0.159,0.029,0.325
wine-quality-red.csv,SMOTETomek,AdaBoostClassifier,0.916,,,,,,,,,,,0.272,0.035,0.344,0.094,0.391,0.053,0.173,0.059,0.324
wine_quality_red.csv,SMOTETomek,AdaBoostClassifier,0.958,,,,,,,,,,,0.272,0.035,0.344,0.094,0.391,0.053,0.173,0.059,0.324
thyroid-dis.csv,EditedNearestNeighbours,RUSBoostClassifier,0.192,,,,,,,,,,,0.173,0.044,0.278,0.043,0.43,0.074,0.076,0.076,0.324
first-order-theorem-proving_seed_2_nrows_2000_nclasses_10_ncols_100_stratify_True.csv,SMOTETomek,AdaBoostClassifier,3.266,,,,,,,,,,,0.314,0.038,0.327,0.043,0.379,0.044,0.208,0.049,0.323
hepatitis_c_virus_hcv_for_egyptian_patients.csv,ADASYN,BalancedBaggingClassifier,0.804,,,,,,,,,,,0.228,0.053,0.236,0.046,0.382,0.039,-0.024,0.071,0.323
hepatitis_c_virus_hcv_for_egyptian_patients.csv,SMOTE,BalancedRandomForestClassifier,2.403,,,,,,,,,,,0.204,0.086,0.245,0.022,0.418,0.022,-0.003,0.066,0.322
soybean_clean.csv,RandomOverSampler,AdaBoostClassifier,0.35,,,,,,,,,,,0.298,0.053,0.368,0.058,0.26,0.057,0.335,0.076,0.322
first-order-theorem-proving_seed_2_nrows_2000_nclasses_10_ncols_100_stratify_True.csv,ADASYN,AdaBoostClassifier,3.183,,,,,,,,,,,0.311,0.035,0.319,0.041,0.385,0.033,0.205,0.041,0.322
hepatitis_c_virus_hcv_for_egyptian_patients.csv,ADASYN,EasyEnsembleClassifier,6.596,,,,,,,,,,,0.253,0.074,0.249,0.038,0.39,0.033,-0.01,0.056,0.322
first-order-theorem-proving .csv,ADASYN,EasyEnsembleClassifier,87.827,,,,,,,,,,,0.312,0.021,0.334,0.018,0.372,0.022,0.212,0.02,0.322
first-order-theorem-proving_seed_2_nrows_2000_nclasses_10_ncols_100_stratify_True.csv,TomekLinks,EasyEnsembleClassifier,5.512,,,,,,,,,,,0.32,0.033,0.334,0.04,0.368,0.033,0.205,0.037,0.322
first-order-theorem-proving_seed_2_nrows_2000_nclasses_10_ncols_100_stratify_True.csv,ADASYN,EasyEnsembleClassifier,28.111,,,,,,,,,,,0.308,0.03,0.323,0.034,0.382,0.029,0.206,0.036,0.321
autoUniv-au7-500.csv,TomekLinks,BalancedBaggingClassifier,0.325,,,,,,,,,,,0.331,0.064,0.334,0.071,0.354,0.061,0.163,0.075,0.321
hepatitis_c_virus_hcv_for_egyptian_patients.csv,TomekLinks,RandomForestClassifier,0.705,,,,,,,,,,,0.143,0.001,0.25,0.001,0.417,0.004,-0.002,0.012,0.321
hepatitis_c_virus_hcv_for_egyptian_patients.csv,SMOTETomek,EasyEnsembleClassifier,6.483,,,,,,,,,,,0.264,0.084,0.261,0.047,0.396,0.04,0.007,0.067,0.32
hepatitis_c_virus_hcv_for_egyptian_patients.csv,ADASYN,RUSBoostClassifier,0.86,,,,,,,,,,,0.265,0.068,0.258,0.052,0.395,0.045,0.008,0.079,0.319
hepatitis_c_virus_hcv_for_egyptian_patients.csv,SMOTE,BaggingClassifier,0.612,,,,,,,,,,,0.248,0.057,0.25,0.047,0.404,0.049,-0.0,0.087,0.319
hepatitis_c_virus_hcv_for_egyptian_patients.csv,SMOTETomek,BalancedBaggingClassifier,0.851,,,,,,,,,,,0.255,0.058,0.25,0.046,0.401,0.044,0.001,0.079,0.319
first-order-theorem-proving_seed_2_nrows_2000_nclasses_10_ncols_100_stratify_True.csv,SMOTE,RUSBoostClassifier,3.485,,,,,,,,,,,0.308,0.038,0.321,0.043,0.374,0.047,0.199,0.05,0.318
hepatitis_c_virus_hcv_for_egyptian_patients.csv,SMOTE,BalancedBaggingClassifier,0.839,,,,,,,,,,,0.249,0.061,0.25,0.051,0.402,0.045,0.006,0.076,0.318
first-order-theorem-proving .csv,RandomUnderSampler,RUSBoostClassifier,1.855,,,,,,,,,,,0.319,0.027,0.332,0.027,0.36,0.027,0.201,0.03,0.318
first-order-theorem-proving .csv,RandomUnderSampler,AdaBoostClassifier,1.662,,,,,,,,,,,0.319,0.027,0.332,0.027,0.36,0.027,0.201,0.03,0.318
hepatitis_c_virus_hcv_for_egyptian_patients.csv,RandomOverSampler,BaggingClassifier,0.571,,,,,,,,,,,0.236,0.062,0.237,0.055,0.395,0.053,-0.01,0.086,0.318
first-order-theorem-proving .csv,RandomUnderSampler,EasyEnsembleClassifier,14.538,,,,,,,,,,,0.319,0.027,0.332,0.027,0.36,0.027,0.201,0.03,0.318
first-order-theorem-proving_seed_2_nrows_2000_nclasses_10_ncols_100_stratify_True.csv,SMOTE,EasyEnsembleClassifier,28.726,,,,,,,,,,,0.308,0.038,0.321,0.043,0.374,0.047,0.199,0.05,0.318
fabert_seed_0_nrows_2000_nclasses_10_ncols_100_stratify_True.csv,EditedNearestNeighbours,BaggingClassifier,0.365,,,,,,,,,,,0.455,0.103,0.211,0.015,0.155,0.027,0.155,0.032,0.318
first-order-theorem-proving_seed_2_nrows_2000_nclasses_10_ncols_100_stratify_True.csv,SMOTE,AdaBoostClassifier,3.263,,,,,,,,,,,0.308,0.038,0.321,0.043,0.374,0.047,0.199,0.05,0.318
synthetic_control.csv,TomekLinks,EasyEnsembleClassifier,4.408,,,,,,,,,,,0.296,0.078,0.415,0.08,0.221,0.054,0.241,0.072,0.317
first-order-theorem-proving_seed_2_nrows_2000_nclasses_10_ncols_100_stratify_True.csv,SMOTETomek,RUSBoostClassifier,3.516,,,,,,,,,,,0.309,0.029,0.32,0.033,0.373,0.035,0.198,0.039,0.317
wine-quality-red.csv,RandomUnderSampler,RandomForestClassifier,0.533,,,,,,,,,,,0.262,0.031,0.327,0.106,0.389,0.051,0.16,0.047,0.316
steel-plates-fault_subset.csv,EditedNearestNeighbours,RUSBoostClassifier,0.208,,,,,,,,,,,0.255,0.056,0.311,0.052,0.381,0.087,0.281,0.065,0.316
wine_quality_red.csv,RandomUnderSampler,RandomForestClassifier,0.585,,,,,,,,,,,0.262,0.031,0.327,0.106,0.389,0.051,0.16,0.047,0.316
wine-quality-red.csv,RandomUnderSampler,BalancedRandomForestClassifier,0.706,,,,,,,,,,,0.265,0.031,0.331,0.118,0.385,0.059,0.162,0.052,0.316
wine_quality_red.csv,RandomUnderSampler,BalancedRandomForestClassifier,0.772,,,,,,,,,,,0.265,0.031,0.331,0.118,0.385,0.059,0.162,0.052,0.316
energy-efficiency.csv,EditedNearestNeighbours,BalancedBaggingClassifier,2.529,,,,,,,,,,,0.234,0.035,0.287,0.041,0.343,0.056,0.356,0.058,0.315
fabert_seed_0_nrows_2000_nclasses_10_ncols_100_stratify_True.csv,EditedNearestNeighbours,RandomForestClassifier,0.755,,,,,,,,,,,0.451,0.099,0.21,0.014,0.15,0.027,0.151,0.031,0.315
hepatitis_c_virus_hcv_for_egyptian_patients.csv,SMOTE,RUSBoostClassifier,0.967,,,,,,,,,,,0.266,0.065,0.264,0.064,0.382,0.052,0.004,0.087,0.314
hepatitis_c_virus_hcv_for_egyptian_patients.csv,SMOTE,AdaBoostClassifier,0.768,,,,,,,,,,,0.266,0.065,0.264,0.064,0.382,0.052,0.004,0.087,0.314
hepatitis_c_virus_hcv_for_egyptian_patients.csv,SMOTE,EasyEnsembleClassifier,6.888,,,,,,,,,,,0.266,0.065,0.264,0.064,0.382,0.052,0.004,0.087,0.314
first-order-theorem-proving .csv,ADASYN,RUSBoostClassifier,10.409,,,,,,,,,,,0.303,0.022,0.322,0.021,0.364,0.022,0.202,0.024,0.313
mabbob_ela_as_2d_classify.csv,RandomUnderSampler,AdaBoostClassifier,1.084,,,,,,,,,,,0.244,0.038,0.391,0.11,0.279,0.066,0.057,0.046,0.312
eucalyptus.csv,EditedNearestNeighbours,AdaBoostClassifier,0.631,,,,,,,,,,,0.312,0.09,0.331,0.075,0.347,0.137,0.209,0.12,0.312
mabbob_ela_as_2d_classify.csv,RandomUnderSampler,BalancedRandomForestClassifier,3.941,,,,,,,,,,,0.241,0.035,0.38,0.099,0.299,0.057,0.055,0.053,0.312
mabbob_ela_as_2d_classify.csv,RandomUnderSampler,RandomForestClassifier,2.584,,,,,,,,,,,0.242,0.032,0.376,0.101,0.309,0.061,0.059,0.049,0.312
first-order-theorem-proving_seed_2_nrows_2000_nclasses_10_ncols_100_stratify_True.csv,ADASYN,RUSBoostClassifier,3.397,,,,,,,,,,,0.301,0.026,0.311,0.028,0.372,0.025,0.192,0.029,0.312
mabbob_ela_as_2d_classify.csv,RandomUnderSampler,RUSBoostClassifier,1.941,,,,,,,,,,,0.244,0.038,0.391,0.11,0.28,0.065,0.058,0.046,0.312
mabbob_ela_as_2d_classify.csv,RandomUnderSampler,EasyEnsembleClassifier,12.037,,,,,,,,,,,0.243,0.037,0.391,0.11,0.282,0.063,0.058,0.047,0.312
wine-quality-red.csv,RandomUnderSampler,GradientBoostingClassifier,0.867,,,,,,,,,,,0.26,0.032,0.334,0.098,0.372,0.043,0.145,0.042,0.311
vowel.csv,EditedNearestNeighbours,BalancedBaggingClassifier,0.782,,,,,,,,,,,0.267,0.083,0.288,0.085,0.366,0.069,0.3,0.09,0.311
wine_quality_red.csv,RandomUnderSampler,GradientBoostingClassifier,232.626,,,,,,,,,,,0.26,0.032,0.334,0.098,0.372,0.043,0.145,0.042,0.311
mabbob_ela_as_2d_classify.csv,EditedNearestNeighbours,EasyEnsembleClassifier,9.793,,,,,,,,,,,0.226,0.059,0.299,0.083,0.378,0.101,0.037,0.068,0.311
hepatitis_c_virus_hcv_for_egyptian_patients.csv,ADASYN,AdaBoostClassifier,0.729,,,,,,,,,,,0.25,0.064,0.251,0.05,0.383,0.046,-0.003,0.071,0.311
hepatitis_c_virus_hcv_for_egyptian_patients.csv,SMOTETomek,RUSBoostClassifier,0.938,,,,,,,,,,,0.24,0.067,0.248,0.056,0.365,0.06,-0.014,0.083,0.31
mabbob_ela_as_2d_classify.csv,SMOTETomek,EasyEnsembleClassifier,79.619,,,,,,,,,,,0.25,0.038,0.378,0.08,0.308,0.077,0.084,0.059,0.31
agriculture_dataset_karnataka_clean_subset.csv,EditedNearestNeighbours,RUSBoostClassifier,0.13,,,,,,,,,,,0.316,0.083,0.342,0.029,0.263,0.092,0.016,0.051,0.31
hepatitis_c_virus_hcv_for_egyptian_patients.csv,SMOTETomek,AdaBoostClassifier,1.307,,,,,,,,,,,0.26,0.076,0.254,0.062,0.374,0.051,-0.003,0.078,0.31
first-order-theorem-proving .csv,ADASYN,AdaBoostClassifier,9.527,,,,,,,,,,,0.301,0.024,0.319,0.021,0.358,0.023,0.195,0.023,0.309
mabbob_ela_as_2d_classify.csv,SMOTETomek,AdaBoostClassifier,2.648,,,,,,,,,,,0.256,0.038,0.38,0.093,0.289,0.079,0.082,0.053,0.307
mabbob_ela_as_2d_classify.csv,RandomUnderSampler,BaggingClassifier,0.982,,,,,,,,,,,0.232,0.04,0.354,0.107,0.319,0.056,0.047,0.057,0.306
first-order-theorem-proving_seed_2_nrows_2000_nclasses_10_ncols_100_stratify_True.csv,RandomUnderSampler,RUSBoostClassifier,0.841,,,,,,,,,,,0.305,0.03,0.312,0.037,0.354,0.032,0.187,0.035,0.306
first-order-theorem-proving_seed_2_nrows_2000_nclasses_10_ncols_100_stratify_True.csv,RandomUnderSampler,EasyEnsembleClassifier,6.057,,,,,,,,,,,0.305,0.03,0.312,0.037,0.354,0.032,0.187,0.035,0.306
first-order-theorem-proving_seed_2_nrows_2000_nclasses_10_ncols_100_stratify_True.csv,RandomUnderSampler,AdaBoostClassifier,0.671,,,,,,,,,,,0.305,0.03,0.312,0.037,0.354,0.032,0.187,0.035,0.306
autoUniv-au7-500.csv,SMOTETomek,EasyEnsembleClassifier,2.806,,,,,,,,,,,0.305,0.048,0.314,0.047,0.35,0.044,0.149,0.056,0.306
wine_quality_white.csv,EditedNearestNeighbours,AdaBoostClassifier,0.597,,,,,,,,,,,0.291,0.107,0.191,0.022,0.401,0.029,0.129,0.036,0.305
mabbob_ela_as_2d_classify.csv,ADASYN,EasyEnsembleClassifier,82.115,,,,,,,,,,,0.247,0.029,0.378,0.067,0.286,0.071,0.08,0.045,0.304
mabbob_ela_as_2d_classify.csv,ADASYN,RUSBoostClassifier,10.384,,,,,,,,,,,0.246,0.034,0.394,0.076,0.247,0.082,0.073,0.039,0.303
first-order-theorem-proving_seed_2_nrows_2000_nclasses_10_ncols_100_stratify_True.csv,RandomOverSampler,EasyEnsembleClassifier,18.17,,,,,,,,,,,0.302,0.033,0.311,0.039,0.347,0.039,0.181,0.038,0.303
first-order-theorem-proving_seed_2_nrows_2000_nclasses_10_ncols_100_stratify_True.csv,RandomOverSampler,AdaBoostClassifier,1.89,,,,,,,,,,,0.302,0.033,0.311,0.039,0.347,0.039,0.181,0.038,0.303
first-order-theorem-proving_seed_2_nrows_2000_nclasses_10_ncols_100_stratify_True.csv,RandomOverSampler,RUSBoostClassifier,2.329,,,,,,,,,,,0.302,0.033,0.311,0.039,0.347,0.039,0.181,0.038,0.303
fabert_seed_0_nrows_2000_nclasses_10_ncols_100_stratify_True.csv,EditedNearestNeighbours,EasyEnsembleClassifier,2.201,,,,,,,,,,,0.427,0.171,0.175,0.016,0.088,0.044,0.104,0.046,0.303
wine_quality_white.csv,TomekLinks,AdaBoostClassifier,0.638,,,,,,,,,,,0.227,0.046,0.208,0.022,0.425,0.03,0.169,0.051,0.303
autoUniv-au7-500.csv,RandomUnderSampler,GradientBoostingClassifier,1.046,,,,,,,,,,,0.312,0.063,0.328,0.073,0.319,0.064,0.15,0.08,0.302
mabbob_ela_as_2d_classify.csv,SMOTETomek,RUSBoostClassifier,12.411,,,,,,,,,,,0.247,0.046,0.373,0.087,0.282,0.094,0.074,0.064,0.301
vowel.csv,RandomUnderSampler,AdaBoostClassifier,0.234,,,,,,,,,,,0.299,0.106,0.354,0.078,0.263,0.092,0.266,0.08,0.301
dgf_96f4164d-956d-4c1c-b161-68724eb0ccdc_clean.csv,ADASYN,AdaBoostClassifier,4.057,,,,,,,,,,,0.263,0.064,0.351,0.063,0.267,0.079,0.3,0.081,0.301
vowel.csv,RandomUnderSampler,RUSBoostClassifier,0.362,,,,,,,,,,,0.299,0.106,0.354,0.078,0.263,0.092,0.266,0.08,0.301
vowel.csv,RandomUnderSampler,EasyEnsembleClassifier,2.4,,,,,,,,,,,0.299,0.106,0.354,0.078,0.263,0.092,0.266,0.08,0.301
dgf_96f4164d-956d-4c1c-b161-68724eb0ccdc_clean.csv,SMOTE,AdaBoostClassifier,4.009,,,,,,,,,,,0.251,0.054,0.353,0.041,0.269,0.056,0.301,0.055,0.3
dgf_96f4164d-956d-4c1c-b161-68724eb0ccdc_clean.csv,SMOTE,RUSBoostClassifier,4.906,,,,,,,,,,,0.251,0.054,0.353,0.041,0.269,0.056,0.301,0.055,0.3
mabbob_ela_as_2d_classify.csv,RandomOverSampler,AdaBoostClassifier,1.895,,,,,,,,,,,0.244,0.054,0.374,0.074,0.282,0.116,0.081,0.059,0.3
mabbob_ela_as_2d_classify.csv,RandomOverSampler,EasyEnsembleClassifier,14.258,,,,,,,,,,,0.244,0.054,0.374,0.074,0.282,0.116,0.081,0.059,0.3
mabbob_ela_as_2d_classify.csv,RandomOverSampler,RUSBoostClassifier,1.754,,,,,,,,,,,0.244,0.054,0.374,0.074,0.282,0.116,0.081,0.059,0.3
dgf_96f4164d-956d-4c1c-b161-68724eb0ccdc_clean.csv,SMOTE,EasyEnsembleClassifier,37.279,,,,,,,,,,,0.251,0.054,0.353,0.041,0.269,0.056,0.301,0.055,0.3
autoUniv-au7-500.csv,ADASYN,EasyEnsembleClassifier,3.086,,,,,,,,,,,0.297,0.069,0.306,0.056,0.343,0.052,0.141,0.07,0.299
autoUniv-au7-500.csv,SMOTE,AdaBoostClassifier,0.313,,,,,,,,,,,0.294,0.072,0.309,0.075,0.334,0.059,0.132,0.078,0.297
dgf_96f4164d-956d-4c1c-b161-68724eb0ccdc_clean.csv,SMOTETomek,AdaBoostClassifier,4.279,,,,,,,,,,,0.266,0.075,0.348,0.071,0.268,0.085,0.285,0.083,0.297
autoUniv-au7-500.csv,SMOTE,EasyEnsembleClassifier,3.065,,,,,,,,,,,0.294,0.072,0.309,0.075,0.334,0.059,0.132,0.078,0.297
autoUniv-au7-500.csv,SMOTE,RUSBoostClassifier,0.466,,,,,,,,,,,0.294,0.072,0.309,0.075,0.334,0.059,0.132,0.078,0.297
hepatitis_c_virus_hcv_for_egyptian_patients.csv,TomekLinks,BalancedRandomForestClassifier,0.848,,,,,,,,,,,0.246,0.057,0.247,0.059,0.354,0.062,-0.004,0.083,0.296
soybean_clean.csv,SMOTE,RUSBoostClassifier,0.719,,,,,,,,,,,0.245,0.062,0.305,0.074,0.254,0.063,0.346,0.07,0.295
mabbob_ela_as_2d_classify.csv,RandomUnderSampler,GradientBoostingClassifier,6.809,,,,,,,,,,,0.238,0.042,0.339,0.109,0.304,0.069,0.044,0.062,0.295
autoUniv-au7-500.csv,SMOTETomek,RUSBoostClassifier,0.454,,,,,,,,,,,0.297,0.05,0.31,0.044,0.327,0.054,0.131,0.065,0.295
mabbob_ela_as_2d_classify.csv,ADASYN,AdaBoostClassifier,3.101,,,,,,,,,,,0.228,0.048,0.378,0.068,0.25,0.087,0.061,0.055,0.294
wine_quality_white.csv,TomekLinks,BalancedRandomForestClassifier,1.218,,,,,,,,,,,0.24,0.014,0.324,0.085,0.349,0.029,0.169,0.023,0.294
autoUniv-au7-500.csv,RandomUnderSampler,BalancedBaggingClassifier,0.27,,,,,,,,,,,0.305,0.051,0.308,0.068,0.317,0.054,0.137,0.067,0.293
mabbob_ela_as_2d_classify.csv,SMOTE,EasyEnsembleClassifier,55.999,,,,,,,,,,,0.246,0.037,0.367,0.076,0.258,0.087,0.067,0.05,0.293
mabbob_ela_as_2d_classify.csv,SMOTE,AdaBoostClassifier,2.606,,,,,,,,,,,0.246,0.037,0.367,0.076,0.258,0.087,0.067,0.05,0.293
wine_quality_red.csv,RandomUnderSampler,BaggingClassifier,0.243,,,,,,,,,,,0.252,0.024,0.316,0.095,0.342,0.043,0.122,0.029,0.293
mabbob_ela_as_2d_classify.csv,SMOTE,RUSBoostClassifier,2.76,,,,,,,,,,,0.246,0.037,0.367,0.076,0.258,0.087,0.067,0.05,0.293
wine-quality-red.csv,RandomUnderSampler,BaggingClassifier,0.278,,,,,,,,,,,0.252,0.024,0.316,0.095,0.342,0.043,0.122,0.029,0.293
first-order-theorem-proving .csv,TomekLinks,AdaBoostClassifier,2.823,,,,,,,,,,,0.323,0.077,0.232,0.018,0.345,0.02,0.168,0.029,0.291
wine-quality-red.csv,RandomUnderSampler,BalancedBaggingClassifier,0.312,,,,,,,,,,,0.254,0.031,0.315,0.101,0.337,0.056,0.124,0.045,0.291
synthetic_control.csv,RandomUnderSampler,RUSBoostClassifier,0.559,,,,,,,,,,,0.243,0.099,0.392,0.073,0.181,0.059,0.234,0.066,0.291
autoUniv-au7-500.csv,SMOTETomek,AdaBoostClassifier,0.341,,,,,,,,,,,0.297,0.057,0.303,0.06,0.321,0.057,0.126,0.066,0.291
autoUniv-au7-500.csv,ADASYN,AdaBoostClassifier,0.338,,,,,,,,,,,0.285,0.061,0.299,0.056,0.333,0.061,0.13,0.07,0.291
wine_quality_red.csv,RandomUnderSampler,BalancedBaggingClassifier,0.305,,,,,,,,,,,0.254,0.031,0.315,0.101,0.337,0.056,0.124,0.045,0.291
dgf_96f4164d-956d-4c1c-b161-68724eb0ccdc_clean.csv,SMOTETomek,RUSBoostClassifier,4.868,,,,,,,,,,,0.249,0.057,0.348,0.052,0.254,0.064,0.282,0.064,0.29
wine_quality_white.csv,RandomOverSampler,RUSBoostClassifier,1.88,,,,,,,,,,,0.234,0.027,0.304,0.069,0.354,0.044,0.154,0.044,0.289
wine_quality_white.csv,RandomOverSampler,EasyEnsembleClassifier,12.611,,,,,,,,,,,0.234,0.027,0.304,0.069,0.354,0.044,0.154,0.044,0.289
wine_quality_white.csv,RandomOverSampler,AdaBoostClassifier,1.396,,,,,,,,,,,0.234,0.027,0.304,0.069,0.354,0.044,0.154,0.044,0.289
first-order-theorem-proving .csv,EditedNearestNeighbours,AdaBoostClassifier,1.565,,,,,,,,,,,0.332,0.084,0.245,0.023,0.322,0.02,0.154,0.029,0.288
autoUniv-au7-500.csv,ADASYN,RUSBoostClassifier,0.468,,,,,,,,,,,0.278,0.07,0.304,0.072,0.325,0.064,0.125,0.086,0.288
autoUniv-au7-500.csv,TomekLinks,AdaBoostClassifier,0.279,,,,,,,,,,,0.295,0.108,0.289,0.052,0.329,0.052,0.152,0.091,0.288
synthetic_control.csv,RandomOverSampler,EasyEnsembleClassifier,5.248,,,,,,,,,,,0.24,0.089,0.383,0.071,0.169,0.051,0.242,0.076,0.287
synthetic_control.csv,RandomOverSampler,AdaBoostClassifier,0.732,,,,,,,,,,,0.24,0.089,0.383,0.071,0.169,0.051,0.242,0.076,0.287
soybean_clean.csv,SMOTE,AdaBoostClassifier,0.475,,,,,,,,,,,0.238,0.059,0.298,0.075,0.246,0.061,0.338,0.073,0.287
synthetic_control.csv,RandomOverSampler,RUSBoostClassifier,0.667,,,,,,,,,,,0.24,0.089,0.383,0.071,0.169,0.051,0.242,0.076,0.287
synthetic_control.csv,RandomUnderSampler,AdaBoostClassifier,0.335,,,,,,,,,,,0.234,0.097,0.386,0.071,0.176,0.057,0.23,0.067,0.286
dgf_96f4164d-956d-4c1c-b161-68724eb0ccdc_clean.csv,ADASYN,RUSBoostClassifier,4.672,,,,,,,,,,,0.248,0.062,0.348,0.058,0.24,0.063,0.275,0.063,0.286
yeast.csv,EditedNearestNeighbours,AdaBoostClassifier,0.658,,,,,,,,,,,0.251,0.09,0.292,0.086,0.311,0.066,0.281,0.08,0.286
synthetic_control.csv,RandomUnderSampler,EasyEnsembleClassifier,3.37,,,,,,,,,,,0.234,0.097,0.386,0.071,0.176,0.057,0.23,0.067,0.286
Cervical_Cancer_Risk_Factors_clean.csv,RandomUnderSampler,BalancedBaggingClassifier,0.287,,,,,,,,,,,0.204,0.029,0.195,0.106,0.376,0.102,0.008,0.057,0.285
autoUniv-au7-500.csv,RandomOverSampler,AdaBoostClassifier,0.268,,,,,,,,,,,0.287,0.069,0.303,0.075,0.306,0.069,0.116,0.084,0.284
autoUniv-au7-500.csv,RandomOverSampler,RUSBoostClassifier,0.421,,,,,,,,,,,0.287,0.069,0.303,0.075,0.306,0.069,0.116,0.084,0.284
hepatitis_c_virus_hcv_for_egyptian_patients.csv,RandomOverSampler,AdaBoostClassifier,0.809,,,,,,,,,,,0.257,0.05,0.256,0.064,0.326,0.058,0.007,0.071,0.284
autoUniv-au7-500.csv,RandomOverSampler,EasyEnsembleClassifier,2.753,,,,,,,,,,,0.287,0.069,0.303,0.075,0.306,0.069,0.116,0.084,0.284
hepatitis_c_virus_hcv_for_egyptian_patients.csv,RandomOverSampler,RUSBoostClassifier,0.953,,,,,,,,,,,0.257,0.05,0.256,0.064,0.326,0.058,0.007,0.071,0.284
hepatitis_c_virus_hcv_for_egyptian_patients.csv,RandomOverSampler,EasyEnsembleClassifier,5.089,,,,,,,,,,,0.257,0.05,0.256,0.064,0.326,0.058,0.007,0.071,0.284
wine_quality_red.csv,RandomUnderSampler,RUSBoostClassifier,0.331,,,,,,,,,,,0.248,0.038,0.296,0.092,0.336,0.058,0.118,0.05,0.283
wine_quality_red.csv,RandomUnderSampler,EasyEnsembleClassifier,2.133,,,,,,,,,,,0.248,0.038,0.296,0.092,0.336,0.059,0.118,0.05,0.283
wine_quality_red.csv,RandomUnderSampler,AdaBoostClassifier,0.204,,,,,,,,,,,0.248,0.038,0.296,0.092,0.336,0.06,0.118,0.05,0.283
wine-quality-red.csv,RandomUnderSampler,AdaBoostClassifier,0.218,,,,,,,,,,,0.248,0.038,0.296,0.092,0.336,0.06,0.118,0.05,0.283
wine-quality-red.csv,RandomUnderSampler,EasyEnsembleClassifier,2.081,,,,,,,,,,,0.248,0.038,0.296,0.092,0.336,0.059,0.118,0.05,0.283
wine-quality-red.csv,RandomUnderSampler,RUSBoostClassifier,0.35,,,,,,,,,,,0.248,0.038,0.296,0.092,0.336,0.058,0.118,0.05,0.283
autoUniv-au7-500.csv,TomekLinks,EasyEnsembleClassifier,2.188,,,,,,,,,,,0.294,0.065,0.313,0.073,0.278,0.052,0.114,0.067,0.281
first-order-theorem-proving_seed_2_nrows_2000_nclasses_10_ncols_100_stratify_True.csv,TomekLinks,AdaBoostClassifier,0.973,,,,,,,,,,,0.293,0.087,0.236,0.025,0.345,0.027,0.163,0.037,0.281
Cervical_Cancer_Risk_Factors_clean.csv,RandomUnderSampler,EasyEnsembleClassifier,1.944,,,,,,,,,,,0.21,0.046,0.267,0.135,0.334,0.16,0.02,0.051,0.279
hepatitis_c_virus_hcv_for_egyptian_patients.csv,EditedNearestNeighbours,EasyEnsembleClassifier,2.227,,,,,,,,,,,0.213,0.037,0.26,0.055,0.335,0.054,0.02,0.079,0.278
dgf_96f4164d-956d-4c1c-b161-68724eb0ccdc_clean.csv,RandomOverSampler,EasyEnsembleClassifier,36.424,,,,,,,,,,,0.237,0.068,0.315,0.058,0.253,0.076,0.281,0.077,0.276
dgf_96f4164d-956d-4c1c-b161-68724eb0ccdc_clean.csv,RandomOverSampler,RUSBoostClassifier,4.654,,,,,,,,,,,0.237,0.068,0.315,0.058,0.253,0.076,0.281,0.077,0.276
dgf_96f4164d-956d-4c1c-b161-68724eb0ccdc_clean.csv,RandomOverSampler,AdaBoostClassifier,3.776,,,,,,,,,,,0.237,0.068,0.315,0.058,0.253,0.076,0.281,0.077,0.276
Cervical_Cancer_Risk_Factors_clean.csv,RandomUnderSampler,AdaBoostClassifier,0.23,,,,,,,,,,,0.209,0.044,0.264,0.136,0.327,0.156,0.018,0.048,0.275
Cervical_Cancer_Risk_Factors_clean.csv,RandomUnderSampler,RUSBoostClassifier,0.374,,,,,,,,,,,0.208,0.047,0.263,0.137,0.326,0.156,0.016,0.049,0.274
dgf_96f4164d-956d-4c1c-b161-68724eb0ccdc_clean.csv,EditedNearestNeighbours,AdaBoostClassifier,0.897,,,,,,,,,,,0.219,0.075,0.253,0.052,0.281,0.049,0.314,0.057,0.273
fabert_seed_0_nrows_2000_nclasses_10_ncols_100_stratify_True.csv,TomekLinks,AdaBoostClassifier,0.475,,,,,,,,,,,0.386,0.08,0.19,0.014,0.168,0.019,0.165,0.028,0.272
yeast.csv,EditedNearestNeighbours,EasyEnsembleClassifier,2.525,,,,,,,,,,,0.337,0.12,0.279,0.1,0.227,0.102,0.168,0.074,0.272
hepatitis_c_virus_hcv_for_egyptian_patients.csv,RandomUnderSampler,BalancedRandomForestClassifier,0.959,,,,,,,,,,,0.263,0.061,0.271,0.069,0.279,0.061,0.015,0.082,0.27
autoUniv-au7-500.csv,RandomUnderSampler,EasyEnsembleClassifier,2.132,,,,,,,,,,,0.276,0.065,0.292,0.073,0.279,0.063,0.095,0.073,0.27
autoUniv-au7-500.csv,RandomUnderSampler,AdaBoostClassifier,0.229,,,,,,,,,,,0.276,0.065,0.292,0.073,0.279,0.063,0.095,0.073,0.27
Cervical_Cancer_Risk_Factors_clean.csv,RandomUnderSampler,RandomForestClassifier,0.51,,,,,,,,,,,0.211,0.032,0.226,0.136,0.339,0.097,0.019,0.057,0.27
autoUniv-au7-500.csv,RandomUnderSampler,RUSBoostClassifier,0.357,,,,,,,,,,,0.276,0.065,0.292,0.073,0.279,0.063,0.095,0.073,0.27
energy-efficiency.csv,RandomUnderSampler,BalancedRandomForestClassifier,0.966,,,,,,,,,,,0.245,0.053,0.257,0.057,0.294,0.064,0.275,0.065,0.269
energy-efficiency.csv,RandomUnderSampler,RandomForestClassifier,0.704,,,,,,,,,,,0.241,0.049,0.263,0.051,0.288,0.058,0.275,0.059,0.268
hepatitis_c_virus_hcv_for_egyptian_patients.csv,RandomUnderSampler,EasyEnsembleClassifier,2.837,,,,,,,,,,,0.255,0.048,0.263,0.062,0.278,0.057,0.001,0.065,0.266
hepatitis_c_virus_hcv_for_egyptian_patients.csv,TomekLinks,BalancedBaggingClassifier,0.287,,,,,,,,,,,0.248,0.047,0.242,0.057,0.281,0.059,-0.008,0.071,0.266
hepatitis_c_virus_hcv_for_egyptian_patients.csv,RandomUnderSampler,AdaBoostClassifier,0.28,,,,,,,,,,,0.255,0.048,0.263,0.062,0.278,0.057,0.001,0.065,0.266
vowel.csv,EditedNearestNeighbours,AdaBoostClassifier,0.937,,,,,,,,,,,0.157,0.067,0.225,0.07,0.306,0.062,0.299,0.103,0.266
hepatitis_c_virus_hcv_for_egyptian_patients.csv,RandomUnderSampler,RUSBoostClassifier,0.447,,,,,,,,,,,0.255,0.048,0.263,0.062,0.278,0.057,0.001,0.065,0.266
soybean_clean.csv,SMOTETomek,RUSBoostClassifier,0.726,,,,,,,,,,,0.238,0.053,0.293,0.064,0.214,0.059,0.291,0.057,0.265
dgf_96f4164d-956d-4c1c-b161-68724eb0ccdc_clean.csv,TomekLinks,AdaBoostClassifier,1.149,,,,,,,,,,,0.202,0.059,0.264,0.057,0.271,0.058,0.297,0.068,0.265
hepatitis_c_virus_hcv_for_egyptian_patients.csv,EditedNearestNeighbours,BalancedRandomForestClassifier,0.781,,,,,,,,,,,0.206,0.034,0.25,0.041,0.312,0.05,0.009,0.068,0.264
hepatitis_c_virus_hcv_for_egyptian_patients.csv,RandomUnderSampler,GradientBoostingClassifier,2.22,,,,,,,,,,,0.248,0.063,0.26,0.074,0.279,0.067,-0.001,0.092,0.264
hepatitis_c_virus_hcv_for_egyptian_patients.csv,RandomUnderSampler,RandomForestClassifier,0.72,,,,,,,,,,,0.257,0.043,0.258,0.058,0.277,0.048,0.012,0.06,0.264
Cervical_Cancer_Risk_Factors_clean.csv,RandomUnderSampler,BalancedRandomForestClassifier,0.792,,,,,,,,,,,0.207,0.025,0.204,0.109,0.334,0.083,0.015,0.055,0.263
hepatitis_c_virus_hcv_for_egyptian_patients.csv,EditedNearestNeighbours,BalancedBaggingClassifier,0.315,,,,,,,,,,,0.193,0.063,0.241,0.043,0.293,0.056,-0.012,0.079,0.261
Cervical_Cancer_Risk_Factors_clean.csv,RandomUnderSampler,GradientBoostingClassifier,0.673,,,,,,,,,,,0.206,0.026,0.241,0.12,0.313,0.084,0.008,0.048,0.261
hepatitis_c_virus_hcv_for_egyptian_patients.csv,TomekLinks,EasyEnsembleClassifier,2.461,,,,,,,,,,,0.264,0.043,0.266,0.055,0.258,0.055,0.022,0.06,0.261
hepatitis_c_virus_hcv_for_egyptian_patients.csv,EditedNearestNeighbours,GradientBoostingClassifier,0.867,,,,,,,,,,,0.184,0.023,0.256,0.04,0.309,0.046,0.017,0.075,0.26
hepatitis_c_virus_hcv_for_egyptian_patients.csv,EditedNearestNeighbours,AdaBoostClassifier,0.262,,,,,,,,,,,0.183,0.047,0.255,0.049,0.308,0.088,0.013,0.107,0.26
ecoli.csv,RandomUnderSampler,EasyEnsembleClassifier,1.679,,,,,,,,,,,0.266,0.133,0.272,0.098,0.282,0.136,0.196,0.127,0.26
Cervical_Cancer_Risk_Factors_clean.csv,RandomUnderSampler,BaggingClassifier,0.315,,,,,,,,,,,0.208,0.027,0.194,0.116,0.33,0.078,0.013,0.06,0.259
synthetic_control.csv,SMOTETomek,RUSBoostClassifier,0.968,,,,,,,,,,,0.188,0.098,0.349,0.066,0.142,0.052,0.216,0.073,0.256
synthetic_control.csv,SMOTETomek,EasyEnsembleClassifier,8.559,,,,,,,,,,,0.188,0.098,0.349,0.066,0.142,0.052,0.216,0.073,0.256
soybean_clean.csv,SMOTETomek,AdaBoostClassifier,0.545,,,,,,,,,,,0.222,0.053,0.288,0.06,0.191,0.07,0.288,0.078,0.256
synthetic_control.csv,SMOTE,RUSBoostClassifier,0.906,,,,,,,,,,,0.188,0.098,0.349,0.066,0.142,0.052,0.216,0.073,0.256
synthetic_control.csv,SMOTETomek,AdaBoostClassifier,0.748,,,,,,,,,,,0.188,0.098,0.349,0.066,0.142,0.052,0.216,0.073,0.256
synthetic_control.csv,SMOTE,EasyEnsembleClassifier,7.011,,,,,,,,,,,0.188,0.098,0.349,0.066,0.142,0.052,0.216,0.073,0.256
synthetic_control.csv,SMOTE,AdaBoostClassifier,0.766,,,,,,,,,,,0.188,0.098,0.349,0.066,0.142,0.052,0.216,0.073,0.256
energy-efficiency.csv,RandomUnderSampler,BaggingClassifier,0.268,,,,,,,,,,,0.232,0.049,0.239,0.037,0.276,0.044,0.263,0.043,0.254
wine_quality_white.csv,TomekLinks,EasyEnsembleClassifier,2.247,,,,,,,,,,,0.234,0.027,0.243,0.085,0.31,0.055,0.117,0.037,0.253
wine_quality_white.csv,EditedNearestNeighbours,BalancedRandomForestClassifier,1.208,,,,,,,,,,,0.202,0.016,0.231,0.066,0.331,0.059,0.116,0.039,0.253
wine_quality_white.csv,EditedNearestNeighbours,BalancedBaggingClassifier,0.676,,,,,,,,,,,0.19,0.019,0.216,0.066,0.335,0.052,0.099,0.043,0.251
hepatitis_c_virus_hcv_for_egyptian_patients.csv,RandomUnderSampler,BaggingClassifier,0.281,,,,,,,,,,,0.235,0.052,0.234,0.066,0.229,0.057,-0.017,0.072,0.25
hepatitis_c_virus_hcv_for_egyptian_patients.csv,RandomUnderSampler,BalancedBaggingClassifier,0.334,,,,,,,,,,,0.247,0.055,0.25,0.066,0.242,0.055,-0.004,0.07,0.25
wine_quality_white.csv,TomekLinks,BalancedBaggingClassifier,0.389,,,,,,,,,,,0.212,0.018,0.263,0.078,0.299,0.029,0.11,0.032,0.25
fabert_seed_0_nrows_2000_nclasses_10_ncols_100_stratify_True.csv,TomekLinks,GradientBoostingClassifier,4.188,,,,,,,,,,,0.289,0.043,0.234,0.025,0.257,0.027,0.134,0.037,0.247
fabert_seed_0_nrows_2000_nclasses_10_ncols_100_stratify_True.csv,SMOTETomek,GradientBoostingClassifier,7.008,,,,,,,,,,,0.273,0.029,0.258,0.026,0.253,0.028,0.138,0.027,0.246
dionis_seed_0_nrows_2000_nclasses_10_ncols_100_stratify_True.csv,RandomOverSampler,BalancedBaggingClassifier,28.984,,,,,,,,,,,0.189,0.025,0.232,0.026,0.249,0.029,0.285,0.029,0.245
soybean_clean.csv,RandomUnderSampler,EasyEnsembleClassifier,2.23,,,,,,,,,,,0.233,0.123,0.292,0.137,0.184,0.101,0.241,0.135,0.245
dionis_seed_0_nrows_2000_nclasses_10_ncols_100_stratify_True.csv,RandomUnderSampler,BaggingClassifier,26.7,,,,,,,,,,,0.186,0.027,0.229,0.028,0.246,0.035,0.282,0.036,0.242
fabert_seed_0_nrows_2000_nclasses_10_ncols_100_stratify_True.csv,SMOTE,GradientBoostingClassifier,7.835,,,,,,,,,,,0.268,0.028,0.254,0.025,0.248,0.025,0.131,0.025,0.242
wine_quality_white.csv,EditedNearestNeighbours,EasyEnsembleClassifier,2.43,,,,,,,,,,,0.208,0.04,0.207,0.071,0.306,0.057,0.065,0.051,0.241
hepatitis_c_virus_hcv_for_egyptian_patients.csv,EditedNearestNeighbours,RandomForestClassifier,0.644,,,,,,,,,,,0.181,0.023,0.245,0.034,0.275,0.054,0.002,0.066,0.241
fabert_seed_0_nrows_2000_nclasses_10_ncols_100_stratify_True.csv,RandomOverSampler,GradientBoostingClassifier,7.35,,,,,,,,,,,0.265,0.027,0.244,0.026,0.258,0.022,0.132,0.028,0.241
wine_quality_white.csv,RandomUnderSampler,BalancedRandomForestClassifier,0.802,,,,,,,,,,,0.202,0.022,0.24,0.068,0.295,0.043,0.094,0.041,0.24
collins.csv,RandomOverSampler,RandomForestClassifier,1.956,,,,,,,,,,,0.221,0.037,0.243,0.038,0.25,0.033,0.236,0.037,0.238
energy-efficiency.csv,RandomUnderSampler,GradientBoostingClassifier,3.901,,,,,,,,,,,0.217,0.058,0.225,0.054,0.258,0.057,0.244,0.048,0.237
mental_health_detection.csv,TomekLinks,BaggingClassifier,0.316,,,,,,,,,,,0.198,0.063,0.219,0.07,0.307,0.084,0.13,0.102,0.237
wine_quality_white.csv,RandomUnderSampler,RandomForestClassifier,0.55,,,,,,,,,,,0.204,0.025,0.242,0.072,0.284,0.048,0.095,0.041,0.236
fabert_seed_0_nrows_2000_nclasses_10_ncols_100_stratify_True.csv,RandomUnderSampler,GradientBoostingClassifier,2.588,,,,,,,,,,,0.264,0.034,0.241,0.027,0.24,0.033,0.121,0.034,0.235
fabert_seed_0_nrows_2000_nclasses_10_ncols_100_stratify_True.csv,SMOTETomek,BaggingClassifier,1.281,,,,,,,,,,,0.253,0.032,0.245,0.031,0.249,0.028,0.124,0.032,0.235
hepatitis_c_virus_hcv_for_egyptian_patients.csv,EditedNearestNeighbours,BaggingClassifier,0.285,,,,,,,,,,,0.181,0.027,0.247,0.05,0.258,0.058,0.0,0.086,0.234
wine_quality_white.csv,RandomUnderSampler,BalancedBaggingClassifier,0.298,,,,,,,,,,,0.203,0.026,0.22,0.066,0.291,0.053,0.084,0.046,0.233
fabert_seed_0_nrows_2000_nclasses_10_ncols_100_stratify_True.csv,SMOTE,BalancedBaggingClassifier,1.985,,,,,,,,,,,0.252,0.024,0.244,0.024,0.246,0.023,0.122,0.025,0.233
fabert_seed_0_nrows_2000_nclasses_10_ncols_100_stratify_True.csv,SMOTETomek,RandomForestClassifier,2.115,,,,,,,,,,,0.251,0.029,0.243,0.03,0.245,0.026,0.121,0.03,0.232
collins.csv,RandomOverSampler,BalancedRandomForestClassifier,2.832,,,,,,,,,,,0.217,0.054,0.235,0.049,0.244,0.036,0.23,0.04,0.232
fabert_seed_0_nrows_2000_nclasses_10_ncols_100_stratify_True.csv,SMOTE,BalancedRandomForestClassifier,3.814,,,,,,,,,,,0.248,0.023,0.243,0.028,0.244,0.02,0.121,0.025,0.231
fabert_seed_0_nrows_2000_nclasses_10_ncols_100_stratify_True.csv,SMOTETomek,BalancedRandomForestClassifier,3.157,,,,,,,,,,,0.25,0.026,0.242,0.028,0.244,0.024,0.12,0.028,0.231
wine_quality_white.csv,RandomUnderSampler,BaggingClassifier,0.239,,,,,,,,,,,0.192,0.025,0.22,0.065,0.291,0.052,0.082,0.045,0.231
fabert_seed_0_nrows_2000_nclasses_10_ncols_100_stratify_True.csv,SMOTETomek,BalancedBaggingClassifier,1.77,,,,,,,,,,,0.249,0.029,0.241,0.029,0.243,0.027,0.118,0.031,0.231
fabert_seed_0_nrows_2000_nclasses_10_ncols_100_stratify_True.csv,RandomOverSampler,BalancedBaggingClassifier,2.115,,,,,,,,,,,0.245,0.028,0.241,0.026,0.247,0.027,0.121,0.03,0.23
fabert_seed_0_nrows_2000_nclasses_10_ncols_100_stratify_True.csv,SMOTE,BaggingClassifier,1.422,,,,,,,,,,,0.249,0.03,0.242,0.027,0.242,0.028,0.119,0.031,0.23
fabert_seed_0_nrows_2000_nclasses_10_ncols_100_stratify_True.csv,SMOTE,RandomForestClassifier,2.438,,,,,,,,,,,0.246,0.023,0.241,0.027,0.243,0.022,0.119,0.026,0.23
dionis_seed_0_nrows_2000_nclasses_10_ncols_100_stratify_True.csv,TomekLinks,BaggingClassifier,26.358,,,,,,,,,,,0.175,0.024,0.214,0.026,0.236,0.029,0.269,0.031,0.23
fabert_seed_0_nrows_2000_nclasses_10_ncols_100_stratify_True.csv,RandomOverSampler,BaggingClassifier,1.494,,,,,,,,,,,0.243,0.027,0.24,0.025,0.244,0.027,0.118,0.029,0.229
fabert_seed_0_nrows_2000_nclasses_10_ncols_100_stratify_True.csv,TomekLinks,BaggingClassifier,0.879,,,,,,,,,,,0.237,0.034,0.238,0.028,0.254,0.031,0.129,0.038,0.229
fabert_seed_0_nrows_2000_nclasses_10_ncols_100_stratify_True.csv,RandomOverSampler,BalancedRandomForestClassifier,4.08,,,,,,,,,,,0.242,0.021,0.239,0.02,0.244,0.021,0.118,0.023,0.228
autoUniv-au7-500.csv,EditedNearestNeighbours,BalancedRandomForestClassifier,0.908,,,,,,,,,,,0.18,0.059,0.273,0.053,0.24,0.052,0.085,0.063,0.227
fabert_seed_0_nrows_2000_nclasses_10_ncols_100_stratify_True.csv,RandomOverSampler,RandomForestClassifier,2.419,,,,,,,,,,,0.241,0.022,0.238,0.022,0.242,0.021,0.116,0.024,0.227
mental_health_detection.csv,TomekLinks,RandomForestClassifier,0.673,,,,,,,,,,,0.178,0.057,0.204,0.076,0.301,0.081,0.124,0.101,0.227
fabert_seed_0_nrows_2000_nclasses_10_ncols_100_stratify_True.csv,TomekLinks,RandomForestClassifier,1.585,,,,,,,,,,,0.231,0.036,0.237,0.03,0.251,0.03,0.129,0.036,0.226
fabert_seed_0_nrows_2000_nclasses_10_ncols_100_stratify_True.csv,TomekLinks,BalancedRandomForestClassifier,1.554,,,,,,,,,,,0.238,0.039,0.233,0.032,0.245,0.034,0.122,0.039,0.225
fabert_seed_0_nrows_2000_nclasses_10_ncols_100_stratify_True.csv,RandomUnderSampler,RandomForestClassifier,1.104,,,,,,,,,,,0.249,0.029,0.233,0.032,0.23,0.028,0.11,0.032,0.224
yeast.csv,RandomUnderSampler,EasyEnsembleClassifier,2.182,,,,,,,,,,,0.224,0.109,0.269,0.08,0.205,0.099,0.153,0.074,0.223
dgf_96f4164d-956d-4c1c-b161-68724eb0ccdc_clean.csv,RandomUnderSampler,EasyEnsembleClassifier,3.926,,,,,,,,,,,0.196,0.083,0.278,0.066,0.184,0.083,0.203,0.076,0.223
dgf_96f4164d-956d-4c1c-b161-68724eb0ccdc_clean.csv,RandomUnderSampler,AdaBoostClassifier,0.54,,,,,,,,,,,0.196,0.083,0.278,0.066,0.184,0.083,0.203,0.076,0.223
yeast.csv,RandomUnderSampler,RUSBoostClassifier,0.308,,,,,,,,,,,0.224,0.109,0.269,0.08,0.205,0.099,0.153,0.074,0.223
dgf_96f4164d-956d-4c1c-b161-68724eb0ccdc_clean.csv,RandomUnderSampler,RUSBoostClassifier,0.696,,,,,,,,,,,0.196,0.083,0.278,0.067,0.184,0.083,0.202,0.078,0.223
yeast.csv,RandomUnderSampler,AdaBoostClassifier,0.209,,,,,,,,,,,0.224,0.109,0.269,0.08,0.205,0.099,0.153,0.074,0.223
fabert_seed_0_nrows_2000_nclasses_10_ncols_100_stratify_True.csv,TomekLinks,BalancedBaggingClassifier,0.78,,,,,,,,,,,0.234,0.028,0.23,0.027,0.244,0.029,0.119,0.033,0.223
wine_quality_white.csv,RandomUnderSampler,GradientBoostingClassifier,0.977,,,,,,,,,,,0.189,0.022,0.216,0.057,0.27,0.047,0.066,0.035,0.222
fabert_seed_0_nrows_2000_nclasses_10_ncols_100_stratify_True.csv,RandomUnderSampler,BalancedRandomForestClassifier,1.555,,,,,,,,,,,0.243,0.03,0.23,0.033,0.227,0.029,0.106,0.034,0.221
soybean_clean.csv,TomekLinks,AdaBoostClassifier,0.279,,,,,,,,,,,0.109,0.029,0.164,0.036,0.224,0.073,0.28,0.1,0.221
Cervical_Cancer_Risk_Factors_clean.csv,TomekLinks,EasyEnsembleClassifier,2.046,,,,,,,,,,,0.2,0.052,0.243,0.159,0.217,0.131,0.016,0.063,0.22
fabert_seed_0_nrows_2000_nclasses_10_ncols_100_stratify_True.csv,RandomUnderSampler,BalancedBaggingClassifier,0.597,,,,,,,,,,,0.242,0.035,0.23,0.029,0.227,0.027,0.106,0.032,0.22
fabert_seed_0_nrows_2000_nclasses_10_ncols_100_stratify_True.csv,RandomUnderSampler,BaggingClassifier,0.526,,,,,,,,,,,0.24,0.03,0.225,0.025,0.228,0.026,0.104,0.029,0.218
ecoli.csv,EditedNearestNeighbours,RUSBoostClassifier,0.433,,,,,,,,,,,0.133,0.06,0.22,0.072,0.283,0.081,0.118,0.136,0.218
collins.csv,TomekLinks,RandomForestClassifier,1.139,,,,,,,,,,,0.204,0.052,0.216,0.038,0.229,0.041,0.218,0.043,0.217
mental_health_detection.csv,TomekLinks,GradientBoostingClassifier,1.87,,,,,,,,,,,0.168,0.047,0.179,0.052,0.292,0.075,0.11,0.093,0.216
mental_health_detection.csv,TomekLinks,AdaBoostClassifier,0.319,,,,,,,,,,,0.145,0.052,0.252,0.07,0.25,0.046,0.141,0.083,0.216
mental_health_detection.csv,RandomOverSampler,BalancedRandomForestClassifier,1.35,,,,,,,,,,,0.163,0.042,0.174,0.056,0.283,0.069,0.095,0.085,0.21
mental_health_detection.csv,RandomOverSampler,BalancedBaggingClassifier,0.344,,,,,,,,,,,0.16,0.044,0.173,0.057,0.282,0.066,0.098,0.084,0.208
mental_health_detection.csv,RandomOverSampler,RandomForestClassifier,0.909,,,,,,,,,,,0.161,0.04,0.17,0.051,0.282,0.068,0.094,0.084,0.208
autoUniv-au6-1000.csv,RandomOverSampler,GradientBoostingClassifier,24.271,,,,,,,,,,,0.188,0.065,0.187,0.051,0.263,0.048,0.088,0.07,0.208
wine_quality_white.csv,RandomUnderSampler,EasyEnsembleClassifier,2.193,,,,,,,,,,,0.179,0.048,0.209,0.057,0.25,0.08,0.073,0.045,0.207
mental_health_detection.csv,RandomOverSampler,GradientBoostingClassifier,3.996,,,,,,,,,,,0.155,0.041,0.158,0.048,0.285,0.065,0.095,0.084,0.207
autoUniv-au7-500.csv,EditedNearestNeighbours,EasyEnsembleClassifier,1.956,,,,,,,,,,,0.153,0.058,0.247,0.061,0.216,0.053,0.053,0.074,0.207
mental_health_detection.csv,RandomOverSampler,BaggingClassifier,0.373,,,,,,,,,,,0.156,0.039,0.167,0.053,0.277,0.062,0.089,0.079,0.204
wine_quality_white.csv,RandomUnderSampler,RUSBoostClassifier,0.34,,,,,,,,,,,0.179,0.047,0.204,0.053,0.246,0.076,0.072,0.042,0.204
wine_quality_white.csv,RandomUnderSampler,AdaBoostClassifier,0.226,,,,,,,,,,,0.178,0.048,0.201,0.052,0.245,0.076,0.071,0.044,0.203
energy-efficiency.csv,RandomUnderSampler,BalancedBaggingClassifier,0.349,,,,,,,,,,,0.176,0.054,0.199,0.051,0.223,0.065,0.205,0.063,0.203
ecoli.csv,RandomUnderSampler,RUSBoostClassifier,0.306,,,,,,,,,,,0.19,0.134,0.249,0.103,0.196,0.143,0.138,0.137,0.203
autoUniv-au6-1000.csv,ADASYN,RandomForestClassifier,2.833,,,,,,,,,,,0.189,0.052,0.185,0.039,0.25,0.037,0.068,0.056,0.203
collins.csv,RandomOverSampler,GradientBoostingClassifier,58.185,,,,,,,,,,,0.197,0.052,0.197,0.045,0.215,0.041,0.192,0.048,0.201
autoUniv-au7-500.csv,EditedNearestNeighbours,BalancedBaggingClassifier,0.468,,,,,,,,,,,0.142,0.062,0.233,0.057,0.21,0.05,0.033,0.077,0.2
autoUniv-au6-1000.csv,SMOTE,GradientBoostingClassifier,43.698,,,,,,,,,,,0.177,0.059,0.181,0.049,0.254,0.051,0.079,0.076,0.2
ecoli.csv,RandomUnderSampler,AdaBoostClassifier,0.176,,,,,,,,,,,0.178,0.136,0.246,0.115,0.195,0.136,0.143,0.138,0.2
fabert_seed_0_nrows_2000_nclasses_10_ncols_100_stratify_True.csv,EditedNearestNeighbours,AdaBoostClassifier,0.331,,,,,,,,,,,0.265,0.128,0.162,0.01,0.047,0.018,0.071,0.033,0.199
helena_seed_0_nrows_2000_nclasses_10_ncols_100_stratify_True.csv,RandomOverSampler,BalancedRandomForestClassifier,23.276,,,,,,,,,,,0.112,0.022,0.129,0.022,0.229,0.023,0.236,0.023,0.199
dgf_96f4164d-956d-4c1c-b161-68724eb0ccdc_clean.csv,TomekLinks,RUSBoostClassifier,0.589,,,,,,,,,,,0.159,0.08,0.225,0.073,0.177,0.071,0.212,0.075,0.198
helena_seed_0_nrows_2000_nclasses_10_ncols_100_stratify_True.csv,RandomOverSampler,RandomForestClassifier,20.913,,,,,,,,,,,0.111,0.023,0.127,0.022,0.228,0.019,0.235,0.021,0.198
autoUniv-au6-1000.csv,ADASYN,BalancedRandomForestClassifier,4.079,,,,,,,,,,,0.172,0.069,0.176,0.042,0.247,0.043,0.066,0.063,0.196
mental_health_detection.csv,TomekLinks,BalancedRandomForestClassifier,0.873,,,,,,,,,,,0.184,0.065,0.165,0.07,0.249,0.066,0.091,0.077,0.195
autoUniv-au6-1000.csv,SMOTE,BalancedRandomForestClassifier,3.535,,,,,,,,,,,0.168,0.051,0.176,0.034,0.244,0.035,0.066,0.054,0.194
collins.csv,TomekLinks,BalancedRandomForestClassifier,1.354,,,,,,,,,,,0.182,0.043,0.215,0.037,0.19,0.041,0.183,0.036,0.194
soybean_clean.csv,RandomUnderSampler,RUSBoostClassifier,0.348,,,,,,,,,,,0.168,0.078,0.229,0.094,0.138,0.076,0.206,0.102,0.194
autoUniv-au6-1000.csv,SMOTETomek,GradientBoostingClassifier,39.378,,,,,,,,,,,0.171,0.045,0.172,0.038,0.243,0.042,0.064,0.055,0.193
autoUniv-au6-1000.csv,ADASYN,GradientBoostingClassifier,45.296,,,,,,,,,,,0.174,0.066,0.168,0.046,0.24,0.044,0.055,0.068,0.193
mental_health_detection.csv,TomekLinks,BalancedBaggingClassifier,0.403,,,,,,,,,,,0.177,0.055,0.183,0.071,0.233,0.053,0.069,0.068,0.192
mental_health_detection.csv,RandomUnderSampler,BaggingClassifier,0.272,,,,,,,,,,,0.199,0.069,0.167,0.088,0.231,0.054,0.08,0.071,0.192
autoUniv-au6-1000.csv,SMOTE,RandomForestClassifier,2.419,,,,,,,,,,,0.16,0.061,0.177,0.048,0.24,0.043,0.062,0.065,0.191
mental_health_detection.csv,RandomUnderSampler,BalancedBaggingClassifier,0.285,,,,,,,,,,,0.208,0.084,0.162,0.077,0.217,0.066,0.064,0.08,0.19
autoUniv-au6-1000.csv,SMOTETomek,BalancedRandomForestClassifier,3.06,,,,,,,,,,,0.166,0.055,0.17,0.037,0.236,0.041,0.055,0.057,0.189
autoUniv-au6-1000.csv,RandomOverSampler,BaggingClassifier,0.977,,,,,,,,,,,0.174,0.05,0.164,0.031,0.234,0.035,0.052,0.048,0.189
soybean_clean.csv,RandomUnderSampler,AdaBoostClassifier,0.209,,,,,,,,,,,0.164,0.078,0.226,0.092,0.132,0.072,0.2,0.097,0.189
mental_health_detection.csv,RandomUnderSampler,BalancedRandomForestClassifier,0.878,,,,,,,,,,,0.206,0.079,0.143,0.079,0.22,0.065,0.063,0.073,0.188
autoUniv-au6-1000.csv,SMOTETomek,RandomForestClassifier,2.375,,,,,,,,,,,0.159,0.044,0.172,0.037,0.229,0.032,0.051,0.046,0.185
soybean_clean.csv,EditedNearestNeighbours,AdaBoostClassifier,0.281,,,,,,,,,,,0.1,0.047,0.15,0.045,0.184,0.067,0.233,0.098,0.184
autoUniv-au6-1000.csv,TomekLinks,BaggingClassifier,0.591,,,,,,,,,,,0.163,0.055,0.156,0.03,0.231,0.025,0.05,0.041,0.183
mental_health_detection.csv,RandomUnderSampler,RandomForestClassifier,0.55,,,,,,,,,,,0.2,0.076,0.135,0.072,0.213,0.065,0.059,0.067,0.182
autoUniv-au6-1000.csv,TomekLinks,GradientBoostingClassifier,7.071,,,,,,,,,,,0.16,0.07,0.151,0.029,0.232,0.034,0.049,0.062,0.182
autoUniv-au7-500.csv,EditedNearestNeighbours,BaggingClassifier,0.417,,,,,,,,,,,0.12,0.043,0.232,0.059,0.171,0.054,0.04,0.076,0.182
autoUniv-au6-1000.csv,RandomOverSampler,BalancedBaggingClassifier,1.006,,,,,,,,,,,0.157,0.047,0.152,0.038,0.229,0.042,0.043,0.058,0.181
helena_seed_0_nrows_2000_nclasses_10_ncols_100_stratify_True.csv,TomekLinks,RandomForestClassifier,6.032,,,,,,,,,,,0.089,0.019,0.108,0.019,0.196,0.02,0.222,0.022,0.18
collins.csv,RandomOverSampler,BalancedBaggingClassifier,0.949,,,,,,,,,,,0.178,0.047,0.188,0.046,0.188,0.036,0.165,0.038,0.18
autoUniv-au6-1000.csv,RandomOverSampler,RandomForestClassifier,1.926,,,,,,,,,,,0.143,0.074,0.161,0.024,0.237,0.024,0.082,0.046,0.18
autoUniv-au6-1000.csv,RandomOverSampler,BalancedRandomForestClassifier,2.411,,,,,,,,,,,0.141,0.087,0.161,0.032,0.237,0.032,0.085,0.068,0.179
autoUniv-au6-1000.csv,ADASYN,BalancedBaggingClassifier,2.006,,,,,,,,,,,0.163,0.039,0.167,0.036,0.213,0.034,0.048,0.04,0.178
autoUniv-au7-500.csv,EditedNearestNeighbours,GradientBoostingClassifier,0.64,,,,,,,,,,,0.143,0.063,0.229,0.045,0.156,0.05,0.049,0.068,0.178
collins.csv,TomekLinks,GradientBoostingClassifier,23.95,,,,,,,,,,,0.171,0.038,0.162,0.03,0.198,0.028,0.176,0.031,0.178
autoUniv-au6-1000.csv,SMOTETomek,EasyEnsembleClassifier,11.824,,,,,,,,,,,0.168,0.043,0.176,0.044,0.206,0.038,0.058,0.047,0.177
collins.csv,RandomOverSampler,BaggingClassifier,0.861,,,,,,,,,,,0.173,0.052,0.18,0.045,0.186,0.035,0.161,0.036,0.176
autoUniv-au7-500.csv,EditedNearestNeighbours,AdaBoostClassifier,0.366,,,,,,,,,,,0.112,0.031,0.234,0.033,0.15,0.049,0.047,0.059,0.176
mental_health_detection.csv,RandomOverSampler,RUSBoostClassifier,0.585,,,,,,,,,,,0.094,0.027,0.218,0.038,0.189,0.055,0.11,0.076,0.175
mental_health_detection.csv,RandomOverSampler,AdaBoostClassifier,0.39,,,,,,,,,,,0.094,0.027,0.218,0.038,0.189,0.055,0.11,0.076,0.175
mental_health_detection.csv,RandomOverSampler,EasyEnsembleClassifier,3.244,,,,,,,,,,,0.094,0.027,0.218,0.038,0.189,0.055,0.11,0.076,0.175
autoUniv-au6-1000.csv,SMOTE,BalancedBaggingClassifier,1.677,,,,,,,,,,,0.159,0.043,0.171,0.05,0.206,0.043,0.05,0.054,0.174
autoUniv-au6-1000.csv,SMOTE,RUSBoostClassifier,1.679,,,,,,,,,,,0.171,0.052,0.172,0.047,0.192,0.05,0.048,0.054,0.173
autoUniv-au6-1000.csv,SMOTE,EasyEnsembleClassifier,14.212,,,,,,,,,,,0.171,0.052,0.172,0.047,0.192,0.05,0.048,0.054,0.173
autoUniv-au6-1000.csv,SMOTE,AdaBoostClassifier,1.444,,,,,,,,,,,0.171,0.052,0.172,0.047,0.192,0.05,0.048,0.054,0.173
autoUniv-au6-1000.csv,ADASYN,RUSBoostClassifier,1.696,,,,,,,,,,,0.167,0.045,0.169,0.042,0.196,0.054,0.048,0.048,0.172
autoUniv-au6-1000.csv,SMOTETomek,BalancedBaggingClassifier,1.55,,,,,,,,,,,0.156,0.046,0.166,0.052,0.202,0.045,0.042,0.058,0.172
collins.csv,TomekLinks,BaggingClassifier,0.46,,,,,,,,,,,0.159,0.032,0.175,0.031,0.185,0.032,0.166,0.036,0.172
autoUniv-au6-1000.csv,ADASYN,EasyEnsembleClassifier,13.435,,,,,,,,,,,0.159,0.041,0.172,0.046,0.198,0.051,0.049,0.055,0.171
autoUniv-au6-1000.csv,ADASYN,BaggingClassifier,1.379,,,,,,,,,,,0.151,0.04,0.16,0.045,0.207,0.047,0.041,0.059,0.171
autoUniv-au6-1000.csv,RandomUnderSampler,RandomForestClassifier,0.983,,,,,,,,,,,0.167,0.038,0.181,0.044,0.185,0.043,0.056,0.046,0.171
autoUniv-au6-1000.csv,TomekLinks,BalancedRandomForestClassifier,1.01,,,,,,,,,,,0.158,0.056,0.156,0.053,0.201,0.045,0.037,0.054,0.17
autoUniv-au6-1000.csv,RandomOverSampler,AdaBoostClassifier,0.894,,,,,,,,,,,0.159,0.048,0.164,0.047,0.191,0.052,0.043,0.055,0.167
autoUniv-au6-1000.csv,RandomOverSampler,RUSBoostClassifier,1.666,,,,,,,,,,,0.159,0.048,0.164,0.047,0.191,0.052,0.043,0.055,0.167
autoUniv-au6-1000.csv,RandomOverSampler,EasyEnsembleClassifier,8.006,,,,,,,,,,,0.159,0.048,0.164,0.047,0.191,0.052,0.043,0.055,0.167
autoUniv-au6-1000.csv,SMOTE,BaggingClassifier,1.346,,,,,,,,,,,0.15,0.046,0.157,0.045,0.198,0.048,0.036,0.052,0.167
autoUniv-au6-1000.csv,RandomUnderSampler,GradientBoostingClassifier,8.936,,,,,,,,,,,0.168,0.052,0.176,0.057,0.177,0.054,0.05,0.059,0.167
autoUniv-au6-1000.csv,RandomUnderSampler,BalancedRandomForestClassifier,2.747,,,,,,,,,,,0.162,0.044,0.178,0.052,0.177,0.032,0.055,0.047,0.165
autoUniv-au6-1000.csv,TomekLinks,AdaBoostClassifier,0.413,,,,,,,,,,,0.107,0.06,0.134,0.026,0.211,0.025,0.02,0.061,0.162
collins.csv,RandomUnderSampler,BalancedRandomForestClassifier,1.069,,,,,,,,,,,0.16,0.033,0.182,0.034,0.156,0.03,0.142,0.03,0.162
autoUniv-au6-1000.csv,ADASYN,AdaBoostClassifier,1.494,,,,,,,,,,,0.153,0.035,0.158,0.043,0.182,0.033,0.033,0.044,0.161
autoUniv-au6-1000.csv,SMOTETomek,BaggingClassifier,1.277,,,,,,,,,,,0.148,0.037,0.156,0.036,0.186,0.038,0.031,0.045,0.161
autoUniv-au7-500.csv,EditedNearestNeighbours,RandomForestClassifier,0.712,,,,,,,,,,,0.099,0.053,0.222,0.03,0.105,0.064,0.032,0.07,0.161
vowel.csv,EditedNearestNeighbours,EasyEnsembleClassifier,2.48,,,,,,,,,,,0.16,0.083,0.185,0.069,0.153,0.084,0.125,0.08,0.159
autoUniv-au6-1000.csv,SMOTETomek,AdaBoostClassifier,1.398,,,,,,,,,,,0.154,0.047,0.162,0.052,0.171,0.051,0.036,0.056,0.158
collins.csv,RandomUnderSampler,RandomForestClassifier,0.713,,,,,,,,,,,0.154,0.038,0.179,0.043,0.15,0.034,0.137,0.035,0.157
autoUniv-au6-1000.csv,SMOTETomek,RUSBoostClassifier,1.813,,,,,,,,,,,0.154,0.04,0.16,0.049,0.17,0.045,0.036,0.049,0.157
autoUniv-au6-1000.csv,RandomUnderSampler,BaggingClassifier,0.45,,,,,,,,,,,0.161,0.036,0.165,0.037,0.16,0.033,0.039,0.037,0.157
autoUniv-au6-1000.csv,TomekLinks,EasyEnsembleClassifier,3.128,,,,,,,,,,,0.17,0.053,0.156,0.043,0.154,0.047,0.033,0.047,0.156
helena_seed_0_nrows_2000_nclasses_10_ncols_100_stratify_True.csv,TomekLinks,BaggingClassifier,2.107,,,,,,,,,,,0.073,0.013,0.085,0.015,0.178,0.022,0.182,0.026,0.154
autoUniv-au6-1000.csv,TomekLinks,RandomForestClassifier,0.996,,,,,,,,,,,0.059,0.038,0.127,0.007,0.197,0.009,0.016,0.045,0.153
helena_seed_0_nrows_2000_nclasses_10_ncols_100_stratify_True.csv,RandomOverSampler,BaggingClassifier,12.622,,,,,,,,,,,0.089,0.018,0.101,0.019,0.183,0.018,0.172,0.018,0.152
helena_seed_0_nrows_2000_nclasses_10_ncols_100_stratify_True.csv,RandomOverSampler,BalancedBaggingClassifier,11.408,,,,,,,,,,,0.091,0.019,0.095,0.021,0.183,0.017,0.167,0.017,0.15
helena_seed_0_nrows_2000_nclasses_10_ncols_100_stratify_True.csv,RandomOverSampler,GradientBoostingClassifier,1302.974,,,,,,,,,,,0.078,0.019,0.091,0.017,0.172,0.02,0.173,0.021,0.148
mental_health_detection.csv,RandomUnderSampler,GradientBoostingClassifier,0.965,,,,,,,,,,,0.14,0.071,0.135,0.072,0.173,0.058,0.027,0.05,0.148
autoUniv-au6-1000.csv,TomekLinks,BalancedBaggingClassifier,0.347,,,,,,,,,,,0.14,0.046,0.148,0.047,0.163,0.042,0.026,0.049,0.148
autoUniv-au6-1000.csv,RandomUnderSampler,BalancedBaggingClassifier,0.53,,,,,,,,,,,0.146,0.046,0.153,0.054,0.158,0.052,0.033,0.056,0.148
yeast.csv,TomekLinks,RUSBoostClassifier,0.151,,,,,,,,,,,0.083,0.042,0.175,0.032,0.165,0.019,0.104,0.054,0.146
autoUniv-au6-1000.csv,RandomUnderSampler,RUSBoostClassifier,0.602,,,,,,,,,,,0.148,0.051,0.154,0.041,0.141,0.049,0.028,0.043,0.144
helena_seed_0_nrows_2000_nclasses_10_ncols_100_stratify_True.csv,TomekLinks,GradientBoostingClassifier,612.243,,,,,,,,,,,0.063,0.015,0.073,0.015,0.165,0.02,0.17,0.023,0.144
autoUniv-au6-1000.csv,RandomUnderSampler,AdaBoostClassifier,0.444,,,,,,,,,,,0.147,0.05,0.152,0.04,0.138,0.047,0.026,0.042,0.143
autoUniv-au6-1000.csv,RandomUnderSampler,EasyEnsembleClassifier,4.735,,,,,,,,,,,0.147,0.05,0.152,0.04,0.138,0.047,0.026,0.042,0.143
Multiclass_Classification_for_Corporate_Credit_Ratings.csv,EditedNearestNeighbours,EasyEnsembleClassifier,3.903,,,,,,,,,,,0.054,0.008,0.145,0.019,0.168,0.026,0.099,0.053,0.137
energy-efficiency.csv,TomekLinks,AdaBoostClassifier,0.277,,,,,,,,,,,0.037,0.018,0.093,0.016,0.111,0.027,0.181,0.036,0.135
Multiclass_Classification_for_Corporate_Credit_Ratings.csv,EditedNearestNeighbours,BalancedRandomForestClassifier,1.737,,,,,,,,,,,0.054,0.008,0.146,0.016,0.161,0.024,0.098,0.049,0.134
energy-efficiency.csv,EditedNearestNeighbours,AdaBoostClassifier,2.348,,,,,,,,,,,0.046,0.026,0.112,0.04,0.112,0.044,0.171,0.057,0.132
dgf_96f4164d-956d-4c1c-b161-68724eb0ccdc_clean.csv,EditedNearestNeighbours,RUSBoostClassifier,0.463,,,,,,,,,,,0.112,0.085,0.162,0.075,0.111,0.083,0.124,0.097,0.131
autoUniv-au6-1000.csv,EditedNearestNeighbours,EasyEnsembleClassifier,2.434,,,,,,,,,,,0.071,0.018,0.139,0.033,0.147,0.039,0.016,0.048,0.129
autoUniv-au6-1000.csv,EditedNearestNeighbours,BalancedRandomForestClassifier,0.867,,,,,,,,,,,0.069,0.02,0.132,0.024,0.154,0.054,0.015,0.053,0.129
Multiclass_Classification_for_Corporate_Credit_Ratings.csv,EditedNearestNeighbours,BalancedBaggingClassifier,0.922,,,,,,,,,,,0.051,0.009,0.137,0.019,0.146,0.034,0.082,0.055,0.122
collins.csv,RandomUnderSampler,BaggingClassifier,0.348,,,,,,,,,,,0.115,0.029,0.136,0.031,0.116,0.027,0.1,0.028,0.119
autoUniv-au6-1000.csv,EditedNearestNeighbours,BalancedBaggingClassifier,0.321,,,,,,,,,,,0.062,0.023,0.126,0.03,0.128,0.046,-0.002,0.063,0.117
mental_health_detection.csv,EditedNearestNeighbours,RandomForestClassifier,0.983,,,,,,,,,,,0.049,0.026,0.097,0.036,0.156,0.056,0.065,0.075,0.114
vowel.csv,EditedNearestNeighbours,RUSBoostClassifier,0.678,,,,,,,,,,,0.054,0.035,0.107,0.038,0.151,0.053,0.064,0.136,0.113
collins.csv,TomekLinks,BalancedBaggingClassifier,0.409,,,,,,,,,,,0.106,0.034,0.13,0.034,0.111,0.03,0.095,0.03,0.112
energy-efficiency.csv,EditedNearestNeighbours,EasyEnsembleClassifier,4.049,,,,,,,,,,,0.084,0.033,0.128,0.035,0.103,0.042,0.117,0.044,0.111
Multiclass_Classification_for_Corporate_Credit_Ratings.csv,EditedNearestNeighbours,GradientBoostingClassifier,2.033,,,,,,,,,,,0.046,0.015,0.136,0.031,0.119,0.068,0.075,0.081,0.111
Multiclass_Classification_for_Corporate_Credit_Ratings.csv,EditedNearestNeighbours,AdaBoostClassifier,1.483,,,,,,,,,,,0.048,0.015,0.134,0.025,0.121,0.061,0.077,0.075,0.111
dionis_seed_0_nrows_2000_nclasses_10_ncols_100_stratify_True.csv,TomekLinks,BalancedRandomForestClassifier,53.763,,,,,,,,,,,0.079,0.041,0.104,0.048,0.109,0.053,0.129,0.06,0.109
mental_health_detection.csv,TomekLinks,EasyEnsembleClassifier,2.101,,,,,,,,,,,0.095,0.054,0.128,0.064,0.107,0.067,0.028,0.054,0.108
collins.csv,RandomUnderSampler,GradientBoostingClassifier,8.562,,,,,,,,,,,0.11,0.039,0.115,0.036,0.11,0.036,0.084,0.034,0.107
Multiclass_Classification_for_Corporate_Credit_Ratings.csv,EditedNearestNeighbours,BaggingClassifier,1.085,,,,,,,,,,,0.045,0.019,0.134,0.032,0.11,0.077,0.074,0.082,0.106
mental_health_detection.csv,EditedNearestNeighbours,AdaBoostClassifier,0.682,,,,,,,,,,,0.043,0.017,0.089,0.03,0.143,0.04,0.046,0.061,0.105
mental_health_detection.csv,EditedNearestNeighbours,BaggingClassifier,0.674,,,,,,,,,,,0.039,0.016,0.093,0.029,0.135,0.033,0.031,0.053,0.103
dionis_seed_0_nrows_2000_nclasses_10_ncols_100_stratify_True.csv,RandomOverSampler,GradientBoostingClassifier,3322.121,,,,,,,,,,,0.079,0.018,0.096,0.019,0.106,0.022,0.121,0.023,0.103
mental_health_detection.csv,EditedNearestNeighbours,GradientBoostingClassifier,0.731,,,,,,,,,,,0.041,0.017,0.088,0.026,0.136,0.031,0.03,0.049,0.102
collins.csv,RandomUnderSampler,BalancedBaggingClassifier,0.356,,,,,,,,,,,0.095,0.024,0.122,0.038,0.097,0.025,0.083,0.029,0.102
dionis_seed_0_nrows_2000_nclasses_10_ncols_100_stratify_True.csv,TomekLinks,GradientBoostingClassifier,1597.918,,,,,,,,,,,0.076,0.019,0.097,0.021,0.102,0.023,0.119,0.025,0.102
autoUniv-au6-1000.csv,EditedNearestNeighbours,RandomForestClassifier,0.969,,,,,,,,,,,0.011,0.0,0.125,0.0,0.015,0.0,0.0,0.0,0.1
soybean_clean.csv,TomekLinks,RUSBoostClassifier,0.18,,,,,,,,,,,0.057,0.047,0.114,0.024,0.041,0.035,0.117,0.034,0.1
energy-efficiency.csv,TomekLinks,EasyEnsembleClassifier,2.288,,,,,,,,,,,0.07,0.042,0.132,0.058,0.068,0.046,0.091,0.051,0.099
mental_health_detection.csv,EditedNearestNeighbours,EasyEnsembleClassifier,1.323,,,,,,,,,,,0.058,0.028,0.068,0.026,0.139,0.037,0.076,0.063,0.099
autoUniv-au6-1000.csv,EditedNearestNeighbours,BaggingClassifier,0.319,,,,,,,,,,,0.046,0.039,0.124,0.012,0.041,0.027,-0.01,0.056,0.098
autoUniv-au6-1000.csv,EditedNearestNeighbours,GradientBoostingClassifier,0.846,,,,,,,,,,,0.054,0.017,0.127,0.016,0.077,0.034,0.002,0.042,0.097
dionis_seed_0_nrows_2000_nclasses_10_ncols_100_stratify_True.csv,RandomUnderSampler,GradientBoostingClassifier,1025.764,,,,,,,,,,,0.072,0.015,0.09,0.019,0.096,0.02,0.111,0.023,0.095
autoUniv-au6-1000.csv,EditedNearestNeighbours,AdaBoostClassifier,0.856,,,,,,,,,,,0.065,0.036,0.128,0.013,0.065,0.034,0.014,0.052,0.095
mental_health_detection.csv,EditedNearestNeighbours,BalancedRandomForestClassifier,1.103,,,,,,,,,,,0.049,0.022,0.067,0.045,0.131,0.057,0.059,0.062,0.093
helena_seed_0_nrows_2000_nclasses_10_ncols_100_stratify_True.csv,RandomUnderSampler,RandomForestClassifier,1.726,,,,,,,,,,,0.061,0.016,0.072,0.017,0.103,0.024,0.093,0.022,0.087
helena_seed_0_nrows_2000_nclasses_10_ncols_100_stratify_True.csv,RandomUnderSampler,BalancedRandomForestClassifier,2.955,,,,,,,,,,,0.058,0.015,0.07,0.02,0.101,0.022,0.091,0.021,0.085
Multiclass_Classification_for_Corporate_Credit_Ratings.csv,EditedNearestNeighbours,RandomForestClassifier,1.268,,,,,,,,,,,0.049,0.022,0.112,0.011,0.067,0.041,0.043,0.048,0.081
mental_health_detection.csv,RandomUnderSampler,RUSBoostClassifier,0.397,,,,,,,,,,,0.019,0.03,0.106,0.065,0.025,0.048,-0.002,0.026,0.08
mental_health_detection.csv,RandomUnderSampler,AdaBoostClassifier,0.257,,,,,,,,,,,0.021,0.029,0.105,0.057,0.026,0.041,-0.002,0.025,0.079
mental_health_detection.csv,RandomUnderSampler,EasyEnsembleClassifier,2.106,,,,,,,,,,,0.021,0.029,0.095,0.062,0.023,0.037,-0.013,0.023,0.078
helena_seed_0_nrows_2000_nclasses_10_ncols_100_stratify_True.csv,TomekLinks,AdaBoostClassifier,1.724,,,,,,,,,,,0.018,0.005,0.037,0.007,0.071,0.015,0.1,0.021,0.077
helena_seed_0_nrows_2000_nclasses_10_ncols_100_stratify_True.csv,EditedNearestNeighbours,RandomForestClassifier,0.802,,,,,,,,,,,0.014,0.004,0.041,0.007,0.053,0.009,0.102,0.013,0.074
helena_seed_0_nrows_2000_nclasses_10_ncols_100_stratify_True.csv,EditedNearestNeighbours,BaggingClassifier,0.449,,,,,,,,,,,0.013,0.004,0.038,0.007,0.059,0.011,0.098,0.012,0.073
helena_seed_0_nrows_2000_nclasses_10_ncols_100_stratify_True.csv,EditedNearestNeighbours,AdaBoostClassifier,0.462,,,,,,,,,,,0.016,0.005,0.031,0.007,0.056,0.015,0.092,0.019,0.069
collins.csv,EditedNearestNeighbours,BalancedRandomForestClassifier,0.744,,,,,,,,,,,0.03,0.015,0.088,0.032,0.048,0.022,0.065,0.033,0.068
collins.csv,TomekLinks,EasyEnsembleClassifier,2.496,,,,,,,,,,,0.046,0.031,0.093,0.037,0.042,0.02,0.054,0.028,0.067
helena_seed_0_nrows_2000_nclasses_10_ncols_100_stratify_True.csv,EditedNearestNeighbours,GradientBoostingClassifier,1.698,,,,,,,,,,,0.013,0.003,0.036,0.005,0.052,0.008,0.087,0.012,0.065
collins.csv,TomekLinks,AdaBoostClassifier,0.442,,,,,,,,,,,0.029,0.017,0.078,0.013,0.053,0.019,0.067,0.024,0.064
dionis_seed_0_nrows_2000_nclasses_10_ncols_100_stratify_True.csv,RandomUnderSampler,BalancedBaggingClassifier,43.079,,,,,,,,,,,0.043,0.011,0.058,0.013,0.061,0.015,0.073,0.017,0.061
dionis_seed_0_nrows_2000_nclasses_10_ncols_100_stratify_True.csv,TomekLinks,BalancedBaggingClassifier,40.682,,,,,,,,,,,0.042,0.011,0.057,0.016,0.059,0.016,0.071,0.02,0.06
helena_seed_0_nrows_2000_nclasses_10_ncols_100_stratify_True.csv,EditedNearestNeighbours,BalancedRandomForestClassifier,0.999,,,,,,,,,,,0.018,0.006,0.035,0.007,0.063,0.013,0.073,0.018,0.06
collins.csv,EditedNearestNeighbours,RandomForestClassifier,0.531,,,,,,,,,,,0.028,0.015,0.071,0.025,0.045,0.018,0.062,0.026,0.058
collins.csv,RandomOverSampler,RUSBoostClassifier,1.262,,,,,,,,,,,0.023,0.019,0.081,0.026,0.031,0.016,0.046,0.022,0.058
collins.csv,RandomOverSampler,AdaBoostClassifier,0.645,,,,,,,,,,,0.023,0.019,0.081,0.026,0.031,0.016,0.046,0.022,0.058
collins.csv,RandomUnderSampler,AdaBoostClassifier,0.293,,,,,,,,,,,0.023,0.016,0.078,0.023,0.03,0.016,0.053,0.026,0.058
collins.csv,RandomUnderSampler,EasyEnsembleClassifier,2.725,,,,,,,,,,,0.023,0.016,0.078,0.023,0.03,0.016,0.053,0.026,0.058
collins.csv,RandomOverSampler,EasyEnsembleClassifier,6.092,,,,,,,,,,,0.023,0.019,0.081,0.026,0.031,0.016,0.046,0.022,0.058
collins.csv,RandomUnderSampler,RUSBoostClassifier,0.443,,,,,,,,,,,0.023,0.016,0.078,0.023,0.03,0.016,0.053,0.026,0.058
helena_seed_0_nrows_2000_nclasses_10_ncols_100_stratify_True.csv,TomekLinks,BalancedRandomForestClassifier,3.457,,,,,,,,,,,0.039,0.015,0.044,0.018,0.066,0.018,0.058,0.017,0.055
helena_seed_0_nrows_2000_nclasses_10_ncols_100_stratify_True.csv,RandomUnderSampler,BaggingClassifier,1.037,,,,,,,,,,,0.046,0.014,0.045,0.016,0.067,0.019,0.053,0.016,0.055
helena_seed_0_nrows_2000_nclasses_10_ncols_100_stratify_True.csv,EditedNearestNeighbours,BalancedBaggingClassifier,0.488,,,,,,,,,,,0.014,0.005,0.03,0.007,0.049,0.011,0.063,0.023,0.05
collins.csv,TomekLinks,RUSBoostClassifier,0.206,,,,,,,,,,,0.009,0.007,0.059,0.013,0.018,0.008,0.043,0.017,0.047
collins.csv,EditedNearestNeighbours,BaggingClassifier,0.269,,,,,,,,,,,0.021,0.014,0.062,0.023,0.033,0.013,0.042,0.022,0.046
collins.csv,EditedNearestNeighbours,BalancedBaggingClassifier,0.329,,,,,,,,,,,0.021,0.014,0.06,0.024,0.034,0.018,0.034,0.028,0.044
helena_seed_0_nrows_2000_nclasses_10_ncols_100_stratify_True.csv,EditedNearestNeighbours,EasyEnsembleClassifier,2.389,,,,,,,,,,,0.015,0.005,0.027,0.009,0.045,0.019,0.056,0.025,0.044
collins.csv,EditedNearestNeighbours,GradientBoostingClassifier,0.857,,,,,,,,,,,0.024,0.015,0.059,0.023,0.034,0.014,0.033,0.018,0.043
helena_seed_0_nrows_2000_nclasses_10_ncols_100_stratify_True.csv,RandomUnderSampler,GradientBoostingClassifier,42.774,,,,,,,,,,,0.038,0.015,0.033,0.012,0.055,0.018,0.038,0.014,0.043
energy-efficiency.csv,RandomUnderSampler,EasyEnsembleClassifier,2.22,,,,,,,,,,,0.019,0.024,0.056,0.033,0.018,0.017,0.027,0.028,0.039
collins.csv,EditedNearestNeighbours,EasyEnsembleClassifier,1.95,,,,,,,,,,,0.022,0.017,0.056,0.023,0.023,0.013,0.027,0.025,0.039
helena_seed_0_nrows_2000_nclasses_10_ncols_100_stratify_True.csv,TomekLinks,BalancedBaggingClassifier,1.343,,,,,,,,,,,0.032,0.014,0.032,0.015,0.049,0.021,0.038,0.018,0.039
helena_seed_0_nrows_2000_nclasses_10_ncols_100_stratify_True.csv,RandomUnderSampler,BalancedBaggingClassifier,1.182,,,,,,,,,,,0.03,0.013,0.029,0.012,0.046,0.019,0.033,0.017,0.036
collins.csv,EditedNearestNeighbours,AdaBoostClassifier,0.233,,,,,,,,,,,0.01,0.01,0.049,0.025,0.018,0.013,0.023,0.029,0.035
energy-efficiency.csv,RandomUnderSampler,AdaBoostClassifier,0.227,,,,,,,,,,,0.015,0.017,0.047,0.023,0.013,0.013,0.021,0.024,0.033
energy-efficiency.csv,RandomUnderSampler,RUSBoostClassifier,0.367,,,,,,,,,,,0.015,0.017,0.046,0.023,0.013,0.013,0.02,0.024,0.032
helena_seed_0_nrows_2000_nclasses_10_ncols_100_stratify_True.csv,RandomOverSampler,EasyEnsembleClassifier,40.254,,,,,,,,,,,0.011,0.008,0.029,0.01,0.018,0.012,0.036,0.021,0.028
helena_seed_0_nrows_2000_nclasses_10_ncols_100_stratify_True.csv,RandomOverSampler,AdaBoostClassifier,4.893,,,,,,,,,,,0.011,0.008,0.029,0.01,0.018,0.012,0.036,0.021,0.028
helena_seed_0_nrows_2000_nclasses_10_ncols_100_stratify_True.csv,RandomOverSampler,RUSBoostClassifier,5.897,,,,,,,,,,,0.011,0.008,0.029,0.01,0.018,0.012,0.036,0.021,0.028
energy-efficiency.csv,RandomOverSampler,EasyEnsembleClassifier,3.837,,,,,,,,,,,0.004,0.003,0.033,0.028,0.006,0.008,0.025,0.027,0.027
energy-efficiency.csv,RandomOverSampler,AdaBoostClassifier,0.359,,,,,,,,,,,0.004,0.003,0.033,0.028,0.006,0.008,0.025,0.027,0.027
energy-efficiency.csv,RandomOverSampler,RUSBoostClassifier,0.653,,,,,,,,,,,0.004,0.003,0.033,0.028,0.006,0.008,0.025,0.027,0.027
dionis_seed_0_nrows_2000_nclasses_10_ncols_100_stratify_True.csv,EditedNearestNeighbours,BalancedRandomForestClassifier,1.227,,,,,,,,,,,0.002,0.001,0.02,0.009,0.003,0.002,0.019,0.01,0.019
dionis_seed_0_nrows_2000_nclasses_10_ncols_100_stratify_True.csv,EditedNearestNeighbours,RandomForestClassifier,0.958,,,,,,,,,,,0.002,0.001,0.02,0.006,0.003,0.002,0.019,0.006,0.019
helena_seed_0_nrows_2000_nclasses_10_ncols_100_stratify_True.csv,RandomUnderSampler,RUSBoostClassifier,0.867,,,,,,,,,,,0.005,0.005,0.017,0.009,0.009,0.008,0.018,0.017,0.015
dionis_seed_0_nrows_2000_nclasses_10_ncols_100_stratify_True.csv,EditedNearestNeighbours,BalancedBaggingClassifier,0.662,,,,,,,,,,,0.001,0.001,0.016,0.008,0.002,0.002,0.014,0.008,0.015
helena_seed_0_nrows_2000_nclasses_10_ncols_100_stratify_True.csv,RandomUnderSampler,AdaBoostClassifier,0.635,,,,,,,,,,,0.005,0.005,0.017,0.009,0.009,0.008,0.017,0.016,0.015
dionis_seed_0_nrows_2000_nclasses_10_ncols_100_stratify_True.csv,EditedNearestNeighbours,GradientBoostingClassifier,1.932,,,,,,,,,,,0.001,0.001,0.016,0.005,0.002,0.001,0.015,0.006,0.015
dionis_seed_0_nrows_2000_nclasses_10_ncols_100_stratify_True.csv,EditedNearestNeighbours,BaggingClassifier,0.681,,,,,,,,,,,0.001,0.001,0.015,0.006,0.002,0.001,0.014,0.006,0.014
helena_seed_0_nrows_2000_nclasses_10_ncols_100_stratify_True.csv,RandomUnderSampler,EasyEnsembleClassifier,5.393,,,,,,,,,,,0.005,0.005,0.016,0.009,0.009,0.008,0.017,0.016,0.014
helena_seed_0_nrows_2000_nclasses_10_ncols_100_stratify_True.csv,TomekLinks,EasyEnsembleClassifier,3.994,,,,,,,,,,,0.0,0.001,0.013,0.007,0.001,0.001,0.002,0.004,0.01
dionis_seed_0_nrows_2000_nclasses_10_ncols_100_stratify_True.csv,EditedNearestNeighbours,EasyEnsembleClassifier,2.584,,,,,,,,,,,0.001,0.002,0.009,0.007,0.002,0.002,0.007,0.008,0.007
dionis_seed_0_nrows_2000_nclasses_10_ncols_100_stratify_True.csv,TomekLinks,AdaBoostClassifier,7.589,,,,,,,,,,,0.0,0.0,0.007,0.003,0.0,0.0,0.006,0.005,0.007
dionis_seed_0_nrows_2000_nclasses_10_ncols_100_stratify_True.csv,EditedNearestNeighbours,AdaBoostClassifier,0.648,,,,,,,,,,,0.001,0.001,0.007,0.005,0.001,0.001,0.005,0.006,0.006
dionis_seed_0_nrows_2000_nclasses_10_ncols_100_stratify_True.csv,RandomUnderSampler,AdaBoostClassifier,6.955,,,,,,,,,,,0.0,0.0,0.005,0.004,0.0,0.0,0.004,0.004,0.005
dionis_seed_0_nrows_2000_nclasses_10_ncols_100_stratify_True.csv,RandomOverSampler,AdaBoostClassifier,11.827,,,,,,,,,,,0.0,0.0,0.005,0.004,0.0,0.0,0.004,0.005,0.005
dionis_seed_0_nrows_2000_nclasses_10_ncols_100_stratify_True.csv,TomekLinks,RUSBoostClassifier,1.26,,,,,,,,,,,0.0,0.001,0.005,0.003,0.0,0.001,0.004,0.009,0.005
dionis_seed_0_nrows_2000_nclasses_10_ncols_100_stratify_True.csv,RandomOverSampler,EasyEnsembleClassifier,94.647,,,,,,,,,,,0.0,0.0,0.005,0.004,0.0,0.0,0.004,0.005,0.005
dionis_seed_0_nrows_2000_nclasses_10_ncols_100_stratify_True.csv,RandomOverSampler,RUSBoostClassifier,12.157,,,,,,,,,,,0.0,0.0,0.005,0.004,0.0,0.0,0.004,0.005,0.005
dionis_seed_0_nrows_2000_nclasses_10_ncols_100_stratify_True.csv,RandomUnderSampler,EasyEnsembleClassifier,63.27,,,,,,,,,,,0.0,0.0,0.005,0.004,0.0,0.0,0.004,0.004,0.005
dionis_seed_0_nrows_2000_nclasses_10_ncols_100_stratify_True.csv,RandomUnderSampler,RUSBoostClassifier,7.966,,,,,,,,,,,0.0,0.0,0.004,0.004,0.0,0.0,0.004,0.004,0.004
dionis_seed_0_nrows_2000_nclasses_10_ncols_100_stratify_True.csv,TomekLinks,EasyEnsembleClassifier,22.339,,,,,,,,,,,0.0,0.0,0.003,0.003,0.0,0.0,-0.0,0.003,0.001
Cervical_Cancer_Risk_Factors_clean.csv,EditedNearestNeighbours,RUSBoostClassifier,0.1,,,,,,,,,,,,,,,,,,,
Cervical_Cancer_Risk_Factors_clean.csv,TomekLinks,RUSBoostClassifier,0.089,,,,,,,,,,,,,,,,,,,
allhyper.csv,EditedNearestNeighbours,RUSBoostClassifier,0.981,,,,,,,,,,,,,,,,,,,
allhypo.csv,EditedNearestNeighbours,RUSBoostClassifier,1.002,,,,,,,,,,,,,,,,,,,
allrep.csv,EditedNearestNeighbours,RUSBoostClassifier,0.248,,,,,,,,,,,,,,,,,,,
ann_thyroid.csv,EditedNearestNeighbours,RUSBoostClassifier,0.48,,,,,,,,,,,,,,,,,,,
ann_thyroid.csv,TomekLinks,RUSBoostClassifier,0.513,,,,,,,,,,,,,,,,,,,
car_evaluation.csv,EditedNearestNeighbours,RUSBoostClassifier,0.263,,,,,,,,,,,,,,,,,,,
collins.csv,SMOTE,RandomForestClassifier,1.138,,,,,,,,,,,,,,,,,,,
collins.csv,SMOTE,AdaBoostClassifier,0.499,,,,,,,,,,,,,,,,,,,
collins.csv,SMOTE,BaggingClassifier,0.554,,,,,,,,,,,,,,,,,,,
collins.csv,SMOTE,GradientBoostingClassifier,43.259,,,,,,,,,,,,,,,,,,,
collins.csv,SMOTE,EasyEnsembleClassifier,4.018,,,,,,,,,,,,,,,,,,,
collins.csv,SMOTE,RUSBoostClassifier,0.634,,,,,,,,,,,,,,,,,,,
collins.csv,SMOTE,BalancedBaggingClassifier,0.532,,,,,,,,,,,,,,,,,,,
collins.csv,SMOTE,BalancedRandomForestClassifier,1.526,,,,,,,,,,,,,,,,,,,
collins.csv,SMOTETomek,RandomForestClassifier,1.081,,,,,,,,,,,,,,,,,,,
collins.csv,SMOTETomek,AdaBoostClassifier,0.532,,,,,,,,,,,,,,,,,,,
collins.csv,SMOTETomek,BaggingClassifier,0.515,,,,,,,,,,,,,,,,,,,
collins.csv,SMOTETomek,GradientBoostingClassifier,42.225,,,,,,,,,,,,,,,,,,,
collins.csv,SMOTETomek,EasyEnsembleClassifier,3.591,,,,,,,,,,,,,,,,,,,
collins.csv,SMOTETomek,RUSBoostClassifier,0.59,,,,,,,,,,,,,,,,,,,
collins.csv,SMOTETomek,BalancedBaggingClassifier,0.519,,,,,,,,,,,,,,,,,,,
collins.csv,SMOTETomek,BalancedRandomForestClassifier,1.391,,,,,,,,,,,,,,,,,,,
collins.csv,EditedNearestNeighbours,RUSBoostClassifier,0.25,,,,,,,,,,,,,,,,,,,
connect-4_seed_4_nrows_2000_nclasses_10_ncols_100_stratify_True.csv,EditedNearestNeighbours,RUSBoostClassifier,0.345,,,,,,,,,,,,,,,,,,,
connect-4_seed_4_nrows_2000_nclasses_10_ncols_100_stratify_True.csv,TomekLinks,RUSBoostClassifier,0.254,,,,,,,,,,,,,,,,,,,
dionis_seed_0_nrows_2000_nclasses_10_ncols_100_stratify_True.csv,EditedNearestNeighbours,RUSBoostClassifier,0.728,,,,,,,,,,,,,,,,,,,
energy-efficiency.csv,EditedNearestNeighbours,RUSBoostClassifier,2.301,,,,,,,,,,,,,,,,,,,
energy-efficiency.csv,TomekLinks,RUSBoostClassifier,0.127,,,,,,,,,,,,,,,,,,,
fabert_seed_0_nrows_2000_nclasses_10_ncols_100_stratify_True.csv,EditedNearestNeighbours,RUSBoostClassifier,0.209,,,,,,,,,,,,,,,,,,,
fabert_seed_0_nrows_2000_nclasses_10_ncols_100_stratify_True.csv,TomekLinks,RUSBoostClassifier,0.149,,,,,,,,,,,,,,,,,,,
first-order-theorem-proving .csv,EditedNearestNeighbours,RUSBoostClassifier,0.544,,,,,,,,,,,,,,,,,,,
first-order-theorem-proving .csv,TomekLinks,RUSBoostClassifier,0.661,,,,,,,,,,,,,,,,,,,
first-order-theorem-proving_seed_2_nrows_2000_nclasses_10_ncols_100_stratify_True.csv,TomekLinks,RUSBoostClassifier,0.242,,,,,,,,,,,,,,,,,,,
helena_seed_0_nrows_2000_nclasses_10_ncols_100_stratify_True.csv,EditedNearestNeighbours,RUSBoostClassifier,0.259,,,,,,,,,,,,,,,,,,,
helena_seed_0_nrows_2000_nclasses_10_ncols_100_stratify_True.csv,TomekLinks,RUSBoostClassifier,0.161,,,,,,,,,,,,,,,,,,,
page-blocks.csv,TomekLinks,RUSBoostClassifier,0.213,,,,,,,,,,,,,,,,,,,
page_blocks.csv,TomekLinks,RUSBoostClassifier,0.26,,,,,,,,,,,,,,,,,,,
thyroid-ann.csv,EditedNearestNeighbours,RUSBoostClassifier,0.197,,,,,,,,,,,,,,,,,,,
thyroid-ann.csv,TomekLinks,RUSBoostClassifier,0.198,,,,,,,,,,,,,,,,,,,
thyroid-dis.csv,TomekLinks,RUSBoostClassifier,0.155,,,,,,,,,,,,,,,,,,,
wall-robot-navigation.csv,EditedNearestNeighbours,RUSBoostClassifier,0.528,,,,,,,,,,,,,,,,,,,
wall-robot-navigation.csv,TomekLinks,RUSBoostClassifier,0.479,,,,,,,,,,,,,,,,,,,
wine-quality-red.csv,EditedNearestNeighbours,RUSBoostClassifier,0.348,,,,,,,,,,,,,,,,,,,
wine-quality-red.csv,TomekLinks,RUSBoostClassifier,0.117,,,,,,,,,,,,,,,,,,,
wine_quality_red.csv,EditedNearestNeighbours,RUSBoostClassifier,0.352,,,,,,,,,,,,,,,,,,,
wine_quality_red.csv,TomekLinks,RUSBoostClassifier,0.135,,,,,,,,,,,,,,,,,,,
wine_quality_white.csv,EditedNearestNeighbours,RUSBoostClassifier,0.404,,,,,,,,,,,,,,,,,,,
wine_quality_white.csv,TomekLinks,RUSBoostClassifier,0.166,,,,,,,,,,,,,,,,,,,
yeast.csv,EditedNearestNeighbours,RUSBoostClassifier,0.597,,,,,,,,,,,,,,,,,,,
Diabetes130US_seed_2_nrows_2000_nclasses_10_ncols_100_stratify_True_clean.csv,EditedNearestNeighbours,RUSBoostClassifier,0.683,,,,,,,,,,,,,,,,,,,
HCV_data_clean.csv,EditedNearestNeighbours,RUSBoostClassifier,0.295,,,,,,,,,,,,,,,,,,,
Midwest_survey_clean_subset.csv,EditedNearestNeighbours,RUSBoostClassifier,0.604,,,,,,,,,,,,,,,,,,,
Midwest_survey_clean_subset.csv,TomekLinks,RUSBoostClassifier,0.476,,,,,,,,,,,,,,,,,,,
QSAR_Bioconcentration_classification.csv,EditedNearestNeighbours,RUSBoostClassifier,0.405,,,,,,,,,,,,,,,,,,,
QSAR_Bioconcentration_classification.csv,TomekLinks,RUSBoostClassifier,0.371,,,,,,,,,,,,,,,,,,,
Success-Rates-2_clean_subset.csv,EditedNearestNeighbours,RUSBoostClassifier,0.856,,,,,,,,,,,,,,,,,,,
Success-Rates-2_clean_subset.csv,TomekLinks,RUSBoostClassifier,0.778,,,,,,,,,,,,,,,,,,,
TESTFORDESCRIPTION-anneal.csv,TomekLinks,RUSBoostClassifier,0.098,,,,,,,,,,,,,,,,,,,
analcatdata_halloffame_clean.csv,EditedNearestNeighbours,RUSBoostClassifier,0.104,,,,,,,,,,,,,,,,,,,
autoUniv-au7-500.csv,EditedNearestNeighbours,RUSBoostClassifier,0.286,,,,,,,,,,,,,,,,,,,
autoUniv-au7-500.csv,TomekLinks,RUSBoostClassifier,0.146,,,,,,,,,,,,,,,,,,,
balance-scale.csv,ADASYN,RandomForestClassifier,0.497,,,,,,,,,,,,,,,,,,,
balance-scale.csv,ADASYN,AdaBoostClassifier,0.141,,,,,,,,,,,,,,,,,,,
balance-scale.csv,ADASYN,BaggingClassifier,0.168,,,,,,,,,,,,,,,,,,,
balance-scale.csv,ADASYN,GradientBoostingClassifier,0.495,,,,,,,,,,,,,,,,,,,
balance-scale.csv,ADASYN,EasyEnsembleClassifier,1.504,,,,,,,,,,,,,,,,,,,
balance-scale.csv,ADASYN,RUSBoostClassifier,0.266,,,,,,,,,,,,,,,,,,,
balance-scale.csv,ADASYN,BalancedBaggingClassifier,0.212,,,,,,,,,,,,,,,,,,,
balance-scale.csv,ADASYN,BalancedRandomForestClassifier,0.647,,,,,,,,,,,,,,,,,,,
car_subset.csv,EditedNearestNeighbours,RUSBoostClassifier,0.291,,,,,,,,,,,,,,,,,,,
car_subset.csv,TomekLinks,RUSBoostClassifier,0.182,,,,,,,,,,,,,,,,,,,
eucalyptus_subset.csv,EditedNearestNeighbours,RUSBoostClassifier,0.128,,,,,,,,,,,,,,,,,,,
jungle_chess_2pcs_endgame_panther_elephant_subset.csv,EditedNearestNeighbours,RUSBoostClassifier,0.098,,,,,,,,,,,,,,,,,,,
jungle_chess_2pcs_endgame_panther_elephant_subset.csv,TomekLinks,RUSBoostClassifier,0.091,,,,,,,,,,,,,,,,,,,
jungle_chess_2pcs_raw_endgame_complete_seed_0_nrows_2000_nclasses_10_ncols_100_stratify_True_subset.csv,TomekLinks,RUSBoostClassifier,0.126,,,,,,,,,,,,,,,,,,,
mabbob_ela_as_2d_classify.csv,EditedNearestNeighbours,RUSBoostClassifier,0.369,,,,,,,,,,,,,,,,,,,
mabbob_ela_as_2d_classify.csv,TomekLinks,RUSBoostClassifier,0.42,,,,,,,,,,,,,,,,,,,
mabbob_ela_as_5d_classify.csv,EditedNearestNeighbours,RUSBoostClassifier,0.099,,,,,,,,,,,,,,,,,,,
mabbob_ela_as_5d_classify.csv,TomekLinks,RUSBoostClassifier,0.079,,,,,,,,,,,,,,,,,,,
okcupid-stem_seed_3_nrows_2000_nclasses_10_ncols_100_stratify_True_clean_subset.csv,EditedNearestNeighbours,RUSBoostClassifier,0.45,,,,,,,,,,,,,,,,,,,
okcupid-stem_seed_3_nrows_2000_nclasses_10_ncols_100_stratify_True_clean_subset.csv,TomekLinks,RUSBoostClassifier,0.414,,,,,,,,,,,,,,,,,,,
product_sentiment_machine_hack_subset.csv,EditedNearestNeighbours,RUSBoostClassifier,0.798,,,,,,,,,,,,,,,,,,,
soybean_clean.csv,EditedNearestNeighbours,RUSBoostClassifier,0.168,,,,,,,,,,,,,,,,,,,
steel-plates-fault_subset.csv,TomekLinks,RUSBoostClassifier,0.121,,,,,,,,,,,,,,,,,,,
website_phishing.csv,EditedNearestNeighbours,RUSBoostClassifier,0.139,,,,,,,,,,,,,,,,,,,
website_phishing.csv,TomekLinks,RUSBoostClassifier,0.115,,,,,,,,,,,,,,,,,,,
total_score.csv,EditedNearestNeighbours,RUSBoostClassifier,0.276,,,,,,,,,,,,,,,,,,,
total_score.csv,TomekLinks,RUSBoostClassifier,0.134,,,,,,,,,,,,,,,,,,,
balance.csv,ADASYN,RandomForestClassifier,0.465,,,,,,,,,,,,,,,,,,,
balance.csv,ADASYN,AdaBoostClassifier,0.171,,,,,,,,,,,,,,,,,,,
balance.csv,ADASYN,BaggingClassifier,0.21,,,,,,,,,,,,,,,,,,,
balance.csv,ADASYN,GradientBoostingClassifier,0.518,,,,,,,,,,,,,,,,,,,
balance.csv,ADASYN,EasyEnsembleClassifier,1.617,,,,,,,,,,,,,,,,,,,
balance.csv,ADASYN,RUSBoostClassifier,0.266,,,,,,,,,,,,,,,,,,,
balance.csv,ADASYN,BalancedBaggingClassifier,0.214,,,,,,,,,,,,,,,,,,,
balance.csv,ADASYN,BalancedRandomForestClassifier,0.613,,,,,,,,,,,,,,,,,,,
contraceptive.csv,EditedNearestNeighbours,RUSBoostClassifier,0.143,,,,,,,,,,,,,,,,,,,
contraceptive.csv,TomekLinks,RUSBoostClassifier,0.111,,,,,,,,,,,,,,,,,,,
dermatology.csv,ADASYN,RandomForestClassifier,0.665,,,,,,,,,,,,,,,,,,,
dermatology.csv,ADASYN,AdaBoostClassifier,0.313,,,,,,,,,,,,,,,,,,,
dermatology.csv,ADASYN,BaggingClassifier,0.277,,,,,,,,,,,,,,,,,,,
dermatology.csv,ADASYN,GradientBoostingClassifier,3.355,,,,,,,,,,,,,,,,,,,
dermatology.csv,ADASYN,EasyEnsembleClassifier,2.873,,,,,,,,,,,,,,,,,,,
dermatology.csv,ADASYN,RUSBoostClassifier,0.392,,,,,,,,,,,,,,,,,,,
dermatology.csv,ADASYN,BalancedBaggingClassifier,0.361,,,,,,,,,,,,,,,,,,,
dermatology.csv,ADASYN,BalancedRandomForestClassifier,0.868,,,,,,,,,,,,,,,,,,,
ecoli.csv,TomekLinks,RUSBoostClassifier,0.119,,,,,,,,,,,,,,,,,,,
pageblocks.csv,TomekLinks,RUSBoostClassifier,0.111,,,,,,,,,,,,,,,,,,,
baseball_clean.csv,EditedNearestNeighbours,RUSBoostClassifier,0.114,,,,,,,,,,,,,,,,,,,
mental_health_detection.csv,EditedNearestNeighbours,RUSBoostClassifier,0.577,,,,,,,,,,,,,,,,,,,
mental_health_detection.csv,EditedNearestNeighbours,BalancedBaggingClassifier,0.632,,,,,,,,,,,,,,,,,,,
mental_health_detection.csv,TomekLinks,RUSBoostClassifier,0.146,,,,,,,,,,,,,,,,,,,
Apple_Stock_Price_Trends.csv,EditedNearestNeighbours,RUSBoostClassifier,0.171,,,,,,,,,,,,,,,,,,,
Apple_Stock_Price_Trends.csv,TomekLinks,RUSBoostClassifier,0.093,,,,,,,,,,,,,,,,,,,
CPMP-2015-classification.csv,EditedNearestNeighbours,RUSBoostClassifier,0.22,,,,,,,,,,,,,,,,,,,
CPMP-2015-classification.csv,TomekLinks,RUSBoostClassifier,0.179,,,,,,,,,,,,,,,,,,,
Estimation_of_Obesity_Levels.csv,EditedNearestNeighbours,RUSBoostClassifier,0.162,,,,,,,,,,,,,,,,,,,
GesturePhaseSegmentationProcessed.csv,TomekLinks,RUSBoostClassifier,0.675,,,,,,,,,,,,,,,,,,,
JapaneseVowels.csv,EditedNearestNeighbours,RUSBoostClassifier,0.564,,,,,,,,,,,,,,,,,,,
Multiclass_Classification_for_Corporate_Credit_Ratings.csv,EditedNearestNeighbours,RUSBoostClassifier,0.755,,,,,,,,,,,,,,,,,,,
Multiclass_Classification_for_Corporate_Credit_Ratings.csv,TomekLinks,RUSBoostClassifier,0.321,,,,,,,,,,,,,,,,,,,
Student_Performance_on_an_Entrance_Examination.csv,EditedNearestNeighbours,RUSBoostClassifier,0.234,,,,,,,,,,,,,,,,,,,
Student_Performance_on_an_Entrance_Examination.csv,TomekLinks,RUSBoostClassifier,0.055,,,,,,,,,,,,,,,,,,,
abalone.csv,EditedNearestNeighbours,RUSBoostClassifier,0.177,,,,,,,,,,,,,,,,,,,
autoUniv-au6-1000.csv,EditedNearestNeighbours,RUSBoostClassifier,0.124,,,,,,,,,,,,,,,,,,,
autoUniv-au6-1000.csv,TomekLinks,RUSBoostClassifier,0.115,,,,,,,,,,,,,,,,,,,
cmc.csv,EditedNearestNeighbours,RUSBoostClassifier,0.232,,,,,,,,,,,,,,,,,,,
cmc.csv,TomekLinks,RUSBoostClassifier,0.148,,,,,,,,,,,,,,,,,,,
eucalyptus.csv,EditedNearestNeighbours,RUSBoostClassifier,0.265,,,,,,,,,,,,,,,,,,,
eucalyptus.csv,TomekLinks,RUSBoostClassifier,0.191,,,,,,,,,,,,,,,,,,,
hepatitis_c_virus_hcv_for_egyptian_patients.csv,EditedNearestNeighbours,RUSBoostClassifier,0.154,,,,,,,,,,,,,,,,,,,
hepatitis_c_virus_hcv_for_egyptian_patients.csv,TomekLinks,RUSBoostClassifier,0.063,,,,,,,,,,,,,,,,,,,
jungle_chess_2pcs_endgame_lion_elephant.csv,EditedNearestNeighbours,RUSBoostClassifier,0.36,,,,,,,,,,,,,,,,,,,
jungle_chess_2pcs_endgame_lion_elephant.csv,TomekLinks,RUSBoostClassifier,0.337,,,,,,,,,,,,,,,,,,,
maternal_health_risk.csv,EditedNearestNeighbours,RUSBoostClassifier,0.213,,,,,,,,,,,,,,,,,,,
mfeat-morphological.csv,EditedNearestNeighbours,RUSBoostClassifier,0.565,,,,,,,,,,,,,,,,,,,
students_dropout_and_academic_success.csv,EditedNearestNeighbours,RUSBoostClassifier,0.513,,,,,,,,,,,,,,,,,,,
vehicle.csv,EditedNearestNeighbours,RUSBoostClassifier,0.099,,,,,,,,,,,,,,,,,,,
vehicle.csv,TomekLinks,RUSBoostClassifier,0.061,,,,,,,,,,,,,,,,,,,
waveform.csv,EditedNearestNeighbours,RUSBoostClassifier,0.079,,,,,,,,,,,,,,,,,,,
waveform.csv,TomekLinks,RUSBoostClassifier,0.075,,,,,,,,,,,,,,,,,,,
